order_item_id,order_id,product_id,quantity,price_per_unit
1,1,297,3,241.93
2,2,86,1,709.09
3,3,315,1,175.03
4,4,543,1,65.32
5,5,744,1,264.79
6,6,456,1,403.71
7,7,636,1,261.3
8,8,26,1,2386.9
9,9,728,1,289.32
10,10,21,1,2548.24
11,11,752,1,526.27
12,12,59,1,4057.63
13,13,37,1,1084.45
14,14,674,1,270.13
15,15,222,5,55.73
16,16,372,1,160.64
17,17,378,4,224.45
18,18,289,2,162.63
19,19,322,1,46.21
20,20,486,1,22.67
21,21,495,1,106.76
22,22,459,2,764.61
23,23,168,1,4516.61
24,24,183,1,75.69
25,25,690,2,138.9
26,26,201,1,143.89
27,27,85,1,405.86
28,28,40,1,4844.16
29,29,587,1,49.39
30,30,605,1,255.63
31,31,379,3,342.01
32,32,556,1,55.68
34,34,265,1,153.78
35,35,635,2,138.08
37,37,505,1,76.84
38,38,559,1,57.73
39,39,607,1,121.04
40,40,393,1,687.59
41,41,35,1,1264.03
42,42,427,1,134.85
43,43,167,2,3435.27
44,44,704,1,344.86
46,46,59,1,4057.63
47,47,456,2,403.71
48,48,355,1,887.26
49,49,387,1,713.53
50,50,38,1,1340.7
51,51,478,1,153.79
52,52,471,4,149.5
53,53,222,1,55.73
54,54,570,1,131.96
55,55,174,2,593.54
56,56,572,2,139.15
57,57,260,1,222.35
58,58,169,3,966.85
59,59,456,2,403.71
60,60,673,3,30.45
61,61,170,3,3238.77
62,62,705,2,793.49
63,63,72,2,2748.72
64,64,655,2,153.82
65,65,559,1,57.73
66,66,420,1,410.11
67,67,571,2,160.51
68,68,53,3,239.54
69,69,112,1,2784.77
70,70,143,1,3554.71
71,71,573,2,46.31
72,72,441,1,249.15
73,73,677,1,233.28
74,74,576,2,32.88
75,75,117,1,2956.13
76,76,575,4,27.16
77,77,461,5,454.62
78,78,279,1,39.39
79,79,387,1,713.53
80,80,146,2,2765.29
81,81,412,1,506.6
82,82,698,1,7.94
83,83,671,1,170.05
84,84,433,4,204.49
85,85,431,2,670.83
86,86,492,1,157.87
87,87,553,2,156.88
88,88,182,1,789.51
89,89,305,1,103.09
90,90,89,1,1914.29
91,91,64,3,3403.99
92,92,510,1,180.29
93,93,19,2,4426.24
94,94,620,1,120.92
95,95,698,1,7.94
96,96,358,2,276.89
97,97,281,4,116.88
98,98,350,1,177.74
99,99,44,1,2107.73
100,100,684,1,416.47
101,101,568,3,138.43
102,102,552,1,86.71
103,103,92,1,3994.74
105,105,150,1,3819.1
106,106,114,2,1731.9
107,107,124,1,1143.91
108,108,453,1,727.29
109,109,38,1,1340.7
110,110,114,1,1731.9
111,111,578,2,222.33
112,112,44,1,2107.73
113,113,82,1,3071.0
114,114,371,1,870.18
115,115,637,3,228.07
116,116,93,1,2679.93
117,117,522,1,157.0
118,118,696,1,147.69
119,119,81,2,3344.53
120,120,714,2,560.86
121,121,174,1,593.54
122,122,124,3,1143.91
123,123,187,5,144.62
124,124,140,2,2582.68
125,125,143,4,3554.71
126,126,302,1,200.36
127,127,727,1,198.94
128,128,49,3,3523.62
129,129,618,2,174.37
130,130,105,1,545.57
131,131,138,1,1662.41
132,132,164,3,1509.78
133,133,212,4,172.12
134,134,325,2,234.0
136,136,447,2,402.73
137,137,545,2,183.48
138,138,575,4,27.16
139,139,320,1,66.66
140,140,676,5,257.69
141,141,654,1,202.93
142,142,390,5,344.12
143,143,318,3,115.05
144,144,41,1,2929.19
145,145,359,2,773.2
146,146,667,1,85.14
147,147,216,1,119.25
148,148,433,1,204.49
149,149,324,2,186.75
150,150,484,3,96.02
151,151,604,4,66.71
152,152,376,1,500.95
153,153,323,1,77.5
154,154,304,1,44.03
156,156,377,1,456.96
157,157,17,1,816.7
158,158,639,2,181.78
159,159,623,1,286.06
160,160,451,5,79.36
161,161,677,2,233.28
162,162,65,1,4813.41
163,163,4,1,3496.72
164,164,392,1,147.3
165,165,755,1,759.14
166,166,400,1,305.66
167,167,688,2,174.08
168,168,685,3,12.22
169,169,737,1,783.55
170,170,617,5,291.13
171,171,603,2,296.14
172,172,476,1,11.53
173,173,125,4,2155.56
174,174,434,1,410.25
175,175,150,5,3819.1
176,176,317,1,91.51
177,177,19,2,4426.24
178,178,621,1,231.82
179,179,662,1,109.41
180,180,356,2,536.57
181,181,320,1,66.66
182,182,292,1,216.47
183,183,560,4,130.36
184,184,555,1,42.12
185,185,757,1,187.1
186,186,685,1,12.22
187,187,576,1,32.88
188,188,706,2,148.71
189,189,144,2,4210.19
190,190,116,2,4755.36
191,191,318,4,115.05
192,192,114,4,1731.9
193,193,597,1,95.38
194,194,84,4,3195.54
195,195,35,2,1264.03
196,196,648,1,12.54
198,198,587,1,49.39
199,199,651,2,303.26
200,200,203,4,93.09
201,201,676,2,257.69
202,202,73,2,3280.42
203,203,135,1,3367.95
204,204,223,1,127.57
205,205,755,2,759.14
206,206,146,1,2765.29
207,207,1,2,714.89
208,208,396,2,655.1
209,209,583,2,243.95
210,210,432,2,493.35
211,211,652,1,341.76
212,212,150,2,3819.1
213,213,363,2,306.33
214,214,525,1,74.43
215,215,425,1,114.07
216,216,509,1,37.13
217,217,334,1,36.6
218,218,736,2,562.66
219,219,171,1,468.85
220,220,118,1,1495.3
221,221,144,3,4210.19
222,222,686,5,229.67
223,223,629,3,198.54
224,224,520,1,154.62
225,225,176,1,89.3
226,226,550,2,133.78
227,227,616,4,211.57
228,228,212,3,172.12
229,229,273,2,101.64
230,230,102,3,398.45
231,231,736,2,562.66
232,232,131,1,2983.31
233,233,441,1,249.15
234,234,211,2,154.9
235,235,388,5,77.65
236,236,102,2,398.45
237,237,152,1,4060.81
238,238,436,1,391.06
239,239,164,1,1509.78
240,240,254,1,66.21
241,241,578,1,222.33
242,242,99,2,1105.45
243,243,754,3,264.87
244,244,72,1,2748.72
245,245,653,1,162.88
246,246,37,1,1084.45
247,247,55,1,762.28
248,248,272,1,104.31
249,249,212,1,172.12
250,250,690,1,138.9
251,251,95,2,2284.39
252,252,492,2,157.87
253,253,107,1,2427.81
254,254,683,1,473.02
255,255,657,2,325.09
256,256,179,1,4122.79
257,257,665,4,348.02
258,258,25,1,446.54
259,259,337,2,684.03
260,260,109,3,3059.44
261,261,685,2,12.22
262,262,642,3,127.89
263,263,344,4,805.84
264,264,649,4,229.42
265,265,717,1,582.82
266,266,306,1,126.53
267,267,282,1,162.82
268,268,612,2,159.03
269,269,637,1,228.07
270,270,648,4,12.54
271,271,411,2,718.64
272,272,183,2,75.69
273,273,413,2,614.79
274,274,745,1,234.2
275,275,12,3,3846.19
276,276,308,1,166.64
277,277,498,1,124.5
278,278,734,4,86.88
279,279,424,2,274.72
280,280,81,1,3344.53
281,281,120,1,530.88
282,282,626,1,181.24
283,283,374,1,690.25
284,284,252,2,37.48
285,285,643,1,276.04
286,286,267,1,116.2
287,287,206,5,175.81
288,288,704,1,344.86
289,289,551,5,148.19
290,290,152,1,4060.81
291,291,330,2,191.25
292,292,750,1,70.48
293,293,380,1,618.79
294,294,603,1,296.14
295,295,53,2,239.54
296,296,323,1,77.5
297,297,754,1,264.87
298,298,64,1,3403.99
299,299,189,1,246.97
300,300,446,1,768.65
301,301,129,1,3943.37
302,302,104,3,1865.43
303,303,373,1,581.2
304,304,585,3,185.33
305,305,467,3,752.72
306,306,635,1,138.08
307,307,579,2,271.64
308,308,614,2,337.25
309,309,289,5,162.63
310,310,38,2,1340.7
311,311,167,2,3435.27
312,312,39,3,4977.19
313,313,555,1,42.12
314,314,668,1,217.24
315,315,489,1,179.55
316,316,371,3,870.18
317,317,656,1,217.94
318,318,236,1,95.55
319,319,145,2,2554.17
320,320,197,2,166.43
321,321,288,3,237.54
322,322,591,1,108.18
323,323,316,5,182.63
324,324,602,3,169.46
325,325,4,2,3496.72
326,326,263,1,114.41
327,327,493,1,21.86
328,328,628,5,49.89
329,329,432,2,493.35
330,330,119,2,246.66
331,331,397,5,249.33
332,332,417,1,586.68
333,333,754,3,264.87
334,334,185,1,37.55
335,335,231,1,101.74
336,336,8,2,3869.87
337,337,302,1,200.36
338,338,425,1,114.07
339,339,182,1,789.51
340,340,203,3,93.09
341,341,43,2,617.03
342,342,218,1,119.33
343,343,21,1,2548.24
344,344,381,1,433.63
345,345,588,1,225.54
346,346,422,2,111.41
347,347,591,1,108.18
348,348,644,2,233.5
349,349,230,1,67.94
350,350,137,1,474.38
351,351,62,1,2312.3
352,352,86,5,709.09
353,353,143,3,3554.71
354,354,712,3,571.29
355,355,542,1,173.49
356,356,500,1,83.92
357,357,48,3,4406.69
358,358,568,2,138.43
359,359,8,1,3869.87
360,360,640,1,206.05
361,361,1,1,714.89
362,362,248,1,101.44
363,363,595,2,317.77
364,364,340,2,403.23
365,365,534,1,95.47
366,366,683,4,473.02
367,367,517,3,184.21
368,368,183,1,75.69
369,369,90,1,4768.07
370,370,294,3,20.24
371,371,718,3,186.44
372,372,653,5,162.88
373,373,638,2,105.78
374,374,301,2,141.06
375,375,230,1,67.94
376,376,668,3,217.24
377,377,57,1,1262.65
378,378,336,1,414.92
379,379,586,1,128.29
380,380,417,3,586.68
381,381,226,1,119.73
382,382,525,1,74.43
383,383,207,1,51.89
384,384,113,1,1123.54
385,385,460,1,675.57
386,386,54,1,3534.21
387,387,78,1,2010.26
388,388,98,1,1012.81
389,389,232,1,23.94
390,390,181,1,2279.14
391,391,394,1,466.06
392,392,532,1,84.1
393,393,170,1,3238.77
394,394,159,3,4519.04
395,395,555,1,42.12
396,396,382,2,304.82
397,397,491,1,62.03
398,398,746,1,341.49
399,399,47,1,4980.55
400,400,550,1,133.78
401,401,585,1,185.33
402,402,367,1,652.94
403,403,31,1,2437.35
404,404,570,1,131.96
405,405,494,1,53.12
406,406,560,2,130.36
407,407,461,2,454.62
408,408,462,1,127.45
409,409,470,1,155.8
410,410,572,3,139.15
411,411,348,1,208.18
412,412,235,3,99.15
413,413,165,2,4996.87
414,414,338,3,710.75
415,415,200,1,31.36
416,416,582,2,265.86
417,417,299,3,221.54
418,418,637,1,228.07
419,419,94,1,2154.48
420,420,37,4,1084.45
421,421,52,2,1334.63
422,422,383,1,626.13
423,423,74,1,4799.95
424,424,201,1,143.89
425,425,113,1,1123.54
426,426,327,2,232.68
427,427,120,1,530.88
428,428,340,1,403.23
429,429,253,4,11.97
430,430,154,2,2061.68
431,431,280,1,123.83
432,432,728,1,289.32
433,433,243,1,114.61
434,434,737,2,783.55
435,435,549,1,170.94
436,436,515,1,179.25
437,437,184,2,95.76
438,438,732,1,435.82
439,439,404,1,359.7
440,440,418,1,304.57
441,441,184,1,95.76
442,442,486,1,22.67
443,443,707,2,620.93
444,444,613,2,10.14
445,445,91,1,2451.37
446,446,638,1,105.78
447,447,444,1,601.08
448,448,495,2,106.76
449,449,399,1,451.25
450,450,685,1,12.22
451,451,655,1,153.82
452,452,391,1,229.33
453,453,360,2,505.98
454,454,710,1,644.85
455,455,661,1,52.91
456,456,326,1,219.08
457,457,136,1,4582.03
458,458,420,1,410.11
459,459,363,3,306.33
460,460,394,2,466.06
461,461,641,1,57.17
462,462,727,5,198.94
463,463,165,2,4996.87
464,464,23,1,4594.09
465,465,84,1,3195.54
466,466,23,1,4594.09
467,467,608,1,170.74
468,468,371,1,870.18
469,469,585,1,185.33
470,470,288,3,237.54
471,471,509,1,37.13
472,472,426,1,351.49
473,473,755,1,759.14
474,474,196,2,79.36
475,475,370,1,751.68
476,476,79,1,4429.61
477,477,424,2,274.72
478,478,148,2,1350.51
479,479,363,1,306.33
480,480,46,2,1594.55
481,481,741,1,652.35
482,482,697,2,603.63
483,483,18,3,2350.88
484,484,526,1,161.46
485,485,637,2,228.07
486,486,215,4,129.05
487,487,362,1,546.59
488,488,633,1,39.45
489,489,351,1,691.78
490,490,227,3,130.7
491,491,383,3,626.13
492,492,12,1,3846.19
493,493,385,1,23.93
494,494,729,2,493.75
495,495,229,1,204.24
496,496,665,1,348.02
497,497,538,2,82.44
498,498,693,3,120.16
499,499,670,3,259.97
500,500,133,1,2998.21
501,501,412,3,506.6
502,502,303,2,129.01
503,503,449,3,340.93
504,504,348,1,208.18
505,505,55,2,762.28
506,506,550,1,133.78
507,507,387,1,713.53
508,508,213,1,21.25
509,509,239,1,157.55
510,510,106,1,3674.29
511,511,268,1,237.38
512,512,63,1,2004.35
513,513,459,1,764.61
514,514,502,2,93.61
515,515,374,1,690.25
516,516,623,2,286.06
517,517,359,3,773.2
518,518,40,2,4844.16
519,519,563,1,69.5
520,520,710,1,644.85
521,521,636,1,261.3
522,522,47,3,4980.55
523,523,549,1,170.94
524,524,322,1,46.21
525,525,651,1,303.26
526,526,308,1,166.64
527,527,7,1,3100.22
528,528,305,3,103.09
529,529,505,1,76.84
530,530,356,5,536.57
531,531,753,1,503.79
532,532,294,1,20.24
533,533,555,2,42.12
534,534,74,1,4799.95
535,535,65,5,4813.41
536,536,243,2,114.61
537,537,600,5,334.45
538,538,687,1,531.25
539,539,272,1,104.31
540,540,713,1,527.9
541,541,47,1,4980.55
542,542,108,2,4157.03
543,543,340,2,403.23
544,544,313,1,228.72
545,545,80,1,2333.45
546,546,463,1,688.82
547,547,141,3,2601.82
548,548,612,1,159.03
549,549,588,3,225.54
550,550,139,2,2285.02
551,551,261,1,69.29
552,552,68,2,3602.75
553,553,417,1,586.68
554,554,310,1,54.16
555,555,520,3,154.62
556,556,668,2,217.24
557,557,41,1,2929.19
558,558,330,1,191.25
559,559,349,1,387.46
560,560,21,1,2548.24
561,561,53,3,239.54
562,562,238,1,130.85
563,563,173,1,1299.7
564,564,523,1,51.16
565,565,474,1,170.43
566,566,709,3,493.91
567,567,20,1,36.15
568,568,296,2,249.01
569,569,423,3,532.42
570,570,379,1,342.01
571,571,590,1,193.35
572,572,599,2,7.34
573,573,500,3,83.92
574,574,316,1,182.63
575,575,407,1,279.51
576,576,61,1,558.31
577,577,115,1,1546.97
578,578,384,2,259.52
579,579,16,2,708.88
580,580,160,3,744.93
581,581,495,1,106.76
582,582,749,1,25.31
583,583,283,1,209.19
584,584,305,1,103.09
585,585,565,1,57.29
586,586,96,2,2119.38
587,587,184,1,95.76
588,588,292,1,216.47
589,589,155,1,1706.02
590,590,609,5,216.06
591,591,617,3,291.13
592,592,513,5,29.13
593,593,438,1,519.72
594,594,753,1,503.79
595,595,367,3,652.94
596,596,562,1,117.53
597,597,42,1,418.95
598,598,99,1,1105.45
599,599,464,4,45.44
600,600,164,1,1509.78
601,601,451,1,79.36
602,602,410,2,325.95
603,603,702,1,211.43
604,604,169,1,966.85
605,605,120,3,530.88
606,606,112,1,2784.77
607,607,15,1,3740.12
609,609,273,5,101.64
610,610,590,1,193.35
611,611,295,1,46.64
612,612,655,2,153.82
613,613,746,3,341.49
614,614,65,3,4813.41
615,615,118,2,1495.3
616,616,213,2,21.25
617,617,168,1,4516.61
618,618,559,4,57.73
619,619,604,3,66.71
620,620,301,1,141.06
621,621,9,1,2277.97
622,622,297,2,241.93
624,624,22,1,1010.57
625,625,114,2,1731.9
626,626,119,1,246.66
627,627,753,3,503.79
628,628,389,2,574.36
629,629,636,2,261.3
630,630,294,1,20.24
631,631,339,1,747.6
632,632,734,1,86.88
633,633,526,1,161.46
634,634,196,1,79.36
635,635,447,1,402.73
636,636,219,1,113.42
637,637,460,2,675.57
638,638,238,1,130.85
639,639,660,1,238.33
640,640,366,1,329.73
641,641,750,2,70.48
642,642,152,1,4060.81
643,643,699,1,41.44
644,644,328,1,130.01
645,645,397,1,249.33
646,646,659,1,51.18
647,647,719,1,329.85
648,648,386,1,511.91
649,649,556,1,55.68
650,650,181,1,2279.14
651,651,697,2,603.63
652,652,488,1,77.69
653,653,64,1,3403.99
654,654,445,1,198.54
655,655,452,2,889.45
656,656,446,1,768.65
657,657,405,3,616.71
658,658,312,1,143.72
659,659,633,2,39.45
660,660,119,1,246.66
661,661,730,1,257.12
662,662,170,1,3238.77
663,663,165,2,4996.87
664,664,622,1,153.74
665,665,328,3,130.01
666,666,346,2,409.19
667,667,333,1,182.93
668,668,248,2,101.44
669,669,746,1,341.49
670,670,74,1,4799.95
672,672,304,2,44.03
673,673,614,1,337.25
674,674,152,1,4060.81
675,675,184,1,95.76
676,676,477,2,174.42
677,677,111,1,1395.81
678,678,201,1,143.89
679,679,589,1,230.12
680,680,44,4,2107.73
681,681,19,1,4426.24
682,682,155,2,1706.02
683,683,394,3,466.06
684,684,180,2,1535.73
685,685,589,2,230.12
686,686,661,2,52.91
687,687,310,1,54.16
688,688,33,1,2067.28
689,689,339,1,747.6
690,690,506,1,188.42
691,691,438,1,519.72
692,692,219,1,113.42
693,693,600,2,334.45
694,694,484,1,96.02
695,695,503,2,152.47
696,696,152,1,4060.81
697,697,396,2,655.1
698,698,341,1,59.51
699,699,336,1,414.92
700,700,301,3,141.06
701,701,730,2,257.12
702,702,299,2,221.54
703,703,416,1,652.56
704,704,432,1,493.35
705,705,264,1,231.67
706,706,3,2,2733.8
707,707,102,3,398.45
708,708,716,4,471.75
709,709,15,2,3740.12
710,710,90,1,4768.07
711,711,377,3,456.96
712,712,476,1,11.53
713,713,123,2,444.19
714,714,268,1,237.38
715,715,6,5,3654.05
716,716,557,3,10.64
717,717,552,1,86.71
718,718,250,1,41.58
719,719,241,1,65.47
720,720,28,2,3364.99
721,721,300,4,146.0
722,722,17,4,816.7
723,723,518,1,37.43
724,724,61,1,558.31
725,725,173,1,1299.7
726,726,257,1,66.34
727,727,533,1,123.06
728,728,41,1,2929.19
729,729,605,1,255.63
730,730,164,3,1509.78
731,731,618,1,174.37
732,732,280,3,123.83
733,733,590,3,193.35
734,734,631,1,22.35
735,735,643,2,276.04
736,736,102,1,398.45
737,737,224,1,163.59
738,738,744,2,264.79
740,740,3,3,2733.8
741,741,180,1,1535.73
742,742,202,1,189.56
743,743,700,1,474.11
744,744,150,1,3819.1
745,745,503,2,152.47
746,746,476,2,11.53
747,747,446,2,768.65
748,748,309,5,49.25
749,749,724,1,14.7
750,750,709,1,493.91
751,751,302,1,200.36
752,752,746,1,341.49
753,753,338,1,710.75
754,754,432,1,493.35
755,755,473,5,15.25
756,756,341,1,59.51
757,757,655,1,153.82
758,758,514,1,31.2
759,759,4,1,3496.72
760,760,737,1,783.55
761,761,595,1,317.77
762,762,458,1,230.86
763,763,732,1,435.82
764,764,462,1,127.45
765,765,501,1,11.4
766,766,459,1,764.61
767,767,329,1,164.88
768,768,489,1,179.55
769,769,160,2,744.93
770,770,152,1,4060.81
771,771,154,1,2061.68
772,772,78,2,2010.26
773,773,493,2,21.86
774,774,141,1,2601.82
775,775,3,2,2733.8
776,776,646,1,316.95
777,777,670,1,259.97
778,778,140,5,2582.68
779,779,538,2,82.44
780,780,506,1,188.42
781,781,714,2,560.86
782,782,439,2,893.3
783,783,4,1,3496.72
785,785,552,3,86.71
786,786,278,1,65.28
787,787,436,1,391.06
788,788,530,1,40.14
789,789,199,1,83.62
790,790,491,1,62.03
791,791,159,1,4519.04
792,792,67,1,1288.51
793,793,275,1,225.47
794,794,190,1,94.68
795,795,261,2,69.29
796,796,230,2,67.94
797,797,127,1,393.81
798,798,531,2,22.73
799,799,302,3,200.36
800,800,14,2,4425.71
801,801,490,2,91.21
802,802,406,3,719.93
803,803,242,1,241.66
804,804,332,3,9.64
805,805,332,1,9.64
806,806,259,1,52.1
807,807,511,2,184.51
808,808,254,1,66.21
809,809,9,1,2277.97
810,810,604,2,66.71
811,811,553,1,156.88
812,812,565,1,57.29
813,813,517,2,184.21
814,814,268,1,237.38
815,815,695,1,20.12
816,816,34,2,564.15
817,817,28,1,3364.99
818,818,309,1,49.25
819,819,315,1,175.03
820,820,154,1,2061.68
821,821,712,4,571.29
822,822,381,1,433.63
823,823,274,1,156.06
824,824,337,3,684.03
825,825,396,1,655.1
826,826,8,4,3869.87
827,827,146,2,2765.29
828,828,628,1,49.89
829,829,353,1,218.55
830,830,479,1,148.09
831,831,601,2,43.38
832,832,526,1,161.46
833,833,145,1,2554.17
834,834,468,2,763.35
835,835,294,5,20.24
836,836,114,2,1731.9
839,839,472,1,101.9
840,840,119,2,246.66
841,841,248,1,101.44
842,842,370,1,751.68
843,843,369,1,525.43
844,844,593,2,176.21
845,845,427,1,134.85
846,846,79,1,4429.61
847,847,141,3,2601.82
848,848,100,1,3744.66
849,849,75,2,3103.91
850,850,14,4,4425.71
851,851,132,1,1534.36
852,852,75,1,3103.91
853,853,353,3,218.55
854,854,691,5,21.76
856,856,691,1,21.76
857,857,424,2,274.72
858,858,36,1,4845.59
859,859,596,3,29.96
860,860,530,2,40.14
861,861,348,2,208.18
862,862,634,1,86.2
863,863,182,1,789.51
864,864,236,3,95.55
865,865,517,1,184.21
866,866,322,2,46.21
867,867,351,1,691.78
868,868,341,2,59.51
869,869,523,2,51.16
870,870,54,1,3534.21
872,872,588,4,225.54
873,873,261,3,69.29
874,874,167,1,3435.27
875,875,304,2,44.03
876,876,679,2,128.13
877,877,89,1,1914.29
878,878,354,1,736.04
879,879,375,2,415.84
880,880,388,2,77.65
881,881,369,2,525.43
882,882,400,1,305.66
883,883,531,1,22.73
884,884,136,2,4582.03
885,885,65,1,4813.41
886,886,539,1,172.0
887,887,95,1,2284.39
888,888,14,1,4425.71
889,889,378,1,224.45
890,890,352,1,39.87
891,891,54,1,3534.21
892,892,189,2,246.97
893,893,452,1,889.45
894,894,78,1,2010.26
895,895,291,2,46.25
896,896,615,1,121.93
897,897,616,1,211.57
898,898,18,1,2350.88
899,899,159,3,4519.04
900,900,558,1,113.56
901,901,594,1,59.48
902,902,363,1,306.33
903,903,570,1,131.96
904,904,129,1,3943.37
905,905,189,1,246.97
906,906,145,1,2554.17
907,907,699,1,41.44
908,908,235,1,99.15
909,909,346,1,409.19
910,910,462,1,127.45
911,911,491,1,62.03
912,912,327,2,232.68
913,913,154,1,2061.68
914,914,294,1,20.24
915,915,444,2,601.08
916,916,540,1,187.1
917,917,566,2,65.14
918,918,266,1,167.93
919,919,546,3,167.82
920,920,11,2,1239.15
921,921,487,1,127.54
922,922,523,2,51.16
923,923,390,1,344.12
924,924,380,3,618.79
925,925,12,1,3846.19
926,926,720,1,414.03
927,927,657,1,325.09
928,928,212,2,172.12
929,929,595,5,317.77
930,930,634,1,86.2
931,931,349,1,387.46
932,932,173,4,1299.7
933,933,48,1,4406.69
934,934,159,1,4519.04
935,935,245,1,124.29
936,936,421,3,729.76
937,937,378,1,224.45
938,938,624,1,342.9
939,939,590,2,193.35
940,940,137,1,474.38
941,941,588,1,225.54
942,942,189,1,246.97
943,943,120,1,530.88
944,944,209,1,86.49
945,945,625,4,105.77
946,946,651,1,303.26
947,947,212,2,172.12
948,948,573,2,46.31
949,949,173,1,1299.7
950,950,242,5,241.66
951,951,59,1,4057.63
952,952,568,2,138.43
953,953,682,1,291.05
954,954,459,1,764.61
955,955,494,1,53.12
956,956,305,2,103.09
957,957,18,1,2350.88
958,958,700,1,474.11
959,959,498,3,124.5
960,960,443,2,527.93
961,961,36,3,4845.59
962,962,19,1,4426.24
963,963,495,4,106.76
965,965,666,4,37.97
966,966,513,1,29.13
967,967,426,1,351.49
968,968,352,1,39.87
969,969,463,1,688.82
970,970,266,1,167.93
971,971,746,3,341.49
972,972,492,1,157.87
973,973,77,1,2287.96
974,974,315,1,175.03
976,976,249,2,180.95
977,977,749,1,25.31
978,978,600,2,334.45
979,979,472,3,101.9
980,980,575,1,27.16
981,981,179,4,4122.79
982,982,607,1,121.04
983,983,722,2,690.57
984,984,551,1,148.19
985,985,665,2,348.02
986,986,1,2,714.89
987,987,341,1,59.51
988,988,187,5,144.62
989,989,752,2,526.27
990,990,118,1,1495.3
991,991,82,1,3071.0
992,992,587,2,49.39
993,993,183,3,75.69
994,994,355,2,887.26
995,995,632,1,54.65
996,996,59,1,4057.63
997,997,440,2,747.34
998,998,68,1,3602.75
999,999,201,2,143.89
1000,1000,280,1,123.83
1001,1001,577,5,345.37
1002,1002,338,1,710.75
1003,1003,48,1,4406.69
1004,1004,397,2,249.33
1005,1005,334,1,36.6
1006,1006,454,1,612.64
1007,1007,577,1,345.37
1008,1008,421,1,729.76
1009,1009,330,1,191.25
1010,1010,329,2,164.88
1011,1011,548,3,79.31
1012,1012,440,1,747.34
1013,1013,231,1,101.74
1014,1014,543,2,65.32
1015,1015,253,1,11.97
1016,1016,692,1,487.97
1017,1017,360,1,505.98
1018,1018,617,3,291.13
1019,1019,597,1,95.38
1020,1020,420,1,410.11
1021,1021,381,1,433.63
1022,1022,179,1,4122.79
1023,1023,207,4,51.89
1024,1024,576,2,32.88
1025,1025,336,1,414.92
1026,1026,369,1,525.43
1027,1027,303,2,129.01
1028,1028,261,1,69.29
1029,1029,452,1,889.45
1030,1030,692,3,487.97
1031,1031,726,2,758.05
1032,1032,619,1,45.77
1033,1033,422,1,111.41
1034,1034,23,1,4594.09
1035,1035,575,1,27.16
1036,1036,40,1,4844.16
1037,1037,148,2,1350.51
1038,1038,706,1,148.71
1039,1039,704,1,344.86
1040,1040,568,1,138.43
1041,1041,555,1,42.12
1042,1042,616,2,211.57
1043,1043,339,5,747.6
1044,1044,262,4,217.51
1045,1045,392,1,147.3
1046,1046,362,1,546.59
1047,1047,340,3,403.23
1048,1048,407,2,279.51
1049,1049,189,2,246.97
1050,1050,50,1,3323.67
1051,1051,747,1,258.27
1052,1052,715,2,780.68
1053,1053,265,1,153.78
1054,1054,527,1,36.46
1055,1055,134,2,4810.31
1056,1056,223,1,127.57
1058,1058,12,3,3846.19
1059,1059,602,1,169.46
1060,1060,54,1,3534.21
1062,1062,26,1,2386.9
1063,1063,509,2,37.13
1064,1064,266,1,167.93
1065,1065,145,1,2554.17
1066,1066,676,1,257.69
1067,1067,153,1,4827.45
1068,1068,688,2,174.08
1069,1069,289,1,162.63
1070,1070,718,1,186.44
1071,1071,652,1,341.76
1072,1072,167,1,3435.27
1073,1073,203,3,93.09
1074,1074,345,1,130.52
1075,1075,112,4,2784.77
1076,1076,154,1,2061.68
1077,1077,396,2,655.1
1078,1078,670,3,259.97
1079,1079,455,2,322.55
1080,1080,381,1,433.63
1081,1081,718,1,186.44
1082,1082,324,2,186.75
1083,1083,344,1,805.84
1084,1084,213,2,21.25
1085,1085,721,1,453.58
1086,1086,672,1,213.88
1087,1087,268,1,237.38
1088,1088,117,2,2956.13
1089,1089,696,2,147.69
1090,1090,621,1,231.82
1091,1091,403,1,446.99
1092,1092,42,1,418.95
1093,1093,336,1,414.92
1094,1094,89,1,1914.29
1095,1095,530,1,40.14
1096,1096,17,3,816.7
1098,1098,509,1,37.13
1099,1099,490,1,91.21
1100,1100,677,5,233.28
1101,1101,542,1,173.49
1102,1102,740,1,452.77
1103,1103,404,1,359.7
1104,1104,22,1,1010.57
1105,1105,597,1,95.38
1106,1106,309,2,49.25
1107,1107,348,2,208.18
1108,1108,691,3,21.76
1109,1109,680,1,235.32
1110,1110,672,2,213.88
1111,1111,86,1,709.09
1112,1112,28,1,3364.99
1113,1113,433,2,204.49
1114,1114,3,2,2733.8
1115,1115,413,1,614.79
1116,1116,461,2,454.62
1117,1117,74,3,4799.95
1118,1118,174,2,593.54
1119,1119,337,5,684.03
1120,1120,420,3,410.11
1121,1121,587,1,49.39
1122,1122,321,2,108.01
1123,1123,422,2,111.41
1124,1124,465,3,379.72
1125,1125,80,1,2333.45
1126,1126,42,1,418.95
1127,1127,563,1,69.5
1128,1128,553,1,156.88
1129,1129,531,5,22.73
1130,1130,117,5,2956.13
1131,1131,332,1,9.64
1132,1132,313,1,228.72
1133,1133,724,1,14.7
1134,1134,508,1,111.49
1135,1135,645,1,168.29
1136,1136,382,1,304.82
1137,1137,84,1,3195.54
1138,1138,348,1,208.18
1139,1139,756,2,454.23
1140,1140,418,1,304.57
1141,1141,151,1,1209.24
1142,1142,496,1,186.76
1143,1143,413,1,614.79
1144,1144,393,3,687.59
1145,1145,476,2,11.53
1146,1146,452,1,889.45
1147,1147,186,3,152.5
1148,1148,213,1,21.25
1149,1149,449,2,340.93
1150,1150,637,1,228.07
1151,1151,358,1,276.89
1152,1152,719,1,329.85
1153,1153,107,1,2427.81
1154,1154,211,1,154.9
1155,1155,222,1,55.73
1156,1156,230,1,67.94
1157,1157,119,1,246.66
1159,1159,383,3,626.13
1160,1160,249,1,180.95
1161,1161,343,4,524.69
1162,1162,474,1,170.43
1163,1163,408,1,891.71
1164,1164,604,2,66.71
1165,1165,558,1,113.56
1166,1166,723,2,181.75
1167,1167,138,2,1662.41
1168,1168,393,1,687.59
1169,1169,75,1,3103.91
1170,1170,101,1,147.87
1171,1171,680,2,235.32
1172,1172,147,2,4322.84
1173,1173,323,4,77.5
1174,1174,209,1,86.49
1175,1175,372,1,160.64
1176,1176,417,1,586.68
1177,1177,642,1,127.89
1178,1178,372,4,160.64
1179,1179,123,2,444.19
1180,1180,30,2,1160.12
1181,1181,635,2,138.08
1182,1182,57,1,1262.65
1183,1183,748,2,691.2
1184,1184,53,2,239.54
1185,1185,606,1,25.9
1186,1186,609,1,216.06
1187,1187,427,1,134.85
1188,1188,640,1,206.05
1189,1189,158,1,510.24
1190,1190,204,4,34.18
1191,1191,518,1,37.43
1192,1192,645,1,168.29
1193,1193,517,1,184.21
1194,1194,52,1,1334.63
1195,1195,217,2,109.07
1196,1196,166,1,1493.43
1197,1197,55,2,762.28
1198,1198,580,1,48.76
1199,1199,493,1,21.86
1200,1200,683,1,473.02
1201,1201,274,2,156.06
1202,1202,300,1,146.0
1203,1203,128,3,3540.63
1204,1204,531,1,22.73
1205,1205,84,1,3195.54
1206,1206,716,2,471.75
1207,1207,463,2,688.82
1208,1208,21,2,2548.24
1209,1209,152,1,4060.81
1210,1210,498,3,124.5
1211,1211,579,1,271.64
1212,1212,695,1,20.12
1213,1213,612,2,159.03
1214,1214,319,1,233.78
1215,1215,592,1,148.9
1216,1216,63,1,2004.35
1217,1217,670,1,259.97
1218,1218,618,1,174.37
1219,1219,577,2,345.37
1220,1220,124,1,1143.91
1221,1221,695,3,20.12
1222,1222,689,1,476.72
1223,1223,401,1,774.95
1224,1224,241,1,65.47
1225,1225,59,2,4057.63
1226,1226,36,2,4845.59
1227,1227,407,1,279.51
1228,1228,584,1,61.78
1229,1229,727,1,198.94
1230,1230,80,1,2333.45
1231,1231,656,1,217.94
1232,1232,754,2,264.87
1233,1233,740,1,452.77
1234,1234,405,1,616.71
1235,1235,99,1,1105.45
1236,1236,83,1,4488.09
1237,1237,442,2,92.84
1238,1238,9,3,2277.97
1239,1239,224,3,163.59
1240,1240,305,3,103.09
1241,1241,344,1,805.84
1242,1242,192,1,132.19
1243,1243,170,1,3238.77
1244,1244,33,1,2067.28
1245,1245,201,2,143.89
1246,1246,698,4,7.94
1247,1247,89,3,1914.29
1248,1248,360,1,505.98
1249,1249,247,1,222.07
1250,1250,559,3,57.73
1251,1251,73,1,3280.42
1252,1252,48,1,4406.69
1253,1253,88,1,4526.09
1254,1254,151,1,1209.24
1255,1255,88,1,4526.09
1256,1256,348,1,208.18
1257,1257,497,2,20.54
1258,1258,619,1,45.77
1259,1259,176,1,89.3
1260,1260,62,1,2312.3
1261,1261,602,2,169.46
1262,1262,726,1,758.05
1263,1263,419,1,175.87
1264,1264,113,1,1123.54
1265,1265,413,1,614.79
1266,1266,507,1,126.51
1267,1267,547,2,92.5
1268,1268,279,2,39.39
1269,1269,40,2,4844.16
1270,1270,447,1,402.73
1271,1271,53,1,239.54
1272,1272,98,1,1012.81
1273,1273,230,1,67.94
1274,1274,216,1,119.25
1275,1275,137,1,474.38
1276,1276,236,1,95.55
1277,1277,490,1,91.21
1278,1278,569,1,141.29
1279,1279,623,2,286.06
1280,1280,642,1,127.89
1281,1281,261,3,69.29
1282,1282,498,1,124.5
1283,1283,600,1,334.45
1284,1284,37,4,1084.45
1285,1285,222,1,55.73
1286,1286,318,1,115.05
1287,1287,495,1,106.76
1288,1288,368,4,510.64
1289,1289,442,1,92.84
1290,1290,607,2,121.04
1291,1291,738,1,686.04
1292,1292,462,1,127.45
1293,1293,428,4,441.29
1294,1294,385,1,23.93
1295,1295,226,1,119.73
1296,1296,490,2,91.21
1297,1297,693,2,120.16
1298,1298,303,1,129.01
1299,1299,636,1,261.3
1300,1300,676,1,257.69
1301,1301,90,1,4768.07
1302,1302,524,3,140.52
1303,1303,562,1,117.53
1304,1304,338,1,710.75
1305,1305,392,1,147.3
1306,1306,106,4,3674.29
1307,1307,251,2,210.05
1308,1308,585,1,185.33
1309,1309,68,1,3602.75
1310,1310,365,1,362.99
1311,1311,222,5,55.73
1312,1312,750,5,70.48
1313,1313,506,1,188.42
1314,1314,314,5,67.65
1315,1315,172,2,2706.24
1316,1316,406,1,719.93
1317,1317,59,5,4057.63
1318,1318,508,1,111.49
1319,1319,444,4,601.08
1320,1320,581,2,5.61
1321,1321,210,2,190.56
1322,1322,326,2,219.08
1323,1323,554,1,30.09
1324,1324,395,2,708.14
1325,1325,354,1,736.04
1326,1326,219,2,113.42
1327,1327,462,3,127.45
1328,1328,540,2,187.1
1329,1329,429,2,642.02
1330,1330,336,2,414.92
1331,1331,668,1,217.24
1332,1332,166,1,1493.43
1333,1333,173,2,1299.7
1334,1334,448,2,795.1
1335,1335,536,1,54.67
1336,1336,31,3,2437.35
1337,1337,242,1,241.66
1338,1338,100,3,3744.66
1339,1339,612,3,159.03
1340,1340,380,1,618.79
1341,1341,752,3,526.27
1342,1342,356,2,536.57
1343,1343,210,1,190.56
1344,1344,633,2,39.45
1345,1345,484,3,96.02
1346,1346,625,1,105.77
1347,1347,475,1,50.23
1348,1348,218,2,119.33
1349,1349,619,3,45.77
1350,1350,507,3,126.51
1351,1351,757,3,187.1
1352,1352,478,2,153.79
1353,1353,115,1,1546.97
1354,1354,160,2,744.93
1355,1355,517,1,184.21
1356,1356,554,1,30.09
1357,1357,297,1,241.93
1358,1358,273,1,101.64
1359,1359,319,1,233.78
1360,1360,322,1,46.21
1361,1361,674,1,270.13
1362,1362,446,1,768.65
1363,1363,21,2,2548.24
1364,1364,597,1,95.38
1365,1365,132,2,1534.36
1366,1366,250,1,41.58
1367,1367,19,2,4426.24
1368,1368,200,1,31.36
1369,1369,659,2,51.18
1370,1370,109,3,3059.44
1371,1371,88,1,4526.09
1372,1372,494,2,53.12
1373,1373,549,1,170.94
1374,1374,704,1,344.86
1375,1375,156,2,4299.51
1376,1376,524,1,140.52
1377,1377,415,2,320.0
1378,1378,425,1,114.07
1379,1379,383,1,626.13
1380,1380,649,1,229.42
1381,1381,492,3,157.87
1382,1382,304,1,44.03
1383,1383,425,1,114.07
1384,1384,237,2,54.46
1385,1385,731,2,733.38
1386,1386,134,1,4810.31
1387,1387,208,1,136.37
1388,1388,304,1,44.03
1389,1389,420,2,410.11
1390,1390,306,1,126.53
1391,1391,115,2,1546.97
1392,1392,19,1,4426.24
1393,1393,423,1,532.42
1394,1394,310,4,54.16
1395,1395,679,3,128.13
1396,1396,632,1,54.65
1397,1397,543,1,65.32
1398,1398,715,1,780.68
1399,1399,58,2,3110.88
1400,1400,242,1,241.66
1401,1401,508,1,111.49
1402,1402,510,1,180.29
1403,1403,572,1,139.15
1404,1404,373,2,581.2
1405,1405,530,1,40.14
1406,1406,465,1,379.72
1407,1407,52,1,1334.63
1408,1408,205,2,203.34
1409,1409,136,4,4582.03
1410,1410,313,1,228.72
1411,1411,108,1,4157.03
1412,1412,232,1,23.94
1413,1413,64,1,3403.99
1414,1414,10,1,3515.06
1415,1415,362,1,546.59
1416,1416,216,1,119.25
1417,1417,432,1,493.35
1418,1418,442,2,92.84
1419,1419,562,1,117.53
1420,1420,262,1,217.51
1421,1421,173,4,1299.7
1422,1422,72,3,2748.72
1423,1423,488,1,77.69
1424,1424,545,3,183.48
1425,1425,305,4,103.09
1426,1426,732,1,435.82
1427,1427,116,1,4755.36
1428,1428,241,1,65.47
1429,1429,673,1,30.45
1430,1430,98,1,1012.81
1431,1431,216,1,119.25
1432,1432,573,1,46.31
1433,1433,629,2,198.54
1434,1434,529,2,125.91
1435,1435,196,1,79.36
1436,1436,520,2,154.62
1437,1437,167,3,3435.27
1438,1438,142,3,2755.1
1439,1439,389,2,574.36
1440,1440,208,4,136.37
1441,1441,607,4,121.04
1442,1442,661,1,52.91
1443,1443,83,1,4488.09
1444,1444,548,1,79.31
1445,1445,421,3,729.76
1446,1446,299,1,221.54
1447,1447,536,1,54.67
1448,1448,105,1,545.57
1449,1449,589,1,230.12
1450,1450,345,2,130.52
1451,1451,37,1,1084.45
1452,1452,322,1,46.21
1453,1453,74,4,4799.95
1454,1454,279,1,39.39
1455,1455,678,2,59.08
1456,1456,315,2,175.03
1457,1457,739,1,403.17
1459,1459,430,1,206.26
1460,1460,455,4,322.55
1461,1461,231,3,101.74
1462,1462,280,1,123.83
1463,1463,355,2,887.26
1464,1464,71,1,3331.34
1465,1465,213,1,21.25
1466,1466,551,1,148.19
1467,1467,735,1,380.77
1468,1468,235,1,99.15
1469,1469,210,2,190.56
1470,1470,518,2,37.43
1471,1471,630,3,188.72
1472,1472,441,1,249.15
1473,1473,66,1,1582.1
1474,1474,164,1,1509.78
1475,1475,417,1,586.68
1476,1476,690,1,138.9
1477,1477,305,1,103.09
1478,1478,328,1,130.01
1479,1479,478,1,153.79
1480,1480,42,1,418.95
1481,1481,707,1,620.93
1482,1482,218,1,119.33
1483,1483,501,1,11.4
1484,1484,159,3,4519.04
1485,1485,681,1,20.06
1486,1486,593,5,176.21
1487,1487,520,1,154.62
1488,1488,757,3,187.1
1489,1489,599,1,7.34
1490,1490,596,2,29.96
1491,1491,2,1,1108.81
1492,1492,83,1,4488.09
1493,1493,646,2,316.95
1494,1494,301,1,141.06
1495,1495,163,5,1452.4
1496,1496,223,3,127.57
1497,1497,415,1,320.0
1498,1498,567,1,49.45
1499,1499,383,1,626.13
1500,1500,226,1,119.73
1501,1501,668,1,217.24
1502,1502,368,2,510.64
1503,1503,679,1,128.13
1504,1504,448,2,795.1
1505,1505,134,3,4810.31
1506,1506,162,1,2316.52
1507,1507,510,2,180.29
1508,1508,627,1,222.86
1509,1509,595,2,317.77
1510,1510,384,1,259.52
1511,1511,525,2,74.43
1512,1512,92,4,3994.74
1513,1513,609,1,216.06
1514,1514,119,1,246.66
1515,1515,667,2,85.14
1516,1516,5,3,481.86
1517,1517,201,1,143.89
1518,1518,537,3,81.58
1519,1519,89,1,1914.29
1520,1520,751,1,27.9
1521,1521,282,1,162.82
1522,1522,595,1,317.77
1523,1523,502,1,93.61
1524,1524,175,1,4900.1
1525,1525,717,1,582.82
1526,1526,506,1,188.42
1527,1527,443,1,527.93
1528,1528,317,1,91.51
1529,1529,744,1,264.79
1530,1530,419,1,175.87
1531,1531,552,5,86.71
1532,1532,85,2,405.86
1533,1533,207,2,51.89
1534,1534,429,1,642.02
1535,1535,113,1,1123.54
1536,1536,90,3,4768.07
1537,1537,136,1,4582.03
1538,1538,135,1,3367.95
1539,1539,473,1,15.25
1540,1540,443,1,527.93
1541,1541,570,1,131.96
1542,1542,556,1,55.68
1543,1543,565,4,57.29
1544,1544,569,1,141.29
1545,1545,363,1,306.33
1546,1546,443,3,527.93
1547,1547,707,1,620.93
1548,1548,700,2,474.11
1549,1549,88,1,4526.09
1550,1550,533,1,123.06
1551,1551,10,1,3515.06
1552,1552,346,3,409.19
1553,1553,318,2,115.05
1554,1554,631,4,22.35
1555,1555,662,4,109.41
1556,1556,166,1,1493.43
1557,1557,554,3,30.09
1558,1558,559,1,57.73
1559,1559,88,2,4526.09
1560,1560,46,1,1594.55
1561,1561,214,1,37.03
1562,1562,95,1,2284.39
1563,1563,726,1,758.05
1564,1564,26,1,2386.9
1565,1565,648,2,12.54
1566,1566,511,1,184.51
1567,1567,335,1,847.16
1568,1568,483,1,162.06
1569,1569,304,1,44.03
1570,1570,620,2,120.92
1571,1571,59,1,4057.63
1572,1572,109,2,3059.44
1573,1573,471,5,149.5
1574,1574,423,2,532.42
1575,1575,507,1,126.51
1576,1576,50,2,3323.67
1577,1577,58,1,3110.88
1578,1578,104,4,1865.43
1579,1579,637,5,228.07
1580,1580,20,1,36.15
1581,1581,493,5,21.86
1582,1582,263,3,114.41
1583,1583,123,1,444.19
1584,1584,208,2,136.37
1585,1585,545,1,183.48
1586,1586,75,1,3103.91
1587,1587,595,1,317.77
1588,1588,534,1,95.47
1589,1589,244,2,47.21
1590,1590,475,1,50.23
1591,1591,585,3,185.33
1592,1592,9,1,2277.97
1593,1593,181,1,2279.14
1594,1594,142,4,2755.1
1595,1595,44,1,2107.73
1596,1596,619,1,45.77
1597,1597,729,2,493.75
1598,1598,315,2,175.03
1599,1599,16,2,708.88
1600,1600,367,1,652.94
1601,1601,349,1,387.46
1602,1602,392,1,147.3
1603,1603,514,1,31.2
1604,1604,637,1,228.07
1605,1605,99,1,1105.45
1606,1606,570,1,131.96
1607,1607,706,1,148.71
1608,1608,701,1,614.32
1609,1609,208,1,136.37
1610,1610,573,1,46.31
1611,1611,35,1,1264.03
1612,1612,701,2,614.32
1613,1613,608,1,170.74
1614,1614,503,1,152.47
1615,1615,629,1,198.54
1616,1616,42,1,418.95
1617,1617,400,1,305.66
1618,1618,276,1,141.09
1619,1619,253,1,11.97
1620,1620,167,1,3435.27
1621,1621,329,3,164.88
1622,1622,301,4,141.06
1623,1623,673,1,30.45
1624,1624,339,1,747.6
1625,1625,60,1,4655.45
1626,1626,593,1,176.21
1627,1627,2,1,1108.81
1628,1628,111,1,1395.81
1629,1629,424,1,274.72
1630,1630,449,1,340.93
1631,1631,79,3,4429.61
1632,1632,724,1,14.7
1633,1633,342,4,608.75
1634,1634,298,2,211.96
1635,1635,546,1,167.82
1636,1636,440,1,747.34
1637,1637,555,1,42.12
1638,1638,469,1,285.26
1639,1639,484,3,96.02
1640,1640,579,1,271.64
1641,1641,192,1,132.19
1642,1642,71,2,3331.34
1643,1643,220,2,61.61
1644,1644,269,2,172.41
1645,1645,92,3,3994.74
1646,1646,167,2,3435.27
1647,1647,719,1,329.85
1648,1648,195,1,43.89
1649,1649,331,3,28.98
1650,1650,621,2,231.82
1651,1651,210,1,190.56
1652,1652,670,1,259.97
1653,1653,298,1,211.96
1654,1654,198,1,108.13
1655,1655,153,4,4827.45
1656,1656,152,2,4060.81
1657,1657,133,1,2998.21
1658,1658,570,3,131.96
1659,1659,682,1,291.05
1660,1660,722,3,690.57
1661,1661,53,1,239.54
1662,1662,613,3,10.14
1663,1663,588,2,225.54
1664,1664,464,1,45.44
1665,1665,561,1,131.2
1666,1666,424,1,274.72
1667,1667,563,2,69.5
1668,1668,452,2,889.45
1669,1669,46,1,1594.55
1670,1670,499,1,175.95
1671,1671,605,5,255.63
1672,1672,250,1,41.58
1673,1673,443,2,527.93
1674,1674,267,1,116.2
1675,1675,544,2,101.66
1676,1676,276,1,141.09
1677,1677,98,1,1012.81
1678,1678,436,1,391.06
1679,1679,599,1,7.34
1680,1680,737,1,783.55
1681,1681,339,1,747.6
1682,1682,69,1,3327.89
1683,1683,517,1,184.21
1684,1684,716,2,471.75
1685,1685,630,1,188.72
1686,1686,365,1,362.99
1687,1687,753,1,503.79
1688,1688,463,3,688.82
1689,1689,559,1,57.73
1690,1690,673,1,30.45
1691,1691,309,2,49.25
1692,1692,310,3,54.16
1693,1693,327,1,232.68
1694,1694,124,1,1143.91
1695,1695,115,1,1546.97
1696,1696,75,1,3103.91
1697,1697,559,1,57.73
1698,1698,222,4,55.73
1699,1699,758,1,15.36
1700,1700,668,3,217.24
1701,1701,389,2,574.36
1702,1702,287,1,226.27
1703,1703,520,1,154.62
1704,1704,527,1,36.46
1705,1705,540,1,187.1
1706,1706,152,1,4060.81
1707,1707,262,1,217.51
1708,1708,510,2,180.29
1709,1709,47,2,4980.55
1710,1710,673,1,30.45
1711,1711,417,1,586.68
1712,1712,187,1,144.62
1713,1713,254,1,66.21
1714,1714,423,1,532.42
1715,1715,402,1,188.75
1716,1716,224,1,163.59
1717,1717,189,1,246.97
1718,1718,210,1,190.56
1719,1719,290,3,67.25
1720,1720,266,4,167.93
1721,1721,208,1,136.37
1722,1722,31,1,2437.35
1723,1723,139,3,2285.02
1724,1724,100,1,3744.66
1725,1725,618,1,174.37
1726,1726,309,1,49.25
1727,1727,144,1,4210.19
1728,1728,665,1,348.02
1729,1729,420,1,410.11
1730,1730,216,1,119.25
1731,1731,394,1,466.06
1732,1732,682,1,291.05
1733,1733,126,1,3818.42
1734,1734,643,2,276.04
1735,1735,222,2,55.73
1736,1736,432,3,493.35
1737,1737,46,1,1594.55
1738,1738,235,1,99.15
1739,1739,174,2,593.54
1740,1740,665,1,348.02
1741,1741,391,2,229.33
1742,1742,62,1,2312.3
1743,1743,97,1,4760.55
1744,1744,44,1,2107.73
1745,1745,694,2,738.42
1746,1746,99,1,1105.45
1747,1747,281,1,116.88
1748,1748,512,4,45.47
1749,1749,35,3,1264.03
1750,1750,690,1,138.9
1751,1751,713,3,527.9
1752,1752,98,1,1012.81
1753,1753,422,5,111.41
1754,1754,592,4,148.9
1755,1755,517,2,184.21
1756,1756,220,2,61.61
1757,1757,174,1,593.54
1758,1758,28,1,3364.99
1759,1759,196,4,79.36
1760,1760,292,1,216.47
1762,1762,188,2,64.38
1763,1763,588,1,225.54
1764,1764,723,1,181.75
1765,1765,667,2,85.14
1766,1766,736,1,562.66
1767,1767,171,2,468.85
1768,1768,134,3,4810.31
1769,1769,348,1,208.18
1770,1770,536,1,54.67
1771,1771,730,3,257.12
1772,1772,664,1,43.65
1773,1773,632,1,54.65
1774,1774,550,2,133.78
1775,1775,554,2,30.09
1776,1776,242,1,241.66
1777,1777,281,2,116.88
1778,1778,543,1,65.32
1779,1779,60,4,4655.45
1780,1780,642,1,127.89
1781,1781,542,1,173.49
1782,1782,498,1,124.5
1783,1783,314,1,67.65
1784,1784,104,1,1865.43
1785,1785,192,2,132.19
1786,1786,510,2,180.29
1787,1787,750,2,70.48
1788,1788,571,1,160.51
1789,1789,455,2,322.55
1790,1790,696,1,147.69
1791,1791,401,1,774.95
1792,1792,405,3,616.71
1793,1793,76,1,1011.66
1794,1794,350,1,177.74
1795,1795,489,1,179.55
1796,1796,14,1,4425.71
1797,1797,556,1,55.68
1798,1798,579,1,271.64
1799,1799,449,1,340.93
1800,1800,71,3,3331.34
1801,1801,183,2,75.69
1802,1802,617,1,291.13
1803,1803,729,1,493.75
1804,1804,34,4,564.15
1805,1805,73,2,3280.42
1806,1806,574,2,90.79
1807,1807,620,1,120.92
1808,1808,84,1,3195.54
1809,1809,438,1,519.72
1810,1810,78,2,2010.26
1811,1811,400,3,305.66
1812,1812,54,1,3534.21
1813,1813,169,2,966.85
1814,1814,642,1,127.89
1815,1815,382,1,304.82
1816,1816,418,1,304.57
1817,1817,296,1,249.01
1818,1818,621,1,231.82
1819,1819,102,2,398.45
1820,1820,48,3,4406.69
1821,1821,43,4,617.03
1822,1822,434,1,410.25
1823,1823,81,2,3344.53
1824,1824,659,1,51.18
1825,1825,48,2,4406.69
1826,1826,457,2,351.78
1827,1827,22,2,1010.57
1828,1828,81,1,3344.53
1829,1829,259,1,52.1
1830,1830,377,1,456.96
1831,1831,428,1,441.29
1832,1832,82,1,3071.0
1833,1833,435,1,732.57
1834,1834,165,3,4996.87
1835,1835,391,1,229.33
1836,1836,726,3,758.05
1837,1837,299,1,221.54
1838,1838,641,1,57.17
1839,1839,25,1,446.54
1840,1840,121,1,4828.17
1841,1841,409,1,329.97
1842,1842,463,4,688.82
1843,1843,440,1,747.34
1844,1844,364,2,114.4
1845,1845,267,1,116.2
1846,1846,424,1,274.72
1847,1847,538,5,82.44
1848,1848,222,1,55.73
1849,1849,1,1,714.89
1850,1850,722,3,690.57
1851,1851,518,3,37.43
1852,1852,65,1,4813.41
1853,1853,607,2,121.04
1854,1854,13,1,349.61
1855,1855,196,3,79.36
1856,1856,594,1,59.48
1857,1857,707,2,620.93
1858,1858,214,2,37.03
1859,1859,515,1,179.25
1860,1860,703,2,12.69
1861,1861,306,2,126.53
1862,1862,71,2,3331.34
1863,1863,524,1,140.52
1864,1864,171,3,468.85
1865,1865,453,1,727.29
1866,1866,110,1,1076.35
1868,1868,102,2,398.45
1869,1869,463,4,688.82
1870,1870,16,1,708.88
1871,1871,273,4,101.64
1872,1872,755,1,759.14
1873,1873,578,1,222.33
1874,1874,721,2,453.58
1875,1875,574,4,90.79
1876,1876,26,3,2386.9
1877,1877,439,1,893.3
1878,1878,233,2,166.88
1879,1879,658,4,324.63
1880,1880,734,5,86.88
1881,1881,184,1,95.76
1882,1882,182,1,789.51
1883,1883,639,1,181.78
1884,1884,448,1,795.1
1885,1885,589,2,230.12
1886,1886,728,1,289.32
1887,1887,597,3,95.38
1888,1888,755,2,759.14
1889,1889,491,2,62.03
1890,1890,199,2,83.62
1891,1891,560,1,130.36
1892,1892,425,3,114.07
1893,1893,410,1,325.95
1894,1894,736,5,562.66
1895,1895,171,3,468.85
1896,1896,2,1,1108.81
1897,1897,136,1,4582.03
1898,1898,679,1,128.13
1899,1899,15,3,3740.12
1900,1900,690,2,138.9
1901,1901,554,1,30.09
1902,1902,101,1,147.87
1903,1903,70,1,1560.23
1904,1904,637,2,228.07
1905,1905,402,3,188.75
1906,1906,484,1,96.02
1907,1907,170,1,3238.77
1908,1908,522,1,157.0
1909,1909,294,2,20.24
1910,1910,641,1,57.17
1911,1911,286,1,163.11
1912,1912,482,1,9.41
1913,1913,418,1,304.57
1914,1914,420,1,410.11
1915,1915,134,2,4810.31
1916,1916,627,1,222.86
1917,1917,501,2,11.4
1918,1918,502,1,93.61
1919,1919,623,1,286.06
1920,1920,698,1,7.94
1921,1921,120,1,530.88
1922,1922,319,1,233.78
1923,1923,472,2,101.9
1924,1924,392,1,147.3
1925,1925,593,4,176.21
1926,1926,152,1,4060.81
1927,1927,587,3,49.39
1928,1928,695,1,20.12
1929,1929,74,1,4799.95
1930,1930,388,3,77.65
1931,1931,239,2,157.55
1932,1932,248,2,101.44
1933,1933,443,2,527.93
1934,1934,644,3,233.5
1935,1935,135,1,3367.95
1936,1936,270,3,164.12
1937,1937,256,1,161.82
1938,1938,131,1,2983.31
1939,1939,544,1,101.66
1940,1940,56,2,228.3
1941,1941,386,4,511.91
1942,1942,150,5,3819.1
1943,1943,378,1,224.45
1944,1944,672,1,213.88
1945,1945,753,2,503.79
1946,1946,529,2,125.91
1947,1947,203,2,93.09
1948,1948,360,3,505.98
1949,1949,81,1,3344.53
1950,1950,363,1,306.33
1951,1951,180,2,1535.73
1952,1952,339,5,747.6
1954,1954,424,4,274.72
1955,1955,393,2,687.59
1956,1956,183,5,75.69
1957,1957,599,1,7.34
1958,1958,269,1,172.41
1959,1959,90,4,4768.07
1960,1960,574,1,90.79
1961,1961,468,3,763.35
1962,1962,197,1,166.43
1963,1963,639,1,181.78
1964,1964,26,1,2386.9
1965,1965,593,1,176.21
1967,1967,708,2,561.54
1968,1968,533,1,123.06
1969,1969,219,1,113.42
1970,1970,143,1,3554.71
1971,1971,334,1,36.6
1972,1972,316,1,182.63
1973,1973,105,1,545.57
1974,1974,533,1,123.06
1975,1975,541,2,85.54
1976,1976,724,1,14.7
1977,1977,398,1,276.77
1978,1978,25,1,446.54
1979,1979,746,2,341.49
1980,1980,354,2,736.04
1981,1981,164,3,1509.78
1982,1982,457,1,351.78
1983,1983,471,2,149.5
1984,1984,406,1,719.93
1985,1985,622,1,153.74
1986,1986,718,1,186.44
1987,1987,161,3,4356.77
1988,1988,55,1,762.28
1989,1989,345,1,130.52
1990,1990,567,1,49.45
1991,1991,102,4,398.45
1992,1992,640,1,206.05
1993,1993,403,1,446.99
1994,1994,644,2,233.5
1995,1995,605,2,255.63
1996,1996,154,1,2061.68
1997,1997,204,1,34.18
1998,1998,63,5,2004.35
1999,1999,76,2,1011.66
2000,2000,494,1,53.12
2001,2001,25,1,446.54
2002,2002,484,2,96.02
2003,2003,694,2,738.42
2004,2004,120,2,530.88
2005,2005,695,1,20.12
2006,2006,238,2,130.85
2008,2008,33,1,2067.28
2009,2009,262,3,217.51
2010,2010,295,1,46.64
2011,2011,118,1,1495.3
2012,2012,32,1,2375.4
2013,2013,537,1,81.58
2014,2014,496,1,186.76
2015,2015,441,1,249.15
2016,2016,279,1,39.39
2017,2017,562,1,117.53
2018,2018,70,1,1560.23
2019,2019,748,2,691.2
2020,2020,79,5,4429.61
2021,2021,450,5,632.49
2022,2022,332,1,9.64
2023,2023,31,2,2437.35
2024,2024,73,1,3280.42
2026,2026,522,2,157.0
2027,2027,288,3,237.54
2028,2028,627,1,222.86
2029,2029,101,3,147.87
2030,2030,741,1,652.35
2031,2031,89,2,1914.29
2032,2032,667,1,85.14
2033,2033,681,1,20.06
2034,2034,518,5,37.43
2035,2035,465,2,379.72
2036,2036,143,1,3554.71
2037,2037,151,1,1209.24
2038,2038,81,1,3344.53
2039,2039,305,2,103.09
2040,2040,410,1,325.95
2041,2041,714,2,560.86
2042,2042,310,1,54.16
2043,2043,485,4,101.15
2044,2044,627,3,222.86
2045,2045,630,1,188.72
2046,2046,187,1,144.62
2047,2047,298,1,211.96
2048,2048,286,1,163.11
2049,2049,567,2,49.45
2050,2050,350,2,177.74
2051,2051,135,3,3367.95
2052,2052,231,1,101.74
2053,2053,608,1,170.74
2054,2054,341,1,59.51
2055,2055,547,1,92.5
2056,2056,421,4,729.76
2057,2057,77,2,2287.96
2058,2058,45,2,3586.63
2059,2059,121,1,4828.17
2060,2060,550,5,133.78
2061,2061,109,1,3059.44
2062,2062,346,1,409.19
2063,2063,501,1,11.4
2064,2064,522,4,157.0
2065,2065,180,2,1535.73
2066,2066,229,1,204.24
2067,2067,412,1,506.6
2068,2068,448,2,795.1
2069,2069,662,1,109.41
2070,2070,443,3,527.93
2071,2071,343,1,524.69
2072,2072,323,1,77.5
2073,2073,140,2,2582.68
2074,2074,530,1,40.14
2075,2075,51,1,794.12
2076,2076,95,1,2284.39
2078,2078,351,4,691.78
2079,2079,547,1,92.5
2080,2080,369,2,525.43
2081,2081,367,2,652.94
2082,2082,377,5,456.96
2083,2083,290,1,67.25
2084,2084,478,1,153.79
2085,2085,133,2,2998.21
2086,2086,60,1,4655.45
2087,2087,595,3,317.77
2088,2088,432,2,493.35
2089,2089,202,2,189.56
2090,2090,657,1,325.09
2091,2091,567,2,49.45
2092,2092,624,1,342.9
2093,2093,610,1,29.89
2094,2094,473,1,15.25
2095,2095,410,1,325.95
2096,2096,492,2,157.87
2097,2097,163,3,1452.4
2098,2098,615,1,121.93
2099,2099,407,2,279.51
2100,2100,151,1,1209.24
2101,2101,84,1,3195.54
2102,2102,575,1,27.16
2103,2103,338,2,710.75
2104,2104,413,1,614.79
2105,2105,676,1,257.69
2106,2106,437,1,483.72
2107,2107,63,2,2004.35
2108,2108,216,1,119.25
2109,2109,142,1,2755.1
2110,2110,31,1,2437.35
2111,2111,423,3,532.42
2112,2112,697,2,603.63
2113,2113,346,1,409.19
2114,2114,673,2,30.45
2115,2115,666,1,37.97
2116,2116,226,1,119.73
2117,2117,702,1,211.43
2118,2118,103,1,3010.04
2119,2119,398,1,276.77
2120,2120,211,1,154.9
2121,2121,122,3,388.92
2122,2122,78,5,2010.26
2123,2123,220,1,61.61
2124,2124,285,1,161.67
2126,2126,671,2,170.05
2127,2127,697,4,603.63
2128,2128,41,3,2929.19
2129,2129,601,1,43.38
2130,2130,263,2,114.41
2131,2131,214,1,37.03
2132,2132,729,1,493.75
2133,2133,642,2,127.89
2134,2134,668,4,217.24
2135,2135,167,2,3435.27
2136,2136,694,2,738.42
2137,2137,140,3,2582.68
2138,2138,164,1,1509.78
2139,2139,234,1,83.07
2140,2140,655,2,153.82
2141,2141,288,1,237.54
2142,2142,18,1,2350.88
2143,2143,19,2,4426.24
2144,2144,170,1,3238.77
2145,2145,674,1,270.13
2146,2146,247,5,222.07
2147,2147,500,4,83.92
2148,2148,730,1,257.12
2149,2149,195,2,43.89
2150,2150,340,3,403.23
2151,2151,562,1,117.53
2153,2153,198,1,108.13
2154,2154,757,2,187.1
2155,2155,592,1,148.9
2156,2156,611,1,81.05
2157,2157,398,2,276.77
2158,2158,611,4,81.05
2159,2159,244,1,47.21
2160,2160,350,2,177.74
2161,2161,236,2,95.55
2162,2162,155,1,1706.02
2163,2163,34,1,564.15
2164,2164,208,1,136.37
2165,2165,116,1,4755.36
2166,2166,151,1,1209.24
2167,2167,508,2,111.49
2168,2168,93,1,2679.93
2169,2169,299,1,221.54
2170,2170,727,5,198.94
2171,2171,258,1,204.86
2172,2172,636,1,261.3
2173,2173,475,2,50.23
2174,2174,721,2,453.58
2175,2175,222,3,55.73
2176,2176,258,3,204.86
2177,2177,151,3,1209.24
2178,2178,564,3,78.46
2179,2179,695,1,20.12
2180,2180,564,4,78.46
2181,2181,309,4,49.25
2182,2182,210,1,190.56
2183,2183,176,1,89.3
2184,2184,354,3,736.04
2185,2185,53,2,239.54
2186,2186,162,3,2316.52
2187,2187,365,1,362.99
2188,2188,397,1,249.33
2189,2189,423,1,532.42
2190,2190,298,1,211.96
2191,2191,339,1,747.6
2192,2192,96,1,2119.38
2193,2193,680,1,235.32
2194,2194,397,1,249.33
2195,2195,566,1,65.14
2196,2196,293,1,33.69
2197,2197,84,1,3195.54
2198,2198,278,1,65.28
2199,2199,304,3,44.03
2200,2200,239,1,157.55
2201,2201,241,1,65.47
2202,2202,144,2,4210.19
2203,2203,281,1,116.88
2204,2204,609,1,216.06
2205,2205,172,3,2706.24
2206,2206,575,3,27.16
2207,2207,162,2,2316.52
2208,2208,664,1,43.65
2209,2209,351,1,691.78
2210,2210,606,1,25.9
2211,2211,145,4,2554.17
2212,2212,181,1,2279.14
2213,2213,382,1,304.82
2214,2214,356,2,536.57
2215,2215,457,2,351.78
2216,2216,517,2,184.21
2217,2217,555,1,42.12
2218,2218,383,1,626.13
2219,2219,339,2,747.6
2220,2220,171,1,468.85
2221,2221,474,1,170.43
2222,2222,242,1,241.66
2223,2223,383,4,626.13
2224,2224,283,1,209.19
2225,2225,426,1,351.49
2226,2226,395,3,708.14
2227,2227,370,3,751.68
2228,2228,36,1,4845.59
2229,2229,498,1,124.5
2230,2230,351,1,691.78
2231,2231,601,1,43.38
2232,2232,700,3,474.11
2233,2233,653,1,162.88
2235,2235,227,1,130.7
2236,2236,662,1,109.41
2237,2237,474,1,170.43
2238,2238,225,1,115.0
2239,2239,95,1,2284.39
2240,2240,640,3,206.05
2241,2241,98,1,1012.81
2242,2242,114,1,1731.9
2243,2243,429,2,642.02
2244,2244,106,3,3674.29
2245,2245,267,1,116.2
2246,2246,610,1,29.89
2247,2247,478,1,153.79
2248,2248,293,3,33.69
2249,2249,595,2,317.77
2250,2250,49,1,3523.62
2251,2251,454,1,612.64
2252,2252,393,1,687.59
2253,2253,245,2,124.29
2254,2254,405,2,616.71
2255,2255,481,1,189.58
2256,2256,454,1,612.64
2257,2257,335,2,847.16
2258,2258,25,2,446.54
2259,2259,400,1,305.66
2260,2260,248,1,101.44
2261,2261,602,1,169.46
2262,2262,715,1,780.68
2263,2263,50,1,3323.67
2264,2264,593,1,176.21
2265,2265,285,1,161.67
2266,2266,69,1,3327.89
2267,2267,388,1,77.65
2268,2268,674,2,270.13
2269,2269,674,1,270.13
2270,2270,714,3,560.86
2271,2271,585,2,185.33
2272,2272,297,1,241.93
2273,2273,644,2,233.5
2274,2274,660,1,238.33
2275,2275,242,2,241.66
2276,2276,494,2,53.12
2277,2277,437,3,483.72
2278,2278,718,4,186.44
2279,2279,436,1,391.06
2280,2280,518,2,37.43
2281,2281,705,1,793.49
2282,2282,438,1,519.72
2283,2283,84,2,3195.54
2284,2284,491,1,62.03
2285,2285,397,1,249.33
2286,2286,536,1,54.67
2287,2287,321,1,108.01
2288,2288,148,2,1350.51
2289,2289,434,4,410.25
2290,2290,13,2,349.61
2291,2291,325,1,234.0
2292,2292,352,1,39.87
2293,2293,276,3,141.09
2294,2294,541,3,85.54
2295,2295,432,1,493.35
2296,2296,736,1,562.66
2297,2297,367,1,652.94
2298,2298,384,2,259.52
2299,2299,368,3,510.64
2300,2300,174,4,593.54
2301,2301,563,3,69.5
2302,2302,688,1,174.08
2303,2303,718,4,186.44
2304,2304,330,3,191.25
2305,2305,698,1,7.94
2306,2306,351,1,691.78
2307,2307,566,1,65.14
2308,2308,691,1,21.76
2309,2309,230,2,67.94
2310,2310,631,4,22.35
2311,2311,752,3,526.27
2312,2312,252,1,37.48
2313,2313,652,1,341.76
2314,2314,55,2,762.28
2316,2316,660,1,238.33
2317,2317,592,2,148.9
2318,2318,135,1,3367.95
2319,2319,216,5,119.25
2320,2320,129,2,3943.37
2321,2321,415,1,320.0
2322,2322,591,4,108.18
2323,2323,81,1,3344.53
2324,2324,127,1,393.81
2325,2325,573,2,46.31
2326,2326,156,1,4299.51
2327,2327,752,3,526.27
2328,2328,592,1,148.9
2329,2329,633,2,39.45
2330,2330,266,2,167.93
2331,2331,237,2,54.46
2332,2332,720,2,414.03
2333,2333,189,1,246.97
2334,2334,583,1,243.95
2335,2335,241,2,65.47
2336,2336,533,3,123.06
2337,2337,711,1,70.46
2338,2338,549,2,170.94
2339,2339,332,4,9.64
2340,2340,291,1,46.25
2341,2341,130,1,3245.21
2342,2342,37,1,1084.45
2343,2343,540,2,187.1
2344,2344,453,2,727.29
2345,2345,226,3,119.73
2346,2346,167,1,3435.27
2347,2347,370,1,751.68
2348,2348,317,1,91.51
2349,2349,21,1,2548.24
2350,2350,297,5,241.93
2351,2351,715,1,780.68
2352,2352,256,3,161.82
2353,2353,663,1,298.59
2354,2354,189,2,246.97
2355,2355,367,1,652.94
2356,2356,502,1,93.61
2357,2357,93,2,2679.93
2358,2358,337,1,684.03
2359,2359,504,1,71.43
2360,2360,581,2,5.61
2361,2361,519,1,180.5
2362,2362,581,1,5.61
2363,2363,392,2,147.3
2364,2364,201,1,143.89
2365,2365,744,1,264.79
2366,2366,590,1,193.35
2367,2367,403,3,446.99
2368,2368,310,2,54.16
2369,2369,428,2,441.29
2370,2370,263,1,114.41
2371,2371,541,2,85.54
2372,2372,331,1,28.98
2373,2373,604,1,66.71
2374,2374,124,1,1143.91
2375,2375,531,1,22.73
2376,2376,448,1,795.1
2377,2377,63,1,2004.35
2379,2379,213,2,21.25
2380,2380,405,1,616.71
2381,2381,52,1,1334.63
2382,2382,682,2,291.05
2383,2383,572,2,139.15
2384,2384,406,1,719.93
2385,2385,17,1,816.7
2386,2386,755,2,759.14
2387,2387,184,4,95.76
2388,2388,545,1,183.48
2389,2389,649,1,229.42
2390,2390,164,1,1509.78
2391,2391,647,3,115.03
2392,2392,90,1,4768.07
2393,2393,564,1,78.46
2394,2394,94,1,2154.48
2395,2395,410,3,325.95
2396,2396,218,1,119.33
2397,2397,596,2,29.96
2398,2398,207,1,51.89
2399,2399,81,1,3344.53
2400,2400,402,2,188.75
2401,2401,222,1,55.73
2402,2402,540,3,187.1
2403,2403,162,1,2316.52
2404,2404,195,2,43.89
2405,2405,376,2,500.95
2406,2406,717,2,582.82
2407,2407,687,1,531.25
2408,2408,540,1,187.1
2409,2409,248,1,101.44
2410,2410,447,1,402.73
2411,2411,303,1,129.01
2412,2412,318,1,115.05
2413,2413,634,1,86.2
2414,2414,543,1,65.32
2415,2415,367,1,652.94
2416,2416,140,2,2582.68
2417,2417,655,2,153.82
2418,2418,148,1,1350.51
2419,2419,183,3,75.69
2420,2420,398,2,276.77
2421,2421,511,1,184.51
2422,2422,692,4,487.97
2423,2423,74,2,4799.95
2424,2424,147,4,4322.84
2425,2425,185,1,37.55
2426,2426,622,3,153.74
2427,2427,210,1,190.56
2428,2428,371,3,870.18
2429,2429,275,2,225.47
2430,2430,208,1,136.37
2431,2431,453,1,727.29
2432,2432,70,4,1560.23
2433,2433,645,2,168.29
2434,2434,540,1,187.1
2435,2435,129,1,3943.37
2436,2436,181,4,2279.14
2437,2437,706,3,148.71
2438,2438,750,2,70.48
2439,2439,472,1,101.9
2440,2440,447,1,402.73
2441,2441,88,1,4526.09
2442,2442,662,1,109.41
2443,2443,639,1,181.78
2444,2444,436,1,391.06
2445,2445,112,1,2784.77
2446,2446,337,4,684.03
2447,2447,40,1,4844.16
2448,2448,270,1,164.12
2449,2449,662,1,109.41
2450,2450,534,1,95.47
2451,2451,292,4,216.47
2452,2452,728,3,289.32
2453,2453,673,4,30.45
2454,2454,676,3,257.69
2455,2455,100,1,3744.66
2456,2456,613,2,10.14
2457,2457,127,1,393.81
2458,2458,462,1,127.45
2459,2459,199,1,83.62
2460,2460,239,1,157.55
2461,2461,584,1,61.78
2462,2462,166,1,1493.43
2463,2463,64,1,3403.99
2464,2464,250,1,41.58
2465,2465,205,3,203.34
2466,2466,698,1,7.94
2467,2467,186,1,152.5
2468,2468,3,2,2733.8
2469,2469,267,1,116.2
2470,2470,579,1,271.64
2471,2471,514,1,31.2
2472,2472,233,1,166.88
2473,2473,704,1,344.86
2474,2474,204,2,34.18
2475,2475,221,1,195.84
2476,2476,687,2,531.25
2477,2477,553,1,156.88
2478,2478,60,2,4655.45
2479,2479,366,3,329.73
2480,2480,643,3,276.04
2481,2481,474,1,170.43
2482,2482,649,1,229.42
2483,2483,579,2,271.64
2484,2484,755,2,759.14
2485,2485,426,1,351.49
2486,2486,303,1,129.01
2487,2487,636,1,261.3
2488,2488,322,1,46.21
2489,2489,553,5,156.88
2490,2490,134,1,4810.31
2491,2491,95,1,2284.39
2492,2492,7,5,3100.22
2493,2493,13,1,349.61
2494,2494,665,1,348.02
2495,2495,563,2,69.5
2496,2496,510,3,180.29
2497,2497,152,1,4060.81
2498,2498,197,2,166.43
2499,2499,458,1,230.86
2500,2500,608,2,170.74
2501,2501,484,1,96.02
2502,2502,370,1,751.68
2503,2503,441,1,249.15
2504,2504,247,1,222.07
2505,2505,462,1,127.45
2506,2506,40,1,4844.16
2507,2507,585,4,185.33
2508,2508,504,1,71.43
2509,2509,364,1,114.4
2510,2510,293,2,33.69
2511,2511,537,1,81.58
2512,2512,73,1,3280.42
2513,2513,105,1,545.57
2514,2514,550,1,133.78
2515,2515,316,1,182.63
2516,2516,293,1,33.69
2517,2517,268,1,237.38
2518,2518,115,1,1546.97
2519,2519,553,1,156.88
2520,2520,556,1,55.68
2521,2521,610,1,29.89
2522,2522,100,2,3744.66
2523,2523,618,1,174.37
2524,2524,315,2,175.03
2525,2525,134,1,4810.31
2526,2526,153,1,4827.45
2527,2527,238,1,130.85
2528,2528,169,1,966.85
2529,2529,117,3,2956.13
2530,2530,629,1,198.54
2531,2531,526,4,161.46
2532,2532,506,3,188.42
2533,2533,666,1,37.97
2534,2534,416,1,652.56
2535,2535,249,1,180.95
2536,2536,405,3,616.71
2537,2537,343,2,524.69
2538,2538,7,1,3100.22
2539,2539,199,1,83.62
2540,2540,261,2,69.29
2541,2541,498,1,124.5
2542,2542,746,1,341.49
2543,2543,380,1,618.79
2544,2544,59,1,4057.63
2545,2545,418,4,304.57
2546,2546,571,1,160.51
2547,2547,194,1,111.15
2548,2548,199,2,83.62
2549,2549,643,4,276.04
2550,2550,589,1,230.12
2551,2551,744,1,264.79
2552,2552,253,1,11.97
2553,2553,436,1,391.06
2554,2554,753,1,503.79
2555,2555,112,2,2784.77
2556,2556,749,1,25.31
2557,2557,745,1,234.2
2558,2558,306,1,126.53
2559,2559,22,3,1010.57
2560,2560,235,3,99.15
2561,2561,273,2,101.64
2562,2562,610,1,29.89
2563,2563,669,1,113.44
2564,2564,405,5,616.71
2565,2565,248,1,101.44
2566,2566,22,1,1010.57
2567,2567,72,1,2748.72
2568,2568,529,1,125.91
2569,2569,422,1,111.41
2570,2570,42,3,418.95
2571,2571,474,4,170.43
2572,2572,599,4,7.34
2573,2573,496,1,186.76
2574,2574,157,3,1189.15
2575,2575,141,1,2601.82
2576,2576,212,4,172.12
2577,2577,657,3,325.09
2578,2578,359,1,773.2
2579,2579,507,1,126.51
2580,2580,337,1,684.03
2581,2581,325,1,234.0
2582,2582,401,1,774.95
2583,2583,552,1,86.71
2584,2584,102,2,398.45
2585,2585,473,1,15.25
2587,2587,16,1,708.88
2588,2588,510,1,180.29
2589,2589,349,2,387.46
2590,2590,488,4,77.69
2591,2591,506,1,188.42
2592,2592,460,1,675.57
2593,2593,709,2,493.91
2594,2594,632,1,54.65
2595,2595,104,1,1865.43
2596,2596,369,2,525.43
2597,2597,19,1,4426.24
2598,2598,617,2,291.13
2599,2599,636,2,261.3
2600,2600,80,2,2333.45
2601,2601,354,3,736.04
2602,2602,498,1,124.5
2603,2603,653,1,162.88
2604,2604,67,2,1288.51
2605,2605,67,2,1288.51
2606,2606,208,1,136.37
2607,2607,602,1,169.46
2608,2608,45,1,3586.63
2609,2609,540,1,187.1
2610,2610,370,1,751.68
2611,2611,608,1,170.74
2612,2612,336,1,414.92
2613,2613,611,1,81.05
2614,2614,691,2,21.76
2615,2615,610,1,29.89
2616,2616,392,1,147.3
2617,2617,603,3,296.14
2618,2618,36,1,4845.59
2619,2619,393,1,687.59
2620,2620,288,1,237.54
2621,2621,662,1,109.41
2622,2622,659,2,51.18
2623,2623,633,1,39.45
2624,2624,524,2,140.52
2625,2625,132,1,1534.36
2626,2626,523,1,51.16
2627,2627,552,2,86.71
2628,2628,78,2,2010.26
2629,2629,320,1,66.66
2630,2630,107,1,2427.81
2631,2631,353,1,218.55
2632,2632,134,1,4810.31
2633,2633,104,1,1865.43
2634,2634,353,1,218.55
2635,2635,98,2,1012.81
2636,2636,653,2,162.88
2637,2637,372,2,160.64
2638,2638,168,1,4516.61
2639,2639,258,5,204.86
2640,2640,488,2,77.69
2641,2641,275,2,225.47
2642,2642,698,2,7.94
2643,2643,690,1,138.9
2644,2644,158,1,510.24
2645,2645,488,1,77.69
2646,2646,486,1,22.67
2647,2647,157,1,1189.15
2648,2648,436,1,391.06
2649,2649,368,2,510.64
2650,2650,393,1,687.59
2651,2651,695,1,20.12
2652,2652,2,4,1108.81
2653,2653,294,4,20.24
2654,2654,37,1,1084.45
2655,2655,630,1,188.72
2656,2656,334,1,36.6
2657,2657,485,1,101.15
2658,2658,570,1,131.96
2659,2659,417,4,586.68
2660,2660,156,1,4299.51
2661,2661,375,2,415.84
2662,2662,188,1,64.38
2663,2663,543,1,65.32
2664,2664,604,1,66.71
2665,2665,269,2,172.41
2666,2666,108,1,4157.03
2667,2667,565,2,57.29
2668,2668,224,1,163.59
2669,2669,243,2,114.61
2670,2670,471,1,149.5
2671,2671,40,4,4844.16
2672,2672,371,1,870.18
2673,2673,415,1,320.0
2674,2674,320,2,66.66
2675,2675,575,1,27.16
2676,2676,612,1,159.03
2677,2677,353,2,218.55
2678,2678,339,1,747.6
2679,2679,711,4,70.46
2680,2680,241,1,65.47
2681,2681,620,1,120.92
2682,2682,638,1,105.78
2683,2683,732,5,435.82
2684,2684,152,1,4060.81
2685,2685,226,2,119.73
2686,2686,402,1,188.75
2687,2687,551,2,148.19
2688,2688,524,1,140.52
2689,2689,51,2,794.12
2690,2690,205,1,203.34
2691,2691,386,1,511.91
2692,2692,627,4,222.86
2693,2693,474,1,170.43
2694,2694,616,1,211.57
2695,2695,266,2,167.93
2696,2696,415,1,320.0
2697,2697,680,5,235.32
2698,2698,345,1,130.52
2699,2699,500,2,83.92
2700,2700,445,1,198.54
2701,2701,757,1,187.1
2702,2702,57,1,1262.65
2703,2703,386,2,511.91
2704,2704,386,1,511.91
2705,2705,386,4,511.91
2706,2706,161,1,4356.77
2707,2707,525,2,74.43
2708,2708,68,2,3602.75
2709,2709,241,2,65.47
2710,2710,202,1,189.56
2711,2711,527,2,36.46
2712,2712,519,1,180.5
2713,2713,720,1,414.03
2714,2714,223,1,127.57
2715,2715,117,5,2956.13
2716,2716,484,1,96.02
2717,2717,7,4,3100.22
2718,2718,205,2,203.34
2719,2719,159,1,4519.04
2720,2720,608,3,170.74
2721,2721,462,2,127.45
2722,2722,633,1,39.45
2723,2723,541,1,85.54
2724,2724,703,2,12.69
2725,2725,668,1,217.24
2726,2726,303,2,129.01
2727,2727,432,2,493.35
2728,2728,352,1,39.87
2729,2729,693,1,120.16
2730,2730,395,2,708.14
2731,2731,431,1,670.83
2732,2732,138,1,1662.41
2733,2733,556,2,55.68
2734,2734,402,2,188.75
2735,2735,733,5,417.93
2736,2736,616,4,211.57
2737,2737,141,4,2601.82
2738,2738,757,1,187.1
2739,2739,318,1,115.05
2740,2740,664,2,43.65
2741,2741,400,4,305.66
2742,2742,117,1,2956.13
2743,2743,226,2,119.73
2744,2744,205,1,203.34
2745,2745,604,2,66.71
2746,2746,407,1,279.51
2747,2747,701,1,614.32
2748,2748,169,2,966.85
2749,2749,164,2,1509.78
2750,2750,82,5,3071.0
2751,2751,142,4,2755.1
2752,2752,471,1,149.5
2753,2753,303,1,129.01
2754,2754,458,2,230.86
2755,2755,312,2,143.72
2756,2756,602,1,169.46
2757,2757,438,2,519.72
2758,2758,604,1,66.71
2759,2759,162,5,2316.52
2760,2760,291,1,46.25
2761,2761,107,3,2427.81
2763,2763,49,2,3523.62
2764,2764,269,1,172.41
2765,2765,543,3,65.32
2766,2766,501,3,11.4
2767,2767,331,1,28.98
2768,2768,571,3,160.51
2769,2769,29,1,338.84
2770,2770,79,1,4429.61
2771,2771,316,1,182.63
2772,2772,514,1,31.2
2773,2773,440,2,747.34
2774,2774,415,1,320.0
2775,2775,509,1,37.13
2776,2776,261,1,69.29
2777,2777,300,1,146.0
2778,2778,51,5,794.12
2779,2779,215,2,129.05
2780,2780,383,2,626.13
2781,2781,341,1,59.51
2782,2782,135,1,3367.95
2783,2783,474,1,170.43
2784,2784,445,2,198.54
2785,2785,491,2,62.03
2786,2786,276,3,141.09
2787,2787,476,5,11.53
2788,2788,57,1,1262.65
2789,2789,351,4,691.78
2790,2790,55,1,762.28
2791,2791,505,1,76.84
2792,2792,601,1,43.38
2793,2793,587,1,49.39
2794,2794,142,1,2755.1
2795,2795,613,2,10.14
2796,2796,107,3,2427.81
2797,2797,313,2,228.72
2798,2798,440,2,747.34
2799,2799,518,3,37.43
2800,2800,577,1,345.37
2801,2801,379,1,342.01
2802,2802,324,1,186.75
2803,2803,84,2,3195.54
2804,2804,196,1,79.36
2805,2805,345,1,130.52
2806,2806,328,3,130.01
2807,2807,730,1,257.12
2808,2808,61,2,558.31
2809,2809,695,2,20.12
2810,2810,618,1,174.37
2811,2811,647,1,115.03
2812,2812,637,2,228.07
2813,2813,645,5,168.29
2814,2814,300,3,146.0
2815,2815,210,1,190.56
2816,2816,644,2,233.5
2817,2817,304,2,44.03
2818,2818,627,1,222.86
2819,2819,227,3,130.7
2820,2820,363,1,306.33
2821,2821,578,1,222.33
2822,2822,491,5,62.03
2823,2823,180,1,1535.73
2824,2824,90,1,4768.07
2825,2825,157,1,1189.15
2826,2826,402,1,188.75
2827,2827,630,1,188.72
2828,2828,508,1,111.49
2829,2829,618,4,174.37
2830,2830,552,1,86.71
2831,2831,599,1,7.34
2832,2832,391,3,229.33
2833,2833,499,3,175.95
2834,2834,191,2,187.49
2835,2835,247,1,222.07
2836,2836,245,1,124.29
2837,2837,699,1,41.44
2838,2838,307,2,245.13
2839,2839,753,2,503.79
2840,2840,210,2,190.56
2841,2841,63,1,2004.35
2842,2842,471,1,149.5
2843,2843,370,1,751.68
2844,2844,92,1,3994.74
2845,2845,729,1,493.75
2846,2846,184,2,95.76
2847,2847,34,1,564.15
2848,2848,201,3,143.89
2849,2849,307,1,245.13
2850,2850,341,1,59.51
2851,2851,455,1,322.55
2852,2852,109,1,3059.44
2853,2853,605,1,255.63
2854,2854,42,2,418.95
2855,2855,209,4,86.49
2856,2856,626,2,181.24
2857,2857,486,1,22.67
2858,2858,437,1,483.72
2859,2859,252,5,37.48
2860,2860,213,1,21.25
2861,2861,526,1,161.46
2862,2862,543,2,65.32
2863,2863,256,4,161.82
2864,2864,310,1,54.16
2865,2865,327,1,232.68
2866,2866,711,1,70.46
2867,2867,399,1,451.25
2868,2868,340,2,403.23
2869,2869,729,1,493.75
2870,2870,541,1,85.54
2871,2871,35,3,1264.03
2872,2872,721,2,453.58
2873,2873,215,5,129.05
2874,2874,756,1,454.23
2875,2875,720,1,414.03
2876,2876,116,4,4755.36
2877,2877,573,1,46.31
2878,2878,214,3,37.03
2879,2879,169,1,966.85
2880,2880,12,1,3846.19
2881,2881,303,1,129.01
2882,2882,168,1,4516.61
2883,2883,688,1,174.08
2884,2884,497,3,20.54
2885,2885,82,1,3071.0
2886,2886,151,5,1209.24
2887,2887,642,1,127.89
2888,2888,424,1,274.72
2889,2889,438,2,519.72
2890,2890,108,4,4157.03
2891,2891,82,1,3071.0
2892,2892,307,1,245.13
2893,2893,396,2,655.1
2894,2894,135,1,3367.95
2895,2895,11,3,1239.15
2896,2896,167,1,3435.27
2897,2897,617,3,291.13
2898,2898,237,1,54.46
2899,2899,363,2,306.33
2900,2900,485,2,101.15
2901,2901,365,1,362.99
2902,2902,653,1,162.88
2903,2903,347,4,775.65
2904,2904,201,1,143.89
2905,2905,37,5,1084.45
2906,2906,657,1,325.09
2907,2907,292,1,216.47
2908,2908,410,1,325.95
2909,2909,492,1,157.87
2910,2910,5,1,481.86
2911,2911,442,3,92.84
2912,2912,605,4,255.63
2913,2913,636,2,261.3
2914,2914,72,2,2748.72
2915,2915,305,1,103.09
2916,2916,654,2,202.93
2917,2917,701,5,614.32
2918,2918,597,1,95.38
2919,2919,124,1,1143.91
2920,2920,367,1,652.94
2921,2921,368,1,510.64
2922,2922,701,2,614.32
2923,2923,461,2,454.62
2924,2924,547,3,92.5
2925,2925,484,1,96.02
2926,2926,222,3,55.73
2927,2927,529,1,125.91
2929,2929,332,1,9.64
2930,2930,246,1,74.01
2931,2931,552,1,86.71
2932,2932,750,2,70.48
2933,2933,290,3,67.25
2934,2934,196,2,79.36
2935,2935,99,1,1105.45
2936,2936,224,1,163.59
2937,2937,583,2,243.95
2938,2938,408,1,891.71
2939,2939,652,2,341.76
2940,2940,24,1,4161.68
2941,2941,159,1,4519.04
2942,2942,76,2,1011.66
2943,2943,106,1,3674.29
2944,2944,44,2,2107.73
2945,2945,659,4,51.18
2946,2946,36,2,4845.59
2947,2947,630,1,188.72
2948,2948,656,1,217.94
2949,2949,437,1,483.72
2950,2950,510,1,180.29
2951,2951,112,5,2784.77
2952,2952,134,1,4810.31
2953,2953,559,3,57.73
2954,2954,202,1,189.56
2955,2955,432,1,493.35
2956,2956,607,5,121.04
2957,2957,541,1,85.54
2958,2958,494,1,53.12
2959,2959,493,1,21.86
2960,2960,204,1,34.18
2961,2961,605,1,255.63
2962,2962,345,2,130.52
2963,2963,634,2,86.2
2964,2964,365,2,362.99
2965,2965,583,2,243.95
2966,2966,590,1,193.35
2967,2967,513,1,29.13
2968,2968,732,1,435.82
2969,2969,479,1,148.09
2970,2970,185,2,37.55
2971,2971,144,1,4210.19
2972,2972,209,1,86.49
2973,2973,192,1,132.19
2974,2974,371,2,870.18
2975,2975,331,2,28.98
2976,2976,480,1,150.12
2977,2977,541,1,85.54
2978,2978,314,1,67.65
2979,2979,577,1,345.37
2980,2980,159,2,4519.04
2981,2981,324,2,186.75
2982,2982,670,1,259.97
2983,2983,339,1,747.6
2984,2984,375,1,415.84
2985,2985,21,1,2548.24
2986,2986,525,4,74.43
2987,2987,164,2,1509.78
2988,2988,619,1,45.77
2989,2989,365,1,362.99
2990,2990,246,2,74.01
2992,2992,375,2,415.84
2993,2993,638,1,105.78
2994,2994,133,1,2998.21
2995,2995,218,1,119.33
2996,2996,217,1,109.07
2997,2997,205,1,203.34
2998,2998,241,1,65.47
2999,2999,356,1,536.57
3000,3000,622,2,153.74
3001,3001,417,3,586.68
3002,3002,289,1,162.63
3003,3003,150,2,3819.1
3004,3004,97,1,4760.55
3005,3005,151,3,1209.24
3006,3006,118,2,1495.3
3007,3007,116,2,4755.36
3008,3008,651,4,303.26
3009,3009,62,1,2312.3
3010,3010,337,1,684.03
3011,3011,74,1,4799.95
3012,3012,125,1,2155.56
3013,3013,567,4,49.45
3014,3014,314,1,67.65
3015,3015,447,1,402.73
3016,3016,459,1,764.61
3017,3017,735,1,380.77
3018,3018,56,4,228.3
3019,3019,404,2,359.7
3020,3020,290,2,67.25
3021,3021,185,1,37.55
3022,3022,693,1,120.16
3023,3023,645,2,168.29
3024,3024,669,2,113.44
3025,3025,650,2,190.13
3026,3026,304,3,44.03
3027,3027,303,5,129.01
3028,3028,448,3,795.1
3029,3029,212,1,172.12
3030,3030,757,1,187.1
3031,3031,654,1,202.93
3032,3032,654,1,202.93
3033,3033,43,1,617.03
3034,3034,409,1,329.97
3035,3035,358,2,276.89
3036,3036,368,1,510.64
3037,3037,99,2,1105.45
3038,3038,159,2,4519.04
3039,3039,106,1,3674.29
3040,3040,474,1,170.43
3041,3041,18,1,2350.88
3042,3042,290,1,67.25
3043,3043,368,2,510.64
3044,3044,209,1,86.49
3045,3045,438,1,519.72
3046,3046,261,3,69.29
3047,3047,508,3,111.49
3048,3048,441,3,249.15
3049,3049,12,1,3846.19
3050,3050,189,3,246.97
3051,3051,606,1,25.9
3052,3052,448,2,795.1
3053,3053,99,1,1105.45
3054,3054,39,1,4977.19
3055,3055,680,1,235.32
3056,3056,565,1,57.29
3057,3057,83,1,4488.09
3058,3058,241,1,65.47
3059,3059,520,3,154.62
3060,3060,649,1,229.42
3061,3061,702,1,211.43
3062,3062,418,2,304.57
3063,3063,567,1,49.45
3064,3064,7,1,3100.22
3065,3065,486,2,22.67
3066,3066,202,1,189.56
3067,3067,380,1,618.79
3068,3068,120,1,530.88
3069,3069,718,4,186.44
3070,3070,201,1,143.89
3071,3071,312,1,143.72
3072,3072,599,1,7.34
3073,3073,4,1,3496.72
3074,3074,54,1,3534.21
3075,3075,467,5,752.72
3076,3076,757,1,187.1
3077,3077,502,2,93.61
3079,3079,435,4,732.57
3080,3080,728,2,289.32
3081,3081,168,1,4516.61
3082,3082,349,4,387.46
3083,3083,686,2,229.67
3084,3084,121,2,4828.17
3085,3085,53,1,239.54
3086,3086,180,1,1535.73
3087,3087,549,1,170.94
3088,3088,678,1,59.08
3089,3089,694,1,738.42
3090,3090,145,1,2554.17
3091,3091,286,1,163.11
3092,3092,409,1,329.97
3093,3093,454,1,612.64
3094,3094,61,1,558.31
3095,3095,434,1,410.25
3096,3096,17,1,816.7
3097,3097,216,1,119.25
3098,3098,188,2,64.38
3099,3099,234,1,83.07
3100,3100,147,5,4322.84
3101,3101,335,1,847.16
3102,3102,635,1,138.08
3103,3103,366,4,329.73
3104,3104,344,1,805.84
3105,3105,601,1,43.38
3106,3106,615,1,121.93
3107,3107,593,2,176.21
3108,3108,611,1,81.05
3109,3109,706,1,148.71
3110,3110,433,1,204.49
3111,3111,205,2,203.34
3112,3112,245,1,124.29
3113,3113,295,2,46.64
3114,3114,59,1,4057.63
3115,3115,407,1,279.51
3116,3116,627,3,222.86
3117,3117,592,1,148.9
3118,3118,475,2,50.23
3119,3119,645,1,168.29
3120,3120,54,3,3534.21
3121,3121,650,2,190.13
3122,3122,664,1,43.65
3123,3123,636,2,261.3
3125,3125,589,1,230.12
3126,3126,461,1,454.62
3127,3127,704,5,344.86
3128,3128,687,5,531.25
3129,3129,250,2,41.58
3130,3130,346,1,409.19
3131,3131,15,1,3740.12
3132,3132,535,1,73.33
3133,3133,266,1,167.93
3134,3134,54,3,3534.21
3135,3135,288,1,237.54
3136,3136,583,1,243.95
3137,3137,665,3,348.02
3138,3138,467,1,752.72
3139,3139,405,2,616.71
3140,3140,383,1,626.13
3141,3141,675,1,167.34
3142,3142,606,2,25.9
3143,3143,744,1,264.79
3144,3144,171,1,468.85
3145,3145,217,5,109.07
3146,3146,543,2,65.32
3147,3147,17,1,816.7
3148,3148,129,1,3943.37
3149,3149,89,2,1914.29
3150,3150,65,2,4813.41
3151,3151,707,2,620.93
3152,3152,113,3,1123.54
3153,3153,477,1,174.42
3154,3154,176,1,89.3
3155,3155,144,5,4210.19
3156,3156,186,1,152.5
3157,3157,204,2,34.18
3158,3158,39,2,4977.19
3159,3159,121,3,4828.17
3160,3160,314,1,67.65
3161,3161,131,1,2983.31
3162,3162,496,1,186.76
3163,3163,414,2,272.92
3164,3164,658,1,324.63
3165,3165,405,1,616.71
3166,3166,165,5,4996.87
3167,3167,654,1,202.93
3168,3168,286,1,163.11
3169,3169,261,1,69.29
3170,3170,148,1,1350.51
3171,3171,399,1,451.25
3172,3172,236,2,95.55
3173,3173,419,1,175.87
3174,3174,96,3,2119.38
3175,3175,313,1,228.72
3176,3176,520,1,154.62
3177,3177,218,1,119.33
3178,3178,123,1,444.19
3179,3179,552,3,86.71
3180,3180,280,1,123.83
3181,3181,552,5,86.71
3182,3182,525,2,74.43
3183,3183,560,1,130.36
3184,3184,165,3,4996.87
3185,3185,610,1,29.89
3186,3186,109,1,3059.44
3187,3187,353,1,218.55
3188,3188,438,4,519.72
3189,3189,541,1,85.54
3190,3190,507,5,126.51
3191,3191,65,2,4813.41
3192,3192,361,2,830.77
3193,3193,24,1,4161.68
3194,3194,181,1,2279.14
3195,3195,412,2,506.6
3196,3196,752,2,526.27
3197,3197,329,1,164.88
3198,3198,100,2,3744.66
3199,3199,157,1,1189.15
3200,3200,364,2,114.4
3201,3201,317,2,91.51
3202,3202,628,1,49.89
3203,3203,21,4,2548.24
3204,3204,232,1,23.94
3205,3205,577,2,345.37
3206,3206,503,1,152.47
3207,3207,672,1,213.88
3208,3208,342,2,608.75
3209,3209,429,1,642.02
3210,3210,188,2,64.38
3211,3211,574,4,90.79
3212,3212,201,1,143.89
3213,3213,666,1,37.97
3214,3214,514,2,31.2
3215,3215,529,1,125.91
3216,3216,52,1,1334.63
3217,3217,443,2,527.93
3218,3218,496,1,186.76
3219,3219,741,1,652.35
3220,3220,98,2,1012.81
3221,3221,322,3,46.21
3222,3222,493,1,21.86
3223,3223,16,4,708.88
3224,3224,114,4,1731.9
3225,3225,696,1,147.69
3226,3226,578,1,222.33
3227,3227,252,1,37.48
3228,3228,180,2,1535.73
3229,3229,67,1,1288.51
3230,3230,381,1,433.63
3231,3231,34,2,564.15
3232,3232,496,2,186.76
3233,3233,581,2,5.61
3234,3234,147,4,4322.84
3235,3235,746,1,341.49
3236,3236,526,1,161.46
3237,3237,266,1,167.93
3238,3238,358,1,276.89
3239,3239,17,1,816.7
3240,3240,82,1,3071.0
3241,3241,274,2,156.06
3242,3242,744,1,264.79
3243,3243,70,4,1560.23
3244,3244,625,1,105.77
3245,3245,665,2,348.02
3246,3246,751,1,27.9
3247,3247,553,1,156.88
3248,3248,429,3,642.02
3249,3249,511,4,184.51
3251,3251,327,1,232.68
3252,3252,18,3,2350.88
3253,3253,613,1,10.14
3254,3254,255,2,238.71
3255,3255,161,1,4356.77
3256,3256,172,3,2706.24
3257,3257,723,2,181.75
3258,3258,274,1,156.06
3259,3259,414,1,272.92
3260,3260,651,3,303.26
3261,3261,726,1,758.05
3262,3262,212,3,172.12
3263,3263,26,1,2386.9
3264,3264,50,2,3323.67
3265,3265,637,1,228.07
3266,3266,694,1,738.42
3267,3267,375,1,415.84
3268,3268,298,2,211.96
3269,3269,658,1,324.63
3270,3270,335,2,847.16
3271,3271,757,2,187.1
3272,3272,153,2,4827.45
3273,3273,507,2,126.51
3274,3274,297,2,241.93
3275,3275,126,1,3818.42
3276,3276,131,1,2983.31
3277,3277,148,2,1350.51
3278,3278,576,1,32.88
3279,3279,732,1,435.82
3280,3280,181,1,2279.14
3281,3281,656,2,217.94
3282,3282,545,1,183.48
3283,3283,255,1,238.71
3284,3284,319,1,233.78
3285,3285,705,2,793.49
3286,3286,314,2,67.65
3287,3287,488,1,77.69
3288,3288,334,1,36.6
3289,3289,38,3,1340.7
3290,3290,232,1,23.94
3291,3291,631,5,22.35
3292,3292,5,3,481.86
3293,3293,226,3,119.73
3294,3294,216,2,119.25
3295,3295,610,3,29.89
3296,3296,440,1,747.34
3297,3297,743,2,545.9
3298,3298,8,1,3869.87
3299,3299,691,1,21.76
3300,3300,322,1,46.21
3301,3301,713,3,527.9
3302,3302,505,3,76.84
3303,3303,701,4,614.32
3304,3304,414,2,272.92
3305,3305,463,1,688.82
3306,3306,401,1,774.95
3307,3307,48,2,4406.69
3308,3308,526,2,161.46
3309,3309,40,1,4844.16
3310,3310,1,2,714.89
3311,3311,486,1,22.67
3312,3312,200,5,31.36
3313,3313,64,2,3403.99
3314,3314,438,1,519.72
3315,3315,304,1,44.03
3316,3316,96,1,2119.38
3317,3317,707,1,620.93
3318,3318,280,3,123.83
3319,3319,185,3,37.55
3320,3320,212,3,172.12
3321,3321,188,1,64.38
3322,3322,399,1,451.25
3323,3323,480,1,150.12
3324,3324,579,1,271.64
3325,3325,341,1,59.51
3326,3326,485,4,101.15
3327,3327,429,2,642.02
3328,3328,18,1,2350.88
3329,3329,72,2,2748.72
3330,3330,620,1,120.92
3331,3331,614,1,337.25
3332,3332,61,1,558.31
3333,3333,367,1,652.94
3334,3334,367,1,652.94
3335,3335,569,1,141.29
3336,3336,662,1,109.41
3337,3337,38,3,1340.7
3338,3338,124,1,1143.91
3339,3339,162,2,2316.52
3340,3340,751,2,27.9
3341,3341,745,2,234.2
3342,3342,137,2,474.38
3343,3343,501,1,11.4
3344,3344,66,1,1582.1
3345,3345,342,1,608.75
3346,3346,497,1,20.54
3347,3347,736,1,562.66
3348,3348,290,2,67.25
3349,3349,129,1,3943.37
3350,3350,283,2,209.19
3351,3351,625,1,105.77
3352,3352,518,1,37.43
3353,3353,706,1,148.71
3354,3354,718,1,186.44
3355,3355,622,4,153.74
3356,3356,358,2,276.89
3357,3357,174,1,593.54
3358,3358,576,2,32.88
3359,3359,476,1,11.53
3360,3360,358,1,276.89
3361,3361,332,3,9.64
3362,3362,144,1,4210.19
3363,3363,200,3,31.36
3364,3364,567,4,49.45
3365,3365,4,1,3496.72
3366,3366,445,1,198.54
3367,3367,115,2,1546.97
3368,3368,310,1,54.16
3369,3369,40,1,4844.16
3370,3370,416,1,652.56
3371,3371,57,2,1262.65
3372,3372,20,1,36.15
3373,3373,333,1,182.93
3374,3374,127,1,393.81
3375,3375,84,1,3195.54
3376,3376,687,1,531.25
3377,3377,292,1,216.47
3378,3378,51,5,794.12
3379,3379,536,1,54.67
3380,3380,658,1,324.63
3381,3381,51,2,794.12
3382,3382,729,2,493.75
3383,3383,16,2,708.88
3384,3384,160,1,744.93
3385,3385,43,1,617.03
3386,3386,1,1,714.89
3387,3387,359,1,773.2
3388,3388,583,1,243.95
3389,3389,650,1,190.13
3390,3390,756,2,454.23
3391,3391,556,1,55.68
3392,3392,132,3,1534.36
3393,3393,424,1,274.72
3394,3394,5,2,481.86
3395,3395,8,1,3869.87
3396,3396,3,1,2733.8
3397,3397,717,1,582.82
3398,3398,36,2,4845.59
3399,3399,700,3,474.11
3400,3400,570,4,131.96
3401,3401,647,1,115.03
3402,3402,628,1,49.89
3403,3403,1,4,714.89
3404,3404,660,1,238.33
3405,3405,567,1,49.45
3406,3406,397,1,249.33
3407,3407,136,2,4582.03
3408,3408,734,2,86.88
3409,3409,703,1,12.69
3410,3410,33,2,2067.28
3411,3411,520,2,154.62
3412,3412,265,1,153.78
3413,3413,747,1,258.27
3414,3414,43,1,617.03
3415,3415,588,4,225.54
3416,3416,389,2,574.36
3417,3417,41,1,2929.19
3418,3418,553,3,156.88
3419,3419,90,1,4768.07
3420,3420,154,1,2061.68
3421,3421,678,5,59.08
3422,3422,670,1,259.97
3423,3423,105,1,545.57
3424,3424,614,1,337.25
3425,3425,537,2,81.58
3426,3426,136,2,4582.03
3427,3427,700,1,474.11
3428,3428,758,3,15.36
3429,3429,264,1,231.67
3430,3430,654,1,202.93
3431,3431,255,2,238.71
3432,3432,496,4,186.76
3433,3433,279,1,39.39
3434,3434,638,1,105.78
3435,3435,195,4,43.89
3436,3436,160,2,744.93
3437,3437,683,1,473.02
3438,3438,484,2,96.02
3439,3439,96,1,2119.38
3440,3440,638,1,105.78
3441,3441,506,1,188.42
3442,3442,204,1,34.18
3443,3443,356,1,536.57
3444,3444,344,1,805.84
3445,3445,370,1,751.68
3446,3446,344,4,805.84
3447,3447,471,4,149.5
3448,3448,63,1,2004.35
3449,3449,462,2,127.45
3450,3450,626,1,181.24
3451,3451,385,2,23.93
3452,3452,409,2,329.97
3453,3453,329,1,164.88
3454,3454,453,1,727.29
3455,3455,88,4,4526.09
3456,3456,541,1,85.54
3457,3457,235,1,99.15
3458,3458,329,2,164.88
3459,3459,323,1,77.5
3460,3460,182,1,789.51
3461,3461,360,1,505.98
3462,3462,583,1,243.95
3463,3463,158,1,510.24
3464,3464,717,1,582.82
3465,3465,250,1,41.58
3466,3466,519,1,180.5
3467,3467,211,4,154.9
3468,3468,451,1,79.36
3469,3469,488,1,77.69
3470,3470,6,1,3654.05
3471,3471,288,2,237.54
3472,3472,140,1,2582.68
3473,3473,14,1,4425.71
3474,3474,66,1,1582.1
3475,3475,242,3,241.66
3476,3476,700,1,474.11
3477,3477,126,1,3818.42
3478,3478,702,1,211.43
3479,3479,558,1,113.56
3480,3480,171,1,468.85
3481,3481,585,1,185.33
3482,3482,212,2,172.12
3483,3483,244,1,47.21
3484,3484,205,1,203.34
3485,3485,540,2,187.1
3486,3486,187,1,144.62
3487,3487,302,1,200.36
3488,3488,757,3,187.1
3489,3489,244,1,47.21
3490,3490,573,2,46.31
3491,3491,446,2,768.65
3492,3492,535,1,73.33
3493,3493,366,5,329.73
3494,3494,274,1,156.06
3495,3495,347,1,775.65
3496,3496,237,1,54.46
3497,3497,17,1,816.7
3498,3498,538,1,82.44
3499,3499,572,1,139.15
3500,3500,448,1,795.1
3501,3501,376,1,500.95
3502,3502,668,3,217.24
3503,3503,285,1,161.67
3504,3504,633,1,39.45
3505,3505,506,1,188.42
3506,3506,112,3,2784.77
3507,3507,387,1,713.53
3508,3508,189,2,246.97
3509,3509,120,1,530.88
3510,3510,745,1,234.2
3511,3511,226,5,119.73
3512,3512,476,2,11.53
3514,3514,235,3,99.15
3515,3515,647,4,115.03
3516,3516,166,1,1493.43
3517,3517,94,1,2154.48
3518,3518,313,1,228.72
3519,3519,494,1,53.12
3520,3520,602,1,169.46
3521,3521,377,1,456.96
3522,3522,512,4,45.47
3523,3523,120,1,530.88
3524,3524,583,3,243.95
3525,3525,174,1,593.54
3526,3526,137,1,474.38
3527,3527,120,1,530.88
3528,3528,616,1,211.57
3529,3529,313,2,228.72
3530,3530,312,3,143.72
3531,3531,40,3,4844.16
3532,3532,450,5,632.49
3533,3533,227,2,130.7
3534,3534,669,2,113.44
3535,3535,265,1,153.78
3536,3536,534,1,95.47
3537,3537,105,5,545.57
3538,3538,346,1,409.19
3539,3539,288,1,237.54
3540,3540,576,1,32.88
3541,3541,244,1,47.21
3542,3542,182,1,789.51
3543,3543,412,2,506.6
3544,3544,567,2,49.45
3545,3545,550,1,133.78
3546,3546,400,1,305.66
3547,3547,50,2,3323.67
3548,3548,631,1,22.35
3549,3549,200,5,31.36
3550,3550,358,2,276.89
3551,3551,733,1,417.93
3552,3552,509,1,37.13
3553,3553,170,1,3238.77
3554,3554,513,3,29.13
3555,3555,157,2,1189.15
3556,3556,661,1,52.91
3557,3557,651,1,303.26
3558,3558,62,1,2312.3
3559,3559,605,5,255.63
3560,3560,490,2,91.21
3561,3561,122,2,388.92
3562,3562,659,1,51.18
3563,3563,530,3,40.14
3564,3564,447,2,402.73
3565,3565,71,2,3331.34
3566,3566,566,1,65.14
3567,3567,116,1,4755.36
3568,3568,171,2,468.85
3569,3569,103,1,3010.04
3570,3570,746,3,341.49
3571,3571,667,2,85.14
3572,3572,573,2,46.31
3573,3573,231,1,101.74
3574,3574,207,1,51.89
3575,3575,622,1,153.74
3576,3576,500,2,83.92
3577,3577,54,1,3534.21
3578,3578,373,1,581.2
3579,3579,508,1,111.49
3580,3580,730,1,257.12
3581,3581,21,3,2548.24
3582,3582,132,1,1534.36
3583,3583,136,3,4582.03
3584,3584,158,4,510.24
3585,3585,505,1,76.84
3586,3586,184,1,95.76
3587,3587,363,1,306.33
3588,3588,676,1,257.69
3589,3589,539,1,172.0
3590,3590,514,1,31.2
3591,3591,268,1,237.38
3592,3592,624,1,342.9
3594,3594,167,4,3435.27
3595,3595,754,1,264.87
3596,3596,469,1,285.26
3597,3597,308,1,166.64
3598,3598,143,2,3554.71
3599,3599,211,2,154.9
3600,3600,468,1,763.35
3601,3601,140,2,2582.68
3602,3602,576,1,32.88
3603,3603,361,3,830.77
3604,3604,287,1,226.27
3605,3605,579,1,271.64
3606,3606,311,1,129.43
3607,3607,611,1,81.05
3608,3608,726,1,758.05
3609,3609,292,2,216.47
3610,3610,424,1,274.72
3611,3611,116,1,4755.36
3612,3612,614,1,337.25
3613,3613,206,1,175.81
3614,3614,711,1,70.46
3615,3615,206,2,175.81
3616,3616,186,1,152.5
3617,3617,550,1,133.78
3618,3618,58,2,3110.88
3619,3619,130,1,3245.21
3620,3620,402,1,188.75
3621,3621,564,1,78.46
3622,3622,413,1,614.79
3623,3623,147,1,4322.84
3625,3625,77,1,2287.96
3626,3626,465,1,379.72
3627,3627,749,1,25.31
3628,3628,553,1,156.88
3629,3629,445,1,198.54
3630,3630,244,1,47.21
3631,3631,481,1,189.58
3632,3632,244,1,47.21
3633,3633,625,1,105.77
3634,3634,133,4,2998.21
3635,3635,657,2,325.09
3636,3636,311,1,129.43
3637,3637,509,2,37.13
3638,3638,727,2,198.94
3639,3639,471,2,149.5
3640,3640,500,2,83.92
3641,3641,579,4,271.64
3642,3642,113,1,1123.54
3643,3643,542,1,173.49
3644,3644,31,2,2437.35
3645,3645,180,2,1535.73
3646,3646,177,2,2931.1
3647,3647,358,1,276.89
3648,3648,252,1,37.48
3649,3649,150,1,3819.1
3650,3650,717,1,582.82
3651,3651,301,2,141.06
3652,3652,617,1,291.13
3653,3653,632,1,54.65
3654,3654,333,1,182.93
3655,3655,303,3,129.01
3656,3656,551,2,148.19
3657,3657,71,2,3331.34
3658,3658,558,1,113.56
3659,3659,192,2,132.19
3660,3660,748,1,691.2
3661,3661,343,1,524.69
3662,3662,413,3,614.79
3663,3663,620,4,120.92
3664,3664,691,1,21.76
3665,3665,58,1,3110.88
3666,3666,531,3,22.73
3667,3667,139,3,2285.02
3668,3668,691,1,21.76
3669,3669,98,2,1012.81
3670,3670,594,1,59.48
3671,3671,108,1,4157.03
3672,3672,17,1,816.7
3673,3673,514,1,31.2
3674,3674,8,1,3869.87
3675,3675,120,3,530.88
3676,3676,630,1,188.72
3677,3677,522,5,157.0
3678,3678,121,1,4828.17
3679,3679,278,2,65.28
3680,3680,621,1,231.82
3681,3681,449,1,340.93
3682,3682,563,5,69.5
3683,3683,468,5,763.35
3684,3684,413,1,614.79
3685,3685,39,1,4977.19
3686,3686,593,1,176.21
3687,3687,77,4,2287.96
3688,3688,430,1,206.26
3689,3689,352,2,39.87
3690,3690,747,2,258.27
3691,3691,552,2,86.71
3692,3692,545,1,183.48
3693,3693,676,1,257.69
3694,3694,130,1,3245.21
3695,3695,732,1,435.82
3696,3696,727,1,198.94
3697,3697,704,1,344.86
3698,3698,666,2,37.97
3699,3699,609,3,216.06
3700,3700,226,5,119.73
3701,3701,269,1,172.41
3702,3702,79,3,4429.61
3703,3703,269,1,172.41
3704,3704,9,1,2277.97
3705,3705,410,1,325.95
3706,3706,503,3,152.47
3707,3707,410,3,325.95
3708,3708,744,1,264.79
3709,3709,412,1,506.6
3710,3710,461,1,454.62
3711,3711,454,2,612.64
3712,3712,700,1,474.11
3713,3713,757,1,187.1
3714,3714,530,2,40.14
3715,3715,451,2,79.36
3716,3716,469,3,285.26
3717,3717,497,3,20.54
3718,3718,227,2,130.7
3719,3719,12,1,3846.19
3720,3720,651,1,303.26
3721,3721,210,1,190.56
3722,3722,253,2,11.97
3723,3723,719,2,329.85
3724,3724,743,1,545.9
3725,3725,700,1,474.11
3726,3726,281,1,116.88
3727,3727,361,1,830.77
3728,3728,634,1,86.2
3729,3729,678,5,59.08
3730,3730,197,2,166.43
3731,3731,252,4,37.48
3732,3732,217,1,109.07
3733,3733,372,1,160.64
3734,3734,594,1,59.48
3735,3735,20,1,36.15
3736,3736,639,1,181.78
3737,3737,244,1,47.21
3738,3738,78,3,2010.26
3739,3739,561,1,131.2
3740,3740,267,1,116.2
3741,3741,600,1,334.45
3742,3742,644,1,233.5
3743,3743,665,3,348.02
3744,3744,97,5,4760.55
3745,3745,203,1,93.09
3746,3746,119,3,246.66
3747,3747,327,4,232.68
3748,3748,489,1,179.55
3749,3749,345,1,130.52
3750,3750,667,2,85.14
3751,3751,739,2,403.17
3752,3752,409,2,329.97
3753,3753,505,2,76.84
3754,3754,500,1,83.92
3755,3755,412,2,506.6
3756,3756,626,1,181.24
3757,3757,449,2,340.93
3758,3758,227,2,130.7
3759,3759,385,1,23.93
3760,3760,598,1,238.15
3761,3761,142,2,2755.1
3762,3762,39,1,4977.19
3763,3763,365,3,362.99
3764,3764,430,4,206.26
3765,3765,162,1,2316.52
3766,3766,237,1,54.46
3767,3767,347,1,775.65
3768,3768,475,2,50.23
3769,3769,511,3,184.51
3770,3770,582,1,265.86
3771,3771,554,1,30.09
3772,3772,415,1,320.0
3773,3773,511,1,184.51
3774,3774,704,3,344.86
3775,3775,566,1,65.14
3776,3776,603,3,296.14
3777,3777,549,5,170.94
3778,3778,535,1,73.33
3779,3779,149,1,3306.49
3780,3780,603,1,296.14
3781,3781,393,1,687.59
3782,3782,334,3,36.6
3784,3784,559,1,57.73
3785,3785,254,2,66.21
3786,3786,468,4,763.35
3787,3787,74,2,4799.95
3788,3788,151,1,1209.24
3789,3789,73,1,3280.42
3790,3790,377,1,456.96
3791,3791,325,1,234.0
3792,3792,284,1,62.55
3793,3793,559,2,57.73
3794,3794,118,1,1495.3
3795,3795,573,2,46.31
3796,3796,721,1,453.58
3797,3797,78,2,2010.26
3798,3798,547,2,92.5
3799,3799,342,3,608.75
3800,3800,284,1,62.55
3801,3801,682,1,291.05
3802,3802,45,2,3586.63
3803,3803,449,1,340.93
3804,3804,652,2,341.76
3805,3805,492,1,157.87
3806,3806,282,3,162.82
3807,3807,379,1,342.01
3808,3808,169,1,966.85
3809,3809,145,1,2554.17
3810,3810,697,2,603.63
3811,3811,16,1,708.88
3812,3812,714,2,560.86
3813,3813,729,1,493.75
3814,3814,677,1,233.28
3815,3815,632,1,54.65
3816,3816,359,3,773.2
3817,3817,211,3,154.9
3818,3818,76,2,1011.66
3819,3819,277,2,162.31
3820,3820,280,1,123.83
3821,3821,347,1,775.65
3822,3822,346,3,409.19
3823,3823,237,1,54.46
3824,3824,197,1,166.43
3825,3825,185,1,37.55
3826,3826,602,3,169.46
3827,3827,197,3,166.43
3828,3828,621,2,231.82
3829,3829,683,1,473.02
3830,3830,249,1,180.95
3831,3831,543,1,65.32
3832,3832,523,1,51.16
3833,3833,385,1,23.93
3834,3834,113,2,1123.54
3835,3835,55,3,762.28
3836,3836,80,1,2333.45
3837,3837,168,2,4516.61
3838,3838,507,1,126.51
3839,3839,647,1,115.03
3840,3840,455,2,322.55
3841,3841,198,1,108.13
3842,3842,705,4,793.49
3843,3843,229,1,204.24
3844,3844,102,1,398.45
3845,3845,85,1,405.86
3846,3846,668,5,217.24
3847,3847,400,1,305.66
3848,3848,389,1,574.36
3849,3849,410,1,325.95
3850,3850,434,3,410.25
3851,3851,187,3,144.62
3852,3852,31,1,2437.35
3853,3853,304,4,44.03
3854,3854,374,1,690.25
3855,3855,217,3,109.07
3856,3856,445,3,198.54
3857,3857,749,3,25.31
3858,3858,109,1,3059.44
3859,3859,646,1,316.95
3860,3860,232,3,23.94
3861,3861,696,1,147.69
3862,3862,524,1,140.52
3863,3863,539,1,172.0
3864,3864,649,1,229.42
3865,3865,664,1,43.65
3866,3866,495,1,106.76
3867,3867,13,1,349.61
3868,3868,406,1,719.93
3869,3869,737,2,783.55
3870,3870,679,2,128.13
3871,3871,661,2,52.91
3872,3872,520,2,154.62
3873,3873,519,1,180.5
3874,3874,550,2,133.78
3875,3875,164,1,1509.78
3876,3876,649,2,229.42
3877,3877,77,1,2287.96
3878,3878,456,1,403.71
3879,3879,418,1,304.57
3880,3880,672,1,213.88
3881,3881,592,1,148.9
3882,3882,583,1,243.95
3883,3883,530,1,40.14
3884,3884,253,2,11.97
3885,3885,318,2,115.05
3886,3886,143,1,3554.71
3887,3887,651,2,303.26
3889,3889,396,4,655.1
3890,3890,132,3,1534.36
3891,3891,74,1,4799.95
3892,3892,194,2,111.15
3893,3893,626,1,181.24
3894,3894,38,1,1340.7
3895,3895,413,1,614.79
3897,3897,122,1,388.92
3898,3898,425,3,114.07
3899,3899,641,3,57.17
3900,3900,693,1,120.16
3901,3901,204,1,34.18
3902,3902,601,2,43.38
3903,3903,745,1,234.2
3904,3904,670,2,259.97
3905,3905,395,2,708.14
3906,3906,9,2,2277.97
3907,3907,614,1,337.25
3908,3908,51,1,794.12
3909,3909,12,3,3846.19
3910,3910,461,1,454.62
3911,3911,701,2,614.32
3912,3912,658,3,324.63
3913,3913,16,1,708.88
3914,3914,619,2,45.77
3915,3915,202,2,189.56
3916,3916,714,2,560.86
3917,3917,571,1,160.51
3918,3918,292,1,216.47
3919,3919,311,2,129.43
3920,3920,391,3,229.33
3921,3921,494,1,53.12
3922,3922,129,5,3943.37
3923,3923,532,2,84.1
3924,3924,442,2,92.84
3925,3925,117,1,2956.13
3926,3926,380,1,618.79
3927,3927,367,1,652.94
3928,3928,343,1,524.69
3929,3929,531,1,22.73
3930,3930,616,1,211.57
3931,3931,121,1,4828.17
3932,3932,14,1,4425.71
3933,3933,237,1,54.46
3934,3934,192,2,132.19
3935,3935,529,1,125.91
3936,3936,619,2,45.77
3937,3937,588,1,225.54
3938,3938,308,1,166.64
3939,3939,507,1,126.51
3940,3940,696,1,147.69
3941,3941,120,3,530.88
3942,3942,755,1,759.14
3943,3943,450,1,632.49
3944,3944,58,2,3110.88
3945,3945,582,1,265.86
3946,3946,110,1,1076.35
3947,3947,452,1,889.45
3948,3948,84,2,3195.54
3949,3949,688,1,174.08
3950,3950,688,3,174.08
3951,3951,676,2,257.69
3952,3952,574,3,90.79
3953,3953,640,1,206.05
3954,3954,81,2,3344.53
3956,3956,292,2,216.47
3957,3957,506,2,188.42
3958,3958,600,3,334.45
3959,3959,285,5,161.67
3960,3960,565,2,57.29
3961,3961,561,2,131.2
3962,3962,358,1,276.89
3963,3963,745,4,234.2
3964,3964,562,2,117.53
3965,3965,263,1,114.41
3966,3966,326,1,219.08
3967,3967,78,1,2010.26
3968,3968,229,1,204.24
3969,3969,557,1,10.64
3970,3970,320,1,66.66
3971,3971,713,3,527.9
3972,3972,59,1,4057.63
3973,3973,379,1,342.01
3974,3974,399,1,451.25
3975,3975,416,2,652.56
3976,3976,61,3,558.31
3977,3977,13,1,349.61
3978,3978,120,2,530.88
3979,3979,596,1,29.96
3980,3980,524,1,140.52
3981,3981,138,5,1662.41
3982,3982,173,5,1299.7
3983,3983,627,1,222.86
3984,3984,317,2,91.51
3985,3985,391,2,229.33
3986,3986,76,3,1011.66
3987,3987,86,1,709.09
3988,3988,29,1,338.84
3989,3989,340,1,403.23
3990,3990,531,2,22.73
3991,3991,30,2,1160.12
3992,3992,365,2,362.99
3993,3993,13,1,349.61
3994,3994,238,1,130.85
3995,3995,577,2,345.37
3996,3996,753,1,503.79
3997,3997,644,1,233.5
3998,3998,702,3,211.43
3999,3999,664,1,43.65
4000,4000,492,3,157.87
4001,4001,321,1,108.01
4002,4002,319,5,233.78
4003,4003,122,1,388.92
4004,4004,514,5,31.2
4005,4005,535,2,73.33
4006,4006,367,1,652.94
4007,4007,384,1,259.52
4008,4008,620,1,120.92
4009,4009,540,2,187.1
4010,4010,290,1,67.25
4011,4011,737,1,783.55
4012,4012,193,1,80.98
4013,4013,684,1,416.47
4014,4014,166,1,1493.43
4015,4015,65,1,4813.41
4016,4016,311,1,129.43
4017,4017,688,1,174.08
4018,4018,42,1,418.95
4019,4019,211,3,154.9
4020,4020,278,1,65.28
4021,4021,498,1,124.5
4022,4022,353,1,218.55
4023,4023,86,2,709.09
4024,4024,120,5,530.88
4025,4025,118,1,1495.3
4026,4026,708,3,561.54
4027,4027,537,1,81.58
4028,4028,531,2,22.73
4029,4029,430,2,206.26
4030,4030,201,2,143.89
4031,4031,336,2,414.92
4032,4032,482,1,9.41
4033,4033,305,1,103.09
4034,4034,194,1,111.15
4035,4035,52,1,1334.63
4036,4036,214,3,37.03
4037,4037,406,1,719.93
4038,4038,34,3,564.15
4039,4039,395,2,708.14
4040,4040,507,1,126.51
4041,4041,650,1,190.13
4042,4042,105,1,545.57
4043,4043,126,1,3818.42
4044,4044,641,2,57.17
4045,4045,558,3,113.56
4046,4046,679,1,128.13
4047,4047,276,2,141.09
4048,4048,523,1,51.16
4049,4049,545,1,183.48
4050,4050,201,1,143.89
4051,4051,21,1,2548.24
4052,4052,709,2,493.91
4053,4053,71,2,3331.34
4054,4054,730,4,257.12
4055,4055,306,3,126.53
4056,4056,623,1,286.06
4057,4057,698,1,7.94
4058,4058,590,2,193.35
4059,4059,22,1,1010.57
4060,4060,108,2,4157.03
4061,4061,477,2,174.42
4062,4062,669,1,113.44
4063,4063,269,1,172.41
4064,4064,18,1,2350.88
4065,4065,680,1,235.32
4066,4066,303,2,129.01
4067,4067,24,1,4161.68
4068,4068,116,1,4755.36
4069,4069,676,3,257.69
4070,4070,591,1,108.18
4071,4071,529,2,125.91
4072,4072,483,1,162.06
4073,4073,257,1,66.34
4074,4074,253,2,11.97
4075,4075,82,1,3071.0
4076,4076,10,1,3515.06
4077,4077,353,1,218.55
4078,4078,556,1,55.68
4079,4079,24,2,4161.68
4080,4080,649,3,229.42
4081,4081,109,4,3059.44
4082,4082,71,4,3331.34
4083,4083,121,1,4828.17
4084,4084,411,1,718.64
4085,4085,354,1,736.04
4086,4086,540,1,187.1
4087,4087,202,1,189.56
4088,4088,220,1,61.61
4089,4089,98,1,1012.81
4090,4090,742,3,293.23
4091,4091,302,1,200.36
4092,4092,250,1,41.58
4093,4093,170,1,3238.77
4094,4094,687,3,531.25
4095,4095,198,2,108.13
4096,4096,346,2,409.19
4097,4097,142,3,2755.1
4098,4098,273,1,101.64
4099,4099,400,3,305.66
4100,4100,20,1,36.15
4101,4101,375,3,415.84
4102,4102,475,2,50.23
4103,4103,398,2,276.77
4104,4104,752,1,526.27
4105,4105,626,1,181.24
4106,4106,458,4,230.86
4107,4107,430,1,206.26
4108,4108,279,1,39.39
4109,4109,277,2,162.31
4110,4110,642,3,127.89
4111,4111,239,1,157.55
4112,4112,397,2,249.33
4113,4113,558,2,113.56
4114,4114,57,2,1262.65
4115,4115,433,1,204.49
4116,4116,511,2,184.51
4117,4117,731,2,733.38
4118,4118,717,1,582.82
4119,4119,321,1,108.01
4120,4120,13,1,349.61
4121,4121,210,1,190.56
4122,4122,311,2,129.43
4123,4123,622,4,153.74
4124,4124,204,1,34.18
4125,4125,35,1,1264.03
4126,4126,297,1,241.93
4127,4127,174,1,593.54
4128,4128,512,1,45.47
4129,4129,625,1,105.77
4130,4130,603,3,296.14
4131,4131,19,1,4426.24
4132,4132,93,1,2679.93
4133,4133,100,4,3744.66
4134,4134,369,5,525.43
4135,4135,696,1,147.69
4136,4136,331,1,28.98
4137,4137,109,1,3059.44
4138,4138,597,1,95.38
4139,4139,377,4,456.96
4140,4140,15,4,3740.12
4141,4141,426,1,351.49
4142,4142,576,4,32.88
4143,4143,740,2,452.77
4144,4144,96,1,2119.38
4145,4145,294,3,20.24
4146,4146,438,1,519.72
4147,4147,191,1,187.49
4148,4148,340,1,403.23
4149,4149,5,1,481.86
4150,4150,30,1,1160.12
4151,4151,171,1,468.85
4152,4152,114,3,1731.9
4153,4153,259,1,52.1
4154,4154,556,2,55.68
4155,4155,220,5,61.61
4156,4156,193,5,80.98
4157,4157,123,4,444.19
4158,4158,124,1,1143.91
4159,4159,546,3,167.82
4160,4160,631,1,22.35
4161,4161,730,1,257.12
4162,4162,58,1,3110.88
4163,4163,494,1,53.12
4164,4164,99,3,1105.45
4165,4165,696,1,147.69
4166,4166,749,1,25.31
4167,4167,585,1,185.33
4168,4168,315,1,175.03
4169,4169,134,1,4810.31
4170,4170,1,1,714.89
4171,4171,123,1,444.19
4172,4172,343,2,524.69
4173,4173,52,2,1334.63
4174,4174,423,1,532.42
4175,4175,160,1,744.93
4176,4176,575,3,27.16
4177,4177,631,1,22.35
4178,4178,598,1,238.15
4179,4179,26,1,2386.9
4180,4180,754,3,264.87
4181,4181,686,2,229.67
4182,4182,103,2,3010.04
4183,4183,288,2,237.54
4184,4184,304,2,44.03
4185,4185,403,1,446.99
4186,4186,473,1,15.25
4187,4187,245,3,124.29
4188,4188,174,3,593.54
4189,4189,308,1,166.64
4190,4190,668,1,217.24
4191,4191,614,1,337.25
4192,4192,609,1,216.06
4193,4193,176,1,89.3
4194,4194,567,1,49.45
4195,4195,644,1,233.5
4196,4196,409,1,329.97
4197,4197,190,3,94.68
4198,4198,615,1,121.93
4199,4199,566,5,65.14
4200,4200,31,1,2437.35
4201,4201,179,2,4122.79
4202,4202,645,3,168.29
4203,4203,380,3,618.79
4204,4204,686,1,229.67
4205,4205,559,2,57.73
4206,4206,81,1,3344.53
4207,4207,388,2,77.65
4208,4208,187,3,144.62
4209,4209,565,2,57.29
4210,4210,487,4,127.54
4211,4211,637,1,228.07
4212,4212,241,3,65.47
4213,4213,38,5,1340.7
4214,4214,441,3,249.15
4215,4215,385,1,23.93
4216,4216,749,1,25.31
4217,4217,291,1,46.25
4218,4218,307,1,245.13
4219,4219,89,1,1914.29
4220,4220,388,1,77.65
4221,4221,79,1,4429.61
4222,4222,447,4,402.73
4223,4223,33,1,2067.28
4224,4224,11,1,1239.15
4225,4225,339,1,747.6
4226,4226,201,1,143.89
4227,4227,138,1,1662.41
4228,4228,671,1,170.05
4229,4229,257,2,66.34
4230,4230,540,1,187.1
4231,4231,527,1,36.46
4232,4232,330,4,191.25
4233,4233,183,1,75.69
4234,4234,591,1,108.18
4235,4235,156,1,4299.51
4236,4236,536,2,54.67
4237,4237,406,4,719.93
4238,4238,504,2,71.43
4239,4239,320,4,66.66
4240,4240,356,3,536.57
4241,4241,745,1,234.2
4242,4242,185,3,37.55
4243,4243,20,4,36.15
4244,4244,588,1,225.54
4245,4245,644,4,233.5
4246,4246,535,1,73.33
4247,4247,575,1,27.16
4248,4248,43,1,617.03
4249,4249,139,2,2285.02
4250,4250,707,1,620.93
4251,4251,433,4,204.49
4252,4252,404,3,359.7
4253,4253,194,2,111.15
4254,4254,603,1,296.14
4255,4255,327,4,232.68
4256,4256,504,1,71.43
4257,4257,143,1,3554.71
4258,4258,348,2,208.18
4259,4259,357,1,848.0
4260,4260,162,1,2316.52
4261,4261,160,1,744.93
4262,4262,40,1,4844.16
4263,4263,123,1,444.19
4264,4264,753,2,503.79
4265,4265,666,2,37.97
4266,4266,67,1,1288.51
4267,4267,282,1,162.82
4268,4268,61,1,558.31
4269,4269,217,1,109.07
4270,4270,264,3,231.67
4271,4271,715,1,780.68
4272,4272,220,1,61.61
4273,4273,375,1,415.84
4274,4274,262,1,217.51
4275,4275,495,1,106.76
4276,4276,504,3,71.43
4277,4277,145,3,2554.17
4278,4278,422,3,111.41
4279,4279,373,1,581.2
4280,4280,695,1,20.12
4281,4281,655,2,153.82
4282,4282,596,1,29.96
4283,4283,443,1,527.93
4284,4284,32,1,2375.4
4285,4285,678,1,59.08
4286,4286,491,1,62.03
4288,4288,101,1,147.87
4289,4289,502,2,93.61
4290,4290,71,3,3331.34
4291,4291,565,4,57.29
4292,4292,745,2,234.2
4293,4293,615,2,121.93
4294,4294,398,1,276.77
4295,4295,36,1,4845.59
4296,4296,290,3,67.25
4297,4297,675,1,167.34
4298,4298,642,2,127.89
4300,4300,406,1,719.93
4301,4301,518,1,37.43
4302,4302,754,2,264.87
4304,4304,411,1,718.64
4305,4305,551,1,148.19
4306,4306,157,3,1189.15
4307,4307,674,5,270.13
4308,4308,402,3,188.75
4309,4309,6,5,3654.05
4310,4310,276,2,141.09
4311,4311,484,2,96.02
4313,4313,60,1,4655.45
4314,4314,100,1,3744.66
4315,4315,630,1,188.72
4316,4316,250,1,41.58
4317,4317,221,1,195.84
4318,4318,484,1,96.02
4319,4319,148,2,1350.51
4320,4320,287,1,226.27
4321,4321,400,1,305.66
4322,4322,148,1,1350.51
4323,4323,753,3,503.79
4324,4324,1,3,714.89
4325,4325,236,1,95.55
4326,4326,679,1,128.13
4328,4328,494,1,53.12
4329,4329,542,1,173.49
4330,4330,227,1,130.7
4331,4331,254,1,66.21
4332,4332,320,1,66.66
4333,4333,465,1,379.72
4335,4335,480,2,150.12
4336,4336,637,1,228.07
4337,4337,646,1,316.95
4338,4338,167,1,3435.27
4339,4339,129,1,3943.37
4340,4340,125,4,2155.56
4341,4341,655,2,153.82
4342,4342,550,1,133.78
4343,4343,425,2,114.07
4344,4344,654,5,202.93
4345,4345,171,2,468.85
4346,4346,337,3,684.03
4347,4347,402,1,188.75
4348,4348,377,1,456.96
4349,4349,346,2,409.19
4350,4350,108,2,4157.03
4351,4351,16,1,708.88
4352,4352,386,3,511.91
4353,4353,592,1,148.9
4354,4354,3,3,2733.8
4355,4355,136,3,4582.03
4356,4356,237,1,54.46
4357,4357,701,1,614.32
4358,4358,180,1,1535.73
4359,4359,205,4,203.34
4360,4360,124,1,1143.91
4361,4361,576,2,32.88
4362,4362,735,1,380.77
4363,4363,433,1,204.49
4364,4364,279,2,39.39
4365,4365,687,1,531.25
4366,4366,498,1,124.5
4367,4367,403,1,446.99
4368,4368,349,3,387.46
4369,4369,609,4,216.06
4370,4370,165,2,4996.87
4371,4371,98,1,1012.81
4372,4372,391,3,229.33
4373,4373,494,1,53.12
4374,4374,483,3,162.06
4375,4375,144,3,4210.19
4376,4376,125,2,2155.56
4377,4377,561,1,131.2
4378,4378,13,1,349.61
4379,4379,753,1,503.79
4380,4380,582,1,265.86
4381,4381,712,5,571.29
4382,4382,238,1,130.85
4383,4383,94,2,2154.48
4384,4384,71,4,3331.34
4385,4385,431,5,670.83
4386,4386,609,1,216.06
4387,4387,655,1,153.82
4388,4388,156,1,4299.51
4389,4389,598,1,238.15
4390,4390,385,1,23.93
4391,4391,47,2,4980.55
4392,4392,418,1,304.57
4393,4393,29,2,338.84
4394,4394,422,1,111.41
4395,4395,626,1,181.24
4396,4396,601,2,43.38
4397,4397,598,1,238.15
4398,4398,550,3,133.78
4399,4399,12,3,3846.19
4400,4400,590,2,193.35
4401,4401,532,3,84.1
4402,4402,368,1,510.64
4403,4403,120,1,530.88
4404,4404,20,1,36.15
4405,4405,345,1,130.52
4406,4406,20,1,36.15
4407,4407,292,1,216.47
4408,4408,315,1,175.03
4409,4409,491,1,62.03
4410,4410,651,1,303.26
4411,4411,139,1,2285.02
4412,4412,46,1,1594.55
4413,4413,594,2,59.48
4414,4414,602,3,169.46
4415,4415,534,2,95.47
4416,4416,426,1,351.49
4417,4417,418,1,304.57
4418,4418,159,5,4519.04
4419,4419,719,1,329.85
4420,4420,222,1,55.73
4421,4421,102,1,398.45
4422,4422,221,3,195.84
4423,4423,507,1,126.51
4424,4424,633,1,39.45
4426,4426,503,2,152.47
4427,4427,732,3,435.82
4428,4428,281,4,116.88
4429,4429,575,1,27.16
4430,4430,330,1,191.25
4431,4431,605,2,255.63
4432,4432,267,3,116.2
4433,4433,144,1,4210.19
4434,4434,657,3,325.09
4435,4435,200,2,31.36
4436,4436,247,2,222.07
4437,4437,51,2,794.12
4438,4438,4,5,3496.72
4439,4439,424,1,274.72
4440,4440,195,1,43.89
4441,4441,402,5,188.75
4442,4442,671,1,170.05
4443,4443,91,1,2451.37
4444,4444,236,3,95.55
4445,4445,295,1,46.64
4446,4446,451,1,79.36
4447,4447,457,1,351.78
4448,4448,496,1,186.76
4449,4449,594,1,59.48
4450,4450,206,1,175.81
4451,4451,390,1,344.12
4452,4452,562,1,117.53
4453,4453,506,1,188.42
4454,4454,335,1,847.16
4455,4455,34,1,564.15
4456,4456,47,1,4980.55
4457,4457,215,1,129.05
4458,4458,684,1,416.47
4459,4459,133,1,2998.21
4460,4460,3,1,2733.8
4461,4461,60,2,4655.45
4462,4462,721,1,453.58
4463,4463,546,1,167.82
4464,4464,747,1,258.27
4465,4465,275,1,225.47
4466,4466,153,5,4827.45
4467,4467,757,1,187.1
4468,4468,48,1,4406.69
4469,4469,574,2,90.79
4470,4470,344,1,805.84
4471,4471,664,1,43.65
4472,4472,726,1,758.05
4473,4473,398,1,276.77
4474,4474,319,1,233.78
4475,4475,315,2,175.03
4476,4476,655,1,153.82
4477,4477,527,1,36.46
4478,4478,106,1,3674.29
4479,4479,543,2,65.32
4480,4480,93,1,2679.93
4481,4481,450,1,632.49
4482,4482,485,1,101.15
4483,4483,264,1,231.67
4484,4484,84,2,3195.54
4485,4485,400,2,305.66
4486,4486,358,3,276.89
4487,4487,226,1,119.73
4488,4488,275,1,225.47
4489,4489,511,2,184.51
4490,4490,715,1,780.68
4491,4491,513,1,29.13
4492,4492,109,1,3059.44
4493,4493,448,1,795.1
4494,4494,68,4,3602.75
4495,4495,101,1,147.87
4496,4496,225,1,115.0
4497,4497,294,2,20.24
4498,4498,553,1,156.88
4499,4499,525,1,74.43
4500,4500,675,1,167.34
4501,4501,709,4,493.91
4502,4502,540,1,187.1
4503,4503,522,1,157.0
4504,4504,544,1,101.66
4505,4505,338,1,710.75
4506,4506,88,1,4526.09
4507,4507,357,2,848.0
4508,4508,546,3,167.82
4509,4509,411,1,718.64
4510,4510,267,1,116.2
4511,4511,202,1,189.56
4512,4512,194,3,111.15
4513,4513,523,2,51.16
4514,4514,358,2,276.89
4515,4515,743,1,545.9
4516,4516,574,1,90.79
4517,4517,46,1,1594.55
4518,4518,130,3,3245.21
4519,4519,168,1,4516.61
4520,4520,416,2,652.56
4521,4521,649,1,229.42
4522,4522,619,4,45.77
4523,4523,137,1,474.38
4524,4524,307,1,245.13
4525,4525,101,1,147.87
4526,4526,573,4,46.31
4527,4527,263,1,114.41
4528,4528,154,2,2061.68
4529,4529,125,1,2155.56
4530,4530,435,1,732.57
4531,4531,574,1,90.79
4532,4532,633,4,39.45
4533,4533,757,3,187.1
4534,4534,474,1,170.43
4535,4535,453,1,727.29
4536,4536,437,1,483.72
4537,4537,347,3,775.65
4538,4538,757,1,187.1
4539,4539,392,3,147.3
4540,4540,455,1,322.55
4541,4541,103,1,3010.04
4542,4542,626,1,181.24
4543,4543,518,2,37.43
4544,4544,149,1,3306.49
4545,4545,468,1,763.35
4546,4546,670,1,259.97
4547,4547,730,3,257.12
4548,4548,217,2,109.07
4549,4549,184,1,95.76
4550,4550,453,1,727.29
4551,4551,379,1,342.01
4553,4553,308,5,166.64
4554,4554,341,2,59.51
4555,4555,286,1,163.11
4556,4556,440,4,747.34
4557,4557,656,1,217.94
4558,4558,494,3,53.12
4559,4559,496,2,186.76
4560,4560,204,2,34.18
4561,4561,24,1,4161.68
4562,4562,225,2,115.0
4563,4563,113,1,1123.54
4564,4564,742,1,293.23
4565,4565,395,1,708.14
4566,4566,351,1,691.78
4567,4567,252,2,37.48
4568,4568,461,3,454.62
4569,4569,97,1,4760.55
4570,4570,58,1,3110.88
4571,4571,398,5,276.77
4572,4572,114,2,1731.9
4573,4573,375,1,415.84
4574,4574,69,2,3327.89
4575,4575,254,1,66.21
4576,4576,695,1,20.12
4577,4577,148,3,1350.51
4578,4578,383,1,626.13
4579,4579,313,1,228.72
4580,4580,253,1,11.97
4581,4581,415,1,320.0
4582,4582,165,1,4996.87
4583,4583,242,2,241.66
4584,4584,506,1,188.42
4585,4585,389,1,574.36
4586,4586,94,2,2154.48
4587,4587,391,1,229.33
4588,4588,502,1,93.61
4589,4589,55,1,762.28
4590,4590,485,1,101.15
4591,4591,485,1,101.15
4592,4592,738,3,686.04
4593,4593,233,1,166.88
4594,4594,517,1,184.21
4595,4595,306,1,126.53
4596,4596,375,1,415.84
4597,4597,242,1,241.66
4598,4598,143,1,3554.71
4599,4599,601,2,43.38
4600,4600,219,3,113.42
4601,4601,165,3,4996.87
4602,4602,560,2,130.36
4603,4603,679,2,128.13
4604,4604,301,1,141.06
4605,4605,46,1,1594.55
4606,4606,606,1,25.9
4608,4608,57,1,1262.65
4609,4609,538,1,82.44
4610,4610,69,1,3327.89
4611,4611,398,1,276.77
4612,4612,55,1,762.28
4613,4613,343,1,524.69
4614,4614,217,1,109.07
4615,4615,664,2,43.65
4616,4616,114,2,1731.9
4617,4617,246,1,74.01
4618,4618,471,1,149.5
4619,4619,74,1,4799.95
4620,4620,712,1,571.29
4621,4621,715,1,780.68
4622,4622,25,1,446.54
4623,4623,538,5,82.44
4624,4624,55,1,762.28
4625,4625,160,3,744.93
4626,4626,139,2,2285.02
4627,4627,628,2,49.89
4628,4628,678,2,59.08
4629,4629,726,1,758.05
4630,4630,232,1,23.94
4631,4631,514,2,31.2
4632,4632,123,1,444.19
4633,4633,686,2,229.67
4634,4634,599,5,7.34
4635,4635,644,1,233.5
4636,4636,17,5,816.7
4637,4637,357,1,848.0
4638,4638,389,2,574.36
4639,4639,251,1,210.05
4640,4640,234,2,83.07
4641,4641,270,1,164.12
4642,4642,181,1,2279.14
4643,4643,284,4,62.55
4644,4644,240,2,159.18
4645,4645,156,2,4299.51
4646,4646,623,1,286.06
4647,4647,39,1,4977.19
4648,4648,197,1,166.43
4649,4649,47,3,4980.55
4650,4650,710,1,644.85
4651,4651,402,1,188.75
4652,4652,736,2,562.66
4653,4653,72,2,2748.72
4654,4654,80,2,2333.45
4655,4655,107,3,2427.81
4656,4656,226,2,119.73
4657,4657,136,1,4582.03
4658,4658,417,1,586.68
4659,4659,250,1,41.58
4660,4660,582,2,265.86
4661,4661,176,1,89.3
4662,4662,376,1,500.95
4663,4663,6,1,3654.05
4664,4664,397,1,249.33
4665,4665,115,3,1546.97
4666,4666,475,1,50.23
4667,4667,658,1,324.63
4668,4668,666,1,37.97
4669,4669,473,1,15.25
4670,4670,452,1,889.45
4671,4671,111,1,1395.81
4672,4672,355,2,887.26
4673,4673,127,1,393.81
4674,4674,376,2,500.95
4675,4675,373,2,581.2
4676,4676,632,1,54.65
4677,4677,139,1,2285.02
4678,4678,349,1,387.46
4679,4679,145,3,2554.17
4680,4680,497,1,20.54
4681,4681,70,2,1560.23
4682,4682,179,3,4122.79
4683,4683,749,2,25.31
4684,4684,751,1,27.9
4685,4685,651,1,303.26
4686,4686,723,1,181.75
4687,4687,401,1,774.95
4688,4688,742,1,293.23
4689,4689,92,1,3994.74
4690,4690,558,1,113.56
4691,4691,428,2,441.29
4692,4692,158,2,510.24
4693,4693,143,1,3554.71
4694,4694,576,1,32.88
4695,4695,544,3,101.66
4696,4696,392,1,147.3
4697,4697,318,1,115.05
4698,4698,482,1,9.41
4699,4699,30,1,1160.12
4700,4700,653,1,162.88
4701,4701,754,1,264.87
4702,4702,697,1,603.63
4704,4704,370,2,751.68
4705,4705,695,2,20.12
4706,4706,639,1,181.78
4707,4707,750,1,70.48
4708,4708,219,2,113.42
4709,4709,730,5,257.12
4710,4710,237,2,54.46
4711,4711,101,1,147.87
4712,4712,255,5,238.71
4713,4713,66,4,1582.1
4714,4714,711,1,70.46
4715,4715,612,1,159.03
4716,4716,229,2,204.24
4717,4717,487,1,127.54
4718,4718,546,2,167.82
4719,4719,40,1,4844.16
4720,4720,117,1,2956.13
4721,4721,351,2,691.78
4722,4722,287,1,226.27
4723,4723,630,1,188.72
4724,4724,341,1,59.51
4725,4725,564,1,78.46
4726,4726,610,1,29.89
4727,4727,679,1,128.13
4729,4729,232,1,23.94
4730,4730,150,3,3819.1
4731,4731,144,1,4210.19
4732,4732,286,3,163.11
4733,4733,33,1,2067.28
4734,4734,384,3,259.52
4735,4735,172,1,2706.24
4736,4736,250,1,41.58
4737,4737,722,1,690.57
4738,4738,169,1,966.85
4739,4739,756,1,454.23
4740,4740,3,1,2733.8
4741,4741,317,1,91.51
4742,4742,123,1,444.19
4743,4743,45,3,3586.63
4744,4744,748,1,691.2
4745,4745,645,1,168.29
4746,4746,624,1,342.9
4747,4747,142,1,2755.1
4748,4748,719,1,329.85
4749,4749,225,1,115.0
4750,4750,594,1,59.48
4751,4751,105,1,545.57
4752,4752,685,2,12.22
4753,4753,23,2,4594.09
4754,4754,101,1,147.87
4755,4755,526,1,161.46
4756,4756,728,1,289.32
4757,4757,159,1,4519.04
4758,4758,694,1,738.42
4759,4759,170,1,3238.77
4760,4760,257,1,66.34
4762,4762,449,2,340.93
4763,4763,335,1,847.16
4764,4764,160,2,744.93
4765,4765,699,1,41.44
4766,4766,458,2,230.86
4767,4767,567,1,49.45
4768,4768,372,1,160.64
4769,4769,230,1,67.94
4770,4770,499,1,175.95
4771,4771,404,3,359.7
4772,4772,639,1,181.78
4773,4773,307,5,245.13
4774,4774,303,1,129.01
4775,4775,251,1,210.05
4776,4776,109,1,3059.44
4777,4777,231,5,101.74
4778,4778,250,1,41.58
4779,4779,683,4,473.02
4780,4780,693,1,120.16
4781,4781,701,1,614.32
4782,4782,244,3,47.21
4783,4783,369,1,525.43
4784,4784,363,3,306.33
4785,4785,711,2,70.46
4786,4786,195,1,43.89
4787,4787,717,2,582.82
4788,4788,157,2,1189.15
4789,4789,740,1,452.77
4790,4790,570,1,131.96
4791,4791,709,1,493.91
4792,4792,242,1,241.66
4793,4793,38,1,1340.7
4794,4794,686,1,229.67
4795,4795,688,3,174.08
4796,4796,462,1,127.45
4797,4797,700,1,474.11
4798,4798,222,1,55.73
4799,4799,483,1,162.06
4800,4800,380,1,618.79
4801,4801,295,4,46.64
4802,4802,102,1,398.45
4803,4803,753,1,503.79
4804,4804,235,1,99.15
4805,4805,747,2,258.27
4806,4806,572,1,139.15
4807,4807,705,4,793.49
4808,4808,704,2,344.86
4809,4809,100,2,3744.66
4810,4810,703,2,12.69
4811,4811,633,3,39.45
4812,4812,608,1,170.74
4813,4813,204,3,34.18
4814,4814,709,1,493.91
4815,4815,675,2,167.34
4816,4816,139,3,2285.02
4817,4817,363,1,306.33
4818,4818,654,4,202.93
4819,4819,389,4,574.36
4820,4820,564,1,78.46
4821,4821,158,1,510.24
4822,4822,599,1,7.34
4823,4823,498,1,124.5
4824,4824,604,3,66.71
4825,4825,319,1,233.78
4826,4826,114,5,1731.9
4827,4827,388,1,77.65
4828,4828,49,2,3523.62
4829,4829,456,2,403.71
4830,4830,701,3,614.32
4831,4831,31,3,2437.35
4832,4832,751,1,27.9
4833,4833,374,1,690.25
4834,4834,12,1,3846.19
4835,4835,24,2,4161.68
4836,4836,223,1,127.57
4837,4837,617,2,291.13
4838,4838,647,1,115.03
4839,4839,205,1,203.34
4840,4840,153,2,4827.45
4841,4841,341,1,59.51
4842,4842,678,1,59.08
4843,4843,444,2,601.08
4844,4844,85,3,405.86
4845,4845,279,1,39.39
4846,4846,285,1,161.67
4847,4847,294,1,20.24
4848,4848,507,4,126.51
4849,4849,495,2,106.76
4850,4850,158,4,510.24
4851,4851,599,1,7.34
4852,4852,340,1,403.23
4853,4853,312,2,143.72
4854,4854,3,3,2733.8
4855,4855,117,2,2956.13
4856,4856,483,5,162.06
4857,4857,272,1,104.31
4858,4858,56,2,228.3
4859,4859,526,3,161.46
4860,4860,155,1,1706.02
4861,4861,168,1,4516.61
4862,4862,258,2,204.86
4863,4863,589,1,230.12
4864,4864,638,1,105.78
4865,4865,615,1,121.93
4866,4866,279,2,39.39
4867,4867,456,2,403.71
4868,4868,121,1,4828.17
4869,4869,633,2,39.45
4870,4870,122,1,388.92
4871,4871,235,1,99.15
4872,4872,39,1,4977.19
4873,4873,476,1,11.53
4874,4874,521,1,142.88
4875,4875,532,1,84.1
4876,4876,647,1,115.03
4877,4877,346,1,409.19
4878,4878,480,1,150.12
4879,4879,741,1,652.35
4880,4880,480,1,150.12
4881,4881,192,1,132.19
4882,4882,576,1,32.88
4883,4883,542,1,173.49
4884,4884,533,3,123.06
4885,4885,573,1,46.31
4886,4886,493,2,21.86
4887,4887,331,2,28.98
4888,4888,360,1,505.98
4889,4889,30,1,1160.12
4890,4890,247,1,222.07
4891,4891,49,2,3523.62
4892,4892,380,4,618.79
4893,4893,145,1,2554.17
4894,4894,55,3,762.28
4895,4895,757,1,187.1
4896,4896,447,4,402.73
4897,4897,72,1,2748.72
4898,4898,743,1,545.9
4899,4899,706,3,148.71
4900,4900,283,2,209.19
4901,4901,57,2,1262.65
4902,4902,97,1,4760.55
4903,4903,282,1,162.82
4904,4904,523,1,51.16
4906,4906,584,2,61.78
4907,4907,650,3,190.13
4908,4908,225,2,115.0
4909,4909,109,2,3059.44
4910,4910,268,5,237.38
4911,4911,415,1,320.0
4912,4912,424,2,274.72
4913,4913,193,2,80.98
4914,4914,592,2,148.9
4915,4915,565,1,57.29
4916,4916,572,1,139.15
4917,4917,535,2,73.33
4918,4918,740,1,452.77
4919,4919,357,1,848.0
4920,4920,341,2,59.51
4922,4922,237,5,54.46
4923,4923,18,1,2350.88
4924,4924,390,1,344.12
4925,4925,600,4,334.45
4926,4926,367,1,652.94
4927,4927,748,1,691.2
4928,4928,364,4,114.4
4929,4929,677,1,233.28
4930,4930,363,1,306.33
4931,4931,155,2,1706.02
4932,4932,734,3,86.88
4933,4933,146,1,2765.29
4934,4934,637,1,228.07
4935,4935,325,3,234.0
4936,4936,385,1,23.93
4937,4937,461,2,454.62
4938,4938,112,1,2784.77
4939,4939,458,2,230.86
4940,4940,601,2,43.38
4941,4941,6,3,3654.05
4942,4942,58,1,3110.88
4943,4943,299,5,221.54
4944,4944,39,1,4977.19
4945,4945,500,1,83.92
4946,4946,536,1,54.67
4947,4947,134,2,4810.31
4948,4948,683,1,473.02
4949,4949,397,1,249.33
4950,4950,12,1,3846.19
4951,4951,30,1,1160.12
4952,4952,254,2,66.21
4953,4953,273,3,101.64
4954,4954,634,1,86.2
4955,4955,681,1,20.06
4956,4956,651,1,303.26
4957,4957,364,1,114.4
4958,4958,756,1,454.23
4959,4959,191,2,187.49
4960,4960,694,1,738.42
4961,4961,722,1,690.57
4962,4962,550,1,133.78
4963,4963,82,1,3071.0
4964,4964,88,1,4526.09
4965,4965,404,1,359.7
4966,4966,10,1,3515.06
4967,4967,9,1,2277.97
4968,4968,49,1,3523.62
4969,4969,327,4,232.68
4970,4970,616,3,211.57
4971,4971,71,2,3331.34
4972,4972,306,1,126.53
4973,4973,479,2,148.09
4974,4974,318,1,115.05
4976,4976,404,1,359.7
4977,4977,443,1,527.93
4978,4978,621,2,231.82
4979,4979,414,1,272.92
4980,4980,39,2,4977.19
4981,4981,486,2,22.67
4982,4982,607,2,121.04
4983,4983,256,3,161.82
4984,4984,507,5,126.51
4985,4985,735,1,380.77
4986,4986,736,3,562.66
4987,4987,577,1,345.37
4988,4988,452,1,889.45
4989,4989,20,2,36.15
4990,4990,548,2,79.31
4991,4991,100,1,3744.66
4992,4992,231,1,101.74
4993,4993,596,1,29.96
4994,4994,474,3,170.43
4995,4995,147,1,4322.84
4996,4996,92,1,3994.74
4997,4997,48,1,4406.69
4998,4998,111,1,1395.81
4999,4999,245,1,124.29
5000,5000,31,3,2437.35
5001,5001,260,1,222.35
5002,5002,8,1,3869.87
5003,5003,18,3,2350.88
5004,5004,472,1,101.9
5005,5005,547,2,92.5
5006,5006,51,4,794.12
5007,5007,578,2,222.33
5008,5008,392,2,147.3
5009,5009,240,1,159.18
5010,5010,696,1,147.69
5011,5011,701,2,614.32
5012,5012,744,4,264.79
5013,5013,600,2,334.45
5014,5014,745,1,234.2
5015,5015,689,1,476.72
5016,5016,36,1,4845.59
5017,5017,130,1,3245.21
5018,5018,206,1,175.81
5019,5019,618,1,174.37
5020,5020,601,1,43.38
5021,5021,240,1,159.18
5022,5022,560,1,130.36
5023,5023,102,1,398.45
5024,5024,309,1,49.25
5025,5025,156,1,4299.51
5026,5026,624,3,342.9
5027,5027,740,1,452.77
5028,5028,185,3,37.55
5029,5029,260,1,222.35
5030,5030,64,1,3403.99
5031,5031,645,1,168.29
5032,5032,612,2,159.03
5033,5033,497,2,20.54
5034,5034,377,3,456.96
5035,5035,390,1,344.12
5036,5036,164,1,1509.78
5037,5037,87,1,2049.83
5038,5038,279,4,39.39
5039,5039,234,3,83.07
5040,5040,232,1,23.94
5041,5041,96,2,2119.38
5042,5042,87,1,2049.83
5043,5043,678,1,59.08
5044,5044,168,2,4516.61
5045,5045,674,1,270.13
5046,5046,113,1,1123.54
5047,5047,33,1,2067.28
5048,5048,211,2,154.9
5049,5049,217,1,109.07
5050,5050,248,1,101.44
5051,5051,332,1,9.64
5052,5052,194,1,111.15
5053,5053,268,5,237.38
5054,5054,336,1,414.92
5055,5055,252,2,37.48
5056,5056,332,4,9.64
5057,5057,85,1,405.86
5058,5058,734,2,86.88
5059,5059,156,1,4299.51
5060,5060,99,2,1105.45
5061,5061,401,1,774.95
5062,5062,700,2,474.11
5063,5063,93,1,2679.93
5064,5064,171,1,468.85
5065,5065,556,1,55.68
5066,5066,385,2,23.93
5067,5067,291,1,46.25
5068,5068,138,3,1662.41
5069,5069,173,5,1299.7
5070,5070,16,1,708.88
5071,5071,389,1,574.36
5072,5072,694,2,738.42
5073,5073,400,2,305.66
5074,5074,362,3,546.59
5075,5075,362,2,546.59
5076,5076,25,4,446.54
5077,5077,384,1,259.52
5078,5078,440,4,747.34
5079,5079,504,3,71.43
5080,5080,176,1,89.3
5081,5081,95,5,2284.39
5082,5082,678,2,59.08
5083,5083,594,3,59.48
5084,5084,676,1,257.69
5085,5085,478,1,153.79
5086,5086,464,1,45.44
5087,5087,281,1,116.88
5088,5088,226,1,119.73
5089,5089,714,1,560.86
5090,5090,751,1,27.9
5091,5091,598,2,238.15
5092,5092,9,3,2277.97
5093,5093,578,1,222.33
5094,5094,699,5,41.44
5095,5095,350,1,177.74
5096,5096,496,1,186.76
5097,5097,479,1,148.09
5098,5098,525,1,74.43
5099,5099,672,1,213.88
5100,5100,340,3,403.23
5101,5101,560,1,130.36
5102,5102,309,1,49.25
5103,5103,308,1,166.64
5104,5104,123,1,444.19
5106,5106,618,1,174.37
5107,5107,94,2,2154.48
5108,5108,602,1,169.46
5109,5109,230,1,67.94
5110,5110,23,2,4594.09
5111,5111,146,4,2765.29
5112,5112,296,1,249.01
5113,5113,693,5,120.16
5114,5114,339,1,747.6
5115,5115,683,3,473.02
5116,5116,207,3,51.89
5117,5117,302,2,200.36
5118,5118,743,1,545.9
5119,5119,498,1,124.5
5120,5120,514,1,31.2
5121,5121,633,1,39.45
5122,5122,296,1,249.01
5123,5123,580,1,48.76
5124,5124,603,3,296.14
5125,5125,336,1,414.92
5126,5126,320,1,66.66
5127,5127,503,1,152.47
5128,5128,459,1,764.61
5129,5129,299,3,221.54
5130,5130,647,1,115.03
5131,5131,90,2,4768.07
5132,5132,664,2,43.65
5133,5133,518,1,37.43
5134,5134,86,1,709.09
5135,5135,560,1,130.36
5136,5136,23,1,4594.09
5137,5137,88,3,4526.09
5138,5138,160,1,744.93
5139,5139,745,3,234.2
5140,5140,702,1,211.43
5141,5141,276,2,141.09
5142,5142,710,2,644.85
5143,5143,487,1,127.54
5144,5144,345,1,130.52
5145,5145,688,5,174.08
5146,5146,558,1,113.56
5147,5147,636,1,261.3
5148,5148,756,1,454.23
5149,5149,390,1,344.12
5150,5150,513,1,29.13
5151,5151,398,2,276.77
5152,5152,70,3,1560.23
5153,5153,646,3,316.95
5154,5154,532,3,84.1
5155,5155,727,1,198.94
5156,5156,244,2,47.21
5157,5157,552,1,86.71
5158,5158,35,1,1264.03
5159,5159,41,1,2929.19
5160,5160,256,2,161.82
5161,5161,242,2,241.66
5162,5162,253,1,11.97
5163,5163,56,1,228.3
5164,5164,544,2,101.66
5165,5165,324,1,186.75
5166,5166,316,1,182.63
5167,5167,136,1,4582.03
5168,5168,662,2,109.41
5169,5169,728,2,289.32
5170,5170,738,2,686.04
5171,5171,207,1,51.89
5172,5172,204,2,34.18
5173,5173,33,1,2067.28
5174,5174,360,2,505.98
5175,5175,239,1,157.55
5176,5176,329,1,164.88
5177,5177,661,1,52.91
5178,5178,749,3,25.31
5179,5179,89,1,1914.29
5180,5180,52,1,1334.63
5181,5181,28,1,3364.99
5182,5182,117,1,2956.13
5183,5183,625,5,105.77
5185,5185,141,1,2601.82
5186,5186,192,1,132.19
5187,5187,631,3,22.35
5188,5188,384,3,259.52
5189,5189,420,1,410.11
5190,5190,57,1,1262.65
5191,5191,52,1,1334.63
5192,5192,28,1,3364.99
5193,5193,536,2,54.67
5194,5194,76,1,1011.66
5195,5195,643,2,276.04
5196,5196,629,2,198.54
5197,5197,78,2,2010.26
5198,5198,607,1,121.04
5199,5199,741,1,652.35
5200,5200,704,5,344.86
5201,5201,7,1,3100.22
5202,5202,134,1,4810.31
5203,5203,376,1,500.95
5204,5204,600,2,334.45
5205,5205,640,3,206.05
5206,5206,602,2,169.46
5207,5207,686,1,229.67
5208,5208,155,3,1706.02
5209,5209,650,1,190.13
5210,5210,225,4,115.0
5211,5211,529,2,125.91
5212,5212,61,2,558.31
5213,5213,375,1,415.84
5214,5214,514,3,31.2
5215,5215,172,1,2706.24
5216,5216,588,5,225.54
5217,5217,402,1,188.75
5218,5218,374,1,690.25
5219,5219,393,2,687.59
5220,5220,616,1,211.57
5221,5221,660,2,238.33
5222,5222,441,1,249.15
5223,5223,733,2,417.93
5224,5224,210,1,190.56
5225,5225,109,2,3059.44
5226,5226,434,3,410.25
5227,5227,62,3,2312.3
5228,5228,334,1,36.6
5229,5229,234,1,83.07
5230,5230,671,1,170.05
5231,5231,459,1,764.61
5232,5232,332,1,9.64
5233,5233,345,1,130.52
5234,5234,584,1,61.78
5235,5235,658,3,324.63
5236,5236,51,1,794.12
5237,5237,424,1,274.72
5238,5238,265,1,153.78
5239,5239,146,1,2765.29
5240,5240,283,1,209.19
5241,5241,277,4,162.31
5242,5242,205,1,203.34
5243,5243,471,1,149.5
5244,5244,696,1,147.69
5245,5245,483,1,162.06
5246,5246,629,2,198.54
5247,5247,91,5,2451.37
5248,5248,398,2,276.77
5249,5249,570,1,131.96
5250,5250,252,1,37.48
5251,5251,715,1,780.68
5252,5252,721,1,453.58
5253,5253,640,2,206.05
5254,5254,738,1,686.04
5255,5255,34,1,564.15
5256,5256,461,1,454.62
5257,5257,1,2,714.89
5258,5258,415,1,320.0
5259,5259,347,1,775.65
5260,5260,301,1,141.06
5261,5261,430,2,206.26
5262,5262,337,3,684.03
5263,5263,360,2,505.98
5264,5264,443,1,527.93
5265,5265,147,4,4322.84
5266,5266,75,1,3103.91
5267,5267,196,5,79.36
5268,5268,382,1,304.82
5269,5269,313,1,228.72
5270,5270,153,1,4827.45
5271,5271,653,1,162.88
5272,5272,411,1,718.64
5273,5273,540,2,187.1
5274,5274,704,1,344.86
5275,5275,487,1,127.54
5276,5276,252,1,37.48
5277,5277,443,2,527.93
5278,5278,234,1,83.07
5279,5279,694,1,738.42
5280,5280,201,3,143.89
5281,5281,541,1,85.54
5282,5282,641,2,57.17
5283,5283,232,1,23.94
5284,5284,291,1,46.25
5285,5285,650,1,190.13
5286,5286,270,2,164.12
5287,5287,582,2,265.86
5288,5288,496,2,186.76
5289,5289,755,3,759.14
5290,5290,489,1,179.55
5291,5291,310,3,54.16
5292,5292,183,2,75.69
5293,5293,410,2,325.95
5294,5294,281,1,116.88
5295,5295,25,3,446.54
5296,5296,629,1,198.54
5297,5297,530,1,40.14
5298,5298,60,4,4655.45
5299,5299,37,3,1084.45
5300,5300,655,4,153.82
5301,5301,42,2,418.95
5303,5303,709,1,493.91
5304,5304,562,4,117.53
5305,5305,79,3,4429.61
5306,5306,214,1,37.03
5307,5307,308,1,166.64
5308,5308,360,1,505.98
5309,5309,125,1,2155.56
5310,5310,646,1,316.95
5311,5311,397,1,249.33
5312,5312,313,1,228.72
5313,5313,277,1,162.31
5314,5314,534,3,95.47
5315,5315,623,1,286.06
5316,5316,678,1,59.08
5317,5317,247,1,222.07
5318,5318,697,1,603.63
5319,5319,595,2,317.77
5320,5320,274,1,156.06
5321,5321,456,1,403.71
5322,5322,665,2,348.02
5323,5323,489,3,179.55
5324,5324,721,1,453.58
5325,5325,107,1,2427.81
5326,5326,501,1,11.4
5327,5327,208,2,136.37
5328,5328,253,1,11.97
5329,5329,596,1,29.96
5330,5330,163,1,1452.4
5331,5331,97,1,4760.55
5332,5332,446,1,768.65
5333,5333,334,4,36.6
5334,5334,300,1,146.0
5335,5335,75,1,3103.91
5337,5337,67,1,1288.51
5338,5338,510,1,180.29
5339,5339,589,1,230.12
5340,5340,65,2,4813.41
5341,5341,553,1,156.88
5342,5342,549,1,170.94
5343,5343,336,4,414.92
5344,5344,635,1,138.08
5345,5345,595,1,317.77
5346,5346,114,2,1731.9
5347,5347,118,1,1495.3
5348,5348,295,2,46.64
5349,5349,533,2,123.06
5350,5350,459,2,764.61
5351,5351,192,1,132.19
5352,5352,327,1,232.68
5353,5353,610,1,29.89
5354,5354,17,2,816.7
5355,5355,56,1,228.3
5356,5356,39,1,4977.19
5357,5357,32,1,2375.4
5358,5358,703,3,12.69
5359,5359,130,1,3245.21
5360,5360,371,3,870.18
5361,5361,289,3,162.63
5362,5362,153,2,4827.45
5363,5363,156,2,4299.51
5364,5364,722,3,690.57
5365,5365,628,1,49.89
5366,5366,570,1,131.96
5367,5367,358,2,276.89
5368,5368,94,1,2154.48
5369,5369,389,4,574.36
5370,5370,523,1,51.16
5371,5371,137,1,474.38
5372,5372,700,2,474.11
5373,5373,315,1,175.03
5374,5374,562,3,117.53
5375,5375,268,1,237.38
5376,5376,617,1,291.13
5377,5377,668,3,217.24
5378,5378,684,1,416.47
5379,5379,195,1,43.89
5380,5380,367,1,652.94
5381,5381,163,4,1452.4
5382,5382,459,3,764.61
5383,5383,258,4,204.86
5384,5384,232,1,23.94
5385,5385,352,3,39.87
5386,5386,600,2,334.45
5387,5387,734,1,86.88
5388,5388,210,1,190.56
5389,5389,53,2,239.54
5390,5390,693,3,120.16
5391,5391,364,3,114.4
5392,5392,350,1,177.74
5393,5393,405,5,616.71
5394,5394,588,2,225.54
5395,5395,619,1,45.77
5396,5396,544,2,101.66
5397,5397,58,1,3110.88
5398,5398,119,1,246.66
5399,5399,662,1,109.41
5400,5400,454,1,612.64
5401,5401,682,2,291.05
5402,5402,541,1,85.54
5403,5403,550,4,133.78
5404,5404,386,1,511.91
5405,5405,734,1,86.88
5406,5406,640,1,206.05
5407,5407,73,2,3280.42
5408,5408,492,1,157.87
5409,5409,139,2,2285.02
5410,5410,718,2,186.44
5411,5411,624,1,342.9
5412,5412,669,2,113.44
5413,5413,484,1,96.02
5414,5414,247,1,222.07
5415,5415,493,1,21.86
5416,5416,670,2,259.97
5417,5417,746,1,341.49
5418,5418,338,2,710.75
5419,5419,562,1,117.53
5420,5420,297,1,241.93
5421,5421,758,1,15.36
5422,5422,506,1,188.42
5423,5423,730,1,257.12
5424,5424,141,4,2601.82
5425,5425,255,1,238.71
5426,5426,603,1,296.14
5427,5427,235,2,99.15
5428,5428,426,1,351.49
5429,5429,540,1,187.1
5430,5430,701,2,614.32
5431,5431,155,1,1706.02
5432,5432,218,1,119.33
5433,5433,445,1,198.54
5434,5434,207,2,51.89
5435,5435,522,1,157.0
5436,5436,416,1,652.56
5437,5437,175,5,4900.1
5438,5438,632,1,54.65
5439,5439,695,1,20.12
5440,5440,86,2,709.09
5441,5441,638,1,105.78
5442,5442,666,2,37.97
5443,5443,746,1,341.49
5444,5444,691,1,21.76
5445,5445,595,1,317.77
5446,5446,5,2,481.86
5447,5447,524,1,140.52
5448,5448,613,1,10.14
5449,5449,202,2,189.56
5450,5450,433,1,204.49
5451,5451,578,1,222.33
5452,5452,77,1,2287.96
5453,5453,61,2,558.31
5454,5454,325,1,234.0
5455,5455,247,1,222.07
5456,5456,292,1,216.47
5457,5457,239,1,157.55
5458,5458,405,1,616.71
5459,5459,451,3,79.36
5460,5460,618,1,174.37
5461,5461,553,1,156.88
5462,5462,485,2,101.15
5463,5463,219,3,113.42
5464,5464,124,1,1143.91
5465,5465,658,3,324.63
5466,5466,525,1,74.43
5467,5467,254,1,66.21
5468,5468,283,3,209.19
5469,5469,721,4,453.58
5470,5470,590,2,193.35
5471,5471,62,1,2312.3
5472,5472,324,1,186.75
5473,5473,56,1,228.3
5474,5474,317,1,91.51
5475,5475,663,1,298.59
5476,5476,607,1,121.04
5477,5477,686,1,229.67
5478,5478,22,1,1010.57
5479,5479,269,1,172.41
5480,5480,217,2,109.07
5481,5481,22,1,1010.57
5482,5482,556,3,55.68
5483,5483,108,3,4157.03
5484,5484,204,3,34.18
5485,5485,435,1,732.57
5486,5486,107,1,2427.81
5487,5487,411,2,718.64
5488,5488,392,3,147.3
5489,5489,248,1,101.44
5490,5490,756,2,454.23
5491,5491,45,1,3586.63
5492,5492,352,1,39.87
5493,5493,402,1,188.75
5494,5494,244,1,47.21
5495,5495,176,1,89.3
5496,5496,414,1,272.92
5497,5497,91,1,2451.37
5498,5498,15,1,3740.12
5499,5499,697,2,603.63
5500,5500,472,1,101.9
5501,5501,614,2,337.25
5502,5502,351,1,691.78
5503,5503,491,1,62.03
5504,5504,659,2,51.18
5505,5505,377,1,456.96
5506,5506,595,1,317.77
5507,5507,593,3,176.21
5508,5508,456,1,403.71
5509,5509,10,3,3515.06
5510,5510,695,2,20.12
5511,5511,640,2,206.05
5512,5512,525,4,74.43
5513,5513,674,1,270.13
5514,5514,287,1,226.27
5515,5515,470,1,155.8
5516,5516,660,1,238.33
5517,5517,747,2,258.27
5518,5518,730,2,257.12
5519,5519,246,1,74.01
5520,5520,200,1,31.36
5521,5521,363,1,306.33
5522,5522,548,1,79.31
5523,5523,385,1,23.93
5524,5524,219,1,113.42
5525,5525,622,2,153.74
5526,5526,746,3,341.49
5527,5527,158,1,510.24
5528,5528,595,1,317.77
5529,5529,112,3,2784.77
5530,5530,461,1,454.62
5531,5531,219,3,113.42
5532,5532,306,1,126.53
5533,5533,245,4,124.29
5534,5534,225,1,115.0
5535,5535,285,2,161.67
5536,5536,45,2,3586.63
5537,5537,545,1,183.48
5538,5538,165,1,4996.87
5539,5539,401,1,774.95
5540,5540,686,4,229.67
5541,5541,42,1,418.95
5542,5542,517,1,184.21
5543,5543,675,2,167.34
5544,5544,340,1,403.23
5545,5545,474,1,170.43
5546,5546,388,2,77.65
5547,5547,662,1,109.41
5548,5548,626,1,181.24
5549,5549,561,1,131.2
5550,5550,215,2,129.05
5551,5551,313,3,228.72
5552,5552,184,2,95.76
5553,5553,518,2,37.43
5554,5554,265,1,153.78
5555,5555,503,1,152.47
5556,5556,554,2,30.09
5557,5557,721,2,453.58
5558,5558,481,1,189.58
5559,5559,301,1,141.06
5560,5560,717,1,582.82
5561,5561,715,1,780.68
5562,5562,39,2,4977.19
5563,5563,504,2,71.43
5564,5564,365,1,362.99
5565,5565,403,2,446.99
5566,5566,533,1,123.06
5567,5567,107,1,2427.81
5568,5568,48,1,4406.69
5569,5569,744,1,264.79
5570,5570,218,1,119.33
5571,5571,18,1,2350.88
5572,5572,167,3,3435.27
5573,5573,611,1,81.05
5574,5574,515,1,179.25
5575,5575,206,2,175.81
5576,5576,702,4,211.43
5577,5577,577,1,345.37
5578,5578,218,1,119.33
5579,5579,361,3,830.77
5580,5580,117,2,2956.13
5581,5581,284,1,62.55
5582,5582,285,1,161.67
5583,5583,719,1,329.85
5584,5584,31,2,2437.35
5585,5585,397,1,249.33
5586,5586,730,1,257.12
5587,5587,700,1,474.11
5588,5588,221,3,195.84
5589,5589,340,1,403.23
5590,5590,376,1,500.95
5591,5591,78,1,2010.26
5592,5592,283,1,209.19
5593,5593,279,1,39.39
5594,5594,272,1,104.31
5595,5595,246,1,74.01
5596,5596,480,3,150.12
5597,5597,202,1,189.56
5598,5598,273,1,101.64
5599,5599,353,1,218.55
5600,5600,480,2,150.12
5601,5601,295,1,46.64
5602,5602,525,2,74.43
5603,5603,358,1,276.89
5604,5604,256,2,161.82
5605,5605,660,1,238.33
5606,5606,113,2,1123.54
5607,5607,520,1,154.62
5608,5608,264,4,231.67
5609,5609,167,2,3435.27
5610,5610,276,1,141.09
5611,5611,55,2,762.28
5612,5612,418,2,304.57
5613,5613,378,1,224.45
5614,5614,577,1,345.37
5615,5615,47,1,4980.55
5616,5616,487,1,127.54
5617,5617,260,4,222.35
5618,5618,363,1,306.33
5619,5619,6,1,3654.05
5620,5620,200,1,31.36
5621,5621,317,1,91.51
5622,5622,26,2,2386.9
5623,5623,273,2,101.64
5624,5624,585,1,185.33
5625,5625,364,1,114.4
5626,5626,360,1,505.98
5627,5627,522,1,157.0
5628,5628,280,2,123.83
5629,5629,148,1,1350.51
5630,5630,48,2,4406.69
5631,5631,257,2,66.34
5632,5632,234,1,83.07
5634,5634,74,3,4799.95
5635,5635,510,2,180.29
5636,5636,241,3,65.47
5637,5637,414,1,272.92
5638,5638,605,1,255.63
5639,5639,273,1,101.64
5640,5640,185,1,37.55
5641,5641,563,1,69.5
5642,5642,619,3,45.77
5643,5643,317,1,91.51
5645,5645,255,1,238.71
5646,5646,404,2,359.7
5647,5647,235,1,99.15
5648,5648,245,2,124.29
5649,5649,136,1,4582.03
5650,5650,382,2,304.82
5651,5651,293,2,33.69
5652,5652,364,1,114.4
5653,5653,372,1,160.64
5654,5654,623,1,286.06
5655,5655,32,1,2375.4
5656,5656,253,3,11.97
5657,5657,50,2,3323.67
5658,5658,640,1,206.05
5659,5659,348,3,208.18
5660,5660,234,1,83.07
5661,5661,589,2,230.12
5662,5662,364,3,114.4
5663,5663,56,2,228.3
5664,5664,478,2,153.79
5665,5665,616,1,211.57
5666,5666,494,1,53.12
5667,5667,128,1,3540.63
5668,5668,132,2,1534.36
5669,5669,105,1,545.57
5670,5670,713,2,527.9
5671,5671,741,4,652.35
5672,5672,697,1,603.63
5673,5673,721,1,453.58
5674,5674,42,1,418.95
5675,5675,614,1,337.25
5676,5676,296,2,249.01
5677,5677,490,2,91.21
5678,5678,90,1,4768.07
5679,5679,478,1,153.79
5680,5680,53,1,239.54
5681,5681,164,1,1509.78
5682,5682,357,4,848.0
5683,5683,497,4,20.54
5684,5684,128,1,3540.63
5685,5685,456,1,403.71
5686,5686,558,1,113.56
5687,5687,632,4,54.65
5688,5688,598,2,238.15
5689,5689,576,1,32.88
5690,5690,432,1,493.35
5691,5691,712,1,571.29
5692,5692,160,5,744.93
5693,5693,533,1,123.06
5694,5694,558,3,113.56
5695,5695,663,1,298.59
5696,5696,110,3,1076.35
5697,5697,34,4,564.15
5698,5698,751,1,27.9
5699,5699,84,4,3195.54
5700,5700,309,1,49.25
5701,5701,526,1,161.46
5702,5702,169,1,966.85
5703,5703,483,2,162.06
5704,5704,569,1,141.29
5705,5705,218,1,119.33
5706,5706,233,1,166.88
5707,5707,527,4,36.46
5708,5708,623,1,286.06
5709,5709,250,2,41.58
5710,5710,163,1,1452.4
5711,5711,352,1,39.87
5712,5712,305,2,103.09
5713,5713,136,1,4582.03
5714,5714,167,3,3435.27
5715,5715,77,3,2287.96
5716,5716,525,1,74.43
5717,5717,18,4,2350.88
5718,5718,321,1,108.01
5719,5719,394,2,466.06
5720,5720,601,4,43.38
5721,5721,371,2,870.18
5722,5722,681,1,20.06
5723,5723,597,1,95.38
5724,5724,257,1,66.34
5725,5725,678,2,59.08
5726,5726,685,1,12.22
5727,5727,314,1,67.65
5728,5728,76,3,1011.66
5729,5729,210,2,190.56
5730,5730,467,1,752.72
5731,5731,97,1,4760.55
5732,5732,44,2,2107.73
5733,5733,545,3,183.48
5734,5734,118,1,1495.3
5735,5735,312,1,143.72
5736,5736,446,2,768.65
5737,5737,337,2,684.03
5738,5738,10,2,3515.06
5739,5739,546,2,167.82
5740,5740,64,2,3403.99
5741,5741,750,2,70.48
5742,5742,699,3,41.44
5743,5743,590,2,193.35
5744,5744,252,1,37.48
5745,5745,84,1,3195.54
5746,5746,169,1,966.85
5747,5747,247,1,222.07
5748,5748,352,1,39.87
5749,5749,433,1,204.49
5750,5750,598,3,238.15
5751,5751,531,3,22.73
5752,5752,417,2,586.68
5753,5753,150,1,3819.1
5754,5754,350,1,177.74
5755,5755,197,1,166.43
5756,5756,646,5,316.95
5757,5757,357,1,848.0
5758,5758,239,4,157.55
5759,5759,277,1,162.31
5760,5760,378,2,224.45
5761,5761,366,3,329.73
5762,5762,606,1,25.9
5763,5763,447,1,402.73
5764,5764,58,3,3110.88
5765,5765,113,1,1123.54
5766,5766,695,2,20.12
5767,5767,572,1,139.15
5768,5768,64,1,3403.99
5769,5769,647,5,115.03
5770,5770,243,2,114.61
5771,5771,549,1,170.94
5772,5772,731,5,733.38
5773,5773,142,1,2755.1
5774,5774,276,1,141.09
5775,5775,727,5,198.94
5776,5776,555,1,42.12
5777,5777,8,2,3869.87
5778,5778,295,2,46.64
5779,5779,590,1,193.35
5780,5780,201,3,143.89
5781,5781,264,2,231.67
5782,5782,572,1,139.15
5783,5783,616,4,211.57
5784,5784,100,3,3744.66
5785,5785,211,1,154.9
5786,5786,93,1,2679.93
5787,5787,145,2,2554.17
5788,5788,471,5,149.5
5789,5789,1,1,714.89
5790,5790,574,1,90.79
5791,5791,71,1,3331.34
5792,5792,618,1,174.37
5793,5793,333,2,182.93
5794,5794,77,1,2287.96
5795,5795,507,1,126.51
5796,5796,183,1,75.69
5797,5797,373,4,581.2
5798,5798,237,5,54.46
5799,5799,510,1,180.29
5800,5800,702,1,211.43
5801,5801,623,3,286.06
5802,5802,173,4,1299.7
5803,5803,717,1,582.82
5804,5804,624,1,342.9
5805,5805,533,1,123.06
5806,5806,89,1,1914.29
5807,5807,70,1,1560.23
5808,5808,195,1,43.89
5809,5809,753,1,503.79
5810,5810,343,3,524.69
5811,5811,286,2,163.11
5813,5813,472,1,101.9
5814,5814,655,1,153.82
5815,5815,494,1,53.12
5816,5816,277,1,162.31
5818,5818,602,1,169.46
5819,5819,250,1,41.58
5820,5820,383,2,626.13
5821,5821,166,1,1493.43
5822,5822,739,1,403.17
5823,5823,447,1,402.73
5824,5824,546,1,167.82
5825,5825,694,1,738.42
5826,5826,490,2,91.21
5827,5827,490,1,91.21
5828,5828,420,1,410.11
5829,5829,107,3,2427.81
5830,5830,602,3,169.46
5831,5831,573,2,46.31
5832,5832,421,1,729.76
5833,5833,250,1,41.58
5834,5834,396,4,655.1
5835,5835,181,1,2279.14
5836,5836,69,2,3327.89
5837,5837,455,1,322.55
5838,5838,56,3,228.3
5839,5839,525,1,74.43
5840,5840,10,1,3515.06
5841,5841,577,1,345.37
5842,5842,511,2,184.51
5843,5843,429,2,642.02
5844,5844,52,1,1334.63
5845,5845,659,1,51.18
5846,5846,355,1,887.26
5847,5847,407,2,279.51
5848,5848,272,3,104.31
5849,5849,608,2,170.74
5850,5850,293,1,33.69
5851,5851,551,1,148.19
5852,5852,652,2,341.76
5853,5853,630,2,188.72
5854,5854,607,1,121.04
5855,5855,749,1,25.31
5856,5856,184,2,95.76
5857,5857,673,1,30.45
5858,5858,360,3,505.98
5859,5859,326,2,219.08
5860,5860,569,2,141.29
5861,5861,152,1,4060.81
5862,5862,11,2,1239.15
5864,5864,482,2,9.41
5865,5865,673,2,30.45
5866,5866,533,3,123.06
5867,5867,615,1,121.93
5868,5868,524,1,140.52
5869,5869,615,1,121.93
5870,5870,147,1,4322.84
5871,5871,418,4,304.57
5872,5872,25,1,446.54
5873,5873,394,1,466.06
5874,5874,309,5,49.25
5875,5875,581,2,5.61
5876,5876,441,1,249.15
5877,5877,73,1,3280.42
5878,5878,185,1,37.55
5879,5879,695,3,20.12
5880,5880,407,1,279.51
5881,5881,200,2,31.36
5882,5882,543,2,65.32
5883,5883,560,1,130.36
5884,5884,109,1,3059.44
5885,5885,246,2,74.01
5886,5886,552,2,86.71
5887,5887,646,3,316.95
5888,5888,435,2,732.57
5890,5890,485,3,101.15
5891,5891,376,1,500.95
5892,5892,17,2,816.7
5893,5893,740,1,452.77
5894,5894,691,1,21.76
5895,5895,730,1,257.12
5896,5896,278,2,65.28
5897,5897,336,1,414.92
5898,5898,22,1,1010.57
5899,5899,48,4,4406.69
5900,5900,98,1,1012.81
5901,5901,560,1,130.36
5902,5902,237,1,54.46
5903,5903,270,4,164.12
5904,5904,257,1,66.34
5905,5905,7,4,3100.22
5906,5906,350,1,177.74
5907,5907,605,1,255.63
5908,5908,589,1,230.12
5909,5909,444,1,601.08
5910,5910,44,1,2107.73
5911,5911,31,1,2437.35
5912,5912,639,1,181.78
5913,5913,138,1,1662.41
5914,5914,548,1,79.31
5915,5915,440,1,747.34
5916,5916,383,1,626.13
5917,5917,359,2,773.2
5918,5918,631,1,22.35
5919,5919,593,1,176.21
5920,5920,169,4,966.85
5921,5921,618,4,174.37
5922,5922,39,1,4977.19
5923,5923,440,1,747.34
5924,5924,71,1,3331.34
5925,5925,237,1,54.46
5926,5926,638,1,105.78
5927,5927,136,1,4582.03
5928,5928,405,1,616.71
5929,5929,370,3,751.68
5930,5930,285,1,161.67
5931,5931,744,1,264.79
5932,5932,386,1,511.91
5933,5933,157,5,1189.15
5934,5934,374,1,690.25
5935,5935,487,1,127.54
5936,5936,616,5,211.57
5937,5937,380,1,618.79
5938,5938,37,1,1084.45
5940,5940,122,1,388.92
5941,5941,733,1,417.93
5942,5942,654,2,202.93
5943,5943,482,1,9.41
5944,5944,507,1,126.51
5945,5945,696,1,147.69
5946,5946,268,1,237.38
5947,5947,34,2,564.15
5948,5948,331,1,28.98
5949,5949,430,1,206.26
5950,5950,1,1,714.89
5951,5951,640,1,206.05
5952,5952,515,1,179.25
5953,5953,500,1,83.92
5954,5954,577,1,345.37
5955,5955,547,2,92.5
5956,5956,315,1,175.03
5957,5957,697,1,603.63
5958,5958,347,4,775.65
5959,5959,379,1,342.01
5960,5960,380,1,618.79
5961,5961,183,3,75.69
5962,5962,655,2,153.82
5963,5963,173,2,1299.7
5964,5964,112,1,2784.77
5965,5965,121,2,4828.17
5966,5966,749,1,25.31
5967,5967,414,1,272.92
5968,5968,55,1,762.28
5969,5969,63,1,2004.35
5970,5970,165,2,4996.87
5971,5971,359,1,773.2
5972,5972,224,1,163.59
5973,5973,15,2,3740.12
5974,5974,125,4,2155.56
5975,5975,465,2,379.72
5976,5976,663,1,298.59
5977,5977,700,3,474.11
5978,5978,314,2,67.65
5979,5979,342,2,608.75
5980,5980,51,3,794.12
5981,5981,187,3,144.62
5982,5982,105,4,545.57
5983,5983,743,2,545.9
5984,5984,304,1,44.03
5985,5985,110,2,1076.35
5986,5986,16,1,708.88
5987,5987,64,1,3403.99
5988,5988,711,2,70.46
5989,5989,604,2,66.71
5990,5990,738,2,686.04
5991,5991,630,2,188.72
5992,5992,104,2,1865.43
5993,5993,129,1,3943.37
5994,5994,273,1,101.64
5995,5995,234,1,83.07
5996,5996,731,3,733.38
5997,5997,414,1,272.92
5998,5998,336,1,414.92
5999,5999,530,1,40.14
6000,6000,341,1,59.51
6001,6001,141,1,2601.82
6002,6002,432,1,493.35
6003,6003,591,1,108.18
6004,6004,523,2,51.16
6005,6005,493,1,21.86
6006,6006,128,1,3540.63
6007,6007,139,1,2285.02
6008,6008,432,1,493.35
6009,6009,425,3,114.07
6010,6010,94,1,2154.48
6011,6011,483,1,162.06
6012,6012,153,1,4827.45
6013,6013,565,2,57.29
6014,6014,398,1,276.77
6015,6015,557,1,10.64
6016,6016,659,1,51.18
6017,6017,471,1,149.5
6018,6018,409,4,329.97
6019,6019,495,1,106.76
6020,6020,720,1,414.03
6021,6021,183,1,75.69
6022,6022,306,3,126.53
6023,6023,379,3,342.01
6024,6024,680,5,235.32
6025,6025,274,1,156.06
6026,6026,132,1,1534.36
6027,6027,336,1,414.92
6028,6028,467,1,752.72
6029,6029,536,3,54.67
6030,6030,611,3,81.05
6031,6031,498,1,124.5
6032,6032,93,1,2679.93
6033,6033,127,1,393.81
6034,6034,79,1,4429.61
6035,6035,255,4,238.71
6036,6036,106,1,3674.29
6037,6037,168,2,4516.61
6038,6038,22,3,1010.57
6039,6039,486,1,22.67
6040,6040,614,1,337.25
6041,6041,462,2,127.45
6042,6042,210,1,190.56
6043,6043,157,1,1189.15
6044,6044,503,2,152.47
6045,6045,585,2,185.33
6046,6046,620,5,120.92
6047,6047,374,1,690.25
6048,6048,676,1,257.69
6049,6049,507,1,126.51
6050,6050,409,2,329.97
6051,6051,17,2,816.7
6052,6052,519,3,180.5
6053,6053,709,3,493.91
6054,6054,379,1,342.01
6055,6055,357,4,848.0
6056,6056,612,5,159.03
6057,6057,213,1,21.25
6058,6058,692,1,487.97
6059,6059,511,2,184.51
6060,6060,39,1,4977.19
6061,6061,100,1,3744.66
6062,6062,10,1,3515.06
6063,6063,183,1,75.69
6064,6064,691,1,21.76
6065,6065,52,1,1334.63
6066,6066,51,3,794.12
6067,6067,702,3,211.43
6068,6068,94,3,2154.48
6069,6069,109,1,3059.44
6070,6070,34,1,564.15
6071,6071,710,1,644.85
6072,6072,273,4,101.64
6073,6073,100,1,3744.66
6074,6074,534,1,95.47
6075,6075,143,1,3554.71
6076,6076,415,3,320.0
6077,6077,665,1,348.02
6078,6078,348,1,208.18
6079,6079,191,1,187.49
6080,6080,293,2,33.69
6081,6081,637,2,228.07
6082,6082,596,1,29.96
6083,6083,216,1,119.25
6084,6084,55,2,762.28
6085,6085,519,1,180.5
6086,6086,539,1,172.0
6087,6087,644,1,233.5
6088,6088,614,1,337.25
6089,6089,709,1,493.91
6090,6090,742,1,293.23
6091,6091,307,3,245.13
6092,6092,116,1,4755.36
6093,6093,303,2,129.01
6094,6094,446,1,768.65
6095,6095,589,1,230.12
6096,6096,122,3,388.92
6097,6097,551,1,148.19
6098,6098,744,1,264.79
6099,6099,334,1,36.6
6100,6100,28,4,3364.99
6101,6101,286,1,163.11
6102,6102,214,1,37.03
6103,6103,277,5,162.31
6104,6104,595,1,317.77
6105,6105,297,3,241.93
6106,6106,450,1,632.49
6107,6107,708,2,561.54
6108,6108,57,1,1262.65
6109,6109,511,3,184.51
6110,6110,363,1,306.33
6111,6111,281,1,116.88
6112,6112,416,1,652.56
6113,6113,374,2,690.25
6114,6114,640,1,206.05
6115,6115,6,1,3654.05
6116,6116,593,4,176.21
6117,6117,471,2,149.5
6118,6118,80,1,2333.45
6119,6119,754,1,264.87
6120,6120,183,1,75.69
6121,6121,470,2,155.8
6122,6122,641,4,57.17
6123,6123,455,2,322.55
6124,6124,159,5,4519.04
6125,6125,432,1,493.35
6126,6126,118,3,1495.3
6127,6127,203,1,93.09
6128,6128,685,1,12.22
6129,6129,458,1,230.86
6130,6130,713,2,527.9
6131,6131,272,5,104.31
6132,6132,379,1,342.01
6133,6133,222,3,55.73
6134,6134,325,1,234.0
6135,6135,253,2,11.97
6136,6136,284,1,62.55
6137,6137,630,1,188.72
6138,6138,464,4,45.44
6139,6139,659,1,51.18
6140,6140,377,2,456.96
6141,6141,339,2,747.6
6142,6142,401,1,774.95
6143,6143,579,1,271.64
6144,6144,205,4,203.34
6146,6146,223,3,127.57
6147,6147,122,1,388.92
6148,6148,182,2,789.51
6149,6149,248,1,101.44
6150,6150,369,5,525.43
6151,6151,270,1,164.12
6152,6152,328,2,130.01
6154,6154,750,2,70.48
6155,6155,6,1,3654.05
6156,6156,412,2,506.6
6157,6157,644,1,233.5
6158,6158,696,1,147.69
6159,6159,539,2,172.0
6160,6160,661,2,52.91
6161,6161,54,1,3534.21
6162,6162,668,1,217.24
6163,6163,144,4,4210.19
6164,6164,383,1,626.13
6165,6165,414,3,272.92
6166,6166,537,1,81.58
6167,6167,303,1,129.01
6168,6168,472,2,101.9
6169,6169,412,1,506.6
6170,6170,435,2,732.57
6171,6171,224,2,163.59
6172,6172,416,2,652.56
6173,6173,44,2,2107.73
6174,6174,65,1,4813.41
6175,6175,67,1,1288.51
6176,6176,318,4,115.05
6177,6177,231,1,101.74
6178,6178,371,1,870.18
6179,6179,674,1,270.13
6180,6180,513,1,29.13
6181,6181,233,1,166.88
6182,6182,396,1,655.1
6183,6183,141,2,2601.82
6184,6184,130,1,3245.21
6185,6185,743,3,545.9
6186,6186,580,1,48.76
6187,6187,164,1,1509.78
6188,6188,115,3,1546.97
6189,6189,19,1,4426.24
6190,6190,389,1,574.36
6191,6191,64,1,3403.99
6192,6192,164,4,1509.78
6193,6193,714,1,560.86
6194,6194,373,1,581.2
6195,6195,155,5,1706.02
6196,6196,554,1,30.09
6197,6197,457,1,351.78
6198,6198,257,2,66.34
6199,6199,669,1,113.44
6200,6200,95,1,2284.39
6201,6201,134,3,4810.31
6202,6202,758,1,15.36
6203,6203,663,1,298.59
6204,6204,222,1,55.73
6205,6205,352,2,39.87
6206,6206,34,2,564.15
6207,6207,142,1,2755.1
6208,6208,715,2,780.68
6209,6209,166,1,1493.43
6210,6210,47,2,4980.55
6211,6211,603,1,296.14
6212,6212,170,2,3238.77
6213,6213,706,2,148.71
6214,6214,325,1,234.0
6215,6215,631,1,22.35
6216,6216,183,2,75.69
6217,6217,211,2,154.9
6218,6218,133,1,2998.21
6219,6219,748,1,691.2
6220,6220,242,1,241.66
6221,6221,108,2,4157.03
6222,6222,740,2,452.77
6223,6223,498,1,124.5
6224,6224,246,4,74.01
6225,6225,152,1,4060.81
6226,6226,114,1,1731.9
6227,6227,73,2,3280.42
6228,6228,405,1,616.71
6229,6229,721,1,453.58
6230,6230,515,2,179.25
6231,6231,7,1,3100.22
6232,6232,558,1,113.56
6233,6233,112,1,2784.77
6234,6234,704,1,344.86
6235,6235,695,2,20.12
6236,6236,655,4,153.82
6237,6237,58,1,3110.88
6238,6238,367,1,652.94
6239,6239,560,1,130.36
6240,6240,180,2,1535.73
6241,6241,24,2,4161.68
6242,6242,31,1,2437.35
6243,6243,518,2,37.43
6244,6244,726,1,758.05
6245,6245,99,1,1105.45
6246,6246,190,2,94.68
6247,6247,319,2,233.78
6248,6248,48,2,4406.69
6249,6249,335,1,847.16
6250,6250,190,2,94.68
6251,6251,384,1,259.52
6252,6252,729,3,493.75
6253,6253,328,2,130.01
6254,6254,721,1,453.58
6255,6255,56,1,228.3
6256,6256,226,2,119.73
6257,6257,107,1,2427.81
6258,6258,148,1,1350.51
6259,6259,316,2,182.63
6260,6260,414,3,272.92
6261,6261,509,1,37.13
6262,6262,15,1,3740.12
6263,6263,515,1,179.25
6264,6264,347,1,775.65
6265,6265,446,1,768.65
6266,6266,523,1,51.16
6267,6267,630,2,188.72
6268,6268,749,1,25.31
6269,6269,509,3,37.13
6270,6270,745,1,234.2
6271,6271,496,2,186.76
6272,6272,227,1,130.7
6273,6273,446,2,768.65
6274,6274,82,1,3071.0
6275,6275,533,1,123.06
6276,6276,425,1,114.07
6277,6277,536,3,54.67
6278,6278,65,1,4813.41
6279,6279,102,1,398.45
6280,6280,318,1,115.05
6281,6281,568,3,138.43
6282,6282,44,4,2107.73
6283,6283,258,3,204.86
6284,6284,84,1,3195.54
6285,6285,513,1,29.13
6286,6286,757,2,187.1
6287,6287,328,1,130.01
6288,6288,241,3,65.47
6289,6289,16,2,708.88
6290,6290,514,2,31.2
6291,6291,504,1,71.43
6292,6292,541,2,85.54
6293,6293,222,1,55.73
6294,6294,542,1,173.49
6295,6295,531,1,22.73
6296,6296,151,1,1209.24
6297,6297,377,2,456.96
6298,6298,397,3,249.33
6299,6299,243,3,114.61
6300,6300,88,1,4526.09
6301,6301,492,4,157.87
6302,6302,336,2,414.92
6303,6303,321,1,108.01
6304,6304,724,1,14.7
6305,6305,579,1,271.64
6306,6306,591,2,108.18
6307,6307,499,1,175.95
6308,6308,169,1,966.85
6309,6309,704,1,344.86
6310,6310,170,1,3238.77
6312,6312,172,1,2706.24
6313,6313,43,1,617.03
6314,6314,154,3,2061.68
6316,6316,600,5,334.45
6317,6317,169,5,966.85
6318,6318,640,1,206.05
6319,6319,67,2,1288.51
6320,6320,452,2,889.45
6321,6321,385,1,23.93
6322,6322,333,4,182.93
6323,6323,640,3,206.05
6324,6324,274,1,156.06
6325,6325,468,2,763.35
6326,6326,488,1,77.69
6327,6327,664,1,43.65
6328,6328,230,1,67.94
6329,6329,605,1,255.63
6330,6330,123,1,444.19
6331,6331,620,1,120.92
6332,6332,78,2,2010.26
6333,6333,194,3,111.15
6334,6334,54,1,3534.21
6335,6335,105,3,545.57
6336,6336,373,1,581.2
6337,6337,167,3,3435.27
6338,6338,651,1,303.26
6339,6339,710,1,644.85
6340,6340,132,1,1534.36
6341,6341,369,1,525.43
6342,6342,135,1,3367.95
6343,6343,686,1,229.67
6344,6344,456,1,403.71
6345,6345,469,1,285.26
6346,6346,85,1,405.86
6347,6347,297,2,241.93
6348,6348,444,1,601.08
6349,6349,390,1,344.12
6350,6350,464,1,45.44
6351,6351,126,1,3818.42
6352,6352,392,2,147.3
6353,6353,558,1,113.56
6354,6354,658,3,324.63
6355,6355,18,2,2350.88
6356,6356,573,3,46.31
6357,6357,696,1,147.69
6358,6358,174,3,593.54
6359,6359,524,1,140.52
6360,6360,254,1,66.21
6361,6361,46,3,1594.55
6362,6362,358,1,276.89
6363,6363,444,5,601.08
6364,6364,438,2,519.72
6365,6365,461,1,454.62
6366,6366,491,4,62.03
6367,6367,28,2,3364.99
6368,6368,476,1,11.53
6369,6369,233,4,166.88
6370,6370,192,1,132.19
6371,6371,486,2,22.67
6372,6372,465,3,379.72
6373,6373,155,1,1706.02
6374,6374,262,2,217.51
6375,6375,700,3,474.11
6376,6376,365,3,362.99
6377,6377,602,2,169.46
6378,6378,428,4,441.29
6379,6379,140,3,2582.68
6380,6380,427,2,134.85
6381,6381,476,1,11.53
6382,6382,103,1,3010.04
6383,6383,719,1,329.85
6384,6384,158,1,510.24
6385,6385,440,3,747.34
6386,6386,559,1,57.73
6387,6387,442,1,92.84
6388,6388,60,1,4655.45
6389,6389,152,1,4060.81
6390,6390,641,3,57.17
6391,6391,14,1,4425.71
6392,6392,411,2,718.64
6393,6393,661,1,52.91
6394,6394,570,3,131.96
6395,6395,655,1,153.82
6396,6396,509,1,37.13
6397,6397,741,1,652.35
6398,6398,574,1,90.79
6399,6399,369,3,525.43
6400,6400,753,3,503.79
6401,6401,302,4,200.36
6402,6402,70,1,1560.23
6403,6403,611,1,81.05
6404,6404,651,1,303.26
6405,6405,267,1,116.2
6406,6406,168,2,4516.61
6408,6408,586,2,128.29
6409,6409,499,2,175.95
6410,6410,479,1,148.09
6411,6411,535,1,73.33
6412,6412,567,4,49.45
6413,6413,423,1,532.42
6414,6414,55,1,762.28
6415,6415,713,3,527.9
6416,6416,595,1,317.77
6417,6417,68,1,3602.75
6418,6418,488,2,77.69
6419,6419,280,1,123.83
6420,6420,520,1,154.62
6421,6421,526,2,161.46
6422,6422,287,1,226.27
6423,6423,401,1,774.95
6424,6424,310,1,54.16
6425,6425,749,1,25.31
6426,6426,372,1,160.64
6427,6427,410,2,325.95
6428,6428,375,4,415.84
6429,6429,532,1,84.1
6430,6430,456,2,403.71
6431,6431,355,3,887.26
6432,6432,318,1,115.05
6433,6433,243,1,114.61
6434,6434,199,2,83.62
6435,6435,536,1,54.67
6436,6436,132,1,1534.36
6437,6437,291,1,46.25
6438,6438,645,1,168.29
6439,6439,71,1,3331.34
6440,6440,431,2,670.83
6441,6441,402,2,188.75
6442,6442,581,4,5.61
6443,6443,676,1,257.69
6444,6444,346,5,409.19
6445,6445,198,2,108.13
6446,6446,708,1,561.54
6447,6447,459,1,764.61
6448,6448,108,2,4157.03
6449,6449,436,1,391.06
6450,6450,108,1,4157.03
6451,6451,691,1,21.76
6452,6452,367,1,652.94
6453,6453,65,2,4813.41
6454,6454,415,1,320.0
6455,6455,260,1,222.35
6456,6456,736,1,562.66
6457,6457,316,3,182.63
6458,6458,712,2,571.29
6459,6459,193,1,80.98
6460,6460,22,2,1010.57
6461,6461,600,1,334.45
6462,6462,451,1,79.36
6463,6463,301,2,141.06
6464,6464,526,2,161.46
6465,6465,289,1,162.63
6466,6466,503,2,152.47
6467,6467,556,3,55.68
6468,6468,381,2,433.63
6470,6470,311,1,129.43
6471,6471,84,5,3195.54
6472,6472,51,1,794.12
6473,6473,218,1,119.33
6474,6474,520,1,154.62
6475,6475,68,1,3602.75
6476,6476,22,2,1010.57
6477,6477,723,1,181.75
6478,6478,753,1,503.79
6479,6479,324,1,186.75
6480,6480,448,1,795.1
6481,6481,494,2,53.12
6482,6482,265,1,153.78
6483,6483,532,2,84.1
6484,6484,89,1,1914.29
6485,6485,656,1,217.94
6486,6486,585,1,185.33
6487,6487,44,5,2107.73
6488,6488,647,1,115.03
6489,6489,426,1,351.49
6490,6490,476,1,11.53
6491,6491,70,1,1560.23
6492,6492,683,2,473.02
6493,6493,694,1,738.42
6494,6494,257,3,66.34
6496,6496,301,1,141.06
6497,6497,207,2,51.89
6498,6498,232,1,23.94
6499,6499,346,1,409.19
6500,6500,280,1,123.83
6501,6501,663,1,298.59
6502,6502,76,3,1011.66
6503,6503,641,1,57.17
6504,6504,481,1,189.58
6505,6505,321,1,108.01
6506,6506,631,1,22.35
6507,6507,407,1,279.51
6508,6508,408,3,891.71
6509,6509,592,1,148.9
6510,6510,29,3,338.84
6511,6511,237,3,54.46
6512,6512,316,4,182.63
6513,6513,742,1,293.23
6514,6514,544,2,101.66
6515,6515,566,2,65.14
6516,6516,491,1,62.03
6517,6517,242,2,241.66
6518,6518,301,1,141.06
6519,6519,124,2,1143.91
6520,6520,410,2,325.95
6521,6521,153,3,4827.45
6522,6522,547,2,92.5
6523,6523,480,1,150.12
6524,6524,429,1,642.02
6525,6525,11,1,1239.15
6526,6526,495,1,106.76
6527,6527,242,1,241.66
6528,6528,577,1,345.37
6529,6529,44,1,2107.73
6530,6530,208,2,136.37
6531,6531,376,1,500.95
6532,6532,638,1,105.78
6533,6533,164,5,1509.78
6534,6534,693,1,120.16
6535,6535,181,1,2279.14
6536,6536,360,1,505.98
6537,6537,317,1,91.51
6538,6538,506,3,188.42
6539,6539,558,1,113.56
6540,6540,404,1,359.7
6541,6541,249,1,180.95
6542,6542,431,1,670.83
6543,6543,694,2,738.42
6544,6544,643,1,276.04
6545,6545,589,2,230.12
6546,6546,260,1,222.35
6547,6547,152,1,4060.81
6548,6548,203,1,93.09
6549,6549,90,1,4768.07
6550,6550,6,2,3654.05
6551,6551,632,1,54.65
6552,6552,607,1,121.04
6553,6553,417,5,586.68
6554,6554,63,1,2004.35
6555,6555,649,2,229.42
6556,6556,610,1,29.89
6557,6557,172,1,2706.24
6558,6558,108,4,4157.03
6559,6559,240,3,159.18
6560,6560,426,1,351.49
6561,6561,377,1,456.96
6562,6562,531,2,22.73
6563,6563,525,3,74.43
6564,6564,527,1,36.46
6565,6565,570,5,131.96
6566,6566,122,2,388.92
6567,6567,445,1,198.54
6568,6568,555,1,42.12
6569,6569,642,2,127.89
6570,6570,685,1,12.22
6571,6571,244,1,47.21
6572,6572,197,3,166.43
6573,6573,596,1,29.96
6574,6574,252,2,37.48
6575,6575,197,1,166.43
6576,6576,713,1,527.9
6577,6577,342,1,608.75
6579,6579,8,2,3869.87
6580,6580,480,1,150.12
6581,6581,503,1,152.47
6582,6582,559,2,57.73
6583,6583,652,1,341.76
6584,6584,699,2,41.44
6585,6585,746,3,341.49
6586,6586,318,1,115.05
6587,6587,497,1,20.54
6588,6588,180,1,1535.73
6589,6589,659,2,51.18
6590,6590,312,1,143.72
6591,6591,327,1,232.68
6592,6592,514,1,31.2
6593,6593,421,1,729.76
6594,6594,203,1,93.09
6595,6595,198,1,108.13
6596,6596,296,1,249.01
6597,6597,606,2,25.9
6598,6598,717,1,582.82
6599,6599,488,1,77.69
6600,6600,455,1,322.55
6601,6601,561,1,131.2
6602,6602,70,1,1560.23
6603,6603,279,1,39.39
6604,6604,400,1,305.66
6605,6605,8,2,3869.87
6606,6606,67,3,1288.51
6607,6607,620,5,120.92
6608,6608,692,2,487.97
6609,6609,9,2,2277.97
6610,6610,239,1,157.55
6611,6611,549,3,170.94
6612,6612,527,1,36.46
6613,6613,422,2,111.41
6614,6614,337,1,684.03
6615,6615,479,1,148.09
6616,6616,158,2,510.24
6617,6617,709,2,493.91
6618,6618,551,1,148.19
6619,6619,742,2,293.23
6620,6620,233,1,166.88
6621,6621,167,2,3435.27
6622,6622,123,2,444.19
6623,6623,3,1,2733.8
6624,6624,312,4,143.72
6625,6625,753,1,503.79
6626,6626,372,2,160.64
6627,6627,645,1,168.29
6628,6628,39,2,4977.19
6629,6629,588,1,225.54
6630,6630,495,1,106.76
6631,6631,52,1,1334.63
6632,6632,410,2,325.95
6633,6633,147,3,4322.84
6634,6634,230,3,67.94
6635,6635,526,1,161.46
6636,6636,361,3,830.77
6637,6637,354,1,736.04
6638,6638,701,1,614.32
6639,6639,630,3,188.72
6640,6640,32,1,2375.4
6641,6641,224,1,163.59
6642,6642,304,1,44.03
6643,6643,149,1,3306.49
6644,6644,91,2,2451.37
6645,6645,270,2,164.12
6646,6646,12,1,3846.19
6647,6647,533,2,123.06
6648,6648,427,2,134.85
6649,6649,265,1,153.78
6650,6650,340,1,403.23
6651,6651,455,1,322.55
6652,6652,433,1,204.49
6653,6653,499,3,175.95
6654,6654,543,2,65.32
6655,6655,40,1,4844.16
6656,6656,183,1,75.69
6657,6657,578,1,222.33
6658,6658,729,1,493.75
6659,6659,152,2,4060.81
6660,6660,327,1,232.68
6661,6661,155,1,1706.02
6662,6662,51,1,794.12
6663,6663,89,1,1914.29
6664,6664,105,1,545.57
6665,6665,368,1,510.64
6666,6666,619,1,45.77
6667,6667,715,2,780.68
6668,6668,287,1,226.27
6669,6669,402,1,188.75
6670,6670,82,2,3071.0
6671,6671,175,3,4900.1
6672,6672,287,3,226.27
6673,6673,72,1,2748.72
6674,6674,531,1,22.73
6675,6675,270,1,164.12
6676,6676,476,2,11.53
6677,6677,511,1,184.51
6678,6678,433,1,204.49
6679,6679,160,1,744.93
6680,6680,221,2,195.84
6682,6682,693,2,120.16
6683,6683,693,1,120.16
6684,6684,53,1,239.54
6685,6685,488,2,77.69
6686,6686,54,2,3534.21
6687,6687,273,1,101.64
6688,6688,457,2,351.78
6689,6689,68,1,3602.75
6690,6690,740,4,452.77
6691,6691,614,1,337.25
6692,6692,229,2,204.24
6693,6693,609,2,216.06
6694,6694,733,1,417.93
6695,6695,313,1,228.72
6696,6696,398,1,276.77
6697,6697,748,3,691.2
6698,6698,188,3,64.38
6699,6699,150,1,3819.1
6700,6700,640,2,206.05
6701,6701,460,2,675.57
6702,6702,369,1,525.43
6703,6703,529,1,125.91
6704,6704,6,1,3654.05
6705,6705,754,1,264.87
6706,6706,445,2,198.54
6707,6707,210,1,190.56
6708,6708,64,1,3403.99
6709,6709,596,1,29.96
6710,6710,525,2,74.43
6711,6711,233,1,166.88
6712,6712,217,1,109.07
6713,6713,167,1,3435.27
6714,6714,672,1,213.88
6715,6715,670,3,259.97
6716,6716,294,1,20.24
6717,6717,19,2,4426.24
6718,6718,3,1,2733.8
6719,6719,180,2,1535.73
6720,6720,675,1,167.34
6721,6721,197,1,166.43
6722,6722,293,2,33.69
6723,6723,446,1,768.65
6724,6724,11,2,1239.15
6725,6725,631,5,22.35
6726,6726,189,1,246.97
6727,6727,149,1,3306.49
6728,6728,56,2,228.3
6729,6729,658,1,324.63
6730,6730,666,3,37.97
6731,6731,601,2,43.38
6732,6732,71,4,3331.34
6733,6733,155,1,1706.02
6734,6734,293,1,33.69
6735,6735,400,1,305.66
6736,6736,415,1,320.0
6737,6737,751,2,27.9
6738,6738,204,2,34.18
6739,6739,558,1,113.56
6740,6740,610,1,29.89
6741,6741,230,2,67.94
6742,6742,562,2,117.53
6743,6743,737,1,783.55
6744,6744,451,1,79.36
6745,6745,311,1,129.43
6746,6746,550,3,133.78
6747,6747,593,1,176.21
6748,6748,525,1,74.43
6749,6749,287,1,226.27
6750,6750,142,1,2755.1
6751,6751,667,1,85.14
6752,6752,289,5,162.63
6753,6753,728,2,289.32
6754,6754,568,1,138.43
6755,6755,167,1,3435.27
6756,6756,559,1,57.73
6757,6757,42,2,418.95
6758,6758,619,2,45.77
6759,6759,592,2,148.9
6760,6760,512,1,45.47
6761,6761,444,2,601.08
6762,6762,724,1,14.7
6763,6763,599,3,7.34
6764,6764,553,2,156.88
6765,6765,164,1,1509.78
6766,6766,152,1,4060.81
6767,6767,485,1,101.15
6768,6768,574,3,90.79
6769,6769,551,3,148.19
6770,6770,698,2,7.94
6771,6771,144,1,4210.19
6772,6772,484,2,96.02
6773,6773,140,5,2582.68
6774,6774,658,2,324.63
6775,6775,301,1,141.06
6776,6776,247,1,222.07
6777,6777,59,1,4057.63
6778,6778,319,2,233.78
6779,6779,52,4,1334.63
6780,6780,157,1,1189.15
6781,6781,321,1,108.01
6782,6782,244,1,47.21
6783,6783,461,1,454.62
6784,6784,593,2,176.21
6785,6785,57,1,1262.65
6786,6786,186,1,152.5
6787,6787,362,2,546.59
6788,6788,265,1,153.78
6789,6789,579,1,271.64
6790,6790,629,1,198.54
6791,6791,188,3,64.38
6792,6792,185,1,37.55
6793,6793,581,5,5.61
6794,6794,488,5,77.69
6795,6795,221,1,195.84
6796,6796,674,3,270.13
6797,6797,154,2,2061.68
6798,6798,13,3,349.61
6799,6799,243,1,114.61
6800,6800,7,3,3100.22
6801,6801,158,1,510.24
6802,6802,457,1,351.78
6803,6803,375,1,415.84
6804,6804,671,1,170.05
6805,6805,99,2,1105.45
6806,6806,86,1,709.09
6807,6807,10,1,3515.06
6808,6808,573,1,46.31
6809,6809,235,1,99.15
6810,6810,712,1,571.29
6811,6811,105,1,545.57
6812,6812,262,1,217.51
6813,6813,180,4,1535.73
6814,6814,405,1,616.71
6815,6815,100,1,3744.66
6816,6816,9,3,2277.97
6817,6817,310,3,54.16
6818,6818,749,4,25.31
6819,6819,537,1,81.58
6820,6820,209,1,86.49
6821,6821,337,1,684.03
6822,6822,11,4,1239.15
6823,6823,716,1,471.75
6824,6824,562,1,117.53
6825,6825,382,1,304.82
6826,6826,679,2,128.13
6827,6827,342,3,608.75
6828,6828,20,4,36.15
6829,6829,200,1,31.36
6830,6830,444,1,601.08
6831,6831,417,2,586.68
6832,6832,547,2,92.5
6833,6833,167,1,3435.27
6834,6834,25,3,446.54
6835,6835,443,1,527.93
6836,6836,256,2,161.82
6837,6837,152,3,4060.81
6838,6838,632,2,54.65
6839,6839,389,2,574.36
6840,6840,605,1,255.63
6841,6841,431,1,670.83
6842,6842,275,1,225.47
6843,6843,137,1,474.38
6844,6844,380,1,618.79
6845,6845,655,2,153.82
6846,6846,230,1,67.94
6847,6847,42,1,418.95
6848,6848,168,2,4516.61
6849,6849,333,1,182.93
6850,6850,49,1,3523.62
6851,6851,436,1,391.06
6852,6852,616,2,211.57
6853,6853,353,1,218.55
6854,6854,679,1,128.13
6855,6855,33,3,2067.28
6856,6856,83,1,4488.09
6857,6857,752,5,526.27
6858,6858,670,1,259.97
6859,6859,357,2,848.0
6860,6860,255,1,238.71
6861,6861,489,3,179.55
6862,6862,49,1,3523.62
6863,6863,106,1,3674.29
6864,6864,97,1,4760.55
6865,6865,566,2,65.14
6866,6866,369,2,525.43
6867,6867,330,2,191.25
6868,6868,408,1,891.71
6869,6869,55,2,762.28
6871,6871,574,1,90.79
6872,6872,71,1,3331.34
6873,6873,277,4,162.31
6874,6874,124,1,1143.91
6875,6875,422,2,111.41
6876,6876,484,2,96.02
6877,6877,609,1,216.06
6878,6878,423,3,532.42
6879,6879,192,2,132.19
6880,6880,2,1,1108.81
6881,6881,32,2,2375.4
6882,6882,316,2,182.63
6883,6883,418,1,304.57
6884,6884,211,1,154.9
6885,6885,37,1,1084.45
6886,6886,518,1,37.43
6887,6887,79,1,4429.61
6888,6888,638,4,105.78
6889,6889,349,1,387.46
6890,6890,161,2,4356.77
6891,6891,657,3,325.09
6892,6892,613,1,10.14
6893,6893,248,1,101.44
6894,6894,700,1,474.11
6895,6895,443,1,527.93
6896,6896,472,2,101.9
6897,6897,413,4,614.79
6898,6898,38,5,1340.7
6899,6899,424,2,274.72
6900,6900,123,5,444.19
6901,6901,568,1,138.43
6902,6902,139,1,2285.02
6903,6903,266,1,167.93
6904,6904,261,2,69.29
6905,6905,412,2,506.6
6906,6906,313,3,228.72
6907,6907,150,2,3819.1
6908,6908,737,1,783.55
6909,6909,162,5,2316.52
6910,6910,488,3,77.69
6911,6911,75,1,3103.91
6912,6912,48,1,4406.69
6913,6913,750,1,70.48
6914,6914,163,1,1452.4
6915,6915,343,1,524.69
6916,6916,655,1,153.82
6917,6917,728,1,289.32
6918,6918,702,1,211.43
6919,6919,32,3,2375.4
6920,6920,360,1,505.98
6921,6921,327,1,232.68
6922,6922,183,1,75.69
6923,6923,530,1,40.14
6924,6924,336,1,414.92
6925,6925,456,1,403.71
6926,6926,93,1,2679.93
6927,6927,614,2,337.25
6928,6928,74,1,4799.95
6929,6929,654,1,202.93
6930,6930,174,2,593.54
6931,6931,420,4,410.11
6932,6932,542,2,173.49
6933,6933,520,1,154.62
6934,6934,469,1,285.26
6935,6935,328,1,130.01
6936,6936,452,1,889.45
6937,6937,526,2,161.46
6938,6938,21,1,2548.24
6939,6939,526,1,161.46
6940,6940,747,1,258.27
6941,6941,236,1,95.55
6942,6942,196,1,79.36
6943,6943,515,1,179.25
6944,6944,105,1,545.57
6945,6945,198,1,108.13
6946,6946,249,1,180.95
6947,6947,215,1,129.05
6948,6948,681,2,20.06
6949,6949,641,1,57.17
6950,6950,677,1,233.28
6951,6951,31,2,2437.35
6952,6952,498,1,124.5
6953,6953,135,1,3367.95
6954,6954,156,1,4299.51
6955,6955,402,1,188.75
6956,6956,348,1,208.18
6957,6957,580,4,48.76
6958,6958,319,1,233.78
6959,6959,41,1,2929.19
6960,6960,95,1,2284.39
6961,6961,457,1,351.78
6962,6962,459,2,764.61
6963,6963,440,1,747.34
6964,6964,626,3,181.24
6965,6965,51,1,794.12
6966,6966,711,1,70.46
6967,6967,247,1,222.07
6968,6968,587,4,49.39
6969,6969,381,4,433.63
6970,6970,358,1,276.89
6971,6971,97,1,4760.55
6972,6972,291,2,46.25
6973,6973,532,2,84.1
6974,6974,42,1,418.95
6975,6975,370,1,751.68
6976,6976,83,3,4488.09
6977,6977,335,2,847.16
6978,6978,200,2,31.36
6979,6979,709,5,493.91
6980,6980,32,1,2375.4
6981,6981,403,2,446.99
6982,6982,384,2,259.52
6983,6983,641,1,57.17
6984,6984,5,1,481.86
6985,6985,147,1,4322.84
6986,6986,173,3,1299.7
6987,6987,48,1,4406.69
6988,6988,387,3,713.53
6989,6989,151,1,1209.24
6990,6990,354,2,736.04
6991,6991,14,2,4425.71
6992,6992,421,2,729.76
6993,6993,266,1,167.93
6995,6995,416,1,652.56
6996,6996,616,1,211.57
6997,6997,555,2,42.12
6998,6998,479,1,148.09
6999,6999,715,2,780.68
7000,7000,494,3,53.12
7001,7001,573,1,46.31
7002,7002,190,2,94.68
7003,7003,265,3,153.78
7004,7004,734,2,86.88
7005,7005,670,2,259.97
7006,7006,36,1,4845.59
7007,7007,115,1,1546.97
7008,7008,100,1,3744.66
7009,7009,530,2,40.14
7010,7010,433,1,204.49
7011,7011,432,1,493.35
7012,7012,735,1,380.77
7013,7013,607,1,121.04
7014,7014,29,2,338.84
7015,7015,94,1,2154.48
7016,7016,657,4,325.09
7018,7018,476,1,11.53
7019,7019,391,1,229.33
7020,7020,496,4,186.76
7021,7021,245,2,124.29
7022,7022,251,2,210.05
7023,7023,667,2,85.14
7024,7024,347,1,775.65
7025,7025,615,2,121.93
7026,7026,14,1,4425.71
7027,7027,77,1,2287.96
7028,7028,585,1,185.33
7029,7029,291,1,46.25
7030,7030,250,4,41.58
7031,7031,377,1,456.96
7032,7032,243,1,114.61
7033,7033,607,2,121.04
7034,7034,668,1,217.24
7035,7035,75,2,3103.91
7036,7036,653,2,162.88
7037,7037,130,1,3245.21
7038,7038,83,1,4488.09
7039,7039,697,2,603.63
7040,7040,103,1,3010.04
7041,7041,595,2,317.77
7042,7042,489,1,179.55
7043,7043,746,1,341.49
7044,7044,318,1,115.05
7045,7045,491,1,62.03
7046,7046,129,1,3943.37
7047,7047,646,1,316.95
7048,7048,30,1,1160.12
7049,7049,678,1,59.08
7050,7050,668,2,217.24
7051,7051,86,1,709.09
7052,7052,476,2,11.53
7053,7053,206,1,175.81
7054,7054,278,2,65.28
7055,7055,328,1,130.01
7056,7056,71,2,3331.34
7057,7057,314,2,67.65
7058,7058,430,1,206.26
7059,7059,542,2,173.49
7060,7060,55,1,762.28
7061,7061,208,1,136.37
7062,7062,621,1,231.82
7063,7063,300,1,146.0
7064,7064,758,3,15.36
7065,7065,579,1,271.64
7066,7066,298,1,211.96
7067,7067,499,3,175.95
7068,7068,478,2,153.79
7069,7069,57,3,1262.65
7070,7070,548,2,79.31
7071,7071,93,1,2679.93
7072,7072,451,1,79.36
7073,7073,295,1,46.64
7074,7074,592,1,148.9
7075,7075,703,3,12.69
7076,7076,648,3,12.54
7077,7077,41,1,2929.19
7078,7078,191,1,187.49
7079,7079,137,1,474.38
7080,7080,210,1,190.56
7081,7081,251,3,210.05
7082,7082,419,2,175.87
7083,7083,70,1,1560.23
7084,7084,658,1,324.63
7085,7085,681,5,20.06
7086,7086,508,1,111.49
7087,7087,236,2,95.55
7088,7088,315,1,175.03
7089,7089,13,3,349.61
7090,7090,630,2,188.72
7091,7091,368,2,510.64
7092,7092,653,2,162.88
7093,7093,469,1,285.26
7094,7094,434,5,410.25
7095,7095,212,1,172.12
7096,7096,649,3,229.42
7097,7097,431,1,670.83
7098,7098,620,2,120.92
7099,7099,26,1,2386.9
7100,7100,388,2,77.65
7101,7101,560,1,130.36
7102,7102,191,1,187.49
7103,7103,77,1,2287.96
7104,7104,642,1,127.89
7105,7105,648,2,12.54
7106,7106,269,1,172.41
7107,7107,540,3,187.1
7108,7108,259,2,52.1
7109,7109,417,2,586.68
7110,7110,491,1,62.03
7111,7111,205,1,203.34
7112,7112,111,4,1395.81
7113,7113,12,1,3846.19
7114,7114,665,2,348.02
7115,7115,77,3,2287.96
7116,7116,429,1,642.02
7117,7117,340,1,403.23
7118,7118,104,1,1865.43
7119,7119,348,3,208.18
7120,7120,143,1,3554.71
7121,7121,72,1,2748.72
7122,7122,159,1,4519.04
7123,7123,414,2,272.92
7124,7124,251,3,210.05
7125,7125,315,1,175.03
7126,7126,350,1,177.74
7127,7127,563,2,69.5
7128,7128,21,2,2548.24
7129,7129,10,1,3515.06
7130,7130,728,1,289.32
7131,7131,576,2,32.88
7132,7132,269,4,172.41
7133,7133,377,3,456.96
7134,7134,307,1,245.13
7135,7135,594,1,59.48
7136,7136,213,2,21.25
7137,7137,190,1,94.68
7138,7138,585,5,185.33
7139,7139,69,1,3327.89
7140,7140,668,2,217.24
7141,7141,440,1,747.34
7142,7142,468,5,763.35
7143,7143,434,1,410.25
7144,7144,364,4,114.4
7145,7145,46,1,1594.55
7146,7146,200,3,31.36
7147,7147,758,1,15.36
7148,7148,254,3,66.21
7149,7149,319,1,233.78
7150,7150,113,2,1123.54
7151,7151,475,3,50.23
7152,7152,82,1,3071.0
7153,7153,312,1,143.72
7154,7154,335,1,847.16
7155,7155,479,1,148.09
7156,7156,573,1,46.31
7157,7157,330,3,191.25
7158,7158,68,2,3602.75
7159,7159,743,1,545.9
7160,7160,409,1,329.97
7161,7161,402,1,188.75
7162,7162,641,1,57.17
7163,7163,95,1,2284.39
7164,7164,660,2,238.33
7165,7165,152,1,4060.81
7166,7166,579,1,271.64
7167,7167,156,1,4299.51
7168,7168,503,1,152.47
7169,7169,633,1,39.45
7170,7170,187,2,144.62
7171,7171,674,1,270.13
7172,7172,444,1,601.08
7173,7173,546,2,167.82
7174,7174,107,1,2427.81
7175,7175,530,2,40.14
7176,7176,270,1,164.12
7177,7177,143,4,3554.71
7178,7178,303,1,129.01
7179,7179,554,1,30.09
7180,7180,418,1,304.57
7181,7181,399,1,451.25
7182,7182,670,1,259.97
7183,7183,106,2,3674.29
7184,7184,169,2,966.85
7185,7185,383,1,626.13
7186,7186,132,1,1534.36
7187,7187,328,4,130.01
7188,7188,312,1,143.72
7189,7189,196,2,79.36
7190,7190,589,1,230.12
7191,7191,305,1,103.09
7192,7192,62,3,2312.3
7193,7193,705,1,793.49
7194,7194,673,1,30.45
7195,7195,603,1,296.14
7196,7196,356,1,536.57
7197,7197,160,1,744.93
7198,7198,630,3,188.72
7199,7199,74,2,4799.95
7200,7200,223,1,127.57
7201,7201,222,1,55.73
7202,7202,232,1,23.94
7203,7203,605,2,255.63
7204,7204,599,1,7.34
7205,7205,530,1,40.14
7206,7206,491,4,62.03
7207,7207,432,2,493.35
7208,7208,400,1,305.66
7209,7209,653,2,162.88
7210,7210,731,1,733.38
7211,7211,54,1,3534.21
7212,7212,2,1,1108.81
7213,7213,616,1,211.57
7214,7214,325,1,234.0
7215,7215,495,2,106.76
7216,7216,750,1,70.48
7217,7217,184,1,95.76
7218,7218,736,1,562.66
7219,7219,378,1,224.45
7220,7220,256,3,161.82
7221,7221,403,1,446.99
7222,7222,748,1,691.2
7223,7223,133,4,2998.21
7224,7224,43,1,617.03
7225,7225,579,1,271.64
7226,7226,692,2,487.97
7227,7227,222,5,55.73
7228,7228,11,2,1239.15
7229,7229,451,2,79.36
7230,7230,458,2,230.86
7231,7231,238,1,130.85
7232,7232,218,1,119.33
7233,7233,284,2,62.55
7234,7234,448,4,795.1
7235,7235,324,3,186.75
7236,7236,177,1,2931.1
7237,7237,341,1,59.51
7238,7238,259,2,52.1
7239,7239,420,1,410.11
7240,7240,534,1,95.47
7241,7241,363,1,306.33
7242,7242,212,3,172.12
7243,7243,630,1,188.72
7244,7244,112,1,2784.77
7245,7245,459,2,764.61
7246,7246,258,1,204.86
7247,7247,319,1,233.78
7248,7248,561,2,131.2
7249,7249,696,1,147.69
7250,7250,58,1,3110.88
7251,7251,247,3,222.07
7252,7252,587,2,49.39
7253,7253,222,1,55.73
7254,7254,359,1,773.2
7255,7255,388,1,77.65
7256,7256,35,1,1264.03
7257,7257,717,4,582.82
7258,7258,410,1,325.95
7259,7259,227,1,130.7
7260,7260,17,1,816.7
7261,7261,53,1,239.54
7262,7262,285,1,161.67
7263,7263,504,1,71.43
7264,7264,757,2,187.1
7265,7265,518,1,37.43
7266,7266,373,1,581.2
7267,7267,639,3,181.78
7268,7268,91,1,2451.37
7269,7269,50,2,3323.67
7270,7270,666,1,37.97
7271,7271,111,3,1395.81
7272,7272,715,2,780.68
7273,7273,510,1,180.29
7274,7274,385,2,23.93
7275,7275,244,1,47.21
7276,7276,133,3,2998.21
7277,7277,82,2,3071.0
7278,7278,540,1,187.1
7279,7279,197,2,166.43
7280,7280,536,1,54.67
7281,7281,573,1,46.31
7282,7282,398,1,276.77
7283,7283,70,2,1560.23
7284,7284,653,1,162.88
7285,7285,24,1,4161.68
7286,7286,243,3,114.61
7287,7287,486,1,22.67
7288,7288,698,1,7.94
7289,7289,359,4,773.2
7290,7290,67,1,1288.51
7291,7291,438,1,519.72
7292,7292,670,3,259.97
7293,7293,258,3,204.86
7294,7294,558,4,113.56
7295,7295,14,3,4425.71
7296,7296,670,1,259.97
7297,7297,395,1,708.14
7298,7298,547,2,92.5
7299,7299,187,3,144.62
7300,7300,613,3,10.14
7301,7301,7,3,3100.22
7302,7302,597,2,95.38
7303,7303,347,1,775.65
7304,7304,365,2,362.99
7305,7305,312,1,143.72
7306,7306,677,1,233.28
7307,7307,261,1,69.29
7308,7308,717,1,582.82
7309,7309,354,5,736.04
7310,7310,698,1,7.94
7311,7311,257,1,66.34
7312,7312,8,1,3869.87
7313,7313,64,1,3403.99
7314,7314,707,1,620.93
7315,7315,459,5,764.61
7316,7316,697,1,603.63
7317,7317,335,1,847.16
7318,7318,573,1,46.31
7320,7320,615,1,121.93
7321,7321,503,4,152.47
7322,7322,237,1,54.46
7323,7323,29,1,338.84
7324,7324,210,1,190.56
7325,7325,489,2,179.55
7326,7326,223,1,127.57
7327,7327,628,2,49.89
7328,7328,275,1,225.47
7329,7329,195,2,43.89
7330,7330,560,4,130.36
7331,7331,563,2,69.5
7332,7332,43,1,617.03
7333,7333,496,1,186.76
7334,7334,3,2,2733.8
7335,7335,673,1,30.45
7336,7336,647,4,115.03
7337,7337,533,1,123.06
7338,7338,610,1,29.89
7339,7339,209,1,86.49
7340,7340,410,1,325.95
7341,7341,550,1,133.78
7342,7342,249,3,180.95
7343,7343,452,1,889.45
7344,7344,126,2,3818.42
7345,7345,124,2,1143.91
7346,7346,741,4,652.35
7347,7347,16,1,708.88
7348,7348,656,2,217.94
7349,7349,682,2,291.05
7350,7350,734,1,86.88
7351,7351,692,3,487.97
7352,7352,342,1,608.75
7353,7353,508,1,111.49
7354,7354,283,1,209.19
7355,7355,318,1,115.05
7356,7356,665,2,348.02
7357,7357,7,2,3100.22
7358,7358,721,2,453.58
7359,7359,505,1,76.84
7360,7360,157,2,1189.15
7361,7361,574,1,90.79
7362,7362,64,1,3403.99
7363,7363,420,1,410.11
7364,7364,534,1,95.47
7365,7365,143,1,3554.71
7366,7366,729,1,493.75
7367,7367,211,3,154.9
7368,7368,277,3,162.31
7369,7369,161,1,4356.77
7370,7370,657,1,325.09
7371,7371,119,2,246.66
7372,7372,692,1,487.97
7373,7373,53,5,239.54
7374,7374,310,2,54.16
7375,7375,417,5,586.68
7376,7376,157,2,1189.15
7377,7377,323,1,77.5
7378,7378,578,4,222.33
7379,7379,427,2,134.85
7380,7380,507,2,126.51
7381,7381,136,2,4582.03
7382,7382,218,1,119.33
7383,7383,209,2,86.49
7384,7384,679,1,128.13
7385,7385,62,3,2312.3
7386,7386,235,1,99.15
7387,7387,33,4,2067.28
7388,7388,576,3,32.88
7389,7389,57,1,1262.65
7390,7390,522,2,157.0
7391,7391,201,3,143.89
7392,7392,275,1,225.47
7393,7393,531,3,22.73
7394,7394,23,2,4594.09
7395,7395,196,2,79.36
7396,7396,499,2,175.95
7397,7397,272,2,104.31
7398,7398,346,1,409.19
7399,7399,170,2,3238.77
7400,7400,233,2,166.88
7401,7401,86,1,709.09
7402,7402,705,2,793.49
7403,7403,29,1,338.84
7404,7404,643,1,276.04
7405,7405,243,1,114.61
7406,7406,70,1,1560.23
7407,7407,679,1,128.13
7408,7408,646,5,316.95
7409,7409,335,3,847.16
7410,7410,439,4,893.3
7411,7411,123,1,444.19
7412,7412,39,1,4977.19
7413,7413,515,2,179.25
7415,7415,420,1,410.11
7416,7416,521,1,142.88
7417,7417,398,1,276.77
7418,7418,492,2,157.87
7419,7419,581,2,5.61
7420,7420,525,1,74.43
7421,7421,39,1,4977.19
7422,7422,421,1,729.76
7423,7423,490,4,91.21
7424,7424,204,3,34.18
7425,7425,527,1,36.46
7426,7426,644,1,233.5
7427,7427,182,1,789.51
7428,7428,63,1,2004.35
7429,7429,338,5,710.75
7430,7430,42,3,418.95
7431,7431,28,1,3364.99
7432,7432,598,2,238.15
7433,7433,737,1,783.55
7434,7434,137,3,474.38
7435,7435,214,1,37.03
7436,7436,18,1,2350.88
7437,7437,182,3,789.51
7438,7438,78,2,2010.26
7439,7439,270,2,164.12
7440,7440,723,1,181.75
7441,7441,54,1,3534.21
7442,7442,183,2,75.69
7443,7443,386,2,511.91
7444,7444,408,1,891.71
7446,7446,458,3,230.86
7447,7447,300,1,146.0
7448,7448,357,2,848.0
7449,7449,411,1,718.64
7450,7450,332,1,9.64
7451,7451,86,2,709.09
7452,7452,77,3,2287.96
7453,7453,663,1,298.59
7454,7454,713,4,527.9
7455,7455,426,1,351.49
7456,7456,9,1,2277.97
7457,7457,521,2,142.88
7458,7458,439,1,893.3
7459,7459,196,1,79.36
7460,7460,172,1,2706.24
7461,7461,99,2,1105.45
7462,7462,369,2,525.43
7463,7463,363,1,306.33
7464,7464,587,1,49.39
7465,7465,215,2,129.05
7466,7466,194,5,111.15
7467,7467,672,1,213.88
7468,7468,34,1,564.15
7469,7469,161,2,4356.77
7470,7470,281,1,116.88
7471,7471,5,4,481.86
7472,7472,439,1,893.3
7473,7473,336,1,414.92
7474,7474,13,1,349.61
7475,7475,278,2,65.28
7477,7477,401,1,774.95
7478,7478,172,2,2706.24
7479,7479,114,1,1731.9
7481,7481,210,2,190.56
7482,7482,685,1,12.22
7483,7483,53,1,239.54
7484,7484,530,4,40.14
7485,7485,277,2,162.31
7486,7486,642,1,127.89
7487,7487,611,2,81.05
7488,7488,544,1,101.66
7489,7489,575,2,27.16
7490,7490,191,1,187.49
7491,7491,481,1,189.58
7492,7492,122,5,388.92
7493,7493,60,1,4655.45
7494,7494,39,1,4977.19
7495,7495,331,2,28.98
7496,7496,729,3,493.75
7497,7497,122,1,388.92
7498,7498,63,1,2004.35
7499,7499,651,1,303.26
7500,7500,535,1,73.33
7501,7501,273,1,101.64
7502,7502,613,2,10.14
7503,7503,552,1,86.71
7504,7504,656,1,217.94
7505,7505,556,1,55.68
7506,7506,122,1,388.92
7507,7507,149,2,3306.49
7508,7508,410,1,325.95
7509,7509,331,2,28.98
7510,7510,598,2,238.15
7511,7511,30,2,1160.12
7512,7512,117,1,2956.13
7513,7513,650,4,190.13
7514,7514,572,4,139.15
7515,7515,521,3,142.88
7516,7516,18,1,2350.88
7517,7517,386,1,511.91
7518,7518,412,1,506.6
7519,7519,713,2,527.9
7520,7520,435,1,732.57
7521,7521,395,1,708.14
7522,7522,26,2,2386.9
7523,7523,314,4,67.65
7524,7524,738,1,686.04
7525,7525,170,1,3238.77
7526,7526,473,1,15.25
7527,7527,559,1,57.73
7528,7528,9,3,2277.97
7529,7529,203,1,93.09
7530,7530,118,3,1495.3
7531,7531,590,1,193.35
7532,7532,174,2,593.54
7533,7533,597,3,95.38
7534,7534,513,3,29.13
7535,7535,396,1,655.1
7536,7536,524,4,140.52
7537,7537,549,1,170.94
7538,7538,25,1,446.54
7539,7539,118,1,1495.3
7540,7540,74,1,4799.95
7541,7541,571,4,160.51
7542,7542,510,1,180.29
7543,7543,333,4,182.93
7544,7544,259,1,52.1
7545,7545,556,3,55.68
7546,7546,565,1,57.29
7547,7547,716,1,471.75
7548,7548,545,3,183.48
7549,7549,729,1,493.75
7550,7550,13,2,349.61
7551,7551,109,2,3059.44
7552,7552,382,1,304.82
7553,7553,348,2,208.18
7554,7554,670,1,259.97
7555,7555,107,1,2427.81
7556,7556,498,1,124.5
7557,7557,53,1,239.54
7558,7558,275,1,225.47
7559,7559,617,1,291.13
7560,7560,514,1,31.2
7561,7561,670,5,259.97
7562,7562,266,4,167.93
7563,7563,582,2,265.86
7564,7564,65,1,4813.41
7565,7565,22,1,1010.57
7566,7566,63,1,2004.35
7567,7567,6,4,3654.05
7568,7568,241,3,65.47
7569,7569,184,1,95.76
7570,7570,501,1,11.4
7571,7571,649,1,229.42
7572,7572,553,1,156.88
7573,7573,84,1,3195.54
7574,7574,519,2,180.5
7575,7575,147,2,4322.84
7576,7576,91,5,2451.37
7577,7577,174,1,593.54
7578,7578,192,1,132.19
7579,7579,619,1,45.77
7580,7580,71,2,3331.34
7581,7581,535,1,73.33
7582,7582,310,3,54.16
7583,7583,674,1,270.13
7584,7584,142,2,2755.1
7585,7585,636,3,261.3
7586,7586,689,1,476.72
7587,7587,156,2,4299.51
7589,7589,23,1,4594.09
7590,7590,305,2,103.09
7591,7591,121,1,4828.17
7592,7592,12,4,3846.19
7593,7593,441,2,249.15
7594,7594,740,2,452.77
7595,7595,153,1,4827.45
7596,7596,40,3,4844.16
7597,7597,338,1,710.75
7598,7598,260,3,222.35
7599,7599,321,3,108.01
7600,7600,583,2,243.95
7601,7601,369,2,525.43
7602,7602,123,1,444.19
7603,7603,341,2,59.51
7604,7604,541,2,85.54
7605,7605,131,3,2983.31
7606,7606,168,2,4516.61
7607,7607,640,1,206.05
7608,7608,559,1,57.73
7609,7609,658,1,324.63
7610,7610,327,2,232.68
7611,7611,247,1,222.07
7612,7612,170,1,3238.77
7613,7613,369,2,525.43
7614,7614,409,2,329.97
7615,7615,547,5,92.5
7616,7616,360,1,505.98
7617,7617,378,1,224.45
7618,7618,179,3,4122.79
7619,7619,714,1,560.86
7620,7620,352,1,39.87
7621,7621,599,1,7.34
7622,7622,596,2,29.96
7623,7623,264,1,231.67
7624,7624,104,2,1865.43
7625,7625,596,1,29.96
7626,7626,499,1,175.95
7627,7627,521,1,142.88
7628,7628,700,1,474.11
7629,7629,639,1,181.78
7630,7630,269,1,172.41
7631,7631,383,2,626.13
7632,7632,750,1,70.48
7633,7633,379,2,342.01
7634,7634,706,1,148.71
7635,7635,332,1,9.64
7636,7636,250,3,41.58
7637,7637,486,1,22.67
7638,7638,442,1,92.84
7639,7639,655,2,153.82
7640,7640,268,2,237.38
7641,7641,24,2,4161.68
7642,7642,670,4,259.97
7643,7643,212,4,172.12
7644,7644,100,1,3744.66
7645,7645,685,1,12.22
7646,7646,463,2,688.82
7647,7647,103,1,3010.04
7648,7648,641,1,57.17
7649,7649,342,1,608.75
7650,7650,568,1,138.43
7651,7651,108,1,4157.03
7652,7652,370,1,751.68
7653,7653,190,1,94.68
7654,7654,734,3,86.88
7655,7655,692,1,487.97
7656,7656,93,2,2679.93
7657,7657,409,1,329.97
7658,7658,365,1,362.99
7659,7659,41,1,2929.19
7660,7660,758,3,15.36
7661,7661,583,1,243.95
7662,7662,391,3,229.33
7663,7663,34,1,564.15
7664,7664,518,1,37.43
7665,7665,589,2,230.12
7666,7666,90,2,4768.07
7667,7667,660,1,238.33
7669,7669,401,3,774.95
7670,7670,396,1,655.1
7671,7671,731,1,733.38
7672,7672,504,1,71.43
7673,7673,91,4,2451.37
7674,7674,719,1,329.85
7675,7675,341,1,59.51
7676,7676,477,2,174.42
7677,7677,47,1,4980.55
7678,7678,451,1,79.36
7679,7679,734,3,86.88
7680,7680,160,1,744.93
7681,7681,716,1,471.75
7682,7682,247,1,222.07
7683,7683,89,3,1914.29
7684,7684,179,1,4122.79
7685,7685,171,1,468.85
7686,7686,568,1,138.43
7687,7687,555,1,42.12
7688,7688,399,1,451.25
7689,7689,494,1,53.12
7690,7690,278,1,65.28
7692,7692,171,1,468.85
7693,7693,587,1,49.39
7694,7694,105,2,545.57
7695,7695,512,1,45.47
7696,7696,191,2,187.49
7697,7697,143,2,3554.71
7698,7698,684,2,416.47
7699,7699,333,1,182.93
7700,7700,563,1,69.5
7701,7701,560,3,130.36
7702,7702,634,1,86.2
7703,7703,605,1,255.63
7704,7704,63,1,2004.35
7705,7705,106,4,3674.29
7706,7706,221,5,195.84
7707,7707,318,1,115.05
7708,7708,693,2,120.16
7709,7709,168,1,4516.61
7710,7710,749,1,25.31
7711,7711,382,3,304.82
7712,7712,242,1,241.66
7713,7713,524,4,140.52
7714,7714,126,2,3818.42
7715,7715,107,1,2427.81
7716,7716,195,1,43.89
7717,7717,103,1,3010.04
7718,7718,177,1,2931.1
7719,7719,281,1,116.88
7720,7720,82,1,3071.0
7721,7721,74,1,4799.95
7722,7722,403,2,446.99
7723,7723,115,1,1546.97
7724,7724,319,4,233.78
7725,7725,599,1,7.34
7726,7726,645,1,168.29
7727,7727,675,1,167.34
7728,7728,182,1,789.51
7729,7729,455,1,322.55
7730,7730,344,1,805.84
7731,7731,463,1,688.82
7732,7732,192,1,132.19
7733,7733,216,2,119.25
7734,7734,415,1,320.0
7735,7735,751,3,27.9
7736,7736,607,2,121.04
7737,7737,757,2,187.1
7738,7738,281,2,116.88
7739,7739,538,3,82.44
7740,7740,11,1,1239.15
7741,7741,357,1,848.0
7742,7742,664,3,43.65
7743,7743,139,1,2285.02
7744,7744,660,2,238.33
7745,7745,192,2,132.19
7746,7746,145,1,2554.17
7747,7747,361,2,830.77
7748,7748,424,1,274.72
7749,7749,573,1,46.31
7750,7750,520,2,154.62
7751,7751,558,5,113.56
7752,7752,148,2,1350.51
7753,7753,491,1,62.03
7754,7754,206,2,175.81
7755,7755,129,2,3943.37
7756,7756,189,1,246.97
7757,7757,481,2,189.58
7758,7758,594,1,59.48
7759,7759,744,1,264.79
7760,7760,587,1,49.39
7761,7761,737,1,783.55
7762,7762,300,4,146.0
7763,7763,446,1,768.65
7764,7764,181,1,2279.14
7765,7765,672,1,213.88
7766,7766,663,2,298.59
7767,7767,32,3,2375.4
7768,7768,159,1,4519.04
7769,7769,586,1,128.29
7770,7770,744,2,264.79
7771,7771,51,1,794.12
7772,7772,217,1,109.07
7773,7773,559,1,57.73
7774,7774,105,2,545.57
7775,7775,176,2,89.3
7776,7776,603,1,296.14
7777,7777,110,2,1076.35
7778,7778,97,1,4760.55
7779,7779,401,4,774.95
7780,7780,37,1,1084.45
7781,7781,665,2,348.02
7782,7782,457,3,351.78
7783,7783,77,2,2287.96
7784,7784,437,2,483.72
7785,7785,552,1,86.71
7786,7786,620,1,120.92
7787,7787,702,1,211.43
7788,7788,409,2,329.97
7789,7789,638,2,105.78
7790,7790,296,4,249.01
7791,7791,52,1,1334.63
7792,7792,166,1,1493.43
7793,7793,349,1,387.46
7794,7794,550,1,133.78
7795,7795,226,1,119.73
7796,7796,39,1,4977.19
7797,7797,4,1,3496.72
7798,7798,236,1,95.55
7799,7799,10,1,3515.06
7800,7800,93,3,2679.93
7801,7801,382,1,304.82
7802,7802,140,2,2582.68
7803,7803,412,1,506.6
7804,7804,368,1,510.64
7805,7805,576,2,32.88
7806,7806,544,1,101.66
7807,7807,504,1,71.43
7808,7808,130,4,3245.21
7809,7809,399,3,451.25
7810,7810,643,4,276.04
7811,7811,581,1,5.61
7812,7812,25,1,446.54
7813,7813,284,2,62.55
7814,7814,756,1,454.23
7815,7815,45,2,3586.63
7816,7816,151,3,1209.24
7817,7817,426,1,351.49
7818,7818,748,1,691.2
7819,7819,695,1,20.12
7820,7820,142,2,2755.1
7821,7821,750,1,70.48
7822,7822,370,1,751.68
7823,7823,531,1,22.73
7824,7824,78,1,2010.26
7825,7825,260,1,222.35
7826,7826,520,2,154.62
7827,7827,697,1,603.63
7828,7828,48,1,4406.69
7829,7829,121,1,4828.17
7830,7830,652,2,341.76
7831,7831,585,2,185.33
7832,7832,484,1,96.02
7833,7833,726,2,758.05
7834,7834,37,1,1084.45
7835,7835,121,1,4828.17
7836,7836,85,1,405.86
7837,7837,584,1,61.78
7838,7838,183,1,75.69
7839,7839,124,1,1143.91
7840,7840,306,1,126.53
7841,7841,28,1,3364.99
7842,7842,734,1,86.88
7843,7843,588,1,225.54
7844,7844,48,1,4406.69
7845,7845,644,2,233.5
7846,7846,719,1,329.85
7847,7847,429,3,642.02
7848,7848,635,1,138.08
7849,7849,499,1,175.95
7850,7850,620,1,120.92
7851,7851,273,3,101.64
7852,7852,144,1,4210.19
7853,7853,614,5,337.25
7854,7854,708,1,561.54
7855,7855,72,2,2748.72
7856,7856,111,3,1395.81
7857,7857,9,1,2277.97
7858,7858,680,1,235.32
7859,7859,476,2,11.53
7860,7860,622,3,153.74
7861,7861,75,4,3103.91
7862,7862,280,2,123.83
7863,7863,358,2,276.89
7864,7864,542,1,173.49
7865,7865,191,1,187.49
7866,7866,542,1,173.49
7867,7867,61,2,558.31
7868,7868,154,3,2061.68
7869,7869,207,2,51.89
7870,7870,495,1,106.76
7871,7871,437,2,483.72
7872,7872,256,1,161.82
7873,7873,128,1,3540.63
7874,7874,673,3,30.45
7875,7875,474,1,170.43
7876,7876,625,2,105.77
7877,7877,246,1,74.01
7878,7878,503,3,152.47
7879,7879,610,1,29.89
7880,7880,99,1,1105.45
7881,7881,151,2,1209.24
7882,7882,530,2,40.14
7883,7883,497,1,20.54
7884,7884,110,1,1076.35
7885,7885,525,4,74.43
7886,7886,181,1,2279.14
7887,7887,581,1,5.61
7888,7888,406,3,719.93
7889,7889,512,5,45.47
7890,7890,359,1,773.2
7891,7891,635,1,138.08
7892,7892,427,1,134.85
7893,7893,288,3,237.54
7894,7894,39,1,4977.19
7895,7895,156,1,4299.51
7897,7897,541,1,85.54
7898,7898,414,1,272.92
7899,7899,643,1,276.04
7900,7900,644,2,233.5
7901,7901,189,2,246.97
7902,7902,112,1,2784.77
7903,7903,114,2,1731.9
7904,7904,15,1,3740.12
7905,7905,213,1,21.25
7906,7906,160,2,744.93
7907,7907,264,2,231.67
7908,7908,588,3,225.54
7909,7909,63,1,2004.35
7910,7910,187,1,144.62
7911,7911,36,4,4845.59
7912,7912,350,1,177.74
7913,7913,445,1,198.54
7914,7914,163,1,1452.4
7915,7915,26,1,2386.9
7916,7916,216,1,119.25
7917,7917,409,1,329.97
7918,7918,37,1,1084.45
7919,7919,180,4,1535.73
7920,7920,691,2,21.76
7921,7921,375,1,415.84
7922,7922,678,3,59.08
7923,7923,100,1,3744.66
7924,7924,526,1,161.46
7925,7925,285,1,161.67
7926,7926,476,1,11.53
7927,7927,644,3,233.5
7928,7928,571,1,160.51
7929,7929,727,1,198.94
7930,7930,437,1,483.72
7931,7931,329,1,164.88
7932,7932,67,3,1288.51
7933,7933,17,5,816.7
7934,7934,200,1,31.36
7935,7935,633,1,39.45
7936,7936,513,2,29.13
7937,7937,532,3,84.1
7938,7938,312,5,143.72
7939,7939,691,2,21.76
7940,7940,97,1,4760.55
7941,7941,531,4,22.73
7942,7942,749,1,25.31
7943,7943,527,2,36.46
7944,7944,551,1,148.19
7945,7945,381,1,433.63
7946,7946,258,1,204.86
7947,7947,20,3,36.15
7948,7948,462,2,127.45
7949,7949,169,1,966.85
7950,7950,28,4,3364.99
7951,7951,370,1,751.68
7952,7952,29,2,338.84
7953,7953,78,1,2010.26
7954,7954,320,3,66.66
7955,7955,284,1,62.55
7956,7956,171,1,468.85
7957,7957,344,1,805.84
7958,7958,736,3,562.66
7959,7959,652,4,341.76
7960,7960,335,2,847.16
7961,7961,34,1,564.15
7962,7962,144,5,4210.19
7963,7963,713,1,527.9
7964,7964,197,1,166.43
7965,7965,336,1,414.92
7966,7966,37,1,1084.45
7967,7967,521,1,142.88
7968,7968,640,1,206.05
7969,7969,138,2,1662.41
7970,7970,38,1,1340.7
7971,7971,209,4,86.49
7972,7972,731,2,733.38
7973,7973,43,1,617.03
7974,7974,621,1,231.82
7975,7975,613,1,10.14
7976,7976,137,1,474.38
7977,7977,493,1,21.86
7978,7978,13,2,349.61
7979,7979,690,1,138.9
7980,7980,718,1,186.44
7981,7981,251,4,210.05
7982,7982,14,1,4425.71
7983,7983,386,2,511.91
7984,7984,185,1,37.55
7985,7985,676,2,257.69
7986,7986,162,1,2316.52
7987,7987,705,1,793.49
7988,7988,125,2,2155.56
7989,7989,409,1,329.97
7990,7990,226,1,119.73
7991,7991,309,2,49.25
7992,7992,207,2,51.89
7993,7993,507,1,126.51
7994,7994,430,1,206.26
7995,7995,44,2,2107.73
7996,7996,326,1,219.08
7997,7997,291,1,46.25
7998,7998,380,2,618.79
7999,7999,150,1,3819.1
8000,8000,5,1,481.86
8001,8001,592,2,148.9
8002,8002,612,2,159.03
8003,8003,529,1,125.91
8004,8004,196,1,79.36
8005,8005,153,1,4827.45
8006,8006,552,5,86.71
8007,8007,437,1,483.72
8008,8008,549,3,170.94
8009,8009,374,1,690.25
8010,8010,193,1,80.98
8011,8011,278,1,65.28
8012,8012,407,1,279.51
8013,8013,625,2,105.77
8014,8014,109,3,3059.44
8015,8015,386,1,511.91
8016,8016,215,1,129.05
8017,8017,418,1,304.57
8018,8018,718,1,186.44
8019,8019,186,1,152.5
8020,8020,600,1,334.45
8021,8021,264,1,231.67
8022,8022,676,1,257.69
8023,8023,140,1,2582.68
8024,8024,483,1,162.06
8025,8025,332,2,9.64
8026,8026,526,3,161.46
8028,8028,269,3,172.41
8029,8029,741,1,652.35
8030,8030,169,1,966.85
8031,8031,134,4,4810.31
8032,8032,518,2,37.43
8033,8033,277,3,162.31
8034,8034,277,1,162.31
8035,8035,293,3,33.69
8036,8036,410,1,325.95
8037,8037,107,2,2427.81
8038,8038,385,1,23.93
8039,8039,708,1,561.54
8040,8040,371,2,870.18
8041,8041,655,1,153.82
8042,8042,16,1,708.88
8043,8043,234,2,83.07
8044,8044,683,2,473.02
8045,8045,548,1,79.31
8046,8046,513,1,29.13
8047,8047,403,1,446.99
8048,8048,675,1,167.34
8049,8049,155,3,1706.02
8050,8050,13,1,349.61
8051,8051,197,3,166.43
8052,8052,522,1,157.0
8053,8053,79,3,4429.61
8054,8054,563,2,69.5
8055,8055,388,1,77.65
8056,8056,733,1,417.93
8057,8057,639,1,181.78
8058,8058,337,1,684.03
8059,8059,674,1,270.13
8060,8060,497,1,20.54
8061,8061,243,2,114.61
8062,8062,377,2,456.96
8063,8063,470,3,155.8
8064,8064,435,1,732.57
8065,8065,283,1,209.19
8066,8066,32,5,2375.4
8067,8067,112,3,2784.77
8068,8068,656,1,217.94
8069,8069,174,1,593.54
8070,8070,59,1,4057.63
8071,8071,233,1,166.88
8072,8072,104,2,1865.43
8073,8073,201,3,143.89
8074,8074,5,3,481.86
8075,8075,190,1,94.68
8076,8076,398,2,276.77
8077,8077,715,2,780.68
8078,8078,148,1,1350.51
8079,8079,160,1,744.93
8080,8080,600,1,334.45
8081,8081,216,2,119.25
8082,8082,473,3,15.25
8083,8083,104,1,1865.43
8084,8084,367,2,652.94
8085,8085,422,5,111.41
8086,8086,251,1,210.05
8087,8087,35,1,1264.03
8088,8088,457,2,351.78
8089,8089,756,1,454.23
8090,8090,185,1,37.55
8091,8091,6,1,3654.05
8092,8092,429,1,642.02
8093,8093,674,2,270.13
8094,8094,422,1,111.41
8095,8095,387,1,713.53
8096,8096,262,2,217.51
8097,8097,82,3,3071.0
8098,8098,439,3,893.3
8099,8099,334,1,36.6
8100,8100,612,1,159.03
8101,8101,299,1,221.54
8102,8102,110,1,1076.35
8103,8103,750,3,70.48
8104,8104,188,2,64.38
8105,8105,664,2,43.65
8106,8106,18,3,2350.88
8107,8107,561,1,131.2
8108,8108,602,2,169.46
8109,8109,455,2,322.55
8110,8110,69,4,3327.89
8111,8111,335,1,847.16
8112,8112,607,2,121.04
8113,8113,530,2,40.14
8114,8114,429,1,642.02
8115,8115,687,1,531.25
8116,8116,191,1,187.49
8117,8117,671,2,170.05
8118,8118,238,2,130.85
8119,8119,2,1,1108.81
8120,8120,359,1,773.2
8121,8121,306,1,126.53
8122,8122,402,2,188.75
8123,8123,647,1,115.03
8124,8124,700,1,474.11
8125,8125,639,1,181.78
8126,8126,523,4,51.16
8127,8127,354,1,736.04
8128,8128,86,2,709.09
8129,8129,264,1,231.67
8130,8130,642,1,127.89
8131,8131,394,3,466.06
8132,8132,276,2,141.09
8133,8133,585,1,185.33
8134,8134,105,1,545.57
8135,8135,187,1,144.62
8136,8136,749,1,25.31
8137,8137,150,1,3819.1
8138,8138,155,1,1706.02
8139,8139,321,2,108.01
8141,8141,98,1,1012.81
8142,8142,139,1,2285.02
8143,8143,713,1,527.9
8144,8144,694,2,738.42
8145,8145,500,1,83.92
8146,8146,221,5,195.84
8147,8147,172,1,2706.24
8148,8148,473,2,15.25
8149,8149,447,2,402.73
8150,8150,400,2,305.66
8151,8151,297,1,241.93
8152,8152,114,2,1731.9
8153,8153,206,1,175.81
8154,8154,270,2,164.12
8155,8155,112,3,2784.77
8156,8156,558,2,113.56
8157,8157,610,1,29.89
8158,8158,194,1,111.15
8159,8159,262,3,217.51
8160,8160,404,2,359.7
8161,8161,170,1,3238.77
8162,8162,15,2,3740.12
8163,8163,553,1,156.88
8164,8164,623,1,286.06
8165,8165,706,1,148.71
8166,8166,346,2,409.19
8167,8167,48,3,4406.69
8168,8168,697,1,603.63
8169,8169,644,4,233.5
8170,8170,362,1,546.59
8171,8171,113,2,1123.54
8172,8172,305,1,103.09
8173,8173,538,1,82.44
8174,8174,15,1,3740.12
8175,8175,165,1,4996.87
8176,8176,554,5,30.09
8177,8177,565,2,57.29
8178,8178,440,2,747.34
8179,8179,227,4,130.7
8180,8180,604,2,66.71
8181,8181,311,1,129.43
8182,8182,80,1,2333.45
8183,8183,592,1,148.9
8184,8184,159,1,4519.04
8185,8185,252,1,37.48
8186,8186,542,1,173.49
8187,8187,29,5,338.84
8188,8188,737,1,783.55
8189,8189,676,1,257.69
8190,8190,521,1,142.88
8191,8191,279,1,39.39
8192,8192,519,2,180.5
8193,8193,241,1,65.47
8194,8194,189,2,246.97
8195,8195,614,3,337.25
8196,8196,382,3,304.82
8197,8197,547,2,92.5
8198,8198,333,1,182.93
8199,8199,743,2,545.9
8200,8200,674,2,270.13
8201,8201,498,2,124.5
8203,8203,607,3,121.04
8204,8204,148,2,1350.51
8205,8205,536,1,54.67
8206,8206,356,1,536.57
8207,8207,626,2,181.24
8208,8208,106,5,3674.29
8209,8209,344,1,805.84
8210,8210,86,2,709.09
8211,8211,562,3,117.53
8212,8212,723,2,181.75
8213,8213,300,1,146.0
8214,8214,201,1,143.89
8215,8215,477,5,174.42
8216,8216,316,1,182.63
8217,8217,543,1,65.32
8218,8218,305,2,103.09
8219,8219,558,2,113.56
8221,8221,439,1,893.3
8222,8222,562,1,117.53
8223,8223,312,1,143.72
8224,8224,131,1,2983.31
8225,8225,494,1,53.12
8226,8226,215,2,129.05
8227,8227,322,1,46.21
8228,8228,440,4,747.34
8230,8230,548,1,79.31
8231,8231,731,1,733.38
8232,8232,114,1,1731.9
8233,8233,499,1,175.95
8234,8234,202,5,189.56
8235,8235,381,1,433.63
8236,8236,595,2,317.77
8237,8237,521,1,142.88
8238,8238,276,2,141.09
8239,8239,179,1,4122.79
8240,8240,462,1,127.45
8241,8241,400,1,305.66
8242,8242,272,1,104.31
8243,8243,342,1,608.75
8244,8244,110,2,1076.35
8245,8245,511,1,184.51
8246,8246,60,1,4655.45
8247,8247,710,1,644.85
8248,8248,26,3,2386.9
8249,8249,393,4,687.59
8250,8250,236,1,95.55
8251,8251,140,1,2582.68
8252,8252,440,2,747.34
8253,8253,499,2,175.95
8254,8254,127,2,393.81
8255,8255,551,2,148.19
8256,8256,245,3,124.29
8257,8257,113,1,1123.54
8258,8258,722,1,690.57
8259,8259,648,2,12.54
8260,8260,697,4,603.63
8261,8261,374,2,690.25
8262,8262,350,1,177.74
8263,8263,29,1,338.84
8264,8264,635,2,138.08
8265,8265,285,2,161.67
8266,8266,566,1,65.14
8267,8267,609,1,216.06
8268,8268,198,1,108.13
8269,8269,78,1,2010.26
8270,8270,565,1,57.29
8271,8271,592,1,148.9
8272,8272,71,1,3331.34
8273,8273,442,3,92.84
8274,8274,385,2,23.93
8275,8275,427,1,134.85
8276,8276,255,2,238.71
8277,8277,334,1,36.6
8278,8278,446,1,768.65
8279,8279,590,1,193.35
8280,8280,259,1,52.1
8281,8281,317,4,91.51
8282,8282,387,3,713.53
8283,8283,527,1,36.46
8284,8284,269,1,172.41
8285,8285,278,5,65.28
8286,8286,457,1,351.78
8287,8287,755,2,759.14
8288,8288,378,1,224.45
8289,8289,23,5,4594.09
8290,8290,184,3,95.76
8291,8291,677,3,233.28
8292,8292,627,1,222.86
8294,8294,525,2,74.43
8295,8295,593,1,176.21
8296,8296,332,1,9.64
8297,8297,425,1,114.07
8298,8298,172,1,2706.24
8299,8299,306,1,126.53
8300,8300,752,1,526.27
8301,8301,736,1,562.66
8302,8302,66,1,1582.1
8303,8303,150,1,3819.1
8304,8304,333,1,182.93
8305,8305,119,2,246.66
8306,8306,161,1,4356.77
8307,8307,588,1,225.54
8308,8308,70,2,1560.23
8309,8309,262,2,217.51
8310,8310,603,1,296.14
8311,8311,748,2,691.2
8312,8312,16,3,708.88
8313,8313,396,1,655.1
8314,8314,135,1,3367.95
8315,8315,757,3,187.1
8316,8316,421,1,729.76
8317,8317,566,1,65.14
8318,8318,743,1,545.9
8319,8319,256,1,161.82
8320,8320,166,4,1493.43
8321,8321,498,5,124.5
8322,8322,723,1,181.75
8323,8323,54,1,3534.21
8324,8324,106,3,3674.29
8325,8325,413,1,614.79
8326,8326,617,1,291.13
8327,8327,69,2,3327.89
8328,8328,489,2,179.55
8329,8329,632,1,54.65
8330,8330,111,1,1395.81
8331,8331,464,1,45.44
8333,8333,414,5,272.92
8334,8334,237,1,54.46
8335,8335,743,3,545.9
8336,8336,478,4,153.79
8337,8337,329,1,164.88
8338,8338,632,1,54.65
8339,8339,260,1,222.35
8340,8340,668,2,217.24
8341,8341,59,2,4057.63
8342,8342,209,1,86.49
8343,8343,244,1,47.21
8344,8344,300,1,146.0
8345,8345,151,2,1209.24
8346,8346,717,1,582.82
8347,8347,537,1,81.58
8349,8349,2,5,1108.81
8350,8350,415,1,320.0
8351,8351,548,1,79.31
8352,8352,65,1,4813.41
8353,8353,237,2,54.46
8354,8354,509,1,37.13
8355,8355,400,3,305.66
8356,8356,743,1,545.9
8357,8357,116,1,4755.36
8358,8358,333,1,182.93
8359,8359,660,1,238.33
8360,8360,141,2,2601.82
8361,8361,342,1,608.75
8362,8362,112,1,2784.77
8363,8363,388,1,77.65
8364,8364,335,2,847.16
8365,8365,752,1,526.27
8366,8366,518,1,37.43
8367,8367,743,2,545.9
8368,8368,23,1,4594.09
8369,8369,97,1,4760.55
8370,8370,116,2,4755.36
8371,8371,503,2,152.47
8372,8372,684,3,416.47
8373,8373,52,1,1334.63
8374,8374,148,1,1350.51
8375,8375,702,1,211.43
8376,8376,76,1,1011.66
8377,8377,544,1,101.66
8378,8378,148,4,1350.51
8379,8379,546,1,167.82
8380,8380,177,1,2931.1
8382,8382,145,1,2554.17
8383,8383,253,1,11.97
8384,8384,570,1,131.96
8385,8385,402,1,188.75
8386,8386,621,3,231.82
8387,8387,666,4,37.97
8388,8388,519,3,180.5
8389,8389,476,4,11.53
8390,8390,395,1,708.14
8391,8391,511,1,184.51
8392,8392,340,1,403.23
8393,8393,557,5,10.64
8394,8394,21,1,2548.24
8395,8395,63,2,2004.35
8396,8396,612,1,159.03
8397,8397,170,1,3238.77
8398,8398,44,2,2107.73
8399,8399,549,1,170.94
8400,8400,157,1,1189.15
8401,8401,125,2,2155.56
8402,8402,706,1,148.71
8403,8403,237,1,54.46
8404,8404,364,2,114.4
8405,8405,686,2,229.67
8406,8406,610,1,29.89
8407,8407,404,1,359.7
8408,8408,315,2,175.03
8409,8409,389,1,574.36
8410,8410,250,1,41.58
8411,8411,709,1,493.91
8412,8412,181,2,2279.14
8413,8413,171,5,468.85
8414,8414,108,1,4157.03
8415,8415,224,4,163.59
8416,8416,161,3,4356.77
8417,8417,666,1,37.97
8418,8418,456,1,403.71
8419,8419,210,2,190.56
8420,8420,633,1,39.45
8421,8421,417,2,586.68
8422,8422,436,1,391.06
8423,8423,564,1,78.46
8424,8424,374,2,690.25
8425,8425,81,1,3344.53
8426,8426,758,2,15.36
8427,8427,383,1,626.13
8428,8428,214,4,37.03
8429,8429,78,2,2010.26
8430,8430,243,2,114.61
8431,8431,526,1,161.46
8432,8432,709,2,493.91
8433,8433,444,1,601.08
8434,8434,435,5,732.57
8435,8435,462,1,127.45
8436,8436,505,1,76.84
8437,8437,316,2,182.63
8438,8438,471,5,149.5
8439,8439,517,2,184.21
8440,8440,468,1,763.35
8441,8441,330,2,191.25
8442,8442,265,2,153.78
8443,8443,749,1,25.31
8444,8444,220,1,61.61
8445,8445,752,1,526.27
8446,8446,188,1,64.38
8447,8447,737,1,783.55
8448,8448,390,1,344.12
8449,8449,750,4,70.48
8450,8450,401,1,774.95
8451,8451,521,3,142.88
8452,8452,167,1,3435.27
8453,8453,597,1,95.38
8454,8454,46,1,1594.55
8455,8455,458,1,230.86
8456,8456,343,1,524.69
8457,8457,358,1,276.89
8458,8458,700,1,474.11
8459,8459,565,4,57.29
8460,8460,352,4,39.87
8461,8461,414,4,272.92
8462,8462,106,4,3674.29
8463,8463,122,1,388.92
8464,8464,347,5,775.65
8465,8465,506,4,188.42
8466,8466,142,1,2755.1
8467,8467,50,1,3323.67
8468,8468,327,1,232.68
8469,8469,724,1,14.7
8470,8470,387,3,713.53
8471,8471,485,2,101.15
8472,8472,587,1,49.39
8473,8473,708,1,561.54
8474,8474,113,2,1123.54
8475,8475,262,1,217.51
8476,8476,667,1,85.14
8477,8477,148,2,1350.51
8478,8478,393,1,687.59
8479,8479,165,1,4996.87
8480,8480,584,5,61.78
8481,8481,355,4,887.26
8482,8482,183,1,75.69
8483,8483,76,1,1011.66
8484,8484,373,2,581.2
8485,8485,69,1,3327.89
8486,8486,693,4,120.16
8487,8487,487,1,127.54
8488,8488,3,2,2733.8
8489,8489,116,2,4755.36
8490,8490,180,2,1535.73
8491,8491,226,1,119.73
8492,8492,312,1,143.72
8493,8493,179,1,4122.79
8494,8494,492,1,157.87
8495,8495,650,1,190.13
8496,8496,660,4,238.33
8497,8497,213,3,21.25
8498,8498,715,1,780.68
8499,8499,205,4,203.34
8500,8500,153,1,4827.45
8501,8501,115,2,1546.97
8502,8502,294,4,20.24
8503,8503,734,3,86.88
8504,8504,737,1,783.55
8505,8505,68,1,3602.75
8506,8506,242,3,241.66
8507,8507,133,3,2998.21
8508,8508,411,3,718.64
8509,8509,315,2,175.03
8510,8510,605,1,255.63
8511,8511,489,1,179.55
8512,8512,461,1,454.62
8513,8513,511,1,184.51
8514,8514,656,1,217.94
8515,8515,47,2,4980.55
8516,8516,515,2,179.25
8517,8517,202,2,189.56
8518,8518,109,1,3059.44
8519,8519,614,1,337.25
8520,8520,695,2,20.12
8521,8521,432,4,493.35
8522,8522,391,1,229.33
8523,8523,208,1,136.37
8524,8524,503,2,152.47
8525,8525,379,1,342.01
8526,8526,379,1,342.01
8527,8527,158,5,510.24
8528,8528,544,1,101.66
8529,8529,600,2,334.45
8530,8530,729,1,493.75
8531,8531,239,5,157.55
8532,8532,341,1,59.51
8533,8533,68,4,3602.75
8534,8534,647,1,115.03
8535,8535,573,1,46.31
8536,8536,15,1,3740.12
8537,8537,313,1,228.72
8538,8538,435,2,732.57
8539,8539,186,1,152.5
8540,8540,84,1,3195.54
8541,8541,255,2,238.71
8542,8542,448,4,795.1
8543,8543,227,1,130.7
8544,8544,729,1,493.75
8545,8545,731,2,733.38
8546,8546,637,1,228.07
8547,8547,475,2,50.23
8548,8548,579,1,271.64
8549,8549,230,1,67.94
8550,8550,201,2,143.89
8551,8551,163,1,1452.4
8552,8552,155,1,1706.02
8553,8553,577,1,345.37
8554,8554,95,1,2284.39
8555,8555,431,1,670.83
8556,8556,75,2,3103.91
8557,8557,90,2,4768.07
8558,8558,543,1,65.32
8559,8559,20,3,36.15
8560,8560,625,1,105.77
8561,8561,66,2,1582.1
8562,8562,728,1,289.32
8563,8563,216,3,119.25
8564,8564,622,3,153.74
8565,8565,668,1,217.24
8566,8566,608,1,170.74
8567,8567,671,1,170.05
8568,8568,356,1,536.57
8569,8569,533,1,123.06
8570,8570,554,2,30.09
8571,8571,488,4,77.69
8572,8572,598,3,238.15
8573,8573,730,1,257.12
8574,8574,83,1,4488.09
8575,8575,127,2,393.81
8576,8576,246,1,74.01
8577,8577,476,2,11.53
8578,8578,105,1,545.57
8579,8579,559,2,57.73
8580,8580,247,1,222.07
8581,8581,474,2,170.43
8582,8582,220,1,61.61
8583,8583,563,1,69.5
8584,8584,663,3,298.59
8585,8585,577,3,345.37
8586,8586,165,1,4996.87
8587,8587,470,1,155.8
8588,8588,171,2,468.85
8589,8589,543,1,65.32
8590,8590,142,1,2755.1
8591,8591,387,2,713.53
8592,8592,262,1,217.51
8593,8593,701,1,614.32
8594,8594,537,1,81.58
8595,8595,670,2,259.97
8596,8596,394,5,466.06
8597,8597,138,2,1662.41
8598,8598,284,1,62.55
8599,8599,374,3,690.25
8600,8600,188,1,64.38
8601,8601,666,2,37.97
8602,8602,112,2,2784.77
8603,8603,665,1,348.02
8604,8604,521,1,142.88
8605,8605,390,5,344.12
8606,8606,424,2,274.72
8607,8607,197,1,166.43
8608,8608,252,3,37.48
8609,8609,493,1,21.86
8610,8610,662,1,109.41
8611,8611,24,1,4161.68
8612,8612,436,3,391.06
8613,8613,638,2,105.78
8614,8614,638,1,105.78
8615,8615,49,1,3523.62
8616,8616,145,1,2554.17
8617,8617,490,2,91.21
8618,8618,345,1,130.52
8619,8619,396,2,655.1
8620,8620,322,2,46.21
8621,8621,136,1,4582.03
8622,8622,697,1,603.63
8623,8623,57,1,1262.65
8624,8624,316,1,182.63
8625,8625,454,3,612.64
8626,8626,434,1,410.25
8627,8627,314,2,67.65
8628,8628,119,1,246.66
8629,8629,712,3,571.29
8630,8630,147,1,4322.84
8631,8631,117,1,2956.13
8632,8632,43,1,617.03
8633,8633,352,1,39.87
8634,8634,54,2,3534.21
8635,8635,152,1,4060.81
8636,8636,613,1,10.14
8637,8637,703,4,12.69
8638,8638,624,1,342.9
8639,8639,184,1,95.76
8640,8640,144,1,4210.19
8641,8641,365,5,362.99
8643,8643,728,1,289.32
8644,8644,239,1,157.55
8645,8645,217,2,109.07
8646,8646,644,1,233.5
8647,8647,717,1,582.82
8648,8648,385,2,23.93
8649,8649,527,1,36.46
8650,8650,186,2,152.5
8651,8651,28,1,3364.99
8652,8652,362,4,546.59
8653,8653,215,1,129.05
8654,8654,215,1,129.05
8655,8655,369,1,525.43
8656,8656,441,1,249.15
8657,8657,251,2,210.05
8658,8658,755,1,759.14
8659,8659,294,2,20.24
8660,8660,389,2,574.36
8661,8661,660,4,238.33
8663,8663,582,2,265.86
8664,8664,294,1,20.24
8665,8665,627,1,222.86
8667,8667,315,1,175.03
8668,8668,618,2,174.37
8669,8669,433,1,204.49
8670,8670,675,1,167.34
8671,8671,504,1,71.43
8672,8672,353,1,218.55
8673,8673,251,1,210.05
8674,8674,220,1,61.61
8675,8675,275,1,225.47
8676,8676,540,2,187.1
8677,8677,391,5,229.33
8678,8678,514,2,31.2
8679,8679,147,1,4322.84
8680,8680,347,1,775.65
8681,8681,426,1,351.49
8682,8682,262,1,217.51
8683,8683,273,3,101.64
8684,8684,650,1,190.13
8685,8685,746,2,341.49
8686,8686,499,1,175.95
8687,8687,573,1,46.31
8688,8688,43,1,617.03
8689,8689,503,2,152.47
8690,8690,154,1,2061.68
8691,8691,232,3,23.94
8692,8692,462,1,127.45
8693,8693,455,1,322.55
8694,8694,251,3,210.05
8695,8695,570,1,131.96
8696,8696,343,1,524.69
8697,8697,579,2,271.64
8698,8698,468,1,763.35
8699,8699,533,1,123.06
8700,8700,324,1,186.75
8701,8701,471,1,149.5
8702,8702,445,3,198.54
8703,8703,496,1,186.76
8704,8704,618,1,174.37
8705,8705,29,2,338.84
8706,8706,576,5,32.88
8707,8707,758,2,15.36
8708,8708,645,1,168.29
8709,8709,369,4,525.43
8710,8710,238,1,130.85
8711,8711,423,2,532.42
8712,8712,108,3,4157.03
8713,8713,688,1,174.08
8714,8714,212,1,172.12
8715,8715,736,4,562.66
8716,8716,356,2,536.57
8717,8717,75,1,3103.91
8718,8718,331,1,28.98
8719,8719,753,1,503.79
8721,8721,117,1,2956.13
8722,8722,189,2,246.97
8723,8723,256,1,161.82
8724,8724,269,1,172.41
8725,8725,404,1,359.7
8726,8726,231,2,101.74
8727,8727,263,2,114.41
8728,8728,4,2,3496.72
8730,8730,487,1,127.54
8731,8731,682,1,291.05
8732,8732,406,1,719.93
8733,8733,428,2,441.29
8734,8734,526,1,161.46
8735,8735,248,2,101.44
8736,8736,52,1,1334.63
8737,8737,336,3,414.92
8738,8738,474,1,170.43
8739,8739,711,4,70.46
8740,8740,103,5,3010.04
8741,8741,474,2,170.43
8742,8742,334,1,36.6
8743,8743,339,2,747.6
8744,8744,677,2,233.28
8745,8745,715,2,780.68
8746,8746,119,1,246.66
8747,8747,218,4,119.33
8748,8748,676,3,257.69
8749,8749,426,1,351.49
8750,8750,267,2,116.2
8751,8751,310,1,54.16
8752,8752,200,1,31.36
8753,8753,31,1,2437.35
8754,8754,731,3,733.38
8755,8755,717,2,582.82
8756,8756,140,3,2582.68
8757,8757,507,1,126.51
8758,8758,716,3,471.75
8759,8759,566,1,65.14
8760,8760,543,3,65.32
8761,8761,536,2,54.67
8762,8762,697,3,603.63
8763,8763,409,2,329.97
8764,8764,22,1,1010.57
8765,8765,458,2,230.86
8766,8766,152,1,4060.81
8767,8767,650,2,190.13
8768,8768,98,2,1012.81
8769,8769,550,2,133.78
8770,8770,731,2,733.38
8771,8771,647,1,115.03
8772,8772,23,1,4594.09
8773,8773,755,2,759.14
8774,8774,135,3,3367.95
8775,8775,555,2,42.12
8776,8776,128,1,3540.63
8777,8777,483,1,162.06
8778,8778,646,1,316.95
8779,8779,86,5,709.09
8780,8780,225,2,115.0
8781,8781,155,1,1706.02
8782,8782,449,2,340.93
8783,8783,63,1,2004.35
8784,8784,746,1,341.49
8785,8785,627,1,222.86
8786,8786,569,2,141.29
8787,8787,687,2,531.25
8788,8788,44,1,2107.73
8789,8789,376,3,500.95
8790,8790,107,1,2427.81
8791,8791,551,4,148.19
8792,8792,532,1,84.1
8793,8793,601,1,43.38
8794,8794,411,3,718.64
8795,8795,628,1,49.89
8796,8796,680,1,235.32
8797,8797,741,1,652.35
8798,8798,613,1,10.14
8799,8799,702,2,211.43
8800,8800,643,1,276.04
8801,8801,705,1,793.49
8802,8802,521,1,142.88
8803,8803,374,4,690.25
8804,8804,58,1,3110.88
8805,8805,623,2,286.06
8806,8806,122,1,388.92
8807,8807,45,1,3586.63
8808,8808,396,1,655.1
8809,8809,733,1,417.93
8810,8810,187,2,144.62
8811,8811,161,1,4356.77
8812,8812,645,1,168.29
8813,8813,210,1,190.56
8814,8814,629,2,198.54
8815,8815,384,2,259.52
8816,8816,391,1,229.33
8817,8817,246,1,74.01
8818,8818,214,3,37.03
8819,8819,450,2,632.49
8820,8820,66,1,1582.1
8821,8821,748,4,691.2
8822,8822,155,3,1706.02
8823,8823,72,1,2748.72
8824,8824,254,1,66.21
8825,8825,465,3,379.72
8826,8826,621,1,231.82
8827,8827,622,3,153.74
8828,8828,633,1,39.45
8829,8829,565,2,57.29
8830,8830,422,1,111.41
8831,8831,58,5,3110.88
8832,8832,86,2,709.09
8833,8833,314,2,67.65
8834,8834,688,1,174.08
8835,8835,521,1,142.88
8836,8836,417,2,586.68
8837,8837,138,2,1662.41
8838,8838,661,1,52.91
8839,8839,114,1,1731.9
8840,8840,244,4,47.21
8841,8841,142,3,2755.1
8842,8842,591,1,108.18
8843,8843,126,1,3818.42
8844,8844,498,2,124.5
8845,8845,635,2,138.08
8846,8846,514,1,31.2
8847,8847,534,2,95.47
8848,8848,364,2,114.4
8849,8849,634,1,86.2
8850,8850,57,2,1262.65
8851,8851,278,3,65.28
8852,8852,511,4,184.51
8853,8853,325,1,234.0
8854,8854,386,1,511.91
8855,8855,488,1,77.69
8856,8856,534,3,95.47
8857,8857,560,1,130.36
8858,8858,9,2,2277.97
8859,8859,97,2,4760.55
8860,8860,113,1,1123.54
8861,8861,35,1,1264.03
8862,8862,360,1,505.98
8863,8863,553,2,156.88
8864,8864,209,1,86.49
8865,8865,309,2,49.25
8866,8866,342,1,608.75
8867,8867,619,1,45.77
8868,8868,317,1,91.51
8869,8869,717,5,582.82
8870,8870,638,1,105.78
8871,8871,270,1,164.12
8872,8872,313,1,228.72
8873,8873,463,4,688.82
8874,8874,634,1,86.2
8875,8875,701,4,614.32
8876,8876,132,1,1534.36
8877,8877,661,4,52.91
8878,8878,605,1,255.63
8879,8879,255,1,238.71
8880,8880,309,2,49.25
8881,8881,650,4,190.13
8882,8882,246,1,74.01
8883,8883,154,1,2061.68
8884,8884,54,1,3534.21
8885,8885,518,1,37.43
8886,8886,680,2,235.32
8887,8887,107,1,2427.81
8888,8888,720,1,414.03
8889,8889,490,2,91.21
8890,8890,524,2,140.52
8891,8891,405,1,616.71
8892,8892,395,1,708.14
8893,8893,370,1,751.68
8894,8894,707,1,620.93
8895,8895,493,1,21.86
8896,8896,268,3,237.38
8897,8897,551,2,148.19
8898,8898,712,1,571.29
8899,8899,430,2,206.26
8900,8900,262,1,217.51
8901,8901,750,2,70.48
8902,8902,616,1,211.57
8903,8903,89,2,1914.29
8904,8904,576,1,32.88
8905,8905,556,2,55.68
8906,8906,321,2,108.01
8907,8907,735,2,380.77
8908,8908,17,1,816.7
8909,8909,705,1,793.49
8910,8910,448,2,795.1
8911,8911,513,2,29.13
8912,8912,588,1,225.54
8913,8913,168,3,4516.61
8914,8914,463,5,688.82
8915,8915,235,3,99.15
8916,8916,387,1,713.53
8917,8917,560,1,130.36
8918,8918,305,5,103.09
8919,8919,522,1,157.0
8920,8920,32,3,2375.4
8921,8921,731,2,733.38
8922,8922,160,2,744.93
8923,8923,149,1,3306.49
8924,8924,291,2,46.25
8925,8925,373,1,581.2
8926,8926,64,1,3403.99
8927,8927,44,1,2107.73
8928,8928,362,3,546.59
8929,8929,262,2,217.51
8930,8930,324,1,186.75
8931,8931,6,1,3654.05
8932,8932,742,1,293.23
8933,8933,408,1,891.71
8934,8934,276,3,141.09
8935,8935,681,4,20.06
8936,8936,210,1,190.56
8937,8937,576,1,32.88
8938,8938,520,1,154.62
8939,8939,523,1,51.16
8940,8940,711,1,70.46
8941,8941,102,1,398.45
8942,8942,76,3,1011.66
8943,8943,261,1,69.29
8944,8944,411,2,718.64
8945,8945,609,1,216.06
8946,8946,50,1,3323.67
8947,8947,509,1,37.13
8948,8948,604,1,66.71
8949,8949,693,1,120.16
8950,8950,433,2,204.49
8951,8951,513,2,29.13
8952,8952,534,4,95.47
8953,8953,1,2,714.89
8954,8954,682,2,291.05
8955,8955,754,1,264.87
8956,8956,446,1,768.65
8957,8957,431,1,670.83
8958,8958,240,1,159.18
8959,8959,207,3,51.89
8960,8960,587,5,49.39
8961,8961,419,1,175.87
8962,8962,667,5,85.14
8963,8963,595,1,317.77
8964,8964,705,1,793.49
8965,8965,715,1,780.68
8966,8966,736,1,562.66
8967,8967,507,1,126.51
8968,8968,32,1,2375.4
8969,8969,501,2,11.4
8970,8970,594,1,59.48
8971,8971,40,1,4844.16
8972,8972,661,1,52.91
8973,8973,162,4,2316.52
8974,8974,371,1,870.18
8975,8975,674,2,270.13
8976,8976,624,5,342.9
8977,8977,260,3,222.35
8978,8978,363,1,306.33
8979,8979,19,1,4426.24
8980,8980,240,1,159.18
8981,8981,700,1,474.11
8982,8982,733,2,417.93
8983,8983,8,2,3869.87
8984,8984,504,1,71.43
8985,8985,359,1,773.2
8986,8986,382,1,304.82
8987,8987,706,1,148.71
8988,8988,500,1,83.92
8989,8989,490,1,91.21
8990,8990,157,1,1189.15
8991,8991,70,2,1560.23
8992,8992,308,1,166.64
8993,8993,204,2,34.18
8994,8994,544,1,101.66
8995,8995,411,2,718.64
8996,8996,119,2,246.66
8997,8997,526,4,161.46
8998,8998,384,1,259.52
8999,8999,174,1,593.54
9000,9000,680,2,235.32
9001,9001,195,1,43.89
9002,9002,612,1,159.03
9003,9003,241,1,65.47
9004,9004,435,2,732.57
9005,9005,738,1,686.04
9006,9006,500,2,83.92
9007,9007,438,2,519.72
9008,9008,641,2,57.17
9009,9009,266,1,167.93
9010,9010,518,1,37.43
9011,9011,726,1,758.05
9012,9012,661,2,52.91
9013,9013,465,1,379.72
9014,9014,191,1,187.49
9015,9015,207,3,51.89
9016,9016,221,1,195.84
9017,9017,619,1,45.77
9018,9018,111,1,1395.81
9019,9019,25,4,446.54
9020,9020,755,1,759.14
9021,9021,536,3,54.67
9022,9022,227,1,130.7
9023,9023,21,1,2548.24
9024,9024,288,1,237.54
9025,9025,344,2,805.84
9026,9026,29,1,338.84
9027,9027,647,1,115.03
9028,9028,369,1,525.43
9029,9029,198,1,108.13
9030,9030,515,1,179.25
9031,9031,339,4,747.6
9032,9032,549,1,170.94
9033,9033,133,1,2998.21
9034,9034,572,1,139.15
9035,9035,205,1,203.34
9036,9036,444,3,601.08
9037,9037,297,4,241.93
9038,9038,276,2,141.09
9039,9039,476,5,11.53
9040,9040,615,5,121.93
9041,9041,740,3,452.77
9042,9042,358,1,276.89
9043,9043,265,2,153.78
9044,9044,76,1,1011.66
9045,9045,648,1,12.54
9046,9046,707,2,620.93
9047,9047,490,1,91.21
9048,9048,533,2,123.06
9049,9049,352,1,39.87
9050,9050,80,2,2333.45
9051,9051,141,4,2601.82
9052,9052,253,2,11.97
9053,9053,670,1,259.97
9054,9054,634,1,86.2
9055,9055,24,1,4161.68
9056,9056,86,4,709.09
9057,9057,621,1,231.82
9058,9058,227,4,130.7
9059,9059,356,1,536.57
9060,9060,733,1,417.93
9062,9062,287,4,226.27
9063,9063,169,4,966.85
9064,9064,70,2,1560.23
9065,9065,13,1,349.61
9066,9066,305,1,103.09
9067,9067,595,1,317.77
9068,9068,689,2,476.72
9069,9069,92,2,3994.74
9070,9070,710,2,644.85
9071,9071,555,1,42.12
9072,9072,197,1,166.43
9073,9073,692,1,487.97
9074,9074,463,2,688.82
9075,9075,115,1,1546.97
9076,9076,321,3,108.01
9077,9077,118,1,1495.3
9078,9078,143,1,3554.71
9079,9079,411,1,718.64
9080,9080,202,1,189.56
9081,9081,94,1,2154.48
9082,9082,12,1,3846.19
9083,9083,183,1,75.69
9084,9084,133,1,2998.21
9085,9085,630,1,188.72
9086,9086,578,1,222.33
9087,9087,149,1,3306.49
9088,9088,569,1,141.29
9089,9089,242,1,241.66
9090,9090,187,1,144.62
9092,9092,500,1,83.92
9093,9093,476,1,11.53
9094,9094,622,3,153.74
9095,9095,289,1,162.63
9096,9096,500,4,83.92
9097,9097,246,1,74.01
9098,9098,478,1,153.79
9099,9099,331,1,28.98
9100,9100,35,3,1264.03
9101,9101,138,2,1662.41
9102,9102,23,1,4594.09
9103,9103,556,1,55.68
9104,9104,238,1,130.85
9105,9105,110,3,1076.35
9106,9106,51,1,794.12
9107,9107,566,1,65.14
9108,9108,225,1,115.0
9109,9109,504,1,71.43
9110,9110,435,1,732.57
9111,9111,575,1,27.16
9112,9112,384,1,259.52
9113,9113,546,1,167.82
9114,9114,472,1,101.9
9115,9115,199,1,83.62
9116,9116,304,1,44.03
9117,9117,324,1,186.75
9118,9118,415,2,320.0
9119,9119,117,1,2956.13
9120,9120,101,1,147.87
9121,9121,662,1,109.41
9123,9123,254,1,66.21
9124,9124,125,2,2155.56
9125,9125,749,1,25.31
9126,9126,247,2,222.07
9127,9127,286,1,163.11
9128,9128,453,1,727.29
9129,9129,85,4,405.86
9130,9130,156,1,4299.51
9131,9131,648,1,12.54
9132,9132,203,2,93.09
9133,9133,727,1,198.94
9134,9134,724,1,14.7
9135,9135,756,1,454.23
9136,9136,378,1,224.45
9137,9137,741,3,652.35
9138,9138,352,1,39.87
9139,9139,345,1,130.52
9140,9140,80,2,2333.45
9141,9141,391,3,229.33
9142,9142,194,1,111.15
9143,9143,260,2,222.35
9144,9144,37,1,1084.45
9145,9145,15,1,3740.12
9146,9146,739,1,403.17
9147,9147,708,1,561.54
9148,9148,336,4,414.92
9149,9149,25,1,446.54
9150,9150,18,1,2350.88
9151,9151,650,1,190.13
9152,9152,161,3,4356.77
9153,9153,342,1,608.75
9154,9154,41,2,2929.19
9155,9155,439,2,893.3
9156,9156,317,1,91.51
9157,9157,697,1,603.63
9158,9158,431,1,670.83
9159,9159,567,1,49.45
9160,9160,527,1,36.46
9161,9161,526,1,161.46
9162,9162,278,3,65.28
9163,9163,126,1,3818.42
9164,9164,433,1,204.49
9165,9165,264,1,231.67
9166,9166,293,1,33.69
9167,9167,485,3,101.15
9168,9168,1,1,714.89
9169,9169,231,1,101.74
9170,9170,204,2,34.18
9171,9171,180,3,1535.73
9172,9172,89,1,1914.29
9173,9173,345,1,130.52
9174,9174,659,2,51.18
9175,9175,508,1,111.49
9176,9176,372,1,160.64
9177,9177,367,2,652.94
9178,9178,419,1,175.87
9179,9179,163,3,1452.4
9180,9180,581,5,5.61
9181,9181,428,1,441.29
9182,9182,31,5,2437.35
9183,9183,127,3,393.81
9184,9184,83,2,4488.09
9185,9185,325,1,234.0
9186,9186,1,1,714.89
9187,9187,672,1,213.88
9188,9188,518,1,37.43
9189,9189,474,2,170.43
9190,9190,447,2,402.73
9191,9191,125,1,2155.56
9192,9192,9,3,2277.97
9193,9193,71,2,3331.34
9194,9194,596,1,29.96
9196,9196,327,1,232.68
9197,9197,319,3,233.78
9198,9198,9,1,2277.97
9199,9199,289,1,162.63
9200,9200,525,2,74.43
9201,9201,624,1,342.9
9202,9202,436,1,391.06
9203,9203,266,1,167.93
9204,9204,681,3,20.06
9205,9205,255,1,238.71
9206,9206,275,1,225.47
9207,9207,745,2,234.2
9208,9208,627,1,222.86
9209,9209,99,1,1105.45
9210,9210,555,4,42.12
9211,9211,154,5,2061.68
9212,9212,292,1,216.47
9213,9213,728,2,289.32
9214,9214,747,1,258.27
9215,9215,18,1,2350.88
9216,9216,595,1,317.77
9217,9217,753,2,503.79
9218,9218,247,1,222.07
9219,9219,70,2,1560.23
9220,9220,645,4,168.29
9221,9221,356,1,536.57
9222,9222,695,1,20.12
9223,9223,737,1,783.55
9224,9224,569,3,141.29
9225,9225,396,1,655.1
9226,9226,247,4,222.07
9227,9227,550,2,133.78
9228,9228,140,1,2582.68
9229,9229,491,2,62.03
9230,9230,117,1,2956.13
9231,9231,587,1,49.39
9232,9232,500,1,83.92
9233,9233,634,3,86.2
9234,9234,238,1,130.85
9235,9235,675,1,167.34
9236,9236,537,1,81.58
9237,9237,63,2,2004.35
9238,9238,204,5,34.18
9239,9239,195,2,43.89
9240,9240,458,1,230.86
9241,9241,399,1,451.25
9242,9242,652,1,341.76
9243,9243,341,1,59.51
9244,9244,372,1,160.64
9245,9245,733,1,417.93
9246,9246,599,2,7.34
9247,9247,131,3,2983.31
9248,9248,305,1,103.09
9249,9249,368,1,510.64
9250,9250,407,2,279.51
9251,9251,556,4,55.68
9252,9252,752,4,526.27
9254,9254,373,1,581.2
9255,9255,67,1,1288.51
9256,9256,134,4,4810.31
9257,9257,326,2,219.08
9258,9258,214,1,37.03
9259,9259,632,1,54.65
9260,9260,165,1,4996.87
9261,9261,189,1,246.97
9262,9262,514,1,31.2
9263,9263,57,1,1262.65
9264,9264,469,2,285.26
9265,9265,267,1,116.2
9266,9266,454,2,612.64
9267,9267,268,1,237.38
9268,9268,151,2,1209.24
9269,9269,215,1,129.05
9270,9270,726,1,758.05
9271,9271,284,2,62.55
9272,9272,726,1,758.05
9273,9273,680,1,235.32
9274,9274,251,1,210.05
9275,9275,428,1,441.29
9276,9276,131,1,2983.31
9277,9277,398,1,276.77
9278,9278,666,1,37.97
9279,9279,164,1,1509.78
9280,9280,265,1,153.78
9281,9281,117,2,2956.13
9282,9282,680,1,235.32
9283,9283,695,2,20.12
9284,9284,262,5,217.51
9285,9285,67,1,1288.51
9286,9286,666,3,37.97
9287,9287,28,2,3364.99
9288,9288,119,4,246.66
9289,9289,159,1,4519.04
9290,9290,183,1,75.69
9291,9291,289,1,162.63
9293,9293,324,1,186.75
9294,9294,236,1,95.55
9295,9295,423,4,532.42
9296,9296,117,1,2956.13
9297,9297,191,1,187.49
9298,9298,495,5,106.76
9299,9299,208,2,136.37
9300,9300,135,1,3367.95
9301,9301,260,1,222.35
9302,9302,688,1,174.08
9303,9303,370,1,751.68
9304,9304,565,1,57.29
9305,9305,238,1,130.85
9306,9306,318,2,115.05
9307,9307,36,1,4845.59
9308,9308,162,1,2316.52
9309,9309,335,2,847.16
9310,9310,63,1,2004.35
9311,9311,373,3,581.2
9312,9312,733,1,417.93
9313,9313,41,2,2929.19
9314,9314,435,1,732.57
9315,9315,40,1,4844.16
9316,9316,728,1,289.32
9317,9317,665,2,348.02
9318,9318,311,1,129.43
9319,9319,668,3,217.24
9320,9320,402,1,188.75
9321,9321,679,2,128.13
9322,9322,447,2,402.73
9323,9323,409,1,329.97
9324,9324,57,1,1262.65
9325,9325,653,1,162.88
9326,9326,274,1,156.06
9327,9327,434,3,410.25
9328,9328,653,2,162.88
9329,9329,308,1,166.64
9330,9330,120,1,530.88
9331,9331,418,2,304.57
9332,9332,61,1,558.31
9333,9333,127,1,393.81
9334,9334,136,1,4582.03
9335,9335,750,1,70.48
9336,9336,1,3,714.89
9337,9337,215,3,129.05
9338,9338,108,1,4157.03
9339,9339,107,3,2427.81
9340,9340,462,2,127.45
9341,9341,619,3,45.77
9342,9342,653,1,162.88
9343,9343,226,3,119.73
9344,9344,580,1,48.76
9345,9345,609,1,216.06
9346,9346,584,1,61.78
9347,9347,711,1,70.46
9348,9348,309,2,49.25
9349,9349,46,1,1594.55
9350,9350,623,1,286.06
9351,9351,541,1,85.54
9352,9352,250,1,41.58
9353,9353,679,1,128.13
9354,9354,387,1,713.53
9355,9355,324,1,186.75
9356,9356,363,3,306.33
9357,9357,314,3,67.65
9358,9358,261,1,69.29
9359,9359,303,3,129.01
9360,9360,657,4,325.09
9361,9361,283,1,209.19
9362,9362,731,1,733.38
9363,9363,661,4,52.91
9364,9364,406,1,719.93
9365,9365,56,1,228.3
9366,9366,507,4,126.51
9367,9367,294,1,20.24
9368,9368,353,5,218.55
9369,9369,604,5,66.71
9370,9370,106,2,3674.29
9371,9371,165,3,4996.87
9372,9372,300,1,146.0
9373,9373,7,1,3100.22
9374,9374,682,2,291.05
9375,9375,312,1,143.72
9376,9376,456,1,403.71
9377,9377,738,1,686.04
9378,9378,393,1,687.59
9379,9379,685,1,12.22
9380,9380,330,2,191.25
9381,9381,125,3,2155.56
9382,9382,300,1,146.0
9383,9383,75,1,3103.91
9384,9384,408,2,891.71
9385,9385,577,2,345.37
9386,9386,90,1,4768.07
9387,9387,393,1,687.59
9388,9388,24,1,4161.68
9389,9389,303,1,129.01
9390,9390,537,1,81.58
9391,9391,277,2,162.31
9392,9392,142,1,2755.1
9393,9393,147,1,4322.84
9394,9394,29,2,338.84
9395,9395,461,2,454.62
9396,9396,300,4,146.0
9397,9397,346,1,409.19
9398,9398,722,1,690.57
9399,9399,45,1,3586.63
9400,9400,373,2,581.2
9401,9401,519,2,180.5
9402,9402,718,1,186.44
9403,9403,118,2,1495.3
9404,9404,603,2,296.14
9405,9405,141,1,2601.82
9406,9406,160,1,744.93
9407,9407,734,3,86.88
9408,9408,663,2,298.59
9409,9409,395,4,708.14
9410,9410,604,4,66.71
9411,9411,220,2,61.61
9412,9412,98,1,1012.81
9413,9413,307,1,245.13
9414,9414,643,1,276.04
9415,9415,600,2,334.45
9416,9416,462,1,127.45
9417,9417,558,1,113.56
9418,9418,706,2,148.71
9419,9419,474,1,170.43
9420,9420,346,2,409.19
9421,9421,588,1,225.54
9422,9422,501,1,11.4
9423,9423,322,1,46.21
9424,9424,229,1,204.24
9425,9425,659,2,51.18
9426,9426,250,2,41.58
9427,9427,547,2,92.5
9428,9428,572,1,139.15
9429,9429,143,1,3554.71
9430,9430,606,2,25.9
9431,9431,571,3,160.51
9432,9432,246,1,74.01
9433,9433,469,1,285.26
9434,9434,710,2,644.85
9435,9435,520,1,154.62
9436,9436,302,1,200.36
9437,9437,752,1,526.27
9438,9438,753,5,503.79
9439,9439,345,1,130.52
9440,9440,690,1,138.9
9441,9441,572,1,139.15
9442,9442,115,1,1546.97
9443,9443,352,1,39.87
9444,9444,237,1,54.46
9445,9445,234,1,83.07
9446,9446,567,1,49.45
9447,9447,603,2,296.14
9448,9448,677,1,233.28
9450,9450,166,1,1493.43
9451,9451,53,1,239.54
9452,9452,37,2,1084.45
9453,9453,167,1,3435.27
9454,9454,122,2,388.92
9455,9455,679,2,128.13
9456,9456,168,1,4516.61
9457,9457,346,1,409.19
9458,9458,561,1,131.2
9459,9459,75,1,3103.91
9460,9460,148,1,1350.51
9461,9461,54,3,3534.21
9462,9462,570,1,131.96
9463,9463,175,2,4900.1
9464,9464,232,2,23.94
9465,9465,120,1,530.88
9466,9466,541,1,85.54
9467,9467,29,3,338.84
9468,9468,628,1,49.89
9469,9469,434,2,410.25
9470,9470,675,1,167.34
9471,9471,590,3,193.35
9472,9472,401,1,774.95
9473,9473,272,1,104.31
9474,9474,670,1,259.97
9475,9475,457,1,351.78
9476,9476,367,1,652.94
9477,9477,262,2,217.51
9478,9478,450,1,632.49
9479,9479,2,1,1108.81
9480,9480,689,1,476.72
9481,9481,71,1,3331.34
9482,9482,204,4,34.18
9483,9483,235,3,99.15
9484,9484,95,1,2284.39
9485,9485,242,1,241.66
9486,9486,742,1,293.23
9487,9487,657,1,325.09
9488,9488,616,4,211.57
9489,9489,436,1,391.06
9490,9490,117,1,2956.13
9491,9491,625,1,105.77
9492,9492,177,2,2931.1
9493,9493,459,5,764.61
9494,9494,204,1,34.18
9495,9495,710,1,644.85
9496,9496,313,1,228.72
9497,9497,567,3,49.45
9498,9498,257,2,66.34
9499,9499,40,1,4844.16
9501,9501,119,1,246.66
9502,9502,351,1,691.78
9503,9503,716,2,471.75
9504,9504,119,2,246.66
9505,9505,260,2,222.35
9506,9506,416,1,652.56
9507,9507,208,1,136.37
9508,9508,459,1,764.61
9509,9509,233,1,166.88
9510,9510,531,4,22.73
9511,9511,167,2,3435.27
9512,9512,315,1,175.03
9513,9513,722,1,690.57
9514,9514,174,1,593.54
9515,9515,16,1,708.88
9516,9516,717,1,582.82
9517,9517,84,1,3195.54
9518,9518,417,1,586.68
9519,9519,44,1,2107.73
9520,9520,546,2,167.82
9521,9521,187,1,144.62
9522,9522,325,2,234.0
9523,9523,688,1,174.08
9524,9524,68,1,3602.75
9525,9525,88,1,4526.09
9526,9526,492,3,157.87
9527,9527,619,1,45.77
9528,9528,137,1,474.38
9529,9529,627,1,222.86
9530,9530,252,3,37.48
9531,9531,467,1,752.72
9532,9532,222,1,55.73
9533,9533,543,3,65.32
9534,9534,439,4,893.3
9535,9535,743,2,545.9
9536,9536,67,2,1288.51
9537,9537,757,1,187.1
9538,9538,232,1,23.94
9539,9539,690,1,138.9
9540,9540,512,1,45.47
9541,9541,23,2,4594.09
9542,9542,650,1,190.13
9543,9543,547,1,92.5
9544,9544,486,3,22.67
9545,9545,695,1,20.12
9546,9546,729,1,493.75
9547,9547,680,1,235.32
9548,9548,22,2,1010.57
9549,9549,572,1,139.15
9550,9550,221,3,195.84
9551,9551,246,1,74.01
9552,9552,349,2,387.46
9553,9553,341,1,59.51
9554,9554,429,1,642.02
9555,9555,604,1,66.71
9556,9556,113,2,1123.54
9557,9557,4,4,3496.72
9558,9558,235,1,99.15
9559,9559,484,5,96.02
9560,9560,276,1,141.09
9561,9561,267,1,116.2
9562,9562,752,2,526.27
9563,9563,590,1,193.35
9564,9564,184,1,95.76
9565,9565,143,1,3554.71
9566,9566,311,1,129.43
9567,9567,690,1,138.9
9568,9568,239,1,157.55
9569,9569,219,2,113.42
9570,9570,182,3,789.51
9571,9571,25,5,446.54
9572,9572,370,5,751.68
9573,9573,578,4,222.33
9574,9574,43,1,617.03
9575,9575,489,1,179.55
9576,9576,250,2,41.58
9577,9577,471,1,149.5
9578,9578,673,3,30.45
9579,9579,481,2,189.58
9580,9580,122,2,388.92
9581,9581,344,1,805.84
9582,9582,367,1,652.94
9583,9583,208,1,136.37
9584,9584,467,1,752.72
9585,9585,376,3,500.95
9586,9586,504,1,71.43
9587,9587,724,4,14.7
9588,9588,135,1,3367.95
9589,9589,360,1,505.98
9590,9590,604,2,66.71
9591,9591,648,1,12.54
9592,9592,121,1,4828.17
9593,9593,230,2,67.94
9594,9594,36,1,4845.59
9595,9595,236,1,95.55
9596,9596,15,1,3740.12
9597,9597,563,1,69.5
9598,9598,427,2,134.85
9599,9599,533,3,123.06
9600,9600,334,1,36.6
9601,9601,242,1,241.66
9602,9602,236,3,95.55
9603,9603,559,3,57.73
9604,9604,537,1,81.58
9605,9605,739,4,403.17
9606,9606,108,2,4157.03
9607,9607,547,3,92.5
9608,9608,190,2,94.68
9609,9609,593,3,176.21
9610,9610,174,2,593.54
9611,9611,332,2,9.64
9612,9612,7,1,3100.22
9613,9613,624,3,342.9
9614,9614,447,1,402.73
9615,9615,730,2,257.12
9616,9616,743,1,545.9
9617,9617,706,1,148.71
9618,9618,613,3,10.14
9619,9619,644,1,233.5
9620,9620,216,3,119.25
9621,9621,39,1,4977.19
9622,9622,198,1,108.13
9623,9623,638,1,105.78
9624,9624,180,1,1535.73
9625,9625,80,2,2333.45
9626,9626,209,2,86.49
9627,9627,241,1,65.47
9628,9628,349,3,387.46
9629,9629,627,5,222.86
9630,9630,426,2,351.49
9631,9631,521,2,142.88
9632,9632,318,1,115.05
9633,9633,678,4,59.08
9634,9634,579,5,271.64
9635,9635,149,4,3306.49
9636,9636,703,3,12.69
9637,9637,629,1,198.54
9638,9638,633,3,39.45
9639,9639,117,1,2956.13
9640,9640,113,1,1123.54
9641,9641,353,1,218.55
9642,9642,587,2,49.39
9643,9643,476,1,11.53
9644,9644,732,4,435.82
9645,9645,722,2,690.57
9646,9646,446,1,768.65
9647,9647,243,1,114.61
9648,9648,527,1,36.46
9649,9649,311,1,129.43
9650,9650,586,2,128.29
9651,9651,399,3,451.25
9652,9652,309,3,49.25
9653,9653,204,1,34.18
9654,9654,242,1,241.66
9655,9655,480,5,150.12
9656,9656,251,2,210.05
9657,9657,633,1,39.45
9658,9658,102,1,398.45
9659,9659,166,1,1493.43
9660,9660,350,2,177.74
9661,9661,359,1,773.2
9662,9662,378,1,224.45
9663,9663,605,1,255.63
9664,9664,672,1,213.88
9665,9665,272,1,104.31
9666,9666,678,1,59.08
9667,9667,116,1,4755.36
9668,9668,659,1,51.18
9669,9669,740,3,452.77
9670,9670,574,1,90.79
9671,9671,450,3,632.49
9672,9672,8,3,3869.87
9673,9673,753,1,503.79
9674,9674,433,2,204.49
9675,9675,687,1,531.25
9676,9676,425,1,114.07
9677,9677,482,4,9.41
9678,9678,244,3,47.21
9679,9679,315,2,175.03
9680,9680,33,4,2067.28
9681,9681,260,3,222.35
9682,9682,31,1,2437.35
9683,9683,386,2,511.91
9684,9684,139,1,2285.02
9685,9685,8,1,3869.87
9686,9686,605,1,255.63
9687,9687,698,2,7.94
9688,9688,120,1,530.88
9689,9689,340,2,403.23
9690,9690,270,1,164.12
9691,9691,630,1,188.72
9692,9692,316,1,182.63
9693,9693,407,1,279.51
9694,9694,610,2,29.89
9695,9695,171,1,468.85
9696,9696,115,1,1546.97
9697,9697,191,3,187.49
9698,9698,132,1,1534.36
9699,9699,146,3,2765.29
9700,9700,513,1,29.13
9701,9701,656,1,217.94
9702,9702,671,1,170.05
9703,9703,454,3,612.64
9704,9704,429,1,642.02
9705,9705,683,1,473.02
9706,9706,628,2,49.89
9707,9707,564,1,78.46
9708,9708,415,1,320.0
9709,9709,328,2,130.01
9710,9710,65,2,4813.41
9711,9711,673,1,30.45
9712,9712,518,1,37.43
9713,9713,76,2,1011.66
9714,9714,623,1,286.06
9715,9715,353,1,218.55
9716,9716,259,5,52.1
9717,9717,267,3,116.2
9718,9718,260,1,222.35
9719,9719,542,2,173.49
9720,9720,202,1,189.56
9721,9721,416,5,652.56
9722,9722,97,2,4760.55
9723,9723,405,1,616.71
9724,9724,256,1,161.82
9725,9725,497,2,20.54
9726,9726,376,1,500.95
9727,9727,506,1,188.42
9728,9728,717,1,582.82
9729,9729,531,2,22.73
9730,9730,633,4,39.45
9731,9731,441,2,249.15
9732,9732,567,1,49.45
9733,9733,632,2,54.65
9734,9734,115,1,1546.97
9735,9735,2,2,1108.81
9736,9736,129,1,3943.37
9737,9737,418,1,304.57
9738,9738,586,3,128.29
9739,9739,399,1,451.25
9740,9740,23,1,4594.09
9741,9741,505,1,76.84
9742,9742,250,1,41.58
9743,9743,392,3,147.3
9744,9744,706,5,148.71
9745,9745,109,1,3059.44
9746,9746,328,1,130.01
9747,9747,537,1,81.58
9748,9748,373,1,581.2
9749,9749,52,3,1334.63
9750,9750,656,3,217.94
9751,9751,46,1,1594.55
9752,9752,432,2,493.35
9753,9753,150,1,3819.1
9754,9754,529,1,125.91
9755,9755,643,1,276.04
9756,9756,390,2,344.12
9757,9757,756,4,454.23
9758,9758,127,1,393.81
9759,9759,712,3,571.29
9760,9760,565,1,57.29
9761,9761,561,1,131.2
9762,9762,683,1,473.02
9763,9763,51,1,794.12
9764,9764,454,2,612.64
9765,9765,459,3,764.61
9766,9766,250,1,41.58
9767,9767,757,2,187.1
9768,9768,445,2,198.54
9769,9769,108,3,4157.03
9770,9770,274,1,156.06
9771,9771,729,1,493.75
9772,9772,577,1,345.37
9773,9773,270,1,164.12
9774,9774,376,1,500.95
9775,9775,454,4,612.64
9776,9776,17,2,816.7
9777,9777,330,1,191.25
9778,9778,130,2,3245.21
9779,9779,374,2,690.25
9780,9780,360,1,505.98
9781,9781,249,1,180.95
9783,9783,545,1,183.48
9784,9784,391,2,229.33
9785,9785,580,2,48.76
9786,9786,89,1,1914.29
9787,9787,581,1,5.61
9788,9788,37,2,1084.45
9789,9789,431,2,670.83
9790,9790,320,2,66.66
9791,9791,122,5,388.92
9792,9792,312,1,143.72
9793,9793,142,1,2755.1
9794,9794,500,2,83.92
9795,9795,435,3,732.57
9796,9796,712,1,571.29
9797,9797,62,1,2312.3
9798,9798,457,3,351.78
9799,9799,640,1,206.05
9800,9800,316,5,182.63
9801,9801,395,2,708.14
9802,9802,146,2,2765.29
9803,9803,69,1,3327.89
9804,9804,122,1,388.92
9805,9805,425,1,114.07
9806,9806,417,2,586.68
9807,9807,560,1,130.36
9808,9808,86,1,709.09
9809,9809,179,2,4122.79
9810,9810,432,2,493.35
9811,9811,487,1,127.54
9812,9812,14,1,4425.71
9813,9813,707,2,620.93
9814,9814,347,5,775.65
9815,9815,3,3,2733.8
9816,9816,11,3,1239.15
9817,9817,694,1,738.42
9818,9818,147,1,4322.84
9819,9819,458,1,230.86
9820,9820,544,2,101.66
9821,9821,108,1,4157.03
9822,9822,510,1,180.29
9823,9823,686,2,229.67
9824,9824,679,1,128.13
9825,9825,143,4,3554.71
9826,9826,458,1,230.86
9827,9827,690,2,138.9
9828,9828,602,3,169.46
9829,9829,323,1,77.5
9830,9830,511,1,184.51
9831,9831,309,2,49.25
9832,9832,344,2,805.84
9833,9833,693,2,120.16
9834,9834,253,4,11.97
9835,9835,618,1,174.37
9836,9836,323,2,77.5
9837,9837,424,3,274.72
9838,9838,321,2,108.01
9839,9839,669,2,113.44
9840,9840,532,3,84.1
9841,9841,48,2,4406.69
9842,9842,515,1,179.25
9843,9843,418,1,304.57
9844,9844,9,2,2277.97
9845,9845,71,1,3331.34
9846,9846,496,3,186.76
9847,9847,436,1,391.06
9848,9848,317,1,91.51
9849,9849,143,2,3554.71
9850,9850,269,1,172.41
9851,9851,83,1,4488.09
9852,9852,254,1,66.21
9853,9853,746,3,341.49
9854,9854,590,4,193.35
9855,9855,74,5,4799.95
9856,9856,22,1,1010.57
9857,9857,473,1,15.25
9858,9858,56,1,228.3
9859,9859,428,2,441.29
9860,9860,584,1,61.78
9861,9861,379,1,342.01
9862,9862,113,1,1123.54
9863,9863,570,4,131.96
9864,9864,562,1,117.53
9865,9865,173,2,1299.7
9866,9866,699,5,41.44
9867,9867,474,1,170.43
9868,9868,738,3,686.04
9869,9869,385,4,23.93
9870,9870,78,1,2010.26
9871,9871,536,1,54.67
9872,9872,428,1,441.29
9873,9873,392,1,147.3
9874,9874,436,3,391.06
9875,9875,701,1,614.32
9876,9876,128,3,3540.63
9877,9877,436,2,391.06
9878,9878,82,2,3071.0
9879,9879,251,1,210.05
9880,9880,605,1,255.63
9881,9881,248,1,101.44
9882,9882,54,1,3534.21
9883,9883,336,5,414.92
9884,9884,475,1,50.23
9885,9885,413,1,614.79
9886,9886,226,1,119.73
9887,9887,497,1,20.54
9888,9888,547,1,92.5
9889,9889,648,3,12.54
9890,9890,191,1,187.49
9891,9891,264,3,231.67
9892,9892,296,5,249.01
9893,9893,234,1,83.07
9894,9894,289,1,162.63
9895,9895,379,1,342.01
9896,9896,616,1,211.57
9897,9897,353,2,218.55
9898,9898,391,3,229.33
9899,9899,302,2,200.36
9900,9900,750,1,70.48
9901,9901,199,1,83.62
9902,9902,532,2,84.1
9903,9903,606,4,25.9
9904,9904,287,3,226.27
9905,9905,496,1,186.76
9906,9906,341,2,59.51
9907,9907,63,1,2004.35
9908,9908,474,1,170.43
9909,9909,206,1,175.81
9910,9910,350,1,177.74
9911,9911,669,4,113.44
9912,9912,713,1,527.9
9913,9913,738,1,686.04
9914,9914,597,5,95.38
9915,9915,245,1,124.29
9916,9916,450,2,632.49
9917,9917,558,1,113.56
9918,9918,500,3,83.92
9919,9919,637,1,228.07
9920,9920,661,1,52.91
9921,9921,323,4,77.5
9922,9922,624,2,342.9
9923,9923,191,1,187.49
9924,9924,243,2,114.61
9925,9925,414,1,272.92
9926,9926,745,2,234.2
9927,9927,453,3,727.29
9928,9928,238,1,130.85
9929,9929,238,1,130.85
9930,9930,6,2,3654.05
9931,9931,645,1,168.29
9932,9932,163,1,1452.4
9933,9933,32,1,2375.4
9934,9934,382,1,304.82
9935,9935,26,1,2386.9
9936,9936,11,1,1239.15
9937,9937,669,1,113.44
9938,9938,386,3,511.91
9939,9939,33,1,2067.28
9940,9940,264,2,231.67
9941,9941,437,2,483.72
9942,9942,728,1,289.32
9943,9943,108,3,4157.03
9944,9944,724,2,14.7
9945,9945,291,1,46.25
9946,9946,252,1,37.48
9947,9947,286,1,163.11
9948,9948,463,1,688.82
9949,9949,456,2,403.71
9950,9950,645,2,168.29
9951,9951,719,1,329.85
9952,9952,182,1,789.51
9953,9953,714,1,560.86
9954,9954,160,1,744.93
9955,9955,741,1,652.35
9956,9956,513,1,29.13
9957,9957,211,2,154.9
9958,9958,305,4,103.09
9959,9959,334,3,36.6
9960,9960,117,1,2956.13
9961,9961,715,1,780.68
9962,9962,369,2,525.43
9963,9963,213,1,21.25
9964,9964,245,1,124.29
9965,9965,575,1,27.16
9966,9966,307,1,245.13
9967,9967,214,1,37.03
9968,9968,564,2,78.46
9969,9969,379,2,342.01
9970,9970,357,1,848.0
9971,9971,97,3,4760.55
9972,9972,366,1,329.73
9973,9973,345,3,130.52
9974,9974,245,2,124.29
9975,9975,259,1,52.1
9976,9976,567,1,49.45
9977,9977,659,2,51.18
9978,9978,484,3,96.02
9979,9979,411,3,718.64
9980,9980,270,2,164.12
9981,9981,54,1,3534.21
9982,9982,705,1,793.49
9983,9983,320,1,66.66
9984,9984,510,3,180.29
9985,9985,649,2,229.42
9986,9986,552,1,86.71
9987,9987,446,1,768.65
9988,9988,227,1,130.7
9989,9989,158,1,510.24
9990,9990,111,1,1395.81
9992,9992,487,1,127.54
9993,9993,577,1,345.37
9994,9994,534,2,95.47
9995,9995,204,2,34.18
9996,9996,53,2,239.54
9997,9997,298,2,211.96
9998,9998,702,1,211.43
9999,9999,129,1,3943.37
10000,10000,465,3,379.72
10001,10001,300,2,146.0
10002,10002,202,2,189.56
10003,10003,249,2,180.95
10004,10004,2,1,1108.81
10005,10005,681,1,20.06
10006,10006,81,1,3344.53
10007,10007,640,1,206.05
10008,10008,594,1,59.48
10009,10009,90,3,4768.07
10010,10010,468,2,763.35
10011,10011,179,5,4122.79
10012,10012,7,3,3100.22
10013,10013,634,1,86.2
10014,10014,335,3,847.16
10015,10015,688,1,174.08
10016,10016,301,1,141.06
10017,10017,134,3,4810.31
10018,10018,485,2,101.15
10019,10019,462,2,127.45
10020,10020,647,1,115.03
10021,10021,408,5,891.71
10022,10022,537,1,81.58
10023,10023,329,1,164.88
10024,10024,75,2,3103.91
10025,10025,260,1,222.35
10026,10026,704,2,344.86
10027,10027,716,5,471.75
10028,10028,660,1,238.33
10029,10029,9,2,2277.97
10030,10030,547,1,92.5
10031,10031,463,1,688.82
10032,10032,643,1,276.04
10033,10033,644,1,233.5
10034,10034,150,2,3819.1
10035,10035,155,1,1706.02
10036,10036,158,1,510.24
10037,10037,152,2,4060.81
10038,10038,397,1,249.33
10039,10039,340,4,403.23
10040,10040,536,2,54.67
10041,10041,179,4,4122.79
10042,10042,147,1,4322.84
10043,10043,384,3,259.52
10044,10044,449,1,340.93
10045,10045,525,1,74.43
10046,10046,298,2,211.96
10047,10047,236,1,95.55
10048,10048,168,1,4516.61
10049,10049,315,4,175.03
10050,10050,458,1,230.86
10051,10051,451,1,79.36
10052,10052,351,5,691.78
10053,10053,194,1,111.15
10054,10054,85,1,405.86
10055,10055,246,1,74.01
10056,10056,711,1,70.46
10057,10057,39,2,4977.19
10058,10058,209,1,86.49
10059,10059,20,3,36.15
10060,10060,558,1,113.56
10061,10061,129,2,3943.37
10062,10062,9,1,2277.97
10063,10063,346,3,409.19
10064,10064,216,5,119.25
10065,10065,729,2,493.75
10066,10066,381,1,433.63
10067,10067,433,3,204.49
10068,10068,9,1,2277.97
10069,10069,574,2,90.79
10070,10070,448,1,795.1
10071,10071,496,4,186.76
10072,10072,126,1,3818.42
10073,10073,262,3,217.51
10074,10074,649,1,229.42
10075,10075,93,4,2679.93
10076,10076,91,1,2451.37
10077,10077,213,4,21.25
10078,10078,543,1,65.32
10079,10079,483,1,162.06
10080,10080,274,1,156.06
10081,10081,691,1,21.76
10082,10082,105,2,545.57
10083,10083,514,2,31.2
10084,10084,330,4,191.25
10085,10085,354,1,736.04
10086,10086,522,2,157.0
10087,10087,746,1,341.49
10088,10088,404,1,359.7
10089,10089,397,2,249.33
10090,10090,322,1,46.21
10091,10091,583,1,243.95
10092,10092,555,2,42.12
10093,10093,50,3,3323.67
10094,10094,238,2,130.85
10095,10095,490,3,91.21
10096,10096,277,1,162.31
10097,10097,71,3,3331.34
10098,10098,40,1,4844.16
10099,10099,288,1,237.54
10100,10100,242,1,241.66
10101,10101,170,1,3238.77
10102,10102,297,3,241.93
10103,10103,263,1,114.41
10104,10104,651,3,303.26
10105,10105,278,1,65.28
10106,10106,233,1,166.88
10107,10107,687,3,531.25
10108,10108,682,1,291.05
10109,10109,748,1,691.2
10110,10110,75,1,3103.91
10111,10111,408,1,891.71
10112,10112,367,2,652.94
10113,10113,546,1,167.82
10114,10114,135,2,3367.95
10115,10115,382,2,304.82
10116,10116,422,2,111.41
10117,10117,482,3,9.41
10118,10118,714,1,560.86
10119,10119,642,1,127.89
10120,10120,392,4,147.3
10121,10121,201,1,143.89
10122,10122,619,2,45.77
10123,10123,192,1,132.19
10124,10124,179,1,4122.79
10125,10125,148,1,1350.51
10126,10126,348,1,208.18
10127,10127,22,3,1010.57
10128,10128,486,1,22.67
10129,10129,222,2,55.73
10130,10130,628,1,49.89
10131,10131,90,1,4768.07
10132,10132,532,2,84.1
10133,10133,399,1,451.25
10134,10134,670,1,259.97
10135,10135,248,1,101.44
10136,10136,480,1,150.12
10137,10137,463,1,688.82
10138,10138,194,2,111.15
10139,10139,154,1,2061.68
10140,10140,742,3,293.23
10141,10141,697,4,603.63
10142,10142,508,1,111.49
10143,10143,689,4,476.72
10144,10144,7,1,3100.22
10145,10145,573,2,46.31
10146,10146,541,1,85.54
10147,10147,367,1,652.94
10148,10148,536,1,54.67
10149,10149,486,2,22.67
10150,10150,657,1,325.09
10151,10151,194,4,111.15
10152,10152,416,1,652.56
10153,10153,49,1,3523.62
10154,10154,48,1,4406.69
10155,10155,398,3,276.77
10156,10156,172,1,2706.24
10157,10157,618,1,174.37
10158,10158,310,1,54.16
10159,10159,407,1,279.51
10160,10160,200,2,31.36
10161,10161,727,1,198.94
10162,10162,655,2,153.82
10163,10163,327,2,232.68
10164,10164,542,1,173.49
10165,10165,417,2,586.68
10166,10166,357,1,848.0
10167,10167,531,2,22.73
10168,10168,19,1,4426.24
10169,10169,242,1,241.66
10170,10170,84,3,3195.54
10171,10171,137,1,474.38
10172,10172,99,1,1105.45
10173,10173,396,2,655.1
10174,10174,403,2,446.99
10175,10175,649,1,229.42
10176,10176,300,5,146.0
10177,10177,640,1,206.05
10178,10178,515,1,179.25
10179,10179,313,1,228.72
10180,10180,401,1,774.95
10181,10181,203,1,93.09
10183,10183,758,2,15.36
10184,10184,729,1,493.75
10185,10185,704,1,344.86
10186,10186,569,1,141.29
10187,10187,735,1,380.77
10188,10188,146,1,2765.29
10189,10189,744,2,264.79
10190,10190,412,4,506.6
10191,10191,742,1,293.23
10192,10192,750,1,70.48
10193,10193,409,1,329.97
10194,10194,698,2,7.94
10195,10195,337,1,684.03
10196,10196,419,3,175.87
10197,10197,523,1,51.16
10198,10198,437,1,483.72
10199,10199,268,1,237.38
10200,10200,504,3,71.43
10201,10201,508,3,111.49
10202,10202,348,1,208.18
10203,10203,438,1,519.72
10204,10204,499,1,175.95
10205,10205,40,3,4844.16
10206,10206,750,3,70.48
10207,10207,295,1,46.64
10208,10208,413,1,614.79
10209,10209,229,1,204.24
10210,10210,386,2,511.91
10211,10211,618,2,174.37
10212,10212,375,1,415.84
10213,10213,629,4,198.54
10214,10214,367,1,652.94
10215,10215,562,3,117.53
10216,10216,382,1,304.82
10217,10217,454,1,612.64
10218,10218,546,5,167.82
10219,10219,406,1,719.93
10220,10220,659,5,51.18
10221,10221,606,1,25.9
10222,10222,245,1,124.29
10223,10223,381,1,433.63
10224,10224,141,2,2601.82
10225,10225,546,3,167.82
10226,10226,611,3,81.05
10227,10227,311,2,129.43
10228,10228,229,1,204.24
10229,10229,223,1,127.57
10230,10230,527,1,36.46
10231,10231,440,1,747.34
10232,10232,717,1,582.82
10233,10233,197,1,166.43
10234,10234,261,1,69.29
10235,10235,687,2,531.25
10236,10236,132,2,1534.36
10237,10237,253,1,11.97
10238,10238,289,2,162.63
10239,10239,198,1,108.13
10240,10240,304,1,44.03
10241,10241,581,1,5.61
10242,10242,595,5,317.77
10243,10243,131,1,2983.31
10244,10244,457,1,351.78
10245,10245,182,1,789.51
10246,10246,735,2,380.77
10247,10247,584,1,61.78
10248,10248,226,2,119.73
10249,10249,623,3,286.06
10250,10250,716,1,471.75
10251,10251,425,2,114.07
10252,10252,285,1,161.67
10253,10253,20,1,36.15
10254,10254,229,2,204.24
10255,10255,387,1,713.53
10256,10256,195,1,43.89
10257,10257,750,1,70.48
10258,10258,299,1,221.54
10259,10259,104,1,1865.43
10260,10260,52,4,1334.63
10261,10261,588,2,225.54
10262,10262,519,1,180.5
10263,10263,691,2,21.76
10264,10264,207,2,51.89
10265,10265,269,3,172.41
10266,10266,377,1,456.96
10267,10267,33,2,2067.28
10268,10268,496,2,186.76
10269,10269,486,2,22.67
10270,10270,249,1,180.95
10271,10271,181,2,2279.14
10272,10272,114,1,1731.9
10273,10273,560,2,130.36
10274,10274,611,2,81.05
10275,10275,116,4,4755.36
10276,10276,59,2,4057.63
10277,10277,596,1,29.96
10278,10278,625,2,105.77
10279,10279,609,1,216.06
10280,10280,453,3,727.29
10281,10281,416,2,652.56
10282,10282,681,1,20.06
10283,10283,404,3,359.7
10284,10284,449,1,340.93
10285,10285,153,5,4827.45
10286,10286,329,1,164.88
10287,10287,11,1,1239.15
10288,10288,593,1,176.21
10289,10289,102,2,398.45
10290,10290,136,1,4582.03
10291,10291,20,2,36.15
10292,10292,292,1,216.47
10293,10293,226,1,119.73
10294,10294,120,1,530.88
10295,10295,133,3,2998.21
10296,10296,660,1,238.33
10297,10297,473,1,15.25
10298,10298,468,1,763.35
10299,10299,100,2,3744.66
10300,10300,758,2,15.36
10301,10301,297,4,241.93
10302,10302,734,1,86.88
10303,10303,389,1,574.36
10304,10304,535,2,73.33
10305,10305,570,5,131.96
10306,10306,751,1,27.9
10307,10307,641,4,57.17
10308,10308,243,1,114.61
10309,10309,205,2,203.34
10310,10310,742,2,293.23
10311,10311,469,1,285.26
10312,10312,55,2,762.28
10313,10313,458,1,230.86
10314,10314,512,1,45.47
10315,10315,93,3,2679.93
10316,10316,34,1,564.15
10317,10317,592,1,148.9
10318,10318,17,1,816.7
10319,10319,109,3,3059.44
10320,10320,570,1,131.96
10321,10321,731,2,733.38
10322,10322,118,1,1495.3
10323,10323,129,1,3943.37
10324,10324,546,1,167.82
10325,10325,632,3,54.65
10326,10326,567,1,49.45
10327,10327,624,1,342.9
10328,10328,705,4,793.49
10329,10329,26,1,2386.9
10330,10330,353,3,218.55
10331,10331,713,1,527.9
10332,10332,303,1,129.01
10333,10333,161,4,4356.77
10334,10334,212,3,172.12
10335,10335,677,1,233.28
10336,10336,662,2,109.41
10337,10337,7,1,3100.22
10338,10338,373,1,581.2
10339,10339,129,1,3943.37
10340,10340,700,1,474.11
10341,10341,499,2,175.95
10342,10342,684,1,416.47
10343,10343,465,1,379.72
10344,10344,556,1,55.68
10345,10345,73,3,3280.42
10346,10346,706,1,148.71
10348,10348,701,1,614.32
10349,10349,526,1,161.46
10350,10350,691,1,21.76
10351,10351,314,1,67.65
10352,10352,698,1,7.94
10353,10353,274,1,156.06
10354,10354,485,5,101.15
10355,10355,347,2,775.65
10356,10356,218,1,119.33
10357,10357,335,1,847.16
10358,10358,169,1,966.85
10359,10359,66,1,1582.1
10360,10360,512,1,45.47
10361,10361,250,1,41.58
10362,10362,316,1,182.63
10363,10363,298,1,211.96
10364,10364,275,1,225.47
10365,10365,633,1,39.45
10366,10366,424,1,274.72
10367,10367,427,1,134.85
10368,10368,495,3,106.76
10369,10369,200,5,31.36
10370,10370,350,2,177.74
10371,10371,657,4,325.09
10372,10372,723,1,181.75
10373,10373,160,1,744.93
10374,10374,157,1,1189.15
10375,10375,493,1,21.86
10376,10376,447,1,402.73
10377,10377,734,1,86.88
10378,10378,348,1,208.18
10379,10379,662,1,109.41
10380,10380,239,1,157.55
10381,10381,483,1,162.06
10382,10382,243,1,114.61
10383,10383,399,1,451.25
10384,10384,639,1,181.78
10385,10385,715,1,780.68
10386,10386,298,1,211.96
10387,10387,420,1,410.11
10388,10388,480,2,150.12
10389,10389,574,1,90.79
10390,10390,672,1,213.88
10391,10391,71,1,3331.34
10392,10392,100,1,3744.66
10393,10393,424,2,274.72
10394,10394,576,1,32.88
10395,10395,435,4,732.57
10396,10396,681,1,20.06
10397,10397,420,4,410.11
10398,10398,107,1,2427.81
10399,10399,161,1,4356.77
10400,10400,346,3,409.19
10401,10401,710,3,644.85
10402,10402,299,1,221.54
10403,10403,223,1,127.57
10404,10404,30,1,1160.12
10405,10405,531,2,22.73
10406,10406,63,1,2004.35
10407,10407,213,1,21.25
10408,10408,249,3,180.95
10409,10409,96,1,2119.38
10410,10410,322,1,46.21
10411,10411,568,3,138.43
10412,10412,483,2,162.06
10413,10413,556,1,55.68
10414,10414,600,1,334.45
10415,10415,586,5,128.29
10416,10416,756,1,454.23
10417,10417,132,1,1534.36
10418,10418,740,3,452.77
10419,10419,245,1,124.29
10420,10420,478,1,153.79
10421,10421,278,3,65.28
10422,10422,435,1,732.57
10423,10423,574,1,90.79
10424,10424,374,1,690.25
10425,10425,247,3,222.07
10426,10426,177,4,2931.1
10427,10427,494,3,53.12
10428,10428,645,2,168.29
10429,10429,99,1,1105.45
10430,10430,158,2,510.24
10431,10431,223,2,127.57
10432,10432,275,2,225.47
10433,10433,747,1,258.27
10434,10434,280,5,123.83
10435,10435,622,1,153.74
10436,10436,175,1,4900.1
10437,10437,218,2,119.33
10438,10438,460,2,675.57
10439,10439,308,3,166.64
10440,10440,449,2,340.93
10441,10441,551,1,148.19
10442,10442,472,3,101.9
10443,10443,468,1,763.35
10444,10444,686,1,229.67
10445,10445,418,1,304.57
10446,10446,61,1,558.31
10447,10447,382,1,304.82
10448,10448,580,1,48.76
10449,10449,389,1,574.36
10450,10450,613,1,10.14
10451,10451,195,1,43.89
10452,10452,273,1,101.64
10453,10453,641,3,57.17
10454,10454,391,3,229.33
10455,10455,115,3,1546.97
10456,10456,291,1,46.25
10457,10457,290,3,67.25
10458,10458,602,5,169.46
10459,10459,715,1,780.68
10460,10460,299,1,221.54
10461,10461,82,1,3071.0
10462,10462,196,1,79.36
10463,10463,230,1,67.94
10464,10464,311,1,129.43
10465,10465,204,3,34.18
10466,10466,174,3,593.54
10467,10467,127,1,393.81
10468,10468,66,5,1582.1
10469,10469,449,2,340.93
10470,10470,212,3,172.12
10471,10471,683,1,473.02
10472,10472,286,1,163.11
10473,10473,149,1,3306.49
10474,10474,390,5,344.12
10475,10475,540,1,187.1
10476,10476,378,2,224.45
10477,10477,185,3,37.55
10478,10478,277,4,162.31
10479,10479,511,1,184.51
10480,10480,216,2,119.25
10481,10481,89,2,1914.29
10482,10482,295,1,46.64
10483,10483,135,1,3367.95
10484,10484,281,1,116.88
10485,10485,413,1,614.79
10486,10486,190,1,94.68
10487,10487,284,1,62.55
10488,10488,533,2,123.06
10489,10489,183,2,75.69
10490,10490,82,1,3071.0
10491,10491,606,2,25.9
10492,10492,75,1,3103.91
10493,10493,488,1,77.69
10494,10494,93,2,2679.93
10495,10495,267,1,116.2
10496,10496,263,1,114.41
10497,10497,138,1,1662.41
10498,10498,209,1,86.49
10499,10499,752,1,526.27
10500,10500,132,3,1534.36
10501,10501,423,1,532.42
10502,10502,651,2,303.26
10503,10503,572,2,139.15
10504,10504,306,2,126.53
10505,10505,701,2,614.32
10506,10506,416,1,652.56
10507,10507,203,1,93.09
10508,10508,510,1,180.29
10509,10509,267,1,116.2
10510,10510,590,1,193.35
10511,10511,327,1,232.68
10512,10512,722,1,690.57
10513,10513,467,1,752.72
10514,10514,316,1,182.63
10515,10515,242,1,241.66
10516,10516,517,2,184.21
10517,10517,380,3,618.79
10518,10518,553,3,156.88
10519,10519,342,2,608.75
10520,10520,491,2,62.03
10521,10521,100,1,3744.66
10522,10522,432,1,493.35
10523,10523,133,1,2998.21
10524,10524,259,3,52.1
10525,10525,454,2,612.64
10526,10526,723,1,181.75
10527,10527,740,1,452.77
10528,10528,37,3,1084.45
10529,10529,10,1,3515.06
10530,10530,493,2,21.86
10531,10531,461,2,454.62
10532,10532,135,2,3367.95
10533,10533,530,3,40.14
10534,10534,727,4,198.94
10535,10535,67,1,1288.51
10536,10536,703,1,12.69
10537,10537,464,2,45.44
10538,10538,136,1,4582.03
10539,10539,324,1,186.75
10540,10540,262,1,217.51
10541,10541,100,2,3744.66
10542,10542,665,3,348.02
10543,10543,325,3,234.0
10544,10544,684,1,416.47
10545,10545,628,3,49.89
10546,10546,658,1,324.63
10547,10547,571,1,160.51
10548,10548,184,1,95.76
10549,10549,56,1,228.3
10550,10550,736,1,562.66
10551,10551,490,1,91.21
10552,10552,610,1,29.89
10553,10553,739,3,403.17
10554,10554,703,1,12.69
10555,10555,234,1,83.07
10556,10556,94,1,2154.48
10557,10557,735,2,380.77
10558,10558,634,1,86.2
10559,10559,468,3,763.35
10560,10560,313,5,228.72
10561,10561,192,1,132.19
10562,10562,745,1,234.2
10563,10563,81,1,3344.53
10564,10564,625,2,105.77
10565,10565,266,2,167.93
10566,10566,222,1,55.73
10567,10567,508,5,111.49
10568,10568,153,1,4827.45
10569,10569,431,3,670.83
10570,10570,119,1,246.66
10571,10571,588,1,225.54
10572,10572,575,2,27.16
10573,10573,465,1,379.72
10574,10574,367,5,652.94
10575,10575,392,1,147.3
10576,10576,275,3,225.47
10577,10577,350,2,177.74
10578,10578,166,1,1493.43
10579,10579,247,1,222.07
10580,10580,666,1,37.97
10581,10581,448,1,795.1
10582,10582,758,5,15.36
10583,10583,339,2,747.6
10584,10584,101,1,147.87
10585,10585,350,3,177.74
10586,10586,511,1,184.51
10587,10587,539,1,172.0
10588,10588,97,1,4760.55
10589,10589,396,1,655.1
10590,10590,84,2,3195.54
10591,10591,483,1,162.06
10592,10592,691,2,21.76
10593,10593,757,1,187.1
10594,10594,272,2,104.31
10595,10595,162,1,2316.52
10596,10596,344,2,805.84
10597,10597,718,3,186.44
10598,10598,319,5,233.78
10599,10599,356,3,536.57
10600,10600,314,1,67.65
10601,10601,647,1,115.03
10602,10602,375,3,415.84
10603,10603,217,1,109.07
10604,10604,173,2,1299.7
10605,10605,522,1,157.0
10606,10606,219,1,113.42
10607,10607,621,1,231.82
10608,10608,297,3,241.93
10609,10609,587,2,49.39
10610,10610,395,1,708.14
10611,10611,468,1,763.35
10612,10612,461,1,454.62
10613,10613,276,1,141.09
10614,10614,95,1,2284.39
10615,10615,543,2,65.32
10616,10616,530,1,40.14
10617,10617,500,2,83.92
10618,10618,455,1,322.55
10619,10619,553,3,156.88
10620,10620,512,2,45.47
10621,10621,185,2,37.55
10622,10622,483,1,162.06
10623,10623,167,3,3435.27
10624,10624,196,2,79.36
10625,10625,366,5,329.73
10626,10626,350,1,177.74
10627,10627,690,2,138.9
10628,10628,420,1,410.11
10629,10629,592,1,148.9
10630,10630,38,1,1340.7
10631,10631,663,3,298.59
10632,10632,701,1,614.32
10633,10633,720,1,414.03
10634,10634,57,1,1262.65
10635,10635,90,1,4768.07
10636,10636,448,1,795.1
10637,10637,622,3,153.74
10639,10639,590,2,193.35
10640,10640,173,1,1299.7
10641,10641,106,1,3674.29
10642,10642,682,1,291.05
10643,10643,475,1,50.23
10644,10644,262,1,217.51
10646,10646,168,3,4516.61
10647,10647,632,1,54.65
10648,10648,542,1,173.49
10649,10649,460,1,675.57
10650,10650,433,1,204.49
10651,10651,720,5,414.03
10652,10652,537,3,81.58
10653,10653,633,3,39.45
10654,10654,22,1,1010.57
10655,10655,517,1,184.21
10656,10656,441,1,249.15
10657,10657,722,4,690.57
10658,10658,467,3,752.72
10659,10659,244,1,47.21
10660,10660,55,4,762.28
10661,10661,277,1,162.31
10662,10662,597,1,95.38
10663,10663,129,1,3943.37
10664,10664,284,1,62.55
10665,10665,355,5,887.26
10666,10666,607,1,121.04
10667,10667,671,1,170.05
10668,10668,440,1,747.34
10669,10669,521,1,142.88
10670,10670,470,1,155.8
10671,10671,664,5,43.65
10672,10672,651,2,303.26
10673,10673,122,1,388.92
10674,10674,653,1,162.88
10675,10675,229,1,204.24
10676,10676,542,3,173.49
10677,10677,152,1,4060.81
10678,10678,252,1,37.48
10679,10679,61,1,558.31
10681,10681,219,2,113.42
10682,10682,743,2,545.9
10683,10683,353,1,218.55
10684,10684,378,1,224.45
10685,10685,122,2,388.92
10686,10686,131,1,2983.31
10687,10687,606,1,25.9
10688,10688,711,3,70.46
10689,10689,666,3,37.97
10690,10690,568,1,138.43
10691,10691,448,2,795.1
10692,10692,607,1,121.04
10693,10693,71,4,3331.34
10694,10694,108,1,4157.03
10695,10695,669,3,113.44
10696,10696,28,2,3364.99
10697,10697,34,1,564.15
10698,10698,40,1,4844.16
10699,10699,172,1,2706.24
10700,10700,218,1,119.33
10701,10701,204,2,34.18
10702,10702,638,1,105.78
10703,10703,608,2,170.74
10704,10704,425,1,114.07
10705,10705,113,1,1123.54
10706,10706,3,1,2733.8
10707,10707,77,1,2287.96
10708,10708,131,1,2983.31
10709,10709,755,1,759.14
10710,10710,110,4,1076.35
10711,10711,390,1,344.12
10712,10712,750,3,70.48
10713,10713,335,1,847.16
10714,10714,595,1,317.77
10715,10715,479,1,148.09
10716,10716,750,1,70.48
10717,10717,182,5,789.51
10718,10718,181,1,2279.14
10719,10719,355,3,887.26
10720,10720,375,3,415.84
10721,10721,232,1,23.94
10722,10722,207,2,51.89
10723,10723,560,2,130.36
10724,10724,497,1,20.54
10725,10725,658,1,324.63
10726,10726,394,5,466.06
10727,10727,685,1,12.22
10728,10728,730,1,257.12
10729,10729,335,1,847.16
10730,10730,328,2,130.01
10731,10731,498,2,124.5
10732,10732,421,1,729.76
10733,10733,164,2,1509.78
10734,10734,34,1,564.15
10735,10735,261,1,69.29
10736,10736,244,1,47.21
10737,10737,495,1,106.76
10738,10738,218,2,119.33
10739,10739,401,1,774.95
10740,10740,537,1,81.58
10741,10741,218,1,119.33
10742,10742,355,1,887.26
10743,10743,289,1,162.63
10744,10744,748,1,691.2
10745,10745,10,1,3515.06
10746,10746,437,2,483.72
10747,10747,92,1,3994.74
10748,10748,3,3,2733.8
10749,10749,284,1,62.55
10750,10750,166,3,1493.43
10751,10751,731,1,733.38
10752,10752,62,1,2312.3
10753,10753,534,2,95.47
10754,10754,562,1,117.53
10755,10755,403,1,446.99
10756,10756,376,1,500.95
10757,10757,520,5,154.62
10758,10758,126,2,3818.42
10759,10759,754,1,264.87
10760,10760,350,4,177.74
10761,10761,211,2,154.9
10762,10762,710,1,644.85
10763,10763,748,1,691.2
10764,10764,710,2,644.85
10765,10765,74,1,4799.95
10766,10766,41,1,2929.19
10767,10767,646,2,316.95
10768,10768,207,1,51.89
10769,10769,542,1,173.49
10770,10770,95,1,2284.39
10771,10771,739,1,403.17
10772,10772,594,1,59.48
10773,10773,111,1,1395.81
10774,10774,427,2,134.85
10775,10775,728,2,289.32
10776,10776,419,1,175.87
10777,10777,76,1,1011.66
10778,10778,510,3,180.29
10779,10779,128,1,3540.63
10780,10780,737,1,783.55
10781,10781,411,2,718.64
10782,10782,490,1,91.21
10783,10783,421,3,729.76
10784,10784,130,1,3245.21
10785,10785,124,2,1143.91
10787,10787,25,2,446.54
10788,10788,28,5,3364.99
10789,10789,245,1,124.29
10790,10790,368,3,510.64
10791,10791,29,1,338.84
10792,10792,565,1,57.29
10793,10793,359,1,773.2
10794,10794,71,1,3331.34
10795,10795,21,1,2548.24
10796,10796,697,1,603.63
10797,10797,581,3,5.61
10798,10798,284,1,62.55
10799,10799,530,2,40.14
10800,10800,15,4,3740.12
10801,10801,322,1,46.21
10802,10802,459,1,764.61
10803,10803,341,2,59.51
10804,10804,302,1,200.36
10805,10805,552,1,86.71
10806,10806,412,1,506.6
10807,10807,628,1,49.89
10808,10808,648,1,12.54
10809,10809,649,1,229.42
10810,10810,521,1,142.88
10811,10811,35,1,1264.03
10812,10812,334,1,36.6
10813,10813,477,1,174.42
10814,10814,522,1,157.0
10815,10815,167,1,3435.27
10816,10816,455,1,322.55
10818,10818,137,3,474.38
10819,10819,705,1,793.49
10820,10820,397,2,249.33
10821,10821,758,1,15.36
10822,10822,43,1,617.03
10823,10823,603,4,296.14
10824,10824,644,1,233.5
10825,10825,188,1,64.38
10826,10826,327,1,232.68
10827,10827,544,1,101.66
10828,10828,126,3,3818.42
10829,10829,462,1,127.45
10830,10830,225,1,115.0
10831,10831,94,1,2154.48
10832,10832,735,1,380.77
10833,10833,493,1,21.86
10834,10834,101,2,147.87
10835,10835,19,1,4426.24
10836,10836,83,1,4488.09
10837,10837,65,1,4813.41
10838,10838,534,1,95.47
10839,10839,686,3,229.67
10840,10840,694,3,738.42
10841,10841,1,1,714.89
10842,10842,580,1,48.76
10843,10843,529,2,125.91
10844,10844,17,2,816.7
10845,10845,412,3,506.6
10846,10846,440,2,747.34
10847,10847,202,1,189.56
10848,10848,8,4,3869.87
10849,10849,405,1,616.71
10850,10850,443,1,527.93
10851,10851,262,4,217.51
10852,10852,631,2,22.35
10853,10853,99,1,1105.45
10854,10854,10,1,3515.06
10855,10855,405,2,616.71
10856,10856,359,1,773.2
10857,10857,519,1,180.5
10858,10858,588,1,225.54
10859,10859,317,1,91.51
10860,10860,301,1,141.06
10861,10861,596,1,29.96
10862,10862,94,1,2154.48
10863,10863,536,3,54.67
10864,10864,586,1,128.29
10865,10865,520,1,154.62
10866,10866,667,3,85.14
10867,10867,241,1,65.47
10868,10868,9,1,2277.97
10869,10869,127,1,393.81
10870,10870,707,2,620.93
10871,10871,709,1,493.91
10872,10872,514,1,31.2
10873,10873,362,1,546.59
10874,10874,756,2,454.23
10875,10875,22,4,1010.57
10876,10876,457,1,351.78
10877,10877,499,2,175.95
10878,10878,381,2,433.63
10879,10879,424,1,274.72
10880,10880,653,1,162.88
10881,10881,722,1,690.57
10882,10882,7,1,3100.22
10883,10883,579,3,271.64
10884,10884,585,1,185.33
10885,10885,90,3,4768.07
10886,10886,304,1,44.03
10887,10887,191,4,187.49
10888,10888,257,1,66.34
10889,10889,749,1,25.31
10890,10890,559,1,57.73
10891,10891,697,1,603.63
10892,10892,415,1,320.0
10893,10893,548,1,79.31
10894,10894,194,2,111.15
10895,10895,254,1,66.21
10896,10896,98,2,1012.81
10897,10897,739,1,403.17
10898,10898,531,3,22.73
10899,10899,453,1,727.29
10900,10900,395,3,708.14
10901,10901,708,1,561.54
10902,10902,64,2,3403.99
10903,10903,67,3,1288.51
10904,10904,264,2,231.67
10905,10905,144,2,4210.19
10906,10906,449,5,340.93
10907,10907,182,1,789.51
10908,10908,203,2,93.09
10909,10909,746,1,341.49
10910,10910,340,1,403.23
10911,10911,537,2,81.58
10912,10912,45,3,3586.63
10913,10913,493,1,21.86
10914,10914,733,1,417.93
10915,10915,573,1,46.31
10916,10916,24,3,4161.68
10917,10917,414,1,272.92
10918,10918,570,1,131.96
10919,10919,664,3,43.65
10920,10920,713,1,527.9
10921,10921,7,2,3100.22
10922,10922,159,2,4519.04
10923,10923,627,1,222.86
10924,10924,605,2,255.63
10925,10925,566,2,65.14
10926,10926,555,1,42.12
10927,10927,348,1,208.18
10928,10928,35,1,1264.03
10929,10929,434,3,410.25
10930,10930,237,1,54.46
10931,10931,256,4,161.82
10932,10932,47,1,4980.55
10933,10933,701,1,614.32
10934,10934,439,2,893.3
10935,10935,276,5,141.09
10936,10936,743,1,545.9
10937,10937,249,3,180.95
10938,10938,204,1,34.18
10939,10939,55,2,762.28
10940,10940,136,1,4582.03
10941,10941,422,2,111.41
10942,10942,237,1,54.46
10943,10943,360,1,505.98
10944,10944,75,2,3103.91
10945,10945,255,1,238.71
10946,10946,401,4,774.95
10947,10947,233,4,166.88
10948,10948,366,1,329.73
10949,10949,232,3,23.94
10950,10950,15,2,3740.12
10951,10951,694,1,738.42
10952,10952,365,1,362.99
10953,10953,409,1,329.97
10954,10954,658,1,324.63
10955,10955,117,1,2956.13
10956,10956,46,1,1594.55
10957,10957,441,2,249.15
10958,10958,169,2,966.85
10959,10959,401,2,774.95
10960,10960,468,1,763.35
10961,10961,110,4,1076.35
10962,10962,77,1,2287.96
10963,10963,520,2,154.62
10964,10964,712,1,571.29
10965,10965,734,2,86.88
10966,10966,518,3,37.43
10967,10967,690,1,138.9
10968,10968,400,2,305.66
10969,10969,303,2,129.01
10970,10970,49,1,3523.62
10971,10971,35,1,1264.03
10972,10972,278,2,65.28
10973,10973,419,1,175.87
10974,10974,492,3,157.87
10975,10975,237,1,54.46
10976,10976,307,2,245.13
10977,10977,579,1,271.64
10978,10978,231,3,101.74
10979,10979,745,1,234.2
10980,10980,30,5,1160.12
10981,10981,714,4,560.86
10982,10982,583,2,243.95
10983,10983,103,1,3010.04
10984,10984,29,1,338.84
10985,10985,391,1,229.33
10986,10986,396,1,655.1
10987,10987,149,2,3306.49
10988,10988,524,1,140.52
10989,10989,283,2,209.19
10990,10990,670,1,259.97
10991,10991,653,2,162.88
10992,10992,180,1,1535.73
10993,10993,266,2,167.93
10994,10994,476,1,11.53
10995,10995,545,1,183.48
10996,10996,755,1,759.14
10997,10997,118,3,1495.3
10998,10998,662,3,109.41
10999,10999,73,1,3280.42
11000,11000,347,1,775.65
11001,11001,611,1,81.05
11002,11002,646,2,316.95
11003,11003,145,2,2554.17
11004,11004,320,5,66.66
11005,11005,420,2,410.11
11006,11006,703,2,12.69
11007,11007,523,1,51.16
11008,11008,593,1,176.21
11009,11009,233,1,166.88
11010,11010,344,1,805.84
11011,11011,112,1,2784.77
11012,11012,160,2,744.93
11013,11013,482,1,9.41
11014,11014,28,3,3364.99
11015,11015,222,1,55.73
11016,11016,354,1,736.04
11017,11017,393,1,687.59
11018,11018,204,1,34.18
11019,11019,6,2,3654.05
11020,11020,525,1,74.43
11021,11021,552,1,86.71
11022,11022,506,1,188.42
11023,11023,165,1,4996.87
11024,11024,333,2,182.93
11025,11025,48,3,4406.69
11026,11026,302,1,200.36
11027,11027,119,1,246.66
11028,11028,718,4,186.44
11029,11029,686,2,229.67
11030,11030,272,2,104.31
11031,11031,620,1,120.92
11032,11032,461,1,454.62
11033,11033,506,2,188.42
11034,11034,667,1,85.14
11035,11035,268,1,237.38
11036,11036,7,1,3100.22
11037,11037,200,1,31.36
11038,11038,153,1,4827.45
11040,11040,586,1,128.29
11041,11041,119,1,246.66
11042,11042,704,1,344.86
11043,11043,91,2,2451.37
11044,11044,564,1,78.46
11045,11045,290,1,67.25
11046,11046,87,2,2049.83
11047,11047,96,1,2119.38
11048,11048,538,1,82.44
11049,11049,462,1,127.45
11050,11050,506,1,188.42
11051,11051,141,1,2601.82
11052,11052,527,3,36.46
11053,11053,697,2,603.63
11054,11054,414,4,272.92
11055,11055,652,1,341.76
11056,11056,101,2,147.87
11057,11057,153,1,4827.45
11058,11058,648,1,12.54
11059,11059,683,3,473.02
11060,11060,646,1,316.95
11061,11061,658,2,324.63
11062,11062,341,2,59.51
11063,11063,468,1,763.35
11064,11064,277,1,162.31
11065,11065,44,1,2107.73
11066,11066,96,1,2119.38
11067,11067,277,1,162.31
11068,11068,678,1,59.08
11069,11069,523,1,51.16
11070,11070,701,2,614.32
11071,11071,594,2,59.48
11072,11072,163,2,1452.4
11073,11073,557,1,10.64
11074,11074,594,2,59.48
11075,11075,747,1,258.27
11076,11076,117,1,2956.13
11077,11077,329,1,164.88
11078,11078,194,4,111.15
11079,11079,463,3,688.82
11080,11080,613,1,10.14
11081,11081,210,2,190.56
11082,11082,349,2,387.46
11083,11083,464,1,45.44
11084,11084,310,2,54.16
11085,11085,351,1,691.78
11086,11086,549,1,170.94
11087,11087,637,1,228.07
11088,11088,442,1,92.84
11089,11089,32,1,2375.4
11090,11090,380,5,618.79
11091,11091,753,1,503.79
11092,11092,572,1,139.15
11093,11093,362,4,546.59
11094,11094,64,1,3403.99
11095,11095,322,1,46.21
11096,11096,20,1,36.15
11097,11097,190,1,94.68
11098,11098,307,1,245.13
11099,11099,8,3,3869.87
11100,11100,91,3,2451.37
11101,11101,491,3,62.03
11102,11102,554,1,30.09
11103,11103,10,2,3515.06
11104,11104,501,2,11.4
11105,11105,360,3,505.98
11106,11106,324,2,186.75
11107,11107,369,1,525.43
11108,11108,746,2,341.49
11109,11109,247,1,222.07
11110,11110,64,2,3403.99
11111,11111,677,2,233.28
11112,11112,375,1,415.84
11113,11113,532,4,84.1
11114,11114,390,1,344.12
11115,11115,432,1,493.35
11116,11116,403,1,446.99
11117,11117,177,1,2931.1
11118,11118,131,3,2983.31
11119,11119,74,3,4799.95
11120,11120,73,3,3280.42
11121,11121,479,5,148.09
11123,11123,256,4,161.82
11124,11124,325,1,234.0
11125,11125,459,1,764.61
11126,11126,121,1,4828.17
11127,11127,263,3,114.41
11128,11128,251,2,210.05
11129,11129,677,2,233.28
11130,11130,723,2,181.75
11131,11131,479,1,148.09
11132,11132,247,1,222.07
11133,11133,636,1,261.3
11134,11134,588,1,225.54
11135,11135,726,3,758.05
11136,11136,658,1,324.63
11137,11137,480,3,150.12
11138,11138,741,3,652.35
11139,11139,600,1,334.45
11140,11140,75,2,3103.91
11141,11141,305,1,103.09
11142,11142,683,1,473.02
11143,11143,613,1,10.14
11144,11144,588,1,225.54
11145,11145,662,1,109.41
11146,11146,23,2,4594.09
11147,11147,668,1,217.24
11148,11148,24,1,4161.68
11149,11149,505,1,76.84
11151,11151,754,1,264.87
11152,11152,333,1,182.93
11153,11153,342,1,608.75
11154,11154,317,1,91.51
11155,11155,102,1,398.45
11156,11156,688,3,174.08
11157,11157,376,2,500.95
11158,11158,84,1,3195.54
11159,11159,708,1,561.54
11160,11160,558,1,113.56
11161,11161,243,4,114.61
11162,11162,241,1,65.47
11163,11163,635,1,138.08
11164,11164,122,2,388.92
11165,11165,594,2,59.48
11166,11166,469,1,285.26
11167,11167,146,1,2765.29
11168,11168,2,3,1108.81
11169,11169,453,2,727.29
11170,11170,324,1,186.75
11171,11171,299,1,221.54
11172,11172,369,1,525.43
11173,11173,513,1,29.13
11174,11174,668,1,217.24
11175,11175,474,1,170.43
11176,11176,752,1,526.27
11177,11177,403,4,446.99
11178,11178,395,3,708.14
11179,11179,547,1,92.5
11180,11180,14,2,4425.71
11181,11181,189,1,246.97
11182,11182,193,3,80.98
11183,11183,172,1,2706.24
11184,11184,215,2,129.05
11185,11185,240,1,159.18
11186,11186,705,1,793.49
11187,11187,315,1,175.03
11188,11188,365,2,362.99
11189,11189,611,2,81.05
11190,11190,421,4,729.76
11191,11191,486,1,22.67
11192,11192,203,1,93.09
11193,11193,207,1,51.89
11194,11194,189,1,246.97
11195,11195,404,1,359.7
11196,11196,351,1,691.78
11197,11197,75,1,3103.91
11198,11198,324,1,186.75
11199,11199,667,1,85.14
11200,11200,700,2,474.11
11201,11201,750,2,70.48
11202,11202,344,1,805.84
11203,11203,439,2,893.3
11204,11204,567,1,49.45
11205,11205,539,1,172.0
11206,11206,690,1,138.9
11207,11207,292,2,216.47
11208,11208,669,2,113.44
11209,11209,357,1,848.0
11210,11210,457,2,351.78
11211,11211,12,3,3846.19
11212,11212,6,2,3654.05
11213,11213,509,2,37.13
11214,11214,227,1,130.7
11215,11215,580,1,48.76
11216,11216,519,4,180.5
11217,11217,443,1,527.93
11218,11218,289,2,162.63
11219,11219,442,1,92.84
11220,11220,573,2,46.31
11221,11221,542,1,173.49
11222,11222,649,1,229.42
11223,11223,26,1,2386.9
11224,11224,549,2,170.94
11225,11225,46,3,1594.55
11226,11226,272,1,104.31
11227,11227,754,2,264.87
11228,11228,318,1,115.05
11229,11229,484,2,96.02
11230,11230,744,1,264.79
11231,11231,642,1,127.89
11232,11232,633,4,39.45
11233,11233,234,2,83.07
11234,11234,547,3,92.5
11235,11235,275,2,225.47
11236,11236,567,1,49.45
11237,11237,261,2,69.29
11238,11238,489,2,179.55
11239,11239,462,3,127.45
11240,11240,385,1,23.93
11242,11242,251,1,210.05
11243,11243,712,1,571.29
11244,11244,230,2,67.94
11245,11245,214,1,37.03
11246,11246,95,1,2284.39
11247,11247,11,3,1239.15
11248,11248,484,2,96.02
11249,11249,649,4,229.42
11250,11250,238,1,130.85
11251,11251,24,1,4161.68
11252,11252,445,3,198.54
11253,11253,430,1,206.26
11254,11254,266,2,167.93
11255,11255,117,3,2956.13
11256,11256,454,3,612.64
11257,11257,255,3,238.71
11258,11258,262,2,217.51
11259,11259,334,1,36.6
11260,11260,119,1,246.66
11261,11261,592,1,148.9
11262,11262,645,2,168.29
11263,11263,470,1,155.8
11264,11264,184,1,95.76
11265,11265,193,4,80.98
11266,11266,147,2,4322.84
11267,11267,630,2,188.72
11268,11268,290,1,67.25
11269,11269,62,1,2312.3
11270,11270,609,3,216.06
11271,11271,19,1,4426.24
11272,11272,366,1,329.73
11273,11273,404,2,359.7
11274,11274,181,1,2279.14
11275,11275,543,2,65.32
11276,11276,102,3,398.45
11277,11277,408,1,891.71
11278,11278,630,1,188.72
11279,11279,623,1,286.06
11280,11280,154,1,2061.68
11281,11281,197,4,166.43
11282,11282,534,2,95.47
11283,11283,386,1,511.91
11284,11284,690,1,138.9
11285,11285,160,2,744.93
11286,11286,558,3,113.56
11287,11287,375,1,415.84
11288,11288,707,1,620.93
11289,11289,377,2,456.96
11290,11290,563,1,69.5
11291,11291,479,4,148.09
11292,11292,568,1,138.43
11293,11293,349,2,387.46
11294,11294,348,2,208.18
11295,11295,485,1,101.15
11296,11296,204,1,34.18
11297,11297,732,3,435.82
11298,11298,540,5,187.1
11299,11299,297,1,241.93
11300,11300,540,2,187.1
11301,11301,511,1,184.51
11302,11302,393,1,687.59
11303,11303,310,1,54.16
11304,11304,469,2,285.26
11305,11305,119,3,246.66
11306,11306,680,1,235.32
11307,11307,53,4,239.54
11308,11308,590,1,193.35
11309,11309,146,1,2765.29
11310,11310,628,2,49.89
11311,11311,538,1,82.44
11312,11312,593,3,176.21
11313,11313,185,1,37.55
11314,11314,469,1,285.26
11315,11315,177,1,2931.1
11316,11316,389,5,574.36
11317,11317,139,2,2285.02
11318,11318,99,1,1105.45
11319,11319,581,1,5.61
11320,11320,9,1,2277.97
11321,11321,348,1,208.18
11322,11322,26,2,2386.9
11323,11323,353,2,218.55
11324,11324,718,1,186.44
11325,11325,668,1,217.24
11326,11326,675,1,167.34
11327,11327,104,1,1865.43
11328,11328,212,3,172.12
11329,11329,35,1,1264.03
11330,11330,527,1,36.46
11331,11331,733,1,417.93
11332,11332,731,1,733.38
11333,11333,480,1,150.12
11334,11334,436,2,391.06
11335,11335,195,1,43.89
11336,11336,756,2,454.23
11337,11337,226,1,119.73
11338,11338,572,1,139.15
11339,11339,185,1,37.55
11340,11340,586,4,128.29
11341,11341,585,4,185.33
11342,11342,486,2,22.67
11343,11343,155,1,1706.02
11344,11344,541,1,85.54
11345,11345,431,1,670.83
11346,11346,565,1,57.29
11347,11347,345,1,130.52
11348,11348,347,2,775.65
11349,11349,251,1,210.05
11350,11350,1,2,714.89
11351,11351,737,1,783.55
11352,11352,1,1,714.89
11353,11353,14,1,4425.71
11354,11354,24,2,4161.68
11356,11356,489,1,179.55
11357,11357,549,1,170.94
11358,11358,474,1,170.43
11359,11359,445,1,198.54
11360,11360,287,4,226.27
11361,11361,237,2,54.46
11362,11362,426,1,351.49
11363,11363,758,1,15.36
11364,11364,255,1,238.71
11365,11365,115,1,1546.97
11366,11366,304,1,44.03
11367,11367,222,1,55.73
11368,11368,236,1,95.55
11369,11369,664,2,43.65
11370,11370,498,1,124.5
11371,11371,44,1,2107.73
11372,11372,45,1,3586.63
11373,11373,563,2,69.5
11374,11374,682,2,291.05
11375,11375,597,1,95.38
11376,11376,539,1,172.0
11377,11377,65,1,4813.41
11378,11378,156,4,4299.51
11379,11379,94,1,2154.48
11380,11380,428,1,441.29
11381,11381,254,1,66.21
11382,11382,102,1,398.45
11383,11383,461,1,454.62
11384,11384,374,5,690.25
11385,11385,21,1,2548.24
11386,11386,137,1,474.38
11387,11387,499,1,175.95
11388,11388,67,1,1288.51
11389,11389,216,5,119.25
11390,11390,187,1,144.62
11391,11391,660,1,238.33
11392,11392,251,1,210.05
11393,11393,106,1,3674.29
11394,11394,223,2,127.57
11395,11395,382,2,304.82
11396,11396,605,4,255.63
11397,11397,499,2,175.95
11398,11398,374,3,690.25
11399,11399,324,2,186.75
11400,11400,133,1,2998.21
11401,11401,113,1,1123.54
11402,11402,453,1,727.29
11403,11403,128,1,3540.63
11404,11404,158,1,510.24
11405,11405,401,1,774.95
11406,11406,80,2,2333.45
11407,11407,155,1,1706.02
11408,11408,183,1,75.69
11409,11409,230,1,67.94
11410,11410,41,1,2929.19
11411,11411,629,2,198.54
11412,11412,660,1,238.33
11413,11413,83,1,4488.09
11414,11414,352,2,39.87
11415,11415,77,2,2287.96
11416,11416,221,2,195.84
11417,11417,374,3,690.25
11418,11418,315,2,175.03
11419,11419,256,2,161.82
11420,11420,593,5,176.21
11421,11421,213,1,21.25
11422,11422,518,1,37.43
11423,11423,217,1,109.07
11424,11424,679,5,128.13
11425,11425,169,1,966.85
11426,11426,130,1,3245.21
11427,11427,241,1,65.47
11428,11428,407,1,279.51
11429,11429,355,1,887.26
11430,11430,14,1,4425.71
11431,11431,718,2,186.44
11432,11432,655,1,153.82
11433,11433,475,3,50.23
11434,11434,93,1,2679.93
11435,11435,334,1,36.6
11436,11436,176,3,89.3
11437,11437,195,1,43.89
11438,11438,335,2,847.16
11439,11439,448,2,795.1
11440,11440,467,2,752.72
11441,11441,242,2,241.66
11442,11442,152,1,4060.81
11443,11443,199,1,83.62
11444,11444,482,1,9.41
11445,11445,53,2,239.54
11446,11446,394,1,466.06
11447,11447,129,1,3943.37
11448,11448,159,1,4519.04
11449,11449,403,4,446.99
11450,11450,469,2,285.26
11451,11451,35,2,1264.03
11452,11452,195,3,43.89
11453,11453,197,3,166.43
11454,11454,405,1,616.71
11455,11455,56,2,228.3
11456,11456,113,1,1123.54
11457,11457,276,1,141.09
11458,11458,276,1,141.09
11459,11459,53,1,239.54
11460,11460,663,1,298.59
11461,11461,607,3,121.04
11462,11462,78,1,2010.26
11463,11463,641,1,57.17
11464,11464,277,5,162.31
11465,11465,196,2,79.36
11466,11466,85,2,405.86
11467,11467,732,1,435.82
11468,11468,428,1,441.29
11469,11469,283,2,209.19
11470,11470,193,2,80.98
11471,11471,321,1,108.01
11472,11472,398,1,276.77
11473,11473,2,2,1108.81
11474,11474,746,2,341.49
11475,11475,626,2,181.24
11476,11476,315,1,175.03
11477,11477,513,1,29.13
11478,11478,454,1,612.64
11479,11479,284,1,62.55
11480,11480,162,1,2316.52
11481,11481,436,1,391.06
11482,11482,123,1,444.19
11483,11483,590,2,193.35
11484,11484,459,2,764.61
11485,11485,328,1,130.01
11486,11486,579,1,271.64
11487,11487,719,2,329.85
11488,11488,748,2,691.2
11489,11489,254,1,66.21
11490,11490,432,2,493.35
11491,11491,511,1,184.51
11492,11492,365,1,362.99
11493,11493,184,1,95.76
11494,11494,368,1,510.64
11495,11495,531,2,22.73
11496,11496,272,1,104.31
11497,11497,292,4,216.47
11498,11498,406,2,719.93
11499,11499,497,3,20.54
11500,11500,34,1,564.15
11501,11501,746,3,341.49
11502,11502,513,1,29.13
11503,11503,7,1,3100.22
11504,11504,465,1,379.72
11505,11505,44,2,2107.73
11506,11506,226,1,119.73
11507,11507,667,1,85.14
11508,11508,250,1,41.58
11509,11509,641,1,57.17
11510,11510,296,1,249.01
11511,11511,399,1,451.25
11512,11512,554,4,30.09
11513,11513,119,2,246.66
11514,11514,383,4,626.13
11515,11515,537,2,81.58
11516,11516,435,1,732.57
11517,11517,213,1,21.25
11518,11518,702,1,211.43
11519,11519,267,2,116.2
11520,11520,436,1,391.06
11521,11521,644,1,233.5
11522,11522,720,1,414.03
11523,11523,726,1,758.05
11524,11524,454,4,612.64
11525,11525,113,1,1123.54
11526,11526,597,1,95.38
11527,11527,746,4,341.49
11528,11528,593,1,176.21
11529,11529,390,1,344.12
11530,11530,22,2,1010.57
11531,11531,373,1,581.2
11532,11532,482,2,9.41
11533,11533,560,2,130.36
11534,11534,88,2,4526.09
11535,11535,177,2,2931.1
11536,11536,657,1,325.09
11537,11537,135,2,3367.95
11538,11538,726,2,758.05
11539,11539,496,1,186.76
11540,11540,598,1,238.15
11541,11541,411,1,718.64
11543,11543,172,1,2706.24
11544,11544,252,1,37.48
11545,11545,468,1,763.35
11546,11546,357,2,848.0
11547,11547,429,1,642.02
11548,11548,613,3,10.14
11549,11549,165,1,4996.87
11550,11550,388,2,77.65
11551,11551,652,4,341.76
11552,11552,324,2,186.75
11553,11553,79,1,4429.61
11554,11554,477,3,174.42
11555,11555,605,1,255.63
11556,11556,535,1,73.33
11557,11557,329,1,164.88
11558,11558,520,2,154.62
11559,11559,144,1,4210.19
11560,11560,239,2,157.55
11561,11561,290,1,67.25
11562,11562,229,1,204.24
11563,11563,523,1,51.16
11564,11564,361,1,830.77
11565,11565,100,1,3744.66
11566,11566,54,1,3534.21
11567,11567,308,1,166.64
11568,11568,344,1,805.84
11569,11569,257,1,66.34
11570,11570,247,3,222.07
11571,11571,644,1,233.5
11572,11572,406,1,719.93
11573,11573,235,3,99.15
11574,11574,3,1,2733.8
11575,11575,268,1,237.38
11576,11576,487,1,127.54
11577,11577,615,1,121.93
11578,11578,514,1,31.2
11579,11579,581,2,5.61
11580,11580,583,4,243.95
11581,11581,730,1,257.12
11582,11582,324,2,186.75
11583,11583,35,1,1264.03
11584,11584,453,2,727.29
11585,11585,644,3,233.5
11586,11586,317,1,91.51
11587,11587,24,4,4161.68
11588,11588,750,2,70.48
11589,11589,499,1,175.95
11590,11590,51,1,794.12
11591,11591,452,1,889.45
11592,11592,186,1,152.5
11593,11593,20,1,36.15
11594,11594,562,1,117.53
11595,11595,279,1,39.39
11596,11596,715,1,780.68
11598,11598,631,1,22.35
11599,11599,274,1,156.06
11600,11600,654,1,202.93
11601,11601,337,1,684.03
11602,11602,127,1,393.81
11603,11603,524,1,140.52
11604,11604,421,2,729.76
11605,11605,122,2,388.92
11606,11606,242,3,241.66
11607,11607,490,1,91.21
11608,11608,610,1,29.89
11609,11609,385,1,23.93
11610,11610,594,1,59.48
11611,11611,158,1,510.24
11612,11612,375,1,415.84
11613,11613,307,3,245.13
11614,11614,235,2,99.15
11615,11615,726,1,758.05
11616,11616,509,1,37.13
11617,11617,646,1,316.95
11618,11618,382,1,304.82
11619,11619,751,1,27.9
11620,11620,259,3,52.1
11621,11621,321,2,108.01
11622,11622,137,1,474.38
11623,11623,72,1,2748.72
11624,11624,541,1,85.54
11625,11625,102,1,398.45
11626,11626,301,1,141.06
11627,11627,46,1,1594.55
11628,11628,170,2,3238.77
11629,11629,129,1,3943.37
11630,11630,753,1,503.79
11631,11631,638,1,105.78
11632,11632,580,1,48.76
11633,11633,565,1,57.29
11634,11634,177,1,2931.1
11636,11636,87,1,2049.83
11637,11637,666,2,37.97
11638,11638,566,1,65.14
11639,11639,20,4,36.15
11640,11640,307,1,245.13
11641,11641,657,2,325.09
11642,11642,416,2,652.56
11643,11643,234,1,83.07
11644,11644,531,3,22.73
11645,11645,737,3,783.55
11646,11646,602,4,169.46
11647,11647,186,1,152.5
11648,11648,558,2,113.56
11649,11649,412,1,506.6
11650,11650,713,3,527.9
11651,11651,601,3,43.38
11652,11652,254,1,66.21
11653,11653,113,1,1123.54
11654,11654,321,2,108.01
11655,11655,63,1,2004.35
11656,11656,625,1,105.77
11657,11657,740,1,452.77
11658,11658,497,1,20.54
11659,11659,532,2,84.1
11660,11660,751,1,27.9
11661,11661,656,1,217.94
11662,11662,470,1,155.8
11663,11663,430,2,206.26
11664,11664,225,1,115.0
11665,11665,448,1,795.1
11666,11666,607,1,121.04
11667,11667,304,3,44.03
11668,11668,56,2,228.3
11669,11669,226,1,119.73
11670,11670,500,3,83.92
11671,11671,249,2,180.95
11672,11672,137,1,474.38
11673,11673,553,1,156.88
11674,11674,275,1,225.47
11675,11675,297,1,241.93
11676,11676,560,1,130.36
11677,11677,554,1,30.09
11678,11678,670,3,259.97
11679,11679,164,2,1509.78
11680,11680,409,2,329.97
11681,11681,680,1,235.32
11682,11682,340,1,403.23
11683,11683,263,2,114.41
11684,11684,480,1,150.12
11685,11685,36,1,4845.59
11687,11687,380,1,618.79
11688,11688,140,2,2582.68
11689,11689,362,1,546.59
11690,11690,24,1,4161.68
11691,11691,75,1,3103.91
11692,11692,557,2,10.64
11693,11693,39,2,4977.19
11694,11694,341,5,59.51
11695,11695,509,4,37.13
11696,11696,202,2,189.56
11697,11697,618,1,174.37
11698,11698,701,2,614.32
11699,11699,3,2,2733.8
11700,11700,373,1,581.2
11701,11701,267,5,116.2
11702,11702,578,1,222.33
11703,11703,385,2,23.93
11704,11704,252,1,37.48
11705,11705,556,1,55.68
11706,11706,160,4,744.93
11707,11707,9,1,2277.97
11708,11708,2,1,1108.81
11709,11709,737,1,783.55
11710,11710,681,3,20.06
11711,11711,568,1,138.43
11712,11712,163,1,1452.4
11713,11713,314,3,67.65
11714,11714,717,1,582.82
11715,11715,352,2,39.87
11716,11716,547,1,92.5
11717,11717,359,1,773.2
11718,11718,81,4,3344.53
11719,11719,29,2,338.84
11720,11720,679,2,128.13
11721,11721,262,1,217.51
11722,11722,199,2,83.62
11723,11723,341,1,59.51
11724,11724,204,1,34.18
11725,11725,738,2,686.04
11726,11726,574,1,90.79
11727,11727,592,1,148.9
11728,11728,234,1,83.07
11729,11729,624,1,342.9
11730,11730,46,2,1594.55
11731,11731,468,2,763.35
11732,11732,524,3,140.52
11733,11733,635,1,138.08
11734,11734,594,1,59.48
11735,11735,102,1,398.45
11736,11736,351,1,691.78
11737,11737,471,1,149.5
11738,11738,154,1,2061.68
11739,11739,726,1,758.05
11740,11740,632,1,54.65
11741,11741,212,3,172.12
11742,11742,315,1,175.03
11743,11743,159,3,4519.04
11744,11744,391,1,229.33
11745,11745,317,2,91.51
11746,11746,677,1,233.28
11747,11747,199,1,83.62
11748,11748,440,2,747.34
11749,11749,110,2,1076.35
11750,11750,383,1,626.13
11751,11751,547,2,92.5
11752,11752,560,4,130.36
11753,11753,543,1,65.32
11754,11754,473,2,15.25
11755,11755,523,3,51.16
11756,11756,729,1,493.75
11757,11757,411,2,718.64
11758,11758,329,4,164.88
11759,11759,590,1,193.35
11760,11760,349,1,387.46
11761,11761,584,3,61.78
11762,11762,285,1,161.67
11763,11763,208,1,136.37
11764,11764,185,1,37.55
11765,11765,364,4,114.4
11766,11766,587,2,49.39
11767,11767,146,1,2765.29
11768,11768,125,3,2155.56
11769,11769,235,1,99.15
11770,11770,349,2,387.46
11771,11771,50,5,3323.67
11772,11772,752,1,526.27
11773,11773,525,1,74.43
11774,11774,58,1,3110.88
11775,11775,57,1,1262.65
11776,11776,153,2,4827.45
11777,11777,534,3,95.47
11778,11778,533,1,123.06
11779,11779,641,1,57.17
11780,11780,409,1,329.97
11781,11781,566,5,65.14
11782,11782,636,1,261.3
11783,11783,695,1,20.12
11784,11784,2,1,1108.81
11785,11785,728,2,289.32
11786,11786,585,1,185.33
11787,11787,158,1,510.24
11788,11788,624,2,342.9
11789,11789,94,1,2154.48
11790,11790,331,2,28.98
11791,11791,136,1,4582.03
11792,11792,53,3,239.54
11793,11793,404,2,359.7
11794,11794,320,1,66.66
11795,11795,147,1,4322.84
11796,11796,118,3,1495.3
11797,11797,408,2,891.71
11798,11798,648,1,12.54
11799,11799,380,1,618.79
11800,11800,281,1,116.88
11801,11801,453,1,727.29
11802,11802,212,1,172.12
11803,11803,630,1,188.72
11804,11804,627,1,222.86
11805,11805,580,1,48.76
11806,11806,614,1,337.25
11807,11807,64,4,3403.99
11808,11808,592,1,148.9
11809,11809,195,1,43.89
11810,11810,132,1,1534.36
11811,11811,276,1,141.09
11812,11812,279,1,39.39
11813,11813,427,1,134.85
11814,11814,320,1,66.66
11815,11815,93,1,2679.93
11816,11816,17,3,816.7
11817,11817,75,2,3103.91
11818,11818,291,2,46.25
11819,11819,167,1,3435.27
11820,11820,717,1,582.82
11821,11821,148,1,1350.51
11822,11822,8,1,3869.87
11823,11823,424,2,274.72
11824,11824,392,1,147.3
11825,11825,54,1,3534.21
11826,11826,533,1,123.06
11827,11827,69,3,3327.89
11828,11828,450,1,632.49
11829,11829,120,1,530.88
11830,11830,529,1,125.91
11831,11831,610,1,29.89
11832,11832,59,1,4057.63
11833,11833,661,5,52.91
11834,11834,94,1,2154.48
11835,11835,153,1,4827.45
11836,11836,322,1,46.21
11837,11837,616,1,211.57
11838,11838,659,4,51.18
11839,11839,752,1,526.27
11840,11840,209,1,86.49
11841,11841,382,3,304.82
11842,11842,468,2,763.35
11843,11843,474,1,170.43
11844,11844,549,1,170.94
11845,11845,533,1,123.06
11846,11846,11,1,1239.15
11847,11847,145,1,2554.17
11848,11848,233,2,166.88
11849,11849,399,1,451.25
11850,11850,510,1,180.29
11851,11851,749,2,25.31
11852,11852,314,4,67.65
11853,11853,41,1,2929.19
11854,11854,244,2,47.21
11855,11855,724,2,14.7
11856,11856,370,3,751.68
11857,11857,491,1,62.03
11858,11858,445,2,198.54
11859,11859,42,2,418.95
11860,11860,440,2,747.34
11861,11861,109,1,3059.44
11862,11862,35,1,1264.03
11863,11863,601,3,43.38
11864,11864,659,1,51.18
11865,11865,576,2,32.88
11866,11866,115,3,1546.97
11867,11867,203,2,93.09
11868,11868,530,2,40.14
11869,11869,685,2,12.22
11870,11870,559,1,57.73
11871,11871,220,1,61.61
11872,11872,611,2,81.05
11873,11873,505,1,76.84
11874,11874,561,1,131.2
11875,11875,147,1,4322.84
11876,11876,702,3,211.43
11877,11877,115,1,1546.97
11878,11878,100,5,3744.66
11879,11879,671,3,170.05
11880,11880,172,1,2706.24
11881,11881,473,1,15.25
11882,11882,685,1,12.22
11883,11883,427,2,134.85
11884,11884,665,3,348.02
11885,11885,23,1,4594.09
11886,11886,490,1,91.21
11887,11887,576,2,32.88
11888,11888,345,1,130.52
11889,11889,524,3,140.52
11890,11890,634,2,86.2
11891,11891,534,2,95.47
11892,11892,463,1,688.82
11893,11893,446,1,768.65
11894,11894,707,2,620.93
11895,11895,508,1,111.49
11896,11896,297,2,241.93
11897,11897,471,3,149.5
11898,11898,699,2,41.44
11899,11899,721,1,453.58
11900,11900,446,2,768.65
11901,11901,83,1,4488.09
11902,11902,467,1,752.72
11903,11903,338,1,710.75
11904,11904,503,2,152.47
11905,11905,523,1,51.16
11906,11906,192,1,132.19
11907,11907,204,1,34.18
11908,11908,335,3,847.16
11909,11909,729,2,493.75
11910,11910,409,3,329.97
11911,11911,332,1,9.64
11912,11912,610,1,29.89
11913,11913,119,1,246.66
11914,11914,105,1,545.57
11915,11915,186,2,152.5
11916,11916,440,1,747.34
11917,11917,61,1,558.31
11918,11918,455,1,322.55
11919,11919,716,1,471.75
11920,11920,287,4,226.27
11921,11921,473,2,15.25
11922,11922,705,3,793.49
11923,11923,666,1,37.97
11924,11924,39,1,4977.19
11925,11925,215,2,129.05
11926,11926,575,1,27.16
11927,11927,289,2,162.63
11928,11928,672,3,213.88
11929,11929,504,2,71.43
11930,11930,93,2,2679.93
11931,11931,197,1,166.43
11932,11932,638,3,105.78
11933,11933,229,1,204.24
11934,11934,412,2,506.6
11935,11935,674,1,270.13
11936,11936,756,1,454.23
11937,11937,561,1,131.2
11938,11938,73,2,3280.42
11939,11939,707,2,620.93
11940,11940,702,1,211.43
11941,11941,37,1,1084.45
11942,11942,481,1,189.58
11943,11943,66,2,1582.1
11944,11944,48,1,4406.69
11945,11945,4,2,3496.72
11946,11946,273,1,101.64
11947,11947,673,1,30.45
11948,11948,31,2,2437.35
11949,11949,421,1,729.76
11950,11950,488,1,77.69
11951,11951,205,4,203.34
11952,11952,28,3,3364.99
11953,11953,263,1,114.41
11954,11954,230,1,67.94
11955,11955,690,4,138.9
11956,11956,123,1,444.19
11957,11957,325,2,234.0
11959,11959,9,2,2277.97
11960,11960,703,3,12.69
11961,11961,448,3,795.1
11962,11962,224,4,163.59
11963,11963,2,1,1108.81
11964,11964,555,1,42.12
11965,11965,397,1,249.33
11966,11966,285,1,161.67
11967,11967,405,2,616.71
11968,11968,610,1,29.89
11969,11969,45,1,3586.63
11970,11970,575,1,27.16
11971,11971,48,1,4406.69
11972,11972,519,4,180.5
11973,11973,662,2,109.41
11974,11974,748,1,691.2
11975,11975,631,2,22.35
11976,11976,194,1,111.15
11977,11977,374,1,690.25
11978,11978,111,1,1395.81
11979,11979,505,4,76.84
11980,11980,278,4,65.28
11981,11981,451,1,79.36
11982,11982,185,1,37.55
11983,11983,733,1,417.93
11984,11984,504,2,71.43
11985,11985,257,1,66.34
11986,11986,329,2,164.88
11987,11987,206,2,175.81
11988,11988,599,1,7.34
11989,11989,344,4,805.84
11990,11990,709,1,493.91
11991,11991,418,1,304.57
11992,11992,6,3,3654.05
11993,11993,404,1,359.7
11994,11994,517,1,184.21
11995,11995,489,1,179.55
11996,11996,594,1,59.48
11997,11997,664,2,43.65
11998,11998,564,1,78.46
11999,11999,667,5,85.14
12000,12000,624,2,342.9
12001,12001,170,2,3238.77
12002,12002,215,3,129.05
12003,12003,65,1,4813.41
12004,12004,729,1,493.75
12005,12005,31,1,2437.35
12006,12006,187,2,144.62
12008,12008,296,3,249.01
12009,12009,463,3,688.82
12010,12010,356,2,536.57
12011,12011,442,1,92.84
12012,12012,103,2,3010.04
12013,12013,582,2,265.86
12014,12014,350,2,177.74
12015,12015,605,1,255.63
12016,12016,259,2,52.1
12017,12017,231,1,101.74
12018,12018,359,1,773.2
12019,12019,750,1,70.48
12020,12020,130,1,3245.21
12021,12021,4,1,3496.72
12022,12022,202,2,189.56
12023,12023,626,1,181.24
12024,12024,656,5,217.94
12025,12025,269,1,172.41
12026,12026,179,2,4122.79
12027,12027,453,1,727.29
12028,12028,600,1,334.45
12029,12029,111,1,1395.81
12030,12030,451,2,79.36
12031,12031,137,1,474.38
12032,12032,607,2,121.04
12033,12033,220,1,61.61
12034,12034,218,1,119.33
12035,12035,549,1,170.94
12036,12036,333,2,182.93
12037,12037,704,1,344.86
12038,12038,535,2,73.33
12039,12039,555,1,42.12
12040,12040,494,2,53.12
12041,12041,251,3,210.05
12042,12042,718,1,186.44
12043,12043,745,1,234.2
12044,12044,417,1,586.68
12045,12045,312,1,143.72
12046,12046,520,1,154.62
12047,12047,317,1,91.51
12048,12048,586,1,128.29
12049,12049,385,1,23.93
12050,12050,121,4,4828.17
12051,12051,684,2,416.47
12052,12052,179,3,4122.79
12053,12053,268,1,237.38
12054,12054,141,1,2601.82
12055,12055,166,4,1493.43
12056,12056,311,1,129.43
12057,12057,118,2,1495.3
12058,12058,286,1,163.11
12059,12059,3,1,2733.8
12060,12060,616,2,211.57
12061,12061,122,1,388.92
12062,12062,679,2,128.13
12063,12063,550,2,133.78
12064,12064,35,1,1264.03
12065,12065,713,1,527.9
12066,12066,162,1,2316.52
12067,12067,603,2,296.14
12068,12068,420,3,410.11
12069,12069,281,4,116.88
12070,12070,447,3,402.73
12071,12071,360,2,505.98
12072,12072,310,5,54.16
12073,12073,315,1,175.03
12074,12074,135,3,3367.95
12075,12075,194,1,111.15
12076,12076,267,3,116.2
12077,12077,262,2,217.51
12078,12078,263,5,114.41
12079,12079,510,1,180.29
12080,12080,427,1,134.85
12081,12081,483,1,162.06
12082,12082,758,1,15.36
12083,12083,644,1,233.5
12084,12084,315,1,175.03
12085,12085,135,1,3367.95
12086,12086,423,2,532.42
12087,12087,300,1,146.0
12088,12088,536,1,54.67
12089,12089,747,4,258.27
12090,12090,174,2,593.54
12091,12091,533,1,123.06
12092,12092,266,1,167.93
12093,12093,154,1,2061.68
12094,12094,337,1,684.03
12095,12095,292,2,216.47
12096,12096,348,1,208.18
12097,12097,438,1,519.72
12098,12098,381,1,433.63
12099,12099,525,2,74.43
12100,12100,243,3,114.61
12101,12101,557,1,10.64
12102,12102,658,1,324.63
12103,12103,294,1,20.24
12104,12104,656,2,217.94
12105,12105,105,2,545.57
12106,12106,265,5,153.78
12107,12107,608,1,170.74
12108,12108,224,1,163.59
12109,12109,359,2,773.2
12110,12110,285,2,161.67
12111,12111,595,1,317.77
12112,12112,690,1,138.9
12113,12113,81,3,3344.53
12114,12114,434,2,410.25
12115,12115,116,1,4755.36
12116,12116,678,1,59.08
12117,12117,106,1,3674.29
12118,12118,427,5,134.85
12119,12119,483,5,162.06
12120,12120,37,1,1084.45
12121,12121,200,1,31.36
12122,12122,620,1,120.92
12123,12123,321,1,108.01
12124,12124,484,2,96.02
12125,12125,649,2,229.42
12126,12126,6,2,3654.05
12127,12127,376,1,500.95
12128,12128,202,2,189.56
12129,12129,34,1,564.15
12130,12130,526,4,161.46
12131,12131,180,1,1535.73
12132,12132,321,3,108.01
12133,12133,750,1,70.48
12134,12134,59,1,4057.63
12135,12135,628,1,49.89
12136,12136,601,1,43.38
12137,12137,400,1,305.66
12138,12138,526,1,161.46
12139,12139,597,1,95.38
12140,12140,745,1,234.2
12141,12141,201,1,143.89
12142,12142,715,1,780.68
12143,12143,483,1,162.06
12144,12144,81,4,3344.53
12145,12145,755,2,759.14
12146,12146,242,5,241.66
12147,12147,229,1,204.24
12148,12148,41,3,2929.19
12149,12149,654,1,202.93
12150,12150,239,1,157.55
12151,12151,315,2,175.03
12152,12152,327,4,232.68
12154,12154,151,2,1209.24
12155,12155,175,2,4900.1
12156,12156,554,1,30.09
12157,12157,304,1,44.03
12158,12158,406,4,719.93
12159,12159,757,2,187.1
12160,12160,379,1,342.01
12161,12161,213,1,21.25
12162,12162,268,1,237.38
12163,12163,134,1,4810.31
12164,12164,339,3,747.6
12165,12165,418,3,304.57
12166,12166,86,1,709.09
12167,12167,473,1,15.25
12168,12168,400,2,305.66
12169,12169,562,1,117.53
12170,12170,88,1,4526.09
12171,12171,79,1,4429.61
12172,12172,713,1,527.9
12173,12173,476,1,11.53
12174,12174,142,1,2755.1
12175,12175,19,1,4426.24
12176,12176,262,1,217.51
12177,12177,367,1,652.94
12178,12178,33,2,2067.28
12179,12179,664,1,43.65
12180,12180,694,1,738.42
12181,12181,594,4,59.48
12182,12182,57,2,1262.65
12183,12183,270,3,164.12
12184,12184,716,1,471.75
12185,12185,352,1,39.87
12186,12186,715,1,780.68
12187,12187,326,2,219.08
12188,12188,120,1,530.88
12189,12189,642,2,127.89
12190,12190,231,1,101.74
12191,12191,138,1,1662.41
12192,12192,286,2,163.11
12193,12193,447,4,402.73
12194,12194,331,1,28.98
12195,12195,289,1,162.63
12196,12196,552,1,86.71
12197,12197,295,2,46.64
12198,12198,419,1,175.87
12199,12199,507,1,126.51
12200,12200,650,3,190.13
12201,12201,564,4,78.46
12202,12202,250,3,41.58
12203,12203,595,2,317.77
12204,12204,568,2,138.43
12205,12205,300,2,146.0
12206,12206,605,1,255.63
12208,12208,364,1,114.4
12209,12209,247,1,222.07
12210,12210,165,1,4996.87
12211,12211,695,5,20.12
12212,12212,553,3,156.88
12213,12213,325,1,234.0
12214,12214,149,1,3306.49
12215,12215,289,2,162.63
12216,12216,78,2,2010.26
12217,12217,340,5,403.23
12218,12218,278,1,65.28
12219,12219,216,3,119.25
12220,12220,128,2,3540.63
12221,12221,32,1,2375.4
12222,12222,300,1,146.0
12223,12223,743,1,545.9
12224,12224,365,2,362.99
12225,12225,372,3,160.64
12226,12226,459,2,764.61
12227,12227,256,1,161.82
12228,12228,517,1,184.21
12229,12229,398,1,276.77
12230,12230,253,2,11.97
12231,12231,732,1,435.82
12232,12232,320,1,66.66
12233,12233,529,2,125.91
12234,12234,717,1,582.82
12235,12235,615,1,121.93
12236,12236,488,1,77.69
12237,12237,753,1,503.79
12238,12238,687,3,531.25
12239,12239,661,1,52.91
12240,12240,106,2,3674.29
12241,12241,419,2,175.87
12242,12242,41,3,2929.19
12243,12243,256,2,161.82
12244,12244,43,1,617.03
12245,12245,98,3,1012.81
12246,12246,698,2,7.94
12247,12247,561,2,131.2
12248,12248,685,1,12.22
12249,12249,487,1,127.54
12250,12250,754,1,264.87
12251,12251,484,1,96.02
12252,12252,757,1,187.1
12253,12253,473,1,15.25
12254,12254,657,1,325.09
12255,12255,22,3,1010.57
12256,12256,207,2,51.89
12257,12257,478,2,153.79
12258,12258,435,2,732.57
12259,12259,169,2,966.85
12260,12260,100,3,3744.66
12261,12261,21,1,2548.24
12262,12262,216,2,119.25
12263,12263,297,1,241.93
12264,12264,734,2,86.88
12265,12265,324,1,186.75
12266,12266,396,3,655.1
12267,12267,30,1,1160.12
12268,12268,109,1,3059.44
12269,12269,600,2,334.45
12270,12270,682,1,291.05
12271,12271,347,1,775.65
12272,12272,53,5,239.54
12273,12273,562,1,117.53
12274,12274,509,3,37.13
12275,12275,83,3,4488.09
12276,12276,318,3,115.05
12277,12277,440,1,747.34
12278,12278,225,2,115.0
12280,12280,160,1,744.93
12281,12281,668,2,217.24
12282,12282,226,1,119.73
12283,12283,313,1,228.72
12284,12284,25,2,446.54
12285,12285,85,2,405.86
12286,12286,205,2,203.34
12287,12287,95,1,2284.39
12288,12288,590,1,193.35
12289,12289,93,1,2679.93
12290,12290,203,2,93.09
12291,12291,740,1,452.77
12292,12292,578,2,222.33
12293,12293,579,2,271.64
12294,12294,502,3,93.61
12295,12295,446,2,768.65
12296,12296,206,1,175.81
12297,12297,687,3,531.25
12298,12298,624,1,342.9
12299,12299,592,1,148.9
12300,12300,669,1,113.44
12301,12301,665,1,348.02
12302,12302,147,2,4322.84
12303,12303,270,4,164.12
12304,12304,407,3,279.51
12305,12305,190,2,94.68
12306,12306,402,1,188.75
12307,12307,297,1,241.93
12308,12308,558,3,113.56
12309,12309,467,1,752.72
12310,12310,510,2,180.29
12311,12311,288,1,237.54
12312,12312,167,1,3435.27
12313,12313,140,3,2582.68
12314,12314,419,1,175.87
12315,12315,291,1,46.25
12316,12316,545,1,183.48
12317,12317,92,2,3994.74
12318,12318,134,1,4810.31
12319,12319,377,3,456.96
12320,12320,352,2,39.87
12321,12321,30,1,1160.12
12322,12322,231,1,101.74
12323,12323,644,2,233.5
12324,12324,393,3,687.59
12325,12325,395,3,708.14
12326,12326,163,1,1452.4
12327,12327,470,1,155.8
12328,12328,288,3,237.54
12329,12329,614,1,337.25
12330,12330,509,1,37.13
12331,12331,397,1,249.33
12332,12332,630,1,188.72
12333,12333,218,2,119.33
12334,12334,81,1,3344.53
12335,12335,16,1,708.88
12336,12336,58,1,3110.88
12337,12337,79,3,4429.61
12338,12338,319,3,233.78
12339,12339,593,2,176.21
12340,12340,356,1,536.57
12341,12341,583,5,243.95
12342,12342,607,1,121.04
12343,12343,28,1,3364.99
12344,12344,594,1,59.48
12346,12346,237,2,54.46
12347,12347,4,2,3496.72
12348,12348,438,2,519.72
12349,12349,4,2,3496.72
12350,12350,659,1,51.18
12351,12351,209,3,86.49
12352,12352,713,3,527.9
12353,12353,418,1,304.57
12354,12354,136,1,4582.03
12355,12355,52,5,1334.63
12356,12356,58,2,3110.88
12357,12357,263,2,114.41
12358,12358,297,1,241.93
12359,12359,256,2,161.82
12360,12360,477,2,174.42
12361,12361,186,1,152.5
12362,12362,215,2,129.05
12363,12363,204,2,34.18
12364,12364,172,2,2706.24
12365,12365,1,3,714.89
12366,12366,221,2,195.84
12367,12367,506,3,188.42
12368,12368,365,2,362.99
12369,12369,652,1,341.76
12370,12370,246,2,74.01
12371,12371,408,2,891.71
12372,12372,530,4,40.14
12373,12373,474,1,170.43
12374,12374,184,1,95.76
12375,12375,337,3,684.03
12376,12376,11,4,1239.15
12377,12377,248,1,101.44
12378,12378,184,1,95.76
12379,12379,252,3,37.48
12380,12380,65,1,4813.41
12381,12381,734,1,86.88
12382,12382,403,1,446.99
12383,12383,216,1,119.25
12384,12384,346,1,409.19
12385,12385,498,1,124.5
12386,12386,584,1,61.78
12387,12387,534,1,95.47
12388,12388,693,1,120.16
12389,12389,78,1,2010.26
12390,12390,705,2,793.49
12391,12391,236,1,95.55
12392,12392,728,1,289.32
12393,12393,151,3,1209.24
12394,12394,205,2,203.34
12395,12395,273,1,101.64
12396,12396,669,2,113.44
12397,12397,622,1,153.74
12398,12398,645,1,168.29
12399,12399,3,2,2733.8
12400,12400,721,2,453.58
12401,12401,159,1,4519.04
12402,12402,619,1,45.77
12403,12403,117,3,2956.13
12404,12404,698,1,7.94
12405,12405,682,1,291.05
12406,12406,448,1,795.1
12407,12407,262,2,217.51
12408,12408,500,2,83.92
12409,12409,750,1,70.48
12410,12410,699,2,41.44
12411,12411,711,2,70.46
12413,12413,496,3,186.76
12414,12414,597,2,95.38
12415,12415,164,1,1509.78
12416,12416,594,1,59.48
12417,12417,147,1,4322.84
12418,12418,353,2,218.55
12419,12419,408,1,891.71
12420,12420,752,1,526.27
12421,12421,105,3,545.57
12422,12422,433,1,204.49
12423,12423,439,4,893.3
12424,12424,237,1,54.46
12425,12425,640,1,206.05
12426,12426,149,2,3306.49
12427,12427,688,3,174.08
12428,12428,136,1,4582.03
12429,12429,263,3,114.41
12430,12430,491,2,62.03
12431,12431,494,1,53.12
12432,12432,204,2,34.18
12433,12433,95,3,2284.39
12434,12434,577,1,345.37
12435,12435,742,2,293.23
12436,12436,316,4,182.63
12437,12437,738,4,686.04
12438,12438,575,2,27.16
12439,12439,293,3,33.69
12440,12440,291,2,46.25
12441,12441,112,3,2784.77
12442,12442,689,2,476.72
12443,12443,145,1,2554.17
12444,12444,628,2,49.89
12445,12445,620,5,120.92
12446,12446,663,1,298.59
12447,12447,685,4,12.22
12448,12448,699,2,41.44
12449,12449,319,1,233.78
12450,12450,324,2,186.75
12451,12451,539,1,172.0
12452,12452,444,2,601.08
12453,12453,169,1,966.85
12454,12454,539,2,172.0
12455,12455,756,2,454.23
12456,12456,95,3,2284.39
12457,12457,31,1,2437.35
12458,12458,379,1,342.01
12459,12459,292,5,216.47
12460,12460,209,1,86.49
12461,12461,233,4,166.88
12462,12462,477,1,174.42
12463,12463,656,1,217.94
12464,12464,609,2,216.06
12465,12465,127,1,393.81
12466,12466,242,3,241.66
12467,12467,431,2,670.83
12468,12468,519,3,180.5
12469,12469,611,2,81.05
12470,12470,307,1,245.13
12471,12471,84,1,3195.54
12472,12472,249,2,180.95
12473,12473,494,1,53.12
12474,12474,444,2,601.08
12475,12475,618,1,174.37
12476,12476,314,1,67.65
12477,12477,155,2,1706.02
12478,12478,577,1,345.37
12479,12479,717,1,582.82
12480,12480,270,1,164.12
12481,12481,510,2,180.29
12482,12482,641,1,57.17
12483,12483,634,2,86.2
12484,12484,610,5,29.89
12485,12485,325,1,234.0
12486,12486,404,1,359.7
12487,12487,304,1,44.03
12488,12488,81,1,3344.53
12489,12489,539,3,172.0
12490,12490,420,1,410.11
12491,12491,664,2,43.65
12492,12492,614,1,337.25
12493,12493,721,1,453.58
12494,12494,296,3,249.01
12495,12495,563,2,69.5
12496,12496,596,1,29.96
12497,12497,622,1,153.74
12498,12498,729,3,493.75
12499,12499,45,2,3586.63
12500,12500,235,1,99.15
12501,12501,21,2,2548.24
12502,12502,456,2,403.71
12503,12503,722,1,690.57
12504,12504,214,1,37.03
12505,12505,38,3,1340.7
12506,12506,585,2,185.33
12507,12507,151,1,1209.24
12508,12508,657,4,325.09
12509,12509,310,1,54.16
12510,12510,312,3,143.72
12511,12511,472,1,101.9
12512,12512,188,1,64.38
12513,12513,657,2,325.09
12514,12514,287,1,226.27
12515,12515,2,1,1108.81
12516,12516,545,1,183.48
12517,12517,137,1,474.38
12518,12518,497,1,20.54
12519,12519,73,1,3280.42
12520,12520,140,1,2582.68
12521,12521,86,4,709.09
12522,12522,501,1,11.4
12523,12523,599,1,7.34
12524,12524,279,2,39.39
12525,12525,603,3,296.14
12526,12526,440,1,747.34
12527,12527,303,3,129.01
12528,12528,744,3,264.79
12529,12529,722,1,690.57
12530,12530,477,1,174.42
12531,12531,440,2,747.34
12532,12532,583,1,243.95
12533,12533,87,3,2049.83
12534,12534,360,2,505.98
12535,12535,251,1,210.05
12536,12536,666,1,37.97
12537,12537,435,2,732.57
12538,12538,359,1,773.2
12539,12539,243,2,114.61
12540,12540,738,1,686.04
12541,12541,666,1,37.97
12542,12542,8,2,3869.87
12543,12543,58,1,3110.88
12544,12544,593,1,176.21
12545,12545,202,3,189.56
12546,12546,614,3,337.25
12547,12547,724,1,14.7
12548,12548,22,1,1010.57
12549,12549,232,1,23.94
12550,12550,557,1,10.64
12551,12551,451,1,79.36
12552,12552,249,4,180.95
12553,12553,159,5,4519.04
12554,12554,399,2,451.25
12555,12555,154,2,2061.68
12556,12556,336,2,414.92
12557,12557,580,2,48.76
12558,12558,25,3,446.54
12559,12559,689,1,476.72
12560,12560,618,1,174.37
12561,12561,239,2,157.55
12562,12562,36,2,4845.59
12563,12563,562,2,117.53
12564,12564,614,3,337.25
12565,12565,570,5,131.96
12566,12566,92,2,3994.74
12567,12567,536,2,54.67
12568,12568,232,1,23.94
12569,12569,475,2,50.23
12570,12570,558,1,113.56
12571,12571,222,1,55.73
12572,12572,394,2,466.06
12573,12573,408,1,891.71
12574,12574,380,1,618.79
12575,12575,41,1,2929.19
12576,12576,59,2,4057.63
12577,12577,370,1,751.68
12578,12578,46,1,1594.55
12579,12579,428,1,441.29
12580,12580,644,1,233.5
12581,12581,47,1,4980.55
12582,12582,46,1,1594.55
12583,12583,610,5,29.89
12584,12584,756,1,454.23
12585,12585,179,1,4122.79
12586,12586,125,2,2155.56
12587,12587,389,2,574.36
12588,12588,165,1,4996.87
12589,12589,637,1,228.07
12590,12590,450,1,632.49
12591,12591,124,1,1143.91
12592,12592,364,2,114.4
12593,12593,1,2,714.89
12594,12594,678,5,59.08
12595,12595,669,1,113.44
12596,12596,440,1,747.34
12597,12597,434,1,410.25
12598,12598,584,1,61.78
12599,12599,750,2,70.48
12600,12600,173,1,1299.7
12601,12601,256,1,161.82
12602,12602,578,1,222.33
12603,12603,73,5,3280.42
12604,12604,117,1,2956.13
12605,12605,627,1,222.86
12606,12606,313,2,228.72
12607,12607,110,1,1076.35
12608,12608,613,1,10.14
12609,12609,272,5,104.31
12610,12610,291,3,46.25
12611,12611,610,1,29.89
12612,12612,116,1,4755.36
12613,12613,110,1,1076.35
12614,12614,641,5,57.17
12615,12615,294,1,20.24
12616,12616,122,1,388.92
12617,12617,506,3,188.42
12618,12618,575,5,27.16
12619,12619,712,2,571.29
12620,12620,342,1,608.75
12621,12621,750,2,70.48
12622,12622,286,2,163.11
12623,12623,745,1,234.2
12624,12624,433,2,204.49
12625,12625,220,3,61.61
12626,12626,79,2,4429.61
12627,12627,513,3,29.13
12628,12628,235,1,99.15
12629,12629,384,3,259.52
12630,12630,326,2,219.08
12631,12631,299,1,221.54
12632,12632,124,5,1143.91
12633,12633,302,1,200.36
12635,12635,34,1,564.15
12636,12636,321,1,108.01
12637,12637,266,1,167.93
12638,12638,337,1,684.03
12639,12639,746,1,341.49
12640,12640,363,1,306.33
12641,12641,114,2,1731.9
12642,12642,743,1,545.9
12643,12643,758,1,15.36
12644,12644,504,2,71.43
12645,12645,26,1,2386.9
12646,12646,187,1,144.62
12647,12647,632,1,54.65
12648,12648,441,1,249.15
12649,12649,92,2,3994.74
12650,12650,207,1,51.89
12651,12651,26,1,2386.9
12652,12652,565,1,57.29
12653,12653,195,3,43.89
12654,12654,66,5,1582.1
12655,12655,519,3,180.5
12656,12656,53,3,239.54
12657,12657,705,3,793.49
12658,12658,13,1,349.61
12659,12659,277,2,162.31
12660,12660,614,2,337.25
12661,12661,580,1,48.76
12662,12662,531,2,22.73
12663,12663,295,1,46.64
12664,12664,358,1,276.89
12665,12665,50,1,3323.67
12666,12666,489,1,179.55
12667,12667,638,1,105.78
12668,12668,64,3,3403.99
12669,12669,602,1,169.46
12670,12670,220,1,61.61
12671,12671,417,2,586.68
12672,12672,203,5,93.09
12673,12673,465,1,379.72
12674,12674,202,1,189.56
12675,12675,213,1,21.25
12676,12676,350,1,177.74
12677,12677,3,2,2733.8
12678,12678,67,1,1288.51
12679,12679,32,2,2375.4
12680,12680,249,2,180.95
12681,12681,160,1,744.93
12682,12682,487,1,127.54
12683,12683,56,3,228.3
12684,12684,718,1,186.44
12685,12685,657,3,325.09
12686,12686,50,1,3323.67
12687,12687,130,1,3245.21
12688,12688,429,1,642.02
12689,12689,519,1,180.5
12690,12690,537,1,81.58
12691,12691,534,1,95.47
12692,12692,689,1,476.72
12693,12693,249,1,180.95
12694,12694,540,1,187.1
12695,12695,419,1,175.87
12696,12696,100,1,3744.66
12697,12697,104,1,1865.43
12698,12698,175,1,4900.1
12699,12699,182,3,789.51
12700,12700,351,3,691.78
12701,12701,580,1,48.76
12702,12702,609,1,216.06
12703,12703,100,1,3744.66
12704,12704,161,1,4356.77
12705,12705,272,2,104.31
12706,12706,133,1,2998.21
12707,12707,200,1,31.36
12708,12708,270,3,164.12
12709,12709,345,1,130.52
12710,12710,488,1,77.69
12711,12711,439,4,893.3
12712,12712,648,1,12.54
12713,12713,181,1,2279.14
12714,12714,571,1,160.51
12715,12715,364,1,114.4
12716,12716,669,1,113.44
12717,12717,28,1,3364.99
12718,12718,419,1,175.87
12719,12719,527,1,36.46
12720,12720,209,1,86.49
12721,12721,577,2,345.37
12722,12722,46,2,1594.55
12723,12723,749,1,25.31
12724,12724,267,3,116.2
12725,12725,346,1,409.19
12726,12726,311,1,129.43
12727,12727,162,1,2316.52
12728,12728,435,1,732.57
12729,12729,672,2,213.88
12730,12730,361,1,830.77
12731,12731,14,1,4425.71
12732,12732,531,1,22.73
12733,12733,116,1,4755.36
12734,12734,615,4,121.93
12735,12735,569,1,141.29
12736,12736,754,1,264.87
12737,12737,107,3,2427.81
12738,12738,684,3,416.47
12739,12739,447,1,402.73
12740,12740,357,1,848.0
12741,12741,688,1,174.08
12742,12742,565,4,57.29
12743,12743,52,3,1334.63
12744,12744,97,3,4760.55
12745,12745,579,1,271.64
12746,12746,69,5,3327.89
12747,12747,226,1,119.73
12748,12748,296,1,249.01
12749,12749,539,1,172.0
12750,12750,502,1,93.61
12751,12751,372,1,160.64
12752,12752,672,1,213.88
12753,12753,142,1,2755.1
12754,12754,167,2,3435.27
12755,12755,548,1,79.31
12756,12756,254,1,66.21
12757,12757,667,2,85.14
12758,12758,100,1,3744.66
12759,12759,132,1,1534.36
12760,12760,585,2,185.33
12761,12761,129,2,3943.37
12762,12762,684,1,416.47
12763,12763,483,3,162.06
12764,12764,23,3,4594.09
12765,12765,165,1,4996.87
12766,12766,227,5,130.7
12767,12767,136,1,4582.03
12768,12768,267,4,116.2
12770,12770,702,1,211.43
12771,12771,530,1,40.14
12772,12772,569,1,141.29
12773,12773,140,1,2582.68
12774,12774,514,1,31.2
12775,12775,79,1,4429.61
12776,12776,355,2,887.26
12777,12777,232,1,23.94
12778,12778,132,4,1534.36
12779,12779,495,2,106.76
12780,12780,18,1,2350.88
12781,12781,647,1,115.03
12782,12782,754,1,264.87
12783,12783,591,1,108.18
12784,12784,157,2,1189.15
12785,12785,541,1,85.54
12786,12786,289,2,162.63
12787,12787,531,1,22.73
12788,12788,53,1,239.54
12789,12789,637,1,228.07
12790,12790,679,2,128.13
12791,12791,689,2,476.72
12792,12792,177,1,2931.1
12793,12793,102,2,398.45
12794,12794,712,2,571.29
12795,12795,638,2,105.78
12796,12796,542,1,173.49
12797,12797,663,2,298.59
12798,12798,89,1,1914.29
12799,12799,620,1,120.92
12800,12800,690,1,138.9
12801,12801,276,1,141.09
12802,12802,47,2,4980.55
12803,12803,656,1,217.94
12804,12804,257,2,66.34
12805,12805,154,1,2061.68
12806,12806,705,2,793.49
12807,12807,535,1,73.33
12808,12808,550,1,133.78
12809,12809,667,1,85.14
12810,12810,427,2,134.85
12811,12811,157,1,1189.15
12812,12812,335,2,847.16
12813,12813,187,2,144.62
12814,12814,438,1,519.72
12815,12815,537,2,81.58
12816,12816,293,3,33.69
12817,12817,214,3,37.03
12818,12818,40,1,4844.16
12819,12819,313,3,228.72
12821,12821,92,4,3994.74
12822,12822,708,1,561.54
12823,12823,18,1,2350.88
12824,12824,211,1,154.9
12825,12825,728,1,289.32
12826,12826,231,4,101.74
12827,12827,80,1,2333.45
12828,12828,669,4,113.44
12829,12829,532,1,84.1
12830,12830,572,2,139.15
12831,12831,593,2,176.21
12832,12832,129,1,3943.37
12833,12833,511,2,184.51
12834,12834,727,3,198.94
12835,12835,414,2,272.92
12836,12836,106,3,3674.29
12837,12837,487,1,127.54
12838,12838,438,2,519.72
12839,12839,485,2,101.15
12840,12840,546,2,167.82
12841,12841,624,1,342.9
12842,12842,336,1,414.92
12843,12843,90,3,4768.07
12844,12844,499,1,175.95
12845,12845,73,1,3280.42
12846,12846,302,2,200.36
12847,12847,529,2,125.91
12848,12848,656,4,217.94
12849,12849,506,1,188.42
12850,12850,134,2,4810.31
12851,12851,443,3,527.93
12852,12852,475,1,50.23
12853,12853,555,1,42.12
12854,12854,570,1,131.96
12855,12855,383,1,626.13
12856,12856,408,1,891.71
12857,12857,17,1,816.7
12858,12858,118,5,1495.3
12859,12859,363,2,306.33
12860,12860,487,3,127.54
12861,12861,676,4,257.69
12862,12862,573,3,46.31
12863,12863,618,2,174.37
12864,12864,599,1,7.34
12865,12865,149,1,3306.49
12866,12866,84,1,3195.54
12867,12867,370,4,751.68
12868,12868,486,1,22.67
12869,12869,476,1,11.53
12870,12870,473,1,15.25
12871,12871,372,5,160.64
12872,12872,132,2,1534.36
12873,12873,487,2,127.54
12874,12874,30,1,1160.12
12875,12875,362,1,546.59
12876,12876,316,5,182.63
12877,12877,419,1,175.87
12878,12878,426,1,351.49
12879,12879,361,1,830.77
12880,12880,397,4,249.33
12881,12881,96,2,2119.38
12882,12882,257,3,66.34
12883,12883,72,1,2748.72
12884,12884,470,2,155.8
12885,12885,335,1,847.16
12886,12886,103,1,3010.04
12887,12887,100,2,3744.66
12888,12888,219,1,113.42
12889,12889,113,2,1123.54
12890,12890,443,2,527.93
12891,12891,368,1,510.64
12892,12892,194,1,111.15
12893,12893,227,1,130.7
12894,12894,537,1,81.58
12895,12895,259,1,52.1
12896,12896,639,1,181.78
12897,12897,423,1,532.42
12898,12898,180,2,1535.73
12899,12899,376,1,500.95
12900,12900,462,5,127.45
12901,12901,81,1,3344.53
12902,12902,189,2,246.97
12903,12903,114,1,1731.9
12904,12904,345,1,130.52
12905,12905,635,3,138.08
12906,12906,253,2,11.97
12907,12907,495,1,106.76
12908,12908,205,1,203.34
12909,12909,145,1,2554.17
12910,12910,636,1,261.3
12911,12911,442,1,92.84
12912,12912,61,1,558.31
12913,12913,484,1,96.02
12914,12914,542,2,173.49
12915,12915,285,3,161.67
12916,12916,116,3,4755.36
12917,12917,752,1,526.27
12918,12918,4,1,3496.72
12919,12919,603,1,296.14
12920,12920,70,2,1560.23
12921,12921,471,2,149.5
12922,12922,159,1,4519.04
12923,12923,509,2,37.13
12924,12924,738,3,686.04
12925,12925,459,2,764.61
12926,12926,88,2,4526.09
12927,12927,570,1,131.96
12928,12928,394,1,466.06
12929,12929,438,2,519.72
12930,12930,85,1,405.86
12931,12931,224,1,163.59
12932,12932,660,3,238.33
12933,12933,440,1,747.34
12934,12934,432,1,493.35
12935,12935,553,2,156.88
12936,12936,191,1,187.49
12937,12937,203,2,93.09
12938,12938,289,3,162.63
12939,12939,54,5,3534.21
12940,12940,157,1,1189.15
12941,12941,629,1,198.54
12942,12942,453,1,727.29
12943,12943,649,1,229.42
12944,12944,261,1,69.29
12945,12945,514,1,31.2
12946,12946,563,1,69.5
12947,12947,7,3,3100.22
12948,12948,589,2,230.12
12949,12949,268,1,237.38
12950,12950,344,1,805.84
12951,12951,229,4,204.24
12952,12952,189,3,246.97
12953,12953,251,4,210.05
12954,12954,696,4,147.69
12955,12955,114,1,1731.9
12956,12956,581,1,5.61
12957,12957,137,2,474.38
12958,12958,380,3,618.79
12959,12959,383,1,626.13
12960,12960,363,3,306.33
12961,12961,428,1,441.29
12962,12962,354,3,736.04
12963,12963,191,1,187.49
12964,12964,107,1,2427.81
12965,12965,158,2,510.24
12966,12966,131,1,2983.31
12967,12967,165,2,4996.87
12968,12968,18,3,2350.88
12969,12969,473,2,15.25
12970,12970,24,1,4161.68
12971,12971,464,1,45.44
12972,12972,208,1,136.37
12973,12973,384,3,259.52
12974,12974,170,1,3238.77
12975,12975,147,1,4322.84
12976,12976,109,1,3059.44
12977,12977,233,4,166.88
12978,12978,420,1,410.11
12979,12979,589,2,230.12
12980,12980,495,1,106.76
12981,12981,372,2,160.64
12982,12982,6,1,3654.05
12983,12983,23,2,4594.09
12984,12984,362,2,546.59
12985,12985,276,2,141.09
12986,12986,11,1,1239.15
12987,12987,229,1,204.24
12988,12988,392,4,147.3
12989,12989,735,2,380.77
12990,12990,308,1,166.64
12991,12991,454,3,612.64
12992,12992,382,1,304.82
12993,12993,611,3,81.05
12994,12994,24,1,4161.68
12995,12995,151,2,1209.24
12996,12996,287,1,226.27
12997,12997,297,1,241.93
12998,12998,585,2,185.33
12999,12999,460,1,675.57
13000,13000,588,1,225.54
13001,13001,243,2,114.61
13002,13002,392,4,147.3
13003,13003,127,1,393.81
13004,13004,62,3,2312.3
13005,13005,541,1,85.54
13006,13006,385,2,23.93
13007,13007,631,1,22.35
13008,13008,257,2,66.34
13009,13009,338,5,710.75
13010,13010,579,3,271.64
13011,13011,183,3,75.69
13012,13012,576,2,32.88
13013,13013,356,2,536.57
13014,13014,70,3,1560.23
13015,13015,320,2,66.66
13016,13016,560,3,130.36
13017,13017,161,1,4356.77
13018,13018,344,1,805.84
13019,13019,570,2,131.96
13020,13020,251,1,210.05
13021,13021,476,1,11.53
13022,13022,71,2,3331.34
13023,13023,77,1,2287.96
13024,13024,654,2,202.93
13025,13025,483,1,162.06
13026,13026,613,3,10.14
13027,13027,684,4,416.47
13028,13028,192,1,132.19
13029,13029,518,5,37.43
13030,13030,29,1,338.84
13031,13031,149,1,3306.49
13032,13032,41,1,2929.19
13033,13033,114,1,1731.9
13034,13034,281,2,116.88
13035,13035,437,1,483.72
13036,13036,686,3,229.67
13037,13037,395,1,708.14
13038,13038,229,2,204.24
13039,13039,378,2,224.45
13040,13040,385,1,23.93
13041,13041,693,1,120.16
13042,13042,88,1,4526.09
13043,13043,506,1,188.42
13045,13045,435,1,732.57
13046,13046,656,1,217.94
13047,13047,122,1,388.92
13048,13048,506,2,188.42
13049,13049,186,1,152.5
13050,13050,147,1,4322.84
13051,13051,443,1,527.93
13052,13052,667,3,85.14
13053,13053,294,1,20.24
13054,13054,220,1,61.61
13055,13055,227,4,130.7
13056,13056,195,1,43.89
13057,13057,348,1,208.18
13058,13058,11,1,1239.15
13059,13059,46,1,1594.55
13060,13060,582,3,265.86
13061,13061,387,1,713.53
13062,13062,736,4,562.66
13063,13063,604,1,66.71
13064,13064,598,1,238.15
13065,13065,530,1,40.14
13066,13066,642,2,127.89
13067,13067,14,1,4425.71
13068,13068,254,1,66.21
13069,13069,196,1,79.36
13070,13070,624,1,342.9
13071,13071,408,2,891.71
13072,13072,379,1,342.01
13073,13073,347,1,775.65
13074,13074,185,1,37.55
13075,13075,329,1,164.88
13076,13076,170,1,3238.77
13077,13077,194,2,111.15
13078,13078,284,1,62.55
13079,13079,621,1,231.82
13080,13080,143,1,3554.71
13081,13081,434,2,410.25
13082,13082,734,2,86.88
13083,13083,34,1,564.15
13084,13084,322,2,46.21
13085,13085,403,1,446.99
13086,13086,413,1,614.79
13087,13087,543,4,65.32
13088,13088,68,1,3602.75
13089,13089,527,1,36.46
13090,13090,339,3,747.6
13091,13091,106,2,3674.29
13092,13092,358,1,276.89
13093,13093,160,2,744.93
13094,13094,656,1,217.94
13095,13095,446,1,768.65
13096,13096,755,2,759.14
13097,13097,61,1,558.31
13098,13098,429,1,642.02
13099,13099,547,2,92.5
13100,13100,741,1,652.35
13101,13101,185,2,37.55
13102,13102,384,1,259.52
13103,13103,660,2,238.33
13104,13104,93,1,2679.93
13105,13105,277,1,162.31
13106,13106,596,1,29.96
13107,13107,98,2,1012.81
13108,13108,688,4,174.08
13109,13109,124,3,1143.91
13110,13110,301,3,141.06
13111,13111,667,1,85.14
13113,13113,627,4,222.86
13114,13114,126,1,3818.42
13115,13115,445,3,198.54
13116,13116,747,3,258.27
13117,13117,268,1,237.38
13118,13118,459,1,764.61
13119,13119,213,1,21.25
13120,13120,487,4,127.54
13121,13121,605,3,255.63
13122,13122,344,2,805.84
13123,13123,511,3,184.51
13124,13124,613,2,10.14
13125,13125,426,1,351.49
13126,13126,201,3,143.89
13127,13127,552,4,86.71
13128,13128,336,1,414.92
13129,13129,328,1,130.01
13130,13130,441,1,249.15
13131,13131,422,1,111.41
13132,13132,302,2,200.36
13133,13133,553,2,156.88
13134,13134,99,1,1105.45
13135,13135,47,1,4980.55
13136,13136,298,1,211.96
13137,13137,431,1,670.83
13138,13138,624,1,342.9
13139,13139,261,2,69.29
13140,13140,755,1,759.14
13141,13141,724,1,14.7
13142,13142,432,2,493.35
13143,13143,250,2,41.58
13144,13144,452,1,889.45
13145,13145,257,1,66.34
13146,13146,723,1,181.75
13147,13147,728,1,289.32
13148,13148,10,1,3515.06
13149,13149,73,1,3280.42
13150,13150,377,3,456.96
13151,13151,421,1,729.76
13152,13152,236,2,95.55
13153,13153,137,4,474.38
13154,13154,548,1,79.31
13155,13155,751,5,27.9
13156,13156,282,3,162.82
13157,13157,24,3,4161.68
13158,13158,400,1,305.66
13159,13159,168,3,4516.61
13160,13160,494,2,53.12
13161,13161,321,2,108.01
13162,13162,20,1,36.15
13163,13163,257,1,66.34
13164,13164,611,1,81.05
13165,13165,390,1,344.12
13166,13166,11,1,1239.15
13168,13168,627,1,222.86
13169,13169,659,1,51.18
13170,13170,658,2,324.63
13171,13171,108,1,4157.03
13172,13172,253,1,11.97
13173,13173,140,1,2582.68
13174,13174,612,2,159.03
13175,13175,116,3,4755.36
13176,13176,604,4,66.71
13177,13177,85,2,405.86
13178,13178,661,1,52.91
13179,13179,268,1,237.38
13180,13180,287,1,226.27
13181,13181,618,1,174.37
13182,13182,4,2,3496.72
13183,13183,520,3,154.62
13184,13184,410,2,325.95
13185,13185,372,1,160.64
13186,13186,657,1,325.09
13187,13187,393,1,687.59
13188,13188,233,1,166.88
13189,13189,391,4,229.33
13190,13190,577,1,345.37
13191,13191,532,1,84.1
13192,13192,653,1,162.88
13193,13193,418,1,304.57
13194,13194,139,1,2285.02
13195,13195,147,2,4322.84
13197,13197,527,5,36.46
13198,13198,690,2,138.9
13199,13199,596,2,29.96
13200,13200,532,3,84.1
13201,13201,407,1,279.51
13202,13202,493,1,21.86
13203,13203,148,2,1350.51
13204,13204,290,1,67.25
13205,13205,154,2,2061.68
13206,13206,447,3,402.73
13207,13207,111,1,1395.81
13208,13208,89,3,1914.29
13209,13209,50,1,3323.67
13210,13210,748,1,691.2
13211,13211,571,2,160.51
13212,13212,30,2,1160.12
13213,13213,558,3,113.56
13214,13214,52,1,1334.63
13215,13215,120,3,530.88
13216,13216,451,1,79.36
13217,13217,230,5,67.94
13218,13218,54,1,3534.21
13219,13219,267,1,116.2
13220,13220,462,1,127.45
13221,13221,285,1,161.67
13222,13222,166,5,1493.43
13223,13223,200,1,31.36
13224,13224,631,2,22.35
13225,13225,156,1,4299.51
13226,13226,341,1,59.51
13227,13227,372,1,160.64
13228,13228,430,4,206.26
13229,13229,534,1,95.47
13230,13230,588,1,225.54
13231,13231,589,1,230.12
13232,13232,660,1,238.33
13233,13233,717,2,582.82
13234,13234,254,2,66.21
13235,13235,611,1,81.05
13236,13236,583,1,243.95
13237,13237,143,1,3554.71
13238,13238,136,1,4582.03
13239,13239,482,1,9.41
13240,13240,490,1,91.21
13241,13241,125,3,2155.56
13242,13242,340,1,403.23
13243,13243,123,1,444.19
13244,13244,381,3,433.63
13245,13245,213,3,21.25
13246,13246,394,2,466.06
13247,13247,60,5,4655.45
13248,13248,749,1,25.31
13249,13249,139,1,2285.02
13250,13250,652,2,341.76
13251,13251,705,1,793.49
13252,13252,733,2,417.93
13253,13253,655,1,153.82
13254,13254,500,3,83.92
13255,13255,368,2,510.64
13257,13257,421,2,729.76
13258,13258,71,1,3331.34
13259,13259,504,1,71.43
13260,13260,204,2,34.18
13261,13261,503,1,152.47
13262,13262,396,1,655.1
13263,13263,473,1,15.25
13264,13264,8,2,3869.87
13265,13265,533,2,123.06
13266,13266,7,1,3100.22
13267,13267,675,1,167.34
13268,13268,618,2,174.37
13269,13269,216,1,119.25
13270,13270,426,2,351.49
13271,13271,277,1,162.31
13272,13272,515,1,179.25
13273,13273,322,1,46.21
13274,13274,207,1,51.89
13275,13275,446,3,768.65
13276,13276,8,1,3869.87
13277,13277,501,2,11.4
13278,13278,272,1,104.31
13279,13279,700,2,474.11
13280,13280,732,1,435.82
13281,13281,726,1,758.05
13282,13282,508,1,111.49
13283,13283,203,1,93.09
13284,13284,210,1,190.56
13285,13285,565,5,57.29
13286,13286,92,1,3994.74
13287,13287,705,1,793.49
13288,13288,648,1,12.54
13289,13289,11,1,1239.15
13290,13290,428,2,441.29
13291,13291,457,1,351.78
13292,13292,583,1,243.95
13293,13293,298,1,211.96
13294,13294,97,3,4760.55
13295,13295,72,2,2748.72
13296,13296,524,3,140.52
13297,13297,20,1,36.15
13298,13298,355,1,887.26
13299,13299,316,1,182.63
13300,13300,385,3,23.93
13301,13301,719,2,329.85
13302,13302,720,5,414.03
13303,13303,357,2,848.0
13304,13304,426,1,351.49
13305,13305,463,1,688.82
13306,13306,407,2,279.51
13307,13307,39,3,4977.19
13308,13308,702,5,211.43
13309,13309,619,3,45.77
13310,13310,162,1,2316.52
13311,13311,493,1,21.86
13312,13312,649,1,229.42
13313,13313,260,1,222.35
13314,13314,454,1,612.64
13315,13315,22,2,1010.57
13316,13316,642,2,127.89
13317,13317,42,1,418.95
13318,13318,604,1,66.71
13319,13319,285,2,161.67
13320,13320,184,4,95.76
13321,13321,286,1,163.11
13322,13322,310,2,54.16
13323,13323,452,1,889.45
13324,13324,743,2,545.9
13325,13325,599,4,7.34
13326,13326,464,2,45.44
13327,13327,458,1,230.86
13328,13328,269,2,172.41
13329,13329,49,1,3523.62
13330,13330,349,1,387.46
13331,13331,572,2,139.15
13332,13332,408,5,891.71
13333,13333,78,1,2010.26
13334,13334,126,1,3818.42
13335,13335,653,1,162.88
13336,13336,565,1,57.29
13337,13337,603,3,296.14
13338,13338,428,2,441.29
13339,13339,667,1,85.14
13340,13340,599,5,7.34
13341,13341,256,3,161.82
13342,13342,635,3,138.08
13343,13343,38,5,1340.7
13344,13344,290,1,67.25
13345,13345,327,2,232.68
13346,13346,589,1,230.12
13347,13347,504,1,71.43
13348,13348,385,1,23.93
13349,13349,513,1,29.13
13350,13350,362,1,546.59
13351,13351,698,2,7.94
13352,13352,85,3,405.86
13353,13353,503,2,152.47
13354,13354,400,1,305.66
13355,13355,92,1,3994.74
13356,13356,399,1,451.25
13357,13357,668,1,217.24
13358,13358,154,2,2061.68
13359,13359,132,1,1534.36
13360,13360,322,2,46.21
13361,13361,757,2,187.1
13362,13362,612,1,159.03
13363,13363,603,3,296.14
13364,13364,646,2,316.95
13365,13365,419,1,175.87
13366,13366,567,2,49.45
13367,13367,605,1,255.63
13368,13368,138,1,1662.41
13369,13369,46,1,1594.55
13370,13370,10,1,3515.06
13371,13371,752,1,526.27
13372,13372,144,1,4210.19
13373,13373,5,1,481.86
13374,13374,726,4,758.05
13375,13375,634,1,86.2
13376,13376,330,5,191.25
13377,13377,149,1,3306.49
13378,13378,585,4,185.33
13379,13379,394,1,466.06
13380,13380,683,2,473.02
13381,13381,597,2,95.38
13382,13382,715,1,780.68
13383,13383,752,1,526.27
13384,13384,3,1,2733.8
13385,13385,711,1,70.46
13386,13386,728,4,289.32
13387,13387,576,1,32.88
13388,13388,357,1,848.0
13389,13389,322,3,46.21
13390,13390,181,1,2279.14
13391,13391,482,1,9.41
13392,13392,260,1,222.35
13393,13393,391,2,229.33
13394,13394,130,2,3245.21
13395,13395,220,2,61.61
13396,13396,103,2,3010.04
13397,13397,254,1,66.21
13398,13398,93,1,2679.93
13399,13399,123,1,444.19
13400,13400,346,2,409.19
13401,13401,544,1,101.66
13402,13402,367,1,652.94
13403,13403,92,1,3994.74
13404,13404,266,1,167.93
13405,13405,579,4,271.64
13406,13406,481,4,189.58
13407,13407,219,3,113.42
13408,13408,304,1,44.03
13409,13409,498,3,124.5
13410,13410,656,1,217.94
13411,13411,439,2,893.3
13412,13412,720,1,414.03
13413,13413,396,2,655.1
13414,13414,715,1,780.68
13415,13415,758,1,15.36
13416,13416,363,1,306.33
13417,13417,164,1,1509.78
13418,13418,599,2,7.34
13419,13419,411,1,718.64
13420,13420,577,1,345.37
13421,13421,360,1,505.98
13422,13422,596,2,29.96
13423,13423,167,2,3435.27
13424,13424,566,1,65.14
13425,13425,174,1,593.54
13426,13426,7,5,3100.22
13427,13427,599,1,7.34
13428,13428,146,1,2765.29
13429,13429,521,4,142.88
13430,13430,369,1,525.43
13431,13431,570,1,131.96
13432,13432,629,1,198.54
13433,13433,657,1,325.09
13434,13434,128,2,3540.63
13435,13435,377,3,456.96
13436,13436,157,2,1189.15
13437,13437,569,3,141.29
13438,13438,12,2,3846.19
13439,13439,194,1,111.15
13440,13440,395,1,708.14
13441,13441,104,3,1865.43
13442,13442,429,1,642.02
13443,13443,96,1,2119.38
13444,13444,751,1,27.9
13445,13445,399,1,451.25
13446,13446,736,1,562.66
13447,13447,255,4,238.71
13448,13448,443,3,527.93
13449,13449,563,1,69.5
13450,13450,185,1,37.55
13451,13451,16,1,708.88
13452,13452,737,1,783.55
13453,13453,237,1,54.46
13454,13454,704,1,344.86
13456,13456,703,1,12.69
13457,13457,459,3,764.61
13458,13458,566,2,65.14
13459,13459,294,2,20.24
13460,13460,130,1,3245.21
13461,13461,639,2,181.78
13462,13462,646,1,316.95
13463,13463,366,1,329.73
13464,13464,226,1,119.73
13465,13465,53,2,239.54
13466,13466,732,1,435.82
13467,13467,678,1,59.08
13468,13468,71,3,3331.34
13469,13469,188,1,64.38
13470,13470,50,1,3323.67
13471,13471,544,2,101.66
13472,13472,746,1,341.49
13473,13473,398,3,276.77
13474,13474,268,1,237.38
13475,13475,48,3,4406.69
13476,13476,109,1,3059.44
13477,13477,121,2,4828.17
13478,13478,282,2,162.82
13479,13479,584,1,61.78
13480,13480,753,1,503.79
13481,13481,542,1,173.49
13482,13482,742,1,293.23
13483,13483,720,1,414.03
13484,13484,253,2,11.97
13485,13485,21,1,2548.24
13486,13486,335,1,847.16
13487,13487,688,1,174.08
13488,13488,749,1,25.31
13489,13489,124,1,1143.91
13490,13490,291,2,46.25
13491,13491,345,1,130.52
13492,13492,448,1,795.1
13493,13493,118,4,1495.3
13494,13494,358,1,276.89
13495,13495,627,4,222.86
13496,13496,107,2,2427.81
13497,13497,25,2,446.54
13498,13498,660,1,238.33
13499,13499,174,4,593.54
13500,13500,78,2,2010.26
13501,13501,97,1,4760.55
13502,13502,186,1,152.5
13503,13503,140,1,2582.68
13504,13504,611,1,81.05
13505,13505,106,1,3674.29
13506,13506,548,1,79.31
13507,13507,200,2,31.36
13508,13508,331,1,28.98
13509,13509,320,1,66.66
13510,13510,5,2,481.86
13511,13511,540,3,187.1
13512,13512,627,1,222.86
13513,13513,428,1,441.29
13514,13514,233,1,166.88
13515,13515,346,2,409.19
13516,13516,637,1,228.07
13517,13517,447,1,402.73
13518,13518,683,1,473.02
13519,13519,629,1,198.54
13520,13520,584,1,61.78
13521,13521,47,4,4980.55
13522,13522,626,1,181.24
13523,13523,4,5,3496.72
13524,13524,241,2,65.47
13525,13525,672,3,213.88
13526,13526,750,1,70.48
13527,13527,448,1,795.1
13528,13528,281,1,116.88
13529,13529,536,3,54.67
13530,13530,105,1,545.57
13531,13531,480,1,150.12
13532,13532,734,3,86.88
13533,13533,411,1,718.64
13534,13534,74,1,4799.95
13535,13535,722,1,690.57
13536,13536,211,1,154.9
13537,13537,202,2,189.56
13538,13538,306,2,126.53
13539,13539,21,1,2548.24
13540,13540,548,2,79.31
13541,13541,367,2,652.94
13542,13542,501,1,11.4
13543,13543,186,1,152.5
13544,13544,20,1,36.15
13545,13545,215,1,129.05
13546,13546,203,1,93.09
13547,13547,734,1,86.88
13548,13548,301,3,141.06
13549,13549,580,4,48.76
13550,13550,107,2,2427.81
13551,13551,519,5,180.5
13552,13552,183,1,75.69
13553,13553,477,1,174.42
13554,13554,405,1,616.71
13555,13555,726,1,758.05
13556,13556,210,1,190.56
13557,13557,521,1,142.88
13558,13558,592,2,148.9
13559,13559,682,1,291.05
13560,13560,535,2,73.33
13561,13561,660,1,238.33
13562,13562,246,1,74.01
13563,13563,616,2,211.57
13564,13564,733,4,417.93
13565,13565,567,3,49.45
13566,13566,698,1,7.94
13567,13567,503,5,152.47
13568,13568,28,4,3364.99
13569,13569,474,1,170.43
13570,13570,420,5,410.11
13571,13571,444,1,601.08
13572,13572,506,1,188.42
13573,13573,726,1,758.05
13574,13574,43,4,617.03
13575,13575,680,1,235.32
13576,13576,434,1,410.25
13577,13577,646,1,316.95
13578,13578,558,2,113.56
13579,13579,436,2,391.06
13580,13580,43,2,617.03
13581,13581,180,1,1535.73
13582,13582,393,2,687.59
13583,13583,455,2,322.55
13584,13584,410,1,325.95
13585,13585,571,1,160.51
13586,13586,131,3,2983.31
13587,13587,229,1,204.24
13588,13588,496,2,186.76
13589,13589,74,1,4799.95
13590,13590,593,1,176.21
13591,13591,382,1,304.82
13592,13592,348,5,208.18
13593,13593,521,1,142.88
13594,13594,679,1,128.13
13595,13595,703,2,12.69
13596,13596,714,1,560.86
13597,13597,215,1,129.05
13598,13598,176,1,89.3
13599,13599,72,1,2748.72
13600,13600,189,2,246.97
13601,13601,267,1,116.2
13602,13602,240,4,159.18
13603,13603,681,5,20.06
13604,13604,393,1,687.59
13605,13605,125,1,2155.56
13606,13606,205,2,203.34
13607,13607,253,3,11.97
13608,13608,75,1,3103.91
13609,13609,272,1,104.31
13610,13610,198,3,108.13
13611,13611,538,2,82.44
13612,13612,677,3,233.28
13613,13613,310,1,54.16
13614,13614,376,1,500.95
13615,13615,498,1,124.5
13616,13616,473,3,15.25
13617,13617,147,2,4322.84
13618,13618,745,5,234.2
13619,13619,32,3,2375.4
13620,13620,316,3,182.63
13621,13621,248,3,101.44
13622,13622,76,1,1011.66
13623,13623,264,1,231.67
13624,13624,68,5,3602.75
13625,13625,94,1,2154.48
13626,13626,342,1,608.75
13627,13627,740,3,452.77
13628,13628,524,1,140.52
13629,13629,552,2,86.71
13630,13630,449,1,340.93
13631,13631,276,2,141.09
13632,13632,308,1,166.64
13633,13633,620,1,120.92
13634,13634,391,1,229.33
13635,13635,306,2,126.53
13636,13636,351,3,691.78
13637,13637,264,1,231.67
13638,13638,497,2,20.54
13639,13639,668,2,217.24
13640,13640,335,1,847.16
13641,13641,83,1,4488.09
13642,13642,654,3,202.93
13643,13643,553,1,156.88
13644,13644,572,1,139.15
13645,13645,426,2,351.49
13646,13646,605,2,255.63
13647,13647,153,4,4827.45
13648,13648,328,1,130.01
13649,13649,32,1,2375.4
13650,13650,50,1,3323.67
13651,13651,414,2,272.92
13652,13652,509,1,37.13
13653,13653,244,3,47.21
13654,13654,614,2,337.25
13655,13655,633,2,39.45
13656,13656,15,1,3740.12
13657,13657,244,1,47.21
13658,13658,480,1,150.12
13659,13659,544,1,101.66
13660,13660,540,1,187.1
13661,13661,441,2,249.15
13662,13662,694,2,738.42
13663,13663,317,3,91.51
13664,13664,403,1,446.99
13665,13665,216,1,119.25
13666,13666,577,1,345.37
13667,13667,32,1,2375.4
13668,13668,678,1,59.08
13669,13669,536,3,54.67
13670,13670,160,1,744.93
13671,13671,244,1,47.21
13672,13672,291,2,46.25
13673,13673,503,3,152.47
13674,13674,702,1,211.43
13675,13675,382,1,304.82
13676,13676,697,2,603.63
13677,13677,499,1,175.95
13678,13678,497,2,20.54
13679,13679,386,2,511.91
13680,13680,471,1,149.5
13681,13681,457,4,351.78
13682,13682,758,4,15.36
13683,13683,633,1,39.45
13684,13684,484,5,96.02
13685,13685,100,1,3744.66
13686,13686,89,2,1914.29
13687,13687,642,1,127.89
13688,13688,619,1,45.77
13689,13689,708,1,561.54
13690,13690,229,1,204.24
13691,13691,498,2,124.5
13692,13692,486,1,22.67
13693,13693,657,1,325.09
13694,13694,590,1,193.35
13695,13695,189,1,246.97
13696,13696,699,2,41.44
13697,13697,413,1,614.79
13698,13698,446,1,768.65
13699,13699,306,1,126.53
13700,13700,641,2,57.17
13701,13701,312,3,143.72
13702,13702,189,1,246.97
13703,13703,109,2,3059.44
13704,13704,157,1,1189.15
13705,13705,17,1,816.7
13706,13706,325,1,234.0
13707,13707,451,2,79.36
13708,13708,98,1,1012.81
13709,13709,293,5,33.69
13710,13710,160,1,744.93
13711,13711,284,1,62.55
13712,13712,203,3,93.09
13713,13713,473,2,15.25
13714,13714,469,2,285.26
13715,13715,542,1,173.49
13716,13716,451,1,79.36
13717,13717,415,2,320.0
13718,13718,126,2,3818.42
13719,13719,157,2,1189.15
13720,13720,487,1,127.54
13721,13721,455,1,322.55
13722,13722,67,1,1288.51
13723,13723,492,1,157.87
13724,13724,213,1,21.25
13725,13725,589,2,230.12
13726,13726,195,3,43.89
13727,13727,278,2,65.28
13728,13728,90,1,4768.07
13729,13729,551,1,148.19
13730,13730,70,1,1560.23
13731,13731,463,3,688.82
13732,13732,194,1,111.15
13733,13733,189,1,246.97
13734,13734,446,1,768.65
13735,13735,262,2,217.51
13736,13736,304,2,44.03
13737,13737,147,3,4322.84
13738,13738,7,2,3100.22
13739,13739,690,1,138.9
13740,13740,202,3,189.56
13741,13741,189,1,246.97
13742,13742,502,2,93.61
13743,13743,536,2,54.67
13744,13744,254,2,66.21
13745,13745,709,1,493.91
13746,13746,123,1,444.19
13747,13747,613,2,10.14
13748,13748,395,1,708.14
13749,13749,338,1,710.75
13750,13750,581,1,5.61
13751,13751,160,3,744.93
13752,13752,383,1,626.13
13753,13753,388,1,77.65
13754,13754,621,1,231.82
13755,13755,717,1,582.82
13756,13756,190,4,94.68
13757,13757,503,1,152.47
13758,13758,606,1,25.9
13759,13759,69,1,3327.89
13760,13760,131,2,2983.31
13761,13761,353,1,218.55
13762,13762,410,2,325.95
13763,13763,614,1,337.25
13764,13764,480,1,150.12
13765,13765,552,1,86.71
13766,13766,639,1,181.78
13767,13767,378,1,224.45
13768,13768,689,1,476.72
13769,13769,630,1,188.72
13770,13770,47,5,4980.55
13771,13771,717,2,582.82
13772,13772,619,2,45.77
13773,13773,41,1,2929.19
13774,13774,272,3,104.31
13775,13775,302,1,200.36
13776,13776,603,2,296.14
13777,13777,86,4,709.09
13778,13778,216,1,119.25
13779,13779,429,1,642.02
13780,13780,140,1,2582.68
13781,13781,515,4,179.25
13782,13782,242,1,241.66
13783,13783,491,4,62.03
13784,13784,371,1,870.18
13785,13785,309,1,49.25
13786,13786,288,2,237.54
13787,13787,635,1,138.08
13788,13788,541,1,85.54
13789,13789,738,3,686.04
13790,13790,602,1,169.46
13791,13791,495,1,106.76
13792,13792,198,5,108.13
13793,13793,677,3,233.28
13794,13794,678,1,59.08
13795,13795,747,2,258.27
13796,13796,54,2,3534.21
13797,13797,224,1,163.59
13798,13798,351,1,691.78
13799,13799,262,1,217.51
13800,13800,335,1,847.16
13801,13801,59,1,4057.63
13802,13802,427,4,134.85
13803,13803,299,2,221.54
13804,13804,226,4,119.73
13805,13805,488,1,77.69
13806,13806,141,1,2601.82
13807,13807,590,1,193.35
13808,13808,107,1,2427.81
13809,13809,184,1,95.76
13810,13810,389,4,574.36
13811,13811,388,1,77.65
13812,13812,287,1,226.27
13813,13813,366,5,329.73
13814,13814,647,1,115.03
13815,13815,477,2,174.42
13816,13816,464,1,45.44
13817,13817,141,1,2601.82
13818,13818,694,1,738.42
13819,13819,447,1,402.73
13820,13820,260,3,222.35
13821,13821,613,1,10.14
13822,13822,577,1,345.37
13823,13823,601,1,43.38
13824,13824,702,3,211.43
13825,13825,724,1,14.7
13826,13826,312,3,143.72
13827,13827,650,1,190.13
13828,13828,753,2,503.79
13829,13829,427,3,134.85
13830,13830,275,2,225.47
13831,13831,46,2,1594.55
13832,13832,14,1,4425.71
13833,13833,101,1,147.87
13834,13834,222,2,55.73
13835,13835,3,1,2733.8
13836,13836,553,5,156.88
13837,13837,40,1,4844.16
13838,13838,264,1,231.67
13839,13839,715,1,780.68
13840,13840,616,1,211.57
13841,13841,660,2,238.33
13842,13842,549,1,170.94
13843,13843,641,3,57.17
13844,13844,252,1,37.48
13845,13845,700,1,474.11
13846,13846,145,4,2554.17
13847,13847,119,1,246.66
13848,13848,266,2,167.93
13849,13849,647,2,115.03
13850,13850,266,1,167.93
13851,13851,503,1,152.47
13852,13852,172,1,2706.24
13853,13853,713,1,527.9
13854,13854,95,1,2284.39
13855,13855,35,4,1264.03
13856,13856,130,1,3245.21
13857,13857,288,2,237.54
13858,13858,345,1,130.52
13859,13859,118,1,1495.3
13860,13860,539,1,172.0
13861,13861,388,1,77.65
13862,13862,66,2,1582.1
13863,13863,652,1,341.76
13864,13864,389,2,574.36
13865,13865,400,1,305.66
13866,13866,645,3,168.29
13867,13867,445,1,198.54
13868,13868,251,1,210.05
13869,13869,236,2,95.55
13870,13870,748,1,691.2
13871,13871,146,2,2765.29
13872,13872,369,1,525.43
13873,13873,406,3,719.93
13874,13874,701,1,614.32
13875,13875,582,1,265.86
13876,13876,636,1,261.3
13877,13877,245,1,124.29
13878,13878,341,1,59.51
13879,13879,371,1,870.18
13880,13880,191,1,187.49
13881,13881,264,2,231.67
13882,13882,104,2,1865.43
13883,13883,535,4,73.33
13884,13884,380,2,618.79
13885,13885,558,1,113.56
13886,13886,478,1,153.79
13887,13887,81,2,3344.53
13888,13888,353,1,218.55
13889,13889,279,1,39.39
13890,13890,67,1,1288.51
13891,13891,90,4,4768.07
13892,13892,92,1,3994.74
13893,13893,665,2,348.02
13894,13894,363,1,306.33
13895,13895,543,1,65.32
13896,13896,64,1,3403.99
13897,13897,463,1,688.82
13898,13898,422,1,111.41
13899,13899,747,2,258.27
13900,13900,157,1,1189.15
13901,13901,691,1,21.76
13902,13902,532,1,84.1
13903,13903,405,1,616.71
13904,13904,138,2,1662.41
13905,13905,327,3,232.68
13906,13906,696,1,147.69
13907,13907,663,1,298.59
13908,13908,637,1,228.07
13909,13909,29,1,338.84
13910,13910,328,1,130.01
13911,13911,592,1,148.9
13912,13912,336,1,414.92
13913,13913,138,1,1662.41
13914,13914,478,2,153.79
13915,13915,583,1,243.95
13916,13916,236,3,95.55
13917,13917,118,1,1495.3
13918,13918,710,1,644.85
13919,13919,582,1,265.86
13920,13920,609,1,216.06
13921,13921,429,3,642.02
13922,13922,287,1,226.27
13923,13923,598,2,238.15
13925,13925,508,5,111.49
13926,13926,580,3,48.76
13927,13927,744,3,264.79
13928,13928,390,1,344.12
13929,13929,689,1,476.72
13930,13930,499,1,175.95
13931,13931,65,1,4813.41
13932,13932,705,1,793.49
13933,13933,735,4,380.77
13934,13934,85,1,405.86
13935,13935,498,1,124.5
13936,13936,511,1,184.51
13937,13937,82,2,3071.0
13938,13938,634,2,86.2
13939,13939,190,1,94.68
13941,13941,76,1,1011.66
13942,13942,378,1,224.45
13943,13943,633,1,39.45
13944,13944,150,2,3819.1
13945,13945,94,1,2154.48
13946,13946,630,1,188.72
13947,13947,249,1,180.95
13948,13948,540,1,187.1
13949,13949,397,1,249.33
13950,13950,518,2,37.43
13951,13951,192,1,132.19
13952,13952,260,2,222.35
13953,13953,427,2,134.85
13954,13954,350,1,177.74
13955,13955,190,3,94.68
13956,13956,148,1,1350.51
13957,13957,170,1,3238.77
13958,13958,572,3,139.15
13959,13959,527,5,36.46
13960,13960,399,1,451.25
13961,13961,555,3,42.12
13962,13962,709,3,493.91
13963,13963,116,1,4755.36
13964,13964,564,1,78.46
13965,13965,362,4,546.59
13966,13966,404,1,359.7
13967,13967,128,1,3540.63
13968,13968,480,3,150.12
13969,13969,544,3,101.66
13970,13970,749,1,25.31
13971,13971,729,1,493.75
13972,13972,449,1,340.93
13973,13973,237,1,54.46
13974,13974,423,1,532.42
13975,13975,530,1,40.14
13976,13976,145,5,2554.17
13977,13977,424,3,274.72
13978,13978,160,1,744.93
13979,13979,619,1,45.77
13980,13980,322,2,46.21
13981,13981,242,2,241.66
13982,13982,223,1,127.57
13983,13983,240,1,159.18
13984,13984,338,1,710.75
13985,13985,581,2,5.61
13986,13986,632,1,54.65
13987,13987,638,2,105.78
13988,13988,531,1,22.73
13989,13989,489,1,179.55
13990,13990,134,3,4810.31
13991,13991,298,1,211.96
13992,13992,102,1,398.45
13993,13993,265,1,153.78
13994,13994,331,2,28.98
13995,13995,429,1,642.02
13996,13996,653,1,162.88
13997,13997,540,1,187.1
13998,13998,112,1,2784.77
13999,13999,430,1,206.26
14000,14000,213,2,21.25
14001,14001,493,1,21.86
14002,14002,711,1,70.46
14003,14003,415,1,320.0
14004,14004,199,5,83.62
14005,14005,9,1,2277.97
14006,14006,691,2,21.76
14007,14007,226,2,119.73
14008,14008,706,1,148.71
14009,14009,375,1,415.84
14010,14010,197,4,166.43
14011,14011,483,1,162.06
14012,14012,34,1,564.15
14013,14013,397,5,249.33
14014,14014,629,1,198.54
14015,14015,195,1,43.89
14016,14016,401,1,774.95
14017,14017,167,1,3435.27
14018,14018,308,1,166.64
14019,14019,226,1,119.73
14020,14020,275,2,225.47
14021,14021,506,3,188.42
14022,14022,284,1,62.55
14023,14023,738,2,686.04
14024,14024,213,1,21.25
14025,14025,641,3,57.17
14026,14026,436,2,391.06
14027,14027,554,2,30.09
14028,14028,385,1,23.93
14029,14029,563,2,69.5
14030,14030,103,3,3010.04
14031,14031,609,2,216.06
14032,14032,472,1,101.9
14033,14033,220,1,61.61
14034,14034,338,2,710.75
14035,14035,140,1,2582.68
14036,14036,87,1,2049.83
14037,14037,597,2,95.38
14038,14038,591,2,108.18
14039,14039,622,1,153.74
14040,14040,222,1,55.73
14041,14041,320,1,66.66
14042,14042,583,1,243.95
14043,14043,722,1,690.57
14044,14044,676,3,257.69
14045,14045,224,2,163.59
14046,14046,642,2,127.89
14047,14047,285,1,161.67
14048,14048,593,2,176.21
14049,14049,11,1,1239.15
14050,14050,718,1,186.44
14051,14051,371,1,870.18
14052,14052,656,2,217.94
14053,14053,315,3,175.03
14054,14054,254,1,66.21
14055,14055,234,1,83.07
14056,14056,460,1,675.57
14057,14057,568,1,138.43
14058,14058,237,1,54.46
14059,14059,321,2,108.01
14060,14060,704,2,344.86
14061,14061,559,3,57.73
14062,14062,502,1,93.61
14063,14063,750,2,70.48
14064,14064,235,4,99.15
14065,14065,329,1,164.88
14066,14066,337,2,684.03
14067,14067,622,1,153.74
14068,14068,592,1,148.9
14069,14069,101,2,147.87
14070,14070,406,1,719.93
14071,14071,410,1,325.95
14072,14072,643,1,276.04
14073,14073,733,5,417.93
14074,14074,390,4,344.12
14075,14075,211,1,154.9
14076,14076,249,1,180.95
14077,14077,102,1,398.45
14078,14078,515,1,179.25
14079,14079,317,1,91.51
14080,14080,651,1,303.26
14081,14081,209,1,86.49
14082,14082,664,1,43.65
14083,14083,266,1,167.93
14084,14084,240,1,159.18
14085,14085,183,2,75.69
14086,14086,359,1,773.2
14087,14087,247,1,222.07
14088,14088,104,2,1865.43
14089,14089,517,1,184.21
14090,14090,671,1,170.05
14091,14091,56,1,228.3
14092,14092,289,2,162.63
14093,14093,411,1,718.64
14094,14094,332,2,9.64
14095,14095,390,1,344.12
14096,14096,241,2,65.47
14097,14097,93,1,2679.93
14098,14098,138,1,1662.41
14099,14099,489,1,179.55
14100,14100,47,1,4980.55
14101,14101,70,1,1560.23
14102,14102,408,1,891.71
14103,14103,274,1,156.06
14104,14104,619,1,45.77
14105,14105,6,2,3654.05
14106,14106,534,3,95.47
14107,14107,118,4,1495.3
14108,14108,306,1,126.53
14109,14109,439,1,893.3
14110,14110,613,1,10.14
14111,14111,65,1,4813.41
14112,14112,296,1,249.01
14113,14113,607,2,121.04
14114,14114,395,3,708.14
14115,14115,461,1,454.62
14116,14116,444,3,601.08
14117,14117,685,4,12.22
14118,14118,669,1,113.44
14119,14119,502,2,93.61
14120,14120,539,3,172.0
14121,14121,328,3,130.01
14122,14122,463,1,688.82
14123,14123,737,1,783.55
14124,14124,260,1,222.35
14125,14125,25,1,446.54
14126,14126,281,1,116.88
14127,14127,723,3,181.75
14128,14128,294,1,20.24
14129,14129,499,4,175.95
14130,14130,275,2,225.47
14131,14131,637,1,228.07
14132,14132,195,4,43.89
14133,14133,698,1,7.94
14134,14134,703,1,12.69
14135,14135,472,2,101.9
14136,14136,461,2,454.62
14137,14137,425,2,114.07
14138,14138,234,2,83.07
14139,14139,601,4,43.38
14140,14140,531,2,22.73
14141,14141,411,1,718.64
14142,14142,719,1,329.85
14143,14143,415,1,320.0
14144,14144,715,1,780.68
14145,14145,371,2,870.18
14146,14146,484,1,96.02
14147,14147,312,1,143.72
14148,14148,726,2,758.05
14149,14149,489,1,179.55
14150,14150,545,1,183.48
14151,14151,162,1,2316.52
14152,14152,486,1,22.67
14153,14153,406,3,719.93
14154,14154,439,1,893.3
14155,14155,599,1,7.34
14156,14156,124,1,1143.91
14157,14157,676,1,257.69
14158,14158,737,1,783.55
14160,14160,307,5,245.13
14161,14161,666,1,37.97
14162,14162,463,1,688.82
14163,14163,456,3,403.71
14164,14164,256,4,161.82
14165,14165,669,1,113.44
14166,14166,313,1,228.72
14167,14167,687,3,531.25
14168,14168,323,1,77.5
14169,14169,433,1,204.49
14170,14170,514,1,31.2
14171,14171,54,2,3534.21
14172,14172,503,1,152.47
14173,14173,18,1,2350.88
14174,14174,389,1,574.36
14175,14175,105,1,545.57
14176,14176,452,2,889.45
14177,14177,73,1,3280.42
14178,14178,215,1,129.05
14179,14179,131,2,2983.31
14180,14180,413,1,614.79
14181,14181,620,3,120.92
14182,14182,345,1,130.52
14183,14183,91,3,2451.37
14184,14184,243,1,114.61
14185,14185,381,2,433.63
14186,14186,143,2,3554.71
14187,14187,299,1,221.54
14188,14188,6,4,3654.05
14189,14189,35,2,1264.03
14190,14190,35,1,1264.03
14191,14191,624,1,342.9
14192,14192,453,1,727.29
14193,14193,602,1,169.46
14194,14194,129,5,3943.37
14195,14195,250,2,41.58
14196,14196,85,1,405.86
14197,14197,58,3,3110.88
14198,14198,736,1,562.66
14199,14199,107,1,2427.81
14200,14200,579,4,271.64
14201,14201,130,2,3245.21
14202,14202,643,3,276.04
14204,14204,77,1,2287.96
14205,14205,553,4,156.88
14206,14206,594,3,59.48
14207,14207,456,1,403.71
14208,14208,26,5,2386.9
14209,14209,137,1,474.38
14210,14210,111,2,1395.81
14211,14211,728,3,289.32
14212,14212,6,1,3654.05
14213,14213,26,1,2386.9
14214,14214,56,1,228.3
14215,14215,107,5,2427.81
14216,14216,498,1,124.5
14217,14217,365,1,362.99
14218,14218,35,1,1264.03
14219,14219,44,1,2107.73
14220,14220,657,5,325.09
14221,14221,615,1,121.93
14222,14222,16,4,708.88
14223,14223,346,2,409.19
14224,14224,150,2,3819.1
14225,14225,8,1,3869.87
14226,14226,296,5,249.01
14227,14227,234,3,83.07
14228,14228,742,3,293.23
14229,14229,240,1,159.18
14230,14230,377,1,456.96
14231,14231,96,2,2119.38
14232,14232,616,2,211.57
14233,14233,667,2,85.14
14234,14234,464,1,45.44
14235,14235,74,1,4799.95
14236,14236,90,1,4768.07
14237,14237,53,1,239.54
14238,14238,33,1,2067.28
14239,14239,214,1,37.03
14240,14240,53,2,239.54
14241,14241,86,1,709.09
14242,14242,108,5,4157.03
14243,14243,338,2,710.75
14244,14244,240,1,159.18
14245,14245,298,2,211.96
14246,14246,90,2,4768.07
14247,14247,72,1,2748.72
14248,14248,234,1,83.07
14249,14249,637,1,228.07
14250,14250,309,1,49.25
14251,14251,204,4,34.18
14252,14252,177,3,2931.1
14253,14253,517,3,184.21
14254,14254,504,2,71.43
14255,14255,105,1,545.57
14256,14256,385,5,23.93
14257,14257,56,1,228.3
14258,14258,640,2,206.05
14259,14259,297,1,241.93
14260,14260,590,1,193.35
14261,14261,402,1,188.75
14262,14262,157,3,1189.15
14263,14263,591,1,108.18
14264,14264,395,3,708.14
14265,14265,301,1,141.06
14266,14266,556,2,55.68
14267,14267,60,1,4655.45
14268,14268,298,1,211.96
14269,14269,681,3,20.06
14270,14270,690,1,138.9
14271,14271,236,1,95.55
14272,14272,450,1,632.49
14273,14273,406,4,719.93
14274,14274,615,1,121.93
14275,14275,152,2,4060.81
14276,14276,218,2,119.33
14277,14277,561,1,131.2
14278,14278,631,1,22.35
14279,14279,691,1,21.76
14280,14280,264,1,231.67
14281,14281,742,1,293.23
14282,14282,710,1,644.85
14283,14283,626,1,181.24
14284,14284,163,1,1452.4
14285,14285,451,2,79.36
14286,14286,158,3,510.24
14287,14287,543,2,65.32
14288,14288,257,3,66.34
14289,14289,19,3,4426.24
14290,14290,461,1,454.62
14291,14291,293,2,33.69
14292,14292,343,3,524.69
14293,14293,40,2,4844.16
14294,14294,558,2,113.56
14295,14295,427,1,134.85
14296,14296,299,1,221.54
14297,14297,374,2,690.25
14298,14298,586,3,128.29
14299,14299,375,1,415.84
14300,14300,629,1,198.54
14301,14301,318,3,115.05
14302,14302,679,1,128.13
14303,14303,55,2,762.28
14304,14304,427,2,134.85
14305,14305,681,1,20.06
14306,14306,467,1,752.72
14307,14307,523,1,51.16
14308,14308,684,1,416.47
14309,14309,608,2,170.74
14310,14310,356,2,536.57
14311,14311,726,2,758.05
14312,14312,175,1,4900.1
14313,14313,26,2,2386.9
14314,14314,636,1,261.3
14315,14315,174,2,593.54
14316,14316,302,3,200.36
14317,14317,507,1,126.51
14318,14318,723,1,181.75
14319,14319,406,1,719.93
14320,14320,526,4,161.46
14321,14321,492,1,157.87
14322,14322,622,1,153.74
14323,14323,442,3,92.84
14324,14324,432,3,493.35
14325,14325,350,2,177.74
14326,14326,122,1,388.92
14327,14327,93,2,2679.93
14328,14328,17,1,816.7
14329,14329,48,1,4406.69
14330,14330,514,4,31.2
14331,14331,460,1,675.57
14332,14332,86,1,709.09
14333,14333,611,1,81.05
14334,14334,546,1,167.82
14335,14335,408,1,891.71
14336,14336,451,3,79.36
14337,14337,666,1,37.97
14338,14338,478,2,153.79
14339,14339,607,1,121.04
14340,14340,624,1,342.9
14341,14341,215,1,129.05
14342,14342,413,2,614.79
14343,14343,556,1,55.68
14344,14344,259,1,52.1
14345,14345,107,1,2427.81
14346,14346,675,1,167.34
14347,14347,50,3,3323.67
14348,14348,506,5,188.42
14349,14349,129,2,3943.37
14350,14350,584,5,61.78
14351,14351,731,1,733.38
14352,14352,512,1,45.47
14353,14353,533,2,123.06
14354,14354,672,1,213.88
14355,14355,51,2,794.12
14356,14356,697,1,603.63
14357,14357,233,1,166.88
14358,14358,570,5,131.96
14359,14359,601,2,43.38
14360,14360,565,2,57.29
14361,14361,89,5,1914.29
14362,14362,29,1,338.84
14363,14363,225,2,115.0
14364,14364,174,1,593.54
14365,14365,242,1,241.66
14366,14366,598,1,238.15
14367,14367,81,1,3344.53
14368,14368,258,1,204.86
14369,14369,532,1,84.1
14370,14370,755,3,759.14
14371,14371,502,2,93.61
14372,14372,174,1,593.54
14373,14373,681,4,20.06
14375,14375,534,5,95.47
14376,14376,420,1,410.11
14377,14377,119,1,246.66
14378,14378,251,4,210.05
14379,14379,535,2,73.33
14380,14380,106,1,3674.29
14381,14381,387,3,713.53
14382,14382,208,1,136.37
14383,14383,704,1,344.86
14384,14384,374,1,690.25
14385,14385,38,3,1340.7
14386,14386,441,1,249.15
14387,14387,233,4,166.88
14388,14388,33,1,2067.28
14389,14389,559,1,57.73
14390,14390,82,3,3071.0
14391,14391,309,2,49.25
14392,14392,505,1,76.84
14393,14393,364,2,114.4
14394,14394,270,1,164.12
14395,14395,651,1,303.26
14396,14396,596,1,29.96
14397,14397,485,4,101.15
14398,14398,547,1,92.5
14399,14399,376,1,500.95
14400,14400,498,4,124.5
14401,14401,426,2,351.49
14402,14402,646,1,316.95
14403,14403,300,1,146.0
14404,14404,258,1,204.86
14405,14405,345,1,130.52
14406,14406,461,1,454.62
14407,14407,300,1,146.0
14408,14408,99,1,1105.45
14409,14409,459,1,764.61
14410,14410,589,2,230.12
14411,14411,70,1,1560.23
14412,14412,462,2,127.45
14413,14413,616,1,211.57
14414,14414,134,1,4810.31
14415,14415,36,1,4845.59
14416,14416,467,1,752.72
14417,14417,415,3,320.0
14418,14418,709,2,493.91
14419,14419,748,2,691.2
14420,14420,605,1,255.63
14421,14421,448,1,795.1
14422,14422,371,1,870.18
14423,14423,361,1,830.77
14424,14424,165,1,4996.87
14425,14425,78,4,2010.26
14426,14426,403,2,446.99
14427,14427,23,2,4594.09
14428,14428,389,1,574.36
14429,14429,416,5,652.56
14430,14430,185,3,37.55
14431,14431,255,2,238.71
14432,14432,246,4,74.01
14433,14433,485,1,101.15
14434,14434,269,1,172.41
14435,14435,175,3,4900.1
14436,14436,179,1,4122.79
14437,14437,440,1,747.34
14438,14438,405,1,616.71
14439,14439,639,1,181.78
14440,14440,143,1,3554.71
14441,14441,512,1,45.47
14442,14442,684,1,416.47
14443,14443,448,2,795.1
14444,14444,727,1,198.94
14445,14445,63,1,2004.35
14446,14446,179,1,4122.79
14447,14447,421,3,729.76
14448,14448,455,1,322.55
14449,14449,541,1,85.54
14450,14450,568,1,138.43
14451,14451,129,1,3943.37
14452,14452,302,2,200.36
14453,14453,277,1,162.31
14454,14454,576,1,32.88
14455,14455,695,3,20.12
14456,14456,465,3,379.72
14457,14457,464,1,45.44
14458,14458,4,2,3496.72
14459,14459,549,1,170.94
14460,14460,411,2,718.64
14461,14461,311,1,129.43
14462,14462,163,1,1452.4
14463,14463,340,1,403.23
14464,14464,749,1,25.31
14465,14465,376,1,500.95
14466,14466,668,1,217.24
14467,14467,188,1,64.38
14468,14468,18,1,2350.88
14469,14469,143,1,3554.71
14470,14470,199,2,83.62
14471,14471,272,1,104.31
14472,14472,395,1,708.14
14473,14473,343,1,524.69
14474,14474,81,2,3344.53
14475,14475,237,2,54.46
14476,14476,53,1,239.54
14477,14477,143,3,3554.71
14478,14478,125,2,2155.56
14479,14479,41,1,2929.19
14480,14480,758,1,15.36
14481,14481,225,1,115.0
14482,14482,66,1,1582.1
14483,14483,613,2,10.14
14484,14484,13,1,349.61
14485,14485,1,2,714.89
14486,14486,723,4,181.75
14487,14487,607,1,121.04
14488,14488,93,2,2679.93
14489,14489,134,3,4810.31
14490,14490,219,1,113.42
14491,14491,331,1,28.98
14492,14492,73,2,3280.42
14493,14493,387,3,713.53
14494,14494,43,1,617.03
14495,14495,384,3,259.52
14496,14496,719,1,329.85
14497,14497,88,2,4526.09
14498,14498,250,1,41.58
14499,14499,483,2,162.06
14500,14500,623,5,286.06
14501,14501,503,1,152.47
14502,14502,497,1,20.54
14503,14503,619,2,45.77
14504,14504,359,2,773.2
14505,14505,751,2,27.9
14506,14506,294,1,20.24
14507,14507,634,1,86.2
14508,14508,332,2,9.64
14509,14509,234,1,83.07
14510,14510,508,1,111.49
14511,14511,451,1,79.36
14512,14512,449,2,340.93
14513,14513,474,1,170.43
14514,14514,107,4,2427.81
14515,14515,67,4,1288.51
14516,14516,683,2,473.02
14517,14517,130,1,3245.21
14518,14518,25,5,446.54
14519,14519,207,3,51.89
14520,14520,165,1,4996.87
14521,14521,729,3,493.75
14522,14522,695,5,20.12
14523,14523,320,1,66.66
14524,14524,7,1,3100.22
14525,14525,192,1,132.19
14526,14526,187,1,144.62
14527,14527,260,1,222.35
14528,14528,318,1,115.05
14529,14529,698,1,7.94
14530,14530,211,1,154.9
14531,14531,247,1,222.07
14532,14532,568,1,138.43
14533,14533,442,1,92.84
14534,14534,368,3,510.64
14535,14535,695,2,20.12
14536,14536,153,1,4827.45
14537,14537,576,2,32.88
14538,14538,603,2,296.14
14539,14539,332,5,9.64
14540,14540,117,1,2956.13
14541,14541,675,1,167.34
14542,14542,568,2,138.43
14543,14543,291,1,46.25
14544,14544,758,1,15.36
14545,14545,555,1,42.12
14546,14546,517,1,184.21
14547,14547,182,1,789.51
14548,14548,183,4,75.69
14549,14549,176,1,89.3
14550,14550,736,1,562.66
14551,14551,751,1,27.9
14552,14552,183,1,75.69
14553,14553,66,1,1582.1
14554,14554,586,2,128.29
14555,14555,24,1,4161.68
14556,14556,745,2,234.2
14557,14557,416,1,652.56
14558,14558,300,3,146.0
14560,14560,133,2,2998.21
14561,14561,202,2,189.56
14562,14562,328,1,130.01
14563,14563,508,2,111.49
14564,14564,437,2,483.72
14565,14565,72,1,2748.72
14566,14566,286,1,163.11
14567,14567,519,3,180.5
14568,14568,598,1,238.15
14569,14569,432,3,493.35
14570,14570,56,1,228.3
14571,14571,652,2,341.76
14572,14572,586,1,128.29
14573,14573,304,1,44.03
14574,14574,482,4,9.41
14575,14575,2,1,1108.81
14576,14576,423,1,532.42
14577,14577,119,1,246.66
14578,14578,741,2,652.35
14579,14579,537,2,81.58
14580,14580,419,3,175.87
14581,14581,248,1,101.44
14582,14582,251,1,210.05
14583,14583,508,1,111.49
14584,14584,733,1,417.93
14585,14585,222,1,55.73
14586,14586,443,1,527.93
14587,14587,169,1,966.85
14588,14588,347,1,775.65
14589,14589,440,1,747.34
14590,14590,53,1,239.54
14591,14591,218,3,119.33
14592,14592,207,1,51.89
14593,14593,256,1,161.82
14594,14594,37,1,1084.45
14595,14595,97,1,4760.55
14596,14596,149,1,3306.49
14597,14597,655,2,153.82
14598,14598,559,4,57.73
14599,14599,229,3,204.24
14600,14600,234,1,83.07
14601,14601,199,1,83.62
14602,14602,624,1,342.9
14603,14603,447,1,402.73
14604,14604,21,1,2548.24
14605,14605,293,1,33.69
14606,14606,269,1,172.41
14607,14607,355,1,887.26
14608,14608,328,1,130.01
14609,14609,744,1,264.79
14610,14610,752,2,526.27
14611,14611,612,3,159.03
14612,14612,442,1,92.84
14614,14614,414,1,272.92
14615,14615,234,1,83.07
14616,14616,197,1,166.43
14617,14617,485,2,101.15
14618,14618,326,1,219.08
14619,14619,409,1,329.97
14620,14620,390,1,344.12
14621,14621,8,2,3869.87
14622,14622,400,1,305.66
14623,14623,345,1,130.52
14624,14624,555,1,42.12
14625,14625,414,1,272.92
14626,14626,291,1,46.25
14627,14627,661,1,52.91
14628,14628,742,2,293.23
14629,14629,371,2,870.18
14630,14630,253,2,11.97
14631,14631,510,1,180.29
14632,14632,38,1,1340.7
14633,14633,734,3,86.88
14634,14634,36,1,4845.59
14635,14635,159,2,4519.04
14636,14636,720,1,414.03
14637,14637,510,1,180.29
14638,14638,49,1,3523.62
14639,14639,171,1,468.85
14640,14640,214,2,37.03
14641,14641,371,2,870.18
14642,14642,550,1,133.78
14643,14643,85,1,405.86
14644,14644,150,1,3819.1
14645,14645,52,1,1334.63
14646,14646,195,3,43.89
14647,14647,267,2,116.2
14648,14648,395,1,708.14
14649,14649,25,1,446.54
14650,14650,607,1,121.04
14651,14651,247,2,222.07
14652,14652,586,2,128.29
14653,14653,550,1,133.78
14654,14654,168,1,4516.61
14655,14655,641,1,57.17
14656,14656,368,2,510.64
14657,14657,539,1,172.0
14658,14658,289,1,162.63
14659,14659,472,1,101.9
14661,14661,160,1,744.93
14662,14662,403,2,446.99
14663,14663,291,1,46.25
14664,14664,700,1,474.11
14665,14665,353,1,218.55
14666,14666,580,2,48.76
14667,14667,550,4,133.78
14668,14668,668,1,217.24
14669,14669,515,1,179.25
14670,14670,719,2,329.85
14671,14671,677,1,233.28
14673,14673,171,3,468.85
14674,14674,53,2,239.54
14675,14675,340,1,403.23
14676,14676,221,2,195.84
14677,14677,673,1,30.45
14678,14678,732,3,435.82
14679,14679,330,1,191.25
14680,14680,148,1,1350.51
14681,14681,488,2,77.69
14682,14682,473,3,15.25
14683,14683,303,3,129.01
14684,14684,520,1,154.62
14685,14685,45,2,3586.63
14686,14686,748,5,691.2
14687,14687,620,1,120.92
14688,14688,403,1,446.99
14689,14689,285,1,161.67
14690,14690,135,1,3367.95
14691,14691,180,2,1535.73
14692,14692,430,1,206.26
14693,14693,237,2,54.46
14694,14694,324,2,186.75
14695,14695,680,2,235.32
14696,14696,713,2,527.9
14697,14697,275,4,225.47
14698,14698,714,1,560.86
14699,14699,632,1,54.65
14700,14700,102,1,398.45
14701,14701,379,2,342.01
14702,14702,347,1,775.65
14703,14703,122,1,388.92
14704,14704,192,1,132.19
14705,14705,103,2,3010.04
14706,14706,326,1,219.08
14707,14707,450,1,632.49
14708,14708,25,2,446.54
14709,14709,26,1,2386.9
14710,14710,310,1,54.16
14711,14711,129,1,3943.37
14712,14712,473,1,15.25
14713,14713,720,1,414.03
14714,14714,105,1,545.57
14715,14715,351,2,691.78
14716,14716,437,1,483.72
14717,14717,131,3,2983.31
14718,14718,204,2,34.18
14719,14719,379,1,342.01
14720,14720,365,2,362.99
14721,14721,401,1,774.95
14722,14722,566,1,65.14
14723,14723,376,1,500.95
14724,14724,489,1,179.55
14725,14725,164,1,1509.78
14726,14726,254,1,66.21
14727,14727,69,3,3327.89
14728,14728,690,1,138.9
14729,14729,334,1,36.6
14730,14730,538,2,82.44
14731,14731,9,2,2277.97
14732,14732,657,2,325.09
14733,14733,312,1,143.72
14734,14734,123,2,444.19
14735,14735,170,2,3238.77
14736,14736,720,5,414.03
14737,14737,151,2,1209.24
14738,14738,408,1,891.71
14739,14739,718,1,186.44
14740,14740,560,2,130.36
14741,14741,154,1,2061.68
14742,14742,173,3,1299.7
14743,14743,334,1,36.6
14744,14744,234,2,83.07
14745,14745,350,3,177.74
14746,14746,435,1,732.57
14747,14747,586,1,128.29
14748,14748,576,3,32.88
14749,14749,75,1,3103.91
14750,14750,14,2,4425.71
14751,14751,685,1,12.22
14752,14752,70,2,1560.23
14753,14753,474,3,170.43
14754,14754,579,5,271.64
14755,14755,210,1,190.56
14756,14756,634,3,86.2
14757,14757,709,3,493.91
14758,14758,169,3,966.85
14759,14759,159,1,4519.04
14760,14760,339,1,747.6
14761,14761,103,1,3010.04
14762,14762,375,1,415.84
14763,14763,430,1,206.26
14764,14764,279,2,39.39
14765,14765,63,2,2004.35
14766,14766,630,1,188.72
14767,14767,108,3,4157.03
14768,14768,41,1,2929.19
14769,14769,72,2,2748.72
14770,14770,395,2,708.14
14771,14771,393,1,687.59
14772,14772,226,1,119.73
14773,14773,524,2,140.52
14774,14774,226,2,119.73
14775,14775,311,2,129.43
14776,14776,91,4,2451.37
14777,14777,347,4,775.65
14778,14778,365,2,362.99
14779,14779,547,3,92.5
14780,14780,439,1,893.3
14781,14781,469,1,285.26
14782,14782,323,1,77.5
14783,14783,129,1,3943.37
14784,14784,621,2,231.82
14785,14785,307,1,245.13
14786,14786,411,4,718.64
14787,14787,508,1,111.49
14788,14788,116,1,4755.36
14789,14789,116,1,4755.36
14790,14790,644,1,233.5
14791,14791,730,1,257.12
14792,14792,64,1,3403.99
14793,14793,298,1,211.96
14794,14794,102,4,398.45
14795,14795,461,2,454.62
14796,14796,755,1,759.14
14797,14797,410,1,325.95
14798,14798,689,1,476.72
14800,14800,667,1,85.14
14801,14801,229,1,204.24
14802,14802,95,1,2284.39
14804,14804,699,1,41.44
14805,14805,90,1,4768.07
14806,14806,361,1,830.77
14807,14807,239,1,157.55
14808,14808,639,1,181.78
14809,14809,292,1,216.47
14810,14810,363,2,306.33
14811,14811,267,2,116.2
14812,14812,607,2,121.04
14813,14813,394,3,466.06
14814,14814,504,2,71.43
14815,14815,592,1,148.9
14816,14816,473,1,15.25
14817,14817,212,1,172.12
14818,14818,127,1,393.81
14819,14819,179,5,4122.79
14820,14820,255,2,238.71
14821,14821,476,1,11.53
14822,14822,451,1,79.36
14823,14823,241,2,65.47
14824,14824,168,1,4516.61
14825,14825,708,1,561.54
14826,14826,400,3,305.66
14827,14827,607,2,121.04
14828,14828,169,1,966.85
14829,14829,712,5,571.29
14830,14830,442,4,92.84
14831,14831,451,1,79.36
14832,14832,592,1,148.9
14833,14833,432,3,493.35
14834,14834,499,4,175.95
14835,14835,26,1,2386.9
14836,14836,748,1,691.2
14837,14837,335,1,847.16
14838,14838,708,2,561.54
14839,14839,698,2,7.94
14840,14840,33,1,2067.28
14841,14841,109,2,3059.44
14842,14842,706,1,148.71
14843,14843,120,1,530.88
14844,14844,681,1,20.06
14845,14845,720,1,414.03
14846,14846,453,1,727.29
14847,14847,134,5,4810.31
14848,14848,371,1,870.18
14849,14849,749,3,25.31
14850,14850,419,1,175.87
14851,14851,501,1,11.4
14852,14852,546,3,167.82
14853,14853,753,1,503.79
14855,14855,59,1,4057.63
14856,14856,507,1,126.51
14857,14857,82,2,3071.0
14858,14858,235,1,99.15
14859,14859,724,2,14.7
14860,14860,194,2,111.15
14861,14861,131,1,2983.31
14862,14862,592,1,148.9
14863,14863,82,1,3071.0
14864,14864,139,3,2285.02
14865,14865,687,2,531.25
14866,14866,221,1,195.84
14867,14867,135,1,3367.95
14868,14868,438,1,519.72
14869,14869,582,1,265.86
14870,14870,288,1,237.54
14871,14871,100,1,3744.66
14872,14872,83,2,4488.09
14873,14873,545,1,183.48
14874,14874,220,3,61.61
14875,14875,447,1,402.73
14876,14876,417,1,586.68
14877,14877,714,1,560.86
14878,14878,150,2,3819.1
14879,14879,480,3,150.12
14880,14880,419,1,175.87
14881,14881,369,1,525.43
14882,14882,302,1,200.36
14883,14883,254,1,66.21
14884,14884,276,1,141.09
14885,14885,754,1,264.87
14886,14886,486,2,22.67
14887,14887,400,1,305.66
14888,14888,291,1,46.25
14889,14889,29,1,338.84
14890,14890,624,1,342.9
14891,14891,133,2,2998.21
14892,14892,444,2,601.08
14893,14893,719,1,329.85
14894,14894,25,1,446.54
14895,14895,525,1,74.43
14896,14896,711,1,70.46
14897,14897,287,1,226.27
14898,14898,348,3,208.18
14899,14899,218,1,119.33
14900,14900,359,3,773.2
14901,14901,76,1,1011.66
14902,14902,475,3,50.23
14903,14903,17,1,816.7
14904,14904,594,3,59.48
14905,14905,20,1,36.15
14906,14906,204,3,34.18
14907,14907,702,1,211.43
14908,14908,571,1,160.51
14909,14909,749,4,25.31
14910,14910,674,2,270.13
14911,14911,547,2,92.5
14912,14912,639,3,181.78
14913,14913,102,1,398.45
14914,14914,106,2,3674.29
14915,14915,312,3,143.72
14916,14916,540,4,187.1
14917,14917,700,1,474.11
14918,14918,419,1,175.87
14919,14919,459,1,764.61
14920,14920,367,3,652.94
14921,14921,607,1,121.04
14922,14922,440,1,747.34
14923,14923,738,1,686.04
14924,14924,611,3,81.05
14925,14925,480,1,150.12
14926,14926,649,2,229.42
14927,14927,350,1,177.74
14928,14928,367,5,652.94
14929,14929,323,3,77.5
14930,14930,182,1,789.51
14931,14931,434,1,410.25
14932,14932,151,2,1209.24
14933,14933,619,1,45.77
14934,14934,541,2,85.54
14935,14935,264,2,231.67
14936,14936,625,1,105.77
14937,14937,476,4,11.53
14938,14938,125,2,2155.56
14939,14939,445,1,198.54
14940,14940,680,1,235.32
14941,14941,84,1,3195.54
14942,14942,391,1,229.33
14943,14943,11,1,1239.15
14944,14944,498,1,124.5
14945,14945,714,4,560.86
14946,14946,319,1,233.78
14947,14947,312,1,143.72
14948,14948,426,2,351.49
14949,14949,294,3,20.24
14950,14950,527,3,36.46
14951,14951,527,1,36.46
14952,14952,182,1,789.51
14953,14953,478,1,153.79
14954,14954,383,1,626.13
14955,14955,223,2,127.57
14956,14956,702,2,211.43
14957,14957,442,1,92.84
14958,14958,537,2,81.58
14959,14959,43,3,617.03
14960,14960,568,2,138.43
14961,14961,44,2,2107.73
14962,14962,382,2,304.82
14963,14963,687,1,531.25
14964,14964,88,1,4526.09
14965,14965,724,1,14.7
14966,14966,553,1,156.88
14967,14967,682,2,291.05
14968,14968,377,2,456.96
14969,14969,22,1,1010.57
14970,14970,105,1,545.57
14971,14971,215,1,129.05
14972,14972,429,5,642.02
14973,14973,723,2,181.75
14974,14974,34,2,564.15
14975,14975,1,1,714.89
14976,14976,667,1,85.14
14977,14977,151,3,1209.24
14978,14978,324,2,186.75
14979,14979,173,1,1299.7
14980,14980,715,2,780.68
14981,14981,587,3,49.39
14982,14982,613,1,10.14
14983,14983,352,3,39.87
14984,14984,637,1,228.07
14985,14985,326,1,219.08
14986,14986,185,3,37.55
14987,14987,607,1,121.04
14988,14988,298,3,211.96
14989,14989,274,3,156.06
14990,14990,668,1,217.24
14991,14991,288,1,237.54
14992,14992,87,1,2049.83
14993,14993,358,3,276.89
14994,14994,468,1,763.35
14995,14995,460,2,675.57
14996,14996,380,1,618.79
14997,14997,129,1,3943.37
14998,14998,263,1,114.41
14999,14999,15,1,3740.12
15000,15000,137,1,474.38
15002,15002,395,3,708.14
15003,15003,72,1,2748.72
15004,15004,543,1,65.32
15005,15005,433,1,204.49
15006,15006,139,1,2285.02
15007,15007,307,1,245.13
15008,15008,102,2,398.45
15009,15009,301,1,141.06
15010,15010,679,1,128.13
15011,15011,457,1,351.78
15012,15012,446,1,768.65
15013,15013,110,1,1076.35
15014,15014,571,1,160.51
15015,15015,141,3,2601.82
15016,15016,629,1,198.54
15017,15017,174,1,593.54
15018,15018,71,1,3331.34
15019,15019,223,1,127.57
15020,15020,539,1,172.0
15021,15021,355,1,887.26
15022,15022,213,1,21.25
15023,15023,496,3,186.76
15024,15024,417,1,586.68
15025,15025,638,1,105.78
15026,15026,478,1,153.79
15027,15027,687,1,531.25
15028,15028,372,1,160.64
15029,15029,248,3,101.44
15030,15030,602,2,169.46
15031,15031,382,1,304.82
15032,15032,530,2,40.14
15033,15033,298,2,211.96
15034,15034,494,2,53.12
15035,15035,75,2,3103.91
15036,15036,533,1,123.06
15037,15037,457,1,351.78
15038,15038,665,1,348.02
15039,15039,547,1,92.5
15040,15040,505,2,76.84
15041,15041,717,1,582.82
15042,15042,538,1,82.44
15043,15043,750,1,70.48
15044,15044,259,1,52.1
15045,15045,284,2,62.55
15046,15046,558,1,113.56
15047,15047,641,1,57.17
15048,15048,204,1,34.18
15049,15049,688,1,174.08
15050,15050,139,1,2285.02
15051,15051,182,1,789.51
15052,15052,453,1,727.29
15053,15053,380,2,618.79
15054,15054,713,1,527.9
15055,15055,96,4,2119.38
15056,15056,631,2,22.35
15057,15057,209,2,86.49
15058,15058,122,1,388.92
15060,15060,154,1,2061.68
15061,15061,591,1,108.18
15062,15062,70,1,1560.23
15063,15063,540,1,187.1
15064,15064,391,4,229.33
15065,15065,262,1,217.51
15066,15066,48,1,4406.69
15067,15067,579,5,271.64
15068,15068,508,4,111.49
15069,15069,439,1,893.3
15070,15070,147,1,4322.84
15071,15071,131,1,2983.31
15072,15072,723,1,181.75
15073,15073,254,1,66.21
15074,15074,324,1,186.75
15075,15075,3,2,2733.8
15076,15076,367,4,652.94
15077,15077,225,1,115.0
15078,15078,183,3,75.69
15079,15079,743,1,545.9
15080,15080,457,1,351.78
15081,15081,703,3,12.69
15082,15082,310,5,54.16
15083,15083,94,1,2154.48
15084,15084,477,1,174.42
15085,15085,188,2,64.38
15086,15086,410,3,325.95
15087,15087,96,2,2119.38
15088,15088,68,1,3602.75
15089,15089,412,2,506.6
15090,15090,243,2,114.61
15091,15091,159,1,4519.04
15092,15092,614,1,337.25
15093,15093,103,2,3010.04
15094,15094,77,4,2287.96
15095,15095,395,1,708.14
15096,15096,612,2,159.03
15097,15097,628,3,49.89
15098,15098,205,1,203.34
15099,15099,690,3,138.9
15100,15100,342,3,608.75
15101,15101,741,1,652.35
15102,15102,160,3,744.93
15103,15103,85,1,405.86
15104,15104,206,4,175.81
15105,15105,672,1,213.88
15106,15106,533,2,123.06
15107,15107,661,2,52.91
15108,15108,579,3,271.64
15109,15109,73,2,3280.42
15110,15110,620,1,120.92
15111,15111,180,4,1535.73
15112,15112,544,1,101.66
15113,15113,71,1,3331.34
15114,15114,696,1,147.69
15115,15115,329,4,164.88
15116,15116,129,2,3943.37
15117,15117,640,5,206.05
15118,15118,631,1,22.35
15119,15119,247,3,222.07
15120,15120,306,1,126.53
15121,15121,50,3,3323.67
15122,15122,461,1,454.62
15123,15123,475,2,50.23
15124,15124,741,2,652.35
15125,15125,88,1,4526.09
15126,15126,633,5,39.45
15127,15127,156,1,4299.51
15128,15128,592,5,148.9
15129,15129,416,1,652.56
15130,15130,682,1,291.05
15131,15131,440,3,747.34
15132,15132,391,2,229.33
15133,15133,360,1,505.98
15134,15134,590,1,193.35
15135,15135,10,1,3515.06
15136,15136,402,1,188.75
15137,15137,183,1,75.69
15138,15138,399,4,451.25
15139,15139,335,3,847.16
15141,15141,440,1,747.34
15142,15142,329,5,164.88
15144,15144,57,1,1262.65
15145,15145,215,1,129.05
15146,15146,644,2,233.5
15147,15147,625,3,105.77
15148,15148,700,1,474.11
15149,15149,79,2,4429.61
15150,15150,35,1,1264.03
15151,15151,230,1,67.94
15152,15152,162,1,2316.52
15153,15153,112,1,2784.77
15154,15154,241,1,65.47
15155,15155,242,1,241.66
15156,15156,487,1,127.54
15157,15157,328,1,130.01
15158,15158,624,1,342.9
15159,15159,353,1,218.55
15160,15160,707,1,620.93
15161,15161,353,1,218.55
15162,15162,24,1,4161.68
15163,15163,661,1,52.91
15164,15164,405,2,616.71
15165,15165,438,1,519.72
15166,15166,678,1,59.08
15167,15167,75,2,3103.91
15168,15168,542,1,173.49
15169,15169,420,1,410.11
15170,15170,6,3,3654.05
15171,15171,575,1,27.16
15172,15172,603,1,296.14
15173,15173,300,2,146.0
15174,15174,251,1,210.05
15175,15175,231,1,101.74
15176,15176,701,1,614.32
15177,15177,380,5,618.79
15178,15178,138,1,1662.41
15179,15179,663,1,298.59
15180,15180,46,1,1594.55
15181,15181,119,1,246.66
15182,15182,542,1,173.49
15183,15183,314,1,67.65
15184,15184,579,1,271.64
15185,15185,267,1,116.2
15186,15186,490,1,91.21
15187,15187,16,1,708.88
15188,15188,36,1,4845.59
15189,15189,740,4,452.77
15190,15190,595,1,317.77
15191,15191,598,2,238.15
15192,15192,238,1,130.85
15193,15193,198,3,108.13
15194,15194,394,1,466.06
15195,15195,65,1,4813.41
15196,15196,510,4,180.29
15198,15198,303,1,129.01
15199,15199,174,1,593.54
15200,15200,584,2,61.78
15201,15201,595,1,317.77
15202,15202,744,2,264.79
15203,15203,238,5,130.85
15204,15204,313,1,228.72
15205,15205,619,1,45.77
15206,15206,445,1,198.54
15207,15207,272,2,104.31
15208,15208,643,3,276.04
15209,15209,308,4,166.64
15210,15210,423,2,532.42
15211,15211,552,2,86.71
15212,15212,386,3,511.91
15213,15213,409,1,329.97
15214,15214,142,3,2755.1
15215,15215,548,1,79.31
15216,15216,673,2,30.45
15217,15217,476,1,11.53
15218,15218,218,1,119.33
15219,15219,14,1,4425.71
15220,15220,186,1,152.5
15221,15221,162,2,2316.52
15222,15222,50,1,3323.67
15223,15223,150,3,3819.1
15224,15224,592,2,148.9
15225,15225,42,2,418.95
15226,15226,608,2,170.74
15227,15227,56,1,228.3
15228,15228,102,1,398.45
15229,15229,564,1,78.46
15231,15231,712,1,571.29
15232,15232,690,2,138.9
15233,15233,215,2,129.05
15234,15234,30,4,1160.12
15235,15235,24,1,4161.68
15236,15236,437,1,483.72
15237,15237,713,1,527.9
15238,15238,555,1,42.12
15239,15239,116,2,4755.36
15240,15240,622,4,153.74
15241,15241,408,1,891.71
15242,15242,532,1,84.1
15243,15243,79,4,4429.61
15244,15244,754,1,264.87
15245,15245,712,1,571.29
15246,15246,588,1,225.54
15247,15247,640,1,206.05
15248,15248,360,1,505.98
15249,15249,119,2,246.66
15250,15250,366,4,329.73
15251,15251,327,1,232.68
15252,15252,724,2,14.7
15253,15253,186,1,152.5
15254,15254,423,2,532.42
15255,15255,67,2,1288.51
15256,15256,402,1,188.75
15257,15257,17,1,816.7
15258,15258,374,3,690.25
15259,15259,202,1,189.56
15260,15260,383,1,626.13
15261,15261,596,1,29.96
15262,15262,566,2,65.14
15263,15263,433,2,204.49
15264,15264,192,5,132.19
15265,15265,7,1,3100.22
15266,15266,555,3,42.12
15267,15267,182,2,789.51
15268,15268,558,1,113.56
15269,15269,428,4,441.29
15270,15270,51,2,794.12
15271,15271,117,1,2956.13
15272,15272,683,2,473.02
15273,15273,43,3,617.03
15274,15274,26,1,2386.9
15275,15275,71,2,3331.34
15276,15276,648,1,12.54
15277,15277,181,1,2279.14
15278,15278,149,3,3306.49
15279,15279,569,1,141.29
15280,15280,503,2,152.47
15281,15281,263,1,114.41
15282,15282,134,1,4810.31
15283,15283,646,2,316.95
15284,15284,151,2,1209.24
15285,15285,394,1,466.06
15286,15286,517,1,184.21
15287,15287,450,4,632.49
15288,15288,105,1,545.57
15289,15289,140,2,2582.68
15290,15290,6,2,3654.05
15291,15291,350,1,177.74
15292,15292,756,2,454.23
15293,15293,258,1,204.86
15294,15294,62,1,2312.3
15296,15296,488,1,77.69
15297,15297,125,3,2155.56
15298,15298,297,2,241.93
15299,15299,309,3,49.25
15300,15300,661,1,52.91
15301,15301,436,1,391.06
15302,15302,627,1,222.86
15303,15303,732,1,435.82
15304,15304,434,1,410.25
15305,15305,488,1,77.69
15306,15306,291,1,46.25
15307,15307,152,1,4060.81
15308,15308,467,1,752.72
15309,15309,435,1,732.57
15310,15310,488,1,77.69
15311,15311,515,3,179.25
15312,15312,279,1,39.39
15313,15313,84,1,3195.54
15314,15314,500,1,83.92
15315,15315,261,1,69.29
15316,15316,535,1,73.33
15317,15317,523,1,51.16
15318,15318,74,4,4799.95
15319,15319,512,1,45.47
15320,15320,543,4,65.32
15321,15321,405,1,616.71
15322,15322,217,2,109.07
15323,15323,327,3,232.68
15324,15324,684,2,416.47
15325,15325,604,2,66.71
15326,15326,139,2,2285.02
15327,15327,433,1,204.49
15328,15328,408,4,891.71
15329,15329,156,5,4299.51
15330,15330,495,1,106.76
15331,15331,611,4,81.05
15332,15332,673,3,30.45
15333,15333,158,1,510.24
15334,15334,80,1,2333.45
15335,15335,462,4,127.45
15336,15336,184,1,95.76
15337,15337,322,3,46.21
15338,15338,460,1,675.57
15339,15339,700,1,474.11
15340,15340,377,1,456.96
15341,15341,624,1,342.9
15342,15342,308,1,166.64
15343,15343,460,2,675.57
15344,15344,105,3,545.57
15345,15345,220,3,61.61
15346,15346,323,2,77.5
15347,15347,565,1,57.29
15348,15348,484,1,96.02
15349,15349,82,2,3071.0
15350,15350,421,5,729.76
15351,15351,575,2,27.16
15352,15352,194,1,111.15
15353,15353,359,1,773.2
15354,15354,567,5,49.45
15355,15355,37,1,1084.45
15356,15356,615,1,121.93
15357,15357,698,1,7.94
15358,15358,137,1,474.38
15359,15359,682,1,291.05
15360,15360,552,1,86.71
15361,15361,302,1,200.36
15362,15362,601,1,43.38
15363,15363,755,1,759.14
15364,15364,351,2,691.78
15365,15365,426,1,351.49
15366,15366,241,1,65.47
15367,15367,172,2,2706.24
15368,15368,182,4,789.51
15369,15369,532,2,84.1
15370,15370,212,2,172.12
15371,15371,338,1,710.75
15372,15372,401,1,774.95
15373,15373,133,1,2998.21
15374,15374,3,2,2733.8
15375,15375,234,4,83.07
15376,15376,440,1,747.34
15377,15377,266,1,167.93
15378,15378,664,4,43.65
15379,15379,610,2,29.89
15380,15380,649,1,229.42
15381,15381,674,1,270.13
15382,15382,305,1,103.09
15383,15383,317,4,91.51
15384,15384,95,1,2284.39
15385,15385,387,2,713.53
15386,15386,503,1,152.47
15387,15387,544,3,101.66
15388,15388,252,1,37.48
15389,15389,98,1,1012.81
15390,15390,559,3,57.73
15391,15391,453,2,727.29
15392,15392,189,1,246.97
15393,15393,146,1,2765.29
15394,15394,4,1,3496.72
15395,15395,465,1,379.72
15396,15396,593,1,176.21
15397,15397,633,1,39.45
15398,15398,113,4,1123.54
15399,15399,446,1,768.65
15400,15400,459,1,764.61
15401,15401,169,2,966.85
15402,15402,532,1,84.1
15403,15403,435,1,732.57
15404,15404,188,1,64.38
15405,15405,22,1,1010.57
15406,15406,103,1,3010.04
15407,15407,323,2,77.5
15408,15408,443,2,527.93
15409,15409,511,1,184.51
15410,15410,407,1,279.51
15411,15411,173,2,1299.7
15412,15412,135,1,3367.95
15413,15413,661,1,52.91
15414,15414,453,5,727.29
15415,15415,95,1,2284.39
15416,15416,130,1,3245.21
15417,15417,225,1,115.0
15418,15418,92,3,3994.74
15419,15419,109,1,3059.44
15420,15420,110,1,1076.35
15421,15421,646,2,316.95
15422,15422,33,1,2067.28
15423,15423,368,2,510.64
15424,15424,183,5,75.69
15425,15425,538,1,82.44
15426,15426,213,1,21.25
15427,15427,268,5,237.38
15428,15428,502,3,93.61
15429,15429,342,1,608.75
15430,15430,341,2,59.51
15431,15431,469,1,285.26
15432,15432,614,1,337.25
15433,15433,483,2,162.06
15434,15434,716,1,471.75
15435,15435,689,2,476.72
15436,15436,611,1,81.05
15437,15437,344,1,805.84
15438,15438,352,1,39.87
15439,15439,103,1,3010.04
15440,15440,230,1,67.94
15441,15441,451,1,79.36
15442,15442,479,1,148.09
15443,15443,347,1,775.65
15444,15444,232,3,23.94
15445,15445,424,4,274.72
15446,15446,439,1,893.3
15447,15447,490,2,91.21
15448,15448,367,4,652.94
15449,15449,701,1,614.32
15450,15450,750,1,70.48
15451,15451,354,4,736.04
15452,15452,433,2,204.49
15454,15454,641,1,57.17
15455,15455,695,1,20.12
15456,15456,505,1,76.84
15457,15457,81,2,3344.53
15458,15458,337,1,684.03
15459,15459,215,1,129.05
15460,15460,425,1,114.07
15461,15461,609,1,216.06
15462,15462,40,2,4844.16
15463,15463,269,1,172.41
15464,15464,244,1,47.21
15465,15465,60,1,4655.45
15466,15466,509,1,37.13
15467,15467,577,1,345.37
15468,15468,87,4,2049.83
15469,15469,222,1,55.73
15470,15470,192,1,132.19
15471,15471,363,5,306.33
15472,15472,678,2,59.08
15473,15473,263,2,114.41
15474,15474,740,1,452.77
15475,15475,168,1,4516.61
15476,15476,54,1,3534.21
15477,15477,105,2,545.57
15478,15478,63,1,2004.35
15479,15479,500,1,83.92
15480,15480,527,1,36.46
15481,15481,543,1,65.32
15482,15482,474,1,170.43
15483,15483,81,5,3344.53
15484,15484,17,1,816.7
15485,15485,335,1,847.16
15486,15486,176,1,89.3
15487,15487,406,1,719.93
15488,15488,69,1,3327.89
15489,15489,544,1,101.66
15490,15490,741,1,652.35
15491,15491,685,3,12.22
15492,15492,384,1,259.52
15493,15493,354,1,736.04
15494,15494,50,2,3323.67
15495,15495,64,3,3403.99
15496,15496,592,2,148.9
15497,15497,361,2,830.77
15498,15498,600,2,334.45
15499,15499,479,3,148.09
15500,15500,314,2,67.65
15501,15501,660,5,238.33
15502,15502,324,5,186.75
15503,15503,423,3,532.42
15504,15504,731,3,733.38
15505,15505,550,1,133.78
15506,15506,9,2,2277.97
15507,15507,667,1,85.14
15508,15508,404,1,359.7
15509,15509,719,1,329.85
15510,15510,671,1,170.05
15511,15511,347,2,775.65
15512,15512,255,1,238.71
15513,15513,740,1,452.77
15514,15514,10,1,3515.06
15515,15515,71,1,3331.34
15516,15516,422,1,111.41
15517,15517,16,1,708.88
15518,15518,244,3,47.21
15519,15519,627,1,222.86
15520,15520,284,1,62.55
15521,15521,41,1,2929.19
15522,15522,468,1,763.35
15523,15523,746,3,341.49
15524,15524,464,1,45.44
15525,15525,697,1,603.63
15526,15526,566,1,65.14
15527,15527,648,1,12.54
15528,15528,649,2,229.42
15529,15529,533,1,123.06
15530,15530,728,1,289.32
15531,15531,416,1,652.56
15532,15532,8,3,3869.87
15533,15533,458,1,230.86
15534,15534,643,1,276.04
15535,15535,730,1,257.12
15536,15536,473,1,15.25
15537,15537,557,5,10.64
15538,15538,573,1,46.31
15539,15539,261,2,69.29
15540,15540,294,1,20.24
15541,15541,629,2,198.54
15542,15542,4,1,3496.72
15543,15543,418,1,304.57
15544,15544,403,1,446.99
15545,15545,132,3,1534.36
15546,15546,629,1,198.54
15547,15547,108,3,4157.03
15548,15548,401,1,774.95
15549,15549,159,2,4519.04
15550,15550,510,2,180.29
15551,15551,693,2,120.16
15552,15552,602,1,169.46
15553,15553,540,2,187.1
15554,15554,266,3,167.93
15555,15555,337,1,684.03
15556,15556,23,3,4594.09
15557,15557,757,1,187.1
15558,15558,318,1,115.05
15559,15559,289,1,162.63
15560,15560,558,1,113.56
15561,15561,381,1,433.63
15562,15562,615,1,121.93
15563,15563,23,2,4594.09
15564,15564,47,1,4980.55
15565,15565,331,1,28.98
15566,15566,173,2,1299.7
15567,15567,582,1,265.86
15568,15568,647,1,115.03
15569,15569,459,1,764.61
15570,15570,202,1,189.56
15571,15571,108,3,4157.03
15572,15572,134,1,4810.31
15573,15573,242,1,241.66
15574,15574,229,1,204.24
15575,15575,283,1,209.19
15576,15576,471,1,149.5
15577,15577,684,1,416.47
15578,15578,90,2,4768.07
15579,15579,654,1,202.93
15580,15580,113,2,1123.54
15581,15581,445,3,198.54
15582,15582,250,5,41.58
15583,15583,694,1,738.42
15584,15584,194,2,111.15
15585,15585,510,2,180.29
15586,15586,671,1,170.05
15587,15587,275,4,225.47
15588,15588,708,1,561.54
15589,15589,51,2,794.12
15590,15590,661,3,52.91
15591,15591,628,2,49.89
15592,15592,455,1,322.55
15593,15593,529,1,125.91
15594,15594,443,1,527.93
15595,15595,677,2,233.28
15596,15596,93,1,2679.93
15597,15597,475,1,50.23
15598,15598,554,1,30.09
15599,15599,384,1,259.52
15600,15600,458,1,230.86
15601,15601,399,4,451.25
15602,15602,105,5,545.57
15603,15603,17,2,816.7
15604,15604,487,3,127.54
15605,15605,355,1,887.26
15606,15606,121,1,4828.17
15607,15607,211,1,154.9
15608,15608,481,1,189.58
15609,15609,757,5,187.1
15610,15610,617,1,291.13
15611,15611,276,1,141.09
15612,15612,182,5,789.51
15613,15613,69,2,3327.89
15614,15614,218,1,119.33
15615,15615,668,2,217.24
15616,15616,310,2,54.16
15617,15617,562,1,117.53
15618,15618,288,1,237.54
15619,15619,463,1,688.82
15620,15620,704,1,344.86
15621,15621,475,1,50.23
15622,15622,605,1,255.63
15623,15623,414,2,272.92
15624,15624,286,1,163.11
15625,15625,524,3,140.52
15626,15626,586,2,128.29
15627,15627,239,1,157.55
15628,15628,617,2,291.13
15629,15629,427,1,134.85
15630,15630,43,1,617.03
15631,15631,540,1,187.1
15632,15632,379,1,342.01
15633,15633,204,1,34.18
15634,15634,727,1,198.94
15635,15635,215,1,129.05
15636,15636,85,2,405.86
15637,15637,496,1,186.76
15638,15638,77,1,2287.96
15640,15640,380,1,618.79
15641,15641,378,1,224.45
15642,15642,622,1,153.74
15643,15643,386,2,511.91
15644,15644,538,1,82.44
15645,15645,116,1,4755.36
15646,15646,80,3,2333.45
15647,15647,372,5,160.64
15649,15649,160,1,744.93
15650,15650,410,3,325.95
15651,15651,635,1,138.08
15652,15652,650,4,190.13
15653,15653,43,1,617.03
15654,15654,129,3,3943.37
15655,15655,448,1,795.1
15656,15656,446,1,768.65
15657,15657,423,2,532.42
15658,15658,416,1,652.56
15659,15659,581,1,5.61
15660,15660,675,2,167.34
15661,15661,589,3,230.12
15662,15662,446,1,768.65
15663,15663,71,4,3331.34
15664,15664,537,5,81.58
15665,15665,286,1,163.11
15666,15666,306,1,126.53
15667,15667,273,1,101.64
15668,15668,60,1,4655.45
15669,15669,613,1,10.14
15670,15670,359,3,773.2
15671,15671,365,2,362.99
15672,15672,610,1,29.89
15673,15673,508,1,111.49
15674,15674,359,2,773.2
15675,15675,601,1,43.38
15676,15676,323,2,77.5
15677,15677,188,1,64.38
15678,15678,446,2,768.65
15679,15679,363,1,306.33
15680,15680,165,1,4996.87
15681,15681,350,1,177.74
15682,15682,602,2,169.46
15683,15683,424,1,274.72
15684,15684,566,1,65.14
15685,15685,40,1,4844.16
15686,15686,590,2,193.35
15687,15687,241,2,65.47
15688,15688,334,1,36.6
15689,15689,414,1,272.92
15690,15690,613,1,10.14
15691,15691,597,1,95.38
15692,15692,354,1,736.04
15693,15693,724,4,14.7
15694,15694,154,1,2061.68
15695,15695,264,4,231.67
15696,15696,136,1,4582.03
15697,15697,122,1,388.92
15698,15698,100,3,3744.66
15699,15699,170,4,3238.77
15700,15700,408,4,891.71
15701,15701,36,1,4845.59
15702,15702,455,1,322.55
15703,15703,284,2,62.55
15704,15704,658,1,324.63
15705,15705,307,1,245.13
15706,15706,332,1,9.64
15707,15707,326,2,219.08
15708,15708,529,1,125.91
15709,15709,556,2,55.68
15710,15710,719,2,329.85
15711,15711,221,2,195.84
15712,15712,590,2,193.35
15713,15713,653,3,162.88
15714,15714,43,1,617.03
15715,15715,553,1,156.88
15716,15716,353,3,218.55
15717,15717,144,2,4210.19
15718,15718,177,2,2931.1
15719,15719,65,3,4813.41
15720,15720,682,1,291.05
15721,15721,433,2,204.49
15722,15722,521,1,142.88
15723,15723,277,5,162.31
15724,15724,224,1,163.59
15725,15725,124,1,1143.91
15726,15726,372,1,160.64
15727,15727,224,2,163.59
15728,15728,414,1,272.92
15729,15729,110,5,1076.35
15730,15730,141,2,2601.82
15731,15731,4,3,3496.72
15732,15732,693,1,120.16
15733,15733,286,1,163.11
15734,15734,61,5,558.31
15735,15735,15,1,3740.12
15736,15736,625,2,105.77
15737,15737,522,1,157.0
15738,15738,590,1,193.35
15739,15739,281,3,116.88
15740,15740,439,3,893.3
15741,15741,645,5,168.29
15742,15742,513,1,29.13
15743,15743,379,3,342.01
15744,15744,751,3,27.9
15745,15745,632,3,54.65
15746,15746,70,2,1560.23
15747,15747,424,3,274.72
15748,15748,512,1,45.47
15749,15749,451,1,79.36
15750,15750,541,1,85.54
15751,15751,374,1,690.25
15752,15752,138,1,1662.41
15753,15753,573,2,46.31
15754,15754,318,1,115.05
15755,15755,126,2,3818.42
15756,15756,599,2,7.34
15757,15757,289,1,162.63
15758,15758,105,1,545.57
15759,15759,754,1,264.87
15760,15760,77,1,2287.96
15761,15761,462,1,127.45
15762,15762,180,1,1535.73
15763,15763,427,1,134.85
15764,15764,541,1,85.54
15765,15765,580,1,48.76
15766,15766,210,1,190.56
15767,15767,618,1,174.37
15768,15768,700,1,474.11
15769,15769,60,5,4655.45
15770,15770,237,1,54.46
15771,15771,44,1,2107.73
15772,15772,110,1,1076.35
15773,15773,743,1,545.9
15774,15774,740,2,452.77
15775,15775,718,1,186.44
15776,15776,201,1,143.89
15777,15777,223,1,127.57
15778,15778,314,1,67.65
15779,15779,551,1,148.19
15780,15780,700,1,474.11
15781,15781,715,2,780.68
15782,15782,379,1,342.01
15783,15783,471,3,149.5
15784,15784,115,3,1546.97
15785,15785,72,1,2748.72
15786,15786,197,1,166.43
15787,15787,522,3,157.0
15788,15788,529,2,125.91
15789,15789,605,5,255.63
15790,15790,470,1,155.8
15791,15791,39,1,4977.19
15792,15792,512,1,45.47
15793,15793,678,1,59.08
15794,15794,216,1,119.25
15795,15795,597,1,95.38
15796,15796,557,1,10.64
15797,15797,332,3,9.64
15798,15798,679,1,128.13
15799,15799,583,3,243.95
15800,15800,174,1,593.54
15801,15801,301,4,141.06
15802,15802,694,2,738.42
15803,15803,422,3,111.41
15804,15804,497,1,20.54
15805,15805,755,3,759.14
15806,15806,622,2,153.74
15807,15807,476,1,11.53
15808,15808,592,3,148.9
15809,15809,167,1,3435.27
15810,15810,366,1,329.73
15811,15811,736,3,562.66
15812,15812,566,1,65.14
15813,15813,321,1,108.01
15814,15814,20,1,36.15
15815,15815,574,1,90.79
15816,15816,640,2,206.05
15817,15817,169,1,966.85
15818,15818,154,2,2061.68
15819,15819,273,1,101.64
15820,15820,623,1,286.06
15821,15821,208,2,136.37
15822,15822,377,1,456.96
15823,15823,442,3,92.84
15824,15824,742,1,293.23
15825,15825,257,2,66.34
15826,15826,532,2,84.1
15827,15827,681,1,20.06
15828,15828,88,3,4526.09
15829,15829,534,1,95.47
15830,15830,180,1,1535.73
15831,15831,92,3,3994.74
15832,15832,730,2,257.12
15833,15833,711,1,70.46
15834,15834,561,2,131.2
15835,15835,373,1,581.2
15836,15836,426,2,351.49
15837,15837,44,3,2107.73
15838,15838,511,3,184.51
15839,15839,184,1,95.76
15840,15840,126,1,3818.42
15841,15841,594,1,59.48
15842,15842,58,1,3110.88
15843,15843,541,1,85.54
15844,15844,186,2,152.5
15845,15845,102,1,398.45
15846,15846,419,1,175.87
15847,15847,158,1,510.24
15848,15848,54,4,3534.21
15849,15849,118,3,1495.3
15850,15850,322,1,46.21
15851,15851,737,1,783.55
15852,15852,369,4,525.43
15853,15853,194,3,111.15
15854,15854,268,3,237.38
15855,15855,485,1,101.15
15856,15856,166,2,1493.43
15857,15857,268,1,237.38
15858,15858,587,1,49.39
15859,15859,150,1,3819.1
15860,15860,726,1,758.05
15861,15861,390,5,344.12
15862,15862,374,1,690.25
15863,15863,728,1,289.32
15864,15864,67,1,1288.51
15865,15865,39,1,4977.19
15866,15866,184,4,95.76
15867,15867,256,2,161.82
15868,15868,465,2,379.72
15869,15869,23,1,4594.09
15870,15870,43,1,617.03
15871,15871,331,2,28.98
15872,15872,610,1,29.89
15873,15873,417,1,586.68
15874,15874,21,2,2548.24
15875,15875,524,1,140.52
15876,15876,360,4,505.98
15877,15877,206,1,175.81
15878,15878,359,2,773.2
15879,15879,299,1,221.54
15880,15880,205,1,203.34
15881,15881,531,2,22.73
15882,15882,489,1,179.55
15883,15883,81,2,3344.53
15884,15884,513,1,29.13
15885,15885,199,2,83.62
15886,15886,751,1,27.9
15887,15887,721,2,453.58
15888,15888,197,1,166.43
15889,15889,686,1,229.67
15890,15890,3,2,2733.8
15891,15891,163,5,1452.4
15892,15892,112,4,2784.77
15893,15893,679,1,128.13
15894,15894,307,1,245.13
15895,15895,604,1,66.71
15896,15896,567,3,49.45
15897,15897,564,2,78.46
15898,15898,241,1,65.47
15899,15899,597,2,95.38
15900,15900,521,2,142.88
15901,15901,653,3,162.88
15902,15902,370,1,751.68
15903,15903,405,2,616.71
15905,15905,650,1,190.13
15906,15906,733,2,417.93
15907,15907,522,2,157.0
15908,15908,682,1,291.05
15909,15909,647,1,115.03
15910,15910,283,1,209.19
15911,15911,253,1,11.97
15912,15912,406,1,719.93
15913,15913,451,1,79.36
15914,15914,578,3,222.33
15915,15915,558,1,113.56
15916,15916,418,1,304.57
15917,15917,49,1,3523.62
15918,15918,543,3,65.32
15919,15919,335,2,847.16
15920,15920,8,1,3869.87
15921,15921,321,1,108.01
15922,15922,45,2,3586.63
15923,15923,565,1,57.29
15924,15924,138,1,1662.41
15925,15925,543,3,65.32
15926,15926,420,5,410.11
15927,15927,492,1,157.87
15928,15928,344,4,805.84
15929,15929,652,1,341.76
15930,15930,525,1,74.43
15931,15931,270,2,164.12
15932,15932,460,1,675.57
15933,15933,554,1,30.09
15934,15934,711,5,70.46
15935,15935,413,3,614.79
15936,15936,453,1,727.29
15937,15937,149,1,3306.49
15938,15938,94,1,2154.48
15939,15939,583,1,243.95
15940,15940,562,1,117.53
15941,15941,149,2,3306.49
15942,15942,348,1,208.18
15943,15943,690,1,138.9
15944,15944,605,1,255.63
15945,15945,317,2,91.51
15946,15946,445,3,198.54
15947,15947,748,1,691.2
15948,15948,567,2,49.45
15949,15949,200,2,31.36
15951,15951,440,1,747.34
15952,15952,535,2,73.33
15953,15953,476,1,11.53
15954,15954,341,1,59.51
15955,15955,656,1,217.94
15956,15956,690,2,138.9
15957,15957,465,1,379.72
15958,15958,529,1,125.91
15959,15959,755,1,759.14
15960,15960,362,1,546.59
15962,15962,146,2,2765.29
15963,15963,274,5,156.06
15964,15964,133,2,2998.21
15965,15965,254,3,66.21
15966,15966,470,3,155.8
15967,15967,713,3,527.9
15968,15968,680,1,235.32
15969,15969,51,1,794.12
15970,15970,163,1,1452.4
15971,15971,651,1,303.26
15972,15972,170,2,3238.77
15973,15973,372,1,160.64
15974,15974,313,1,228.72
15975,15975,263,1,114.41
15976,15976,397,1,249.33
15977,15977,570,1,131.96
15978,15978,478,1,153.79
15979,15979,658,2,324.63
15980,15980,572,1,139.15
15981,15981,470,1,155.8
15982,15982,360,1,505.98
15983,15983,744,1,264.79
15984,15984,349,4,387.46
15985,15985,561,2,131.2
15986,15986,266,1,167.93
15987,15987,153,1,4827.45
15988,15988,73,2,3280.42
15989,15989,118,1,1495.3
15990,15990,160,1,744.93
15991,15991,489,1,179.55
15992,15992,475,1,50.23
15993,15993,143,1,3554.71
15995,15995,130,1,3245.21
15996,15996,510,1,180.29
15997,15997,351,3,691.78
15998,15998,381,1,433.63
15999,15999,99,1,1105.45
16000,16000,330,1,191.25
16001,16001,129,1,3943.37
16002,16002,199,2,83.62
16003,16003,542,3,173.49
16004,16004,520,1,154.62
16005,16005,537,1,81.58
16006,16006,601,1,43.38
16007,16007,162,1,2316.52
16008,16008,741,2,652.35
16009,16009,256,4,161.82
16010,16010,683,1,473.02
16011,16011,707,1,620.93
16012,16012,9,1,2277.97
16013,16013,361,1,830.77
16014,16014,17,1,816.7
16015,16015,70,1,1560.23
16016,16016,345,1,130.52
16017,16017,288,1,237.54
16018,16018,546,1,167.82
16019,16019,743,1,545.9
16020,16020,616,1,211.57
16021,16021,747,3,258.27
16022,16022,76,1,1011.66
16023,16023,314,1,67.65
16024,16024,332,3,9.64
16025,16025,112,1,2784.77
16026,16026,513,3,29.13
16027,16027,373,1,581.2
16028,16028,343,3,524.69
16029,16029,73,3,3280.42
16030,16030,200,1,31.36
16031,16031,286,1,163.11
16032,16032,419,2,175.87
16033,16033,661,2,52.91
16034,16034,134,1,4810.31
16035,16035,208,1,136.37
16036,16036,306,1,126.53
16037,16037,91,1,2451.37
16038,16038,36,1,4845.59
16039,16039,403,4,446.99
16040,16040,468,2,763.35
16041,16041,623,1,286.06
16042,16042,500,1,83.92
16043,16043,108,1,4157.03
16044,16044,404,1,359.7
16045,16045,715,4,780.68
16046,16046,199,3,83.62
16047,16047,124,1,1143.91
16048,16048,262,1,217.51
16049,16049,519,2,180.5
16050,16050,523,1,51.16
16051,16051,390,1,344.12
16052,16052,103,2,3010.04
16053,16053,142,1,2755.1
16054,16054,150,1,3819.1
16055,16055,49,2,3523.62
16056,16056,131,2,2983.31
16057,16057,227,1,130.7
16058,16058,314,2,67.65
16059,16059,93,3,2679.93
16060,16060,351,3,691.78
16061,16061,47,4,4980.55
16062,16062,70,1,1560.23
16063,16063,230,1,67.94
16064,16064,160,3,744.93
16065,16065,128,2,3540.63
16066,16066,551,4,148.19
16067,16067,643,4,276.04
16068,16068,123,2,444.19
16069,16069,657,1,325.09
16070,16070,146,1,2765.29
16071,16071,121,1,4828.17
16072,16072,680,1,235.32
16073,16073,163,2,1452.4
16074,16074,5,3,481.86
16075,16075,512,1,45.47
16076,16076,386,4,511.91
16077,16077,40,1,4844.16
16078,16078,684,1,416.47
16079,16079,572,1,139.15
16080,16080,100,1,3744.66
16081,16081,74,2,4799.95
16082,16082,477,1,174.42
16083,16083,590,1,193.35
16084,16084,449,3,340.93
16085,16085,411,1,718.64
16086,16086,406,2,719.93
16087,16087,134,2,4810.31
16088,16088,650,1,190.13
16089,16089,494,1,53.12
16090,16090,333,1,182.93
16091,16091,220,2,61.61
16092,16092,708,3,561.54
16093,16093,266,1,167.93
16094,16094,355,2,887.26
16095,16095,566,5,65.14
16096,16096,687,1,531.25
16097,16097,376,3,500.95
16098,16098,501,1,11.4
16099,16099,312,2,143.72
16100,16100,152,1,4060.81
16101,16101,13,1,349.61
16102,16102,578,1,222.33
16103,16103,14,1,4425.71
16104,16104,248,2,101.44
16105,16105,58,4,3110.88
16106,16106,158,1,510.24
16107,16107,52,2,1334.63
16108,16108,675,1,167.34
16109,16109,161,1,4356.77
16110,16110,98,1,1012.81
16111,16111,240,1,159.18
16112,16112,487,5,127.54
16113,16113,8,2,3869.87
16114,16114,256,3,161.82
16115,16115,702,1,211.43
16116,16116,626,1,181.24
16117,16117,161,1,4356.77
16119,16119,48,1,4406.69
16120,16120,350,1,177.74
16121,16121,337,1,684.03
16122,16122,667,1,85.14
16123,16123,252,1,37.48
16124,16124,541,1,85.54
16125,16125,254,1,66.21
16126,16126,78,3,2010.26
16127,16127,647,1,115.03
16128,16128,652,2,341.76
16129,16129,349,1,387.46
16130,16130,170,1,3238.77
16131,16131,110,1,1076.35
16132,16132,576,1,32.88
16133,16133,535,3,73.33
16134,16134,310,1,54.16
16135,16135,409,3,329.97
16136,16136,637,1,228.07
16138,16138,387,2,713.53
16139,16139,647,1,115.03
16140,16140,109,1,3059.44
16141,16141,481,1,189.58
16142,16142,638,2,105.78
16143,16143,568,1,138.43
16144,16144,370,3,751.68
16145,16145,509,1,37.13
16146,16146,689,1,476.72
16147,16147,641,1,57.17
16148,16148,41,1,2929.19
16149,16149,321,1,108.01
16150,16150,39,2,4977.19
16151,16151,44,1,2107.73
16152,16152,573,1,46.31
16153,16153,582,4,265.86
16154,16154,289,3,162.63
16155,16155,129,1,3943.37
16156,16156,16,1,708.88
16157,16157,307,1,245.13
16158,16158,740,3,452.77
16159,16159,427,1,134.85
16160,16160,517,1,184.21
16161,16161,69,1,3327.89
16162,16162,113,1,1123.54
16163,16163,558,1,113.56
16164,16164,691,1,21.76
16165,16165,541,3,85.54
16166,16166,491,1,62.03
16168,16168,282,1,162.82
16169,16169,46,1,1594.55
16170,16170,139,1,2285.02
16171,16171,59,3,4057.63
16172,16172,126,1,3818.42
16173,16173,149,1,3306.49
16174,16174,674,1,270.13
16175,16175,118,2,1495.3
16176,16176,97,2,4760.55
16177,16177,456,1,403.71
16178,16178,260,1,222.35
16179,16179,241,2,65.47
16180,16180,152,1,4060.81
16181,16181,755,2,759.14
16182,16182,514,2,31.2
16183,16183,99,2,1105.45
16184,16184,139,2,2285.02
16185,16185,503,5,152.47
16186,16186,135,1,3367.95
16187,16187,432,2,493.35
16188,16188,513,2,29.13
16189,16189,384,1,259.52
16190,16190,43,1,617.03
16191,16191,677,3,233.28
16192,16192,670,2,259.97
16193,16193,260,1,222.35
16194,16194,19,2,4426.24
16195,16195,290,3,67.25
16196,16196,151,1,1209.24
16197,16197,145,1,2554.17
16198,16198,245,1,124.29
16199,16199,38,2,1340.7
16200,16200,2,3,1108.81
16201,16201,666,1,37.97
16202,16202,337,2,684.03
16203,16203,535,2,73.33
16204,16204,318,4,115.05
16205,16205,156,3,4299.51
16206,16206,733,4,417.93
16207,16207,401,1,774.95
16208,16208,546,1,167.82
16209,16209,473,1,15.25
16210,16210,375,1,415.84
16211,16211,132,2,1534.36
16212,16212,361,3,830.77
16213,16213,6,2,3654.05
16214,16214,649,1,229.42
16215,16215,38,4,1340.7
16216,16216,557,3,10.64
16217,16217,684,1,416.47
16218,16218,485,5,101.15
16219,16219,121,1,4828.17
16220,16220,52,2,1334.63
16221,16221,70,4,1560.23
16222,16222,565,1,57.29
16223,16223,603,2,296.14
16224,16224,406,2,719.93
16225,16225,572,3,139.15
16226,16226,661,1,52.91
16227,16227,714,1,560.86
16228,16228,526,1,161.46
16229,16229,600,5,334.45
16230,16230,311,1,129.43
16231,16231,470,1,155.8
16232,16232,128,1,3540.63
16233,16233,1,2,714.89
16234,16234,31,1,2437.35
16235,16235,82,1,3071.0
16236,16236,500,1,83.92
16237,16237,206,1,175.81
16238,16238,415,1,320.0
16239,16239,203,3,93.09
16240,16240,578,1,222.33
16241,16241,23,1,4594.09
16242,16242,444,1,601.08
16243,16243,217,2,109.07
16244,16244,199,1,83.62
16245,16245,625,3,105.77
16246,16246,373,1,581.2
16247,16247,472,3,101.9
16248,16248,377,1,456.96
16249,16249,425,1,114.07
16250,16250,18,5,2350.88
16251,16251,144,4,4210.19
16252,16252,367,1,652.94
16253,16253,548,1,79.31
16254,16254,352,3,39.87
16255,16255,314,1,67.65
16256,16256,587,1,49.39
16257,16257,748,2,691.2
16258,16258,747,1,258.27
16259,16259,62,1,2312.3
16260,16260,145,2,2554.17
16261,16261,151,2,1209.24
16262,16262,426,1,351.49
16263,16263,548,5,79.31
16264,16264,389,2,574.36
16265,16265,318,3,115.05
16266,16266,69,1,3327.89
16267,16267,288,4,237.54
16268,16268,372,2,160.64
16269,16269,99,1,1105.45
16270,16270,450,1,632.49
16271,16271,59,1,4057.63
16272,16272,141,1,2601.82
16273,16273,631,1,22.35
16274,16274,37,1,1084.45
16275,16275,107,1,2427.81
16276,16276,430,1,206.26
16277,16277,340,1,403.23
16278,16278,459,1,764.61
16279,16279,314,2,67.65
16280,16280,538,1,82.44
16281,16281,33,3,2067.28
16282,16282,419,2,175.87
16283,16283,352,1,39.87
16284,16284,604,1,66.71
16285,16285,651,1,303.26
16286,16286,425,2,114.07
16287,16287,424,2,274.72
16288,16288,666,1,37.97
16289,16289,268,3,237.38
16290,16290,686,4,229.67
16291,16291,334,1,36.6
16292,16292,63,1,2004.35
16293,16293,459,1,764.61
16295,16295,39,1,4977.19
16296,16296,121,1,4828.17
16297,16297,165,3,4996.87
16298,16298,675,1,167.34
16299,16299,626,1,181.24
16300,16300,163,1,1452.4
16301,16301,548,1,79.31
16302,16302,612,1,159.03
16303,16303,629,1,198.54
16304,16304,452,1,889.45
16305,16305,625,3,105.77
16306,16306,134,5,4810.31
16307,16307,340,1,403.23
16309,16309,89,2,1914.29
16310,16310,144,5,4210.19
16311,16311,331,1,28.98
16312,16312,654,5,202.93
16313,16313,486,1,22.67
16314,16314,422,1,111.41
16315,16315,314,2,67.65
16316,16316,480,2,150.12
16317,16317,245,1,124.29
16318,16318,582,1,265.86
16319,16319,348,1,208.18
16320,16320,342,1,608.75
16321,16321,639,1,181.78
16322,16322,709,1,493.91
16323,16323,153,1,4827.45
16324,16324,382,3,304.82
16325,16325,596,2,29.96
16326,16326,322,1,46.21
16327,16327,397,1,249.33
16328,16328,481,1,189.58
16329,16329,319,1,233.78
16330,16330,463,1,688.82
16331,16331,486,1,22.67
16332,16332,758,1,15.36
16333,16333,578,1,222.33
16334,16334,45,2,3586.63
16335,16335,24,1,4161.68
16336,16336,146,1,2765.29
16337,16337,653,1,162.88
16338,16338,3,1,2733.8
16339,16339,63,1,2004.35
16340,16340,544,1,101.66
16341,16341,551,1,148.19
16342,16342,754,1,264.87
16343,16343,624,1,342.9
16344,16344,494,1,53.12
16345,16345,565,1,57.29
16346,16346,100,1,3744.66
16347,16347,220,1,61.61
16348,16348,473,1,15.25
16349,16349,715,3,780.68
16350,16350,536,4,54.67
16351,16351,512,1,45.47
16352,16352,273,1,101.64
16353,16353,673,1,30.45
16354,16354,445,2,198.54
16355,16355,474,1,170.43
16356,16356,402,1,188.75
16357,16357,586,1,128.29
16358,16358,730,2,257.12
16359,16359,356,4,536.57
16360,16360,392,2,147.3
16361,16361,342,1,608.75
16362,16362,329,3,164.88
16363,16363,511,1,184.51
16364,16364,202,1,189.56
16365,16365,564,1,78.46
16366,16366,666,2,37.97
16367,16367,507,1,126.51
16368,16368,24,2,4161.68
16369,16369,47,1,4980.55
16370,16370,384,1,259.52
16371,16371,485,1,101.15
16372,16372,182,5,789.51
16373,16373,644,1,233.5
16374,16374,342,2,608.75
16375,16375,20,2,36.15
16376,16376,634,3,86.2
16377,16377,547,1,92.5
16378,16378,320,1,66.66
16379,16379,146,1,2765.29
16380,16380,637,2,228.07
16381,16381,379,1,342.01
16382,16382,10,1,3515.06
16383,16383,157,3,1189.15
16384,16384,86,1,709.09
16385,16385,218,1,119.33
16386,16386,138,4,1662.41
16387,16387,530,1,40.14
16388,16388,143,2,3554.71
16389,16389,498,1,124.5
16390,16390,639,1,181.78
16391,16391,144,1,4210.19
16392,16392,660,2,238.33
16393,16393,438,4,519.72
16394,16394,426,2,351.49
16395,16395,15,3,3740.12
16396,16396,476,1,11.53
16397,16397,710,1,644.85
16398,16398,296,1,249.01
16399,16399,158,1,510.24
16400,16400,709,1,493.91
16401,16401,77,5,2287.96
16402,16402,405,1,616.71
16403,16403,550,1,133.78
16404,16404,392,4,147.3
16405,16405,732,1,435.82
16406,16406,663,1,298.59
16407,16407,589,3,230.12
16408,16408,419,3,175.87
16409,16409,627,2,222.86
16410,16410,529,1,125.91
16411,16411,615,1,121.93
16412,16412,294,1,20.24
16413,16413,532,1,84.1
16414,16414,373,2,581.2
16415,16415,482,1,9.41
16416,16416,55,1,762.28
16417,16417,422,1,111.41
16418,16418,70,1,1560.23
16419,16419,573,2,46.31
16420,16420,381,1,433.63
16421,16421,212,2,172.12
16422,16422,319,1,233.78
16423,16423,131,2,2983.31
16424,16424,501,1,11.4
16425,16425,531,2,22.73
16426,16426,697,1,603.63
16427,16427,588,3,225.54
16428,16428,671,1,170.05
16429,16429,225,2,115.0
16430,16430,638,1,105.78
16431,16431,339,2,747.6
16432,16432,87,2,2049.83
16433,16433,651,1,303.26
16434,16434,505,1,76.84
16435,16435,115,1,1546.97
16436,16436,630,1,188.72
16437,16437,550,2,133.78
16438,16438,648,5,12.54
16439,16439,379,1,342.01
16440,16440,687,1,531.25
16441,16441,108,1,4157.03
16442,16442,202,2,189.56
16443,16443,2,1,1108.81
16444,16444,613,1,10.14
16445,16445,160,3,744.93
16446,16446,544,4,101.66
16447,16447,455,2,322.55
16448,16448,168,1,4516.61
16449,16449,685,1,12.22
16450,16450,357,2,848.0
16451,16451,134,2,4810.31
16452,16452,588,1,225.54
16453,16453,388,1,77.65
16454,16454,331,1,28.98
16455,16455,605,1,255.63
16456,16456,730,1,257.12
16457,16457,498,3,124.5
16458,16458,335,1,847.16
16459,16459,684,3,416.47
16460,16460,656,3,217.94
16461,16461,76,4,1011.66
16462,16462,104,1,1865.43
16463,16463,98,2,1012.81
16465,16465,73,1,3280.42
16466,16466,377,2,456.96
16467,16467,412,1,506.6
16468,16468,94,2,2154.48
16469,16469,75,1,3103.91
16470,16470,324,1,186.75
16471,16471,371,1,870.18
16472,16472,360,1,505.98
16473,16473,222,1,55.73
16474,16474,207,3,51.89
16475,16475,671,1,170.05
16476,16476,301,1,141.06
16477,16477,243,1,114.61
16478,16478,737,1,783.55
16479,16479,274,4,156.06
16480,16480,302,2,200.36
16481,16481,523,2,51.16
16482,16482,513,1,29.13
16483,16483,683,1,473.02
16484,16484,715,2,780.68
16485,16485,232,1,23.94
16486,16486,427,1,134.85
16487,16487,671,1,170.05
16488,16488,457,1,351.78
16489,16489,37,1,1084.45
16490,16490,496,2,186.76
16491,16491,628,2,49.89
16492,16492,705,1,793.49
16493,16493,410,3,325.95
16494,16494,135,1,3367.95
16495,16495,303,1,129.01
16496,16496,503,2,152.47
16497,16497,284,1,62.55
16498,16498,226,1,119.73
16499,16499,35,2,1264.03
16500,16500,74,3,4799.95
16501,16501,283,1,209.19
16502,16502,392,1,147.3
16503,16503,293,1,33.69
16504,16504,86,5,709.09
16505,16505,501,5,11.4
16506,16506,320,3,66.66
16507,16507,240,1,159.18
16508,16508,490,1,91.21
16509,16509,616,2,211.57
16510,16510,145,1,2554.17
16511,16511,117,1,2956.13
16512,16512,207,1,51.89
16513,16513,42,3,418.95
16514,16514,740,1,452.77
16515,16515,610,1,29.89
16516,16516,603,1,296.14
16517,16517,733,1,417.93
16518,16518,73,2,3280.42
16519,16519,91,2,2451.37
16520,16520,687,1,531.25
16521,16521,716,5,471.75
16522,16522,473,5,15.25
16523,16523,264,2,231.67
16524,16524,235,1,99.15
16525,16525,151,1,1209.24
16526,16526,55,3,762.28
16527,16527,707,1,620.93
16528,16528,159,1,4519.04
16529,16529,482,5,9.41
16530,16530,494,3,53.12
16531,16531,432,1,493.35
16532,16532,514,2,31.2
16533,16533,596,1,29.96
16534,16534,88,1,4526.09
16535,16535,704,2,344.86
16536,16536,560,1,130.36
16537,16537,192,2,132.19
16538,16538,160,1,744.93
16539,16539,162,4,2316.52
16540,16540,48,4,4406.69
16541,16541,347,1,775.65
16542,16542,43,2,617.03
16543,16543,441,1,249.15
16544,16544,166,1,1493.43
16545,16545,643,2,276.04
16546,16546,371,1,870.18
16547,16547,175,1,4900.1
16548,16548,451,1,79.36
16549,16549,605,1,255.63
16550,16550,28,1,3364.99
16551,16551,724,2,14.7
16552,16552,194,4,111.15
16553,16553,344,2,805.84
16554,16554,635,1,138.08
16555,16555,135,1,3367.95
16556,16556,583,3,243.95
16557,16557,250,3,41.58
16558,16558,307,1,245.13
16559,16559,430,1,206.26
16560,16560,703,1,12.69
16561,16561,182,2,789.51
16562,16562,367,1,652.94
16563,16563,606,1,25.9
16564,16564,531,1,22.73
16565,16565,493,1,21.86
16566,16566,133,3,2998.21
16567,16567,441,2,249.15
16568,16568,429,3,642.02
16569,16569,352,1,39.87
16570,16570,454,1,612.64
16571,16571,754,1,264.87
16572,16572,97,1,4760.55
16573,16573,437,1,483.72
16574,16574,360,1,505.98
16575,16575,336,2,414.92
16576,16576,667,2,85.14
16577,16577,28,3,3364.99
16578,16578,256,1,161.82
16579,16579,534,1,95.47
16580,16580,543,2,65.32
16581,16581,747,1,258.27
16582,16582,702,4,211.43
16583,16583,335,1,847.16
16584,16584,123,1,444.19
16585,16585,476,1,11.53
16586,16586,605,3,255.63
16587,16587,355,2,887.26
16588,16588,133,1,2998.21
16589,16589,357,2,848.0
16590,16590,517,1,184.21
16591,16591,565,1,57.29
16592,16592,692,2,487.97
16593,16593,338,1,710.75
16594,16594,729,3,493.75
16595,16595,579,1,271.64
16596,16596,730,2,257.12
16597,16597,72,1,2748.72
16598,16598,345,1,130.52
16599,16599,30,1,1160.12
16600,16600,219,2,113.42
16601,16601,659,2,51.18
16602,16602,192,2,132.19
16603,16603,727,3,198.94
16604,16604,751,2,27.9
16605,16605,328,1,130.01
16606,16606,374,1,690.25
16607,16607,321,1,108.01
16608,16608,398,1,276.77
16609,16609,129,1,3943.37
16610,16610,719,1,329.85
16611,16611,349,2,387.46
16612,16612,21,1,2548.24
16613,16613,622,2,153.74
16614,16614,146,2,2765.29
16615,16615,142,3,2755.1
16616,16616,594,1,59.48
16617,16617,722,2,690.57
16618,16618,652,1,341.76
16619,16619,399,1,451.25
16620,16620,1,2,714.89
16621,16621,744,2,264.79
16622,16622,556,2,55.68
16623,16623,690,1,138.9
16624,16624,248,1,101.44
16625,16625,706,5,148.71
16626,16626,609,1,216.06
16627,16627,211,4,154.9
16628,16628,457,1,351.78
16629,16629,324,3,186.75
16630,16630,164,1,1509.78
16631,16631,617,2,291.13
16632,16632,144,1,4210.19
16633,16633,56,4,228.3
16634,16634,419,1,175.87
16635,16635,465,1,379.72
16636,16636,1,1,714.89
16637,16637,398,1,276.77
16638,16638,161,1,4356.77
16639,16639,21,1,2548.24
16640,16640,183,1,75.69
16641,16641,696,2,147.69
16642,16642,697,1,603.63
16643,16643,472,2,101.9
16644,16644,748,1,691.2
16645,16645,54,1,3534.21
16646,16646,125,1,2155.56
16647,16647,364,1,114.4
16648,16648,743,1,545.9
16649,16649,250,1,41.58
16650,16650,594,2,59.48
16651,16651,684,1,416.47
16652,16652,574,1,90.79
16653,16653,651,1,303.26
16654,16654,158,1,510.24
16655,16655,669,1,113.44
16656,16656,420,3,410.11
16657,16657,404,1,359.7
16658,16658,97,5,4760.55
16659,16659,575,1,27.16
16660,16660,442,1,92.84
16661,16661,154,2,2061.68
16662,16662,280,1,123.83
16663,16663,152,2,4060.81
16664,16664,92,1,3994.74
16665,16665,85,1,405.86
16666,16666,687,1,531.25
16667,16667,480,3,150.12
16668,16668,241,1,65.47
16669,16669,295,2,46.64
16670,16670,734,2,86.88
16671,16671,745,2,234.2
16672,16672,555,1,42.12
16673,16673,217,2,109.07
16674,16674,462,3,127.45
16675,16675,111,2,1395.81
16676,16676,268,2,237.38
16677,16677,494,4,53.12
16678,16678,124,4,1143.91
16679,16679,32,1,2375.4
16680,16680,122,1,388.92
16681,16681,155,2,1706.02
16682,16682,709,1,493.91
16683,16683,335,1,847.16
16684,16684,398,2,276.77
16685,16685,380,1,618.79
16686,16686,609,1,216.06
16687,16687,321,1,108.01
16688,16688,209,1,86.49
16690,16690,171,1,468.85
16691,16691,399,1,451.25
16692,16692,540,5,187.1
16693,16693,723,2,181.75
16694,16694,750,2,70.48
16695,16695,731,2,733.38
16696,16696,265,1,153.78
16697,16697,314,1,67.65
16698,16698,446,3,768.65
16699,16699,397,3,249.33
16700,16700,656,1,217.94
16701,16701,14,4,4425.71
16702,16702,745,1,234.2
16703,16703,419,4,175.87
16704,16704,612,1,159.03
16705,16705,35,1,1264.03
16706,16706,57,1,1262.65
16707,16707,247,1,222.07
16708,16708,191,2,187.49
16709,16709,660,1,238.33
16710,16710,121,1,4828.17
16711,16711,246,3,74.01
16712,16712,680,1,235.32
16713,16713,306,1,126.53
16714,16714,144,2,4210.19
16715,16715,56,1,228.3
16716,16716,285,2,161.67
16717,16717,559,2,57.73
16718,16718,143,2,3554.71
16719,16719,305,1,103.09
16720,16720,270,2,164.12
16721,16721,632,1,54.65
16722,16722,587,3,49.39
16723,16723,654,1,202.93
16724,16724,56,1,228.3
16725,16725,208,3,136.37
16726,16726,608,1,170.74
16727,16727,93,1,2679.93
16728,16728,391,2,229.33
16729,16729,578,4,222.33
16730,16730,544,1,101.66
16731,16731,733,1,417.93
16732,16732,294,2,20.24
16733,16733,380,2,618.79
16734,16734,226,2,119.73
16735,16735,139,1,2285.02
16736,16736,8,1,3869.87
16737,16737,219,4,113.42
16738,16738,107,5,2427.81
16739,16739,349,1,387.46
16740,16740,683,1,473.02
16741,16741,227,2,130.7
16742,16742,394,1,466.06
16743,16743,677,3,233.28
16744,16744,275,1,225.47
16745,16745,530,2,40.14
16746,16746,530,1,40.14
16747,16747,354,1,736.04
16748,16748,347,1,775.65
16749,16749,521,3,142.88
16750,16750,697,2,603.63
16751,16751,537,2,81.58
16752,16752,411,2,718.64
16753,16753,756,1,454.23
16754,16754,508,5,111.49
16755,16755,632,3,54.65
16756,16756,574,1,90.79
16757,16757,43,1,617.03
16758,16758,226,4,119.73
16759,16759,666,3,37.97
16760,16760,494,2,53.12
16761,16761,288,1,237.54
16762,16762,26,1,2386.9
16763,16763,456,1,403.71
16764,16764,620,1,120.92
16765,16765,679,2,128.13
16766,16766,612,1,159.03
16767,16767,546,1,167.82
16768,16768,569,1,141.29
16769,16769,50,1,3323.67
16770,16770,490,1,91.21
16771,16771,108,4,4157.03
16772,16772,233,3,166.88
16773,16773,461,1,454.62
16774,16774,367,1,652.94
16775,16775,2,1,1108.81
16776,16776,329,1,164.88
16777,16777,349,1,387.46
16778,16778,612,1,159.03
16779,16779,447,1,402.73
16780,16780,2,3,1108.81
16781,16781,240,1,159.18
16782,16782,526,1,161.46
16783,16783,472,1,101.9
16784,16784,560,1,130.36
16785,16785,32,1,2375.4
16786,16786,478,1,153.79
16787,16787,447,1,402.73
16788,16788,349,1,387.46
16789,16789,308,1,166.64
16790,16790,38,1,1340.7
16791,16791,428,1,441.29
16792,16792,87,1,2049.83
16793,16793,757,1,187.1
16794,16794,498,2,124.5
16795,16795,521,1,142.88
16796,16796,231,3,101.74
16797,16797,199,1,83.62
16798,16798,752,4,526.27
16799,16799,64,1,3403.99
16800,16800,371,1,870.18
16801,16801,317,1,91.51
16802,16802,52,1,1334.63
16804,16804,63,2,2004.35
16805,16805,126,1,3818.42
16806,16806,161,1,4356.77
16807,16807,400,2,305.66
16808,16808,755,1,759.14
16809,16809,327,1,232.68
16810,16810,550,1,133.78
16811,16811,358,5,276.89
16812,16812,606,4,25.9
16813,16813,355,3,887.26
16814,16814,656,1,217.94
16815,16815,24,1,4161.68
16816,16816,693,4,120.16
16817,16817,430,1,206.26
16818,16818,145,3,2554.17
16819,16819,7,1,3100.22
16820,16820,490,1,91.21
16821,16821,288,3,237.54
16822,16822,67,3,1288.51
16823,16823,46,1,1594.55
16824,16824,289,1,162.63
16825,16825,111,2,1395.81
16826,16826,308,1,166.64
16827,16827,755,1,759.14
16828,16828,630,3,188.72
16829,16829,694,1,738.42
16830,16830,318,1,115.05
16831,16831,431,1,670.83
16832,16832,542,2,173.49
16833,16833,65,1,4813.41
16834,16834,700,2,474.11
16835,16835,105,1,545.57
16836,16836,656,2,217.94
16837,16837,336,1,414.92
16838,16838,279,1,39.39
16839,16839,440,2,747.34
16840,16840,60,1,4655.45
16841,16841,5,1,481.86
16842,16842,28,2,3364.99
16843,16843,727,3,198.94
16844,16844,174,1,593.54
16845,16845,316,1,182.63
16846,16846,494,2,53.12
16847,16847,77,2,2287.96
16848,16848,281,1,116.88
16849,16849,111,1,1395.81
16850,16850,422,1,111.41
16851,16851,296,1,249.01
16852,16852,79,2,4429.61
16853,16853,621,2,231.82
16854,16854,135,1,3367.95
16855,16855,273,1,101.64
16856,16856,397,1,249.33
16857,16857,445,1,198.54
16858,16858,581,1,5.61
16859,16859,691,1,21.76
16860,16860,697,2,603.63
16861,16861,654,1,202.93
16862,16862,87,3,2049.83
16863,16863,470,2,155.8
16864,16864,415,1,320.0
16865,16865,335,1,847.16
16866,16866,560,1,130.36
16867,16867,113,1,1123.54
16868,16868,246,1,74.01
16869,16869,471,4,149.5
16870,16870,93,1,2679.93
16871,16871,312,1,143.72
16872,16872,363,5,306.33
16873,16873,221,4,195.84
16874,16874,626,1,181.24
16875,16875,89,2,1914.29
16876,16876,354,1,736.04
16877,16877,598,1,238.15
16878,16878,636,1,261.3
16879,16879,100,5,3744.66
16880,16880,209,2,86.49
16881,16881,69,1,3327.89
16882,16882,479,4,148.09
16883,16883,108,1,4157.03
16884,16884,518,3,37.43
16885,16885,151,1,1209.24
16886,16886,343,1,524.69
16887,16887,543,3,65.32
16888,16888,338,1,710.75
16889,16889,661,3,52.91
16890,16890,278,1,65.28
16891,16891,658,1,324.63
16892,16892,521,3,142.88
16893,16893,139,1,2285.02
16894,16894,569,2,141.29
16895,16895,689,1,476.72
16896,16896,592,3,148.9
16897,16897,577,1,345.37
16899,16899,343,1,524.69
16900,16900,122,1,388.92
16901,16901,324,1,186.75
16902,16902,474,1,170.43
16903,16903,413,1,614.79
16904,16904,91,1,2451.37
16905,16905,414,3,272.92
16906,16906,616,4,211.57
16907,16907,522,1,157.0
16908,16908,13,1,349.61
16909,16909,171,3,468.85
16910,16910,323,1,77.5
16911,16911,266,1,167.93
16912,16912,512,1,45.47
16913,16913,728,1,289.32
16914,16914,753,1,503.79
16915,16915,35,2,1264.03
16916,16916,453,1,727.29
16917,16917,256,1,161.82
16918,16918,674,1,270.13
16919,16919,354,1,736.04
16920,16920,21,1,2548.24
16921,16921,28,1,3364.99
16922,16922,462,5,127.45
16923,16923,85,2,405.86
16924,16924,653,2,162.88
16925,16925,80,2,2333.45
16926,16926,78,1,2010.26
16927,16927,402,3,188.75
16928,16928,509,2,37.13
16929,16929,250,1,41.58
16930,16930,234,1,83.07
16931,16931,85,1,405.86
16932,16932,534,1,95.47
16933,16933,100,2,3744.66
16934,16934,724,1,14.7
16935,16935,506,3,188.42
16936,16936,60,4,4655.45
16937,16937,612,1,159.03
16938,16938,695,5,20.12
16939,16939,285,1,161.67
16940,16940,229,1,204.24
16941,16941,373,1,581.2
16942,16942,237,1,54.46
16943,16943,165,5,4996.87
16944,16944,137,1,474.38
16945,16945,509,4,37.13
16946,16946,299,1,221.54
16947,16947,594,1,59.48
16948,16948,665,2,348.02
16949,16949,657,1,325.09
16950,16950,303,3,129.01
16951,16951,319,5,233.78
16952,16952,240,1,159.18
16953,16953,635,4,138.08
16954,16954,691,1,21.76
16955,16955,421,2,729.76
16956,16956,330,1,191.25
16957,16957,89,2,1914.29
16958,16958,108,3,4157.03
16959,16959,196,5,79.36
16960,16960,93,1,2679.93
16961,16961,448,3,795.1
16962,16962,707,2,620.93
16963,16963,475,1,50.23
16964,16964,470,3,155.8
16965,16965,653,1,162.88
16966,16966,474,1,170.43
16967,16967,564,1,78.46
16968,16968,708,1,561.54
16969,16969,595,1,317.77
16970,16970,182,1,789.51
16971,16971,726,1,758.05
16972,16972,34,2,564.15
16973,16973,549,1,170.94
16974,16974,270,1,164.12
16975,16975,754,1,264.87
16976,16976,226,2,119.73
16977,16977,527,1,36.46
16978,16978,179,1,4122.79
16979,16979,140,4,2582.68
16980,16980,294,2,20.24
16981,16981,270,2,164.12
16982,16982,404,1,359.7
16983,16983,405,1,616.71
16984,16984,206,1,175.81
16985,16985,621,1,231.82
16986,16986,211,1,154.9
16987,16987,727,1,198.94
16988,16988,613,2,10.14
16989,16989,591,2,108.18
16990,16990,672,1,213.88
16991,16991,665,1,348.02
16992,16992,522,1,157.0
16993,16993,429,1,642.02
16994,16994,428,1,441.29
16995,16995,141,1,2601.82
16996,16996,631,1,22.35
16997,16997,721,2,453.58
16998,16998,379,1,342.01
16999,16999,393,1,687.59
17000,17000,10,4,3515.06
17001,17001,439,2,893.3
17002,17002,272,1,104.31
17003,17003,243,1,114.61
17004,17004,642,1,127.89
17005,17005,140,1,2582.68
17006,17006,15,3,3740.12
17007,17007,206,1,175.81
17008,17008,746,4,341.49
17009,17009,397,1,249.33
17010,17010,255,1,238.71
17011,17011,390,1,344.12
17012,17012,390,2,344.12
17013,17013,275,1,225.47
17014,17014,527,1,36.46
17015,17015,344,1,805.84
17016,17016,698,5,7.94
17017,17017,301,3,141.06
17018,17018,403,1,446.99
17019,17019,299,1,221.54
17020,17020,152,1,4060.81
17021,17021,330,1,191.25
17022,17022,323,1,77.5
17023,17023,156,1,4299.51
17024,17024,151,3,1209.24
17025,17025,325,2,234.0
17026,17026,128,1,3540.63
17027,17027,577,5,345.37
17028,17028,57,1,1262.65
17029,17029,408,1,891.71
17030,17030,327,1,232.68
17031,17031,425,1,114.07
17032,17032,397,1,249.33
17033,17033,63,2,2004.35
17034,17034,104,1,1865.43
17035,17035,239,1,157.55
17036,17036,572,1,139.15
17037,17037,627,2,222.86
17038,17038,752,1,526.27
17039,17039,151,3,1209.24
17040,17040,84,3,3195.54
17041,17041,116,3,4755.36
17042,17042,605,1,255.63
17043,17043,752,1,526.27
17044,17044,101,3,147.87
17045,17045,88,4,4526.09
17046,17046,1,1,714.89
17047,17047,485,2,101.15
17048,17048,284,1,62.55
17049,17049,307,1,245.13
17050,17050,425,1,114.07
17051,17051,578,1,222.33
17052,17052,355,2,887.26
17053,17053,300,1,146.0
17054,17054,703,2,12.69
17055,17055,19,1,4426.24
17056,17056,541,2,85.54
17057,17057,62,1,2312.3
17058,17058,486,1,22.67
17059,17059,151,1,1209.24
17060,17060,215,1,129.05
17061,17061,569,1,141.29
17062,17062,526,1,161.46
17063,17063,554,1,30.09
17064,17064,559,1,57.73
17065,17065,90,1,4768.07
17066,17066,659,1,51.18
17067,17067,555,1,42.12
17068,17068,291,2,46.25
17069,17069,342,1,608.75
17070,17070,328,1,130.01
17071,17071,424,1,274.72
17072,17072,170,1,3238.77
17073,17073,727,4,198.94
17074,17074,406,3,719.93
17075,17075,39,2,4977.19
17076,17076,748,1,691.2
17077,17077,223,1,127.57
17078,17078,174,1,593.54
17079,17079,682,2,291.05
17080,17080,141,2,2601.82
17081,17081,692,1,487.97
17082,17082,473,2,15.25
17083,17083,49,1,3523.62
17084,17084,635,1,138.08
17085,17085,708,1,561.54
17086,17086,559,3,57.73
17087,17087,547,5,92.5
17088,17088,562,1,117.53
17089,17089,656,4,217.94
17090,17090,726,2,758.05
17091,17091,512,1,45.47
17092,17092,223,1,127.57
17093,17093,13,1,349.61
17094,17094,62,1,2312.3
17095,17095,372,1,160.64
17096,17096,521,1,142.88
17097,17097,254,1,66.21
17098,17098,339,1,747.6
17099,17099,64,1,3403.99
17100,17100,257,4,66.34
17101,17101,665,1,348.02
17102,17102,39,1,4977.19
17103,17103,145,2,2554.17
17104,17104,441,3,249.15
17105,17105,753,1,503.79
17106,17106,324,1,186.75
17107,17107,249,1,180.95
17108,17108,730,1,257.12
17109,17109,628,1,49.89
17110,17110,733,1,417.93
17111,17111,496,3,186.76
17112,17112,188,3,64.38
17113,17113,393,4,687.59
17114,17114,369,1,525.43
17115,17115,326,1,219.08
17116,17116,641,1,57.17
17117,17117,558,1,113.56
17118,17118,456,2,403.71
17119,17119,274,3,156.06
17120,17120,484,2,96.02
17121,17121,181,2,2279.14
17122,17122,324,1,186.75
17123,17123,687,1,531.25
17124,17124,712,2,571.29
17125,17125,320,2,66.66
17126,17126,677,1,233.28
17127,17127,225,1,115.0
17128,17128,609,1,216.06
17129,17129,13,5,349.61
17130,17130,136,1,4582.03
17131,17131,464,2,45.44
17132,17132,459,2,764.61
17133,17133,460,1,675.57
17134,17134,574,1,90.79
17135,17135,290,1,67.25
17136,17136,546,2,167.82
17137,17137,12,2,3846.19
17138,17138,4,1,3496.72
17139,17139,123,1,444.19
17140,17140,741,1,652.35
17141,17141,250,2,41.58
17142,17142,306,1,126.53
17143,17143,644,1,233.5
17144,17144,343,3,524.69
17145,17145,174,2,593.54
17146,17146,71,1,3331.34
17147,17147,191,1,187.49
17148,17148,480,1,150.12
17149,17149,116,1,4755.36
17150,17150,614,5,337.25
17151,17151,758,4,15.36
17152,17152,217,2,109.07
17153,17153,718,1,186.44
17154,17154,542,1,173.49
17155,17155,380,5,618.79
17156,17156,133,4,2998.21
17157,17157,544,2,101.66
17158,17158,368,2,510.64
17159,17159,242,2,241.66
17160,17160,550,2,133.78
17161,17161,644,2,233.5
17162,17162,565,2,57.29
17163,17163,448,1,795.1
17164,17164,251,1,210.05
17165,17165,313,1,228.72
17166,17166,440,1,747.34
17167,17167,3,2,2733.8
17168,17168,45,5,3586.63
17169,17169,656,3,217.94
17170,17170,24,1,4161.68
17171,17171,206,1,175.81
17172,17172,478,1,153.79
17173,17173,573,1,46.31
17174,17174,449,1,340.93
17175,17175,181,1,2279.14
17176,17176,510,2,180.29
17177,17177,601,1,43.38
17178,17178,671,2,170.05
17179,17179,390,1,344.12
17180,17180,617,2,291.13
17181,17181,739,1,403.17
17182,17182,514,1,31.2
17183,17183,45,1,3586.63
17184,17184,340,2,403.23
17185,17185,167,2,3435.27
17186,17186,258,2,204.86
17187,17187,57,1,1262.65
17188,17188,507,1,126.51
17189,17189,308,4,166.64
17190,17190,639,1,181.78
17191,17191,650,2,190.13
17192,17192,630,2,188.72
17193,17193,330,1,191.25
17194,17194,534,1,95.47
17195,17195,469,1,285.26
17196,17196,30,2,1160.12
17197,17197,321,1,108.01
17198,17198,728,1,289.32
17199,17199,650,1,190.13
17200,17200,544,1,101.66
17201,17201,668,2,217.24
17202,17202,214,1,37.03
17203,17203,239,5,157.55
17204,17204,578,1,222.33
17205,17205,157,1,1189.15
17206,17206,88,1,4526.09
17207,17207,51,1,794.12
17208,17208,194,1,111.15
17209,17209,447,2,402.73
17210,17210,170,2,3238.77
17211,17211,718,1,186.44
17212,17212,531,1,22.73
17213,17213,655,1,153.82
17214,17214,356,1,536.57
17215,17215,506,1,188.42
17216,17216,371,1,870.18
17217,17217,224,2,163.59
17218,17218,32,1,2375.4
17219,17219,208,2,136.37
17220,17220,231,2,101.74
17221,17221,123,2,444.19
17222,17222,253,2,11.97
17223,17223,730,2,257.12
17224,17224,118,1,1495.3
17225,17225,166,1,1493.43
17226,17226,188,1,64.38
17227,17227,326,3,219.08
17228,17228,534,1,95.47
17229,17229,720,1,414.03
17230,17230,129,1,3943.37
17231,17231,291,2,46.25
17232,17232,484,1,96.02
17233,17233,66,2,1582.1
17234,17234,212,1,172.12
17235,17235,350,2,177.74
17236,17236,583,1,243.95
17237,17237,480,4,150.12
17238,17238,752,1,526.27
17239,17239,138,2,1662.41
17240,17240,100,1,3744.66
17241,17241,290,4,67.25
17242,17242,133,1,2998.21
17243,17243,248,1,101.44
17244,17244,69,1,3327.89
17245,17245,96,1,2119.38
17246,17246,328,1,130.01
17247,17247,662,1,109.41
17248,17248,498,1,124.5
17249,17249,677,1,233.28
17250,17250,245,1,124.29
17251,17251,747,2,258.27
17252,17252,597,1,95.38
17253,17253,118,4,1495.3
17254,17254,244,1,47.21
17255,17255,78,1,2010.26
17256,17256,311,1,129.43
17257,17257,323,3,77.5
17258,17258,119,3,246.66
17259,17259,57,2,1262.65
17260,17260,56,1,228.3
17261,17261,637,1,228.07
17262,17262,201,1,143.89
17263,17263,300,1,146.0
17264,17264,637,1,228.07
17265,17265,550,2,133.78
17266,17266,452,2,889.45
17267,17267,98,1,1012.81
17268,17268,564,1,78.46
17269,17269,122,1,388.92
17270,17270,365,1,362.99
17271,17271,473,3,15.25
17272,17272,493,1,21.86
17273,17273,118,2,1495.3
17274,17274,152,2,4060.81
17275,17275,468,1,763.35
17276,17276,362,1,546.59
17277,17277,657,1,325.09
17278,17278,102,1,398.45
17279,17279,737,1,783.55
17280,17280,70,3,1560.23
17281,17281,497,1,20.54
17282,17282,545,1,183.48
17283,17283,693,1,120.16
17284,17284,611,1,81.05
17285,17285,265,2,153.78
17286,17286,458,2,230.86
17287,17287,314,1,67.65
17288,17288,461,3,454.62
17289,17289,239,1,157.55
17290,17290,240,1,159.18
17291,17291,196,1,79.36
17292,17292,34,4,564.15
17293,17293,153,1,4827.45
17294,17294,36,1,4845.59
17295,17295,474,1,170.43
17296,17296,12,2,3846.19
17297,17297,515,1,179.25
17298,17298,364,1,114.4
17299,17299,356,1,536.57
17300,17300,585,3,185.33
17301,17301,219,2,113.42
17302,17302,410,1,325.95
17303,17303,717,2,582.82
17304,17304,407,2,279.51
17305,17305,38,1,1340.7
17306,17306,565,1,57.29
17307,17307,462,2,127.45
17308,17308,666,1,37.97
17309,17309,662,1,109.41
17310,17310,432,3,493.35
17311,17311,399,1,451.25
17312,17312,511,2,184.51
17313,17313,585,2,185.33
17314,17314,134,1,4810.31
17315,17315,222,1,55.73
17316,17316,287,1,226.27
17317,17317,72,1,2748.72
17318,17318,442,4,92.84
17319,17319,334,1,36.6
17320,17320,26,3,2386.9
17321,17321,217,1,109.07
17322,17322,448,1,795.1
17323,17323,666,1,37.97
17324,17324,278,2,65.28
17325,17325,597,2,95.38
17326,17326,375,1,415.84
17327,17327,373,3,581.2
17328,17328,678,1,59.08
17329,17329,321,1,108.01
17330,17330,586,1,128.29
17331,17331,253,1,11.97
17332,17332,501,1,11.4
17333,17333,662,1,109.41
17334,17334,3,5,2733.8
17335,17335,199,1,83.62
17336,17336,107,1,2427.81
17337,17337,177,1,2931.1
17338,17338,249,1,180.95
17339,17339,252,2,37.48
17340,17340,285,1,161.67
17341,17341,652,1,341.76
17342,17342,672,4,213.88
17343,17343,649,1,229.42
17344,17344,152,2,4060.81
17345,17345,558,3,113.56
17346,17346,558,1,113.56
17347,17347,410,1,325.95
17348,17348,62,1,2312.3
17349,17349,635,3,138.08
17350,17350,364,1,114.4
17351,17351,141,1,2601.82
17352,17352,51,1,794.12
17353,17353,31,2,2437.35
17354,17354,544,2,101.66
17355,17355,352,2,39.87
17356,17356,155,1,1706.02
17357,17357,384,3,259.52
17358,17358,210,2,190.56
17359,17359,540,2,187.1
17360,17360,252,1,37.48
17361,17361,428,2,441.29
17362,17362,714,1,560.86
17363,17363,120,1,530.88
17364,17364,215,1,129.05
17365,17365,17,1,816.7
17366,17366,320,3,66.66
17367,17367,393,1,687.59
17368,17368,627,1,222.86
17369,17369,646,1,316.95
17370,17370,183,1,75.69
17371,17371,160,1,744.93
17372,17372,36,1,4845.59
17373,17373,356,2,536.57
17374,17374,40,1,4844.16
17375,17375,253,1,11.97
17376,17376,374,1,690.25
17377,17377,4,1,3496.72
17378,17378,398,1,276.77
17379,17379,686,2,229.67
17380,17380,39,1,4977.19
17381,17381,609,1,216.06
17382,17382,213,1,21.25
17383,17383,661,1,52.91
17384,17384,626,3,181.24
17385,17385,158,3,510.24
17386,17386,650,1,190.13
17387,17387,21,1,2548.24
17388,17388,103,2,3010.04
17389,17389,85,2,405.86
17390,17390,455,2,322.55
17391,17391,138,5,1662.41
17392,17392,118,1,1495.3
17393,17393,670,1,259.97
17394,17394,261,4,69.29
17395,17395,150,1,3819.1
17396,17396,331,4,28.98
17397,17397,728,1,289.32
17398,17398,411,2,718.64
17399,17399,651,1,303.26
17400,17400,416,2,652.56
17401,17401,166,1,1493.43
17402,17402,747,2,258.27
17403,17403,449,1,340.93
17404,17404,562,1,117.53
17405,17405,492,2,157.87
17406,17406,95,2,2284.39
17407,17407,67,1,1288.51
17408,17408,706,2,148.71
17409,17409,23,4,4594.09
17410,17410,8,1,3869.87
17411,17411,513,1,29.13
17412,17412,31,2,2437.35
17413,17413,29,1,338.84
17414,17414,17,1,816.7
17415,17415,392,1,147.3
17416,17416,312,2,143.72
17417,17417,412,1,506.6
17418,17418,680,1,235.32
17419,17419,387,1,713.53
17420,17420,627,5,222.86
17421,17421,621,4,231.82
17422,17422,629,1,198.54
17423,17423,360,1,505.98
17424,17424,335,1,847.16
17425,17425,298,2,211.96
17426,17426,159,2,4519.04
17427,17427,130,2,3245.21
17428,17428,755,3,759.14
17429,17429,507,2,126.51
17430,17430,344,2,805.84
17431,17431,41,4,2929.19
17432,17432,80,1,2333.45
17433,17433,136,1,4582.03
17434,17434,126,3,3818.42
17435,17435,734,2,86.88
17436,17436,392,1,147.3
17438,17438,717,1,582.82
17439,17439,40,2,4844.16
17440,17440,590,1,193.35
17441,17441,653,1,162.88
17442,17442,115,2,1546.97
17443,17443,141,2,2601.82
17444,17444,340,3,403.23
17445,17445,652,2,341.76
17446,17446,330,1,191.25
17447,17447,688,4,174.08
17448,17448,574,3,90.79
17449,17449,438,4,519.72
17450,17450,574,4,90.79
17451,17451,343,1,524.69
17452,17452,563,1,69.5
17453,17453,37,3,1084.45
17454,17454,132,3,1534.36
17455,17455,171,2,468.85
17456,17456,56,1,228.3
17457,17457,677,1,233.28
17458,17458,565,1,57.29
17459,17459,467,4,752.72
17460,17460,555,1,42.12
17461,17461,541,3,85.54
17462,17462,1,1,714.89
17463,17463,341,1,59.51
17464,17464,681,1,20.06
17465,17465,145,1,2554.17
17466,17466,541,1,85.54
17467,17467,662,1,109.41
17468,17468,331,1,28.98
17469,17469,361,2,830.77
17470,17470,471,2,149.5
17471,17471,23,3,4594.09
17472,17472,750,2,70.48
17473,17473,706,1,148.71
17474,17474,740,2,452.77
17475,17475,272,1,104.31
17476,17476,225,2,115.0
17477,17477,462,2,127.45
17478,17478,225,1,115.0
17479,17479,117,1,2956.13
17480,17480,179,3,4122.79
17481,17481,328,1,130.01
17482,17482,211,1,154.9
17483,17483,484,1,96.02
17484,17484,638,4,105.78
17485,17485,495,1,106.76
17486,17486,405,4,616.71
17487,17487,465,1,379.72
17488,17488,555,3,42.12
17489,17489,606,2,25.9
17490,17490,487,1,127.54
17491,17491,568,3,138.43
17492,17492,46,2,1594.55
17493,17493,613,4,10.14
17494,17494,183,1,75.69
17495,17495,296,1,249.01
17496,17496,705,2,793.49
17497,17497,657,1,325.09
17498,17498,670,1,259.97
17499,17499,121,2,4828.17
17500,17500,576,1,32.88
17501,17501,108,1,4157.03
17502,17502,599,3,7.34
17503,17503,55,2,762.28
17504,17504,399,4,451.25
17505,17505,125,1,2155.56
17506,17506,57,3,1262.65
17507,17507,357,5,848.0
17508,17508,681,2,20.06
17509,17509,277,1,162.31
17510,17510,479,1,148.09
17511,17511,136,3,4582.03
17512,17512,565,1,57.29
17513,17513,687,4,531.25
17514,17514,622,3,153.74
17515,17515,7,1,3100.22
17516,17516,80,1,2333.45
17517,17517,145,1,2554.17
17518,17518,123,1,444.19
17519,17519,465,3,379.72
17520,17520,622,1,153.74
17521,17521,238,2,130.85
17522,17522,379,1,342.01
17523,17523,60,1,4655.45
17524,17524,205,1,203.34
17525,17525,395,4,708.14
17526,17526,376,3,500.95
17527,17527,96,1,2119.38
17528,17528,503,1,152.47
17529,17529,46,4,1594.55
17530,17530,436,2,391.06
17531,17531,440,1,747.34
17532,17532,244,3,47.21
17533,17533,99,1,1105.45
17534,17534,139,3,2285.02
17535,17535,14,1,4425.71
17536,17536,91,2,2451.37
17537,17537,64,2,3403.99
17538,17538,747,1,258.27
17539,17539,684,1,416.47
17540,17540,651,2,303.26
17541,17541,418,4,304.57
17542,17542,100,1,3744.66
17543,17543,563,2,69.5
17544,17544,68,1,3602.75
17545,17545,332,2,9.64
17546,17546,203,2,93.09
17547,17547,325,1,234.0
17548,17548,172,1,2706.24
17549,17549,644,5,233.5
17550,17550,716,1,471.75
17551,17551,746,3,341.49
17552,17552,655,1,153.82
17553,17553,448,1,795.1
17554,17554,605,2,255.63
17555,17555,492,1,157.87
17556,17556,307,4,245.13
17557,17557,183,2,75.69
17558,17558,750,3,70.48
17559,17559,729,1,493.75
17560,17560,406,1,719.93
17561,17561,352,1,39.87
17562,17562,224,1,163.59
17563,17563,277,2,162.31
17564,17564,443,1,527.93
17565,17565,33,1,2067.28
17566,17566,489,1,179.55
17567,17567,522,3,157.0
17568,17568,54,1,3534.21
17569,17569,299,2,221.54
17570,17570,472,3,101.9
17571,17571,104,1,1865.43
17572,17572,229,1,204.24
17573,17573,495,2,106.76
17574,17574,275,1,225.47
17575,17575,202,1,189.56
17576,17576,737,1,783.55
17577,17577,173,1,1299.7
17578,17578,620,1,120.92
17579,17579,590,1,193.35
17580,17580,229,1,204.24
17581,17581,360,1,505.98
17582,17582,262,1,217.51
17583,17583,38,1,1340.7
17584,17584,412,3,506.6
17585,17585,388,1,77.65
17586,17586,549,2,170.94
17587,17587,256,2,161.82
17588,17588,348,1,208.18
17589,17589,750,3,70.48
17590,17590,195,2,43.89
17591,17591,54,1,3534.21
17592,17592,351,2,691.78
17593,17593,675,2,167.34
17594,17594,511,1,184.51
17595,17595,65,2,4813.41
17596,17596,665,1,348.02
17597,17597,196,1,79.36
17598,17598,365,1,362.99
17599,17599,736,2,562.66
17600,17600,561,2,131.2
17601,17601,265,2,153.78
17602,17602,501,2,11.4
17603,17603,721,5,453.58
17604,17604,290,3,67.25
17605,17605,58,2,3110.88
17606,17606,107,2,2427.81
17607,17607,593,5,176.21
17608,17608,131,1,2983.31
17609,17609,176,1,89.3
17610,17610,505,1,76.84
17611,17611,171,2,468.85
17612,17612,200,1,31.36
17613,17613,482,1,9.41
17614,17614,571,1,160.51
17615,17615,62,2,2312.3
17616,17616,210,3,190.56
17617,17617,626,4,181.24
17618,17618,6,3,3654.05
17619,17619,7,1,3100.22
17620,17620,719,2,329.85
17621,17621,14,2,4425.71
17622,17622,66,1,1582.1
17623,17623,141,1,2601.82
17624,17624,627,2,222.86
17625,17625,106,1,3674.29
17626,17626,361,1,830.77
17627,17627,282,1,162.82
17628,17628,193,1,80.98
17629,17629,664,1,43.65
17630,17630,53,3,239.54
17631,17631,673,1,30.45
17632,17632,179,2,4122.79
17633,17633,324,2,186.75
17634,17634,618,4,174.37
17635,17635,344,1,805.84
17636,17636,600,1,334.45
17637,17637,181,1,2279.14
17638,17638,82,1,3071.0
17639,17639,261,2,69.29
17640,17640,527,1,36.46
17641,17641,227,1,130.7
17642,17642,486,1,22.67
17643,17643,487,1,127.54
17644,17644,56,4,228.3
17645,17645,437,1,483.72
17646,17646,405,3,616.71
17647,17647,314,1,67.65
17648,17648,6,1,3654.05
17649,17649,299,1,221.54
17650,17650,461,2,454.62
17651,17651,183,2,75.69
17652,17652,611,3,81.05
17653,17653,480,2,150.12
17654,17654,480,1,150.12
17655,17655,490,2,91.21
17656,17656,316,2,182.63
17657,17657,322,1,46.21
17658,17658,181,1,2279.14
17659,17659,617,1,291.13
17660,17660,268,1,237.38
17661,17661,222,2,55.73
17662,17662,246,1,74.01
17663,17663,348,3,208.18
17664,17664,143,2,3554.71
17665,17665,758,1,15.36
17666,17666,357,1,848.0
17667,17667,265,1,153.78
17668,17668,683,3,473.02
17669,17669,423,1,532.42
17670,17670,349,1,387.46
17671,17671,249,2,180.95
17672,17672,217,2,109.07
17673,17673,264,1,231.67
17674,17674,382,1,304.82
17675,17675,315,1,175.03
17676,17676,583,1,243.95
17677,17677,208,1,136.37
17678,17678,226,1,119.73
17679,17679,275,2,225.47
17680,17680,278,4,65.28
17681,17681,547,1,92.5
17682,17682,323,1,77.5
17683,17683,443,4,527.93
17684,17684,454,5,612.64
17685,17685,446,5,768.65
17686,17686,510,1,180.29
17687,17687,24,2,4161.68
17688,17688,573,1,46.31
17689,17689,486,1,22.67
17690,17690,344,1,805.84
17691,17691,163,1,1452.4
17692,17692,126,2,3818.42
17693,17693,459,1,764.61
17694,17694,272,2,104.31
17695,17695,449,1,340.93
17696,17696,89,1,1914.29
17697,17697,19,2,4426.24
17698,17698,79,3,4429.61
17699,17699,319,3,233.78
17700,17700,746,1,341.49
17701,17701,283,1,209.19
17702,17702,502,1,93.61
17703,17703,739,1,403.17
17704,17704,285,3,161.67
17705,17705,396,1,655.1
17706,17706,238,4,130.85
17707,17707,331,1,28.98
17708,17708,756,1,454.23
17709,17709,376,1,500.95
17710,17710,120,2,530.88
17711,17711,71,1,3331.34
17712,17712,273,2,101.64
17713,17713,72,3,2748.72
17714,17714,342,1,608.75
17715,17715,662,4,109.41
17716,17716,223,1,127.57
17717,17717,266,1,167.93
17718,17718,455,2,322.55
17719,17719,248,1,101.44
17720,17720,171,1,468.85
17721,17721,524,1,140.52
17722,17722,246,1,74.01
17723,17723,614,2,337.25
17724,17724,445,2,198.54
17725,17725,582,2,265.86
17726,17726,208,1,136.37
17727,17727,155,1,1706.02
17728,17728,267,1,116.2
17729,17729,429,1,642.02
17730,17730,405,1,616.71
17731,17731,156,1,4299.51
17732,17732,231,3,101.74
17733,17733,276,2,141.09
17734,17734,407,3,279.51
17735,17735,13,1,349.61
17736,17736,738,1,686.04
17737,17737,391,1,229.33
17738,17738,38,3,1340.7
17739,17739,339,1,747.6
17740,17740,261,1,69.29
17741,17741,341,2,59.51
17742,17742,757,1,187.1
17743,17743,576,4,32.88
17744,17744,137,2,474.38
17745,17745,91,3,2451.37
17746,17746,36,2,4845.59
17747,17747,583,1,243.95
17748,17748,493,1,21.86
17749,17749,502,1,93.61
17750,17750,68,3,3602.75
17751,17751,123,1,444.19
17752,17752,93,1,2679.93
17753,17753,71,4,3331.34
17754,17754,47,4,4980.55
17755,17755,440,1,747.34
17756,17756,506,3,188.42
17757,17757,361,1,830.77
17758,17758,613,1,10.14
17759,17759,104,3,1865.43
17760,17760,520,1,154.62
17761,17761,290,1,67.25
17762,17762,333,1,182.93
17763,17763,425,3,114.07
17764,17764,449,1,340.93
17765,17765,708,1,561.54
17766,17766,563,2,69.5
17767,17767,600,1,334.45
17768,17768,34,1,564.15
17769,17769,378,1,224.45
17770,17770,268,1,237.38
17771,17771,594,2,59.48
17772,17772,305,1,103.09
17773,17773,3,1,2733.8
17774,17774,526,4,161.46
17775,17775,730,1,257.12
17776,17776,245,3,124.29
17777,17777,249,2,180.95
17778,17778,69,1,3327.89
17779,17779,410,1,325.95
17780,17780,484,1,96.02
17781,17781,584,3,61.78
17782,17782,35,1,1264.03
17783,17783,435,1,732.57
17784,17784,373,1,581.2
17785,17785,31,1,2437.35
17786,17786,450,1,632.49
17787,17787,154,1,2061.68
17788,17788,691,1,21.76
17789,17789,694,1,738.42
17790,17790,158,4,510.24
17791,17791,42,1,418.95
17792,17792,666,1,37.97
17793,17793,66,1,1582.1
17794,17794,2,4,1108.81
17795,17795,348,1,208.18
17796,17796,482,2,9.41
17797,17797,678,4,59.08
17798,17798,534,1,95.47
17799,17799,517,1,184.21
17800,17800,468,4,763.35
17801,17801,375,1,415.84
17802,17802,322,1,46.21
17803,17803,16,4,708.88
17804,17804,373,1,581.2
17805,17805,392,1,147.3
17806,17806,87,1,2049.83
17807,17807,388,2,77.65
17808,17808,323,1,77.5
17809,17809,669,2,113.44
17810,17810,579,1,271.64
17811,17811,734,1,86.88
17812,17812,624,1,342.9
17813,17813,442,1,92.84
17814,17814,478,2,153.79
17815,17815,154,3,2061.68
17816,17816,75,1,3103.91
17817,17817,382,2,304.82
17818,17818,515,1,179.25
17819,17819,451,1,79.36
17820,17820,464,1,45.44
17821,17821,549,1,170.94
17822,17822,270,1,164.12
17823,17823,741,1,652.35
17824,17824,718,1,186.44
17825,17825,445,1,198.54
17826,17826,204,1,34.18
17827,17827,208,1,136.37
17828,17828,402,1,188.75
17829,17829,640,1,206.05
17830,17830,249,4,180.95
17831,17831,404,1,359.7
17832,17832,20,1,36.15
17833,17833,259,5,52.1
17834,17834,723,3,181.75
17835,17835,633,2,39.45
17836,17836,155,1,1706.02
17837,17837,76,1,1011.66
17838,17838,637,4,228.07
17839,17839,7,2,3100.22
17840,17840,52,1,1334.63
17841,17841,468,1,763.35
17842,17842,103,2,3010.04
17843,17843,405,1,616.71
17844,17844,539,1,172.0
17845,17845,591,1,108.18
17846,17846,234,5,83.07
17847,17847,699,1,41.44
17848,17848,186,1,152.5
17849,17849,382,4,304.82
17850,17850,223,1,127.57
17851,17851,313,2,228.72
17852,17852,95,3,2284.39
17853,17853,24,1,4161.68
17855,17855,93,3,2679.93
17856,17856,144,1,4210.19
17857,17857,131,2,2983.31
17858,17858,430,1,206.26
17859,17859,83,2,4488.09
17860,17860,694,3,738.42
17861,17861,318,2,115.05
17862,17862,13,2,349.61
17863,17863,334,3,36.6
17864,17864,598,1,238.15
17865,17865,174,1,593.54
17866,17866,414,5,272.92
17867,17867,132,1,1534.36
17868,17868,626,3,181.24
17869,17869,576,1,32.88
17870,17870,610,1,29.89
17871,17871,185,5,37.55
17872,17872,660,2,238.33
17873,17873,59,1,4057.63
17874,17874,47,1,4980.55
17875,17875,304,2,44.03
17876,17876,509,1,37.13
17877,17877,371,1,870.18
17878,17878,103,2,3010.04
17879,17879,144,1,4210.19
17880,17880,301,1,141.06
17881,17881,444,1,601.08
17882,17882,691,2,21.76
17883,17883,663,1,298.59
17884,17884,730,2,257.12
17885,17885,143,1,3554.71
17886,17886,730,1,257.12
17887,17887,757,1,187.1
17888,17888,356,2,536.57
17889,17889,691,5,21.76
17890,17890,111,1,1395.81
17891,17891,496,1,186.76
17892,17892,560,1,130.36
17893,17893,439,1,893.3
17894,17894,388,1,77.65
17895,17895,76,2,1011.66
17896,17896,583,2,243.95
17897,17897,218,1,119.33
17898,17898,629,3,198.54
17899,17899,60,2,4655.45
17900,17900,82,4,3071.0
17901,17901,508,2,111.49
17902,17902,97,1,4760.55
17903,17903,741,2,652.35
17904,17904,459,1,764.61
17905,17905,406,1,719.93
17906,17906,131,1,2983.31
17907,17907,730,2,257.12
17908,17908,324,2,186.75
17909,17909,141,1,2601.82
17910,17910,620,1,120.92
17911,17911,451,3,79.36
17912,17912,312,1,143.72
17913,17913,392,3,147.3
17914,17914,365,1,362.99
17915,17915,373,1,581.2
17916,17916,475,5,50.23
17917,17917,171,5,468.85
17918,17918,106,1,3674.29
17919,17919,757,1,187.1
17920,17920,216,3,119.25
17921,17921,165,3,4996.87
17922,17922,409,1,329.97
17923,17923,99,1,1105.45
17924,17924,148,1,1350.51
17925,17925,680,2,235.32
17926,17926,510,2,180.29
17927,17927,248,1,101.44
17928,17928,459,1,764.61
17929,17929,608,2,170.74
17930,17930,182,1,789.51
17931,17931,347,1,775.65
17932,17932,65,1,4813.41
17933,17933,745,1,234.2
17934,17934,459,1,764.61
17935,17935,541,1,85.54
17936,17936,717,2,582.82
17937,17937,439,1,893.3
17938,17938,88,1,4526.09
17939,17939,672,4,213.88
17940,17940,722,1,690.57
17941,17941,541,2,85.54
17942,17942,552,2,86.71
17943,17943,114,2,1731.9
17944,17944,371,1,870.18
17945,17945,328,1,130.01
17946,17946,473,3,15.25
17947,17947,304,1,44.03
17948,17948,393,1,687.59
17949,17949,571,3,160.51
17950,17950,29,2,338.84
17951,17951,410,3,325.95
17952,17952,348,1,208.18
17953,17953,517,1,184.21
17954,17954,417,1,586.68
17955,17955,311,2,129.43
17956,17956,322,1,46.21
17957,17957,695,1,20.12
17958,17958,672,1,213.88
17959,17959,737,1,783.55
17960,17960,413,1,614.79
17961,17961,639,2,181.78
17962,17962,86,4,709.09
17963,17963,187,1,144.62
17964,17964,299,3,221.54
17965,17965,415,1,320.0
17966,17966,388,1,77.65
17967,17967,525,1,74.43
17968,17968,174,2,593.54
17969,17969,344,2,805.84
17970,17970,365,1,362.99
17971,17971,415,1,320.0
17972,17972,610,1,29.89
17973,17973,166,5,1493.43
17974,17974,511,3,184.51
17975,17975,598,1,238.15
17976,17976,143,1,3554.71
17977,17977,18,2,2350.88
17978,17978,580,1,48.76
17979,17979,342,2,608.75
17980,17980,380,1,618.79
17981,17981,711,1,70.46
17982,17982,420,2,410.11
17983,17983,479,1,148.09
17984,17984,260,1,222.35
17985,17985,432,5,493.35
17986,17986,287,1,226.27
17987,17987,304,2,44.03
17988,17988,665,3,348.02
17989,17989,555,1,42.12
17990,17990,347,1,775.65
17991,17991,467,3,752.72
17992,17992,633,1,39.45
17993,17993,577,1,345.37
17994,17994,81,3,3344.53
17995,17995,758,1,15.36
17996,17996,117,1,2956.13
17997,17997,459,1,764.61
17999,17999,225,1,115.0
18000,18000,141,2,2601.82
18001,18001,294,1,20.24
18002,18002,708,3,561.54
18003,18003,569,3,141.29
18004,18004,275,1,225.47
18005,18005,627,1,222.86
18006,18006,370,1,751.68
18007,18007,119,2,246.66
18008,18008,758,1,15.36
18009,18009,17,1,816.7
18010,18010,626,1,181.24
18011,18011,506,2,188.42
18012,18012,632,1,54.65
18013,18013,566,1,65.14
18014,18014,151,5,1209.24
18015,18015,223,2,127.57
18016,18016,316,1,182.63
18017,18017,566,1,65.14
18018,18018,28,2,3364.99
18019,18019,399,1,451.25
18020,18020,653,5,162.88
18021,18021,354,1,736.04
18022,18022,261,1,69.29
18023,18023,276,2,141.09
18024,18024,572,1,139.15
18025,18025,346,5,409.19
18026,18026,332,2,9.64
18027,18027,38,1,1340.7
18028,18028,683,3,473.02
18029,18029,121,1,4828.17
18030,18030,461,2,454.62
18031,18031,642,1,127.89
18032,18032,246,4,74.01
18033,18033,281,1,116.88
18034,18034,187,2,144.62
18035,18035,501,1,11.4
18036,18036,431,1,670.83
18037,18037,200,1,31.36
18038,18038,464,4,45.44
18039,18039,198,1,108.13
18040,18040,161,1,4356.77
18041,18041,5,4,481.86
18042,18042,490,2,91.21
18043,18043,670,2,259.97
18044,18044,72,1,2748.72
18045,18045,374,2,690.25
18046,18046,657,5,325.09
18047,18047,614,2,337.25
18048,18048,496,3,186.76
18049,18049,468,1,763.35
18050,18050,386,1,511.91
18051,18051,305,2,103.09
18052,18052,46,1,1594.55
18053,18053,747,1,258.27
18054,18054,369,1,525.43
18055,18055,579,2,271.64
18056,18056,265,4,153.78
18057,18057,205,1,203.34
18058,18058,193,1,80.98
18059,18059,530,1,40.14
18060,18060,653,1,162.88
18061,18061,461,1,454.62
18062,18062,164,1,1509.78
18063,18063,541,1,85.54
18064,18064,25,2,446.54
18065,18065,410,1,325.95
18067,18067,697,1,603.63
18068,18068,450,1,632.49
18069,18069,519,1,180.5
18070,18070,484,2,96.02
18071,18071,505,1,76.84
18072,18072,270,2,164.12
18073,18073,630,3,188.72
18074,18074,99,5,1105.45
18075,18075,124,1,1143.91
18076,18076,337,3,684.03
18077,18077,695,1,20.12
18078,18078,513,1,29.13
18079,18079,609,1,216.06
18080,18080,59,3,4057.63
18081,18081,102,2,398.45
18082,18082,488,1,77.69
18084,18084,172,1,2706.24
18085,18085,537,1,81.58
18086,18086,57,2,1262.65
18087,18087,585,1,185.33
18088,18088,100,1,3744.66
18089,18089,259,1,52.1
18090,18090,320,1,66.66
18091,18091,481,1,189.58
18092,18092,569,2,141.29
18093,18093,327,1,232.68
18094,18094,196,3,79.36
18095,18095,84,1,3195.54
18096,18096,28,1,3364.99
18097,18097,362,1,546.59
18098,18098,4,1,3496.72
18099,18099,249,1,180.95
18100,18100,419,1,175.87
18101,18101,147,1,4322.84
18102,18102,669,3,113.44
18103,18103,341,1,59.51
18104,18104,246,2,74.01
18105,18105,472,2,101.9
18106,18106,417,2,586.68
18107,18107,584,1,61.78
18108,18108,330,1,191.25
18109,18109,536,1,54.67
18110,18110,540,3,187.1
18111,18111,457,1,351.78
18112,18112,660,1,238.33
18113,18113,325,1,234.0
18114,18114,692,4,487.97
18115,18115,104,4,1865.43
18116,18116,114,1,1731.9
18117,18117,507,1,126.51
18118,18118,53,1,239.54
18119,18119,338,5,710.75
18120,18120,500,2,83.92
18121,18121,621,1,231.82
18122,18122,408,1,891.71
18123,18123,655,1,153.82
18124,18124,370,1,751.68
18125,18125,238,2,130.85
18126,18126,695,1,20.12
18127,18127,51,2,794.12
18128,18128,703,1,12.69
18129,18129,137,2,474.38
18130,18130,741,1,652.35
18131,18131,103,1,3010.04
18132,18132,691,1,21.76
18133,18133,276,1,141.09
18134,18134,429,1,642.02
18135,18135,424,1,274.72
18136,18136,751,1,27.9
18137,18137,116,2,4755.36
18138,18138,165,1,4996.87
18139,18139,339,1,747.6
18140,18140,162,2,2316.52
18141,18141,192,3,132.19
18142,18142,752,1,526.27
18143,18143,475,1,50.23
18144,18144,98,4,1012.81
18145,18145,201,1,143.89
18146,18146,97,1,4760.55
18147,18147,444,5,601.08
18148,18148,578,2,222.33
18149,18149,579,1,271.64
18150,18150,233,2,166.88
18151,18151,512,2,45.47
18152,18152,98,2,1012.81
18153,18153,501,5,11.4
18154,18154,366,2,329.73
18155,18155,259,1,52.1
18156,18156,522,2,157.0
18157,18157,668,2,217.24
18158,18158,47,5,4980.55
18159,18159,653,1,162.88
18160,18160,210,1,190.56
18161,18161,84,1,3195.54
18162,18162,255,1,238.71
18163,18163,180,1,1535.73
18164,18164,219,1,113.42
18165,18165,210,2,190.56
18166,18166,18,1,2350.88
18167,18167,399,1,451.25
18168,18168,459,1,764.61
18169,18169,424,2,274.72
18170,18170,486,1,22.67
18171,18171,184,2,95.76
18172,18172,39,1,4977.19
18173,18173,36,1,4845.59
18174,18174,470,1,155.8
18175,18175,252,1,37.48
18176,18176,23,1,4594.09
18177,18177,648,1,12.54
18178,18178,497,1,20.54
18179,18179,98,1,1012.81
18180,18180,593,2,176.21
18181,18181,680,1,235.32
18182,18182,629,2,198.54
18183,18183,700,4,474.11
18184,18184,128,1,3540.63
18185,18185,415,3,320.0
18186,18186,121,1,4828.17
18187,18187,493,2,21.86
18188,18188,299,4,221.54
18189,18189,674,2,270.13
18190,18190,330,1,191.25
18191,18191,717,3,582.82
18192,18192,285,1,161.67
18193,18193,181,1,2279.14
18194,18194,388,1,77.65
18195,18195,397,3,249.33
18196,18196,619,1,45.77
18197,18197,487,1,127.54
18198,18198,732,1,435.82
18199,18199,479,4,148.09
18200,18200,475,1,50.23
18201,18201,152,1,4060.81
18202,18202,479,1,148.09
18203,18203,206,1,175.81
18204,18204,452,2,889.45
18205,18205,118,1,1495.3
18206,18206,627,1,222.86
18207,18207,483,1,162.06
18208,18208,438,1,519.72
18209,18209,477,2,174.42
18210,18210,207,2,51.89
18211,18211,490,1,91.21
18212,18212,738,1,686.04
18213,18213,681,1,20.06
18214,18214,145,1,2554.17
18215,18215,38,2,1340.7
18216,18216,415,1,320.0
18217,18217,176,1,89.3
18218,18218,266,1,167.93
18219,18219,72,5,2748.72
18220,18220,252,1,37.48
18221,18221,173,2,1299.7
18222,18222,420,1,410.11
18223,18223,171,3,468.85
18224,18224,648,1,12.54
18225,18225,623,2,286.06
18226,18226,599,2,7.34
18227,18227,330,1,191.25
18228,18228,149,3,3306.49
18229,18229,605,2,255.63
18230,18230,476,1,11.53
18231,18231,13,1,349.61
18232,18232,273,1,101.64
18233,18233,223,1,127.57
18234,18234,377,3,456.96
18235,18235,374,1,690.25
18236,18236,476,1,11.53
18237,18237,184,2,95.76
18238,18238,619,1,45.77
18239,18239,700,1,474.11
18240,18240,600,1,334.45
18241,18241,600,2,334.45
18242,18242,73,1,3280.42
18243,18243,381,1,433.63
18244,18244,30,1,1160.12
18245,18245,173,3,1299.7
18246,18246,32,3,2375.4
18247,18247,120,1,530.88
18248,18248,689,1,476.72
18249,18249,355,3,887.26
18250,18250,716,1,471.75
18251,18251,195,1,43.89
18252,18252,237,1,54.46
18253,18253,640,1,206.05
18254,18254,369,3,525.43
18255,18255,214,3,37.03
18256,18256,34,2,564.15
18257,18257,732,1,435.82
18258,18258,152,1,4060.81
18259,18259,176,1,89.3
18260,18260,607,2,121.04
18261,18261,342,4,608.75
18262,18262,315,3,175.03
18263,18263,565,2,57.29
18264,18264,402,3,188.75
18265,18265,514,1,31.2
18266,18266,487,1,127.54
18267,18267,227,2,130.7
18268,18268,632,2,54.65
18269,18269,713,1,527.9
18270,18270,320,1,66.66
18271,18271,473,1,15.25
18272,18272,67,1,1288.51
18273,18273,752,1,526.27
18274,18274,428,2,441.29
18275,18275,355,1,887.26
18276,18276,718,1,186.44
18277,18277,563,1,69.5
18278,18278,441,2,249.15
18279,18279,407,1,279.51
18280,18280,519,1,180.5
18281,18281,399,1,451.25
18282,18282,398,2,276.77
18283,18283,55,1,762.28
18284,18284,92,1,3994.74
18285,18285,325,1,234.0
18286,18286,502,1,93.61
18287,18287,673,1,30.45
18288,18288,366,1,329.73
18289,18289,21,1,2548.24
18290,18290,112,2,2784.77
18291,18291,24,1,4161.68
18292,18292,694,1,738.42
18293,18293,50,1,3323.67
18294,18294,652,1,341.76
18295,18295,68,2,3602.75
18296,18296,46,2,1594.55
18297,18297,263,1,114.41
18298,18298,265,1,153.78
18299,18299,639,1,181.78
18300,18300,659,1,51.18
18301,18301,682,1,291.05
18302,18302,229,1,204.24
18303,18303,607,1,121.04
18304,18304,145,1,2554.17
18305,18305,364,4,114.4
18306,18306,701,1,614.32
18307,18307,463,1,688.82
18308,18308,361,1,830.77
18309,18309,434,1,410.25
18310,18310,381,1,433.63
18311,18311,199,1,83.62
18312,18312,514,2,31.2
18313,18313,427,1,134.85
18314,18314,719,1,329.85
18315,18315,435,2,732.57
18316,18316,318,2,115.05
18317,18317,208,2,136.37
18318,18318,487,3,127.54
18319,18319,95,1,2284.39
18320,18320,751,1,27.9
18321,18321,356,1,536.57
18322,18322,561,1,131.2
18323,18323,83,4,4488.09
18324,18324,196,1,79.36
18325,18325,535,2,73.33
18326,18326,313,1,228.72
18327,18327,305,1,103.09
18328,18328,618,1,174.37
18329,18329,299,2,221.54
18330,18330,350,2,177.74
18331,18331,52,1,1334.63
18332,18332,566,1,65.14
18333,18333,582,1,265.86
18334,18334,33,2,2067.28
18335,18335,657,2,325.09
18336,18336,541,1,85.54
18337,18337,664,2,43.65
18338,18338,563,1,69.5
18339,18339,260,1,222.35
18340,18340,511,1,184.51
18341,18341,532,1,84.1
18342,18342,487,2,127.54
18343,18343,735,1,380.77
18344,18344,411,2,718.64
18345,18345,573,1,46.31
18346,18346,213,1,21.25
18347,18347,701,1,614.32
18348,18348,394,1,466.06
18349,18349,89,1,1914.29
18350,18350,437,5,483.72
18351,18351,257,4,66.34
18352,18352,376,1,500.95
18353,18353,220,1,61.61
18354,18354,599,1,7.34
18355,18355,547,2,92.5
18356,18356,504,3,71.43
18357,18357,68,1,3602.75
18358,18358,197,5,166.43
18359,18359,290,2,67.25
18360,18360,615,1,121.93
18361,18361,163,3,1452.4
18362,18362,490,1,91.21
18363,18363,469,1,285.26
18364,18364,753,2,503.79
18365,18365,627,1,222.86
18366,18366,309,2,49.25
18367,18367,540,3,187.1
18368,18368,13,1,349.61
18369,18369,237,1,54.46
18370,18370,287,1,226.27
18371,18371,303,4,129.01
18372,18372,229,1,204.24
18373,18373,132,1,1534.36
18374,18374,35,3,1264.03
18375,18375,574,1,90.79
18376,18376,76,4,1011.66
18377,18377,410,1,325.95
18378,18378,202,1,189.56
18379,18379,233,1,166.88
18380,18380,707,3,620.93
18381,18381,448,1,795.1
18382,18382,744,1,264.79
18383,18383,757,2,187.1
18384,18384,459,1,764.61
18385,18385,354,5,736.04
18386,18386,369,2,525.43
18387,18387,144,1,4210.19
18388,18388,87,1,2049.83
18389,18389,498,3,124.5
18390,18390,206,1,175.81
18391,18391,234,1,83.07
18392,18392,728,3,289.32
18393,18393,499,3,175.95
18394,18394,308,1,166.64
18395,18395,96,1,2119.38
18396,18396,691,1,21.76
18397,18397,26,3,2386.9
18398,18398,207,1,51.89
18399,18399,152,1,4060.81
18400,18400,94,2,2154.48
18401,18401,279,3,39.39
18402,18402,680,2,235.32
18403,18403,633,1,39.45
18404,18404,535,1,73.33
18405,18405,234,1,83.07
18406,18406,420,1,410.11
18407,18407,118,1,1495.3
18408,18408,737,1,783.55
18409,18409,671,1,170.05
18410,18410,443,1,527.93
18411,18411,75,2,3103.91
18412,18412,747,1,258.27
18413,18413,300,1,146.0
18414,18414,681,2,20.06
18415,18415,660,1,238.33
18416,18416,316,1,182.63
18417,18417,612,2,159.03
18418,18418,655,1,153.82
18419,18419,135,1,3367.95
18420,18420,287,2,226.27
18421,18421,133,1,2998.21
18422,18422,235,5,99.15
18423,18423,391,1,229.33
18425,18425,407,2,279.51
18426,18426,662,1,109.41
18427,18427,667,1,85.14
18428,18428,198,1,108.13
18429,18429,425,1,114.07
18430,18430,681,1,20.06
18431,18431,732,2,435.82
18432,18432,613,1,10.14
18433,18433,50,1,3323.67
18434,18434,325,1,234.0
18435,18435,180,2,1535.73
18436,18436,534,4,95.47
18437,18437,64,1,3403.99
18438,18438,371,1,870.18
18439,18439,521,1,142.88
18440,18440,703,1,12.69
18441,18441,706,2,148.71
18442,18442,598,2,238.15
18443,18443,511,1,184.51
18444,18444,600,1,334.45
18445,18445,92,1,3994.74
18446,18446,150,1,3819.1
18447,18447,349,3,387.46
18448,18448,233,4,166.88
18449,18449,544,3,101.66
18450,18450,136,1,4582.03
18451,18451,478,4,153.79
18452,18452,103,1,3010.04
18453,18453,531,2,22.73
18454,18454,483,1,162.06
18455,18455,718,4,186.44
18456,18456,721,1,453.58
18457,18457,530,2,40.14
18458,18458,406,1,719.93
18459,18459,145,2,2554.17
18460,18460,534,3,95.47
18461,18461,736,1,562.66
18462,18462,223,1,127.57
18463,18463,744,4,264.79
18464,18464,524,2,140.52
18465,18465,13,2,349.61
18466,18466,619,2,45.77
18467,18467,55,4,762.28
18468,18468,237,2,54.46
18469,18469,249,4,180.95
18470,18470,462,1,127.45
18471,18471,645,5,168.29
18472,18472,727,1,198.94
18473,18473,110,1,1076.35
18474,18474,711,1,70.46
18475,18475,71,2,3331.34
18476,18476,651,3,303.26
18477,18477,434,1,410.25
18478,18478,122,2,388.92
18479,18479,57,1,1262.65
18480,18480,351,2,691.78
18481,18481,112,1,2784.77
18482,18482,678,1,59.08
18483,18483,117,2,2956.13
18484,18484,454,1,612.64
18485,18485,332,1,9.64
18486,18486,18,1,2350.88
18487,18487,122,1,388.92
18488,18488,422,2,111.41
18489,18489,691,1,21.76
18490,18490,352,2,39.87
18491,18491,625,2,105.77
18492,18492,341,1,59.51
18493,18493,715,2,780.68
18494,18494,457,1,351.78
18495,18495,270,3,164.12
18496,18496,275,1,225.47
18497,18497,43,1,617.03
18498,18498,517,2,184.21
18499,18499,109,3,3059.44
18500,18500,727,1,198.94
18501,18501,20,1,36.15
18502,18502,672,1,213.88
18503,18503,462,4,127.45
18504,18504,79,2,4429.61
18505,18505,488,1,77.69
18506,18506,467,2,752.72
18507,18507,434,1,410.25
18508,18508,650,1,190.13
18509,18509,637,1,228.07
18510,18510,267,1,116.2
18511,18511,303,1,129.01
18512,18512,352,1,39.87
18513,18513,575,2,27.16
18514,18514,482,3,9.41
18515,18515,152,2,4060.81
18516,18516,568,2,138.43
18517,18517,675,1,167.34
18518,18518,267,1,116.2
18519,18519,141,1,2601.82
18520,18520,190,1,94.68
18521,18521,477,1,174.42
18522,18522,647,2,115.03
18523,18523,272,1,104.31
18524,18524,513,1,29.13
18525,18525,494,1,53.12
18526,18526,135,1,3367.95
18527,18527,242,5,241.66
18528,18528,465,1,379.72
18529,18529,103,1,3010.04
18530,18530,97,1,4760.55
18531,18531,429,1,642.02
18532,18532,55,1,762.28
18533,18533,726,1,758.05
18534,18534,387,1,713.53
18535,18535,597,4,95.38
18536,18536,613,1,10.14
18537,18537,392,1,147.3
18538,18538,347,3,775.65
18539,18539,731,1,733.38
18540,18540,684,1,416.47
18541,18541,246,4,74.01
18542,18542,93,4,2679.93
18543,18543,247,2,222.07
18544,18544,616,2,211.57
18545,18545,198,1,108.13
18546,18546,285,1,161.67
18547,18547,691,1,21.76
18548,18548,512,1,45.47
18549,18549,34,5,564.15
18550,18550,95,1,2284.39
18551,18551,119,1,246.66
18552,18552,19,2,4426.24
18553,18553,658,4,324.63
18554,18554,19,1,4426.24
18555,18555,50,1,3323.67
18556,18556,427,2,134.85
18557,18557,754,1,264.87
18558,18558,28,1,3364.99
18559,18559,407,1,279.51
18560,18560,145,1,2554.17
18561,18561,751,1,27.9
18562,18562,184,1,95.76
18563,18563,729,1,493.75
18564,18564,395,4,708.14
18565,18565,446,2,768.65
18566,18566,588,1,225.54
18567,18567,279,1,39.39
18568,18568,74,1,4799.95
18569,18569,326,2,219.08
18570,18570,465,1,379.72
18571,18571,112,1,2784.77
18572,18572,223,2,127.57
18573,18573,302,2,200.36
18574,18574,675,1,167.34
18575,18575,456,1,403.71
18576,18576,124,2,1143.91
18577,18577,739,1,403.17
18578,18578,488,1,77.69
18579,18579,6,2,3654.05
18580,18580,587,1,49.39
18581,18581,468,1,763.35
18582,18582,100,2,3744.66
18583,18583,282,2,162.82
18584,18584,138,1,1662.41
18585,18585,321,2,108.01
18586,18586,254,1,66.21
18587,18587,216,1,119.25
18588,18588,460,4,675.57
18590,18590,590,5,193.35
18591,18591,693,3,120.16
18592,18592,554,3,30.09
18593,18593,67,1,1288.51
18594,18594,141,1,2601.82
18595,18595,406,4,719.93
18596,18596,744,1,264.79
18597,18597,180,2,1535.73
18598,18598,389,1,574.36
18599,18599,669,1,113.44
18600,18600,182,1,789.51
18601,18601,40,1,4844.16
18602,18602,191,4,187.49
18603,18603,414,1,272.92
18604,18604,743,2,545.9
18605,18605,421,2,729.76
18606,18606,557,2,10.64
18607,18607,352,1,39.87
18608,18608,644,4,233.5
18609,18609,450,2,632.49
18610,18610,122,4,388.92
18611,18611,404,2,359.7
18612,18612,565,2,57.29
18613,18613,617,1,291.13
18614,18614,88,1,4526.09
18615,18615,530,1,40.14
18616,18616,45,1,3586.63
18617,18617,89,1,1914.29
18618,18618,590,1,193.35
18619,18619,426,1,351.49
18620,18620,164,1,1509.78
18621,18621,531,5,22.73
18622,18622,692,1,487.97
18623,18623,65,2,4813.41
18624,18624,676,2,257.69
18625,18625,554,1,30.09
18626,18626,102,3,398.45
18627,18627,196,1,79.36
18628,18628,550,1,133.78
18629,18629,568,2,138.43
18630,18630,281,1,116.88
18631,18631,162,1,2316.52
18632,18632,155,1,1706.02
18633,18633,588,1,225.54
18634,18634,254,2,66.21
18635,18635,203,1,93.09
18636,18636,116,1,4755.36
18637,18637,657,1,325.09
18638,18638,357,1,848.0
18639,18639,95,5,2284.39
18640,18640,47,1,4980.55
18641,18641,609,1,216.06
18642,18642,227,1,130.7
18643,18643,154,1,2061.68
18644,18644,249,1,180.95
18645,18645,350,2,177.74
18646,18646,297,1,241.93
18647,18647,102,2,398.45
18648,18648,513,1,29.13
18649,18649,431,3,670.83
18650,18650,236,1,95.55
18651,18651,240,1,159.18
18652,18652,36,1,4845.59
18653,18653,567,1,49.45
18654,18654,85,1,405.86
18655,18655,100,1,3744.66
18656,18656,674,1,270.13
18657,18657,132,2,1534.36
18658,18658,138,5,1662.41
18659,18659,636,1,261.3
18660,18660,217,2,109.07
18661,18661,729,4,493.75
18662,18662,710,2,644.85
18663,18663,158,2,510.24
18664,18664,491,1,62.03
18665,18665,314,1,67.65
18666,18666,410,2,325.95
18667,18667,129,1,3943.37
18668,18668,123,2,444.19
18669,18669,363,1,306.33
18670,18670,58,1,3110.88
18671,18671,82,1,3071.0
18672,18672,636,1,261.3
18673,18673,612,1,159.03
18674,18674,299,3,221.54
18675,18675,216,2,119.25
18676,18676,168,1,4516.61
18677,18677,86,2,709.09
18678,18678,240,2,159.18
18679,18679,212,1,172.12
18680,18680,572,1,139.15
18681,18681,169,2,966.85
18682,18682,256,1,161.82
18683,18683,277,2,162.31
18684,18684,583,1,243.95
18685,18685,3,1,2733.8
18687,18687,42,2,418.95
18688,18688,86,4,709.09
18689,18689,729,1,493.75
18690,18690,430,1,206.26
18691,18691,116,1,4755.36
18692,18692,624,1,342.9
18693,18693,336,1,414.92
18694,18694,284,2,62.55
18695,18695,444,1,601.08
18696,18696,638,1,105.78
18697,18697,109,1,3059.44
18698,18698,313,3,228.72
18699,18699,748,1,691.2
18700,18700,100,2,3744.66
18701,18701,426,2,351.49
18702,18702,752,1,526.27
18703,18703,108,2,4157.03
18704,18704,660,5,238.33
18705,18705,734,1,86.88
18706,18706,176,3,89.3
18707,18707,238,2,130.85
18708,18708,59,1,4057.63
18709,18709,146,1,2765.29
18710,18710,16,3,708.88
18711,18711,448,1,795.1
18712,18712,353,1,218.55
18713,18713,440,2,747.34
18714,18714,370,1,751.68
18715,18715,530,5,40.14
18716,18716,136,1,4582.03
18717,18717,401,1,774.95
18718,18718,2,1,1108.81
18719,18719,89,1,1914.29
18720,18720,112,1,2784.77
18721,18721,690,3,138.9
18722,18722,537,1,81.58
18723,18723,346,2,409.19
18724,18724,606,1,25.9
18725,18725,473,1,15.25
18726,18726,48,1,4406.69
18727,18727,373,1,581.2
18728,18728,735,3,380.77
18729,18729,157,1,1189.15
18730,18730,367,5,652.94
18731,18731,633,2,39.45
18732,18732,492,2,157.87
18733,18733,542,2,173.49
18734,18734,682,1,291.05
18735,18735,98,1,1012.81
18736,18736,706,1,148.71
18737,18737,239,1,157.55
18738,18738,420,1,410.11
18739,18739,401,2,774.95
18740,18740,56,1,228.3
18741,18741,525,1,74.43
18742,18742,550,3,133.78
18743,18743,56,1,228.3
18744,18744,523,1,51.16
18745,18745,523,1,51.16
18746,18746,380,1,618.79
18747,18747,434,1,410.25
18748,18748,403,3,446.99
18749,18749,276,2,141.09
18750,18750,101,3,147.87
18751,18751,696,1,147.69
18752,18752,553,2,156.88
18753,18753,496,1,186.76
18754,18754,32,3,2375.4
18755,18755,661,2,52.91
18756,18756,202,2,189.56
18757,18757,668,2,217.24
18758,18758,650,1,190.13
18759,18759,39,1,4977.19
18760,18760,17,3,816.7
18761,18761,157,1,1189.15
18762,18762,679,2,128.13
18763,18763,282,1,162.82
18764,18764,332,1,9.64
18765,18765,707,1,620.93
18766,18766,624,2,342.9
18767,18767,603,1,296.14
18768,18768,565,3,57.29
18769,18769,343,2,524.69
18770,18770,472,1,101.9
18771,18771,57,1,1262.65
18772,18772,506,1,188.42
18773,18773,83,3,4488.09
18774,18774,329,1,164.88
18775,18775,690,2,138.9
18776,18776,246,1,74.01
18777,18777,518,1,37.43
18778,18778,441,5,249.15
18779,18779,187,1,144.62
18780,18780,322,4,46.21
18781,18781,507,1,126.51
18782,18782,50,1,3323.67
18783,18783,273,1,101.64
18784,18784,156,1,4299.51
18785,18785,713,1,527.9
18786,18786,731,3,733.38
18787,18787,49,2,3523.62
18788,18788,75,1,3103.91
18789,18789,571,1,160.51
18790,18790,180,3,1535.73
18791,18791,661,1,52.91
18792,18792,274,1,156.06
18793,18793,448,5,795.1
18794,18794,55,2,762.28
18795,18795,636,1,261.3
18796,18796,159,3,4519.04
18797,18797,464,1,45.44
18798,18798,286,2,163.11
18799,18799,695,3,20.12
18800,18800,284,1,62.55
18801,18801,430,1,206.26
18802,18802,45,1,3586.63
18803,18803,402,1,188.75
18804,18804,94,2,2154.48
18805,18805,740,1,452.77
18806,18806,64,1,3403.99
18807,18807,582,1,265.86
18808,18808,577,1,345.37
18809,18809,205,1,203.34
18810,18810,601,2,43.38
18811,18811,601,2,43.38
18812,18812,324,2,186.75
18813,18813,220,3,61.61
18814,18814,182,1,789.51
18815,18815,734,1,86.88
18816,18816,744,3,264.79
18817,18817,345,1,130.52
18818,18818,107,1,2427.81
18819,18819,98,4,1012.81
18820,18820,401,4,774.95
18821,18821,697,2,603.63
18822,18822,297,2,241.93
18823,18823,357,2,848.0
18824,18824,692,4,487.97
18825,18825,162,3,2316.52
18826,18826,410,1,325.95
18827,18827,417,1,586.68
18828,18828,71,2,3331.34
18829,18829,461,3,454.62
18830,18830,593,1,176.21
18831,18831,703,2,12.69
18832,18832,459,1,764.61
18833,18833,4,1,3496.72
18834,18834,543,2,65.32
18835,18835,54,1,3534.21
18836,18836,126,3,3818.42
18837,18837,655,2,153.82
18838,18838,247,1,222.07
18839,18839,684,1,416.47
18840,18840,587,2,49.39
18841,18841,43,2,617.03
18842,18842,396,2,655.1
18843,18843,753,1,503.79
18844,18844,281,2,116.88
18845,18845,710,3,644.85
18846,18846,556,3,55.68
18847,18847,737,5,783.55
18848,18848,314,1,67.65
18849,18849,341,5,59.51
18850,18850,299,3,221.54
18851,18851,144,1,4210.19
18852,18852,741,1,652.35
18853,18853,117,2,2956.13
18854,18854,490,4,91.21
18855,18855,160,1,744.93
18856,18856,195,1,43.89
18857,18857,130,2,3245.21
18858,18858,677,2,233.28
18859,18859,120,3,530.88
18860,18860,478,4,153.79
18861,18861,390,1,344.12
18862,18862,216,4,119.25
18863,18863,343,1,524.69
18864,18864,740,1,452.77
18866,18866,406,1,719.93
18867,18867,714,4,560.86
18868,18868,582,1,265.86
18869,18869,159,1,4519.04
18870,18870,456,1,403.71
18871,18871,232,1,23.94
18872,18872,544,1,101.66
18873,18873,634,3,86.2
18874,18874,138,1,1662.41
18875,18875,87,1,2049.83
18876,18876,231,2,101.74
18877,18877,190,2,94.68
18878,18878,648,1,12.54
18879,18879,693,4,120.16
18880,18880,415,3,320.0
18881,18881,560,1,130.36
18882,18882,459,2,764.61
18883,18883,495,1,106.76
18884,18884,386,1,511.91
18885,18885,641,3,57.17
18886,18886,557,4,10.64
18887,18887,618,2,174.37
18888,18888,442,1,92.84
18889,18889,365,1,362.99
18890,18890,172,3,2706.24
18891,18891,379,1,342.01
18892,18892,200,2,31.36
18893,18893,591,1,108.18
18894,18894,584,3,61.78
18895,18895,376,1,500.95
18896,18896,360,1,505.98
18897,18897,477,1,174.42
18898,18898,300,2,146.0
18899,18899,123,1,444.19
18900,18900,521,2,142.88
18901,18901,417,5,586.68
18902,18902,426,3,351.49
18903,18903,749,3,25.31
18904,18904,418,1,304.57
18905,18905,447,1,402.73
18906,18906,329,2,164.88
18907,18907,717,1,582.82
18908,18908,356,3,536.57
18909,18909,570,1,131.96
18910,18910,381,3,433.63
18911,18911,100,3,3744.66
18912,18912,7,2,3100.22
18913,18913,436,1,391.06
18914,18914,569,2,141.29
18915,18915,257,1,66.34
18916,18916,105,1,545.57
18917,18917,246,1,74.01
18918,18918,38,1,1340.7
18919,18919,256,2,161.82
18920,18920,628,1,49.89
18921,18921,513,3,29.13
18922,18922,648,2,12.54
18923,18923,142,1,2755.1
18924,18924,410,1,325.95
18925,18925,266,1,167.93
18926,18926,382,1,304.82
18927,18927,256,1,161.82
18928,18928,82,1,3071.0
18929,18929,359,1,773.2
18930,18930,613,1,10.14
18931,18931,37,1,1084.45
18932,18932,225,1,115.0
18933,18933,588,1,225.54
18934,18934,631,2,22.35
18935,18935,404,1,359.7
18936,18936,325,1,234.0
18937,18937,327,1,232.68
18938,18938,673,1,30.45
18939,18939,566,2,65.14
18940,18940,502,2,93.61
18941,18941,607,1,121.04
18942,18942,543,1,65.32
18943,18943,144,3,4210.19
18944,18944,29,4,338.84
18945,18945,667,1,85.14
18946,18946,410,2,325.95
18947,18947,47,1,4980.55
18948,18948,327,2,232.68
18949,18949,283,3,209.19
18950,18950,402,2,188.75
18951,18951,649,2,229.42
18952,18952,519,1,180.5
18953,18953,726,1,758.05
18954,18954,276,1,141.09
18955,18955,564,2,78.46
18956,18956,317,1,91.51
18957,18957,478,1,153.79
18958,18958,375,1,415.84
18959,18959,55,1,762.28
18960,18960,670,2,259.97
18961,18961,366,2,329.73
18962,18962,414,1,272.92
18963,18963,409,1,329.97
18964,18964,218,2,119.33
18965,18965,512,3,45.47
18966,18966,738,3,686.04
18967,18967,667,1,85.14
18968,18968,615,1,121.93
18969,18969,612,1,159.03
18970,18970,210,4,190.56
18971,18971,546,1,167.82
18972,18972,705,1,793.49
18973,18973,418,2,304.57
18974,18974,606,1,25.9
18975,18975,159,1,4519.04
18976,18976,103,1,3010.04
18977,18977,471,1,149.5
18978,18978,415,2,320.0
18979,18979,459,4,764.61
18980,18980,24,1,4161.68
18981,18981,696,2,147.69
18982,18982,206,2,175.81
18983,18983,442,2,92.84
18984,18984,683,2,473.02
18985,18985,382,1,304.82
18986,18986,400,4,305.66
18987,18987,530,2,40.14
18988,18988,243,4,114.61
18989,18989,650,1,190.13
18990,18990,25,1,446.54
18991,18991,756,1,454.23
18992,18992,209,1,86.49
18993,18993,697,1,603.63
18994,18994,72,1,2748.72
18995,18995,703,1,12.69
18997,18997,324,1,186.75
18998,18998,344,1,805.84
18999,18999,471,1,149.5
19000,19000,450,1,632.49
19001,19001,344,1,805.84
19002,19002,353,1,218.55
19003,19003,253,2,11.97
19004,19004,606,1,25.9
19005,19005,746,3,341.49
19006,19006,555,1,42.12
19007,19007,633,5,39.45
19008,19008,709,2,493.91
19009,19009,297,3,241.93
19010,19010,582,1,265.86
19011,19011,668,3,217.24
19012,19012,743,1,545.9
19013,19013,462,3,127.45
19014,19014,179,1,4122.79
19015,19015,184,1,95.76
19016,19016,324,1,186.75
19017,19017,227,3,130.7
19018,19018,363,2,306.33
19019,19019,120,1,530.88
19020,19020,273,2,101.64
19021,19021,259,2,52.1
19022,19022,220,3,61.61
19023,19023,127,1,393.81
19024,19024,54,2,3534.21
19025,19025,663,3,298.59
19026,19026,163,2,1452.4
19027,19027,382,2,304.82
19028,19028,705,2,793.49
19029,19029,388,1,77.65
19030,19030,715,1,780.68
19031,19031,441,1,249.15
19032,19032,157,1,1189.15
19033,19033,721,3,453.58
19034,19034,253,1,11.97
19035,19035,289,3,162.63
19036,19036,497,3,20.54
19037,19037,47,1,4980.55
19038,19038,337,2,684.03
19039,19039,370,1,751.68
19040,19040,78,1,2010.26
19041,19041,408,1,891.71
19042,19042,206,2,175.81
19043,19043,233,1,166.88
19044,19044,20,1,36.15
19045,19045,325,4,234.0
19046,19046,334,3,36.6
19047,19047,124,1,1143.91
19048,19048,401,3,774.95
19049,19049,122,2,388.92
19050,19050,249,2,180.95
19051,19051,20,1,36.15
19052,19052,480,1,150.12
19053,19053,318,1,115.05
19054,19054,89,2,1914.29
19055,19055,168,2,4516.61
19056,19056,66,1,1582.1
19057,19057,353,5,218.55
19058,19058,337,1,684.03
19059,19059,687,1,531.25
19060,19060,35,1,1264.03
19061,19061,639,1,181.78
19062,19062,518,1,37.43
19063,19063,751,1,27.9
19064,19064,291,2,46.25
19065,19065,108,1,4157.03
19066,19066,467,2,752.72
19067,19067,78,3,2010.26
19068,19068,507,1,126.51
19069,19069,123,1,444.19
19070,19070,125,2,2155.56
19071,19071,69,1,3327.89
19072,19072,116,1,4755.36
19073,19073,626,2,181.24
19074,19074,60,1,4655.45
19075,19075,139,1,2285.02
19076,19076,95,1,2284.39
19077,19077,518,2,37.43
19078,19078,277,3,162.31
19079,19079,281,3,116.88
19080,19080,521,1,142.88
19081,19081,538,2,82.44
19082,19082,417,1,586.68
19083,19083,620,2,120.92
19084,19084,505,1,76.84
19086,19086,142,2,2755.1
19087,19087,198,1,108.13
19088,19088,562,1,117.53
19089,19089,658,2,324.63
19090,19090,627,1,222.86
19091,19091,499,2,175.95
19092,19092,318,1,115.05
19093,19093,728,1,289.32
19094,19094,242,1,241.66
19095,19095,751,1,27.9
19096,19096,600,1,334.45
19097,19097,571,1,160.51
19098,19098,388,3,77.65
19099,19099,191,4,187.49
19100,19100,716,5,471.75
19101,19101,144,1,4210.19
19102,19102,44,2,2107.73
19103,19103,574,1,90.79
19104,19104,532,1,84.1
19105,19105,446,1,768.65
19106,19106,493,1,21.86
19107,19107,430,1,206.26
19108,19108,165,3,4996.87
19109,19109,626,1,181.24
19110,19110,376,1,500.95
19111,19111,120,1,530.88
19112,19112,603,1,296.14
19113,19113,682,2,291.05
19114,19114,756,2,454.23
19115,19115,325,1,234.0
19116,19116,423,2,532.42
19117,19117,540,1,187.1
19118,19118,267,2,116.2
19119,19119,47,2,4980.55
19120,19120,631,1,22.35
19121,19121,634,2,86.2
19122,19122,347,1,775.65
19123,19123,420,1,410.11
19124,19124,13,2,349.61
19125,19125,310,1,54.16
19126,19126,403,5,446.99
19127,19127,170,1,3238.77
19128,19128,637,1,228.07
19129,19129,325,2,234.0
19130,19130,719,1,329.85
19131,19131,574,1,90.79
19132,19132,542,1,173.49
19133,19133,674,2,270.13
19134,19134,290,1,67.25
19135,19135,294,1,20.24
19136,19136,658,1,324.63
19137,19137,410,1,325.95
19138,19138,476,1,11.53
19141,19141,730,1,257.12
19142,19142,102,2,398.45
19143,19143,259,1,52.1
19144,19144,87,4,2049.83
19145,19145,16,1,708.88
19146,19146,414,3,272.92
19147,19147,42,1,418.95
19148,19148,297,1,241.93
19149,19149,433,1,204.49
19150,19150,734,1,86.88
19151,19151,94,1,2154.48
19152,19152,646,1,316.95
19153,19153,147,2,4322.84
19154,19154,646,3,316.95
19155,19155,12,1,3846.19
19156,19156,660,2,238.33
19157,19157,144,1,4210.19
19158,19158,272,1,104.31
19159,19159,246,1,74.01
19160,19160,351,2,691.78
19161,19161,310,2,54.16
19162,19162,354,2,736.04
19163,19163,102,1,398.45
19164,19164,692,3,487.97
19165,19165,673,1,30.45
19166,19166,545,3,183.48
19167,19167,281,1,116.88
19168,19168,540,1,187.1
19169,19169,140,2,2582.68
19170,19170,579,1,271.64
19171,19171,261,1,69.29
19172,19172,440,1,747.34
19173,19173,438,1,519.72
19174,19174,208,1,136.37
19175,19175,182,2,789.51
19176,19176,722,1,690.57
19177,19177,735,1,380.77
19178,19178,283,5,209.19
19179,19179,49,1,3523.62
19180,19180,326,1,219.08
19181,19181,662,1,109.41
19182,19182,227,2,130.7
19183,19183,563,4,69.5
19184,19184,752,1,526.27
19185,19185,161,1,4356.77
19186,19186,682,1,291.05
19187,19187,488,1,77.69
19188,19188,385,1,23.93
19189,19189,567,2,49.45
19190,19190,62,4,2312.3
19191,19191,401,5,774.95
19192,19192,432,1,493.35
19193,19193,234,4,83.07
19194,19194,61,4,558.31
19195,19195,90,1,4768.07
19196,19196,607,1,121.04
19197,19197,471,1,149.5
19198,19198,398,4,276.77
19199,19199,417,2,586.68
19200,19200,264,4,231.67
19201,19201,10,1,3515.06
19202,19202,446,1,768.65
19203,19203,64,1,3403.99
19204,19204,668,1,217.24
19205,19205,475,1,50.23
19206,19206,130,1,3245.21
19207,19207,652,1,341.76
19208,19208,270,2,164.12
19209,19209,710,2,644.85
19211,19211,658,1,324.63
19212,19212,295,1,46.64
19213,19213,70,5,1560.23
19214,19214,501,2,11.4
19215,19215,565,4,57.29
19216,19216,107,4,2427.81
19217,19217,363,2,306.33
19218,19218,40,1,4844.16
19219,19219,572,1,139.15
19220,19220,684,1,416.47
19221,19221,195,1,43.89
19222,19222,399,2,451.25
19223,19223,28,1,3364.99
19224,19224,497,1,20.54
19225,19225,653,1,162.88
19226,19226,329,4,164.88
19227,19227,548,3,79.31
19228,19228,509,1,37.13
19229,19229,726,1,758.05
19230,19230,299,1,221.54
19231,19231,1,2,714.89
19232,19232,454,2,612.64
19233,19233,252,3,37.48
19234,19234,545,1,183.48
19235,19235,31,1,2437.35
19236,19236,496,1,186.76
19237,19237,289,1,162.63
19238,19238,206,1,175.81
19239,19239,246,1,74.01
19240,19240,24,1,4161.68
19241,19241,705,1,793.49
19242,19242,82,1,3071.0
19243,19243,613,1,10.14
19244,19244,281,1,116.88
19245,19245,491,2,62.03
19246,19246,520,2,154.62
19247,19247,371,2,870.18
19248,19248,665,2,348.02
19249,19249,552,4,86.71
19250,19250,376,1,500.95
19251,19251,499,3,175.95
19252,19252,198,4,108.13
19253,19253,303,1,129.01
19254,19254,209,1,86.49
19255,19255,593,1,176.21
19256,19256,218,3,119.33
19257,19257,454,2,612.64
19258,19258,239,2,157.55
19259,19259,348,1,208.18
19260,19260,523,1,51.16
19261,19261,363,1,306.33
19262,19262,430,5,206.26
19263,19263,601,5,43.38
19264,19264,692,1,487.97
19265,19265,23,1,4594.09
19266,19266,696,1,147.69
19267,19267,747,1,258.27
19268,19268,351,2,691.78
19269,19269,118,1,1495.3
19270,19270,221,1,195.84
19271,19271,188,2,64.38
19272,19272,440,1,747.34
19273,19273,599,2,7.34
19274,19274,256,1,161.82
19275,19275,427,3,134.85
19276,19276,748,1,691.2
19277,19277,559,2,57.73
19278,19278,222,3,55.73
19279,19279,162,1,2316.52
19280,19280,481,1,189.58
19281,19281,601,1,43.38
19282,19282,404,1,359.7
19283,19283,3,2,2733.8
19284,19284,148,1,1350.51
19285,19285,743,1,545.9
19286,19286,287,1,226.27
19287,19287,699,2,41.44
19288,19288,309,5,49.25
19289,19289,588,2,225.54
19290,19290,746,2,341.49
19291,19291,16,1,708.88
19292,19292,31,3,2437.35
19293,19293,376,5,500.95
19294,19294,306,1,126.53
19295,19295,50,1,3323.67
19296,19296,106,1,3674.29
19297,19297,505,2,76.84
19298,19298,64,4,3403.99
19299,19299,579,3,271.64
19300,19300,395,1,708.14
19301,19301,11,1,1239.15
19302,19302,599,1,7.34
19303,19303,589,2,230.12
19304,19304,23,1,4594.09
19305,19305,66,1,1582.1
19306,19306,415,2,320.0
19307,19307,234,1,83.07
19308,19308,12,2,3846.19
19309,19309,457,3,351.78
19310,19310,251,2,210.05
19311,19311,688,2,174.08
19312,19312,503,1,152.47
19313,19313,215,1,129.05
19314,19314,205,2,203.34
19315,19315,729,2,493.75
19316,19316,71,1,3331.34
19317,19317,749,1,25.31
19318,19318,242,1,241.66
19319,19319,148,1,1350.51
19320,19320,757,1,187.1
19321,19321,118,1,1495.3
19322,19322,70,4,1560.23
19323,19323,173,1,1299.7
19324,19324,639,2,181.78
19325,19325,308,1,166.64
19326,19326,550,2,133.78
19327,19327,521,2,142.88
19328,19328,217,1,109.07
19329,19329,341,4,59.51
19330,19330,342,1,608.75
19331,19331,147,2,4322.84
19332,19332,626,1,181.24
19333,19333,154,1,2061.68
19334,19334,273,1,101.64
19335,19335,102,2,398.45
19336,19336,488,1,77.69
19337,19337,370,1,751.68
19338,19338,617,3,291.13
19339,19339,266,1,167.93
19340,19340,218,1,119.33
19341,19341,317,1,91.51
19342,19342,5,1,481.86
19343,19343,202,5,189.56
19344,19344,43,1,617.03
19345,19345,666,1,37.97
19346,19346,338,2,710.75
19347,19347,229,1,204.24
19348,19348,684,4,416.47
19349,19349,71,1,3331.34
19350,19350,365,1,362.99
19351,19351,243,5,114.61
19352,19352,421,1,729.76
19353,19353,81,2,3344.53
19354,19354,366,1,329.73
19355,19355,369,1,525.43
19356,19356,709,1,493.91
19357,19357,86,2,709.09
19358,19358,164,1,1509.78
19359,19359,415,1,320.0
19360,19360,233,1,166.88
19361,19361,104,3,1865.43
19362,19362,238,2,130.85
19363,19363,734,1,86.88
19364,19364,564,5,78.46
19365,19365,686,2,229.67
19366,19366,555,1,42.12
19367,19367,89,1,1914.29
19368,19368,76,1,1011.66
19369,19369,275,1,225.47
19370,19370,553,1,156.88
19371,19371,454,1,612.64
19372,19372,669,1,113.44
19373,19373,668,2,217.24
19374,19374,650,5,190.13
19375,19375,88,1,4526.09
19376,19376,392,2,147.3
19377,19377,119,1,246.66
19378,19378,28,3,3364.99
19379,19379,580,1,48.76
19380,19380,232,3,23.94
19381,19381,88,2,4526.09
19382,19382,98,1,1012.81
19383,19383,287,1,226.27
19384,19384,601,1,43.38
19385,19385,347,1,775.65
19386,19386,307,1,245.13
19387,19387,258,1,204.86
19388,19388,238,1,130.85
19389,19389,408,3,891.71
19390,19390,357,1,848.0
19391,19391,395,2,708.14
19392,19392,172,2,2706.24
19393,19393,374,2,690.25
19394,19394,713,2,527.9
19395,19395,482,1,9.41
19396,19396,684,1,416.47
19397,19397,308,1,166.64
19398,19398,368,1,510.64
19399,19399,525,4,74.43
19400,19400,293,1,33.69
19401,19401,259,1,52.1
19402,19402,452,2,889.45
19403,19403,79,1,4429.61
19404,19404,171,2,468.85
19405,19405,171,1,468.85
19406,19406,65,1,4813.41
19407,19407,658,3,324.63
19408,19408,120,2,530.88
19409,19409,501,1,11.4
19410,19410,50,1,3323.67
19411,19411,239,2,157.55
19412,19412,217,4,109.07
19413,19413,539,2,172.0
19414,19414,48,1,4406.69
19415,19415,44,2,2107.73
19416,19416,176,2,89.3
19417,19417,71,1,3331.34
19418,19418,454,1,612.64
19419,19419,233,3,166.88
19420,19420,174,1,593.54
19422,19422,717,1,582.82
19423,19423,668,1,217.24
19424,19424,506,2,188.42
19426,19426,562,1,117.53
19427,19427,52,1,1334.63
19428,19428,231,1,101.74
19429,19429,179,1,4122.79
19430,19430,8,1,3869.87
19431,19431,665,2,348.02
19432,19432,520,4,154.62
19433,19433,388,3,77.65
19434,19434,492,3,157.87
19435,19435,94,1,2154.48
19436,19436,273,2,101.64
19437,19437,351,2,691.78
19438,19438,461,1,454.62
19439,19439,717,3,582.82
19440,19440,668,2,217.24
19441,19441,100,2,3744.66
19442,19442,491,1,62.03
19443,19443,128,4,3540.63
19444,19444,257,1,66.34
19445,19445,151,1,1209.24
19446,19446,726,1,758.05
19447,19447,374,1,690.25
19448,19448,81,2,3344.53
19449,19449,490,1,91.21
19450,19450,564,4,78.46
19451,19451,275,1,225.47
19452,19452,89,2,1914.29
19453,19453,218,1,119.33
19454,19454,131,2,2983.31
19455,19455,97,3,4760.55
19456,19456,125,4,2155.56
19457,19457,261,4,69.29
19458,19458,146,2,2765.29
19459,19459,468,1,763.35
19460,19460,383,2,626.13
19461,19461,129,2,3943.37
19462,19462,410,1,325.95
19463,19463,544,1,101.66
19464,19464,596,1,29.96
19465,19465,153,2,4827.45
19466,19466,253,1,11.97
19467,19467,744,2,264.79
19468,19468,685,2,12.22
19469,19469,755,1,759.14
19470,19470,750,2,70.48
19471,19471,622,1,153.74
19472,19472,753,2,503.79
19473,19473,133,1,2998.21
19474,19474,685,1,12.22
19475,19475,275,2,225.47
19476,19476,398,1,276.77
19477,19477,166,1,1493.43
19478,19478,490,2,91.21
19479,19479,485,1,101.15
19480,19480,517,2,184.21
19481,19481,732,1,435.82
19482,19482,42,2,418.95
19483,19483,541,1,85.54
19484,19484,343,1,524.69
19485,19485,47,1,4980.55
19486,19486,594,1,59.48
19487,19487,377,1,456.96
19488,19488,66,1,1582.1
19489,19489,513,1,29.13
19490,19490,598,2,238.15
19491,19491,247,1,222.07
19492,19492,53,1,239.54
19493,19493,224,3,163.59
19494,19494,204,1,34.18
19495,19495,167,1,3435.27
19496,19496,172,1,2706.24
19498,19498,287,1,226.27
19499,19499,269,1,172.41
19500,19500,690,2,138.9
19501,19501,143,2,3554.71
19502,19502,339,3,747.6
19503,19503,635,4,138.08
19504,19504,398,3,276.77
19505,19505,47,5,4980.55
19506,19506,380,1,618.79
19507,19507,20,2,36.15
19508,19508,654,1,202.93
19509,19509,510,2,180.29
19510,19510,417,2,586.68
19511,19511,197,1,166.43
19512,19512,213,1,21.25
19513,19513,388,1,77.65
19514,19514,571,2,160.51
19515,19515,6,1,3654.05
19516,19516,81,1,3344.53
19517,19517,351,1,691.78
19518,19518,703,1,12.69
19519,19519,128,1,3540.63
19520,19520,465,1,379.72
19521,19521,685,1,12.22
19522,19522,238,1,130.85
19523,19523,266,1,167.93
19524,19524,584,1,61.78
19525,19525,168,5,4516.61
19526,19526,610,2,29.89
19527,19527,167,3,3435.27
19528,19528,569,2,141.29
19529,19529,55,3,762.28
19530,19530,703,1,12.69
19531,19531,660,1,238.33
19532,19532,649,3,229.42
19533,19533,513,1,29.13
19534,19534,194,1,111.15
19535,19535,427,1,134.85
19536,19536,481,1,189.58
19537,19537,234,1,83.07
19538,19538,463,1,688.82
19539,19539,758,1,15.36
19540,19540,434,3,410.25
19541,19541,510,2,180.29
19542,19542,373,1,581.2
19543,19543,76,1,1011.66
19545,19545,469,1,285.26
19546,19546,560,1,130.36
19547,19547,141,2,2601.82
19548,19548,21,1,2548.24
19549,19549,205,1,203.34
19550,19550,225,1,115.0
19551,19551,61,1,558.31
19552,19552,519,1,180.5
19554,19554,21,1,2548.24
19555,19555,119,1,246.66
19556,19556,704,1,344.86
19557,19557,69,1,3327.89
19558,19558,14,3,4425.71
19559,19559,327,1,232.68
19560,19560,82,2,3071.0
19561,19561,538,1,82.44
19562,19562,313,1,228.72
19563,19563,424,1,274.72
19564,19564,290,1,67.25
19565,19565,718,2,186.44
19566,19566,618,1,174.37
19567,19567,65,1,4813.41
19568,19568,705,3,793.49
19569,19569,448,1,795.1
19570,19570,443,3,527.93
19571,19571,651,1,303.26
19572,19572,91,2,2451.37
19573,19573,291,1,46.25
19574,19574,666,2,37.97
19575,19575,618,1,174.37
19576,19576,186,1,152.5
19577,19577,249,5,180.95
19578,19578,200,2,31.36
19579,19579,124,1,1143.91
19580,19580,403,2,446.99
19582,19582,190,1,94.68
19583,19583,691,1,21.76
19584,19584,488,1,77.69
19585,19585,107,1,2427.81
19586,19586,413,1,614.79
19587,19587,55,1,762.28
19588,19588,11,1,1239.15
19589,19589,514,1,31.2
19590,19590,312,3,143.72
19591,19591,9,2,2277.97
19592,19592,302,1,200.36
19593,19593,298,5,211.96
19594,19594,295,3,46.64
19595,19595,96,1,2119.38
19596,19596,139,4,2285.02
19597,19597,545,1,183.48
19598,19598,378,1,224.45
19599,19599,330,1,191.25
19600,19600,734,1,86.88
19601,19601,395,1,708.14
19602,19602,49,3,3523.62
19603,19603,58,1,3110.88
19604,19604,62,1,2312.3
19605,19605,118,1,1495.3
19606,19606,236,1,95.55
19607,19607,48,1,4406.69
19608,19608,726,1,758.05
19609,19609,758,5,15.36
19610,19610,573,1,46.31
19611,19611,22,2,1010.57
19612,19612,248,1,101.44
19613,19613,24,3,4161.68
19614,19614,191,1,187.49
19615,19615,119,1,246.66
19616,19616,119,1,246.66
19617,19617,739,1,403.17
19618,19618,78,1,2010.26
19619,19619,538,1,82.44
19620,19620,186,2,152.5
19621,19621,374,1,690.25
19622,19622,200,4,31.36
19623,19623,652,1,341.76
19624,19624,587,1,49.39
19625,19625,359,1,773.2
19626,19626,138,5,1662.41
19627,19627,191,3,187.49
19628,19628,710,3,644.85
19629,19629,213,1,21.25
19630,19630,705,3,793.49
19631,19631,110,1,1076.35
19632,19632,182,1,789.51
19633,19633,662,1,109.41
19635,19635,567,1,49.45
19636,19636,411,1,718.64
19637,19637,720,1,414.03
19638,19638,98,1,1012.81
19639,19639,557,1,10.64
19640,19640,86,3,709.09
19641,19641,373,2,581.2
19642,19642,219,4,113.42
19643,19643,486,3,22.67
19644,19644,30,2,1160.12
19645,19645,404,4,359.7
19646,19646,21,1,2548.24
19647,19647,456,1,403.71
19648,19648,313,1,228.72
19649,19649,148,1,1350.51
19650,19650,108,1,4157.03
19651,19651,552,5,86.71
19652,19652,535,1,73.33
19653,19653,695,1,20.12
19654,19654,556,1,55.68
19655,19655,172,1,2706.24
19656,19656,413,1,614.79
19657,19657,236,2,95.55
19658,19658,123,2,444.19
19659,19659,192,2,132.19
19660,19660,375,2,415.84
19661,19661,63,4,2004.35
19662,19662,263,1,114.41
19663,19663,477,1,174.42
19664,19664,267,2,116.2
19665,19665,85,3,405.86
19666,19666,285,1,161.67
19667,19667,360,1,505.98
19668,19668,526,1,161.46
19669,19669,292,1,216.47
19670,19670,376,2,500.95
19671,19671,408,1,891.71
19672,19672,24,1,4161.68
19673,19673,551,3,148.19
19674,19674,411,4,718.64
19675,19675,664,1,43.65
19676,19676,52,3,1334.63
19677,19677,671,2,170.05
19678,19678,48,3,4406.69
19679,19679,253,1,11.97
19680,19680,496,2,186.76
19681,19681,56,1,228.3
19682,19682,82,1,3071.0
19683,19683,608,1,170.74
19684,19684,246,2,74.01
19685,19685,327,3,232.68
19686,19686,25,1,446.54
19687,19687,436,2,391.06
19688,19688,394,1,466.06
19689,19689,381,4,433.63
19690,19690,389,2,574.36
19691,19691,585,1,185.33
19692,19692,623,4,286.06
19693,19693,360,1,505.98
19694,19694,680,1,235.32
19695,19695,278,1,65.28
19696,19696,61,1,558.31
19697,19697,246,1,74.01
19698,19698,64,2,3403.99
19699,19699,553,1,156.88
19700,19700,255,2,238.71
19701,19701,560,1,130.36
19702,19702,752,2,526.27
19703,19703,57,5,1262.65
19704,19704,295,1,46.64
19705,19705,494,1,53.12
19706,19706,572,1,139.15
19707,19707,49,1,3523.62
19708,19708,59,1,4057.63
19709,19709,41,2,2929.19
19710,19710,522,2,157.0
19711,19711,591,1,108.18
19712,19712,618,1,174.37
19713,19713,291,1,46.25
19714,19714,251,2,210.05
19715,19715,185,3,37.55
19716,19716,41,1,2929.19
19717,19717,72,1,2748.72
19718,19718,594,4,59.48
19719,19719,387,1,713.53
19720,19720,420,1,410.11
19721,19721,373,1,581.2
19722,19722,694,1,738.42
19723,19723,545,1,183.48
19724,19724,752,3,526.27
19725,19725,723,1,181.75
19726,19726,190,4,94.68
19727,19727,536,1,54.67
19728,19728,321,2,108.01
19729,19729,281,1,116.88
19730,19730,477,1,174.42
19731,19731,619,2,45.77
19732,19732,91,2,2451.37
19733,19733,275,2,225.47
19734,19734,330,1,191.25
19735,19735,57,1,1262.65
19736,19736,82,1,3071.0
19737,19737,620,1,120.92
19738,19738,451,3,79.36
19739,19739,444,1,601.08
19740,19740,270,2,164.12
19741,19741,511,2,184.51
19742,19742,186,1,152.5
19743,19743,225,2,115.0
19744,19744,611,1,81.05
19745,19745,642,4,127.89
19746,19746,77,1,2287.96
19747,19747,695,1,20.12
19748,19748,481,1,189.58
19749,19749,495,1,106.76
19750,19750,610,3,29.89
19751,19751,75,3,3103.91
19752,19752,77,1,2287.96
19753,19753,78,1,2010.26
19754,19754,166,1,1493.43
19755,19755,616,1,211.57
19756,19756,492,1,157.87
19757,19757,672,1,213.88
19758,19758,90,2,4768.07
19760,19760,334,4,36.6
19761,19761,476,1,11.53
19762,19762,687,1,531.25
19763,19763,436,5,391.06
19764,19764,699,1,41.44
19765,19765,540,2,187.1
19766,19766,265,1,153.78
19767,19767,303,1,129.01
19768,19768,129,1,3943.37
19769,19769,609,3,216.06
19770,19770,158,1,510.24
19771,19771,687,3,531.25
19772,19772,393,1,687.59
19773,19773,452,5,889.45
19774,19774,443,1,527.93
19775,19775,751,1,27.9
19776,19776,107,1,2427.81
19777,19777,458,1,230.86
19778,19778,505,4,76.84
19779,19779,541,1,85.54
19780,19780,212,1,172.12
19781,19781,533,1,123.06
19782,19782,587,3,49.39
19783,19783,260,1,222.35
19784,19784,313,1,228.72
19785,19785,399,2,451.25
19786,19786,74,1,4799.95
19787,19787,666,2,37.97
19788,19788,498,1,124.5
19789,19789,579,1,271.64
19790,19790,412,2,506.6
19791,19791,443,2,527.93
19792,19792,386,1,511.91
19793,19793,242,1,241.66
19795,19795,605,1,255.63
19796,19796,18,3,2350.88
19797,19797,562,1,117.53
19798,19798,303,3,129.01
19799,19799,51,1,794.12
19800,19800,368,1,510.64
19801,19801,495,1,106.76
19802,19802,571,4,160.51
19803,19803,434,4,410.25
19804,19804,187,1,144.62
19805,19805,143,1,3554.71
19806,19806,404,1,359.7
19807,19807,609,1,216.06
19808,19808,137,1,474.38
19810,19810,622,1,153.74
19811,19811,563,2,69.5
19812,19812,247,1,222.07
19813,19813,378,1,224.45
19814,19814,701,1,614.32
19815,19815,85,1,405.86
19816,19816,255,2,238.71
19817,19817,729,1,493.75
19818,19818,55,1,762.28
19819,19819,383,3,626.13
19820,19820,470,1,155.8
19821,19821,273,1,101.64
19822,19822,319,1,233.78
19823,19823,19,1,4426.24
19824,19824,316,2,182.63
19825,19825,86,1,709.09
19826,19826,324,2,186.75
19827,19827,6,1,3654.05
19828,19828,218,3,119.33
19829,19829,548,1,79.31
19830,19830,371,1,870.18
19831,19831,419,1,175.87
19832,19832,157,1,1189.15
19833,19833,579,2,271.64
19834,19834,239,1,157.55
19835,19835,147,2,4322.84
19836,19836,190,5,94.68
19837,19837,498,1,124.5
19838,19838,287,1,226.27
19839,19839,157,2,1189.15
19840,19840,658,2,324.63
19841,19841,377,2,456.96
19842,19842,740,5,452.77
19843,19843,101,1,147.87
19844,19844,363,2,306.33
19845,19845,720,1,414.03
19846,19846,529,1,125.91
19847,19847,249,2,180.95
19848,19848,231,3,101.74
19849,19849,565,1,57.29
19850,19850,533,3,123.06
19851,19851,219,1,113.42
19852,19852,209,3,86.49
19853,19853,431,1,670.83
19854,19854,637,1,228.07
19855,19855,482,2,9.41
19856,19856,525,1,74.43
19857,19857,252,1,37.48
19858,19858,325,1,234.0
19859,19859,719,1,329.85
19860,19860,170,1,3238.77
19861,19861,292,3,216.47
19862,19862,387,1,713.53
19863,19863,715,1,780.68
19864,19864,64,1,3403.99
19865,19865,111,4,1395.81
19866,19866,644,1,233.5
19867,19867,421,2,729.76
19868,19868,404,1,359.7
19869,19869,368,1,510.64
19870,19870,721,2,453.58
19871,19871,660,1,238.33
19872,19872,355,2,887.26
19873,19873,256,1,161.82
19874,19874,206,1,175.81
19875,19875,329,1,164.88
19876,19876,267,1,116.2
19877,19877,93,2,2679.93
19878,19878,425,2,114.07
19879,19879,159,4,4519.04
19880,19880,408,2,891.71
19881,19881,378,2,224.45
19882,19882,585,1,185.33
19883,19883,603,1,296.14
19884,19884,541,2,85.54
19885,19885,311,3,129.43
19886,19886,98,2,1012.81
19887,19887,65,1,4813.41
19888,19888,220,3,61.61
19889,19889,276,1,141.09
19890,19890,525,1,74.43
19891,19891,4,1,3496.72
19892,19892,719,1,329.85
19893,19893,493,2,21.86
19894,19894,317,1,91.51
19895,19895,698,1,7.94
19896,19896,194,4,111.15
19897,19897,400,2,305.66
19898,19898,225,1,115.0
19899,19899,650,1,190.13
19900,19900,639,3,181.78
19901,19901,99,1,1105.45
19902,19902,531,2,22.73
19903,19903,191,1,187.49
19904,19904,359,3,773.2
19905,19905,343,2,524.69
19906,19906,676,1,257.69
19908,19908,80,1,2333.45
19909,19909,517,1,184.21
19910,19910,340,2,403.23
19911,19911,646,1,316.95
19912,19912,238,1,130.85
19913,19913,529,2,125.91
19914,19914,189,1,246.97
19915,19915,294,2,20.24
19916,19916,541,3,85.54
19917,19917,699,2,41.44
19918,19918,393,1,687.59
19919,19919,136,1,4582.03
19920,19920,344,1,805.84
19921,19921,584,1,61.78
19922,19922,675,1,167.34
19923,19923,705,2,793.49
19924,19924,744,2,264.79
19925,19925,608,1,170.74
19926,19926,362,2,546.59
19927,19927,658,1,324.63
19928,19928,362,2,546.59
19929,19929,409,1,329.97
19930,19930,14,1,4425.71
19931,19931,340,1,403.23
19932,19932,261,1,69.29
19933,19933,445,1,198.54
19934,19934,377,1,456.96
19935,19935,84,2,3195.54
19936,19936,410,1,325.95
19937,19937,332,3,9.64
19938,19938,170,1,3238.77
19939,19939,343,1,524.69
19940,19940,504,1,71.43
19941,19941,44,1,2107.73
19942,19942,324,1,186.75
19943,19943,543,3,65.32
19944,19944,652,4,341.76
19945,19945,406,2,719.93
19946,19946,585,1,185.33
19947,19947,421,3,729.76
19948,19948,381,1,433.63
19949,19949,266,1,167.93
19950,19950,151,4,1209.24
19951,19951,129,1,3943.37
19952,19952,588,1,225.54
19953,19953,292,1,216.47
19954,19954,182,4,789.51
19955,19955,614,2,337.25
19956,19956,127,1,393.81
19957,19957,360,1,505.98
19958,19958,557,1,10.64
19959,19959,218,2,119.33
19960,19960,59,1,4057.63
19961,19961,734,5,86.88
19962,19962,518,1,37.43
19963,19963,477,3,174.42
19964,19964,442,2,92.84
19965,19965,30,4,1160.12
19966,19966,484,1,96.02
19967,19967,25,4,446.54
19968,19968,640,2,206.05
19969,19969,566,2,65.14
19970,19970,119,1,246.66
19971,19971,522,1,157.0
19972,19972,120,1,530.88
19973,19973,710,1,644.85
19974,19974,658,1,324.63
19975,19975,456,2,403.71
19976,19976,663,1,298.59
19977,19977,662,1,109.41
19978,19978,65,2,4813.41
19979,19979,605,1,255.63
19980,19980,676,1,257.69
19981,19981,353,1,218.55
19982,19982,482,1,9.41
19983,19983,741,1,652.35
19984,19984,417,1,586.68
19985,19985,75,1,3103.91
19986,19986,267,1,116.2
19987,19987,103,1,3010.04
19988,19988,668,1,217.24
19989,19989,262,1,217.51
19990,19990,430,1,206.26
19991,19991,618,1,174.37
19992,19992,737,2,783.55
19993,19993,678,1,59.08
19994,19994,577,1,345.37
19995,19995,540,1,187.1
19996,19996,629,3,198.54
19997,19997,128,1,3540.63
19998,19998,651,4,303.26
19999,19999,53,1,239.54
20000,20000,319,1,233.78
20001,20001,559,1,57.73
20002,20002,703,1,12.69
20003,20003,32,2,2375.4
20004,20004,188,1,64.38
20005,20005,314,1,67.65
20006,20006,283,2,209.19
20007,20007,536,1,54.67
20008,20008,442,2,92.84
20009,20009,655,1,153.82
20010,20010,45,2,3586.63
20011,20011,504,4,71.43
20012,20012,247,1,222.07
20013,20013,505,2,76.84
20014,20014,423,1,532.42
20015,20015,104,2,1865.43
20017,20017,594,4,59.48
20018,20018,321,1,108.01
20019,20019,92,1,3994.74
20020,20020,586,1,128.29
20021,20021,75,3,3103.91
20022,20022,184,1,95.76
20023,20023,118,2,1495.3
20024,20024,360,3,505.98
20025,20025,329,1,164.88
20026,20026,246,3,74.01
20027,20027,305,1,103.09
20028,20028,413,1,614.79
20029,20029,639,1,181.78
20030,20030,120,2,530.88
20031,20031,264,2,231.67
20032,20032,350,1,177.74
20033,20033,740,1,452.77
20034,20034,165,3,4996.87
20036,20036,688,1,174.08
20037,20037,569,1,141.29
20038,20038,356,1,536.57
20039,20039,268,2,237.38
20040,20040,453,1,727.29
20041,20041,691,1,21.76
20042,20042,109,5,3059.44
20043,20043,438,4,519.72
20044,20044,97,5,4760.55
20045,20045,124,3,1143.91
20046,20046,118,4,1495.3
20047,20047,733,2,417.93
20048,20048,373,3,581.2
20049,20049,363,1,306.33
20050,20050,144,1,4210.19
20051,20051,556,4,55.68
20052,20052,333,3,182.93
20053,20053,53,1,239.54
20054,20054,473,1,15.25
20055,20055,193,1,80.98
20056,20056,165,1,4996.87
20057,20057,670,4,259.97
20058,20058,368,1,510.64
20059,20059,612,3,159.03
20060,20060,336,2,414.92
20061,20061,730,1,257.12
20062,20062,331,1,28.98
20063,20063,450,2,632.49
20064,20064,630,1,188.72
20065,20065,330,4,191.25
20066,20066,748,5,691.2
20067,20067,211,1,154.9
20068,20068,188,2,64.38
20069,20069,713,1,527.9
20071,20071,544,1,101.66
20072,20072,520,2,154.62
20073,20073,362,1,546.59
20074,20074,688,2,174.08
20075,20075,401,3,774.95
20076,20076,285,1,161.67
20077,20077,150,3,3819.1
20078,20078,554,1,30.09
20079,20079,557,1,10.64
20080,20080,323,5,77.5
20081,20081,397,1,249.33
20082,20082,501,3,11.4
20083,20083,653,1,162.88
20084,20084,261,2,69.29
20085,20085,340,4,403.23
20086,20086,224,1,163.59
20087,20087,267,1,116.2
20088,20088,439,1,893.3
20089,20089,8,2,3869.87
20090,20090,561,1,131.2
20091,20091,205,1,203.34
20092,20092,735,1,380.77
20093,20093,192,1,132.19
20094,20094,751,3,27.9
20095,20095,603,4,296.14
20096,20096,418,2,304.57
20097,20097,357,3,848.0
20098,20098,699,1,41.44
20099,20099,704,2,344.86
20100,20100,711,4,70.46
20101,20101,698,3,7.94
20102,20102,255,5,238.71
20103,20103,125,1,2155.56
20104,20104,309,1,49.25
20105,20105,604,1,66.71
20106,20106,140,1,2582.68
20107,20107,158,1,510.24
20108,20108,69,1,3327.89
20109,20109,326,3,219.08
20110,20110,710,3,644.85
20111,20111,437,1,483.72
20112,20112,565,3,57.29
20113,20113,75,1,3103.91
20114,20114,698,1,7.94
20115,20115,218,1,119.33
20116,20116,407,2,279.51
20117,20117,320,1,66.66
20118,20118,756,2,454.23
20119,20119,405,3,616.71
20120,20120,14,1,4425.71
20121,20121,523,2,51.16
20122,20122,180,1,1535.73
20123,20123,435,3,732.57
20124,20124,6,1,3654.05
20125,20125,58,1,3110.88
20126,20126,672,1,213.88
20127,20127,432,2,493.35
20128,20128,653,1,162.88
20129,20129,146,1,2765.29
20130,20130,118,1,1495.3
20131,20131,151,1,1209.24
20132,20132,236,1,95.55
20133,20133,115,1,1546.97
20134,20134,204,2,34.18
20135,20135,243,1,114.61
20136,20136,373,4,581.2
20137,20137,320,1,66.66
20138,20138,119,2,246.66
20139,20139,577,1,345.37
20140,20140,17,1,816.7
20141,20141,37,1,1084.45
20142,20142,208,3,136.37
20143,20143,183,1,75.69
20144,20144,208,3,136.37
20145,20145,537,1,81.58
20146,20146,318,1,115.05
20147,20147,250,2,41.58
20148,20148,3,1,2733.8
20149,20149,741,1,652.35
20150,20150,661,1,52.91
20151,20151,249,1,180.95
20152,20152,96,2,2119.38
20153,20153,202,5,189.56
20154,20154,455,2,322.55
20155,20155,30,1,1160.12
20156,20156,602,1,169.46
20157,20157,54,1,3534.21
20158,20158,85,1,405.86
20159,20159,625,2,105.77
20160,20160,503,1,152.47
20161,20161,348,1,208.18
20162,20162,81,1,3344.53
20163,20163,134,3,4810.31
20164,20164,562,2,117.53
20165,20165,549,1,170.94
20166,20166,339,1,747.6
20167,20167,470,4,155.8
20168,20168,164,2,1509.78
20170,20170,737,3,783.55
20171,20171,131,1,2983.31
20172,20172,305,3,103.09
20173,20173,72,1,2748.72
20174,20174,715,1,780.68
20175,20175,340,1,403.23
20176,20176,167,1,3435.27
20177,20177,735,1,380.77
20178,20178,467,1,752.72
20179,20179,230,1,67.94
20180,20180,311,2,129.43
20181,20181,371,4,870.18
20182,20182,386,2,511.91
20183,20183,503,3,152.47
20184,20184,317,2,91.51
20185,20185,200,1,31.36
20186,20186,67,1,1288.51
20187,20187,549,1,170.94
20188,20188,453,1,727.29
20189,20189,106,1,3674.29
20190,20190,715,3,780.68
20191,20191,225,1,115.0
20192,20192,455,3,322.55
20193,20193,88,1,4526.09
20194,20194,706,1,148.71
20195,20195,549,2,170.94
20196,20196,150,5,3819.1
20197,20197,575,1,27.16
20198,20198,74,1,4799.95
20199,20199,693,2,120.16
20200,20200,170,1,3238.77
20201,20201,122,1,388.92
20202,20202,432,1,493.35
20203,20203,461,2,454.62
20204,20204,50,1,3323.67
20205,20205,4,1,3496.72
20206,20206,430,2,206.26
20207,20207,679,1,128.13
20208,20208,557,1,10.64
20209,20209,677,3,233.28
20210,20210,339,3,747.6
20211,20211,539,1,172.0
20212,20212,103,1,3010.04
20213,20213,502,2,93.61
20214,20214,471,3,149.5
20215,20215,23,1,4594.09
20216,20216,224,1,163.59
20217,20217,706,1,148.71
20218,20218,299,1,221.54
20219,20219,613,1,10.14
20220,20220,469,2,285.26
20221,20221,77,3,2287.96
20222,20222,467,1,752.72
20223,20223,636,1,261.3
20224,20224,158,1,510.24
20225,20225,415,1,320.0
20226,20226,290,1,67.25
20227,20227,147,3,4322.84
20228,20228,214,2,37.03
20229,20229,382,1,304.82
20230,20230,250,1,41.58
20231,20231,398,1,276.77
20232,20232,111,2,1395.81
20233,20233,602,1,169.46
20234,20234,301,2,141.06
20235,20235,420,2,410.11
20236,20236,457,1,351.78
20237,20237,695,2,20.12
20238,20238,571,1,160.51
20239,20239,506,1,188.42
20240,20240,640,1,206.05
20241,20241,740,1,452.77
20242,20242,288,2,237.54
20243,20243,305,2,103.09
20244,20244,94,3,2154.48
20245,20245,546,2,167.82
20246,20246,366,1,329.73
20247,20247,456,1,403.71
20248,20248,245,1,124.29
20249,20249,576,2,32.88
20250,20250,742,1,293.23
20251,20251,480,1,150.12
20252,20252,21,3,2548.24
20253,20253,733,1,417.93
20254,20254,574,2,90.79
20255,20255,101,2,147.87
20256,20256,436,1,391.06
20257,20257,336,2,414.92
20258,20258,705,4,793.49
20259,20259,691,1,21.76
20260,20260,438,1,519.72
20261,20261,443,1,527.93
20262,20262,60,1,4655.45
20263,20263,730,1,257.12
20265,20265,739,3,403.17
20266,20266,45,1,3586.63
20267,20267,475,1,50.23
20268,20268,82,1,3071.0
20269,20269,28,2,3364.99
20270,20270,756,1,454.23
20271,20271,18,1,2350.88
20272,20272,401,5,774.95
20273,20273,425,1,114.07
20274,20274,533,1,123.06
20275,20275,192,2,132.19
20276,20276,306,1,126.53
20277,20277,357,1,848.0
20278,20278,437,5,483.72
20279,20279,506,1,188.42
20280,20280,596,3,29.96
20281,20281,67,1,1288.51
20282,20282,435,2,732.57
20283,20283,688,2,174.08
20284,20284,100,1,3744.66
20285,20285,523,2,51.16
20286,20286,581,2,5.61
20287,20287,412,1,506.6
20288,20288,393,1,687.59
20289,20289,42,5,418.95
20290,20290,299,4,221.54
20291,20291,539,1,172.0
20292,20292,124,4,1143.91
20293,20293,387,1,713.53
20294,20294,132,2,1534.36
20295,20295,47,1,4980.55
20296,20296,579,1,271.64
20297,20297,209,2,86.49
20298,20298,545,1,183.48
20299,20299,11,1,1239.15
20300,20300,644,2,233.5
20301,20301,610,1,29.89
20302,20302,670,1,259.97
20303,20303,238,1,130.85
20304,20304,312,1,143.72
20305,20305,404,2,359.7
20306,20306,485,5,101.15
20307,20307,638,1,105.78
20308,20308,84,3,3195.54
20309,20309,397,2,249.33
20310,20310,199,1,83.62
20311,20311,264,2,231.67
20312,20312,737,1,783.55
20313,20313,26,2,2386.9
20314,20314,210,2,190.56
20315,20315,594,1,59.48
20316,20316,122,2,388.92
20317,20317,55,1,762.28
20318,20318,544,1,101.66
20319,20319,708,1,561.54
20320,20320,729,1,493.75
20321,20321,598,1,238.15
20322,20322,199,1,83.62
20323,20323,88,5,4526.09
20324,20324,183,1,75.69
20325,20325,158,1,510.24
20326,20326,619,2,45.77
20327,20327,458,2,230.86
20328,20328,146,1,2765.29
20329,20329,74,2,4799.95
20330,20330,62,1,2312.3
20331,20331,538,1,82.44
20332,20332,594,2,59.48
20333,20333,99,1,1105.45
20334,20334,666,1,37.97
20335,20335,641,2,57.17
20336,20336,422,1,111.41
20337,20337,648,1,12.54
20338,20338,239,1,157.55
20339,20339,386,2,511.91
20340,20340,667,1,85.14
20341,20341,303,1,129.01
20342,20342,406,1,719.93
20343,20343,249,1,180.95
20344,20344,546,1,167.82
20345,20345,387,1,713.53
20346,20346,609,1,216.06
20347,20347,499,3,175.95
20348,20348,348,2,208.18
20349,20349,654,1,202.93
20350,20350,437,1,483.72
20351,20351,128,1,3540.63
20352,20352,613,1,10.14
20353,20353,232,1,23.94
20354,20354,403,1,446.99
20355,20355,270,5,164.12
20356,20356,441,3,249.15
20357,20357,669,3,113.44
20358,20358,513,2,29.13
20359,20359,424,1,274.72
20360,20360,631,1,22.35
20361,20361,630,1,188.72
20362,20362,379,1,342.01
20363,20363,171,1,468.85
20364,20364,369,2,525.43
20365,20365,439,2,893.3
20366,20366,273,2,101.64
20367,20367,335,2,847.16
20368,20368,579,1,271.64
20369,20369,568,1,138.43
20370,20370,724,2,14.7
20371,20371,114,2,1731.9
20372,20372,40,1,4844.16
20373,20373,568,1,138.43
20374,20374,410,3,325.95
20375,20375,81,1,3344.53
20376,20376,74,2,4799.95
20377,20377,696,1,147.69
20378,20378,477,3,174.42
20379,20379,160,2,744.93
20380,20380,336,2,414.92
20381,20381,567,1,49.45
20382,20382,338,3,710.75
20383,20383,167,2,3435.27
20384,20384,183,1,75.69
20385,20385,686,1,229.67
20386,20386,372,1,160.64
20387,20387,81,1,3344.53
20388,20388,129,2,3943.37
20389,20389,439,2,893.3
20390,20390,542,1,173.49
20391,20391,139,1,2285.02
20392,20392,751,2,27.9
20393,20393,242,1,241.66
20394,20394,684,1,416.47
20395,20395,702,3,211.43
20396,20396,436,1,391.06
20397,20397,143,1,3554.71
20398,20398,95,1,2284.39
20399,20399,758,1,15.36
20400,20400,18,4,2350.88
20401,20401,369,1,525.43
20402,20402,426,3,351.49
20403,20403,83,3,4488.09
20404,20404,16,1,708.88
20405,20405,201,4,143.89
20406,20406,378,1,224.45
20407,20407,454,1,612.64
20408,20408,405,1,616.71
20409,20409,244,1,47.21
20410,20410,750,3,70.48
20411,20411,308,1,166.64
20412,20412,309,1,49.25
20413,20413,283,1,209.19
20414,20414,517,1,184.21
20415,20415,499,1,175.95
20416,20416,530,1,40.14
20417,20417,420,1,410.11
20418,20418,311,3,129.43
20419,20419,327,2,232.68
20420,20420,411,1,718.64
20421,20421,368,2,510.64
20422,20422,471,1,149.5
20423,20423,522,3,157.0
20424,20424,649,1,229.42
20425,20425,236,3,95.55
20426,20426,69,1,3327.89
20427,20427,377,3,456.96
20428,20428,68,4,3602.75
20429,20429,129,2,3943.37
20430,20430,749,1,25.31
20431,20431,573,1,46.31
20432,20432,406,2,719.93
20433,20433,189,1,246.97
20434,20434,251,1,210.05
20435,20435,514,2,31.2
20436,20436,520,5,154.62
20437,20437,297,1,241.93
20438,20438,594,3,59.48
20439,20439,193,1,80.98
20440,20440,423,2,532.42
20441,20441,140,1,2582.68
20442,20442,44,2,2107.73
20443,20443,91,1,2451.37
20444,20444,364,2,114.4
20445,20445,345,1,130.52
20446,20446,446,2,768.65
20447,20447,347,2,775.65
20448,20448,109,1,3059.44
20449,20449,313,2,228.72
20450,20450,578,1,222.33
20451,20451,197,3,166.43
20452,20452,180,3,1535.73
20453,20453,681,2,20.06
20454,20454,46,1,1594.55
20455,20455,192,3,132.19
20456,20456,350,1,177.74
20457,20457,565,2,57.29
20458,20458,499,2,175.95
20459,20459,239,1,157.55
20460,20460,453,2,727.29
20461,20461,138,2,1662.41
20462,20462,453,3,727.29
20463,20463,576,2,32.88
20464,20464,334,2,36.6
20465,20465,732,2,435.82
20466,20466,692,1,487.97
20467,20467,278,1,65.28
20468,20468,206,1,175.81
20469,20469,1,2,714.89
20470,20470,481,1,189.58
20471,20471,722,1,690.57
20472,20472,99,1,1105.45
20473,20473,157,5,1189.15
20474,20474,695,1,20.12
20475,20475,6,3,3654.05
20476,20476,291,2,46.25
20477,20477,484,1,96.02
20478,20478,188,5,64.38
20479,20479,741,1,652.35
20480,20480,663,1,298.59
20481,20481,648,1,12.54
20482,20482,681,3,20.06
20483,20483,634,2,86.2
20484,20484,134,5,4810.31
20485,20485,442,4,92.84
20486,20486,714,1,560.86
20488,20488,345,1,130.52
20489,20489,604,5,66.71
20490,20490,555,1,42.12
20491,20491,615,1,121.93
20492,20492,534,1,95.47
20493,20493,96,2,2119.38
20494,20494,318,1,115.05
20495,20495,755,1,759.14
20496,20496,83,1,4488.09
20497,20497,693,2,120.16
20498,20498,662,1,109.41
20499,20499,104,1,1865.43
20500,20500,526,1,161.46
20501,20501,158,1,510.24
20502,20502,293,1,33.69
20503,20503,617,1,291.13
20504,20504,8,1,3869.87
20505,20505,382,2,304.82
20506,20506,273,2,101.64
20507,20507,468,2,763.35
20508,20508,672,1,213.88
20509,20509,246,1,74.01
20510,20510,205,2,203.34
20511,20511,736,1,562.66
20512,20512,695,1,20.12
20513,20513,390,1,344.12
20514,20514,521,2,142.88
20515,20515,39,5,4977.19
20516,20516,745,1,234.2
20517,20517,269,2,172.41
20518,20518,66,1,1582.1
20519,20519,714,2,560.86
20520,20520,493,1,21.86
20521,20521,745,3,234.2
20522,20522,65,1,4813.41
20523,20523,171,1,468.85
20524,20524,523,1,51.16
20525,20525,492,2,157.87
20526,20526,650,1,190.13
20527,20527,60,2,4655.45
20528,20528,35,2,1264.03
20529,20529,177,3,2931.1
20530,20530,142,2,2755.1
20531,20531,30,2,1160.12
20532,20532,8,1,3869.87
20533,20533,727,3,198.94
20534,20534,457,2,351.78
20535,20535,744,1,264.79
20536,20536,530,3,40.14
20537,20537,419,1,175.87
20538,20538,5,4,481.86
20539,20539,576,2,32.88
20540,20540,35,1,1264.03
20541,20541,433,1,204.49
20542,20542,753,1,503.79
20543,20543,40,2,4844.16
20544,20544,269,1,172.41
20545,20545,66,3,1582.1
20546,20546,657,1,325.09
20547,20547,242,4,241.66
20548,20548,36,1,4845.59
20549,20549,312,1,143.72
20550,20550,644,1,233.5
20551,20551,542,4,173.49
20552,20552,740,1,452.77
20553,20553,444,1,601.08
20554,20554,95,2,2284.39
20555,20555,376,1,500.95
20556,20556,69,1,3327.89
20557,20557,457,1,351.78
20558,20558,649,2,229.42
20559,20559,438,1,519.72
20560,20560,550,1,133.78
20561,20561,643,1,276.04
20562,20562,705,1,793.49
20563,20563,381,2,433.63
20564,20564,497,2,20.54
20565,20565,506,2,188.42
20566,20566,332,1,9.64
20567,20567,124,1,1143.91
20568,20568,51,1,794.12
20569,20569,579,1,271.64
20570,20570,28,1,3364.99
20571,20571,747,1,258.27
20572,20572,483,1,162.06
20573,20573,165,3,4996.87
20574,20574,20,1,36.15
20575,20575,453,1,727.29
20576,20576,487,1,127.54
20577,20577,488,1,77.69
20578,20578,376,1,500.95
20579,20579,435,2,732.57
20580,20580,639,1,181.78
20581,20581,511,1,184.51
20582,20582,719,1,329.85
20583,20583,198,1,108.13
20584,20584,42,1,418.95
20585,20585,292,1,216.47
20586,20586,213,4,21.25
20587,20587,595,1,317.77
20588,20588,744,1,264.79
20589,20589,122,3,388.92
20590,20590,281,2,116.88
20591,20591,369,1,525.43
20592,20592,106,1,3674.29
20593,20593,202,1,189.56
20594,20594,492,1,157.87
20596,20596,472,2,101.9
20597,20597,449,1,340.93
20598,20598,661,2,52.91
20599,20599,455,1,322.55
20600,20600,550,3,133.78
20601,20601,44,2,2107.73
20602,20602,604,3,66.71
20603,20603,619,2,45.77
20604,20604,456,2,403.71
20605,20605,275,1,225.47
20607,20607,744,1,264.79
20608,20608,292,1,216.47
20609,20609,94,1,2154.48
20610,20610,344,1,805.84
20611,20611,415,3,320.0
20612,20612,176,2,89.3
20613,20613,107,1,2427.81
20614,20614,432,2,493.35
20615,20615,134,1,4810.31
20616,20616,690,5,138.9
20617,20617,539,2,172.0
20618,20618,414,1,272.92
20619,20619,715,2,780.68
20620,20620,68,1,3602.75
20621,20621,141,1,2601.82
20622,20622,570,1,131.96
20623,20623,635,1,138.08
20624,20624,614,1,337.25
20625,20625,249,2,180.95
20626,20626,204,1,34.18
20627,20627,633,1,39.45
20628,20628,680,1,235.32
20629,20629,491,1,62.03
20630,20630,245,5,124.29
20631,20631,653,1,162.88
20632,20632,430,1,206.26
20633,20633,322,1,46.21
20634,20634,640,1,206.05
20635,20635,245,1,124.29
20636,20636,268,2,237.38
20637,20637,342,2,608.75
20638,20638,64,2,3403.99
20639,20639,560,1,130.36
20640,20640,188,1,64.38
20641,20641,751,1,27.9
20642,20642,44,1,2107.73
20643,20643,153,1,4827.45
20644,20644,376,2,500.95
20645,20645,246,1,74.01
20646,20646,685,1,12.22
20647,20647,738,2,686.04
20648,20648,111,1,1395.81
20649,20649,190,1,94.68
20650,20650,85,3,405.86
20651,20651,166,1,1493.43
20652,20652,705,1,793.49
20653,20653,65,1,4813.41
20654,20654,169,1,966.85
20655,20655,445,2,198.54
20656,20656,138,1,1662.41
20657,20657,518,1,37.43
20658,20658,201,4,143.89
20659,20659,115,1,1546.97
20660,20660,143,5,3554.71
20661,20661,310,1,54.16
20662,20662,5,1,481.86
20663,20663,532,1,84.1
20664,20664,596,1,29.96
20665,20665,557,1,10.64
20666,20666,346,1,409.19
20667,20667,597,1,95.38
20668,20668,437,2,483.72
20669,20669,161,4,4356.77
20670,20670,746,4,341.49
20671,20671,37,4,1084.45
20672,20672,310,1,54.16
20673,20673,270,1,164.12
20674,20674,543,2,65.32
20675,20675,300,1,146.0
20676,20676,79,2,4429.61
20677,20677,285,2,161.67
20678,20678,730,1,257.12
20679,20679,483,1,162.06
20680,20680,635,2,138.08
20681,20681,752,4,526.27
20682,20682,403,1,446.99
20683,20683,452,1,889.45
20684,20684,297,1,241.93
20685,20685,744,2,264.79
20686,20686,438,4,519.72
20687,20687,637,1,228.07
20688,20688,560,1,130.36
20689,20689,262,1,217.51
20690,20690,609,3,216.06
20691,20691,674,1,270.13
20692,20692,720,4,414.03
20693,20693,401,2,774.95
20694,20694,119,2,246.66
20695,20695,295,1,46.64
20696,20696,735,1,380.77
20697,20697,419,1,175.87
20698,20698,299,1,221.54
20699,20699,648,1,12.54
20700,20700,585,1,185.33
20701,20701,449,3,340.93
20702,20702,384,1,259.52
20703,20703,85,1,405.86
20704,20704,382,2,304.82
20705,20705,212,3,172.12
20706,20706,160,1,744.93
20707,20707,344,1,805.84
20708,20708,747,1,258.27
20709,20709,25,1,446.54
20710,20710,706,3,148.71
20711,20711,150,1,3819.1
20712,20712,702,1,211.43
20713,20713,211,2,154.9
20714,20714,75,5,3103.91
20715,20715,704,3,344.86
20716,20716,638,1,105.78
20717,20717,571,1,160.51
20718,20718,45,2,3586.63
20719,20719,558,1,113.56
20720,20720,592,2,148.9
20721,20721,600,2,334.45
20722,20722,285,3,161.67
20723,20723,650,4,190.13
20724,20724,328,2,130.01
20725,20725,176,1,89.3
20726,20726,77,1,2287.96
20727,20727,41,3,2929.19
20728,20728,631,2,22.35
20729,20729,530,1,40.14
20730,20730,313,1,228.72
20731,20731,733,1,417.93
20732,20732,16,2,708.88
20733,20733,693,3,120.16
20734,20734,603,1,296.14
20735,20735,145,1,2554.17
20736,20736,6,1,3654.05
20737,20737,46,1,1594.55
20738,20738,686,1,229.67
20739,20739,136,1,4582.03
20740,20740,414,4,272.92
20741,20741,392,1,147.3
20742,20742,64,1,3403.99
20743,20743,676,1,257.69
20744,20744,278,2,65.28
20745,20745,58,1,3110.88
20746,20746,82,1,3071.0
20747,20747,50,2,3323.67
20748,20748,463,1,688.82
20749,20749,621,1,231.82
20750,20750,435,2,732.57
20751,20751,102,1,398.45
20752,20752,38,3,1340.7
20753,20753,10,1,3515.06
20754,20754,43,3,617.03
20755,20755,97,1,4760.55
20756,20756,26,1,2386.9
20757,20757,703,4,12.69
20758,20758,590,1,193.35
20759,20759,583,2,243.95
20760,20760,283,1,209.19
20761,20761,445,1,198.54
20762,20762,588,1,225.54
20764,20764,596,1,29.96
20765,20765,77,1,2287.96
20766,20766,324,3,186.75
20767,20767,720,1,414.03
20768,20768,213,1,21.25
20769,20769,33,2,2067.28
20770,20770,265,1,153.78
20771,20771,22,1,1010.57
20772,20772,275,2,225.47
20773,20773,672,2,213.88
20774,20774,582,2,265.86
20775,20775,111,3,1395.81
20776,20776,539,1,172.0
20777,20777,381,1,433.63
20778,20778,451,1,79.36
20779,20779,182,1,789.51
20780,20780,256,1,161.82
20781,20781,532,1,84.1
20782,20782,246,1,74.01
20783,20783,202,1,189.56
20784,20784,175,3,4900.1
20785,20785,155,2,1706.02
20786,20786,196,1,79.36
20787,20787,331,3,28.98
20788,20788,750,1,70.48
20789,20789,257,1,66.34
20790,20790,557,2,10.64
20791,20791,153,2,4827.45
20792,20792,640,1,206.05
20793,20793,581,1,5.61
20794,20794,6,2,3654.05
20795,20795,467,1,752.72
20796,20796,758,2,15.36
20797,20797,519,1,180.5
20798,20798,561,1,131.2
20799,20799,141,4,2601.82
20800,20800,221,2,195.84
20801,20801,98,1,1012.81
20802,20802,168,1,4516.61
20803,20803,93,2,2679.93
20804,20804,702,1,211.43
20805,20805,355,1,887.26
20806,20806,128,2,3540.63
20807,20807,160,1,744.93
20808,20808,625,3,105.77
20809,20809,391,1,229.33
20810,20810,434,1,410.25
20811,20811,405,1,616.71
20812,20812,227,3,130.7
20813,20813,598,3,238.15
20814,20814,152,4,4060.81
20815,20815,301,1,141.06
20816,20816,504,5,71.43
20817,20817,337,1,684.03
20818,20818,279,1,39.39
20819,20819,181,2,2279.14
20820,20820,88,4,4526.09
20821,20821,168,2,4516.61
20822,20822,390,2,344.12
20823,20823,202,2,189.56
20824,20824,369,3,525.43
20826,20826,130,2,3245.21
20827,20827,623,1,286.06
20828,20828,11,1,1239.15
20829,20829,752,3,526.27
20830,20830,755,1,759.14
20831,20831,248,1,101.44
20832,20832,145,2,2554.17
20833,20833,230,1,67.94
20834,20834,424,1,274.72
20835,20835,590,3,193.35
20836,20836,207,1,51.89
20837,20837,370,2,751.68
20838,20838,732,2,435.82
20839,20839,440,2,747.34
20840,20840,547,1,92.5
20841,20841,38,1,1340.7
20842,20842,34,1,564.15
20843,20843,621,1,231.82
20844,20844,689,1,476.72
20845,20845,164,1,1509.78
20846,20846,588,5,225.54
20847,20847,181,1,2279.14
20848,20848,6,1,3654.05
20849,20849,613,5,10.14
20850,20850,194,1,111.15
20851,20851,256,1,161.82
20852,20852,390,5,344.12
20853,20853,273,1,101.64
20854,20854,219,1,113.42
20855,20855,576,2,32.88
20856,20856,77,1,2287.96
20857,20857,554,1,30.09
20858,20858,189,1,246.97
20859,20859,212,1,172.12
20860,20860,648,3,12.54
20861,20861,645,1,168.29
20862,20862,150,4,3819.1
20863,20863,47,1,4980.55
20864,20864,603,1,296.14
20865,20865,451,1,79.36
20866,20866,661,5,52.91
20867,20867,368,1,510.64
20868,20868,484,2,96.02
20869,20869,190,1,94.68
20870,20870,256,1,161.82
20871,20871,90,2,4768.07
20872,20872,359,2,773.2
20873,20873,337,4,684.03
20874,20874,155,1,1706.02
20875,20875,545,1,183.48
20876,20876,233,1,166.88
20877,20877,198,1,108.13
20878,20878,173,1,1299.7
20879,20879,303,1,129.01
20880,20880,721,2,453.58
20881,20881,577,3,345.37
20882,20882,667,1,85.14
20883,20883,685,1,12.22
20884,20884,715,1,780.68
20885,20885,705,2,793.49
20886,20886,122,1,388.92
20887,20887,111,1,1395.81
20888,20888,14,2,4425.71
20889,20889,549,1,170.94
20890,20890,461,1,454.62
20891,20891,160,1,744.93
20892,20892,365,4,362.99
20893,20893,255,1,238.71
20894,20894,629,2,198.54
20895,20895,122,2,388.92
20896,20896,20,3,36.15
20897,20897,72,4,2748.72
20898,20898,224,1,163.59
20899,20899,300,2,146.0
20901,20901,51,1,794.12
20902,20902,483,1,162.06
20903,20903,70,1,1560.23
20904,20904,69,1,3327.89
20905,20905,694,1,738.42
20906,20906,95,4,2284.39
20907,20907,296,1,249.01
20908,20908,122,1,388.92
20909,20909,709,1,493.91
20910,20910,190,2,94.68
20911,20911,259,1,52.1
20912,20912,155,1,1706.02
20913,20913,226,1,119.73
20914,20914,322,3,46.21
20915,20915,708,1,561.54
20916,20916,149,2,3306.49
20917,20917,270,2,164.12
20918,20918,477,2,174.42
20919,20919,342,1,608.75
20920,20920,250,1,41.58
20921,20921,538,2,82.44
20922,20922,737,3,783.55
20923,20923,204,2,34.18
20924,20924,119,4,246.66
20925,20925,606,1,25.9
20926,20926,619,1,45.77
20927,20927,181,3,2279.14
20928,20928,669,1,113.44
20929,20929,437,1,483.72
20930,20930,226,2,119.73
20931,20931,220,1,61.61
20932,20932,629,3,198.54
20933,20933,411,1,718.64
20934,20934,196,1,79.36
20935,20935,568,2,138.43
20936,20936,612,1,159.03
20937,20937,586,1,128.29
20938,20938,6,3,3654.05
20939,20939,703,1,12.69
20940,20940,185,1,37.55
20941,20941,579,1,271.64
20942,20942,198,1,108.13
20943,20943,754,1,264.87
20944,20944,206,1,175.81
20945,20945,300,1,146.0
20946,20946,724,3,14.7
20947,20947,351,2,691.78
20948,20948,502,1,93.61
20949,20949,630,1,188.72
20950,20950,267,1,116.2
20951,20951,421,3,729.76
20952,20952,502,1,93.61
20953,20953,624,1,342.9
20954,20954,388,1,77.65
20955,20955,252,1,37.48
20956,20956,244,1,47.21
20957,20957,143,2,3554.71
20958,20958,501,4,11.4
20959,20959,22,1,1010.57
20960,20960,66,5,1582.1
20961,20961,647,1,115.03
20962,20962,148,1,1350.51
20963,20963,173,2,1299.7
20964,20964,364,3,114.4
20965,20965,566,1,65.14
20966,20966,656,1,217.94
20967,20967,594,1,59.48
20968,20968,453,1,727.29
20969,20969,584,1,61.78
20970,20970,409,1,329.97
20971,20971,739,3,403.17
20972,20972,195,1,43.89
20973,20973,688,1,174.08
20974,20974,136,1,4582.03
20975,20975,693,1,120.16
20976,20976,740,1,452.77
20977,20977,127,1,393.81
20978,20978,711,1,70.46
20979,20979,125,1,2155.56
20980,20980,347,1,775.65
20981,20981,573,2,46.31
20982,20982,360,1,505.98
20983,20983,636,1,261.3
20984,20984,616,1,211.57
20985,20985,65,2,4813.41
20986,20986,326,1,219.08
20987,20987,479,1,148.09
20988,20988,88,1,4526.09
20989,20989,634,1,86.2
20990,20990,737,1,783.55
20991,20991,722,1,690.57
20992,20992,415,1,320.0
20993,20993,206,2,175.81
20994,20994,16,3,708.88
20995,20995,143,1,3554.71
20996,20996,7,1,3100.22
20997,20997,17,2,816.7
20998,20998,151,1,1209.24
20999,20999,302,1,200.36
21000,21000,72,1,2748.72
21001,21001,535,3,73.33
21002,21002,609,1,216.06
21003,21003,756,1,454.23
21004,21004,210,1,190.56
21005,21005,337,1,684.03
21006,21006,207,1,51.89
21007,21007,721,1,453.58
21008,21008,224,1,163.59
21009,21009,678,1,59.08
21010,21010,241,1,65.47
21011,21011,179,1,4122.79
21012,21012,693,1,120.16
21013,21013,455,1,322.55
21014,21014,226,1,119.73
21015,21015,149,1,3306.49
21016,21016,695,1,20.12
21017,21017,563,3,69.5
21018,21018,42,2,418.95
21019,21019,270,1,164.12
21020,21020,734,1,86.88
21021,21021,657,2,325.09
21022,21022,116,1,4755.36
21023,21023,353,1,218.55
21024,21024,346,1,409.19
21025,21025,257,2,66.34
21026,21026,274,1,156.06
21027,21027,231,1,101.74
21028,21028,735,1,380.77
21029,21029,329,1,164.88
21030,21030,51,1,794.12
21031,21031,574,1,90.79
21032,21032,153,3,4827.45
21033,21033,575,1,27.16
21034,21034,429,3,642.02
21035,21035,76,1,1011.66
21036,21036,327,1,232.68
21037,21037,421,2,729.76
21038,21038,520,1,154.62
21039,21039,62,4,2312.3
21040,21040,48,1,4406.69
21041,21041,76,1,1011.66
21042,21042,226,3,119.73
21043,21043,191,1,187.49
21044,21044,217,1,109.07
21045,21045,333,5,182.93
21046,21046,151,2,1209.24
21047,21047,438,1,519.72
21048,21048,12,5,3846.19
21049,21049,443,1,527.93
21050,21050,401,2,774.95
21051,21051,399,1,451.25
21052,21052,504,3,71.43
21053,21053,401,2,774.95
21054,21054,364,1,114.4
21055,21055,656,1,217.94
21056,21056,465,1,379.72
21057,21057,636,1,261.3
21058,21058,608,5,170.74
21059,21059,243,1,114.61
21060,21060,197,1,166.43
21061,21061,144,1,4210.19
21062,21062,550,1,133.78
21063,21063,232,2,23.94
21064,21064,177,1,2931.1
21065,21065,385,2,23.93
21066,21066,604,2,66.71
21067,21067,69,1,3327.89
21068,21068,699,2,41.44
21069,21069,132,1,1534.36
21070,21070,171,1,468.85
21071,21071,100,3,3744.66
21072,21072,187,1,144.62
21073,21073,307,3,245.13
21074,21074,132,3,1534.36
21075,21075,259,1,52.1
21076,21076,454,1,612.64
21077,21077,256,1,161.82
21078,21078,707,2,620.93
21079,21079,626,2,181.24
21080,21080,683,2,473.02
21081,21081,442,1,92.84
21082,21082,733,1,417.93
21083,21083,215,1,129.05
21084,21084,243,1,114.61
21085,21085,324,1,186.75
21086,21086,153,1,4827.45
21087,21087,398,2,276.77
21088,21088,96,2,2119.38
21089,21089,416,1,652.56
21090,21090,559,1,57.73
21091,21091,44,2,2107.73
21092,21092,44,1,2107.73
21093,21093,246,1,74.01
21094,21094,609,1,216.06
21095,21095,587,1,49.39
21096,21096,706,3,148.71
21097,21097,673,1,30.45
21098,21098,418,3,304.57
21099,21099,535,1,73.33
21100,21100,436,2,391.06
21101,21101,340,1,403.23
21102,21102,514,3,31.2
21103,21103,708,1,561.54
21104,21104,237,1,54.46
21105,21105,202,3,189.56
21106,21106,301,1,141.06
21107,21107,304,1,44.03
21108,21108,606,1,25.9
21109,21109,665,1,348.02
21110,21110,318,1,115.05
21111,21111,145,1,2554.17
21112,21112,741,1,652.35
21113,21113,55,5,762.28
21114,21114,421,1,729.76
21115,21115,273,1,101.64
21116,21116,632,2,54.65
21117,21117,400,1,305.66
21118,21118,663,1,298.59
21119,21119,714,1,560.86
21120,21120,229,2,204.24
21121,21121,611,1,81.05
21122,21122,53,1,239.54
21123,21123,306,4,126.53
21124,21124,646,1,316.95
21125,21125,408,3,891.71
21126,21126,36,5,4845.59
21127,21127,560,1,130.36
21128,21128,180,2,1535.73
21129,21129,124,3,1143.91
21130,21130,115,1,1546.97
21131,21131,152,2,4060.81
21132,21132,220,1,61.61
21133,21133,431,1,670.83
21134,21134,718,5,186.44
21135,21135,292,1,216.47
21136,21136,105,4,545.57
21137,21137,319,3,233.78
21138,21138,12,1,3846.19
21139,21139,402,1,188.75
21140,21140,497,5,20.54
21141,21141,675,1,167.34
21142,21142,119,3,246.66
21143,21143,9,2,2277.97
21144,21144,722,1,690.57
21145,21145,580,3,48.76
21146,21146,653,2,162.88
21147,21147,626,2,181.24
21148,21148,683,4,473.02
21149,21149,201,1,143.89
21150,21150,652,2,341.76
21151,21151,606,1,25.9
21152,21152,184,1,95.76
21153,21153,185,3,37.55
21154,21154,441,1,249.15
21155,21155,566,1,65.14
21156,21156,534,2,95.47
21157,21157,151,1,1209.24
21158,21158,227,1,130.7
21159,21159,343,2,524.69
21160,21160,507,1,126.51
21161,21161,351,1,691.78
21162,21162,13,1,349.61
21163,21163,668,1,217.24
21164,21164,160,1,744.93
21165,21165,548,3,79.31
21166,21166,15,4,3740.12
21167,21167,459,2,764.61
21168,21168,99,1,1105.45
21169,21169,347,1,775.65
21170,21170,99,2,1105.45
21171,21171,83,3,4488.09
21172,21172,598,1,238.15
21173,21173,563,3,69.5
21175,21175,10,2,3515.06
21176,21176,499,1,175.95
21177,21177,418,1,304.57
21178,21178,687,3,531.25
21179,21179,518,1,37.43
21180,21180,45,2,3586.63
21181,21181,166,1,1493.43
21182,21182,415,3,320.0
21183,21183,490,4,91.21
21184,21184,570,2,131.96
21185,21185,494,1,53.12
21186,21186,25,1,446.54
21187,21187,336,1,414.92
21188,21188,675,1,167.34
21189,21189,224,1,163.59
21190,21190,84,1,3195.54
21191,21191,613,1,10.14
21192,21192,102,2,398.45
21193,21193,732,3,435.82
21194,21194,579,1,271.64
21195,21195,590,1,193.35
21196,21196,574,2,90.79
21197,21197,758,1,15.36
21198,21198,375,1,415.84
21199,21199,715,1,780.68
21201,21201,501,2,11.4
21202,21202,400,1,305.66
21203,21203,724,2,14.7
21204,21204,727,1,198.94
21205,21205,564,1,78.46
21206,21206,433,3,204.49
21207,21207,704,2,344.86
21208,21208,561,1,131.2
21209,21209,690,1,138.9
21210,21210,2,3,1108.81
21211,21211,141,1,2601.82
21212,21212,570,1,131.96
21213,21213,740,1,452.77
21214,21214,267,1,116.2
21215,21215,388,1,77.65
21216,21216,17,1,816.7
21217,21217,213,1,21.25
21218,21218,260,1,222.35
21219,21219,632,1,54.65
21220,21220,735,1,380.77
21221,21221,209,1,86.49
21222,21222,319,1,233.78
21223,21223,677,1,233.28
21224,21224,101,1,147.87
21225,21225,170,1,3238.77
21226,21226,408,1,891.71
21227,21227,479,1,148.09
21228,21228,452,1,889.45
21229,21229,355,1,887.26
21230,21230,254,3,66.21
21231,21231,743,1,545.9
21232,21232,205,2,203.34
21233,21233,154,3,2061.68
21234,21234,350,1,177.74
21235,21235,686,4,229.67
21236,21236,48,2,4406.69
21237,21237,671,2,170.05
21238,21238,171,1,468.85
21239,21239,120,1,530.88
21240,21240,46,1,1594.55
21241,21241,170,1,3238.77
21242,21242,392,1,147.3
21243,21243,689,1,476.72
21244,21244,634,1,86.2
21245,21245,51,1,794.12
21246,21246,288,1,237.54
21247,21247,399,3,451.25
21248,21248,629,1,198.54
21249,21249,505,2,76.84
21250,21250,480,2,150.12
21251,21251,71,1,3331.34
21252,21252,35,1,1264.03
21253,21253,549,1,170.94
21254,21254,114,3,1731.9
21255,21255,523,1,51.16
21256,21256,535,1,73.33
21257,21257,45,1,3586.63
21258,21258,357,1,848.0
21259,21259,12,1,3846.19
21260,21260,423,1,532.42
21261,21261,378,1,224.45
21262,21262,379,3,342.01
21263,21263,113,4,1123.54
21264,21264,99,2,1105.45
21265,21265,589,3,230.12
21266,21266,706,1,148.71
21267,21267,189,2,246.97
21268,21268,193,1,80.98
21269,21269,521,1,142.88
21270,21270,685,3,12.22
21271,21271,713,3,527.9
21272,21272,551,4,148.19
21273,21273,544,1,101.66
21274,21274,699,4,41.44
21275,21275,623,1,286.06
21276,21276,623,1,286.06
21277,21277,122,1,388.92
21278,21278,452,1,889.45
21279,21279,226,1,119.73
21280,21280,567,1,49.45
21281,21281,633,3,39.45
21282,21282,242,1,241.66
21283,21283,183,3,75.69
21284,21284,94,3,2154.48
21285,21285,677,2,233.28
21286,21286,610,3,29.89
21287,21287,185,1,37.55
21288,21288,91,4,2451.37
21289,21289,600,1,334.45
21290,21290,686,1,229.67
21291,21291,275,1,225.47
21292,21292,169,4,966.85
21293,21293,296,2,249.01
21294,21294,247,1,222.07
21295,21295,298,1,211.96
21296,21296,174,1,593.54
21297,21297,416,1,652.56
21298,21298,197,1,166.43
21299,21299,469,1,285.26
21300,21300,707,1,620.93
21301,21301,116,1,4755.36
21302,21302,638,1,105.78
21303,21303,159,1,4519.04
21304,21304,667,1,85.14
21306,21306,481,1,189.58
21307,21307,556,1,55.68
21308,21308,77,1,2287.96
21309,21309,660,2,238.33
21310,21310,721,1,453.58
21311,21311,100,1,3744.66
21312,21312,614,1,337.25
21313,21313,268,1,237.38
21315,21315,2,1,1108.81
21316,21316,522,1,157.0
21317,21317,405,1,616.71
21318,21318,676,1,257.69
21319,21319,81,1,3344.53
21320,21320,263,1,114.41
21321,21321,159,1,4519.04
21322,21322,622,4,153.74
21323,21323,619,2,45.77
21324,21324,608,1,170.74
21325,21325,19,2,4426.24
21326,21326,12,1,3846.19
21327,21327,83,1,4488.09
21328,21328,386,3,511.91
21329,21329,335,2,847.16
21330,21330,499,1,175.95
21331,21331,230,1,67.94
21332,21332,166,1,1493.43
21333,21333,602,1,169.46
21334,21334,265,1,153.78
21335,21335,9,1,2277.97
21336,21336,349,4,387.46
21337,21337,618,1,174.37
21338,21338,643,2,276.04
21339,21339,690,1,138.9
21340,21340,398,2,276.77
21341,21341,98,1,1012.81
21342,21342,552,2,86.71
21343,21343,205,4,203.34
21344,21344,356,2,536.57
21345,21345,522,5,157.0
21346,21346,394,1,466.06
21347,21347,285,1,161.67
21348,21348,678,1,59.08
21349,21349,187,1,144.62
21350,21350,85,1,405.86
21351,21351,318,1,115.05
21352,21352,727,2,198.94
21353,21353,518,1,37.43
21354,21354,657,2,325.09
21355,21355,732,1,435.82
21356,21356,648,1,12.54
21357,21357,532,2,84.1
21358,21358,46,1,1594.55
21359,21359,23,1,4594.09
21360,21360,575,4,27.16
21361,21361,246,1,74.01
21362,21362,166,1,1493.43
21363,21363,730,1,257.12
21364,21364,16,1,708.88
21365,21365,257,1,66.34
21366,21366,747,3,258.27
21367,21367,438,1,519.72
21368,21368,31,1,2437.35
21369,21369,273,1,101.64
21370,21370,709,1,493.91
21371,21371,175,1,4900.1
21372,21372,635,1,138.08
21373,21373,584,1,61.78
21374,21374,753,4,503.79
21375,21375,219,1,113.42
21376,21376,241,1,65.47
21377,21377,405,2,616.71
21378,21378,502,5,93.61
21379,21379,254,1,66.21
21380,21380,677,1,233.28
21381,21381,8,1,3869.87
21382,21382,742,1,293.23
21383,21383,73,2,3280.42
21384,21384,149,1,3306.49
21385,21385,707,1,620.93
21386,21386,388,2,77.65
21387,21387,570,2,131.96
21388,21388,486,1,22.67
21389,21389,292,1,216.47
21390,21390,703,1,12.69
21391,21391,104,1,1865.43
21392,21392,161,1,4356.77
21393,21393,151,1,1209.24
21394,21394,249,2,180.95
21395,21395,190,2,94.68
21396,21396,495,1,106.76
21397,21397,362,1,546.59
21398,21398,253,1,11.97
21399,21399,733,1,417.93
21400,21400,551,4,148.19
21401,21401,403,1,446.99
21402,21402,383,1,626.13
21403,21403,428,2,441.29
21404,21404,120,1,530.88
21405,21405,628,2,49.89
21406,21406,504,1,71.43
21407,21407,677,1,233.28
21408,21408,170,1,3238.77
21409,21409,619,1,45.77
21410,21410,55,1,762.28
21411,21411,35,1,1264.03
21412,21412,170,1,3238.77
21413,21413,442,1,92.84
21414,21414,734,2,86.88
21415,21415,54,1,3534.21
21416,21416,278,1,65.28
21417,21417,650,2,190.13
21418,21418,319,2,233.78
21419,21419,490,2,91.21
21420,21420,757,1,187.1
21421,21421,341,1,59.51
21422,21422,131,3,2983.31
21423,21423,552,1,86.71
21424,21424,165,1,4996.87
21425,21425,712,5,571.29
21426,21426,602,1,169.46
21427,21427,432,3,493.35
21428,21428,647,1,115.03
21429,21429,167,1,3435.27
21430,21430,298,1,211.96
21431,21431,127,1,393.81
21432,21432,91,1,2451.37
21433,21433,247,3,222.07
21434,21434,409,1,329.97
21435,21435,52,2,1334.63
21436,21436,506,1,188.42
21437,21437,501,1,11.4
21438,21438,445,1,198.54
21439,21439,505,3,76.84
21440,21440,100,1,3744.66
21441,21441,416,1,652.56
21442,21442,84,1,3195.54
21443,21443,634,1,86.2
21444,21444,415,4,320.0
21445,21445,755,4,759.14
21446,21446,518,4,37.43
21447,21447,633,1,39.45
21448,21448,556,1,55.68
21449,21449,722,1,690.57
21450,21450,546,1,167.82
21451,21451,163,3,1452.4
21452,21452,52,1,1334.63
21453,21453,413,2,614.79
21454,21454,16,1,708.88
21455,21455,356,2,536.57
21456,21456,52,2,1334.63
21457,21457,550,1,133.78
21458,21458,505,1,76.84
21459,21459,507,1,126.51
21460,21460,555,1,42.12
21461,21461,540,1,187.1
21462,21462,232,1,23.94
21463,21463,312,2,143.72
21464,21464,155,1,1706.02
21465,21465,227,2,130.7
21466,21466,588,1,225.54
21467,21467,715,1,780.68
21468,21468,467,1,752.72
21469,21469,49,1,3523.62
21470,21470,170,2,3238.77
21471,21471,253,1,11.97
21472,21472,517,2,184.21
21473,21473,597,1,95.38
21474,21474,529,2,125.91
21475,21475,535,1,73.33
21476,21476,640,3,206.05
21477,21477,403,1,446.99
21478,21478,206,1,175.81
21479,21479,26,1,2386.9
21480,21480,130,1,3245.21
21481,21481,659,1,51.18
21482,21482,529,3,125.91
21483,21483,235,3,99.15
21484,21484,54,1,3534.21
21485,21485,740,3,452.77
21486,21486,333,1,182.93
21487,21487,695,3,20.12
21488,21488,303,1,129.01
21489,21489,261,2,69.29
21490,21490,673,1,30.45
21491,21491,551,2,148.19
21492,21492,668,5,217.24
21493,21493,578,1,222.33
21494,21494,231,1,101.74
21495,21495,147,1,4322.84
21496,21496,182,2,789.51
21497,21497,566,3,65.14
21498,21498,58,1,3110.88
21499,21499,611,1,81.05
21500,21500,527,2,36.46
21501,21501,127,1,393.81
21502,21502,68,2,3602.75
21503,21503,572,5,139.15
21504,21504,294,2,20.24
21505,21505,217,1,109.07
21506,21506,159,1,4519.04
21507,21507,563,1,69.5
21508,21508,604,5,66.71
21509,21509,261,2,69.29
21510,21510,662,2,109.41
21511,21511,657,2,325.09
21512,21512,56,1,228.3
21513,21513,398,5,276.77
21514,21514,165,3,4996.87
21515,21515,632,2,54.65
21516,21516,292,2,216.47
21517,21517,709,1,493.91
21518,21518,617,1,291.13
21519,21519,739,4,403.17
21520,21520,131,2,2983.31
21521,21521,355,1,887.26
21522,21522,718,1,186.44
21523,21523,251,1,210.05
21524,21524,153,1,4827.45
21525,21525,303,1,129.01
21526,21526,436,1,391.06
21527,21527,215,2,129.05
21528,21528,9,2,2277.97
21529,21529,677,1,233.28
21530,21530,5,1,481.86
21531,21531,540,1,187.1
21532,21532,295,1,46.64
21533,21533,183,1,75.69
21534,21534,94,3,2154.48
21535,21535,37,1,1084.45
21536,21536,419,1,175.87
21537,21537,182,3,789.51
21538,21538,483,1,162.06
21539,21539,189,1,246.97
21540,21540,335,1,847.16
21541,21541,72,2,2748.72
21542,21542,568,1,138.43
21543,21543,685,1,12.22
21544,21544,22,1,1010.57
21545,21545,157,1,1189.15
21546,21546,509,1,37.13
21547,21547,611,3,81.05
21548,21548,626,1,181.24
21549,21549,312,1,143.72
21550,21550,83,4,4488.09
21551,21551,54,2,3534.21
21552,21552,136,1,4582.03
21553,21553,150,1,3819.1
21554,21554,439,1,893.3
21555,21555,500,1,83.92
21557,21557,345,3,130.52
21558,21558,758,2,15.36
21559,21559,287,1,226.27
21560,21560,476,1,11.53
21561,21561,616,4,211.57
21562,21562,742,1,293.23
21563,21563,413,1,614.79
21564,21564,669,2,113.44
21565,21565,723,1,181.75
21567,21567,592,2,148.9
21568,21568,580,3,48.76
21569,21569,655,2,153.82
21570,21570,455,1,322.55
21571,21571,104,1,1865.43
21572,21572,409,3,329.97
21573,21573,414,4,272.92
21574,21574,416,2,652.56
21575,21575,546,1,167.82
21576,21576,749,1,25.31
21577,21577,408,1,891.71
21578,21578,321,2,108.01
21579,21579,742,1,293.23
21580,21580,523,1,51.16
21581,21581,3,1,2733.8
21582,21582,301,3,141.06
21583,21583,632,2,54.65
21584,21584,44,1,2107.73
21585,21585,513,1,29.13
21586,21586,21,3,2548.24
21587,21587,260,2,222.35
21588,21588,169,1,966.85
21589,21589,460,1,675.57
21590,21590,219,1,113.42
21591,21591,700,1,474.11
21592,21592,539,2,172.0
21593,21593,563,2,69.5
21594,21594,242,1,241.66
21595,21595,681,1,20.06
21596,21596,233,3,166.88
21597,21597,719,1,329.85
21598,21598,614,1,337.25
21600,21600,89,1,1914.29
21601,21601,305,1,103.09
21602,21602,576,3,32.88
21603,21603,363,1,306.33
21604,21604,280,1,123.83
21605,21605,73,3,3280.42
21606,21606,605,1,255.63
21607,21607,177,3,2931.1
21608,21608,111,1,1395.81
21609,21609,402,1,188.75
21610,21610,36,2,4845.59
21611,21611,360,1,505.98
21613,21613,132,1,1534.36
21614,21614,201,1,143.89
21615,21615,559,1,57.73
21616,21616,542,1,173.49
21617,21617,636,1,261.3
21618,21618,731,5,733.38
21619,21619,704,1,344.86
21620,21620,535,1,73.33
21621,21621,503,1,152.47
21622,21622,180,1,1535.73
21623,21623,560,1,130.36
21624,21624,479,2,148.09
21625,21625,581,1,5.61
21626,21626,709,1,493.91
21627,21627,170,2,3238.77
21628,21628,23,2,4594.09
21629,21629,568,1,138.43
