order_id,order_date,customer_id,seller_id,order_status
3762,2021-08-02,123,33,Shipped
5014,2023-10-14,185,43,Shipped
7102,2023-03-30,600,23,Shipped
7245,2022-09-05,95,19,Shipped
8496,2023-12-11,772,21,Shipped
8639,2023-07-31,491,53,Shipped
11985,2020-10-13,310,45,Shipped
12682,2022-08-07,584,50,Shipped
12827,2021-01-22,528,26,Shipped
13100,2020-09-14,337,28,Shipped
13385,2023-01-23,582,20,Shipped
13653,2021-12-30,482,37,Shipped
15613,2020-04-19,659,43,Shipped
16738,2021-08-14,489,11,Shipped
16869,2020-11-19,217,17,Shipped
17565,2021-01-31,256,41,Shipped
18548,2022-12-29,811,14,Shipped
20216,2023-08-23,825,46,Shipped
20769,2021-02-11,82,46,Shipped
21192,2023-11-13,857,33,Shipped
1,2022-03-15,13,31,Delivered
2,2020-08-18,145,44,Delivered
3,2020-10-12,549,15,Shipped
4,2020-05-04,151,48,Delivered
5,2022-07-05,140,15,Delivered
6,2023-04-29,539,27,Delivered
7,2022-04-05,96,8,Delivered
8,2022-03-13,350,13,Delivered
9,2021-03-06,374,39,Cancelled
10,2023-09-19,742,14,Delivered
11,2021-01-03,561,4,Cancelled
12,2022-02-09,365,9,Delivered
13,2022-06-17,32,6,Shipped
14,2022-06-04,667,52,Delivered
15,2023-08-05,748,24,Delivered
16,2021-06-23,839,15,Delivered
17,2022-03-22,345,19,Delivered
18,2021-10-09,494,42,Shipped
19,2021-09-19,219,48,Returned
20,2023-01-22,181,36,Shipped
21,2020-12-21,859,44,Delivered
22,2023-05-16,198,2,Cancelled
23,2023-10-03,384,45,Cancelled
24,2023-08-22,409,19,Cancelled
25,2021-02-18,860,13,Delivered
26,2020-04-09,820,22,Delivered
27,2020-07-21,576,46,Delivered
28,2021-02-01,895,41,Delivered
29,2020-11-07,206,22,Delivered
30,2022-11-14,488,4,Delivered
31,2022-10-01,285,24,Returned
32,2020-08-17,652,38,Delivered
33,2023-05-26,498,9,Inprogress
34,2020-02-20,710,32,Returned
35,2022-08-20,261,32,Inprogress
36,2022-02-07,358,16,Delivered
37,2020-04-02,597,19,Delivered
38,2023-06-11,136,8,Shipped
39,2021-01-30,52,40,Inprogress
40,2023-02-09,841,20,Shipped
41,2022-12-09,466,36,Shipped
42,2022-12-09,727,33,Delivered
43,2021-09-23,200,46,Shipped
44,2020-09-30,735,53,Delivered
45,2021-12-11,381,8,Delivered
46,2023-11-14,763,13,Cancelled
47,2020-03-27,389,38,Inprogress
48,2022-05-20,874,43,Delivered
49,2021-09-21,213,10,Delivered
50,2021-09-20,210,28,Inprogress
51,2021-07-05,555,38,Delivered
52,2022-08-25,753,53,Delivered
53,2021-06-14,630,53,Inprogress
54,2023-12-08,550,13,Delivered
55,2022-06-27,373,14,Delivered
56,2021-03-15,394,46,Delivered
57,2022-01-24,330,23,Delivered
58,2021-05-25,116,50,Delivered
59,2022-10-20,640,45,Delivered
60,2021-01-06,463,42,Delivered
61,2020-11-11,428,3,Delivered
62,2020-01-12,305,52,Delivered
63,2021-08-05,1,18,Delivered
64,2022-04-06,308,16,Shipped
65,2020-10-18,796,15,Delivered
66,2021-10-16,867,41,Delivered
67,2023-12-20,871,7,Shipped
68,2023-01-15,193,2,Delivered
69,2022-11-29,505,20,Shipped
70,2022-03-04,879,17,Delivered
71,2021-03-29,408,44,Delivered
72,2023-03-14,786,27,Delivered
73,2022-04-22,249,46,Delivered
74,2020-08-09,701,21,Delivered
75,2021-05-23,816,36,Delivered
76,2022-05-25,747,32,Inprogress
77,2021-10-02,145,50,Delivered
78,2021-04-06,818,3,Cancelled
79,2020-06-05,552,29,Delivered
80,2022-06-20,24,32,Inprogress
81,2023-09-28,279,31,Inprogress
82,2023-08-23,703,1,Cancelled
83,2020-07-02,348,16,Delivered
84,2023-03-11,477,23,Delivered
85,2021-02-18,402,21,Shipped
86,2023-11-02,429,15,Cancelled
87,2022-04-24,891,54,Delivered
88,2022-11-23,462,49,Delivered
89,2021-06-11,327,28,Delivered
90,2020-10-08,804,6,Delivered
91,2023-12-23,892,38,Delivered
92,2022-02-19,892,13,Delivered
93,2021-11-28,480,15,Delivered
94,2021-07-12,432,50,Delivered
95,2022-05-10,613,29,Inprogress
96,2021-04-08,351,5,Delivered
97,2020-12-13,267,53,Cancelled
98,2023-12-21,120,49,Inprogress
99,2022-07-11,805,20,Delivered
100,2020-07-12,443,13,Delivered
101,2022-09-22,342,52,Cancelled
102,2022-06-12,489,23,Delivered
103,2023-05-15,494,10,Delivered
104,2021-09-22,330,21,Inprogress
105,2020-09-03,563,4,Inprogress
106,2023-11-30,707,46,Inprogress
107,2023-04-12,234,36,Delivered
108,2023-01-20,786,12,Delivered
109,2022-06-22,312,51,Delivered
110,2023-10-14,556,21,Inprogress
111,2023-06-10,266,48,Delivered
112,2020-10-19,173,10,Shipped
113,2020-10-18,486,35,Shipped
114,2020-12-18,437,30,Cancelled
115,2023-04-12,472,33,Delivered
116,2021-02-12,365,52,Delivered
117,2022-10-20,844,31,Delivered
118,2020-10-05,381,43,Inprogress
119,2023-12-20,495,20,Delivered
120,2022-10-14,98,48,Delivered
121,2020-05-25,355,9,Inprogress
122,2020-12-11,772,41,Shipped
123,2020-04-15,67,7,Delivered
124,2021-05-02,869,23,Shipped
125,2021-09-01,76,24,Delivered
126,2022-03-30,529,4,Cancelled
127,2022-04-07,841,7,Delivered
128,2023-08-23,168,33,Delivered
129,2020-10-21,38,23,Delivered
130,2023-12-15,405,19,Inprogress
131,2021-05-25,751,7,Delivered
132,2022-01-05,875,39,Delivered
133,2023-08-20,535,27,Delivered
134,2023-07-17,170,17,Shipped
135,2023-03-08,574,16,Cancelled
136,2023-05-16,19,10,Shipped
137,2021-07-29,666,43,Delivered
138,2021-12-05,676,13,Delivered
139,2023-12-02,468,11,Delivered
140,2022-01-01,375,15,Delivered
141,2022-08-12,678,18,Cancelled
142,2021-02-14,352,46,Shipped
143,2020-03-26,444,27,Shipped
144,2022-12-21,17,30,Delivered
145,2022-08-24,825,38,Cancelled
146,2023-12-07,432,6,Delivered
147,2022-08-06,602,44,Inprogress
148,2023-02-06,503,36,Delivered
149,2023-11-09,29,1,Delivered
150,2021-07-31,52,26,Cancelled
151,2022-07-16,772,26,Delivered
152,2021-05-15,252,11,Delivered
153,2021-04-16,402,12,Shipped
154,2023-05-17,131,39,Shipped
155,2021-06-17,549,18,Delivered
156,2020-07-28,281,45,Returned
157,2022-08-10,27,26,Delivered
158,2020-08-25,688,36,Delivered
159,2022-02-26,520,30,Shipped
160,2020-12-14,792,20,Cancelled
161,2020-11-28,74,22,Delivered
162,2020-09-15,621,19,Delivered
163,2020-05-21,122,10,Delivered
164,2020-04-03,70,43,Delivered
165,2021-06-02,312,36,Delivered
166,2023-03-11,105,46,Delivered
167,2020-04-01,391,34,Inprogress
168,2021-06-10,34,37,Delivered
169,2020-06-27,121,29,Shipped
170,2021-10-22,66,5,Inprogress
171,2021-08-14,386,50,Inprogress
172,2022-01-26,334,8,Inprogress
173,2020-04-10,837,40,Returned
174,2023-01-10,890,11,Inprogress
175,2023-11-07,509,15,Shipped
176,2020-02-18,233,37,Delivered
177,2021-12-19,836,4,Shipped
178,2021-03-30,620,34,Delivered
179,2020-10-24,152,4,Delivered
180,2020-08-18,586,37,Shipped
181,2023-04-14,708,35,Delivered
182,2022-09-13,382,6,Inprogress
183,2023-09-16,352,34,Inprogress
184,2022-11-01,561,39,Cancelled
185,2020-04-12,361,7,Delivered
186,2020-11-05,155,24,Delivered
187,2022-10-18,835,49,Delivered
188,2023-10-20,138,48,Inprogress
189,2021-01-19,365,54,Shipped
190,2021-06-15,721,22,Delivered
191,2021-08-13,686,18,Delivered
192,2021-03-07,830,34,Shipped
193,2023-07-11,326,13,Delivered
194,2023-12-12,700,28,Shipped
195,2023-09-06,658,17,Delivered
196,2022-08-07,795,52,Delivered
197,2020-03-20,735,5,Inprogress
198,2023-12-03,534,20,Inprogress
199,2021-05-28,751,33,Delivered
200,2022-06-10,264,23,Cancelled
201,2023-05-22,596,38,Delivered
202,2021-03-09,842,52,Shipped
203,2022-11-30,452,37,Delivered
204,2021-10-30,849,42,Delivered
205,2022-03-16,381,26,Cancelled
206,2020-06-22,33,45,Shipped
207,2021-03-23,610,38,Shipped
208,2022-08-27,417,28,Shipped
209,2020-12-30,446,40,Delivered
210,2020-04-14,109,39,Inprogress
211,2021-01-30,233,40,Delivered
212,2022-11-22,394,6,Delivered
213,2022-12-27,724,32,Shipped
214,2023-01-24,175,44,Returned
215,2022-01-04,664,16,Delivered
216,2022-11-12,429,44,Returned
217,2020-02-03,288,17,Inprogress
218,2023-03-28,750,53,Inprogress
219,2022-04-03,746,7,Inprogress
220,2020-10-31,570,33,Inprogress
221,2021-02-10,658,40,Delivered
222,2023-08-13,768,19,Shipped
223,2020-12-08,651,28,Shipped
224,2023-02-19,451,38,Shipped
225,2023-10-10,893,33,Shipped
226,2020-06-06,615,19,Delivered
227,2022-08-05,474,53,Delivered
228,2021-01-07,523,22,Cancelled
229,2022-04-20,857,47,Delivered
230,2021-01-22,108,9,Delivered
231,2020-01-09,695,50,Cancelled
232,2023-12-04,49,24,Delivered
233,2022-01-21,309,19,Delivered
234,2021-05-15,104,15,Cancelled
235,2021-05-12,24,25,Delivered
236,2021-12-01,672,18,Inprogress
237,2021-09-08,277,25,Cancelled
238,2022-12-27,507,21,Delivered
239,2021-02-03,812,32,Inprogress
240,2023-05-16,252,23,Shipped
241,2023-12-28,583,19,Inprogress
242,2021-05-31,262,33,Inprogress
243,2021-04-11,545,4,Delivered
244,2021-12-29,69,39,Delivered
245,2020-04-06,803,37,Delivered
246,2023-12-31,461,48,Delivered
247,2022-06-11,213,1,Returned
248,2022-02-10,896,4,Shipped
249,2021-06-19,182,31,Delivered
250,2022-01-03,789,19,Shipped
251,2023-11-25,143,50,Delivered
252,2020-10-05,781,19,Shipped
253,2023-06-12,136,44,Shipped
254,2023-02-07,472,1,Delivered
255,2023-03-04,385,18,Delivered
256,2020-04-10,94,23,Shipped
257,2020-06-01,504,30,Shipped
258,2023-07-01,359,48,Inprogress
259,2021-07-28,311,48,Inprogress
260,2021-12-18,133,16,Cancelled
261,2023-12-14,418,1,Shipped
262,2023-09-26,604,38,Delivered
263,2023-01-13,823,26,Shipped
264,2022-11-04,534,41,Cancelled
265,2022-05-11,205,12,Returned
266,2021-04-01,190,29,Delivered
267,2020-07-19,806,52,Delivered
268,2021-04-30,423,54,Delivered
269,2022-02-23,187,49,Delivered
270,2021-01-18,870,31,Delivered
271,2021-06-05,712,20,Shipped
272,2021-02-23,21,33,Delivered
273,2023-01-14,64,25,Inprogress
274,2023-12-23,653,2,Delivered
275,2022-02-14,625,48,Delivered
276,2023-04-19,370,32,Returned
277,2023-01-09,742,11,Delivered
278,2023-01-09,134,21,Delivered
279,2020-05-29,179,4,Delivered
280,2022-02-24,743,10,Delivered
281,2023-12-18,607,6,Shipped
282,2020-07-26,655,16,Delivered
283,2023-10-24,394,1,Shipped
284,2021-12-17,628,5,Delivered
285,2020-12-14,533,8,Cancelled
286,2020-02-27,610,32,Shipped
287,2022-02-24,528,13,Inprogress
288,2020-10-09,805,38,Cancelled
289,2023-04-24,746,33,Delivered
290,2023-05-27,872,44,Delivered
291,2023-02-02,35,3,Delivered
292,2021-05-28,357,23,Inprogress
293,2022-04-18,865,51,Delivered
294,2020-01-16,82,36,Inprogress
295,2021-07-04,190,50,Shipped
296,2020-05-03,873,36,Delivered
297,2022-02-06,879,22,Delivered
298,2021-07-12,139,22,Inprogress
299,2023-09-27,585,1,Delivered
300,2022-05-31,1,53,Shipped
301,2023-09-04,848,29,Returned
302,2021-05-13,389,8,Shipped
303,2020-09-10,624,53,Shipped
304,2022-03-07,237,36,Delivered
305,2022-08-08,354,6,Shipped
306,2022-07-17,470,3,Delivered
307,2022-01-21,473,53,Shipped
308,2020-11-05,155,28,Delivered
309,2022-06-19,21,17,Shipped
310,2021-12-24,553,2,Inprogress
311,2023-06-16,20,21,Delivered
312,2021-09-22,455,33,Delivered
313,2020-06-04,670,36,Delivered
314,2020-08-04,123,45,Delivered
315,2022-10-07,28,50,Delivered
316,2021-04-29,747,3,Delivered
317,2023-12-17,464,1,Delivered
318,2020-02-29,496,44,Delivered
319,2020-01-07,187,45,Returned
320,2020-01-07,420,10,Inprogress
321,2021-01-16,679,9,Delivered
322,2022-03-29,219,22,Delivered
323,2022-06-03,517,46,Delivered
324,2020-06-11,772,20,Delivered
325,2020-02-25,597,30,Cancelled
326,2023-11-29,24,14,Delivered
327,2020-10-02,508,31,Shipped
328,2021-05-07,47,23,Shipped
329,2020-10-14,324,42,Delivered
330,2023-08-01,400,1,Shipped
331,2021-11-08,493,28,Delivered
332,2023-10-20,65,1,Cancelled
333,2020-01-25,772,45,Delivered
334,2023-06-09,479,16,Delivered
335,2021-05-06,440,20,Delivered
336,2022-04-23,169,52,Delivered
337,2021-10-30,579,15,Inprogress
338,2022-06-24,196,4,Delivered
339,2022-11-15,64,26,Delivered
340,2023-12-16,307,33,Delivered
341,2020-02-01,523,47,Delivered
342,2023-04-06,20,19,Shipped
343,2021-01-01,248,22,Delivered
344,2020-10-11,497,54,Delivered
345,2022-05-05,712,54,Delivered
346,2021-02-05,117,50,Delivered
347,2022-09-04,363,3,Delivered
348,2020-02-01,684,24,Shipped
349,2023-08-05,679,20,Shipped
350,2023-02-26,138,5,Delivered
351,2021-06-05,7,49,Inprogress
352,2020-04-27,654,37,Delivered
353,2023-09-11,174,45,Cancelled
354,2023-06-18,554,9,Shipped
355,2023-11-14,703,45,Inprogress
356,2023-12-14,844,44,Shipped
357,2021-10-30,194,28,Delivered
358,2022-06-04,607,44,Delivered
359,2023-12-07,709,30,Delivered
360,2020-10-23,433,12,Shipped
361,2022-01-12,678,10,Delivered
362,2022-05-12,841,41,Delivered
363,2023-10-30,313,49,Returned
364,2023-04-07,604,45,Delivered
365,2023-12-18,794,35,Delivered
366,2021-06-06,165,31,Delivered
367,2022-03-07,507,53,Delivered
368,2023-09-24,868,22,Delivered
369,2022-03-30,666,44,Delivered
370,2021-08-06,546,37,Shipped
371,2022-10-12,69,48,Cancelled
372,2021-11-24,175,21,Cancelled
373,2022-05-24,561,10,Delivered
374,2022-09-26,821,8,Delivered
375,2020-04-16,10,40,Delivered
376,2023-10-06,463,46,Delivered
377,2022-10-21,414,50,Delivered
378,2023-07-08,810,6,Shipped
379,2022-09-15,71,40,Shipped
380,2021-11-16,130,5,Delivered
381,2023-08-02,787,1,Shipped
382,2020-12-15,722,13,Shipped
383,2020-02-20,457,31,Cancelled
384,2020-05-31,127,2,Returned
385,2022-07-26,717,21,Delivered
386,2020-06-15,772,39,Inprogress
387,2020-03-04,483,27,Delivered
388,2020-12-19,346,18,Delivered
389,2021-02-15,341,23,Delivered
390,2020-08-19,741,9,Delivered
391,2023-01-29,529,42,Shipped
392,2022-03-24,413,19,Delivered
393,2022-11-08,217,1,Shipped
394,2023-08-27,152,40,Delivered
395,2021-05-02,443,54,Delivered
396,2022-08-08,548,1,Delivered
397,2021-11-12,810,44,Delivered
398,2022-11-06,272,28,Shipped
399,2021-07-02,5,35,Inprogress
400,2023-06-26,294,47,Delivered
401,2022-02-13,684,6,Delivered
402,2023-05-11,193,44,Delivered
403,2020-11-05,656,48,Delivered
404,2021-01-09,637,46,Shipped
405,2020-05-28,761,13,Delivered
406,2023-02-13,354,25,Shipped
407,2023-03-25,895,49,Returned
408,2023-10-25,125,10,Delivered
409,2023-02-15,287,14,Shipped
410,2023-04-29,197,19,Shipped
411,2022-10-01,300,21,Delivered
412,2020-05-27,192,14,Shipped
413,2020-08-26,278,25,Inprogress
414,2021-02-18,62,40,Delivered
415,2022-06-21,819,50,Shipped
416,2020-06-01,572,14,Delivered
417,2023-11-03,378,22,Shipped
418,2022-12-14,439,46,Delivered
419,2020-06-03,565,33,Shipped
420,2022-03-18,777,49,Delivered
421,2020-04-05,474,19,Delivered
422,2020-04-05,845,18,Delivered
423,2023-12-29,135,48,Delivered
424,2023-02-25,294,47,Cancelled
425,2020-12-26,43,2,Cancelled
426,2020-03-14,51,49,Delivered
427,2020-04-02,230,5,Shipped
428,2021-01-12,697,25,Shipped
429,2021-01-13,262,16,Shipped
430,2023-04-11,826,4,Delivered
431,2022-04-07,291,51,Delivered
432,2021-11-04,231,16,Inprogress
433,2022-08-08,358,38,Delivered
434,2021-05-30,414,29,Delivered
435,2021-04-19,747,23,Shipped
436,2021-09-17,175,30,Delivered
437,2022-11-13,227,37,Delivered
438,2021-08-21,888,11,Delivered
439,2021-10-14,524,44,Delivered
440,2023-06-08,462,36,Inprogress
441,2023-04-17,96,35,Delivered
442,2021-07-05,11,33,Inprogress
443,2021-01-12,45,39,Shipped
444,2022-06-16,31,8,Shipped
445,2023-08-26,849,52,Delivered
446,2020-09-15,156,33,Delivered
447,2022-05-31,428,29,Delivered
448,2020-11-13,237,35,Cancelled
449,2020-05-25,2,39,Delivered
450,2020-01-18,314,35,Delivered
451,2020-03-23,118,39,Delivered
452,2023-12-08,900,35,Delivered
453,2022-08-15,865,6,Shipped
454,2022-02-23,304,18,Inprogress
455,2023-06-27,560,46,Delivered
456,2022-04-28,504,15,Shipped
457,2022-01-19,270,54,Shipped
458,2023-10-21,52,16,Delivered
459,2020-12-16,364,41,Delivered
460,2020-04-08,424,43,Shipped
461,2020-02-01,497,37,Delivered
462,2022-10-22,131,21,Shipped
463,2021-10-13,791,10,Delivered
464,2022-12-29,231,37,Shipped
465,2022-08-20,853,44,Delivered
466,2021-12-27,890,27,Inprogress
467,2023-01-14,210,43,Delivered
468,2021-08-18,341,23,Inprogress
469,2021-01-12,687,6,Inprogress
470,2021-03-05,676,16,Shipped
471,2023-08-27,725,33,Cancelled
472,2022-10-19,381,29,Inprogress
473,2020-05-24,790,38,Delivered
474,2021-03-08,279,10,Delivered
475,2021-05-12,472,7,Delivered
476,2021-12-06,22,1,Delivered
477,2021-10-21,253,44,Shipped
478,2021-12-17,559,1,Shipped
479,2022-07-30,819,39,Returned
480,2020-02-26,828,45,Delivered
481,2021-04-07,899,44,Shipped
482,2022-10-12,279,3,Delivered
483,2021-05-15,551,22,Delivered
484,2020-02-20,65,17,Inprogress
485,2021-09-13,622,43,Delivered
486,2023-03-13,558,37,Delivered
487,2022-03-25,860,33,Returned
488,2020-06-29,430,51,Shipped
489,2023-07-05,310,2,Shipped
490,2021-06-06,734,50,Delivered
491,2020-08-18,603,35,Delivered
492,2022-12-24,689,50,Delivered
493,2023-09-05,665,52,Delivered
494,2021-07-07,614,13,Delivered
495,2020-04-21,570,28,Delivered
496,2023-09-12,210,52,Delivered
497,2020-11-03,30,47,Delivered
498,2022-01-14,170,27,Returned
499,2021-10-29,105,38,Delivered
500,2021-06-25,271,37,Cancelled
501,2020-12-30,196,4,Delivered
502,2020-04-28,71,52,Shipped
503,2023-07-14,670,53,Inprogress
504,2022-12-30,521,44,Delivered
505,2022-03-13,87,23,Inprogress
506,2020-09-06,781,16,Delivered
507,2020-11-20,507,3,Delivered
508,2020-05-11,717,13,Delivered
509,2023-09-20,347,13,Returned
510,2020-05-13,584,36,Delivered
511,2020-08-20,351,30,Delivered
512,2021-04-14,854,21,Shipped
513,2022-12-03,900,28,Delivered
514,2023-09-27,408,32,Inprogress
515,2020-08-28,227,26,Cancelled
516,2023-08-02,223,42,Inprogress
517,2022-08-25,871,45,Delivered
518,2020-07-06,626,52,Delivered
519,2020-09-20,138,7,Cancelled
520,2021-02-07,140,15,Delivered
521,2022-08-21,34,11,Inprogress
522,2022-03-25,32,53,Inprogress
523,2023-07-27,789,19,Delivered
524,2022-03-18,336,15,Inprogress
525,2023-09-21,53,52,Inprogress
526,2023-11-29,315,31,Delivered
527,2022-09-18,500,9,Cancelled
528,2022-02-14,249,38,Inprogress
529,2023-02-18,70,47,Delivered
530,2020-06-12,235,9,Delivered
531,2020-05-31,532,48,Delivered
532,2020-01-10,311,22,Shipped
533,2023-10-29,798,25,Inprogress
534,2020-12-30,599,1,Delivered
535,2022-04-17,563,37,Delivered
536,2021-12-26,618,10,Delivered
537,2022-05-19,2,32,Shipped
538,2021-10-06,329,34,Delivered
539,2021-09-27,275,11,Delivered
540,2022-06-22,428,20,Delivered
541,2021-10-23,560,27,Delivered
542,2022-07-19,516,23,Delivered
543,2022-11-24,106,11,Delivered
544,2020-11-06,572,18,Inprogress
545,2020-07-09,307,9,Delivered
546,2020-02-24,205,24,Cancelled
547,2020-06-15,375,28,Delivered
548,2021-12-16,701,19,Delivered
549,2023-10-04,692,1,Cancelled
550,2020-12-27,541,31,Inprogress
551,2021-11-17,384,6,Delivered
552,2022-05-12,12,39,Delivered
553,2022-04-06,650,7,Inprogress
554,2021-11-07,444,49,Delivered
555,2020-11-24,624,30,Inprogress
556,2022-10-30,124,39,Cancelled
557,2020-05-13,619,47,Delivered
558,2020-10-05,132,47,Delivered
559,2021-01-09,703,10,Delivered
560,2023-05-05,231,6,Delivered
561,2022-02-06,140,5,Shipped
562,2020-09-08,184,36,Delivered
563,2022-11-10,348,30,Delivered
564,2023-01-01,271,53,Delivered
565,2023-03-23,408,13,Delivered
566,2021-11-13,451,35,Delivered
567,2023-04-17,357,12,Delivered
568,2022-11-07,742,33,Shipped
569,2020-09-20,208,36,Delivered
570,2020-11-06,797,1,Delivered
571,2020-07-07,319,12,Shipped
572,2022-10-28,772,36,Delivered
573,2023-07-16,816,31,Cancelled
574,2020-09-29,206,51,Delivered
575,2022-07-18,434,2,Cancelled
576,2023-05-13,893,45,Delivered
577,2022-01-20,67,52,Delivered
578,2021-08-17,875,4,Delivered
579,2022-11-07,267,46,Delivered
580,2021-11-20,179,34,Inprogress
581,2022-12-21,643,13,Delivered
582,2022-12-30,424,36,Cancelled
583,2020-02-15,326,23,Delivered
584,2022-04-14,765,43,Delivered
585,2020-01-09,674,18,Delivered
586,2020-01-28,876,30,Inprogress
587,2023-02-10,82,16,Cancelled
588,2020-08-05,647,19,Inprogress
589,2023-05-14,567,25,Inprogress
590,2022-09-07,655,40,Shipped
591,2023-06-12,307,21,Inprogress
592,2022-01-13,881,34,Delivered
593,2022-01-04,126,32,Delivered
594,2023-07-01,449,30,Shipped
595,2020-11-07,530,39,Inprogress
596,2023-05-05,412,42,Shipped
597,2020-11-09,45,49,Inprogress
598,2020-05-07,373,35,Delivered
599,2022-11-20,321,24,Shipped
600,2020-05-21,729,28,Cancelled
601,2020-08-26,792,40,Delivered
602,2023-11-27,360,15,Shipped
603,2022-07-05,579,27,Delivered
604,2023-09-29,276,13,Delivered
605,2022-02-03,471,52,Delivered
606,2022-11-09,900,17,Shipped
607,2022-06-04,737,21,Cancelled
608,2021-08-02,247,31,Inprogress
609,2022-03-01,880,47,Delivered
610,2020-01-05,592,17,Shipped
611,2021-10-09,33,38,Cancelled
612,2020-04-18,394,2,Delivered
613,2021-09-28,670,21,Returned
614,2020-06-29,214,8,Inprogress
615,2021-03-02,53,41,Inprogress
616,2022-08-31,311,28,Returned
617,2020-08-22,811,16,Delivered
618,2020-05-07,718,47,Delivered
619,2023-07-17,147,19,Delivered
620,2023-03-02,296,4,Inprogress
621,2023-06-28,759,51,Shipped
622,2021-09-05,27,42,Delivered
623,2022-01-10,92,54,Shipped
624,2021-01-06,350,53,Delivered
625,2020-05-31,72,51,Shipped
626,2022-11-22,624,36,Delivered
627,2022-11-12,636,6,Delivered
628,2023-10-02,610,38,Shipped
629,2023-05-18,509,27,Delivered
630,2021-09-22,130,8,Delivered
631,2023-10-17,336,17,Delivered
632,2021-05-07,452,42,Delivered
633,2023-05-25,456,22,Delivered
634,2022-10-26,580,11,Delivered
635,2021-01-02,343,3,Shipped
636,2021-01-08,563,29,Delivered
637,2020-03-23,737,53,Shipped
638,2023-02-02,729,10,Cancelled
639,2023-09-11,416,14,Delivered
640,2021-05-23,768,51,Delivered
641,2022-06-22,502,22,Delivered
642,2021-11-02,644,50,Inprogress
643,2020-06-20,75,25,Delivered
644,2022-06-21,144,4,Delivered
645,2022-06-29,235,9,Delivered
646,2021-05-16,117,4,Delivered
647,2022-08-29,346,54,Delivered
648,2022-11-06,249,19,Delivered
649,2023-08-07,863,32,Delivered
650,2022-11-12,464,44,Shipped
651,2020-08-03,429,5,Inprogress
652,2022-11-05,779,37,Delivered
653,2020-07-16,211,34,Delivered
654,2020-07-10,207,33,Delivered
655,2021-01-10,289,5,Shipped
656,2023-07-19,794,21,Shipped
657,2021-02-11,461,18,Delivered
658,2021-05-21,451,24,Shipped
659,2021-03-30,779,10,Delivered
660,2022-04-07,890,4,Delivered
661,2023-07-26,412,54,Shipped
662,2023-09-12,838,9,Shipped
663,2022-05-07,669,44,Shipped
664,2023-04-10,575,15,Shipped
665,2023-06-04,502,46,Delivered
666,2020-09-14,748,54,Shipped
667,2020-02-23,315,47,Delivered
668,2023-05-12,223,38,Delivered
669,2020-07-27,781,1,Inprogress
670,2021-06-01,186,32,Delivered
671,2022-12-27,309,31,Delivered
672,2023-12-29,493,22,Delivered
673,2020-11-18,586,19,Delivered
674,2021-07-22,808,11,Delivered
675,2023-07-06,701,33,Inprogress
676,2022-08-17,229,3,Shipped
677,2021-02-26,241,30,Delivered
678,2022-05-02,393,7,Shipped
679,2022-01-27,438,21,Delivered
680,2021-12-12,615,43,Delivered
681,2023-03-13,132,18,Delivered
682,2023-01-04,471,1,Delivered
683,2021-10-28,68,23,Shipped
684,2023-07-20,537,20,Returned
685,2022-12-05,45,51,Delivered
686,2020-07-31,228,48,Inprogress
687,2022-09-19,747,2,Delivered
688,2023-10-11,640,14,Delivered
689,2023-06-23,641,33,Inprogress
690,2022-07-27,315,54,Shipped
691,2021-09-02,68,10,Returned
692,2023-02-23,154,18,Delivered
693,2022-01-11,810,39,Shipped
694,2022-05-19,877,4,Inprogress
695,2020-03-26,835,39,Delivered
696,2022-01-15,93,21,Shipped
697,2022-03-01,491,50,Shipped
698,2023-02-28,466,25,Delivered
699,2022-02-02,47,19,Delivered
700,2021-02-10,296,46,Delivered
701,2022-07-21,863,21,Delivered
702,2022-05-23,599,44,Shipped
703,2020-12-23,242,4,Delivered
704,2021-10-14,7,12,Inprogress
705,2022-12-25,511,25,Delivered
706,2022-06-24,817,12,Inprogress
707,2021-11-01,547,49,Delivered
708,2022-10-19,792,52,Delivered
709,2020-02-24,195,48,Delivered
710,2021-12-18,147,25,Inprogress
711,2020-07-17,168,17,Delivered
712,2022-05-14,612,32,Delivered
713,2021-06-12,481,7,Delivered
714,2021-07-30,188,18,Shipped
715,2021-02-15,73,32,Inprogress
716,2020-05-23,575,25,Shipped
717,2022-05-07,110,39,Shipped
718,2022-02-09,400,24,Delivered
719,2022-02-22,515,9,Delivered
720,2023-04-26,394,42,Inprogress
721,2023-07-15,273,39,Delivered
722,2021-01-13,846,38,Shipped
723,2022-08-10,386,32,Delivered
724,2021-10-17,358,47,Delivered
725,2022-04-08,709,49,Shipped
726,2022-06-13,94,45,Delivered
727,2020-04-28,301,34,Delivered
728,2022-04-09,421,43,Delivered
729,2023-02-06,320,26,Inprogress
730,2022-05-28,799,42,Delivered
731,2020-08-07,488,42,Inprogress
732,2020-11-13,508,31,Delivered
733,2021-03-19,88,47,Delivered
734,2023-11-06,699,13,Inprogress
735,2021-11-11,11,32,Delivered
736,2022-06-10,754,45,Cancelled
737,2023-03-23,356,52,Shipped
738,2020-01-19,217,51,Delivered
739,2022-12-12,694,46,Delivered
740,2021-08-30,124,26,Inprogress
741,2020-01-06,282,34,Delivered
742,2022-08-09,489,3,Delivered
743,2020-05-09,482,10,Inprogress
744,2023-07-12,480,38,Delivered
745,2022-02-03,528,31,Inprogress
746,2020-04-28,652,14,Inprogress
747,2021-11-18,459,52,Shipped
748,2023-07-14,2,17,Cancelled
749,2021-11-27,529,54,Cancelled
750,2020-11-20,188,17,Shipped
751,2020-10-08,17,54,Inprogress
752,2021-01-22,215,3,Shipped
753,2022-11-12,668,21,Delivered
754,2022-04-09,395,51,Inprogress
755,2022-10-26,39,23,Delivered
756,2022-10-25,756,12,Inprogress
757,2021-12-07,7,13,Delivered
758,2021-02-12,494,42,Shipped
759,2022-03-08,302,24,Delivered
760,2021-10-12,577,7,Delivered
761,2021-12-06,105,27,Shipped
762,2022-01-08,371,33,Delivered
763,2020-02-29,384,50,Delivered
764,2020-09-10,410,26,Shipped
765,2021-10-15,848,47,Delivered
766,2022-10-20,169,31,Shipped
767,2021-09-05,23,38,Shipped
768,2022-08-26,128,6,Delivered
769,2022-07-19,574,33,Delivered
770,2021-01-29,468,25,Delivered
771,2022-09-13,416,42,Shipped
772,2020-08-08,145,11,Delivered
773,2021-12-09,811,11,Inprogress
774,2022-08-03,221,19,Delivered
775,2022-11-06,680,18,Delivered
776,2023-06-05,87,43,Inprogress
777,2022-06-15,441,23,Delivered
778,2021-02-01,364,12,Delivered
779,2021-02-15,96,54,Delivered
780,2023-11-09,757,23,Delivered
781,2023-10-29,307,23,Shipped
782,2020-03-27,424,41,Delivered
783,2023-11-05,523,20,Inprogress
784,2021-02-06,540,42,Delivered
785,2021-11-11,639,43,Delivered
786,2020-02-02,287,2,Inprogress
787,2023-09-17,705,44,Shipped
788,2021-04-11,785,30,Shipped
789,2023-08-16,851,15,Inprogress
790,2022-03-18,416,31,Delivered
791,2021-05-15,587,23,Delivered
792,2020-06-23,485,10,Shipped
793,2022-12-29,192,5,Delivered
794,2021-12-06,136,1,Delivered
795,2020-06-13,540,4,Delivered
796,2022-08-17,304,17,Inprogress
797,2023-10-03,64,9,Delivered
798,2023-03-18,481,45,Delivered
799,2022-10-12,378,31,Delivered
800,2022-09-14,596,29,Cancelled
801,2023-10-13,760,40,Delivered
802,2023-08-13,333,26,Delivered
803,2023-05-03,744,13,Inprogress
804,2022-09-07,659,50,Inprogress
805,2023-04-20,124,39,Cancelled
806,2023-12-27,872,12,Delivered
807,2021-11-17,819,42,Delivered
808,2022-02-12,80,44,Delivered
809,2020-02-20,848,16,Inprogress
810,2022-01-14,572,6,Delivered
811,2022-02-08,270,51,Inprogress
812,2020-05-19,427,18,Cancelled
813,2023-09-27,521,28,Inprogress
814,2020-05-02,600,38,Delivered
815,2023-10-25,644,37,Shipped
816,2020-08-06,234,36,Delivered
817,2021-01-20,775,11,Delivered
818,2020-12-16,457,12,Shipped
819,2020-01-03,296,27,Inprogress
820,2021-05-05,410,22,Inprogress
821,2023-08-27,819,20,Cancelled
822,2020-10-31,858,48,Delivered
823,2023-09-02,620,7,Inprogress
824,2022-04-11,186,47,Delivered
825,2021-03-13,877,20,Delivered
826,2020-09-02,321,51,Inprogress
827,2021-12-13,518,38,Inprogress
828,2021-10-06,573,44,Delivered
829,2020-11-01,806,25,Cancelled
830,2023-08-17,800,20,Inprogress
831,2020-08-30,760,40,Inprogress
832,2021-07-19,630,17,Delivered
833,2023-07-21,291,45,Inprogress
834,2023-07-12,622,37,Delivered
835,2023-11-29,556,43,Delivered
836,2022-09-05,411,53,Inprogress
837,2020-05-26,150,37,Delivered
838,2020-04-19,602,43,Delivered
839,2020-01-10,590,46,Delivered
840,2020-08-05,298,40,Delivered
841,2021-06-09,15,39,Delivered
842,2021-10-18,61,31,Delivered
843,2022-08-18,381,53,Shipped
844,2023-04-26,1,29,Cancelled
845,2023-05-24,57,43,Delivered
846,2020-01-02,767,29,Delivered
847,2022-06-05,319,12,Delivered
848,2021-01-31,17,4,Delivered
849,2021-10-26,702,44,Delivered
850,2020-10-09,414,41,Delivered
851,2022-11-01,719,7,Shipped
852,2023-10-11,350,50,Delivered
853,2022-05-27,337,19,Inprogress
854,2021-01-21,523,16,Delivered
855,2023-12-23,794,35,Delivered
856,2020-05-11,896,23,Delivered
857,2021-05-11,762,49,Delivered
858,2021-03-26,669,48,Delivered
859,2022-02-25,255,36,Shipped
860,2021-04-10,723,41,Shipped
861,2023-03-16,612,20,Delivered
862,2022-10-04,591,53,Returned
863,2023-11-08,217,20,Delivered
864,2023-10-26,233,1,Delivered
865,2023-05-25,269,28,Delivered
866,2021-04-07,822,53,Delivered
867,2023-12-02,385,40,Delivered
868,2023-07-22,167,37,Shipped
869,2021-06-04,223,53,Inprogress
870,2022-10-29,395,51,Inprogress
871,2023-12-22,220,36,Shipped
872,2023-08-24,421,49,Shipped
873,2021-09-23,444,31,Delivered
874,2020-03-27,452,47,Delivered
875,2023-05-08,573,34,Delivered
876,2021-12-07,534,3,Delivered
877,2021-06-06,336,38,Delivered
878,2023-02-26,418,12,Cancelled
879,2021-11-18,774,33,Shipped
880,2023-06-24,646,43,Delivered
881,2023-10-23,843,1,Inprogress
882,2023-02-07,862,6,Delivered
883,2022-02-21,440,26,Delivered
884,2021-11-01,253,33,Shipped
885,2022-08-05,678,27,Delivered
886,2023-10-24,889,17,Shipped
887,2021-02-23,743,1,Delivered
888,2020-07-06,611,45,Delivered
889,2023-02-18,840,27,Inprogress
890,2021-07-29,656,5,Delivered
891,2022-01-24,197,17,Delivered
892,2020-04-23,93,2,Delivered
893,2023-06-06,822,51,Delivered
894,2021-04-17,613,20,Returned
895,2020-05-27,764,4,Shipped
896,2023-05-09,363,40,Returned
897,2021-02-08,389,31,Inprogress
898,2022-11-27,434,5,Delivered
899,2021-11-13,59,31,Shipped
900,2021-07-07,767,34,Delivered
901,2022-10-08,228,36,Delivered
902,2021-01-04,875,19,Delivered
903,2020-02-03,356,5,Cancelled
904,2023-07-13,493,46,Shipped
905,2020-06-17,417,46,Cancelled
906,2022-04-13,178,41,Delivered
907,2021-08-22,540,15,Delivered
908,2021-06-30,795,12,Shipped
909,2020-06-24,26,23,Inprogress
910,2021-07-12,493,34,Inprogress
911,2022-07-13,502,47,Delivered
912,2023-08-14,430,10,Cancelled
913,2022-06-18,729,1,Inprogress
914,2022-07-23,762,24,Delivered
915,2021-09-09,469,43,Delivered
916,2020-11-21,760,30,Shipped
917,2020-05-25,768,34,Delivered
918,2020-12-02,893,29,Delivered
919,2020-08-07,814,6,Delivered
920,2020-09-03,685,47,Shipped
921,2022-08-13,502,18,Shipped
922,2022-11-01,40,14,Delivered
923,2023-08-21,83,14,Shipped
924,2022-02-02,617,25,Shipped
925,2023-07-28,765,39,Delivered
926,2020-04-17,136,38,Delivered
927,2021-01-24,656,7,Cancelled
928,2022-12-23,443,36,Delivered
929,2020-05-29,441,16,Delivered
930,2022-01-08,463,6,Delivered
931,2022-12-24,286,45,Delivered
932,2021-09-04,153,27,Shipped
933,2020-08-03,460,43,Shipped
934,2020-12-01,567,8,Delivered
935,2020-01-14,461,28,Inprogress
936,2021-05-19,867,6,Shipped
937,2023-01-31,93,31,Delivered
938,2022-06-03,319,25,Returned
939,2022-12-22,864,41,Shipped
940,2022-04-26,316,31,Delivered
941,2021-11-28,421,25,Inprogress
942,2020-01-20,670,24,Shipped
943,2020-07-29,754,11,Inprogress
944,2023-12-19,847,47,Inprogress
945,2022-08-27,688,50,Delivered
946,2023-07-06,42,3,Cancelled
947,2021-09-27,281,3,Delivered
948,2021-10-19,151,29,Delivered
949,2023-12-17,669,43,Delivered
950,2020-01-10,693,37,Shipped
951,2021-12-02,766,19,Inprogress
952,2022-04-07,872,53,Delivered
953,2022-12-03,472,3,Delivered
954,2021-04-18,862,38,Shipped
955,2020-04-12,829,8,Delivered
956,2023-12-07,760,44,Shipped
957,2023-04-12,510,40,Delivered
958,2020-03-17,452,48,Delivered
959,2021-11-09,898,35,Shipped
960,2021-12-28,26,20,Cancelled
961,2023-06-24,834,22,Delivered
962,2021-10-17,92,5,Delivered
963,2023-02-16,717,9,Shipped
964,2021-08-11,571,15,Delivered
965,2021-04-22,435,3,Inprogress
966,2023-02-25,249,54,Delivered
967,2022-10-08,761,43,Delivered
968,2023-12-06,238,54,Delivered
969,2021-07-07,97,25,Delivered
970,2021-05-05,95,26,Delivered
971,2020-11-07,640,13,Inprogress
972,2023-02-08,375,10,Shipped
973,2021-12-11,445,49,Cancelled
974,2022-01-14,844,15,Inprogress
975,2021-03-04,324,48,Delivered
976,2023-05-30,297,52,Delivered
977,2023-04-15,269,48,Inprogress
978,2023-07-25,737,41,Delivered
979,2022-08-21,167,23,Delivered
980,2023-06-08,174,1,Delivered
981,2021-12-16,874,32,Delivered
982,2021-09-07,495,5,Delivered
983,2022-02-28,685,45,Inprogress
984,2021-08-19,713,44,Delivered
985,2020-10-12,626,31,Shipped
986,2020-05-18,330,51,Delivered
987,2020-07-06,626,10,Cancelled
988,2023-06-25,206,9,Inprogress
989,2020-09-09,870,33,Returned
990,2021-03-06,739,40,Delivered
991,2020-09-07,697,49,Delivered
992,2023-10-22,535,20,Inprogress
993,2023-11-09,235,26,Delivered
994,2023-08-17,100,18,Delivered
995,2020-06-22,815,23,Delivered
996,2022-03-06,482,28,Shipped
997,2020-08-31,327,28,Delivered
998,2021-05-06,46,30,Delivered
999,2020-01-05,262,8,Inprogress
1000,2022-12-23,829,19,Inprogress
1001,2020-10-15,563,8,Delivered
1002,2023-08-19,331,14,Delivered
1003,2022-08-25,358,16,Delivered
1004,2020-12-02,445,9,Delivered
1005,2020-11-28,860,51,Delivered
1006,2022-02-14,480,46,Delivered
1007,2023-09-20,745,49,Shipped
1008,2020-08-31,602,46,Delivered
1009,2021-10-28,841,18,Inprogress
1010,2020-04-30,359,31,Inprogress
1011,2020-09-29,515,5,Inprogress
1012,2022-08-12,865,43,Delivered
1013,2021-10-21,415,53,Delivered
1014,2023-02-26,790,38,Cancelled
1015,2021-05-05,238,27,Delivered
1016,2022-12-12,398,47,Delivered
1017,2023-08-30,516,3,Cancelled
1018,2022-01-15,489,17,Delivered
1019,2021-09-22,577,14,Shipped
1020,2023-11-30,254,45,Delivered
1021,2020-05-22,825,33,Inprogress
1022,2021-10-07,539,23,Delivered
1023,2022-03-05,707,5,Shipped
1024,2021-09-05,372,53,Delivered
1025,2020-02-15,349,38,Cancelled
1026,2021-02-27,47,34,Delivered
1027,2021-08-12,26,17,Shipped
1028,2020-06-20,513,21,Delivered
1029,2022-07-19,367,34,Inprogress
1030,2021-09-14,713,47,Delivered
1031,2023-08-07,738,21,Returned
1032,2023-07-06,357,39,Delivered
1033,2021-08-06,243,3,Delivered
1034,2020-12-05,585,44,Delivered
1035,2023-12-13,326,33,Inprogress
1036,2020-06-14,622,14,Returned
1037,2021-04-08,606,10,Delivered
1038,2022-03-30,533,7,Shipped
1039,2022-12-13,493,53,Cancelled
1040,2022-04-20,809,24,Delivered
1041,2022-06-29,453,2,Inprogress
1042,2022-03-23,696,9,Delivered
1043,2020-11-16,455,12,Inprogress
1044,2023-06-21,615,38,Delivered
1045,2021-06-25,621,8,Inprogress
1046,2022-08-02,900,8,Shipped
1047,2020-03-08,790,21,Delivered
1048,2022-12-02,435,4,Delivered
1049,2020-11-07,319,24,Shipped
1050,2021-01-07,435,27,Inprogress
1051,2023-06-07,816,52,Delivered
1052,2020-06-26,98,22,Shipped
1053,2023-10-11,602,9,Shipped
1054,2020-05-12,519,29,Delivered
1055,2023-03-28,840,11,Shipped
1056,2021-04-17,553,24,Delivered
1057,2023-05-02,770,51,Delivered
1058,2022-08-28,840,1,Delivered
1059,2020-12-14,374,49,Delivered
1060,2022-12-12,2,30,Inprogress
1061,2023-09-02,694,47,Inprogress
1062,2020-04-26,8,24,Delivered
1063,2022-09-15,834,16,Delivered
1064,2022-01-20,128,14,Cancelled
1065,2023-01-22,169,10,Delivered
1066,2021-08-04,900,19,Shipped
1067,2022-12-25,702,48,Delivered
1068,2023-02-09,865,40,Shipped
1069,2023-09-08,477,48,Delivered
1070,2023-02-04,697,9,Delivered
1071,2021-09-16,879,27,Delivered
1072,2021-11-11,552,47,Shipped
1073,2021-12-03,40,2,Cancelled
1074,2020-11-16,475,8,Delivered
1075,2020-09-16,714,17,Shipped
1076,2021-02-25,108,12,Delivered
1077,2020-05-19,446,35,Delivered
1078,2023-11-26,62,17,Cancelled
1079,2022-03-21,227,2,Delivered
1080,2021-12-20,95,10,Shipped
1081,2022-03-28,772,1,Delivered
1082,2020-04-09,809,52,Delivered
1083,2023-02-09,70,26,Delivered
1084,2020-11-21,764,35,Returned
1085,2020-09-12,293,27,Shipped
1086,2020-07-10,269,3,Shipped
1087,2023-01-15,890,4,Delivered
1088,2023-06-10,869,22,Shipped
1089,2021-10-09,616,14,Delivered
1090,2022-01-15,308,13,Delivered
1091,2021-03-01,447,4,Inprogress
1092,2023-02-25,15,47,Delivered
1093,2022-02-02,46,44,Shipped
1094,2021-06-14,813,48,Delivered
1095,2020-10-15,245,53,Shipped
1096,2020-07-03,773,24,Shipped
1097,2021-08-10,242,53,Delivered
1098,2021-07-30,118,53,Delivered
1099,2022-05-27,536,21,Delivered
1100,2023-01-31,756,54,Shipped
1101,2021-10-08,635,26,Delivered
1102,2021-11-08,867,29,Delivered
1103,2020-09-22,544,22,Delivered
1104,2021-09-12,313,46,Inprogress
1105,2022-09-09,68,19,Inprogress
1106,2023-05-22,270,47,Delivered
1107,2023-05-31,833,17,Inprogress
1108,2023-04-05,251,49,Shipped
1109,2021-11-27,703,4,Inprogress
1110,2022-06-12,897,44,Delivered
1111,2021-03-30,471,51,Delivered
1112,2020-01-04,384,42,Delivered
1113,2022-12-16,557,20,Delivered
1114,2020-08-25,254,19,Delivered
1115,2022-09-14,267,11,Delivered
1116,2020-01-28,735,40,Inprogress
1117,2023-09-30,323,30,Shipped
1118,2021-10-14,898,43,Shipped
1119,2020-05-09,6,53,Inprogress
1120,2020-01-11,71,45,Delivered
1121,2020-05-23,550,34,Delivered
1122,2022-08-25,321,30,Inprogress
1123,2021-01-23,484,7,Shipped
1124,2020-12-29,526,3,Shipped
1125,2020-03-16,144,43,Delivered
1126,2021-05-11,190,54,Delivered
1127,2023-09-26,454,26,Cancelled
1128,2020-06-12,458,36,Delivered
1129,2023-06-02,835,18,Delivered
1130,2021-09-09,754,26,Delivered
1131,2022-08-29,117,39,Delivered
1132,2023-12-11,253,21,Shipped
1133,2022-10-13,298,45,Cancelled
1134,2022-07-29,156,49,Delivered
1135,2020-03-07,627,17,Shipped
1136,2021-02-26,872,27,Delivered
1137,2023-09-23,72,4,Shipped
1138,2023-10-14,589,12,Delivered
1139,2021-11-07,472,38,Delivered
1140,2023-06-01,263,22,Inprogress
1141,2021-09-17,417,24,Shipped
1142,2021-05-28,278,41,Cancelled
1143,2020-01-24,646,19,Shipped
1144,2020-05-22,559,49,Shipped
1145,2022-08-29,810,42,Inprogress
1146,2023-09-23,536,2,Delivered
1147,2020-12-25,97,2,Shipped
1148,2021-12-21,621,8,Delivered
1149,2021-01-22,83,37,Delivered
1150,2021-12-28,528,21,Delivered
1151,2021-01-13,442,38,Delivered
1152,2020-10-15,353,36,Delivered
1153,2021-01-15,4,34,Inprogress
1154,2020-07-12,543,21,Delivered
1155,2023-02-24,764,39,Inprogress
1156,2023-05-29,475,4,Delivered
1157,2023-02-08,320,31,Delivered
1158,2022-03-07,332,28,Inprogress
1159,2023-05-11,540,18,Shipped
1160,2023-01-01,316,54,Cancelled
1161,2023-09-26,342,13,Inprogress
1162,2020-06-30,29,14,Delivered
1163,2021-08-04,348,11,Shipped
1164,2023-04-02,623,39,Delivered
1165,2023-06-01,599,42,Cancelled
1166,2023-01-24,488,48,Delivered
1167,2020-04-25,518,3,Delivered
1168,2021-04-22,381,37,Shipped
1169,2022-03-03,309,48,Shipped
1170,2022-05-19,626,31,Delivered
1171,2022-11-03,300,6,Delivered
1172,2020-12-15,376,33,Delivered
1173,2022-12-26,153,32,Inprogress
1174,2023-03-20,494,42,Delivered
1175,2023-06-23,716,42,Shipped
1176,2021-08-27,87,54,Delivered
1177,2022-09-26,647,15,Inprogress
1178,2020-06-18,110,51,Cancelled
1179,2022-03-05,202,27,Shipped
1180,2020-03-21,509,31,Delivered
1181,2023-08-22,163,17,Inprogress
1182,2021-11-29,284,51,Delivered
1183,2021-11-14,275,11,Delivered
1184,2021-08-06,693,25,Shipped
1185,2020-07-30,137,44,Shipped
1186,2022-03-11,408,11,Shipped
1187,2022-11-21,19,37,Shipped
1188,2022-12-10,441,41,Delivered
1189,2023-02-07,286,4,Shipped
1190,2023-05-14,13,16,Shipped
1191,2022-08-18,667,21,Shipped
1192,2022-07-29,252,33,Shipped
1193,2022-02-09,463,24,Shipped
1194,2022-05-28,181,4,Cancelled
1195,2023-08-23,55,32,Inprogress
1196,2020-11-24,419,37,Inprogress
1197,2020-10-13,338,20,Shipped
1198,2023-02-04,744,17,Shipped
1199,2023-06-04,732,6,Delivered
1200,2020-04-26,578,19,Delivered
1201,2022-09-26,54,5,Shipped
1202,2023-02-03,788,6,Delivered
1203,2021-05-05,329,38,Returned
1204,2022-09-08,560,46,Delivered
1205,2021-11-29,626,52,Delivered
1206,2023-06-14,469,5,Shipped
1207,2021-04-12,259,48,Shipped
1208,2021-09-27,763,31,Inprogress
1209,2020-08-17,230,46,Delivered
1210,2020-04-22,323,8,Inprogress
1211,2023-01-09,878,34,Inprogress
1212,2021-03-08,30,30,Shipped
1213,2020-04-02,144,46,Delivered
1214,2020-04-09,743,25,Delivered
1215,2022-07-04,189,52,Shipped
1216,2020-01-02,874,38,Delivered
1217,2021-09-28,141,33,Delivered
1218,2020-12-25,741,50,Delivered
1219,2022-12-12,21,44,Returned
1220,2022-03-04,625,17,Delivered
1221,2022-07-09,766,4,Inprogress
1222,2023-02-16,806,38,Inprogress
1223,2020-01-21,227,50,Inprogress
1224,2023-08-21,712,19,Inprogress
1225,2021-03-22,381,5,Inprogress
1226,2023-06-21,39,26,Shipped
1227,2020-06-08,558,32,Inprogress
1228,2022-12-31,581,10,Delivered
1229,2022-11-20,689,16,Delivered
1230,2022-03-13,863,17,Delivered
1231,2022-01-11,831,20,Inprogress
1232,2023-09-07,74,35,Delivered
1233,2020-06-04,251,53,Delivered
1234,2023-05-27,86,12,Delivered
1235,2022-12-23,121,47,Shipped
1236,2022-08-08,458,53,Delivered
1237,2023-12-25,793,32,Delivered
1238,2020-06-08,631,41,Shipped
1239,2020-09-17,473,54,Shipped
1240,2020-12-14,25,5,Delivered
1241,2023-02-24,308,23,Delivered
1242,2020-01-26,835,52,Delivered
1243,2021-03-17,812,41,Delivered
1244,2021-01-10,266,32,Delivered
1245,2020-01-07,232,31,Delivered
1246,2023-04-08,26,39,Shipped
1247,2021-10-21,801,6,Delivered
1248,2021-10-14,547,30,Inprogress
1249,2020-08-09,216,36,Inprogress
1250,2023-01-04,627,1,Delivered
1251,2021-02-03,590,24,Delivered
1252,2021-04-22,813,42,Shipped
1253,2021-09-11,12,10,Delivered
1254,2022-06-18,895,32,Cancelled
1255,2022-08-23,715,50,Shipped
1256,2021-10-27,691,14,Delivered
1257,2020-10-02,751,17,Cancelled
1258,2021-06-29,879,13,Delivered
1259,2023-06-19,755,11,Delivered
1260,2022-01-30,690,10,Inprogress
1261,2023-05-31,624,12,Delivered
1262,2023-01-18,440,48,Delivered
1263,2023-11-22,574,14,Delivered
1264,2021-04-12,858,37,Inprogress
1265,2023-02-19,379,23,Delivered
1266,2021-10-14,515,24,Delivered
1267,2022-01-04,418,41,Inprogress
1268,2020-01-15,666,18,Cancelled
1269,2023-03-24,353,15,Delivered
1270,2020-08-10,365,43,Delivered
1271,2021-06-11,594,9,Delivered
1272,2023-10-31,371,42,Delivered
1273,2023-02-16,140,1,Shipped
1274,2020-09-19,747,7,Delivered
1275,2023-01-30,77,27,Inprogress
1276,2020-03-18,835,32,Shipped
1277,2023-05-09,121,36,Delivered
1278,2021-05-06,157,41,Delivered
1279,2020-08-11,71,4,Delivered
1280,2022-06-27,525,7,Inprogress
1281,2023-03-15,175,33,Delivered
1282,2021-07-09,10,3,Delivered
1283,2021-07-20,271,50,Shipped
1284,2023-08-23,237,31,Returned
1285,2022-07-22,392,24,Shipped
1286,2022-11-05,639,27,Delivered
1287,2022-09-05,671,10,Delivered
1288,2021-12-06,660,6,Delivered
1289,2023-11-29,215,48,Delivered
1290,2022-01-24,359,48,Delivered
1291,2021-10-03,40,15,Shipped
1292,2023-01-21,842,34,Delivered
1293,2022-06-24,492,32,Delivered
1294,2020-05-31,797,11,Shipped
1295,2023-09-05,165,14,Shipped
1296,2021-09-24,149,9,Delivered
1297,2022-09-22,245,48,Delivered
1298,2023-07-09,368,6,Delivered
1299,2021-02-07,671,35,Delivered
1300,2020-03-27,855,43,Delivered
1301,2022-01-22,253,15,Delivered
1302,2023-02-07,160,49,Delivered
1303,2023-12-13,254,36,Inprogress
1304,2023-04-06,507,44,Inprogress
1305,2021-03-23,143,50,Shipped
1306,2021-05-07,737,36,Delivered
1307,2021-04-04,384,24,Delivered
1308,2022-07-07,369,2,Delivered
1309,2020-03-28,150,11,Cancelled
1310,2021-01-09,747,25,Delivered
1311,2020-05-08,146,37,Delivered
1312,2020-07-30,252,22,Delivered
1313,2022-05-16,352,13,Shipped
1314,2021-03-27,640,20,Delivered
1315,2023-06-15,157,4,Delivered
1316,2022-02-09,848,1,Delivered
1317,2020-11-19,302,43,Inprogress
1318,2023-05-09,356,14,Delivered
1319,2023-02-09,263,40,Shipped
1320,2020-12-15,894,10,Shipped
1321,2023-09-03,470,35,Inprogress
1322,2023-06-14,116,31,Cancelled
1323,2023-03-17,359,52,Delivered
1324,2021-08-08,529,16,Delivered
1325,2021-01-04,395,54,Inprogress
1326,2022-12-28,834,8,Shipped
1327,2023-10-14,9,15,Delivered
1328,2022-12-24,466,20,Delivered
1329,2020-10-08,487,5,Delivered
1330,2023-07-01,773,31,Cancelled
1331,2022-08-24,114,9,Shipped
1332,2023-02-07,312,3,Delivered
1333,2020-07-06,458,53,Delivered
1334,2020-09-10,735,10,Delivered
1335,2022-05-30,345,36,Delivered
1336,2021-01-05,782,48,Shipped
1337,2022-12-05,898,15,Delivered
1338,2022-08-03,560,42,Delivered
1339,2022-09-01,97,32,Delivered
1340,2021-02-01,429,22,Shipped
1341,2022-10-29,469,7,Cancelled
1342,2021-01-04,24,40,Delivered
1343,2023-12-25,679,7,Inprogress
1344,2022-10-08,216,31,Delivered
1345,2021-04-14,199,10,Delivered
1346,2022-05-27,213,52,Delivered
1347,2021-08-26,624,29,Delivered
1348,2022-03-23,340,32,Delivered
1349,2022-11-23,820,18,Cancelled
1350,2022-06-23,204,33,Cancelled
1351,2023-03-18,293,34,Delivered
1352,2022-08-12,640,27,Delivered
1353,2022-10-06,616,29,Delivered
1354,2020-11-13,234,36,Delivered
1355,2022-04-30,741,18,Cancelled
1356,2021-07-24,389,51,Delivered
1357,2020-04-21,237,12,Delivered
1358,2023-02-22,318,19,Inprogress
1359,2022-08-13,249,15,Delivered
1360,2023-12-07,315,5,Delivered
1361,2021-10-26,758,48,Delivered
1362,2021-10-08,458,50,Delivered
1363,2020-09-23,46,42,Delivered
1364,2023-11-27,457,28,Delivered
1365,2020-12-12,784,23,Inprogress
1366,2020-12-29,515,13,Cancelled
1367,2020-05-04,151,12,Delivered
1368,2023-08-29,306,24,Cancelled
1369,2023-09-30,744,18,Delivered
1370,2021-08-28,700,39,Delivered
1371,2021-01-19,98,43,Inprogress
1372,2021-08-22,377,42,Delivered
1373,2020-04-11,797,49,Delivered
1374,2021-10-24,559,30,Delivered
1375,2022-02-11,219,29,Delivered
1376,2023-08-01,115,37,Delivered
1377,2020-02-13,539,9,Inprogress
1378,2023-07-30,689,10,Delivered
1379,2021-06-24,215,36,Shipped
1380,2023-02-27,28,15,Inprogress
1381,2021-07-18,30,35,Delivered
1382,2021-12-10,108,1,Delivered
1383,2023-08-15,360,31,Delivered
1384,2022-02-08,646,35,Delivered
1385,2021-04-01,285,46,Delivered
1386,2022-09-15,569,29,Delivered
1387,2022-11-15,221,27,Cancelled
1388,2022-09-20,511,27,Delivered
1389,2023-01-13,244,30,Cancelled
1390,2020-08-17,417,35,Delivered
1391,2020-01-17,158,22,Delivered
1392,2021-07-15,468,3,Delivered
1393,2021-07-02,897,4,Delivered
1394,2020-10-03,380,26,Delivered
1395,2021-06-16,179,48,Shipped
1396,2021-02-24,500,38,Shipped
1397,2021-02-24,460,38,Shipped
1398,2022-12-08,157,16,Delivered
1399,2020-07-15,877,24,Delivered
1400,2022-03-01,516,2,Returned
1401,2023-11-08,296,27,Delivered
1402,2022-04-14,836,45,Delivered
1403,2023-11-24,592,5,Delivered
1404,2022-08-04,853,7,Delivered
1405,2023-02-24,605,52,Delivered
1406,2020-05-30,187,28,Delivered
1407,2023-09-26,574,51,Cancelled
1408,2023-08-01,636,54,Shipped
1409,2023-11-02,222,42,Inprogress
1410,2022-04-09,61,29,Inprogress
1411,2022-09-06,357,25,Delivered
1412,2021-06-28,17,16,Delivered
1413,2020-06-05,324,29,Shipped
1414,2021-01-31,554,29,Delivered
1415,2021-06-19,588,27,Delivered
1416,2021-01-28,594,34,Shipped
1417,2022-07-15,80,1,Inprogress
1418,2022-08-12,410,44,Cancelled
1419,2021-05-15,532,15,Delivered
1420,2020-08-08,181,7,Inprogress
1421,2020-10-01,324,5,Cancelled
1422,2022-08-19,893,36,Inprogress
1423,2021-06-04,851,51,Delivered
1424,2022-06-17,363,21,Inprogress
1425,2020-09-18,770,20,Delivered
1426,2020-07-10,430,19,Delivered
1427,2022-11-09,603,16,Cancelled
1428,2022-04-08,476,36,Shipped
1429,2022-11-13,320,45,Delivered
1430,2022-05-26,855,19,Inprogress
1431,2022-05-27,275,54,Delivered
1432,2020-11-05,90,2,Inprogress
1433,2022-04-25,833,18,Delivered
1434,2023-10-25,533,50,Delivered
1435,2022-07-22,553,32,Inprogress
1436,2022-09-05,809,24,Delivered
1437,2020-02-19,211,40,Returned
1438,2023-03-31,561,1,Delivered
1439,2022-10-03,313,19,Delivered
1440,2023-09-16,815,2,Returned
1441,2020-04-19,506,34,Delivered
1442,2021-05-25,273,53,Delivered
1443,2022-09-23,395,38,Delivered
1444,2021-01-29,307,48,Delivered
1445,2023-10-17,552,8,Delivered
1446,2021-04-24,669,14,Delivered
1447,2022-07-22,492,5,Delivered
1448,2023-10-17,271,5,Delivered
1449,2021-12-25,365,8,Inprogress
1450,2023-04-27,551,52,Delivered
1451,2020-05-03,26,1,Inprogress
1452,2023-08-18,865,14,Inprogress
1453,2020-04-21,351,51,Inprogress
1454,2022-01-27,494,5,Delivered
1455,2022-02-16,285,41,Delivered
1456,2022-09-24,614,53,Delivered
1457,2020-01-24,273,27,Delivered
1458,2022-10-13,591,8,Shipped
1459,2020-12-30,233,24,Delivered
1460,2023-08-18,451,53,Delivered
1461,2021-06-16,363,11,Delivered
1462,2022-05-22,499,54,Delivered
1463,2021-12-23,536,41,Delivered
1464,2023-07-02,616,36,Inprogress
1465,2023-10-02,10,17,Cancelled
1466,2023-04-06,150,45,Cancelled
1467,2021-04-12,43,16,Delivered
1468,2020-12-29,868,1,Shipped
1469,2020-12-25,600,33,Shipped
1470,2021-05-03,656,14,Delivered
1471,2021-12-06,424,33,Inprogress
1472,2021-12-19,536,24,Delivered
1473,2021-06-28,182,37,Delivered
1474,2021-12-19,483,4,Inprogress
1475,2021-05-05,706,46,Delivered
1476,2022-06-11,346,4,Delivered
1477,2021-12-07,168,49,Returned
1478,2021-08-29,359,37,Shipped
1479,2023-01-21,388,53,Delivered
1480,2021-08-31,737,29,Delivered
1481,2021-04-10,115,6,Cancelled
1482,2020-05-26,718,4,Delivered
1483,2022-03-12,777,15,Delivered
1484,2020-09-29,227,36,Delivered
1485,2022-05-21,146,47,Shipped
1486,2021-03-11,444,14,Delivered
1487,2022-03-21,856,38,Delivered
1488,2020-04-12,109,54,Delivered
1489,2020-12-20,724,4,Delivered
1490,2020-05-22,808,5,Cancelled
1491,2022-12-20,443,51,Inprogress
1492,2023-06-18,592,33,Delivered
1493,2021-08-04,224,5,Delivered
1494,2021-09-20,632,46,Delivered
1495,2023-09-28,863,53,Delivered
1496,2022-05-06,16,52,Cancelled
1497,2021-05-14,541,54,Shipped
1498,2020-12-29,417,14,Returned
1499,2020-03-28,139,3,Inprogress
1500,2023-04-03,452,1,Delivered
1501,2021-01-28,48,24,Returned
1502,2022-01-17,782,42,Delivered
1503,2021-12-27,105,40,Delivered
1504,2021-01-27,564,34,Cancelled
1505,2022-06-07,475,22,Inprogress
1506,2020-02-24,688,46,Delivered
1507,2023-12-19,87,26,Cancelled
1508,2021-02-26,747,16,Delivered
1509,2023-07-24,842,24,Delivered
1510,2023-05-29,403,31,Delivered
1511,2020-08-30,634,52,Shipped
1512,2022-08-21,458,48,Delivered
1513,2023-08-06,76,51,Delivered
1514,2022-03-13,729,14,Inprogress
1515,2021-01-07,497,17,Shipped
1516,2020-12-19,544,8,Delivered
1517,2021-07-05,390,1,Cancelled
1518,2023-03-29,359,30,Delivered
1519,2020-09-13,828,25,Cancelled
1520,2022-04-07,166,4,Delivered
1521,2020-04-14,437,10,Inprogress
1522,2021-11-18,866,52,Shipped
1523,2022-01-18,436,1,Delivered
1524,2020-10-10,434,29,Delivered
1525,2020-10-19,808,43,Delivered
1526,2020-07-14,107,12,Shipped
1527,2020-04-09,699,13,Delivered
1528,2023-04-27,723,5,Cancelled
1529,2022-05-18,216,29,Delivered
1530,2022-05-18,230,46,Inprogress
1531,2022-09-22,787,31,Delivered
1532,2022-03-23,710,51,Delivered
1533,2020-04-02,232,37,Delivered
1534,2022-08-24,173,10,Delivered
1535,2020-07-01,824,3,Inprogress
1536,2020-03-18,896,41,Shipped
1537,2020-04-10,93,9,Shipped
1538,2021-07-12,595,36,Cancelled
1539,2023-05-18,371,46,Delivered
1540,2022-01-02,433,4,Inprogress
1541,2022-12-07,505,40,Shipped
1542,2021-10-18,672,47,Delivered
1543,2021-05-16,521,39,Inprogress
1544,2020-12-10,700,39,Shipped
1545,2022-08-30,722,17,Returned
1546,2020-11-23,794,7,Shipped
1547,2021-05-14,53,4,Shipped
1548,2023-07-09,805,10,Delivered
1549,2022-02-23,515,6,Delivered
1550,2023-05-30,861,30,Delivered
1551,2023-04-10,252,45,Delivered
1552,2022-12-02,369,54,Returned
1553,2021-12-09,523,1,Delivered
1554,2020-09-12,884,37,Delivered
1555,2020-05-09,504,34,Delivered
1556,2020-06-20,64,47,Delivered
1557,2021-12-17,635,16,Delivered
1558,2020-08-26,353,32,Delivered
1559,2020-07-23,167,28,Delivered
1560,2022-05-30,456,8,Delivered
1561,2022-05-10,491,53,Delivered
1562,2022-05-06,445,30,Cancelled
1563,2022-09-23,145,21,Shipped
1564,2023-10-29,555,50,Delivered
1565,2020-01-05,572,22,Inprogress
1566,2022-06-06,834,48,Cancelled
1567,2021-01-03,876,11,Delivered
1568,2023-07-02,833,31,Delivered
1569,2022-01-29,273,39,Delivered
1570,2020-06-02,448,8,Shipped
1571,2021-02-12,25,35,Cancelled
1572,2020-05-02,357,51,Delivered
1573,2023-01-04,660,20,Inprogress
1574,2020-08-21,786,38,Shipped
1575,2020-02-20,450,27,Inprogress
1576,2020-07-06,359,38,Cancelled
1577,2021-05-07,418,1,Shipped
1578,2022-08-15,681,10,Inprogress
1579,2020-04-04,800,11,Shipped
1580,2020-10-09,880,5,Delivered
1581,2020-12-21,202,23,Cancelled
1582,2023-11-25,398,24,Shipped
1583,2023-09-11,93,38,Inprogress
1584,2021-11-16,475,13,Delivered
1585,2020-10-23,701,43,Shipped
1586,2020-11-02,7,37,Cancelled
1587,2023-04-03,646,1,Cancelled
1588,2021-03-18,848,51,Shipped
1589,2023-06-04,467,12,Inprogress
1590,2023-09-20,889,27,Delivered
1591,2020-09-02,344,4,Delivered
1592,2023-02-16,507,43,Delivered
1593,2020-05-07,422,38,Delivered
1594,2023-12-03,276,11,Delivered
1595,2023-06-26,521,3,Delivered
1596,2020-11-22,772,38,Delivered
1597,2023-07-04,172,43,Delivered
1598,2023-02-01,294,31,Shipped
1599,2022-10-02,263,39,Delivered
1600,2022-01-23,135,15,Delivered
1601,2021-08-14,882,44,Cancelled
1602,2020-05-28,111,6,Delivered
1603,2022-05-15,100,44,Shipped
1604,2022-03-21,366,2,Inprogress
1605,2021-06-30,174,39,Delivered
1606,2020-03-21,399,10,Shipped
1607,2022-04-25,895,35,Delivered
1608,2022-08-10,147,34,Delivered
1609,2022-04-11,237,27,Returned
1610,2022-04-04,866,44,Shipped
1611,2020-02-14,7,3,Delivered
1612,2023-06-17,533,7,Inprogress
1613,2021-09-10,678,23,Cancelled
1614,2021-11-10,582,26,Cancelled
1615,2021-04-09,83,43,Delivered
1616,2023-03-28,380,48,Cancelled
1617,2020-01-19,895,46,Delivered
1618,2022-05-26,821,35,Inprogress
1619,2022-04-25,42,30,Delivered
1620,2021-11-07,629,38,Delivered
1621,2022-12-17,397,19,Delivered
1622,2021-01-19,62,28,Delivered
1623,2021-06-23,138,42,Inprogress
1624,2021-10-12,342,40,Shipped
1625,2023-07-18,652,30,Shipped
1626,2023-06-07,718,15,Delivered
1627,2023-02-07,254,19,Delivered
1628,2021-12-27,672,11,Shipped
1629,2021-03-19,343,34,Shipped
1630,2022-03-16,57,48,Cancelled
1631,2021-06-18,511,38,Delivered
1632,2022-12-19,500,53,Delivered
1633,2022-05-04,565,14,Delivered
1634,2021-10-28,806,45,Cancelled
1635,2020-11-01,63,7,Delivered
1636,2022-09-13,896,29,Delivered
1637,2022-04-11,651,7,Shipped
1638,2021-11-23,882,37,Delivered
1639,2021-08-30,243,3,Delivered
1640,2020-08-12,421,33,Shipped
1641,2021-01-17,497,28,Delivered
1642,2020-08-21,794,43,Shipped
1643,2023-01-12,122,17,Delivered
1644,2020-09-07,541,34,Shipped
1645,2021-11-11,24,51,Returned
1646,2022-12-02,791,19,Delivered
1647,2023-10-21,120,48,Cancelled
1648,2020-01-21,872,2,Delivered
1649,2022-08-29,241,11,Delivered
1650,2021-05-21,751,8,Inprogress
1651,2020-12-25,88,47,Delivered
1652,2022-03-02,287,27,Shipped
1653,2023-03-09,641,32,Cancelled
1654,2020-05-29,209,9,Inprogress
1655,2023-02-28,393,49,Delivered
1656,2020-02-24,322,46,Delivered
1657,2023-07-22,823,47,Delivered
1658,2022-02-10,330,41,Shipped
1659,2023-04-11,662,15,Cancelled
1660,2022-12-11,62,46,Inprogress
1661,2023-05-31,610,38,Inprogress
1662,2020-09-19,305,45,Cancelled
1663,2020-04-12,651,29,Cancelled
1664,2022-04-15,821,11,Shipped
1665,2023-06-30,564,52,Inprogress
1666,2023-07-10,42,52,Delivered
1667,2022-05-22,36,7,Delivered
1668,2023-05-11,9,48,Delivered
1669,2023-03-17,492,30,Delivered
1670,2023-07-04,850,52,Delivered
1671,2021-02-20,216,8,Delivered
1672,2022-01-26,487,7,Inprogress
1673,2022-08-17,626,47,Delivered
1674,2022-02-13,457,38,Delivered
1675,2020-07-24,595,53,Delivered
1676,2020-10-16,198,11,Inprogress
1677,2021-03-29,682,27,Delivered
1678,2023-02-26,323,25,Delivered
1679,2020-09-18,452,42,Shipped
1680,2022-07-23,199,11,Delivered
1681,2023-12-01,99,17,Delivered
1682,2021-05-08,382,35,Delivered
1683,2022-01-26,456,23,Delivered
1684,2021-02-15,672,41,Returned
1685,2023-08-02,877,25,Inprogress
1686,2021-11-12,360,22,Inprogress
1687,2023-08-27,108,40,Delivered
1688,2022-06-24,387,36,Delivered
1689,2022-10-12,705,23,Shipped
1690,2021-03-15,772,39,Delivered
1691,2020-03-24,450,23,Delivered
1692,2020-02-19,779,4,Cancelled
1693,2022-02-09,22,47,Delivered
1694,2022-08-29,6,27,Delivered
1695,2022-01-06,649,39,Shipped
1696,2023-03-16,384,10,Delivered
1697,2020-01-22,524,14,Delivered
1698,2022-09-28,678,5,Cancelled
1699,2021-02-16,58,45,Delivered
1700,2020-08-20,190,3,Delivered
1701,2020-10-12,851,14,Cancelled
1702,2022-08-10,225,9,Inprogress
1703,2022-05-27,85,24,Inprogress
1704,2021-05-08,376,1,Inprogress
1705,2020-08-05,454,8,Delivered
1706,2021-10-25,319,32,Delivered
1707,2023-04-08,194,15,Delivered
1708,2023-01-13,170,38,Delivered
1709,2021-04-20,846,23,Shipped
1710,2022-01-11,658,11,Shipped
1711,2020-10-11,890,18,Shipped
1712,2020-05-01,158,31,Delivered
1713,2020-08-16,364,40,Shipped
1714,2022-11-08,374,26,Cancelled
1715,2021-09-08,551,39,Cancelled
1716,2022-10-28,67,13,Inprogress
1717,2022-10-30,526,44,Delivered
1718,2022-04-21,109,18,Delivered
1719,2023-12-13,211,39,Delivered
1720,2021-11-27,502,25,Delivered
1721,2021-04-22,414,34,Delivered
1722,2020-05-23,143,54,Delivered
1723,2023-03-15,293,53,Delivered
1724,2023-01-13,93,46,Delivered
1725,2022-01-16,398,21,Delivered
1726,2023-02-17,820,52,Delivered
1727,2022-12-12,615,36,Delivered
1728,2020-09-11,702,23,Inprogress
1729,2023-12-01,673,43,Inprogress
1730,2022-12-25,393,20,Delivered
1731,2021-04-02,776,26,Shipped
1732,2023-07-21,889,51,Shipped
1733,2023-11-23,393,36,Delivered
1734,2022-06-27,782,18,Delivered
1735,2020-05-04,729,35,Shipped
1736,2021-09-05,76,45,Inprogress
1737,2021-12-09,688,51,Shipped
1738,2023-05-29,99,50,Delivered
1739,2021-06-14,817,51,Delivered
1740,2020-04-26,352,53,Delivered
1741,2020-01-01,883,53,Delivered
1742,2020-03-30,522,36,Delivered
1743,2021-03-17,15,4,Cancelled
1744,2020-06-19,401,3,Delivered
1745,2021-06-29,158,2,Delivered
1746,2023-12-21,499,5,Shipped
1747,2021-08-28,66,28,Delivered
1748,2021-02-12,883,46,Shipped
1749,2022-05-09,200,51,Inprogress
1750,2023-09-03,281,10,Inprogress
1751,2022-03-19,312,39,Shipped
1752,2021-08-14,890,32,Delivered
1753,2020-03-18,661,1,Delivered
1754,2023-07-28,643,9,Delivered
1755,2023-06-29,184,15,Delivered
1756,2023-12-18,629,45,Delivered
1757,2022-11-07,84,24,Delivered
1758,2021-05-19,324,15,Delivered
1759,2022-09-27,324,22,Delivered
1760,2020-10-08,51,27,Delivered
1761,2023-06-16,724,45,Inprogress
1762,2021-10-22,645,32,Delivered
1763,2020-12-18,743,44,Delivered
1764,2023-01-30,691,29,Delivered
1765,2022-09-30,268,24,Delivered
1766,2021-10-22,23,8,Shipped
1767,2023-09-23,897,48,Inprogress
1768,2022-03-06,216,54,Delivered
1769,2020-09-19,347,30,Inprogress
1770,2022-08-08,396,16,Delivered
1771,2023-08-02,884,29,Delivered
1772,2020-04-07,765,27,Inprogress
1773,2021-08-08,837,9,Delivered
1774,2020-05-31,163,4,Delivered
1775,2023-03-07,28,9,Inprogress
1776,2023-09-25,194,49,Shipped
1777,2020-06-19,437,32,Delivered
1778,2021-07-13,25,24,Delivered
1779,2021-04-23,687,5,Delivered
1780,2020-12-16,240,20,Delivered
1781,2020-12-28,766,38,Delivered
1782,2023-03-17,532,8,Delivered
1783,2022-07-23,872,27,Delivered
1784,2021-04-10,504,17,Returned
1785,2023-11-23,374,1,Delivered
1786,2021-01-04,4,35,Delivered
1787,2023-04-17,94,39,Inprogress
1788,2022-12-03,822,28,Delivered
1789,2022-10-24,283,1,Delivered
1790,2022-10-11,235,54,Delivered
1791,2021-05-20,122,50,Inprogress
1792,2020-03-14,386,27,Inprogress
1793,2023-09-17,481,12,Shipped
1794,2020-04-09,798,31,Returned
1795,2020-06-29,407,25,Delivered
1796,2020-03-23,15,18,Delivered
1797,2021-05-14,765,14,Cancelled
1798,2022-04-13,553,36,Delivered
1799,2021-02-26,435,31,Shipped
1800,2023-02-25,318,13,Delivered
1801,2023-06-21,765,38,Delivered
1802,2020-11-06,469,6,Delivered
1803,2020-01-30,517,23,Cancelled
1804,2022-06-28,661,50,Delivered
1805,2023-09-29,656,25,Shipped
1806,2023-10-24,810,10,Inprogress
1807,2023-03-23,147,4,Cancelled
1808,2022-12-26,258,32,Shipped
1809,2023-11-24,367,42,Delivered
1810,2021-07-11,288,25,Delivered
1811,2020-10-26,36,25,Cancelled
1812,2022-10-21,593,10,Shipped
1813,2020-10-26,87,17,Inprogress
1814,2023-02-23,294,8,Delivered
1815,2023-10-02,107,16,Delivered
1816,2023-02-08,705,44,Shipped
1817,2020-06-04,108,19,Delivered
1818,2021-05-03,743,28,Delivered
1819,2021-04-16,527,53,Inprogress
1820,2022-06-27,43,4,Delivered
1821,2021-07-08,562,19,Delivered
1822,2022-10-18,244,2,Delivered
1823,2021-04-24,839,19,Delivered
1824,2020-07-16,92,50,Inprogress
1825,2021-03-17,716,12,Delivered
1826,2021-04-04,106,18,Shipped
1827,2022-03-20,768,52,Returned
1828,2021-01-23,691,44,Delivered
1829,2021-10-10,763,8,Shipped
1830,2020-06-28,294,47,Delivered
1831,2020-01-18,811,4,Shipped
1832,2023-02-23,546,23,Shipped
1833,2021-09-05,846,21,Delivered
1834,2021-08-13,617,26,Inprogress
1835,2023-12-17,604,43,Shipped
1836,2022-03-04,147,39,Delivered
1837,2021-02-24,476,51,Inprogress
1838,2022-09-06,481,3,Cancelled
1839,2022-07-03,830,29,Delivered
1840,2020-05-26,459,46,Delivered
1841,2022-07-11,165,29,Inprogress
1842,2022-04-22,230,26,Inprogress
1843,2020-05-14,604,40,Shipped
1844,2020-07-25,539,21,Cancelled
1845,2021-06-23,505,34,Cancelled
1846,2023-05-18,197,36,Inprogress
1847,2023-01-01,554,41,Delivered
1848,2023-03-21,245,11,Cancelled
1849,2021-08-09,329,36,Delivered
1850,2023-04-12,675,10,Delivered
1851,2020-11-19,871,6,Cancelled
1852,2023-03-03,364,14,Delivered
1853,2021-02-07,112,38,Delivered
1854,2022-05-16,613,24,Inprogress
1855,2022-01-07,89,51,Delivered
1856,2023-06-21,90,16,Delivered
1857,2021-09-24,273,13,Delivered
1858,2022-10-30,12,37,Returned
1859,2020-07-17,159,32,Delivered
1860,2021-09-13,286,40,Cancelled
1861,2021-01-26,879,50,Shipped
1862,2022-04-22,896,21,Inprogress
1863,2020-12-10,626,7,Shipped
1864,2021-09-03,557,23,Delivered
1865,2020-01-29,112,41,Inprogress
1866,2021-08-09,573,31,Delivered
1867,2022-08-06,187,13,Inprogress
1868,2022-02-28,469,27,Shipped
1869,2021-02-18,90,41,Delivered
1870,2020-02-22,152,1,Shipped
1871,2022-09-04,558,15,Delivered
1872,2023-06-05,508,27,Delivered
1873,2020-08-20,385,8,Delivered
1874,2022-02-04,739,7,Shipped
1875,2020-07-17,415,8,Delivered
1876,2022-11-01,607,28,Delivered
1877,2022-10-31,399,17,Returned
1878,2022-08-09,666,48,Shipped
1879,2023-11-13,445,29,Shipped
1880,2022-11-05,612,49,Inprogress
1881,2023-04-13,527,50,Shipped
1882,2020-03-19,730,33,Delivered
1883,2020-08-04,832,8,Delivered
1884,2020-05-29,205,28,Inprogress
1885,2021-06-24,569,14,Delivered
1886,2020-09-02,494,45,Shipped
1887,2021-10-06,615,1,Delivered
1888,2023-04-23,343,41,Shipped
1889,2023-10-29,3,40,Delivered
1890,2022-07-02,652,51,Shipped
1891,2023-01-10,168,10,Delivered
1892,2020-04-24,857,15,Delivered
1893,2021-08-11,393,15,Shipped
1894,2020-10-25,884,37,Delivered
1895,2020-05-03,869,30,Inprogress
1896,2020-05-05,247,20,Delivered
1897,2022-11-13,177,45,Inprogress
1898,2023-04-01,625,8,Returned
1899,2022-06-09,188,8,Delivered
1900,2022-10-31,150,18,Shipped
1901,2022-04-16,612,46,Cancelled
1902,2021-01-16,401,6,Delivered
1903,2020-06-26,518,31,Delivered
1904,2020-01-18,744,34,Cancelled
1905,2021-05-31,442,46,Delivered
1906,2023-08-07,564,40,Inprogress
1907,2022-02-27,602,53,Delivered
1908,2021-03-31,63,19,Delivered
1909,2021-12-14,587,50,Shipped
1910,2020-08-17,247,18,Delivered
1911,2023-04-24,899,5,Delivered
1912,2022-05-17,201,10,Delivered
1913,2021-08-16,494,53,Inprogress
1914,2023-10-03,277,38,Shipped
1915,2021-05-26,115,44,Cancelled
1916,2023-05-05,304,26,Delivered
1917,2022-02-20,801,40,Delivered
1918,2021-11-20,806,17,Delivered
1919,2023-01-09,405,24,Delivered
1920,2023-09-26,261,14,Cancelled
1921,2023-05-15,455,12,Delivered
1922,2023-08-09,328,14,Inprogress
1923,2020-08-20,35,39,Shipped
1924,2020-01-13,410,54,Delivered
1925,2023-01-21,898,32,Cancelled
1926,2020-03-19,653,6,Delivered
1927,2023-01-28,814,32,Delivered
1928,2022-01-31,764,1,Delivered
1929,2020-04-01,98,1,Inprogress
1930,2021-07-30,242,16,Shipped
1931,2022-03-24,95,35,Delivered
1932,2020-04-04,650,6,Delivered
1933,2022-03-28,267,8,Delivered
1934,2022-02-25,343,42,Returned
1935,2023-10-15,160,49,Delivered
1936,2020-02-29,680,13,Delivered
1937,2023-06-01,566,16,Delivered
1938,2020-10-19,744,42,Returned
1939,2023-02-18,374,40,Delivered
1940,2021-05-17,294,40,Delivered
1941,2021-04-14,260,26,Inprogress
1942,2023-06-24,721,35,Inprogress
1943,2020-06-24,543,2,Delivered
1944,2021-05-21,135,36,Shipped
1945,2021-04-01,467,21,Shipped
1946,2023-07-29,18,17,Delivered
1947,2021-04-05,653,12,Delivered
1948,2023-08-30,208,6,Delivered
1949,2022-11-15,513,42,Delivered
1950,2020-12-26,58,50,Delivered
1951,2022-02-06,195,51,Shipped
1952,2023-01-31,692,8,Delivered
1953,2022-11-14,545,39,Delivered
1954,2021-03-25,155,20,Cancelled
1955,2023-02-09,869,30,Delivered
1956,2022-12-28,24,41,Delivered
1957,2022-04-08,27,9,Cancelled
1958,2022-10-12,782,30,Delivered
1959,2022-09-17,436,16,Delivered
1960,2022-03-07,538,42,Cancelled
1961,2022-01-06,646,34,Shipped
1962,2023-04-24,744,33,Delivered
1963,2022-01-14,47,7,Inprogress
1964,2022-08-24,608,38,Shipped
1965,2021-01-15,675,34,Delivered
1966,2023-03-21,491,1,Delivered
1967,2022-03-05,525,18,Inprogress
1968,2021-04-14,148,26,Shipped
1969,2022-06-14,861,38,Delivered
1970,2021-03-13,208,40,Delivered
1971,2022-07-09,517,22,Delivered
1972,2020-08-03,485,36,Delivered
1973,2023-04-14,745,38,Delivered
1974,2022-10-24,115,15,Shipped
1975,2023-03-06,479,26,Shipped
1976,2022-06-16,704,53,Delivered
1977,2022-08-11,426,19,Inprogress
1978,2020-05-09,348,18,Cancelled
1979,2020-03-12,182,32,Delivered
1980,2021-12-22,892,7,Delivered
1981,2023-05-06,684,37,Shipped
1982,2022-10-08,325,9,Delivered
1983,2022-09-23,517,42,Delivered
1984,2023-10-05,61,44,Returned
1985,2022-07-29,295,53,Delivered
1986,2022-05-10,276,29,Delivered
1987,2022-08-07,512,38,Shipped
1988,2021-05-02,353,38,Returned
1989,2023-09-19,177,30,Delivered
1990,2022-12-26,147,48,Delivered
1991,2023-05-11,280,13,Delivered
1992,2020-04-24,68,41,Shipped
1993,2021-12-16,38,40,Cancelled
1994,2021-02-14,711,14,Inprogress
1995,2023-06-20,415,14,Shipped
1996,2021-06-16,508,5,Shipped
1997,2023-07-27,856,54,Shipped
1998,2021-11-08,557,40,Delivered
1999,2022-03-12,278,31,Delivered
2000,2021-06-12,414,7,Cancelled
2001,2021-10-30,44,25,Inprogress
2002,2021-06-16,131,12,Delivered
2003,2023-05-25,542,8,Delivered
2004,2022-10-17,41,42,Cancelled
2005,2020-08-23,258,45,Delivered
2006,2023-11-24,197,21,Delivered
2007,2020-02-19,831,24,Shipped
2008,2021-04-08,77,14,Shipped
2009,2023-08-06,136,26,Cancelled
2010,2020-08-14,269,54,Delivered
2011,2020-07-20,168,34,Shipped
2012,2020-03-25,74,45,Delivered
2013,2020-11-14,286,18,Delivered
2014,2023-08-30,864,6,Delivered
2015,2020-10-08,869,18,Shipped
2016,2022-09-17,393,12,Delivered
2017,2023-09-10,22,42,Cancelled
2018,2023-08-15,541,19,Shipped
2019,2020-01-09,566,11,Shipped
2020,2020-06-16,442,23,Delivered
2021,2023-11-30,692,4,Shipped
2022,2020-07-11,783,51,Shipped
2023,2023-03-29,789,26,Delivered
2024,2021-04-26,439,19,Delivered
2025,2023-04-18,144,23,Delivered
2026,2023-09-04,318,10,Cancelled
2027,2022-02-06,524,13,Delivered
2028,2023-12-20,109,38,Shipped
2029,2020-09-05,28,32,Shipped
2030,2021-02-27,120,53,Delivered
2031,2021-05-30,691,22,Delivered
2032,2022-07-29,853,32,Cancelled
2033,2021-06-19,163,27,Inprogress
2034,2023-08-26,293,45,Delivered
2035,2020-09-15,668,18,Shipped
2036,2020-07-23,809,11,Delivered
2037,2022-02-19,325,53,Delivered
2038,2021-07-07,311,6,Delivered
2039,2023-01-27,409,4,Delivered
2040,2021-10-16,600,20,Delivered
2041,2023-02-09,393,48,Delivered
2042,2023-02-21,737,49,Delivered
2043,2022-10-17,61,36,Shipped
2044,2023-03-25,413,25,Delivered
2045,2021-06-19,599,33,Shipped
2046,2023-12-28,53,54,Delivered
2047,2020-04-07,859,22,Shipped
2048,2021-05-31,666,16,Shipped
2049,2020-06-04,231,47,Delivered
2050,2020-04-01,255,34,Delivered
2051,2023-03-10,351,14,Delivered
2052,2020-08-27,253,30,Shipped
2053,2022-07-07,393,35,Delivered
2054,2020-12-02,610,45,Delivered
2055,2023-08-15,463,19,Inprogress
2056,2022-07-08,765,42,Delivered
2057,2021-11-18,824,11,Delivered
2058,2020-11-11,878,16,Inprogress
2059,2020-12-03,194,36,Shipped
2060,2022-11-06,710,28,Delivered
2061,2022-07-29,857,48,Delivered
2062,2022-02-13,241,49,Delivered
2063,2022-05-06,489,41,Returned
2064,2020-07-27,889,15,Delivered
2065,2021-09-01,227,41,Delivered
2066,2023-08-16,503,25,Delivered
2067,2020-09-07,663,39,Inprogress
2068,2021-07-06,400,13,Shipped
2069,2021-07-26,750,31,Delivered
2070,2023-03-23,371,17,Shipped
2071,2022-05-19,782,5,Delivered
2072,2020-05-10,100,7,Inprogress
2073,2020-09-14,563,50,Delivered
2074,2020-07-06,60,53,Delivered
2075,2020-06-15,476,24,Delivered
2076,2022-09-18,457,50,Delivered
2077,2021-04-19,376,21,Inprogress
2078,2022-09-09,723,53,Shipped
2079,2022-06-30,627,2,Delivered
2080,2023-02-16,478,25,Delivered
2081,2021-03-03,870,21,Shipped
2082,2021-11-02,863,7,Inprogress
2083,2022-10-11,491,32,Delivered
2084,2022-08-05,786,15,Inprogress
2085,2022-09-14,320,29,Cancelled
2086,2021-07-10,325,13,Cancelled
2087,2021-10-10,811,3,Delivered
2088,2020-04-27,64,5,Delivered
2089,2020-05-14,756,53,Shipped
2090,2021-12-15,41,31,Delivered
2091,2022-01-29,290,6,Delivered
2092,2023-05-29,596,40,Cancelled
2093,2020-10-09,629,50,Cancelled
2094,2023-06-30,453,30,Cancelled
2095,2020-05-17,210,14,Cancelled
2096,2023-06-07,226,22,Inprogress
2097,2021-04-24,799,46,Returned
2098,2022-03-10,474,48,Delivered
2099,2022-12-18,673,10,Delivered
2100,2020-10-14,897,18,Delivered
2101,2020-02-06,475,16,Delivered
2102,2022-03-03,313,28,Delivered
2103,2020-04-13,824,35,Shipped
2104,2021-02-27,634,32,Delivered
2105,2021-06-05,96,21,Shipped
2106,2020-07-04,451,35,Inprogress
2107,2022-01-04,662,24,Delivered
2108,2021-03-24,495,3,Shipped
2109,2022-02-15,222,8,Delivered
2110,2021-10-08,292,36,Delivered
2111,2022-12-11,597,29,Delivered
2112,2020-06-24,576,21,Shipped
2113,2020-08-02,712,2,Delivered
2114,2020-11-18,655,2,Cancelled
2115,2021-04-19,351,29,Shipped
2116,2023-07-16,767,28,Inprogress
2117,2020-04-22,376,51,Cancelled
2118,2020-12-22,347,42,Delivered
2119,2022-01-05,248,47,Delivered
2120,2023-08-21,489,43,Delivered
2121,2021-03-03,189,10,Cancelled
2122,2020-04-30,202,19,Delivered
2123,2021-09-15,258,42,Shipped
2124,2021-02-11,208,46,Inprogress
2125,2023-03-07,27,50,Delivered
2126,2023-08-27,222,12,Delivered
2127,2020-06-25,802,18,Cancelled
2128,2021-05-20,636,23,Inprogress
2129,2020-11-01,291,24,Delivered
2130,2020-10-07,114,14,Shipped
2131,2023-12-04,417,23,Inprogress
2132,2023-06-03,468,41,Delivered
2133,2023-12-06,297,11,Shipped
2134,2021-10-28,736,36,Inprogress
2135,2020-07-28,761,15,Delivered
2136,2020-06-23,55,49,Delivered
2137,2020-10-29,412,6,Delivered
2138,2021-11-23,508,45,Inprogress
2139,2020-05-05,665,53,Delivered
2140,2021-07-28,697,27,Delivered
2141,2021-04-07,625,11,Delivered
2142,2023-10-23,40,36,Inprogress
2143,2023-09-24,228,38,Inprogress
2144,2023-09-16,732,15,Delivered
2145,2021-01-02,511,43,Delivered
2146,2023-01-25,719,15,Shipped
2147,2020-03-10,413,5,Delivered
2148,2023-08-14,519,8,Returned
2149,2021-01-31,802,7,Inprogress
2150,2021-09-06,559,51,Delivered
2151,2022-07-03,652,7,Delivered
2152,2022-11-17,693,49,Delivered
2153,2023-03-04,203,22,Delivered
2154,2020-06-13,327,3,Cancelled
2155,2021-02-23,485,16,Delivered
2156,2022-02-27,189,44,Delivered
2157,2022-07-28,497,4,Delivered
2158,2023-11-12,521,50,Shipped
2159,2022-09-23,167,39,Shipped
2160,2021-08-01,759,20,Inprogress
2161,2020-09-09,331,39,Delivered
2162,2021-03-28,414,25,Delivered
2163,2022-12-14,354,17,Shipped
2164,2020-05-05,734,53,Shipped
2165,2020-10-27,237,16,Shipped
2166,2022-08-19,593,12,Shipped
2167,2022-07-02,239,47,Shipped
2168,2022-08-31,186,6,Delivered
2169,2021-10-17,558,31,Delivered
2170,2022-04-21,111,12,Inprogress
2171,2021-09-18,781,28,Inprogress
2172,2022-10-20,180,40,Delivered
2173,2020-03-30,74,9,Delivered
2174,2021-05-14,727,29,Returned
2175,2020-01-03,478,42,Delivered
2176,2020-02-21,137,28,Delivered
2177,2022-03-12,167,13,Inprogress
2178,2021-11-17,454,5,Delivered
2179,2021-02-13,697,17,Inprogress
2180,2023-08-26,495,51,Delivered
2181,2022-05-06,203,30,Delivered
2182,2022-06-05,794,54,Delivered
2183,2020-04-12,376,23,Delivered
2184,2021-04-09,163,49,Delivered
2185,2022-12-25,726,34,Inprogress
2186,2022-05-02,229,23,Shipped
2187,2022-01-29,316,3,Inprogress
2188,2022-03-20,708,45,Inprogress
2189,2021-12-04,463,2,Shipped
2190,2022-06-13,86,4,Delivered
2191,2021-11-13,193,25,Delivered
2192,2023-06-09,552,31,Delivered
2193,2021-12-05,764,17,Delivered
2194,2022-07-29,464,35,Inprogress
2195,2023-01-15,817,22,Delivered
2196,2020-05-17,565,48,Cancelled
2197,2023-02-19,131,38,Delivered
2198,2020-02-01,261,4,Delivered
2199,2023-01-07,353,34,Inprogress
2200,2023-07-27,779,7,Delivered
2201,2022-08-22,606,44,Shipped
2202,2023-10-31,276,13,Delivered
2203,2023-11-05,460,36,Inprogress
2204,2023-02-10,537,11,Delivered
2205,2023-02-09,267,17,Shipped
2206,2021-04-19,428,47,Shipped
2207,2020-12-18,745,28,Delivered
2208,2022-01-17,67,49,Inprogress
2209,2023-12-01,791,34,Delivered
2210,2021-06-01,27,49,Shipped
2211,2022-04-06,578,42,Delivered
2212,2021-11-01,668,28,Inprogress
2213,2023-07-07,102,53,Inprogress
2214,2020-07-27,512,37,Delivered
2215,2023-08-18,766,23,Shipped
2216,2023-02-09,607,13,Delivered
2217,2021-02-28,894,4,Delivered
2218,2022-05-10,123,46,Cancelled
2219,2020-08-17,808,34,Delivered
2220,2022-04-14,874,19,Delivered
2221,2022-09-01,365,7,Inprogress
2222,2021-10-17,865,50,Shipped
2223,2021-03-05,196,16,Delivered
2224,2021-01-23,188,8,Shipped
2225,2022-10-22,313,41,Cancelled
2226,2020-01-12,81,12,Delivered
2227,2020-05-16,331,49,Delivered
2228,2020-01-20,342,43,Inprogress
2229,2022-06-05,408,24,Inprogress
2230,2021-03-26,596,35,Cancelled
2231,2020-08-09,152,29,Shipped
2232,2020-06-16,74,32,Delivered
2233,2023-11-04,283,41,Delivered
2234,2022-06-15,836,1,Delivered
2235,2022-08-28,430,8,Shipped
2236,2021-07-06,403,48,Delivered
2237,2023-07-15,69,35,Delivered
2238,2023-03-02,65,53,Delivered
2239,2022-04-24,463,28,Delivered
2240,2021-08-13,398,15,Inprogress
2241,2020-03-07,86,3,Delivered
2242,2022-07-18,103,38,Cancelled
2243,2023-09-24,82,7,Delivered
2244,2023-05-28,190,39,Inprogress
2245,2021-09-12,766,34,Delivered
2246,2022-06-24,532,37,Delivered
2247,2023-04-25,33,27,Cancelled
2248,2022-03-12,634,34,Shipped
2249,2022-11-10,384,9,Delivered
2250,2020-06-10,698,6,Delivered
2251,2023-03-19,580,54,Delivered
2252,2020-07-02,496,35,Cancelled
2253,2021-03-13,49,17,Returned
2254,2020-03-16,633,37,Delivered
2255,2023-01-15,277,36,Delivered
2256,2023-03-10,463,45,Shipped
2257,2020-07-10,468,5,Delivered
2258,2022-03-17,222,45,Cancelled
2259,2022-07-15,344,18,Delivered
2260,2023-09-16,216,14,Delivered
2261,2020-10-09,792,52,Returned
2262,2022-06-18,476,42,Shipped
2263,2023-08-19,567,27,Delivered
2264,2022-05-06,515,10,Inprogress
2265,2022-12-03,198,23,Inprogress
2266,2021-11-06,149,43,Delivered
2267,2022-02-02,444,2,Shipped
2268,2021-06-10,752,42,Delivered
2269,2022-04-17,633,53,Shipped
2270,2021-08-07,528,20,Inprogress
2271,2022-12-13,241,33,Shipped
2272,2021-03-21,33,22,Returned
2273,2020-08-01,395,25,Delivered
2274,2023-11-26,357,2,Delivered
2275,2021-06-16,2,52,Delivered
2276,2022-03-09,828,21,Delivered
2277,2023-02-28,738,25,Delivered
2278,2020-03-08,176,18,Delivered
2279,2023-12-04,375,16,Inprogress
2280,2022-01-27,571,33,Delivered
2281,2022-02-12,612,31,Shipped
2282,2021-10-20,786,17,Shipped
2283,2023-03-13,538,34,Shipped
2284,2023-07-15,492,37,Delivered
2285,2023-11-26,47,15,Delivered
2286,2021-08-28,331,22,Cancelled
2287,2021-05-18,213,43,Delivered
2288,2020-01-19,460,14,Shipped
2289,2020-10-30,392,1,Delivered
2290,2022-10-17,175,34,Inprogress
2291,2021-10-27,59,28,Delivered
2292,2022-02-16,211,39,Delivered
2293,2023-05-13,783,49,Shipped
2294,2023-11-19,7,5,Delivered
2295,2021-07-10,308,30,Delivered
2296,2022-01-10,349,54,Delivered
2297,2023-04-24,614,41,Delivered
2298,2022-11-18,258,12,Delivered
2299,2021-05-21,464,39,Delivered
2300,2023-06-15,227,30,Delivered
2301,2022-09-08,542,8,Cancelled
2302,2021-06-25,597,26,Delivered
2303,2023-01-09,238,30,Shipped
2304,2023-09-19,777,24,Shipped
2305,2022-01-06,603,36,Delivered
2306,2023-01-13,814,15,Delivered
2307,2022-02-10,40,43,Returned
2308,2021-05-25,650,10,Shipped
2309,2021-04-12,319,54,Inprogress
2310,2023-12-08,637,29,Inprogress
2311,2020-11-10,22,43,Inprogress
2312,2020-11-17,667,49,Delivered
2313,2020-03-22,530,15,Inprogress
2314,2020-09-02,847,30,Inprogress
2315,2021-10-14,239,24,Shipped
2316,2020-11-20,20,41,Delivered
2317,2020-05-15,240,27,Delivered
2318,2020-02-22,704,36,Delivered
2319,2023-05-18,442,35,Delivered
2320,2021-11-17,141,34,Inprogress
2321,2021-06-27,714,8,Delivered
2322,2023-07-28,253,39,Shipped
2323,2021-04-15,332,11,Shipped
2324,2021-03-14,310,28,Inprogress
2325,2023-02-17,753,46,Delivered
2326,2022-04-12,353,41,Shipped
2327,2022-01-23,844,44,Shipped
2328,2020-10-24,766,2,Inprogress
2329,2021-08-26,201,33,Inprogress
2330,2022-12-27,869,33,Delivered
2331,2023-06-23,782,48,Delivered
2332,2021-03-25,599,51,Delivered
2333,2021-02-04,240,41,Inprogress
2334,2023-03-11,660,6,Delivered
2335,2020-10-25,119,29,Inprogress
2336,2022-10-29,542,22,Shipped
2337,2022-12-29,701,21,Cancelled
2338,2020-04-27,817,42,Inprogress
2339,2022-12-26,134,49,Delivered
2340,2021-11-06,428,35,Delivered
2341,2022-11-04,389,50,Delivered
2342,2021-11-22,279,3,Inprogress
2343,2023-06-26,262,12,Inprogress
2344,2020-10-08,97,10,Inprogress
2345,2022-08-30,378,51,Delivered
2346,2023-03-26,9,23,Returned
2347,2020-11-08,380,54,Delivered
2348,2021-01-03,61,40,Inprogress
2349,2022-12-17,114,27,Delivered
2350,2022-07-28,889,44,Delivered
2351,2023-02-18,892,27,Cancelled
2352,2020-06-28,278,41,Cancelled
2353,2021-03-01,757,42,Delivered
2354,2023-03-22,515,38,Shipped
2355,2021-01-06,404,21,Delivered
2356,2021-07-11,293,38,Delivered
2357,2021-09-05,410,14,Shipped
2358,2020-06-27,574,47,Cancelled
2359,2022-01-14,779,13,Shipped
2360,2021-04-18,32,35,Delivered
2361,2021-09-23,285,52,Shipped
2362,2022-12-24,390,38,Delivered
2363,2023-08-25,126,6,Delivered
2364,2023-02-15,337,16,Shipped
2365,2021-09-16,536,17,Delivered
2366,2023-06-13,770,16,Delivered
2367,2021-10-22,15,38,Delivered
2368,2020-05-12,792,42,Delivered
2369,2021-10-17,566,43,Delivered
2370,2021-07-16,137,33,Delivered
2371,2020-09-08,608,10,Delivered
2372,2021-02-01,773,27,Delivered
2373,2023-06-10,498,21,Delivered
2374,2021-07-28,882,46,Shipped
2375,2022-12-27,534,10,Delivered
2376,2022-08-01,560,46,Shipped
2377,2022-04-16,368,42,Delivered
2378,2022-04-26,518,18,Shipped
2379,2020-12-01,654,33,Delivered
2380,2021-09-11,677,44,Delivered
2381,2021-10-07,778,12,Inprogress
2382,2022-12-20,771,26,Delivered
2383,2021-09-21,396,53,Shipped
2384,2021-01-04,20,7,Delivered
2385,2022-09-13,486,26,Cancelled
2386,2022-06-09,884,17,Delivered
2387,2021-05-16,25,18,Delivered
2388,2020-12-14,838,35,Inprogress
2389,2022-02-10,97,44,Delivered
2390,2020-07-26,143,27,Shipped
2391,2022-09-01,203,8,Inprogress
2392,2023-11-11,584,21,Delivered
2393,2022-05-04,862,14,Shipped
2394,2021-03-20,890,5,Shipped
2395,2020-07-30,71,34,Delivered
2396,2022-08-18,316,18,Inprogress
2397,2023-07-12,380,30,Delivered
2398,2022-04-07,430,6,Delivered
2399,2021-09-21,278,44,Shipped
2400,2022-07-03,792,3,Delivered
2401,2021-12-29,806,1,Shipped
2402,2023-08-22,157,13,Delivered
2403,2022-11-10,277,43,Delivered
2404,2022-05-10,567,24,Shipped
2405,2021-08-15,135,48,Cancelled
2406,2020-08-09,665,4,Shipped
2407,2022-05-12,653,14,Delivered
2408,2022-08-12,406,4,Cancelled
2409,2021-05-05,634,7,Shipped
2410,2022-08-21,654,13,Cancelled
2411,2023-10-26,575,49,Returned
2412,2020-01-16,874,34,Cancelled
2413,2020-09-02,301,23,Returned
2414,2023-11-28,212,6,Delivered
2415,2023-07-25,11,20,Delivered
2416,2020-12-25,693,13,Delivered
2417,2021-09-28,811,44,Delivered
2418,2020-09-16,91,38,Inprogress
2419,2021-04-15,643,10,Delivered
2420,2020-02-14,387,36,Inprogress
2421,2021-08-14,589,17,Inprogress
2422,2023-07-30,842,17,Shipped
2423,2021-08-01,485,43,Delivered
2424,2020-11-04,23,27,Delivered
2425,2021-01-15,369,32,Delivered
2426,2021-04-24,169,26,Shipped
2427,2020-07-16,371,43,Inprogress
2428,2020-03-22,861,40,Delivered
2429,2021-01-17,251,17,Delivered
2430,2021-09-16,452,28,Returned
2431,2022-08-30,673,11,Delivered
2432,2020-02-14,316,42,Cancelled
2433,2020-04-04,104,45,Inprogress
2434,2020-10-14,84,21,Shipped
2435,2020-10-03,733,12,Inprogress
2436,2022-03-29,352,42,Delivered
2437,2023-07-25,275,32,Delivered
2438,2022-09-11,632,10,Delivered
2439,2020-04-09,708,31,Shipped
2440,2021-06-23,628,34,Delivered
2441,2021-07-20,409,26,Shipped
2442,2021-10-09,578,52,Delivered
2443,2020-12-10,113,46,Cancelled
2444,2021-10-13,306,1,Delivered
2445,2023-01-19,586,24,Delivered
2446,2023-04-08,472,41,Delivered
2447,2021-12-20,856,11,Inprogress
2448,2021-06-07,564,27,Delivered
2449,2023-11-25,753,19,Delivered
2450,2021-02-11,765,28,Shipped
2451,2021-04-30,397,11,Delivered
2452,2022-10-15,774,48,Delivered
2453,2021-07-03,104,27,Delivered
2454,2021-12-03,134,28,Delivered
2455,2023-02-06,850,3,Delivered
2456,2023-06-02,29,36,Delivered
2457,2023-12-13,177,42,Returned
2458,2020-05-06,402,34,Returned
2459,2021-12-13,133,11,Delivered
2460,2021-03-09,514,51,Delivered
2461,2020-07-16,796,10,Inprogress
2462,2021-04-05,126,36,Delivered
2463,2021-08-05,83,10,Delivered
2464,2020-06-11,681,50,Delivered
2465,2023-10-03,455,35,Shipped
2466,2020-09-24,625,13,Delivered
2467,2022-01-20,118,33,Shipped
2468,2023-06-29,73,3,Delivered
2469,2021-09-25,244,54,Delivered
2470,2021-02-26,889,6,Shipped
2471,2023-08-27,197,47,Shipped
2472,2023-04-15,254,51,Delivered
2473,2023-04-28,570,41,Inprogress
2474,2023-08-06,562,23,Delivered
2475,2020-07-20,133,32,Delivered
2476,2023-08-07,546,2,Delivered
2477,2020-07-02,764,26,Shipped
2478,2021-09-09,181,8,Delivered
2479,2023-05-10,456,7,Delivered
2480,2023-03-21,536,53,Cancelled
2481,2020-11-09,543,27,Cancelled
2482,2022-11-11,43,47,Delivered
2483,2022-04-06,168,22,Inprogress
2484,2023-10-16,621,1,Delivered
2485,2022-11-06,648,15,Delivered
2486,2022-03-22,337,51,Delivered
2487,2020-07-20,200,43,Delivered
2488,2020-08-04,359,52,Shipped
2489,2023-05-06,249,47,Delivered
2490,2020-01-24,879,12,Delivered
2491,2022-08-04,773,28,Returned
2492,2023-05-22,325,3,Delivered
2493,2023-06-27,636,6,Delivered
2494,2022-06-26,32,25,Delivered
2495,2021-01-07,508,41,Delivered
2496,2020-05-22,464,28,Delivered
2497,2023-03-19,895,47,Returned
2498,2021-11-26,427,43,Delivered
2499,2022-01-27,488,2,Shipped
2500,2022-06-04,510,54,Returned
2501,2022-04-13,419,11,Shipped
2502,2020-02-08,893,5,Delivered
2503,2021-07-20,55,34,Delivered
2504,2020-06-27,71,7,Delivered
2505,2022-01-03,5,3,Shipped
2506,2023-04-27,581,1,Returned
2507,2021-04-06,124,17,Shipped
2508,2022-07-28,208,1,Shipped
2509,2020-01-31,452,54,Cancelled
2510,2021-03-21,434,44,Delivered
2511,2023-04-30,355,25,Shipped
2512,2020-08-18,554,38,Delivered
2513,2022-01-15,742,10,Delivered
2514,2022-02-24,747,32,Delivered
2515,2021-06-22,710,21,Shipped
2516,2021-05-27,900,14,Shipped
2517,2022-09-06,81,30,Delivered
2518,2021-04-20,70,53,Delivered
2519,2023-06-14,318,6,Inprogress
2520,2023-06-23,281,37,Delivered
2521,2022-04-10,893,54,Shipped
2522,2021-05-20,248,46,Delivered
2523,2023-08-15,507,47,Delivered
2524,2021-10-12,826,26,Delivered
2525,2021-12-08,593,26,Shipped
2526,2023-05-03,58,39,Inprogress
2527,2023-08-14,505,2,Delivered
2528,2020-01-08,372,53,Delivered
2529,2022-07-07,631,36,Delivered
2530,2022-01-06,84,52,Shipped
2531,2021-07-09,864,8,Shipped
2532,2022-11-19,373,48,Delivered
2533,2022-11-01,819,46,Delivered
2534,2020-11-28,72,24,Delivered
2535,2021-09-20,814,18,Delivered
2536,2020-01-16,647,7,Cancelled
2537,2020-09-14,451,52,Cancelled
2538,2022-07-09,282,11,Cancelled
2539,2021-04-03,820,8,Delivered
2540,2023-10-29,533,5,Inprogress
2541,2022-07-10,881,37,Inprogress
2542,2022-03-11,164,16,Shipped
2543,2022-01-25,494,31,Shipped
2544,2021-05-30,41,31,Delivered
2545,2021-02-08,638,32,Delivered
2546,2023-11-21,37,39,Delivered
2547,2021-03-19,467,2,Inprogress
2548,2021-02-20,475,28,Shipped
2549,2023-04-22,193,34,Inprogress
2550,2023-07-13,862,11,Shipped
2551,2023-07-06,359,43,Shipped
2552,2020-06-06,760,53,Delivered
2553,2023-06-29,796,36,Shipped
2554,2020-05-11,634,31,Shipped
2555,2020-04-23,816,47,Shipped
2556,2021-03-07,719,18,Inprogress
2557,2020-03-01,54,46,Delivered
2558,2023-07-10,863,30,Delivered
2559,2020-06-17,595,27,Delivered
2560,2023-07-20,398,38,Delivered
2561,2021-12-03,68,50,Delivered
2562,2022-08-24,779,24,Inprogress
2563,2022-12-06,256,5,Inprogress
2564,2023-12-05,450,42,Inprogress
2565,2022-10-22,135,3,Shipped
2566,2021-09-06,696,48,Inprogress
2567,2022-07-22,863,39,Delivered
2568,2020-11-01,681,37,Cancelled
2569,2023-03-24,428,41,Delivered
2570,2020-11-08,288,41,Delivered
2571,2023-10-01,327,19,Delivered
2572,2023-04-09,397,16,Delivered
2573,2020-05-18,160,23,Delivered
2574,2023-06-29,547,52,Delivered
2575,2021-01-30,160,47,Delivered
2576,2022-11-29,127,5,Shipped
2577,2022-01-05,477,51,Inprogress
2578,2021-09-08,219,21,Delivered
2579,2020-06-03,548,14,Shipped
2580,2022-05-01,376,32,Delivered
2581,2023-06-18,807,26,Delivered
2582,2020-06-17,678,32,Inprogress
2583,2023-09-16,651,28,Inprogress
2584,2022-08-17,741,1,Delivered
2585,2020-08-24,259,4,Delivered
2586,2022-08-03,393,6,Shipped
2587,2022-06-25,485,49,Shipped
2588,2021-10-02,822,48,Delivered
2589,2020-04-12,461,16,Delivered
2590,2022-11-21,602,24,Cancelled
2591,2021-01-20,168,23,Inprogress
2592,2020-08-13,451,31,Delivered
2593,2021-11-28,252,3,Delivered
2594,2023-05-02,202,37,Shipped
2595,2022-06-09,636,16,Shipped
2596,2021-11-28,111,29,Delivered
2597,2022-10-27,49,48,Delivered
2598,2022-02-20,72,49,Shipped
2599,2020-02-09,831,45,Shipped
2600,2021-07-30,638,46,Shipped
2601,2020-01-17,834,26,Inprogress
2602,2021-04-08,235,3,Shipped
2603,2023-04-21,160,25,Delivered
2604,2023-12-22,761,1,Returned
2605,2023-10-24,753,42,Delivered
2606,2023-03-12,224,23,Delivered
2607,2023-05-28,865,54,Delivered
2608,2021-02-12,13,9,Delivered
2609,2023-04-30,580,29,Delivered
2610,2022-04-22,250,9,Delivered
2611,2023-08-10,786,3,Delivered
2612,2023-02-22,732,50,Shipped
2613,2022-05-11,355,27,Delivered
2614,2021-06-24,85,20,Delivered
2615,2023-03-23,408,54,Delivered
2616,2021-01-19,827,44,Cancelled
2617,2022-09-22,301,7,Delivered
2618,2020-04-01,702,7,Cancelled
2619,2023-12-19,847,37,Delivered
2620,2022-05-12,355,49,Delivered
2621,2021-02-27,638,47,Shipped
2622,2022-08-02,619,6,Delivered
2623,2021-02-12,766,40,Delivered
2624,2021-07-13,885,36,Delivered
2625,2022-12-31,164,32,Delivered
2626,2022-07-14,535,50,Delivered
2627,2020-03-25,647,47,Delivered
2628,2023-05-30,604,45,Delivered
2629,2021-03-14,166,43,Delivered
2630,2023-10-31,132,27,Delivered
2631,2023-12-18,499,36,Inprogress
2632,2020-01-29,604,11,Cancelled
2633,2023-05-30,433,11,Delivered
2634,2023-04-05,490,30,Shipped
2635,2021-01-23,680,19,Delivered
2636,2023-05-23,554,2,Returned
2637,2022-11-27,166,33,Shipped
2638,2021-06-21,747,47,Cancelled
2639,2020-02-09,348,17,Delivered
2640,2020-08-09,286,28,Delivered
2641,2021-10-08,880,39,Inprogress
2642,2023-07-23,805,26,Delivered
2643,2023-01-17,179,45,Delivered
2644,2021-06-14,195,39,Delivered
2645,2023-06-05,496,2,Shipped
2646,2020-11-21,13,17,Delivered
2647,2023-06-04,531,35,Shipped
2648,2020-12-21,74,20,Inprogress
2649,2023-10-24,394,50,Delivered
2650,2020-10-01,547,1,Shipped
2651,2022-07-03,715,30,Cancelled
2652,2020-03-24,25,24,Delivered
2653,2020-02-16,121,4,Cancelled
2654,2022-07-17,240,35,Delivered
2655,2020-05-19,551,49,Delivered
2656,2020-03-08,861,21,Delivered
2657,2022-12-10,855,37,Inprogress
2658,2021-04-19,55,48,Delivered
2659,2022-11-27,84,39,Cancelled
2660,2020-06-23,765,13,Delivered
2661,2023-11-05,751,39,Inprogress
2662,2021-03-25,700,28,Delivered
2663,2022-03-02,117,30,Cancelled
2664,2021-12-24,140,11,Inprogress
2665,2021-02-02,878,46,Delivered
2666,2021-05-23,555,42,Delivered
2667,2022-09-07,717,38,Shipped
2668,2021-03-21,687,25,Delivered
2669,2022-07-29,660,12,Delivered
2670,2022-07-03,795,47,Cancelled
2671,2020-09-13,575,25,Shipped
2672,2023-07-25,396,16,Delivered
2673,2020-08-28,235,4,Shipped
2674,2022-12-14,312,5,Delivered
2675,2022-06-03,101,26,Delivered
2676,2020-06-19,84,34,Delivered
2677,2022-09-22,369,53,Inprogress
2678,2022-12-05,766,31,Cancelled
2679,2020-10-10,710,53,Delivered
2680,2022-01-11,801,14,Delivered
2681,2022-08-06,110,21,Delivered
2682,2020-12-11,872,38,Shipped
2683,2023-12-27,102,12,Delivered
2684,2022-01-27,182,24,Shipped
2685,2022-05-09,755,29,Inprogress
2686,2023-11-22,595,29,Inprogress
2687,2023-08-22,524,6,Shipped
2688,2023-10-11,123,21,Inprogress
2689,2020-12-13,140,32,Delivered
2690,2021-03-24,621,3,Delivered
2691,2021-11-28,825,4,Shipped
2692,2021-09-27,468,54,Delivered
2693,2021-07-24,469,32,Inprogress
2694,2023-06-26,405,8,Delivered
2695,2020-11-16,521,16,Delivered
2696,2023-12-25,565,45,Delivered
2697,2020-01-25,502,50,Delivered
2698,2022-08-31,515,28,Inprogress
2699,2020-02-20,439,35,Delivered
2700,2022-12-25,181,42,Shipped
2701,2022-09-20,683,20,Shipped
2702,2020-03-01,21,43,Delivered
2703,2022-02-14,48,52,Returned
2704,2022-01-04,493,7,Shipped
2705,2020-05-17,745,28,Delivered
2706,2022-01-05,811,31,Delivered
2707,2021-08-17,664,13,Delivered
2708,2020-12-15,282,42,Delivered
2709,2021-01-18,332,15,Delivered
2710,2021-12-01,650,53,Cancelled
2711,2021-01-08,308,24,Delivered
2712,2022-09-18,696,40,Delivered
2713,2022-01-03,297,32,Delivered
2714,2021-10-31,829,2,Shipped
2715,2020-08-27,785,18,Delivered
2716,2020-01-02,136,46,Delivered
2717,2023-07-24,424,18,Inprogress
2718,2022-06-09,701,13,Delivered
2719,2021-03-25,856,46,Shipped
2720,2022-09-13,290,6,Returned
2721,2022-08-17,181,9,Delivered
2722,2023-01-29,646,37,Delivered
2723,2020-12-16,379,40,Delivered
2724,2022-05-21,711,25,Shipped
2725,2023-03-17,8,24,Delivered
2726,2022-08-19,161,48,Delivered
2727,2023-10-09,144,11,Delivered
2728,2023-10-30,809,45,Delivered
2729,2021-08-03,875,34,Delivered
2730,2021-11-08,274,38,Delivered
2731,2022-08-21,308,52,Delivered
2732,2023-02-11,86,18,Returned
2733,2022-06-26,795,48,Inprogress
2734,2020-07-28,546,7,Inprogress
2735,2022-10-22,292,18,Delivered
2736,2022-10-01,616,46,Delivered
2737,2020-11-06,353,45,Delivered
2738,2021-08-30,716,31,Shipped
2739,2023-11-03,665,26,Delivered
2740,2022-12-24,782,52,Delivered
2741,2023-03-15,893,12,Delivered
2742,2021-05-04,637,23,Inprogress
2743,2023-11-29,686,4,Delivered
2744,2022-02-12,303,24,Delivered
2745,2021-12-22,183,51,Delivered
2746,2020-05-01,185,23,Delivered
2747,2022-06-11,699,31,Delivered
2748,2021-05-27,238,13,Delivered
2749,2020-01-23,471,19,Delivered
2750,2023-03-08,712,38,Delivered
2751,2021-03-31,40,24,Delivered
2752,2021-04-16,2,24,Delivered
2753,2020-09-09,681,5,Shipped
2754,2020-07-23,670,4,Delivered
2755,2021-08-01,287,40,Delivered
2756,2020-10-17,732,53,Delivered
2757,2022-09-13,284,50,Inprogress
2758,2020-02-11,85,14,Delivered
2759,2021-05-06,269,1,Shipped
2760,2023-11-06,93,15,Delivered
2761,2020-04-02,286,9,Delivered
2762,2020-10-25,127,30,Delivered
2763,2023-12-10,459,17,Shipped
2764,2023-09-12,669,9,Cancelled
2765,2021-01-11,94,54,Shipped
2766,2023-03-13,751,35,Delivered
2767,2022-09-02,422,15,Delivered
2768,2022-06-20,193,20,Delivered
2769,2021-10-27,524,32,Shipped
2770,2020-08-08,163,4,Inprogress
2771,2020-10-02,97,28,Delivered
2772,2020-08-02,529,48,Inprogress
2773,2020-10-06,178,25,Shipped
2774,2022-05-19,285,32,Returned
2775,2023-03-06,888,41,Cancelled
2776,2023-06-27,530,16,Shipped
2777,2021-04-29,445,24,Cancelled
2778,2020-12-31,620,34,Delivered
2779,2023-02-14,504,1,Inprogress
2780,2020-02-20,783,48,Delivered
2781,2020-08-23,798,8,Delivered
2782,2020-06-05,112,49,Shipped
2783,2022-08-20,86,48,Delivered
2784,2020-03-05,661,31,Delivered
2785,2021-01-20,718,46,Delivered
2786,2021-02-08,521,16,Shipped
2787,2020-06-12,543,42,Delivered
2788,2022-02-24,575,36,Delivered
2789,2023-01-23,18,51,Inprogress
2790,2021-04-08,358,23,Inprogress
2791,2020-04-08,336,6,Returned
2792,2023-05-24,386,41,Delivered
2793,2021-12-30,558,46,Delivered
2794,2022-01-19,825,30,Cancelled
2795,2020-07-31,363,7,Inprogress
2796,2020-01-24,555,23,Shipped
2797,2020-06-24,91,17,Shipped
2798,2022-04-11,882,54,Delivered
2799,2021-08-29,85,11,Shipped
2800,2023-07-25,184,30,Shipped
2801,2023-10-23,369,8,Shipped
2802,2023-10-23,305,37,Delivered
2803,2021-12-13,740,31,Delivered
2804,2022-03-04,53,52,Shipped
2805,2022-04-02,859,48,Delivered
2806,2021-01-23,500,11,Delivered
2807,2021-11-18,121,2,Cancelled
2808,2023-11-20,644,5,Cancelled
2809,2021-03-10,221,18,Delivered
2810,2022-10-03,417,53,Inprogress
2811,2022-05-25,846,44,Inprogress
2812,2020-03-09,44,19,Delivered
2813,2022-08-09,296,42,Returned
2814,2021-07-07,851,9,Shipped
2815,2023-10-07,103,17,Shipped
2816,2021-07-14,351,43,Inprogress
2817,2021-08-31,239,9,Delivered
2818,2023-08-01,199,19,Delivered
2819,2021-09-07,850,45,Delivered
2820,2020-02-27,672,14,Inprogress
2821,2022-04-18,636,45,Cancelled
2822,2021-06-17,819,30,Delivered
2823,2020-05-17,426,11,Delivered
2824,2020-08-16,77,23,Shipped
2825,2023-03-18,654,47,Delivered
2826,2023-06-09,141,52,Cancelled
2827,2021-01-04,597,46,Delivered
2828,2020-01-27,9,10,Delivered
2829,2021-07-22,548,44,Delivered
2830,2021-08-13,595,3,Cancelled
2831,2020-03-18,863,50,Inprogress
2832,2023-10-01,301,3,Shipped
2833,2021-06-19,325,36,Delivered
2834,2023-02-11,60,17,Delivered
2835,2022-04-03,628,25,Delivered
2836,2023-03-27,520,32,Delivered
2837,2023-01-02,768,48,Delivered
2838,2022-03-04,165,52,Returned
2839,2023-01-09,667,25,Cancelled
2840,2020-10-19,252,22,Delivered
2841,2021-05-15,383,46,Delivered
2842,2020-12-01,565,52,Delivered
2843,2023-08-16,145,46,Inprogress
2844,2022-04-23,339,34,Delivered
2845,2022-07-11,522,41,Delivered
2846,2020-02-03,274,52,Cancelled
2847,2023-02-20,572,12,Delivered
2848,2020-12-28,708,35,Delivered
2849,2021-12-26,532,37,Shipped
2850,2020-05-05,5,54,Shipped
2851,2022-11-11,887,42,Delivered
2852,2021-12-20,723,17,Inprogress
2853,2022-05-19,164,1,Delivered
2854,2022-04-04,618,19,Delivered
2855,2020-09-22,715,26,Delivered
2856,2023-10-31,435,53,Delivered
2857,2021-03-30,669,11,Shipped
2858,2022-01-23,582,24,Shipped
2859,2022-06-13,520,51,Delivered
2860,2023-10-09,835,41,Delivered
2861,2020-03-23,470,14,Inprogress
2862,2020-02-01,539,40,Inprogress
2863,2022-03-27,139,49,Delivered
2864,2020-05-16,762,10,Inprogress
2865,2021-01-16,817,32,Delivered
2866,2020-10-30,32,54,Shipped
2867,2021-07-04,201,8,Delivered
2868,2020-05-27,416,38,Delivered
2869,2020-10-23,73,43,Delivered
2870,2020-07-08,675,47,Inprogress
2871,2023-09-19,354,37,Cancelled
2872,2023-10-22,638,44,Delivered
2873,2021-07-16,341,24,Delivered
2874,2023-04-23,543,13,Delivered
2875,2022-03-03,159,14,Inprogress
2876,2022-08-07,176,46,Inprogress
2877,2023-03-21,754,12,Inprogress
2878,2020-02-14,393,7,Inprogress
2879,2022-11-04,267,46,Shipped
2880,2020-01-30,526,6,Delivered
2881,2021-12-21,532,44,Delivered
2882,2022-01-24,145,44,Delivered
2883,2022-11-08,838,32,Delivered
2884,2021-12-19,613,32,Inprogress
2885,2020-08-10,433,39,Delivered
2886,2023-12-15,35,33,Delivered
2887,2021-10-28,869,26,Delivered
2888,2022-07-22,755,30,Delivered
2889,2020-01-25,800,49,Delivered
2890,2021-11-15,419,25,Inprogress
2891,2020-02-04,60,19,Inprogress
2892,2021-11-24,166,16,Cancelled
2893,2021-12-25,168,33,Delivered
2894,2021-03-14,356,27,Returned
2895,2023-01-12,1,44,Delivered
2896,2021-10-05,897,1,Inprogress
2897,2022-04-07,284,3,Delivered
2898,2021-03-05,372,14,Delivered
2899,2022-08-27,702,10,Cancelled
2900,2020-10-28,420,19,Shipped
2901,2023-09-16,435,1,Delivered
2902,2021-05-20,648,47,Inprogress
2903,2020-07-26,647,36,Delivered
2904,2023-09-12,159,53,Shipped
2905,2022-05-21,763,44,Delivered
2906,2022-07-10,628,25,Delivered
2907,2023-06-12,614,41,Shipped
2908,2022-11-26,708,49,Delivered
2909,2023-11-14,897,39,Delivered
2910,2023-12-22,794,42,Delivered
2911,2022-11-29,500,16,Shipped
2912,2023-11-26,554,53,Delivered
2913,2021-02-11,9,45,Shipped
2914,2022-01-17,590,40,Delivered
2915,2022-12-27,85,33,Inprogress
2916,2021-03-08,168,2,Cancelled
2917,2022-08-24,468,40,Shipped
2918,2021-06-28,60,18,Delivered
2919,2023-09-11,210,41,Delivered
2920,2020-03-03,561,48,Delivered
2921,2020-12-10,264,41,Shipped
2922,2022-12-15,468,29,Delivered
2923,2020-06-07,841,51,Shipped
2924,2020-08-17,153,34,Delivered
2925,2023-05-01,476,1,Inprogress
2926,2023-08-12,573,48,Delivered
2927,2021-01-10,24,14,Delivered
2928,2021-07-06,235,30,Delivered
2929,2022-10-01,20,23,Delivered
2930,2022-11-22,772,9,Returned
2931,2021-04-15,463,17,Inprogress
2932,2023-04-01,97,12,Delivered
2933,2023-02-18,296,16,Delivered
2934,2021-11-04,177,18,Shipped
2935,2020-09-06,432,38,Delivered
2936,2020-03-30,342,30,Inprogress
2937,2020-06-07,650,34,Cancelled
2938,2021-11-03,563,43,Shipped
2939,2020-09-28,177,3,Delivered
2940,2023-02-25,706,41,Shipped
2941,2021-09-23,67,1,Inprogress
2942,2021-01-13,80,26,Inprogress
2943,2023-10-05,689,51,Delivered
2944,2020-03-19,786,53,Inprogress
2945,2023-05-20,612,54,Shipped
2946,2023-01-31,608,41,Delivered
2947,2020-02-19,209,39,Shipped
2948,2022-04-16,791,42,Delivered
2949,2020-09-09,870,32,Inprogress
2950,2022-05-02,219,48,Shipped
2951,2021-02-01,362,33,Delivered
2952,2021-08-31,425,39,Cancelled
2953,2023-12-13,855,4,Inprogress
2954,2022-08-07,518,33,Shipped
2955,2020-05-24,123,13,Delivered
2956,2023-03-14,594,16,Shipped
2957,2020-12-16,126,33,Delivered
2958,2022-03-03,809,18,Delivered
2959,2020-04-25,438,36,Shipped
2960,2022-08-13,198,53,Delivered
2961,2021-08-26,494,1,Delivered
2962,2020-02-16,734,41,Delivered
2963,2022-07-08,249,26,Delivered
2964,2023-11-08,24,50,Returned
2965,2020-10-26,643,19,Shipped
2966,2022-09-09,473,2,Delivered
2967,2023-05-26,616,26,Delivered
2968,2023-07-25,380,46,Cancelled
2969,2020-07-06,400,42,Delivered
2970,2021-12-26,656,13,Delivered
2971,2020-06-08,150,37,Delivered
2972,2022-04-07,585,30,Delivered
2973,2023-04-11,463,31,Delivered
2974,2020-08-01,412,14,Cancelled
2975,2021-07-08,783,51,Returned
2976,2022-04-10,208,31,Shipped
2977,2020-01-13,784,44,Delivered
2978,2022-08-31,651,44,Delivered
2979,2020-11-22,894,52,Delivered
2980,2022-03-01,787,27,Delivered
2981,2022-02-09,300,10,Delivered
2982,2020-08-07,868,21,Delivered
2983,2021-03-17,474,12,Delivered
2984,2022-03-29,298,8,Inprogress
2985,2021-12-22,145,24,Delivered
2986,2021-11-14,845,38,Inprogress
2987,2021-08-18,724,47,Returned
2988,2022-06-27,685,40,Delivered
2989,2023-03-31,620,41,Delivered
2990,2023-07-17,43,23,Delivered
2991,2023-09-12,617,54,Shipped
2992,2023-08-23,392,38,Delivered
2993,2020-03-12,482,47,Delivered
2994,2023-01-26,92,37,Shipped
2995,2023-04-16,731,37,Delivered
2996,2023-09-03,675,15,Cancelled
2997,2020-05-11,90,4,Delivered
2998,2023-02-25,18,29,Returned
2999,2021-11-15,121,54,Inprogress
3000,2022-01-16,92,29,Shipped
3001,2020-03-07,667,9,Cancelled
3002,2022-03-10,100,10,Delivered
3003,2022-11-05,358,47,Delivered
3004,2022-11-05,834,24,Delivered
3005,2023-02-21,304,5,Delivered
3006,2020-10-27,828,47,Delivered
3007,2022-10-13,155,5,Inprogress
3008,2020-04-20,379,49,Delivered
3009,2021-12-23,308,9,Shipped
3010,2022-08-26,623,28,Delivered
3011,2021-05-19,694,39,Inprogress
3012,2023-07-25,896,1,Inprogress
3013,2023-09-16,887,29,Delivered
3014,2020-03-30,751,48,Shipped
3015,2021-03-20,255,29,Delivered
3016,2023-07-20,530,16,Delivered
3017,2022-05-09,4,13,Returned
3018,2022-07-18,411,17,Delivered
3019,2023-07-21,668,5,Delivered
3020,2022-11-03,389,32,Inprogress
3021,2020-03-14,575,18,Delivered
3022,2021-11-08,559,27,Delivered
3023,2023-03-02,882,54,Delivered
3024,2023-05-22,189,32,Shipped
3025,2020-05-02,243,39,Delivered
3026,2023-10-11,34,25,Returned
3027,2021-08-15,70,24,Delivered
3028,2023-03-19,134,35,Delivered
3029,2021-12-06,445,3,Delivered
3030,2021-07-21,223,25,Shipped
3031,2020-12-20,220,44,Delivered
3032,2022-03-13,339,4,Cancelled
3033,2021-11-16,391,21,Delivered
3034,2023-03-27,373,19,Delivered
3035,2021-10-03,645,18,Shipped
3036,2022-08-31,217,29,Inprogress
3037,2020-04-18,786,19,Shipped
3038,2023-12-03,822,33,Delivered
3039,2020-08-13,679,2,Delivered
3040,2022-09-26,174,3,Delivered
3041,2020-12-18,846,11,Delivered
3042,2020-02-23,152,5,Delivered
3043,2021-07-18,104,32,Delivered
3044,2020-07-18,792,40,Shipped
3045,2021-12-30,419,19,Shipped
3046,2020-01-22,823,11,Delivered
3047,2020-05-09,702,47,Shipped
3048,2021-09-04,232,44,Delivered
3049,2020-08-08,539,47,Inprogress
3050,2021-09-10,566,43,Delivered
3051,2020-05-04,796,34,Inprogress
3052,2022-03-21,294,7,Cancelled
3053,2023-04-15,885,11,Inprogress
3054,2020-03-28,83,42,Returned
3055,2022-03-02,39,33,Inprogress
3056,2022-12-20,250,23,Delivered
3057,2022-07-27,343,37,Delivered
3058,2021-01-02,310,47,Delivered
3059,2021-12-19,824,3,Delivered
3060,2021-05-31,415,35,Cancelled
3061,2023-06-29,719,46,Delivered
3062,2020-11-30,602,22,Delivered
3063,2020-05-04,585,47,Shipped
3064,2021-05-03,59,13,Delivered
3065,2020-06-24,406,10,Delivered
3066,2020-05-05,400,53,Inprogress
3067,2021-12-29,872,18,Delivered
3068,2021-05-11,346,16,Delivered
3069,2020-06-23,738,53,Delivered
3070,2021-03-25,696,47,Delivered
3071,2020-12-28,422,10,Shipped
3072,2023-07-29,133,54,Shipped
3073,2021-12-26,700,30,Shipped
3074,2023-02-23,371,31,Delivered
3075,2020-06-10,544,19,Delivered
3076,2020-12-21,187,48,Shipped
3077,2023-08-26,167,29,Shipped
3078,2021-08-14,752,31,Delivered
3079,2020-12-07,582,8,Inprogress
3080,2021-12-13,156,23,Shipped
3081,2023-09-04,646,10,Inprogress
3082,2022-06-25,645,13,Delivered
3083,2023-10-27,287,25,Shipped
3084,2023-07-19,827,2,Cancelled
3085,2022-04-19,335,11,Delivered
3086,2022-02-08,794,45,Shipped
3087,2020-04-07,144,11,Delivered
3088,2023-02-17,590,46,Inprogress
3089,2023-04-22,108,15,Delivered
3090,2022-11-07,463,44,Delivered
3091,2021-09-18,90,6,Shipped
3092,2023-08-16,523,24,Cancelled
3093,2021-06-25,346,8,Delivered
3094,2021-12-23,695,52,Delivered
3095,2022-12-28,744,31,Delivered
3096,2021-03-11,104,52,Delivered
3097,2023-01-28,112,20,Inprogress
3098,2021-05-04,385,31,Inprogress
3099,2022-04-06,732,48,Delivered
3100,2021-03-13,365,47,Delivered
3101,2021-01-26,698,37,Delivered
3102,2020-04-30,593,9,Delivered
3103,2020-09-17,746,19,Returned
3104,2020-08-28,131,20,Inprogress
3105,2022-06-14,340,14,Inprogress
3106,2022-11-20,301,14,Delivered
3107,2023-11-22,400,31,Delivered
3108,2021-09-03,744,14,Delivered
3109,2023-08-03,821,33,Cancelled
3110,2021-07-15,265,7,Shipped
3111,2020-12-19,493,51,Delivered
3112,2023-09-13,808,19,Shipped
3113,2021-09-19,803,26,Delivered
3114,2021-02-05,37,50,Shipped
3115,2020-04-28,821,39,Delivered
3116,2021-12-24,571,10,Shipped
3117,2020-02-06,143,42,Inprogress
3118,2020-02-16,304,5,Cancelled
3119,2020-06-02,762,51,Delivered
3120,2021-06-06,779,34,Delivered
3121,2023-11-08,44,37,Delivered
3122,2020-03-24,120,4,Delivered
3123,2021-08-28,424,41,Delivered
3124,2022-08-21,295,53,Shipped
3125,2020-12-09,270,52,Shipped
3126,2022-11-24,607,49,Delivered
3127,2022-01-17,892,22,Inprogress
3128,2022-06-09,366,6,Delivered
3129,2020-06-05,353,38,Delivered
3130,2022-11-16,896,26,Delivered
3131,2023-06-18,720,12,Cancelled
3132,2022-11-30,311,54,Delivered
3133,2022-04-13,773,5,Delivered
3134,2021-01-08,562,17,Cancelled
3135,2021-07-06,792,36,Delivered
3136,2022-09-17,819,29,Inprogress
3137,2022-10-02,860,6,Inprogress
3138,2022-12-31,453,49,Inprogress
3139,2021-01-20,621,29,Inprogress
3140,2021-10-29,466,19,Delivered
3141,2021-09-05,146,17,Shipped
3142,2021-07-20,583,40,Delivered
3143,2022-01-28,207,35,Delivered
3144,2021-04-18,513,32,Cancelled
3145,2022-05-11,11,32,Delivered
3146,2023-10-09,658,44,Shipped
3147,2023-10-25,512,1,Cancelled
3148,2023-09-15,605,25,Cancelled
3149,2022-01-22,103,4,Delivered
3150,2023-03-05,889,8,Shipped
3151,2022-01-03,502,26,Shipped
3152,2021-12-31,219,6,Delivered
3153,2021-04-11,683,41,Shipped
3154,2020-03-12,688,6,Delivered
3155,2023-01-26,624,19,Delivered
3156,2022-12-27,84,47,Cancelled
3157,2022-02-06,312,13,Delivered
3158,2022-07-01,223,8,Shipped
3159,2022-04-07,172,51,Delivered
3160,2022-04-12,112,36,Delivered
3161,2023-02-24,737,30,Delivered
3162,2021-01-19,423,30,Delivered
3163,2022-09-27,295,47,Returned
3164,2023-09-30,812,45,Delivered
3165,2022-05-10,551,3,Shipped
3166,2022-01-14,646,22,Shipped
3167,2022-01-15,561,45,Delivered
3168,2021-08-30,192,32,Shipped
3169,2021-03-25,889,21,Delivered
3170,2023-01-14,564,52,Delivered
3171,2023-10-20,678,17,Delivered
3172,2022-04-02,235,34,Delivered
3173,2022-04-20,572,13,Cancelled
3174,2020-02-02,810,25,Inprogress
3175,2021-10-09,662,26,Delivered
3176,2022-10-03,502,21,Delivered
3177,2021-10-27,803,29,Returned
3178,2022-06-16,807,4,Shipped
3179,2023-08-15,571,34,Delivered
3180,2020-03-09,66,39,Delivered
3181,2020-05-18,751,29,Delivered
3182,2020-02-02,100,38,Delivered
3183,2021-02-05,534,34,Delivered
3184,2022-04-13,384,18,Delivered
3185,2023-10-14,231,50,Delivered
3186,2022-12-24,551,33,Inprogress
3187,2023-06-02,860,22,Shipped
3188,2021-05-04,552,4,Delivered
3189,2020-07-29,109,2,Delivered
3190,2021-08-16,86,2,Delivered
3191,2022-12-13,297,50,Delivered
3192,2023-07-02,60,8,Delivered
3193,2020-01-02,849,7,Delivered
3194,2022-02-13,821,48,Inprogress
3195,2022-06-10,556,44,Delivered
3196,2021-04-25,466,33,Cancelled
3197,2021-07-21,359,6,Inprogress
3198,2021-01-07,615,45,Delivered
3199,2022-07-10,248,11,Delivered
3200,2020-12-06,31,51,Returned
3201,2023-04-14,632,6,Delivered
3202,2020-09-22,107,27,Delivered
3203,2023-02-20,548,41,Delivered
3204,2021-09-25,257,30,Delivered
3205,2022-09-25,710,24,Inprogress
3206,2023-05-21,871,17,Shipped
3207,2023-04-20,52,29,Delivered
3208,2023-06-21,13,2,Shipped
3209,2023-08-06,802,36,Shipped
3210,2023-09-25,461,45,Delivered
3211,2022-04-11,95,43,Inprogress
3212,2020-12-05,844,30,Delivered
3213,2020-06-29,303,22,Delivered
3214,2023-06-13,54,51,Cancelled
3215,2021-03-27,735,48,Delivered
3216,2022-03-21,720,52,Shipped
3217,2021-08-18,361,52,Delivered
3218,2022-09-30,109,6,Delivered
3219,2021-07-08,841,4,Delivered
3220,2021-11-21,578,21,Cancelled
3221,2020-07-27,845,34,Delivered
3222,2023-10-23,691,40,Inprogress
3223,2022-02-07,770,10,Delivered
3224,2022-09-06,165,53,Delivered
3225,2020-01-20,790,21,Cancelled
3226,2023-06-05,41,27,Delivered
3227,2022-10-21,82,29,Delivered
3228,2023-05-12,699,19,Shipped
3229,2023-09-16,48,32,Inprogress
3230,2023-04-01,233,47,Delivered
3231,2022-09-08,416,33,Delivered
3232,2021-11-25,238,19,Returned
3233,2020-08-29,54,1,Returned
3234,2022-05-27,206,10,Delivered
3235,2021-05-10,458,48,Inprogress
3236,2021-01-19,870,9,Inprogress
3237,2020-02-10,163,36,Delivered
3238,2020-04-07,473,34,Delivered
3239,2021-07-24,402,54,Delivered
3240,2020-08-24,256,15,Cancelled
3241,2020-07-16,730,11,Shipped
3242,2021-01-01,604,33,Inprogress
3243,2020-01-07,550,2,Delivered
3244,2020-01-20,407,7,Shipped
3245,2020-06-11,75,52,Inprogress
3246,2021-07-27,209,23,Inprogress
3247,2021-11-25,864,40,Delivered
3248,2021-08-23,546,44,Delivered
3249,2022-04-23,662,43,Cancelled
3250,2020-07-22,668,27,Delivered
3251,2020-07-04,207,5,Delivered
3252,2022-12-22,500,48,Returned
3253,2020-04-10,771,1,Delivered
3254,2020-11-25,382,5,Shipped
3255,2022-04-22,730,1,Inprogress
3256,2020-10-19,314,20,Cancelled
3257,2023-09-18,368,19,Inprogress
3258,2022-08-22,174,49,Delivered
3259,2022-02-18,475,28,Delivered
3260,2023-09-11,276,52,Delivered
3261,2021-02-12,540,30,Delivered
3262,2021-09-20,280,51,Delivered
3263,2022-09-03,649,42,Delivered
3264,2021-02-27,466,12,Shipped
3265,2022-10-28,515,36,Shipped
3266,2022-10-23,589,37,Inprogress
3267,2022-04-04,628,28,Delivered
3268,2022-07-13,206,34,Delivered
3269,2023-01-07,687,1,Cancelled
3270,2023-08-11,761,2,Shipped
3271,2020-05-16,35,54,Inprogress
3272,2020-05-14,698,51,Delivered
3273,2023-07-22,343,31,Shipped
3274,2022-12-13,484,52,Delivered
3275,2023-03-17,209,48,Delivered
3276,2023-03-01,371,54,Shipped
3277,2022-06-07,70,54,Delivered
3278,2022-08-08,716,5,Inprogress
3279,2020-07-05,267,38,Inprogress
3280,2021-11-06,489,20,Inprogress
3281,2020-06-14,852,14,Delivered
3282,2020-02-09,381,51,Shipped
3283,2020-08-08,296,38,Delivered
3284,2020-03-01,763,15,Shipped
3285,2021-12-18,751,43,Inprogress
3286,2021-08-07,878,49,Inprogress
3287,2023-12-28,685,49,Delivered
3288,2022-04-15,42,30,Cancelled
3289,2023-12-25,469,10,Delivered
3290,2022-06-06,365,39,Delivered
3291,2023-10-23,506,22,Shipped
3292,2022-07-20,87,1,Inprogress
3293,2020-09-08,755,11,Shipped
3294,2023-11-27,434,53,Delivered
3295,2020-10-19,383,41,Cancelled
3296,2020-07-01,422,44,Returned
3297,2021-04-13,764,6,Cancelled
3298,2021-10-10,667,6,Inprogress
3299,2023-02-22,19,9,Inprogress
3300,2023-01-23,851,6,Inprogress
3301,2020-07-08,689,44,Delivered
3302,2023-04-03,723,7,Inprogress
3303,2020-01-11,482,38,Shipped
3304,2020-06-16,119,18,Inprogress
3305,2022-05-01,861,13,Inprogress
3306,2022-08-04,714,46,Delivered
3307,2023-07-15,877,12,Inprogress
3308,2021-09-07,405,21,Delivered
3309,2020-01-03,443,39,Delivered
3310,2022-04-30,146,44,Shipped
3311,2021-10-17,375,23,Delivered
3312,2021-11-20,347,30,Delivered
3313,2023-12-02,50,12,Delivered
3314,2022-04-25,839,40,Delivered
3315,2021-04-10,237,7,Shipped
3316,2023-11-17,658,20,Cancelled
3317,2022-08-03,150,20,Delivered
3318,2022-08-19,625,45,Delivered
3319,2021-05-29,893,46,Shipped
3320,2020-12-29,482,33,Delivered
3321,2022-09-24,746,7,Shipped
3322,2021-11-01,49,46,Shipped
3323,2021-08-13,547,4,Delivered
3324,2020-08-16,527,50,Delivered
3325,2021-12-19,850,53,Delivered
3326,2022-04-11,66,28,Shipped
3327,2020-03-23,824,35,Delivered
3328,2020-06-22,525,39,Delivered
3329,2022-03-29,340,15,Inprogress
3330,2022-04-28,490,28,Shipped
3331,2020-04-07,476,51,Delivered
3332,2021-06-20,275,36,Delivered
3333,2021-05-15,894,12,Shipped
3334,2021-02-17,368,52,Inprogress
3335,2023-08-11,831,25,Delivered
3336,2021-05-07,139,12,Shipped
3337,2022-06-25,202,37,Delivered
3338,2023-06-02,824,38,Delivered
3339,2021-11-01,256,12,Delivered
3340,2023-11-21,200,30,Delivered
3341,2022-12-09,426,24,Delivered
3342,2023-04-09,505,19,Inprogress
3343,2022-09-23,25,53,Delivered
3344,2021-11-10,327,53,Shipped
3345,2021-02-01,695,4,Shipped
3346,2023-12-30,591,49,Shipped
3347,2022-11-06,141,50,Delivered
3348,2023-02-03,490,33,Cancelled
3349,2022-10-01,156,42,Delivered
3350,2021-05-29,669,45,Inprogress
3351,2020-12-10,779,30,Delivered
3352,2022-11-29,142,13,Inprogress
3353,2021-09-12,760,8,Delivered
3354,2021-07-07,416,1,Delivered
3355,2021-11-07,153,32,Delivered
3356,2020-07-24,850,25,Shipped
3357,2020-08-25,672,21,Delivered
3358,2021-04-19,808,23,Delivered
3359,2023-03-25,394,2,Delivered
3360,2022-01-25,355,27,Inprogress
3361,2022-05-22,87,18,Inprogress
3362,2022-11-18,725,31,Delivered
3363,2023-05-07,172,44,Inprogress
3364,2022-11-14,689,15,Delivered
3365,2020-08-27,619,27,Delivered
3366,2023-06-01,341,11,Inprogress
3367,2020-02-20,452,43,Shipped
3368,2020-05-30,680,2,Delivered
3369,2021-08-04,585,44,Delivered
3370,2020-07-03,158,5,Delivered
3371,2020-09-27,365,36,Delivered
3372,2020-10-02,682,7,Delivered
3373,2023-07-28,134,20,Delivered
3374,2022-11-17,818,42,Delivered
3375,2021-12-25,611,12,Delivered
3376,2022-05-15,833,49,Returned
3377,2020-09-21,821,20,Shipped
3378,2020-01-30,243,5,Inprogress
3379,2021-10-30,249,23,Inprogress
3380,2023-02-27,32,40,Inprogress
3381,2023-05-04,709,17,Inprogress
3382,2023-07-15,747,52,Delivered
3383,2022-04-26,477,4,Delivered
3384,2023-10-25,480,50,Shipped
3385,2022-10-29,325,51,Delivered
3386,2022-10-05,799,50,Cancelled
3387,2021-09-28,809,4,Delivered
3388,2023-12-22,311,40,Delivered
3389,2020-05-19,538,18,Delivered
3390,2022-09-16,223,28,Inprogress
3391,2020-01-07,545,5,Shipped
3392,2023-02-06,374,44,Delivered
3393,2021-12-19,316,15,Delivered
3394,2022-05-01,751,19,Delivered
3395,2021-05-19,274,21,Shipped
3396,2021-12-14,760,18,Delivered
3397,2023-04-30,475,37,Shipped
3398,2021-10-11,299,5,Delivered
3399,2022-04-10,589,8,Inprogress
3400,2022-02-21,320,22,Delivered
3401,2023-12-05,478,14,Delivered
3402,2022-05-08,12,9,Delivered
3403,2020-08-23,387,34,Delivered
3404,2021-10-20,596,25,Cancelled
3405,2020-08-24,202,29,Delivered
3406,2021-03-29,276,53,Delivered
3407,2020-09-08,280,25,Delivered
3408,2020-05-03,306,8,Inprogress
3409,2022-07-22,100,10,Delivered
3410,2021-03-28,272,4,Delivered
3411,2020-11-12,590,42,Shipped
3412,2023-09-21,794,12,Inprogress
3413,2021-11-21,157,26,Cancelled
3414,2021-01-14,552,23,Returned
3415,2021-12-30,606,17,Delivered
3416,2023-11-26,348,40,Delivered
3417,2021-04-30,441,20,Shipped
3418,2020-01-05,508,12,Delivered
3419,2023-07-28,591,3,Shipped
3420,2022-12-08,701,47,Delivered
3421,2022-08-03,410,22,Delivered
3422,2021-03-18,833,21,Inprogress
3423,2023-01-24,264,2,Shipped
3424,2023-03-13,309,50,Delivered
3425,2021-02-12,690,3,Shipped
3426,2022-03-26,100,31,Inprogress
3427,2021-03-29,526,9,Returned
3428,2023-07-27,160,53,Shipped
3429,2021-02-04,202,9,Delivered
3430,2023-11-10,549,36,Delivered
3431,2023-10-12,513,23,Delivered
3432,2020-08-26,743,22,Inprogress
3433,2022-06-05,659,54,Shipped
3434,2021-07-13,427,25,Delivered
3435,2020-11-06,584,35,Delivered
3436,2020-09-15,677,42,Delivered
3437,2020-06-18,280,16,Delivered
3438,2021-09-05,508,22,Delivered
3439,2022-06-19,239,50,Shipped
3440,2020-10-06,200,48,Shipped
3441,2020-04-02,256,38,Delivered
3442,2023-02-18,489,21,Inprogress
3443,2022-03-12,704,45,Delivered
3444,2023-04-26,613,25,Inprogress
3445,2022-10-25,156,18,Delivered
3446,2022-01-17,354,14,Delivered
3447,2021-04-22,573,41,Delivered
3448,2022-09-30,682,13,Shipped
3449,2020-07-30,284,23,Returned
3450,2022-09-26,48,2,Shipped
3451,2022-07-12,158,25,Shipped
3452,2022-01-09,482,24,Delivered
3453,2023-01-25,430,14,Delivered
3454,2023-01-19,289,38,Delivered
3455,2023-12-20,242,33,Cancelled
3456,2020-03-02,771,45,Delivered
3457,2022-07-28,399,18,Delivered
3458,2022-12-11,469,1,Cancelled
3459,2022-02-18,809,3,Returned
3460,2022-01-10,622,8,Shipped
3461,2022-03-13,8,45,Shipped
3462,2022-03-19,601,3,Cancelled
3463,2020-05-21,734,16,Delivered
3464,2021-05-21,621,36,Inprogress
3465,2023-04-16,130,7,Delivered
3466,2020-12-13,589,54,Delivered
3467,2020-11-10,888,5,Returned
3468,2021-02-17,552,27,Delivered
3469,2020-03-08,139,6,Shipped
3470,2023-03-03,537,45,Delivered
3471,2020-11-14,528,47,Cancelled
3472,2023-06-28,797,13,Cancelled
3473,2021-07-22,526,42,Cancelled
3474,2023-05-27,514,16,Inprogress
3475,2020-01-05,225,52,Delivered
3476,2021-01-03,373,48,Returned
3477,2023-08-31,595,1,Delivered
3478,2023-12-04,486,23,Cancelled
3479,2022-02-28,549,40,Delivered
3480,2022-09-21,341,41,Delivered
3481,2023-10-15,397,6,Shipped
3482,2021-11-07,555,1,Delivered
3483,2021-11-05,305,21,Delivered
3484,2020-03-02,114,53,Delivered
3485,2021-04-09,297,29,Inprogress
3486,2022-12-09,646,7,Shipped
3487,2021-11-12,11,12,Delivered
3488,2020-03-16,897,13,Returned
3489,2021-03-30,844,37,Cancelled
3490,2022-07-03,782,31,Delivered
3491,2023-04-01,534,36,Delivered
3492,2020-04-12,1,52,Delivered
3493,2022-09-14,771,17,Inprogress
3494,2023-08-17,573,14,Shipped
3495,2023-07-07,612,26,Inprogress
3496,2020-08-13,93,30,Delivered
3497,2020-11-24,883,29,Delivered
3498,2022-10-16,358,35,Inprogress
3499,2022-11-06,100,38,Delivered
3500,2023-05-16,3,46,Delivered
3501,2021-10-20,118,20,Shipped
3502,2022-12-23,741,26,Returned
3503,2023-08-14,506,36,Cancelled
3504,2022-12-25,662,46,Cancelled
3505,2023-02-13,571,48,Delivered
3506,2022-02-16,174,39,Delivered
3507,2021-07-15,598,19,Inprogress
3508,2021-11-13,28,25,Shipped
3509,2023-07-19,527,10,Delivered
3510,2023-05-18,267,15,Inprogress
3511,2022-05-26,833,29,Delivered
3512,2022-06-27,611,25,Cancelled
3513,2022-07-09,626,12,Delivered
3514,2022-06-01,411,4,Returned
3515,2020-10-25,385,32,Inprogress
3516,2021-09-19,111,47,Delivered
3517,2021-01-14,190,30,Inprogress
3518,2021-11-25,63,49,Delivered
3519,2023-11-29,536,15,Shipped
3520,2020-02-09,832,9,Delivered
3521,2020-08-02,391,43,Delivered
3522,2022-03-17,433,25,Delivered
3523,2020-02-03,662,11,Delivered
3524,2022-08-04,28,54,Inprogress
3525,2023-01-01,116,9,Returned
3526,2023-12-27,840,27,Delivered
3527,2020-01-17,619,24,Inprogress
3528,2022-12-21,609,40,Delivered
3529,2022-11-11,692,21,Delivered
3530,2020-11-04,641,3,Delivered
3531,2021-01-04,391,5,Delivered
3532,2020-03-16,654,32,Cancelled
3533,2021-06-17,305,24,Shipped
3534,2023-11-29,264,35,Delivered
3535,2023-12-19,364,49,Delivered
3536,2023-09-12,475,12,Delivered
3537,2023-10-19,212,7,Delivered
3538,2023-06-11,422,22,Delivered
3539,2022-07-25,129,41,Delivered
3540,2022-01-21,860,48,Delivered
3541,2021-07-01,688,13,Delivered
3542,2021-02-07,662,53,Delivered
3543,2022-01-06,680,48,Delivered
3544,2022-05-18,198,6,Delivered
3545,2023-08-26,792,36,Delivered
3546,2020-12-29,73,39,Cancelled
3547,2023-04-28,889,42,Inprogress
3548,2021-12-15,435,4,Delivered
3549,2022-12-22,539,30,Returned
3550,2022-09-05,211,22,Delivered
3551,2021-09-23,129,14,Delivered
3552,2022-01-22,865,3,Delivered
3553,2023-04-11,172,18,Cancelled
3554,2020-10-16,900,51,Inprogress
3555,2023-06-01,267,2,Delivered
3556,2023-01-31,319,15,Cancelled
3557,2020-06-22,223,40,Returned
3558,2020-10-27,162,29,Cancelled
3559,2021-01-03,70,15,Delivered
3560,2021-10-27,509,52,Delivered
3561,2022-03-22,676,27,Cancelled
3562,2023-02-02,816,47,Delivered
3563,2020-07-31,874,20,Shipped
3564,2023-11-28,380,26,Shipped
3565,2020-05-14,571,14,Inprogress
3566,2020-05-22,120,17,Cancelled
3567,2023-10-04,335,2,Inprogress
3568,2020-05-09,546,52,Inprogress
3569,2022-09-08,850,45,Delivered
3570,2023-08-10,763,8,Delivered
3571,2022-05-23,778,18,Delivered
3572,2020-10-01,90,20,Cancelled
3573,2021-12-01,414,32,Delivered
3574,2021-04-21,155,14,Delivered
3575,2023-03-25,505,37,Delivered
3576,2020-10-25,81,45,Shipped
3577,2021-06-29,53,9,Returned
3578,2023-04-08,249,33,Shipped
3579,2022-05-15,308,17,Inprogress
3580,2021-08-04,92,24,Delivered
3581,2023-12-31,706,7,Delivered
3582,2020-06-16,419,29,Delivered
3583,2021-01-15,402,40,Delivered
3584,2020-06-13,811,44,Shipped
3585,2023-10-24,268,36,Delivered
3586,2021-09-01,487,47,Delivered
3587,2021-11-30,674,6,Inprogress
3588,2021-01-25,595,30,Delivered
3589,2021-01-31,499,26,Delivered
3590,2020-11-26,576,17,Delivered
3591,2020-07-02,354,53,Delivered
3592,2021-02-12,425,8,Delivered
3593,2023-02-19,811,46,Delivered
3594,2020-09-21,535,45,Delivered
3595,2020-07-17,443,18,Returned
3596,2021-03-08,648,47,Delivered
3597,2021-08-23,485,7,Inprogress
3598,2020-12-20,130,33,Delivered
3599,2022-09-05,714,18,Inprogress
3600,2021-11-04,6,44,Shipped
3601,2023-03-01,296,21,Delivered
3602,2021-10-03,54,34,Delivered
3603,2023-11-07,532,3,Shipped
3604,2022-05-31,823,4,Delivered
3605,2022-10-20,760,41,Delivered
3606,2020-01-10,536,6,Delivered
3607,2022-10-21,255,33,Delivered
3608,2021-01-19,251,41,Shipped
3609,2021-05-11,562,5,Delivered
3610,2020-02-18,747,29,Delivered
3611,2022-09-17,734,37,Delivered
3612,2021-02-05,717,1,Inprogress
3613,2023-12-05,5,47,Shipped
3614,2023-07-13,753,23,Shipped
3615,2021-10-03,581,25,Returned
3616,2023-11-15,83,16,Cancelled
3617,2020-03-24,836,9,Delivered
3618,2020-09-13,760,48,Shipped
3619,2022-10-15,419,34,Delivered
3620,2023-06-22,890,22,Delivered
3621,2023-09-11,846,15,Delivered
3622,2021-03-03,147,1,Shipped
3623,2020-04-06,309,54,Delivered
3624,2021-02-12,633,7,Delivered
3625,2021-04-27,489,54,Shipped
3626,2021-12-08,230,33,Inprogress
3627,2023-03-15,434,49,Shipped
3628,2020-02-22,647,18,Inprogress
3629,2020-04-15,359,42,Inprogress
3630,2020-12-23,799,30,Delivered
3631,2023-11-18,373,44,Delivered
3632,2021-09-29,586,41,Delivered
3633,2022-09-03,547,44,Shipped
3634,2023-09-27,288,54,Delivered
3635,2020-12-06,344,24,Delivered
3636,2023-05-15,611,15,Delivered
3637,2023-05-16,193,47,Inprogress
3638,2022-04-07,648,16,Shipped
3639,2022-08-17,208,19,Delivered
3640,2022-01-15,791,46,Inprogress
3641,2022-01-31,471,30,Shipped
3642,2022-01-11,487,33,Shipped
3643,2021-03-08,710,53,Returned
3644,2023-06-15,267,24,Delivered
3645,2020-10-16,478,39,Shipped
3646,2022-04-18,556,29,Delivered
3647,2023-08-09,723,26,Cancelled
3648,2021-03-20,228,30,Delivered
3649,2020-12-29,186,24,Shipped
3650,2022-11-11,469,14,Delivered
3651,2020-12-14,62,2,Delivered
3652,2022-08-08,83,18,Delivered
3653,2022-09-08,123,32,Delivered
3654,2020-09-09,798,46,Shipped
3655,2020-10-17,251,8,Inprogress
3656,2023-09-11,638,27,Inprogress
3657,2021-05-30,739,51,Shipped
3658,2020-06-05,425,38,Delivered
3659,2021-10-10,624,44,Inprogress
3660,2023-03-19,619,54,Inprogress
3661,2023-10-12,379,26,Delivered
3662,2023-08-17,151,27,Delivered
3663,2022-12-12,678,24,Inprogress
3664,2022-05-26,290,39,Delivered
3665,2023-07-20,280,20,Delivered
3666,2021-09-22,595,49,Delivered
3667,2021-09-08,58,14,Cancelled
3668,2020-12-04,350,35,Delivered
3669,2022-06-05,242,34,Inprogress
3670,2021-02-19,748,18,Delivered
3671,2023-01-03,111,36,Inprogress
3672,2020-07-23,624,6,Shipped
3673,2022-05-14,133,33,Delivered
3674,2020-02-03,81,32,Shipped
3675,2020-07-18,328,7,Inprogress
3676,2022-09-02,17,27,Cancelled
3677,2020-01-04,139,29,Shipped
3678,2020-06-21,849,41,Shipped
3679,2020-06-28,765,20,Cancelled
3680,2020-07-16,208,34,Inprogress
3681,2022-05-22,328,50,Shipped
3682,2023-11-01,235,11,Delivered
3683,2022-12-17,102,14,Delivered
3684,2020-04-18,306,47,Delivered
3685,2022-04-04,547,36,Delivered
3686,2023-09-22,447,5,Delivered
3687,2021-03-12,562,11,Shipped
3688,2020-09-09,296,1,Shipped
3689,2023-11-12,444,49,Delivered
3690,2022-09-14,185,3,Cancelled
3691,2021-01-09,245,3,Shipped
3692,2022-09-11,816,39,Inprogress
3693,2021-06-13,194,2,Delivered
3694,2021-02-24,491,52,Inprogress
3695,2020-08-18,472,36,Delivered
3696,2020-09-10,333,23,Delivered
3697,2022-04-15,888,27,Shipped
3698,2022-07-03,493,48,Delivered
3699,2020-11-26,549,49,Inprogress
3700,2023-03-18,688,11,Delivered
3701,2021-04-19,263,32,Delivered
3702,2020-08-31,235,30,Shipped
3703,2023-11-14,94,3,Delivered
3704,2023-06-07,887,33,Shipped
3705,2020-01-08,523,7,Returned
3706,2022-10-13,296,30,Delivered
3707,2021-03-05,545,7,Returned
3708,2022-11-13,549,14,Delivered
3709,2020-11-09,51,51,Shipped
3710,2021-07-21,236,19,Inprogress
3711,2020-04-16,860,5,Delivered
3712,2021-10-06,585,13,Delivered
3713,2023-12-08,811,4,Cancelled
3714,2021-10-14,310,50,Delivered
3715,2020-11-08,120,15,Shipped
3716,2022-07-13,664,7,Delivered
3717,2021-04-02,335,13,Shipped
3718,2023-03-20,173,25,Shipped
3719,2022-09-22,818,52,Delivered
3720,2022-10-12,462,6,Delivered
3721,2021-05-20,408,21,Delivered
3722,2020-06-02,828,49,Shipped
3723,2023-08-26,624,18,Delivered
3724,2021-01-20,376,30,Delivered
3725,2021-10-30,492,25,Delivered
3726,2021-04-21,142,17,Delivered
3727,2023-07-13,110,24,Shipped
3728,2020-03-01,230,37,Inprogress
3729,2023-01-04,493,32,Delivered
3730,2020-02-20,671,41,Delivered
3731,2023-09-29,431,29,Shipped
3732,2021-07-24,100,22,Inprogress
3733,2021-05-20,206,3,Delivered
3734,2021-10-13,154,12,Cancelled
3735,2023-08-30,831,12,Delivered
3736,2023-03-10,77,45,Inprogress
3737,2023-03-18,64,53,Delivered
3738,2022-12-04,73,7,Inprogress
3739,2023-05-14,311,39,Delivered
3740,2022-05-14,169,27,Returned
3741,2021-09-08,680,30,Delivered
3742,2021-01-08,356,7,Delivered
3743,2020-10-13,723,22,Shipped
3744,2020-05-12,54,15,Inprogress
3745,2023-09-19,688,41,Inprogress
3746,2020-05-22,741,14,Shipped
3747,2020-09-19,791,51,Inprogress
3748,2023-02-26,805,12,Inprogress
3749,2021-09-25,39,33,Delivered
3750,2021-06-17,719,10,Shipped
3751,2022-03-27,532,32,Shipped
3752,2023-01-05,399,14,Delivered
3753,2020-09-17,138,39,Delivered
3754,2023-11-17,585,35,Shipped
3755,2022-03-29,560,28,Delivered
3756,2023-10-23,408,36,Returned
3757,2020-06-27,544,22,Delivered
3758,2022-05-01,894,12,Inprogress
3759,2020-05-09,61,48,Delivered
3760,2022-01-09,132,17,Delivered
3761,2021-03-20,262,2,Inprogress
3763,2023-10-06,303,29,Delivered
3764,2022-09-27,390,19,Delivered
3765,2021-12-01,327,32,Shipped
3766,2020-04-07,301,1,Delivered
3767,2020-09-12,306,42,Cancelled
3768,2020-02-27,503,19,Cancelled
3769,2023-05-25,385,22,Delivered
3770,2023-04-25,191,15,Delivered
3771,2021-10-31,229,28,Cancelled
3772,2021-04-02,496,51,Inprogress
3773,2021-07-27,431,24,Inprogress
3774,2022-03-03,20,22,Shipped
3775,2022-05-28,515,13,Shipped
3776,2020-11-08,34,10,Cancelled
3777,2022-06-24,21,15,Shipped
3778,2020-10-07,607,54,Inprogress
3779,2020-01-09,441,41,Delivered
3780,2021-08-25,219,13,Shipped
3781,2021-04-04,365,30,Delivered
3782,2022-03-12,231,48,Delivered
3783,2020-08-03,828,50,Delivered
3784,2020-02-04,221,8,Delivered
3785,2023-04-21,443,43,Delivered
3786,2021-03-24,303,27,Delivered
3787,2022-10-09,539,11,Delivered
3788,2023-12-26,693,36,Delivered
3789,2021-06-13,633,33,Inprogress
3790,2023-05-26,831,47,Delivered
3791,2020-09-07,804,43,Cancelled
3792,2022-04-10,93,4,Delivered
3793,2023-02-22,527,13,Delivered
3794,2020-07-07,790,15,Shipped
3795,2020-01-31,891,29,Shipped
3796,2021-05-31,657,44,Returned
3797,2020-01-08,744,23,Delivered
3798,2023-03-19,426,20,Shipped
3799,2023-12-25,571,24,Delivered
3800,2020-11-02,717,1,Delivered
3801,2021-01-20,356,32,Delivered
3802,2023-02-21,5,16,Delivered
3803,2021-09-09,809,10,Delivered
3804,2022-04-20,653,25,Shipped
3805,2022-05-07,457,2,Delivered
3806,2023-08-29,598,39,Delivered
3807,2021-11-20,103,9,Inprogress
3808,2020-05-02,52,12,Delivered
3809,2021-07-29,502,36,Delivered
3810,2020-02-14,149,49,Returned
3811,2020-09-10,607,37,Shipped
3812,2020-06-01,39,40,Inprogress
3813,2021-06-09,572,6,Inprogress
3814,2021-06-21,573,27,Inprogress
3815,2022-01-04,341,7,Delivered
3816,2020-01-14,847,12,Inprogress
3817,2021-02-15,495,2,Delivered
3818,2022-02-24,744,8,Delivered
3819,2023-05-02,855,4,Inprogress
3820,2022-05-02,664,19,Inprogress
3821,2021-04-27,171,15,Delivered
3822,2022-05-04,869,43,Delivered
3823,2021-08-09,620,26,Cancelled
3824,2020-03-29,423,31,Cancelled
3825,2021-01-04,411,32,Cancelled
3826,2021-10-12,453,2,Shipped
3827,2022-05-07,415,5,Delivered
3828,2023-12-06,869,36,Delivered
3829,2020-09-25,179,38,Shipped
3830,2023-05-05,862,2,Returned
3831,2021-12-13,478,25,Delivered
3832,2021-06-23,796,43,Inprogress
3833,2022-04-08,250,16,Delivered
3834,2020-08-19,18,41,Delivered
3835,2020-01-08,64,43,Shipped
3836,2022-06-30,9,11,Inprogress
3837,2023-11-02,321,20,Delivered
3838,2020-01-14,477,1,Cancelled
3839,2021-06-17,568,28,Delivered
3840,2022-09-15,470,31,Delivered
3841,2022-11-18,599,35,Cancelled
3842,2020-12-02,788,47,Inprogress
3843,2022-08-10,404,29,Delivered
3844,2021-01-13,536,46,Delivered
3845,2021-09-04,385,46,Shipped
3846,2020-08-28,676,45,Delivered
3847,2021-07-30,875,5,Delivered
3848,2023-12-07,621,33,Shipped
3849,2021-03-07,53,20,Delivered
3850,2021-04-10,387,19,Returned
3851,2021-02-10,852,10,Inprogress
3852,2023-04-02,8,37,Inprogress
3853,2022-10-23,816,45,Inprogress
3854,2020-07-13,782,23,Inprogress
3855,2023-04-28,556,30,Inprogress
3856,2022-01-28,10,19,Delivered
3857,2022-09-25,731,9,Cancelled
3858,2023-12-21,48,19,Delivered
3859,2020-01-29,871,4,Delivered
3860,2020-11-09,401,42,Delivered
3861,2020-10-21,674,10,Delivered
3862,2021-04-03,37,39,Delivered
3863,2022-02-04,212,47,Delivered
3864,2020-07-20,624,38,Delivered
3865,2021-02-11,231,24,Delivered
3866,2020-02-01,747,22,Delivered
3867,2022-01-02,543,41,Cancelled
3868,2021-09-01,217,11,Delivered
3869,2021-02-26,388,18,Inprogress
3870,2023-02-21,62,36,Delivered
3871,2023-04-24,400,28,Delivered
3872,2022-05-29,791,47,Delivered
3873,2023-11-02,146,49,Delivered
3874,2021-12-12,585,15,Delivered
3875,2021-09-13,508,51,Shipped
3876,2020-06-16,44,32,Delivered
3877,2020-07-30,593,34,Cancelled
3878,2020-11-24,81,27,Delivered
3879,2023-03-21,649,10,Inprogress
3880,2023-08-07,696,6,Delivered
3881,2021-04-17,168,35,Delivered
3882,2020-06-05,146,4,Cancelled
3883,2021-09-04,623,43,Inprogress
3884,2021-03-07,598,39,Delivered
3885,2023-07-04,274,20,Shipped
3886,2023-10-03,210,42,Shipped
3887,2022-04-14,460,13,Delivered
3888,2021-11-15,700,31,Inprogress
3889,2023-07-03,233,42,Inprogress
3890,2023-11-01,512,18,Delivered
3891,2023-06-26,73,4,Cancelled
3892,2022-06-07,565,49,Shipped
3893,2023-04-19,525,38,Delivered
3894,2020-05-01,696,46,Delivered
3895,2022-12-07,561,37,Shipped
3896,2022-06-27,462,28,Delivered
3897,2022-04-03,805,30,Delivered
3898,2021-12-11,592,22,Shipped
3899,2021-04-25,781,44,Delivered
3900,2020-02-23,441,48,Inprogress
3901,2023-01-26,542,17,Shipped
3902,2021-05-24,200,38,Shipped
3903,2021-08-14,868,28,Delivered
3904,2021-01-14,147,43,Delivered
3905,2022-03-21,396,30,Delivered
3906,2020-02-04,627,43,Delivered
3907,2023-10-01,162,9,Delivered
3908,2021-02-15,661,10,Delivered
3909,2021-08-23,756,27,Delivered
3910,2023-10-10,646,43,Inprogress
3911,2021-08-10,138,45,Delivered
3912,2020-08-16,685,49,Inprogress
3913,2021-01-11,444,42,Shipped
3914,2023-02-01,321,36,Delivered
3915,2023-09-02,249,38,Delivered
3916,2020-12-24,144,34,Delivered
3917,2023-02-03,268,6,Delivered
3918,2020-06-15,563,5,Delivered
3919,2022-11-25,668,33,Delivered
3920,2020-05-22,650,49,Delivered
3921,2023-08-01,575,6,Delivered
3922,2022-08-18,741,7,Shipped
3923,2020-04-28,118,37,Delivered
3924,2023-06-25,251,22,Delivered
3925,2021-06-22,580,17,Shipped
3926,2023-04-13,873,34,Delivered
3927,2020-11-03,198,30,Delivered
3928,2023-05-04,326,47,Shipped
3929,2020-03-20,321,14,Shipped
3930,2020-09-16,416,53,Delivered
3931,2022-06-13,218,43,Delivered
3932,2021-11-27,43,40,Cancelled
3933,2022-01-19,56,18,Delivered
3934,2021-09-25,237,18,Delivered
3935,2020-03-31,118,12,Delivered
3936,2021-06-14,563,8,Delivered
3937,2021-08-08,635,17,Shipped
3938,2022-04-18,737,1,Shipped
3939,2022-08-24,216,29,Delivered
3940,2023-05-03,485,49,Cancelled
3941,2023-04-19,130,10,Returned
3942,2023-09-29,596,29,Delivered
3943,2021-11-05,688,1,Delivered
3944,2021-03-10,369,4,Cancelled
3945,2021-06-09,576,50,Delivered
3946,2023-03-14,562,37,Delivered
3947,2022-08-25,269,16,Delivered
3948,2020-05-30,777,29,Delivered
3949,2020-12-12,40,26,Delivered
3950,2022-12-10,888,16,Shipped
3951,2020-03-14,611,42,Delivered
3952,2021-03-16,393,44,Shipped
3953,2023-07-21,226,24,Delivered
3954,2022-09-08,770,31,Delivered
3955,2023-11-01,693,50,Delivered
3956,2023-12-22,390,44,Delivered
3957,2023-11-25,363,42,Delivered
3958,2023-07-19,14,38,Delivered
3959,2020-08-31,346,18,Delivered
3960,2021-04-21,236,53,Shipped
3961,2022-12-16,810,43,Inprogress
3962,2023-06-23,352,1,Delivered
3963,2020-12-15,871,16,Shipped
3964,2023-11-11,509,52,Delivered
3965,2021-03-12,501,28,Inprogress
3966,2023-04-16,768,51,Inprogress
3967,2022-02-13,777,30,Inprogress
3968,2022-08-08,90,29,Delivered
3969,2022-12-16,608,14,Returned
3970,2020-06-29,466,54,Inprogress
3971,2022-10-31,440,31,Cancelled
3972,2023-04-12,870,11,Shipped
3973,2022-07-26,365,50,Shipped
3974,2021-12-14,621,3,Shipped
3975,2021-03-18,262,30,Delivered
3976,2020-02-28,203,44,Inprogress
3977,2023-10-14,831,11,Inprogress
3978,2021-07-09,510,38,Delivered
3979,2023-10-04,418,34,Delivered
3980,2023-08-25,821,19,Shipped
3981,2023-06-26,197,7,Cancelled
3982,2022-05-03,647,23,Delivered
3983,2020-05-23,268,35,Delivered
3984,2023-12-09,190,23,Delivered
3985,2021-12-18,560,25,Returned
3986,2023-12-12,540,20,Inprogress
3987,2020-02-08,852,46,Inprogress
3988,2023-09-17,678,34,Inprogress
3989,2022-10-25,506,42,Delivered
3990,2023-11-24,163,43,Shipped
3991,2020-12-01,121,51,Delivered
3992,2021-07-03,773,42,Delivered
3993,2023-01-16,809,47,Delivered
3994,2022-02-21,392,2,Delivered
3995,2022-06-22,529,31,Delivered
3996,2023-08-01,462,13,Delivered
3997,2022-06-18,551,20,Delivered
3998,2021-08-21,595,53,Inprogress
3999,2021-08-12,676,51,Inprogress
4000,2021-08-02,219,50,Delivered
4001,2023-02-24,430,26,Cancelled
4002,2020-01-13,525,10,Returned
4003,2022-06-14,762,37,Shipped
4004,2023-07-01,354,47,Shipped
4005,2021-01-02,615,43,Shipped
4006,2022-08-11,154,41,Delivered
4007,2020-10-11,743,21,Delivered
4008,2020-11-06,743,41,Delivered
4009,2020-08-23,19,21,Inprogress
4010,2023-03-26,18,48,Returned
4011,2020-10-21,270,52,Shipped
4012,2022-05-27,253,26,Delivered
4013,2022-02-03,829,35,Delivered
4014,2022-08-01,310,5,Delivered
4015,2020-06-20,392,28,Delivered
4016,2021-12-02,413,5,Delivered
4017,2022-01-11,501,17,Cancelled
4018,2021-04-07,589,45,Delivered
4019,2021-10-07,64,46,Cancelled
4020,2022-10-26,554,49,Delivered
4021,2023-08-22,618,42,Shipped
4022,2020-04-27,621,4,Inprogress
4023,2023-01-31,811,41,Delivered
4024,2023-02-23,414,54,Delivered
4025,2023-06-08,658,49,Delivered
4026,2023-11-27,498,3,Delivered
4027,2021-04-13,579,52,Delivered
4028,2020-03-19,203,54,Delivered
4029,2023-03-22,515,19,Shipped
4030,2021-01-06,532,28,Cancelled
4031,2023-09-16,42,44,Delivered
4032,2023-09-06,550,35,Delivered
4033,2021-06-07,712,53,Shipped
4034,2022-10-24,260,11,Delivered
4035,2020-04-24,396,31,Delivered
4036,2023-08-28,377,11,Delivered
4037,2021-02-12,248,44,Delivered
4038,2020-01-25,239,27,Shipped
4039,2022-06-30,174,6,Delivered
4040,2023-05-09,104,35,Inprogress
4041,2023-05-30,817,31,Shipped
4042,2021-08-18,721,9,Shipped
4043,2020-08-16,480,25,Delivered
4044,2020-07-17,524,3,Returned
4045,2021-12-11,230,21,Shipped
4046,2020-12-19,427,21,Delivered
4047,2023-11-23,484,53,Delivered
4048,2023-01-20,801,40,Delivered
4049,2020-11-29,499,35,Delivered
4050,2023-11-20,846,1,Delivered
4051,2023-12-05,891,39,Delivered
4052,2020-05-01,301,32,Inprogress
4053,2020-05-31,823,35,Inprogress
4054,2023-09-18,208,42,Delivered
4055,2021-04-29,378,54,Returned
4056,2022-12-31,811,9,Delivered
4057,2021-05-30,125,51,Delivered
4058,2023-06-25,466,27,Cancelled
4059,2020-02-29,288,29,Inprogress
4060,2023-04-23,429,33,Shipped
4061,2022-04-13,391,4,Inprogress
4062,2023-01-29,577,47,Shipped
4063,2020-06-09,529,20,Delivered
4064,2023-12-09,423,7,Inprogress
4065,2021-09-21,491,26,Delivered
4066,2020-05-14,663,39,Delivered
4067,2021-01-04,202,14,Shipped
4068,2021-02-08,845,31,Inprogress
4069,2020-10-02,506,36,Inprogress
4070,2020-01-13,824,45,Delivered
4071,2023-11-24,25,25,Delivered
4072,2023-04-01,309,44,Delivered
4073,2021-02-04,488,36,Shipped
4074,2020-08-28,847,34,Delivered
4075,2022-11-13,14,32,Inprogress
4076,2022-05-07,562,17,Delivered
4077,2021-02-27,268,20,Delivered
4078,2021-06-16,862,30,Delivered
4079,2022-08-31,557,13,Cancelled
4080,2022-03-10,361,52,Shipped
4081,2021-07-27,63,25,Shipped
4082,2021-10-20,684,20,Delivered
4083,2020-11-25,453,4,Shipped
4084,2023-03-31,222,51,Delivered
4085,2020-09-06,337,23,Delivered
4086,2021-02-23,832,45,Shipped
4087,2021-08-29,448,53,Delivered
4088,2021-06-21,124,35,Inprogress
4089,2023-10-13,843,47,Delivered
4090,2021-12-18,153,49,Delivered
4091,2021-02-07,250,33,Shipped
4092,2023-05-11,859,50,Delivered
4093,2022-02-08,276,46,Shipped
4094,2023-12-05,306,43,Shipped
4095,2020-03-13,203,13,Returned
4096,2022-04-28,15,39,Inprogress
4097,2021-02-09,290,37,Shipped
4098,2020-05-09,537,14,Delivered
4099,2021-08-20,489,9,Cancelled
4100,2020-01-29,832,8,Inprogress
4101,2023-12-11,434,52,Returned
4102,2023-10-13,559,38,Delivered
4103,2023-05-18,650,8,Inprogress
4104,2020-03-23,41,44,Delivered
4105,2022-10-09,863,27,Delivered
4106,2022-04-14,604,31,Inprogress
4107,2021-05-05,577,22,Delivered
4108,2023-09-23,373,1,Returned
4109,2022-08-20,882,3,Delivered
4110,2021-08-09,709,20,Inprogress
4111,2021-03-31,203,8,Delivered
4112,2021-07-29,440,2,Delivered
4113,2021-12-10,574,4,Cancelled
4114,2023-05-15,239,4,Delivered
4115,2022-03-17,148,26,Shipped
4116,2023-10-31,243,4,Delivered
4117,2021-02-08,527,38,Cancelled
4118,2023-05-08,279,54,Delivered
4119,2023-03-05,356,16,Shipped
4120,2021-09-20,205,41,Shipped
4121,2020-10-26,462,20,Shipped
4122,2022-06-14,485,19,Cancelled
4123,2023-12-28,617,25,Delivered
4124,2020-12-08,307,44,Delivered
4125,2023-11-08,101,20,Shipped
4126,2021-02-25,424,4,Delivered
4127,2020-12-01,386,46,Delivered
4128,2020-09-25,868,40,Delivered
4129,2023-09-29,347,50,Inprogress
4130,2020-12-31,352,41,Shipped
4131,2021-01-18,625,39,Shipped
4132,2021-08-25,674,18,Delivered
4133,2021-02-28,773,19,Delivered
4134,2022-11-27,477,32,Delivered
4135,2021-03-12,841,50,Inprogress
4136,2023-01-20,536,42,Shipped
4137,2023-11-07,594,39,Delivered
4138,2021-11-25,35,34,Delivered
4139,2021-07-14,854,1,Shipped
4140,2023-05-06,625,54,Delivered
4141,2021-02-14,659,7,Delivered
4142,2022-05-16,829,10,Shipped
4143,2022-06-21,10,11,Delivered
4144,2021-07-08,369,1,Shipped
4145,2022-11-03,759,52,Delivered
4146,2022-08-22,227,29,Delivered
4147,2023-01-09,286,41,Shipped
4148,2020-01-10,283,42,Delivered
4149,2022-07-02,20,31,Shipped
4150,2023-04-21,52,4,Delivered
4151,2022-07-20,318,22,Inprogress
4152,2021-03-23,866,28,Delivered
4153,2023-11-23,212,35,Delivered
4154,2021-12-17,316,21,Delivered
4155,2020-02-02,586,28,Delivered
4156,2022-05-23,688,5,Delivered
4157,2022-01-06,156,8,Cancelled
4158,2022-11-11,737,13,Shipped
4159,2020-06-03,739,17,Inprogress
4160,2022-11-25,482,14,Inprogress
4161,2022-07-06,705,2,Cancelled
4162,2022-07-09,76,24,Delivered
4163,2020-11-22,462,50,Delivered
4164,2020-12-08,260,33,Delivered
4165,2021-06-01,386,45,Cancelled
4166,2023-03-04,865,40,Delivered
4167,2022-04-18,452,49,Delivered
4168,2021-10-16,693,26,Delivered
4169,2022-03-23,450,13,Shipped
4170,2022-01-05,506,48,Delivered
4171,2021-05-09,429,1,Delivered
4172,2023-06-30,31,42,Delivered
4173,2021-08-15,558,23,Delivered
4174,2023-11-29,185,29,Inprogress
4175,2023-06-22,491,33,Cancelled
4176,2021-12-17,706,16,Delivered
4177,2021-02-24,884,3,Delivered
4178,2022-05-18,678,2,Inprogress
4179,2021-09-16,15,29,Delivered
4180,2021-09-25,310,13,Delivered
4181,2020-03-11,148,17,Inprogress
4182,2021-07-25,22,10,Shipped
4183,2020-04-02,168,48,Delivered
4184,2021-06-20,577,20,Cancelled
4185,2021-03-29,745,18,Delivered
4186,2020-10-18,220,51,Shipped
4187,2021-06-26,358,25,Delivered
4188,2023-12-24,475,42,Delivered
4189,2022-02-24,650,13,Delivered
4190,2020-01-05,48,21,Inprogress
4191,2021-09-03,558,5,Delivered
4192,2023-05-29,427,52,Inprogress
4193,2022-04-05,606,17,Delivered
4194,2020-04-27,228,1,Delivered
4195,2022-01-13,578,47,Delivered
4196,2023-09-20,368,15,Returned
4197,2022-09-28,190,9,Shipped
4198,2021-02-12,814,6,Inprogress
4199,2021-04-27,148,5,Delivered
4200,2021-11-24,385,46,Cancelled
4201,2021-11-15,616,30,Delivered
4202,2020-12-17,628,13,Delivered
4203,2021-02-21,251,52,Delivered
4204,2020-01-04,357,21,Delivered
4205,2021-09-09,442,35,Delivered
4206,2020-10-08,879,35,Shipped
4207,2021-08-24,355,6,Delivered
4208,2021-04-17,56,11,Delivered
4209,2022-10-20,213,4,Inprogress
4210,2023-05-25,833,12,Delivered
4211,2021-11-28,707,41,Delivered
4212,2020-05-30,496,34,Delivered
4213,2021-04-02,885,23,Delivered
4214,2023-09-17,615,50,Returned
4215,2021-07-12,28,18,Delivered
4216,2022-07-26,750,10,Delivered
4217,2021-11-26,201,17,Delivered
4218,2020-06-24,734,29,Delivered
4219,2023-03-16,583,5,Delivered
4220,2020-10-29,648,22,Delivered
4221,2020-07-14,200,33,Delivered
4222,2020-08-01,300,20,Delivered
4223,2020-09-24,811,18,Cancelled
4224,2021-01-25,578,11,Shipped
4225,2023-08-28,696,33,Delivered
4226,2023-06-24,230,40,Shipped
4227,2022-01-16,532,12,Cancelled
4228,2020-03-22,511,53,Delivered
4229,2021-11-03,621,31,Shipped
4230,2021-01-20,295,21,Cancelled
4231,2023-11-01,711,25,Delivered
4232,2022-11-29,615,48,Returned
4233,2023-12-13,636,30,Delivered
4234,2020-03-27,707,48,Delivered
4235,2020-07-23,504,42,Cancelled
4236,2022-08-01,664,52,Shipped
4237,2023-02-23,748,1,Delivered
4238,2021-11-27,485,36,Inprogress
4239,2020-04-23,294,33,Shipped
4240,2022-06-24,105,19,Delivered
4241,2022-03-27,742,21,Delivered
4242,2023-09-29,35,27,Delivered
4243,2023-06-18,452,20,Inprogress
4244,2020-05-07,898,16,Delivered
4245,2020-03-02,872,11,Delivered
4246,2023-07-16,574,25,Delivered
4247,2020-09-23,14,37,Delivered
4248,2023-11-09,800,31,Cancelled
4249,2021-02-14,278,11,Delivered
4250,2020-09-28,754,44,Inprogress
4251,2020-06-06,881,37,Inprogress
4252,2020-07-28,655,6,Shipped
4253,2022-05-15,2,50,Delivered
4254,2020-01-08,649,46,Shipped
4255,2023-07-21,885,26,Delivered
4256,2022-07-01,728,7,Shipped
4257,2020-08-05,742,13,Delivered
4258,2020-12-10,386,12,Delivered
4259,2022-04-15,401,26,Delivered
4260,2023-11-09,372,8,Delivered
4261,2021-01-06,502,4,Delivered
4262,2020-08-10,474,2,Delivered
4263,2020-03-20,867,28,Delivered
4264,2021-09-03,133,14,Delivered
4265,2021-06-27,211,16,Cancelled
4266,2021-09-24,823,54,Delivered
4267,2020-09-23,125,35,Cancelled
4268,2022-01-10,890,7,Delivered
4269,2020-09-08,619,10,Delivered
4270,2023-10-08,794,19,Inprogress
4271,2021-10-18,303,11,Delivered
4272,2023-07-11,131,9,Delivered
4273,2022-08-02,8,4,Delivered
4274,2022-09-01,783,52,Delivered
4275,2023-02-16,223,4,Delivered
4276,2022-04-30,610,4,Inprogress
4277,2020-10-13,333,47,Inprogress
4278,2021-03-24,287,43,Delivered
4279,2020-02-26,674,26,Inprogress
4280,2020-10-06,836,14,Inprogress
4281,2021-07-21,70,1,Delivered
4282,2020-01-09,258,31,Returned
4283,2021-12-26,301,47,Shipped
4284,2021-08-28,703,48,Inprogress
4285,2020-12-10,333,31,Delivered
4286,2023-11-09,638,29,Shipped
4287,2022-06-14,601,27,Returned
4288,2021-08-17,489,9,Delivered
4289,2021-08-03,91,41,Delivered
4290,2022-08-08,29,38,Delivered
4291,2022-09-12,161,5,Delivered
4292,2020-09-06,510,26,Delivered
4293,2022-02-24,348,30,Returned
4294,2023-06-17,738,11,Delivered
4295,2021-05-17,784,33,Delivered
4296,2022-08-03,849,8,Delivered
4297,2022-05-14,448,49,Delivered
4298,2020-05-21,11,17,Delivered
4299,2020-02-18,268,10,Delivered
4300,2022-12-25,153,50,Shipped
4301,2022-10-27,689,29,Shipped
4302,2023-01-05,659,3,Shipped
4303,2022-04-16,443,39,Shipped
4304,2020-03-20,411,27,Shipped
4305,2020-11-03,546,26,Delivered
4306,2020-08-19,166,29,Cancelled
4307,2023-09-25,51,2,Delivered
4308,2020-02-01,792,45,Cancelled
4309,2021-03-05,581,10,Delivered
4310,2020-10-07,307,53,Delivered
4311,2021-11-25,714,47,Shipped
4312,2021-05-22,410,45,Delivered
4313,2021-08-07,167,19,Delivered
4314,2023-11-25,154,31,Delivered
4315,2021-03-20,72,17,Shipped
4316,2023-12-28,121,6,Delivered
4317,2022-10-30,816,37,Inprogress
4318,2020-06-25,666,22,Shipped
4319,2021-11-11,278,6,Shipped
4320,2020-09-11,494,1,Delivered
4321,2020-02-12,719,45,Delivered
4322,2020-12-03,213,43,Inprogress
4323,2022-10-05,113,44,Inprogress
4324,2023-05-20,111,37,Delivered
4325,2022-06-13,317,33,Cancelled
4326,2022-02-09,352,25,Delivered
4327,2023-04-30,105,12,Cancelled
4328,2022-02-26,186,25,Delivered
4329,2020-07-17,234,10,Delivered
4330,2022-09-03,643,17,Shipped
4331,2021-04-04,141,52,Delivered
4332,2021-07-23,143,16,Shipped
4333,2022-01-27,19,32,Cancelled
4334,2020-12-11,358,15,Cancelled
4335,2020-10-23,378,30,Delivered
4336,2022-01-14,801,15,Inprogress
4337,2022-07-31,785,49,Inprogress
4338,2022-10-21,895,41,Shipped
4339,2021-10-05,674,12,Shipped
4340,2021-10-09,716,1,Delivered
4341,2021-01-16,744,16,Delivered
4342,2020-05-18,521,47,Inprogress
4343,2020-11-08,694,5,Cancelled
4344,2021-12-26,128,18,Shipped
4345,2023-09-01,387,33,Inprogress
4346,2023-05-13,389,7,Cancelled
4347,2022-03-02,493,2,Shipped
4348,2022-03-23,226,38,Shipped
4349,2020-08-25,341,1,Delivered
4350,2020-08-28,273,10,Delivered
4351,2020-09-05,116,35,Delivered
4352,2022-12-16,465,43,Delivered
4353,2022-01-05,501,48,Delivered
4354,2023-07-18,490,3,Delivered
4355,2023-06-06,2,16,Inprogress
4356,2021-03-31,570,19,Returned
4357,2023-02-01,661,54,Delivered
4358,2021-12-04,131,18,Inprogress
4359,2022-05-05,218,48,Inprogress
4360,2020-10-15,250,23,Delivered
4361,2023-09-22,259,47,Shipped
4362,2023-12-23,315,52,Inprogress
4363,2023-08-10,190,46,Delivered
4364,2023-06-22,685,39,Delivered
4365,2021-09-06,299,46,Delivered
4366,2020-05-10,314,16,Delivered
4367,2023-12-17,306,28,Delivered
4368,2020-12-04,486,14,Inprogress
4369,2020-11-01,255,45,Delivered
4370,2021-04-02,274,44,Inprogress
4371,2023-12-29,604,37,Delivered
4372,2021-05-26,459,44,Delivered
4373,2021-06-18,515,4,Shipped
4374,2022-04-02,804,47,Delivered
4375,2023-03-11,423,40,Delivered
4376,2021-05-03,97,53,Delivered
4377,2020-01-17,900,19,Delivered
4378,2021-10-08,400,43,Delivered
4379,2020-01-27,506,25,Shipped
4380,2022-09-11,840,49,Delivered
4381,2020-01-29,98,23,Delivered
4382,2022-12-17,611,40,Delivered
4383,2021-06-25,765,32,Cancelled
4384,2023-01-02,204,12,Inprogress
4385,2023-07-25,7,23,Delivered
4386,2020-08-30,674,33,Delivered
4387,2021-03-28,433,46,Inprogress
4388,2020-04-28,754,22,Shipped
4389,2021-04-30,17,16,Delivered
4390,2020-11-08,722,27,Inprogress
4391,2023-02-11,829,13,Cancelled
4392,2021-06-30,120,32,Delivered
4393,2020-06-18,337,19,Delivered
4394,2021-09-22,316,33,Shipped
4395,2023-06-17,633,44,Delivered
4396,2020-03-03,7,28,Shipped
4397,2021-08-17,351,6,Shipped
4398,2022-06-13,37,8,Delivered
4399,2023-01-29,626,50,Shipped
4400,2020-11-17,419,39,Delivered
4401,2020-06-07,584,7,Delivered
4402,2021-01-12,745,27,Returned
4403,2022-10-11,630,52,Shipped
4404,2023-05-23,457,32,Returned
4405,2022-12-27,562,43,Delivered
4406,2023-09-03,165,41,Delivered
4407,2021-12-04,558,47,Delivered
4408,2022-01-13,534,48,Cancelled
4409,2021-07-16,757,44,Shipped
4410,2023-11-14,589,49,Delivered
4411,2022-02-24,159,26,Inprogress
4412,2022-05-08,21,5,Inprogress
4413,2021-06-13,64,35,Cancelled
4414,2022-04-14,496,36,Shipped
4415,2020-06-03,362,23,Delivered
4416,2021-01-27,883,53,Delivered
4417,2020-02-21,563,30,Inprogress
4418,2023-11-20,825,10,Shipped
4419,2020-04-09,570,14,Delivered
4420,2021-06-16,372,33,Delivered
4421,2022-01-12,357,5,Inprogress
4422,2021-02-21,867,34,Shipped
4423,2021-01-08,793,3,Delivered
4424,2020-10-06,117,13,Delivered
4425,2023-12-24,289,28,Delivered
4426,2022-01-17,556,3,Inprogress
4427,2021-10-09,607,24,Shipped
4428,2020-01-30,579,8,Delivered
4429,2022-04-27,457,37,Shipped
4430,2020-07-24,717,48,Shipped
4431,2020-11-20,726,37,Inprogress
4432,2023-07-04,759,9,Shipped
4433,2020-11-11,51,25,Returned
4434,2020-06-12,41,2,Delivered
4435,2023-02-27,498,46,Inprogress
4436,2023-03-18,282,12,Shipped
4437,2021-08-26,561,38,Delivered
4438,2022-04-02,817,34,Delivered
4439,2023-01-14,664,5,Delivered
4440,2020-02-18,130,2,Delivered
4441,2023-01-15,799,37,Shipped
4442,2020-01-20,68,22,Delivered
4443,2020-01-04,486,45,Shipped
4444,2022-01-15,482,12,Shipped
4445,2021-03-12,207,17,Cancelled
4446,2020-05-16,821,13,Delivered
4447,2020-09-13,682,17,Delivered
4448,2021-04-15,155,21,Delivered
4449,2022-07-17,810,33,Shipped
4450,2023-06-09,107,47,Inprogress
4451,2022-01-30,771,11,Delivered
4452,2020-09-12,618,1,Shipped
4453,2022-09-30,393,11,Inprogress
4454,2023-12-21,719,38,Delivered
4455,2021-07-30,824,17,Returned
4456,2020-03-09,866,9,Delivered
4457,2023-12-28,183,4,Shipped
4458,2020-04-12,164,7,Delivered
4459,2023-07-31,237,27,Inprogress
4460,2023-08-09,529,25,Delivered
4461,2020-08-11,544,38,Delivered
4462,2020-07-09,11,30,Inprogress
4463,2020-03-13,884,49,Delivered
4464,2023-07-06,357,23,Delivered
4465,2022-11-12,219,43,Inprogress
4466,2020-05-01,785,11,Shipped
4467,2020-03-24,146,13,Delivered
4468,2021-04-08,364,12,Cancelled
4469,2021-11-22,414,23,Delivered
4470,2020-09-11,466,26,Delivered
4471,2021-01-12,661,51,Shipped
4472,2022-03-13,632,9,Delivered
4473,2021-07-21,492,39,Cancelled
4474,2020-01-19,17,40,Delivered
4475,2022-08-09,477,17,Delivered
4476,2020-06-15,478,13,Shipped
4477,2021-01-24,298,30,Shipped
4478,2021-04-08,379,4,Inprogress
4479,2022-01-03,793,9,Inprogress
4480,2021-09-10,408,42,Delivered
4481,2021-02-16,477,33,Delivered
4482,2020-11-10,802,29,Shipped
4483,2020-05-30,819,9,Shipped
4484,2020-09-16,679,23,Shipped
4485,2023-04-19,603,24,Delivered
4486,2021-08-03,108,18,Delivered
4487,2021-05-20,379,12,Inprogress
4488,2023-10-15,557,17,Delivered
4489,2023-05-09,416,20,Shipped
4490,2020-09-18,860,48,Delivered
4491,2020-08-04,608,5,Delivered
4492,2021-07-12,201,40,Delivered
4493,2023-04-12,436,37,Inprogress
4494,2021-09-01,773,12,Delivered
4495,2021-06-25,393,3,Delivered
4496,2021-03-09,530,24,Delivered
4497,2022-10-24,525,13,Cancelled
4498,2023-04-26,839,4,Shipped
4499,2022-06-27,539,18,Delivered
4500,2021-11-19,306,4,Inprogress
4501,2023-07-10,551,42,Delivered
4502,2022-03-21,199,27,Delivered
4503,2021-04-23,797,6,Delivered
4504,2022-05-06,607,6,Delivered
4505,2022-07-24,692,21,Delivered
4506,2021-09-28,655,25,Delivered
4507,2021-12-06,716,42,Delivered
4508,2023-07-09,474,29,Delivered
4509,2020-02-11,301,21,Shipped
4510,2020-02-20,181,48,Inprogress
4511,2022-11-06,285,23,Delivered
4512,2022-04-18,715,38,Shipped
4513,2021-10-17,842,30,Delivered
4514,2020-10-08,307,39,Delivered
4515,2022-05-28,125,54,Delivered
4516,2021-02-09,173,36,Delivered
4517,2023-01-14,881,54,Inprogress
4518,2021-03-20,310,26,Shipped
4519,2023-01-05,560,17,Delivered
4520,2021-03-17,493,21,Inprogress
4521,2020-05-20,199,10,Delivered
4522,2021-11-24,92,29,Delivered
4523,2020-12-21,628,51,Cancelled
4524,2022-12-26,76,12,Delivered
4525,2023-10-19,496,7,Delivered
4526,2020-11-19,554,53,Inprogress
4527,2020-07-01,519,24,Delivered
4528,2021-08-27,723,22,Shipped
4529,2022-05-31,126,43,Delivered
4530,2021-04-01,882,17,Cancelled
4531,2021-09-21,182,53,Shipped
4532,2021-02-07,177,52,Cancelled
4533,2020-04-19,36,53,Shipped
4534,2021-09-14,150,39,Returned
4535,2021-05-25,631,2,Delivered
4536,2022-12-26,271,23,Delivered
4537,2023-02-11,62,46,Inprogress
4538,2023-09-13,788,20,Returned
4539,2021-11-17,587,32,Delivered
4540,2023-09-03,213,51,Delivered
4541,2020-10-23,76,46,Delivered
4542,2022-03-13,727,43,Delivered
4543,2022-11-23,561,1,Delivered
4544,2021-05-31,741,39,Inprogress
4545,2023-05-16,457,17,Shipped
4546,2023-09-24,865,53,Shipped
4547,2021-07-28,548,42,Delivered
4548,2023-06-24,489,31,Shipped
4549,2020-07-30,824,33,Inprogress
4550,2021-02-25,548,10,Delivered
4551,2023-05-22,341,48,Shipped
4552,2023-08-27,63,50,Inprogress
4553,2023-05-03,863,47,Delivered
4554,2021-02-06,754,15,Inprogress
4555,2020-08-08,862,21,Returned
4556,2020-08-21,133,24,Cancelled
4557,2023-08-26,767,30,Delivered
4558,2021-02-12,199,17,Shipped
4559,2023-01-23,372,13,Delivered
4560,2020-12-20,605,28,Delivered
4561,2021-08-18,233,6,Shipped
4562,2023-07-25,886,13,Inprogress
4563,2023-11-22,751,34,Shipped
4564,2021-02-22,123,27,Delivered
4565,2023-08-17,87,33,Shipped
4566,2021-09-05,876,37,Delivered
4567,2021-01-21,739,1,Delivered
4568,2021-05-08,674,31,Inprogress
4569,2023-12-28,360,54,Delivered
4570,2021-07-14,593,16,Delivered
4571,2021-06-18,667,3,Shipped
4572,2020-06-27,489,35,Cancelled
4573,2022-08-11,887,45,Inprogress
4574,2021-02-28,703,5,Delivered
4575,2022-02-20,886,12,Delivered
4576,2023-02-10,583,6,Delivered
4577,2021-04-02,195,47,Delivered
4578,2021-11-22,802,53,Cancelled
4579,2022-03-27,695,20,Shipped
4580,2020-12-18,357,41,Delivered
4581,2022-05-03,823,16,Cancelled
4582,2022-02-28,339,36,Delivered
4583,2021-03-25,667,50,Delivered
4584,2021-01-03,740,27,Delivered
4585,2020-12-12,218,10,Delivered
4586,2021-05-18,198,39,Delivered
4587,2023-08-15,289,26,Inprogress
4588,2021-07-29,65,28,Delivered
4589,2020-08-29,478,10,Inprogress
4590,2022-01-27,741,51,Delivered
4591,2022-04-24,455,48,Delivered
4592,2022-12-02,771,28,Delivered
4593,2022-11-14,795,19,Delivered
4594,2020-06-08,863,33,Delivered
4595,2021-10-10,698,8,Delivered
4596,2023-02-08,785,31,Inprogress
4597,2021-06-25,750,50,Delivered
4598,2020-01-29,368,54,Delivered
4599,2023-06-26,518,13,Delivered
4600,2022-11-06,670,1,Cancelled
4601,2021-05-04,651,41,Shipped
4602,2020-10-29,388,54,Delivered
4603,2022-01-22,100,2,Inprogress
4604,2021-05-29,716,22,Delivered
4605,2022-11-14,516,8,Inprogress
4606,2021-09-28,795,26,Delivered
4607,2023-11-08,49,13,Shipped
4608,2021-03-13,748,45,Delivered
4609,2022-04-20,267,51,Inprogress
4610,2021-12-18,686,1,Delivered
4611,2023-01-14,451,13,Shipped
4612,2021-10-06,614,36,Delivered
4613,2020-03-25,760,22,Delivered
4614,2022-07-12,268,46,Delivered
4615,2021-08-15,10,24,Delivered
4616,2022-10-20,717,48,Shipped
4617,2020-03-06,728,51,Delivered
4618,2022-12-25,620,49,Inprogress
4619,2020-06-13,1,28,Cancelled
4620,2023-10-12,766,20,Delivered
4621,2021-02-11,564,12,Delivered
4622,2020-12-26,334,11,Delivered
4623,2023-09-22,534,31,Shipped
4624,2020-01-11,800,4,Inprogress
4625,2023-03-29,776,50,Delivered
4626,2022-03-25,900,30,Delivered
4627,2021-12-11,117,53,Inprogress
4628,2021-04-05,611,45,Inprogress
4629,2021-01-22,792,30,Shipped
4630,2021-03-25,694,15,Shipped
4631,2021-01-30,671,18,Delivered
4632,2021-06-15,456,38,Returned
4633,2022-03-02,836,44,Shipped
4634,2022-07-13,268,42,Inprogress
4635,2021-05-28,484,15,Delivered
4636,2023-11-02,377,13,Inprogress
4637,2023-10-23,393,30,Delivered
4638,2022-07-12,443,22,Delivered
4639,2023-04-17,424,23,Delivered
4640,2022-09-03,622,4,Cancelled
4641,2020-09-12,466,48,Cancelled
4642,2021-06-14,878,23,Delivered
4643,2021-06-29,636,40,Delivered
4644,2020-11-01,877,45,Delivered
4645,2023-04-23,557,7,Delivered
4646,2020-08-22,370,28,Delivered
4647,2020-12-20,585,2,Delivered
4648,2022-05-18,372,11,Delivered
4649,2021-06-11,300,28,Delivered
4650,2021-09-05,725,28,Returned
4651,2021-03-20,87,19,Shipped
4652,2022-12-25,577,12,Delivered
4653,2021-11-25,17,4,Delivered
4654,2023-05-11,54,25,Returned
4655,2022-04-30,469,52,Shipped
4656,2022-08-06,590,21,Shipped
4657,2023-01-30,826,5,Returned
4658,2022-12-25,196,34,Delivered
4659,2022-09-18,481,25,Inprogress
4660,2020-06-17,360,37,Delivered
4661,2021-08-06,452,28,Returned
4662,2023-06-20,364,51,Inprogress
4663,2021-02-16,707,31,Shipped
4664,2022-06-15,38,18,Delivered
4665,2020-11-26,317,9,Delivered
4666,2020-09-16,408,11,Cancelled
4667,2023-11-05,754,54,Delivered
4668,2021-02-01,684,2,Inprogress
4669,2020-11-18,646,37,Inprogress
4670,2023-07-12,757,26,Delivered
4671,2020-02-03,10,32,Delivered
4672,2020-02-07,24,13,Shipped
4673,2021-10-22,609,51,Shipped
4674,2021-04-01,689,2,Delivered
4675,2023-04-28,97,11,Delivered
4676,2023-03-06,68,26,Cancelled
4677,2021-06-16,436,35,Inprogress
4678,2023-05-27,224,25,Delivered
4679,2021-01-04,746,49,Shipped
4680,2021-01-09,695,7,Shipped
4681,2020-07-06,504,47,Delivered
4682,2023-12-14,540,48,Delivered
4683,2020-11-14,276,29,Returned
4684,2021-08-19,707,10,Delivered
4685,2022-09-22,82,29,Delivered
4686,2022-10-24,526,26,Shipped
4687,2023-10-01,495,44,Delivered
4688,2022-07-13,820,35,Shipped
4689,2022-07-24,795,22,Delivered
4690,2021-11-15,600,37,Cancelled
4691,2020-05-30,599,35,Delivered
4692,2020-02-14,213,25,Delivered
4693,2020-07-06,699,37,Cancelled
4694,2021-09-10,314,37,Inprogress
4695,2020-10-27,37,28,Shipped
4696,2021-09-26,663,1,Inprogress
4697,2020-03-13,825,53,Shipped
4698,2022-07-01,655,45,Shipped
4699,2022-05-03,35,21,Shipped
4700,2023-06-12,29,1,Returned
4701,2021-03-25,234,21,Delivered
4702,2022-06-25,833,52,Shipped
4703,2021-09-11,201,32,Shipped
4704,2022-01-24,743,19,Inprogress
4705,2023-05-19,138,26,Delivered
4706,2021-10-22,802,7,Delivered
4707,2022-12-13,135,40,Shipped
4708,2022-08-15,576,8,Delivered
4709,2021-02-06,211,20,Inprogress
4710,2022-04-03,784,4,Delivered
4711,2020-07-26,254,8,Shipped
4712,2022-08-13,259,36,Delivered
4713,2020-05-24,767,46,Delivered
4714,2022-08-06,398,28,Delivered
4715,2021-02-17,257,11,Delivered
4716,2022-09-22,70,24,Returned
4717,2022-08-11,380,14,Shipped
4718,2020-11-09,650,48,Shipped
4719,2020-04-23,387,37,Shipped
4720,2023-03-19,45,34,Delivered
4721,2021-10-15,888,17,Inprogress
4722,2022-10-21,565,13,Delivered
4723,2020-03-29,568,38,Delivered
4724,2021-09-08,423,47,Cancelled
4725,2021-06-25,7,36,Delivered
4726,2021-05-28,230,15,Delivered
4727,2020-01-06,460,12,Returned
4728,2021-05-22,441,4,Inprogress
4729,2023-08-17,364,4,Delivered
4730,2023-12-29,784,21,Delivered
4731,2023-07-08,539,8,Delivered
4732,2023-10-15,820,20,Delivered
4733,2023-05-03,847,43,Delivered
4734,2020-09-08,628,35,Delivered
4735,2021-01-10,356,25,Delivered
4736,2020-10-05,725,18,Delivered
4737,2020-03-22,632,14,Delivered
4738,2022-08-16,664,28,Delivered
4739,2023-10-16,693,37,Shipped
4740,2022-03-12,847,34,Shipped
4741,2021-12-21,60,27,Shipped
4742,2022-11-22,11,37,Shipped
4743,2020-10-11,160,8,Delivered
4744,2021-10-30,558,9,Delivered
4745,2021-09-01,512,29,Delivered
4746,2021-10-18,529,32,Inprogress
4747,2022-12-19,593,46,Delivered
4748,2023-06-04,707,45,Delivered
4749,2021-08-31,208,49,Delivered
4750,2020-01-12,358,33,Delivered
4751,2023-12-22,673,53,Delivered
4752,2020-02-21,202,18,Delivered
4753,2022-01-14,741,47,Delivered
4754,2020-07-07,715,41,Cancelled
4755,2020-02-09,559,40,Delivered
4756,2023-08-24,358,27,Shipped
4757,2023-03-25,562,54,Shipped
4758,2020-08-19,579,42,Inprogress
4759,2023-02-21,365,45,Cancelled
4760,2020-09-03,820,1,Shipped
4761,2021-04-27,553,31,Delivered
4762,2021-08-31,1,7,Delivered
4763,2021-12-02,808,34,Inprogress
4764,2021-04-13,313,23,Delivered
4765,2023-02-12,340,12,Delivered
4766,2020-06-27,804,4,Shipped
4767,2020-08-18,676,5,Inprogress
4768,2022-08-15,360,6,Delivered
4769,2022-12-13,13,40,Delivered
4770,2022-03-09,251,38,Inprogress
4771,2023-03-13,682,2,Delivered
4772,2022-02-20,857,33,Delivered
4773,2020-04-14,872,34,Cancelled
4774,2021-09-01,193,14,Inprogress
4775,2020-03-16,658,42,Returned
4776,2021-09-22,497,22,Shipped
4777,2021-04-26,440,37,Delivered
4778,2021-03-23,447,29,Delivered
4779,2020-03-05,862,26,Returned
4780,2022-08-01,721,36,Delivered
4781,2023-06-15,347,37,Inprogress
4782,2021-12-08,857,34,Delivered
4783,2023-10-09,702,27,Shipped
4784,2021-10-11,251,25,Delivered
4785,2020-01-06,49,42,Delivered
4786,2021-05-02,357,39,Inprogress
4787,2023-03-07,689,13,Delivered
4788,2022-02-10,165,27,Delivered
4789,2020-06-08,898,54,Shipped
4790,2023-01-21,390,42,Cancelled
4791,2021-05-07,357,41,Cancelled
4792,2020-02-13,50,47,Delivered
4793,2021-11-06,238,50,Returned
4794,2023-05-27,893,43,Inprogress
4795,2021-08-20,121,21,Delivered
4796,2021-04-15,411,50,Inprogress
4797,2022-08-18,607,33,Delivered
4798,2021-10-04,213,7,Inprogress
4799,2022-10-09,413,44,Delivered
4800,2020-12-04,513,36,Inprogress
4801,2020-09-20,153,16,Inprogress
4802,2022-04-25,639,9,Shipped
4803,2023-08-29,735,1,Cancelled
4804,2023-09-22,365,34,Delivered
4805,2022-10-08,271,44,Delivered
4806,2021-11-05,435,37,Delivered
4807,2023-01-18,770,12,Delivered
4808,2021-04-04,381,4,Delivered
4809,2022-10-31,730,31,Delivered
4810,2023-03-16,31,35,Inprogress
4811,2023-07-18,631,28,Cancelled
4812,2023-05-04,270,30,Shipped
4813,2023-07-23,45,32,Delivered
4814,2020-08-28,514,22,Shipped
4815,2020-10-01,429,52,Delivered
4816,2023-06-16,234,33,Delivered
4817,2020-03-06,153,38,Shipped
4818,2022-04-07,21,22,Shipped
4819,2020-02-09,769,7,Shipped
4820,2022-08-04,776,44,Inprogress
4821,2020-05-02,665,31,Inprogress
4822,2023-01-02,601,12,Delivered
4823,2023-01-12,886,28,Delivered
4824,2021-08-01,788,51,Shipped
4825,2022-01-21,201,54,Shipped
4826,2022-06-12,778,6,Returned
4827,2022-07-02,198,3,Delivered
4828,2022-08-24,366,2,Shipped
4829,2022-02-20,35,9,Delivered
4830,2023-06-04,479,45,Delivered
4831,2022-09-17,366,45,Cancelled
4832,2021-06-25,216,50,Delivered
4833,2021-04-03,488,35,Delivered
4834,2022-08-14,728,48,Inprogress
4835,2021-12-10,622,50,Delivered
4836,2022-03-15,483,30,Delivered
4837,2020-02-13,422,19,Delivered
4838,2023-10-23,32,53,Delivered
4839,2020-08-05,236,18,Inprogress
4840,2023-09-12,738,10,Shipped
4841,2020-05-15,833,13,Delivered
4842,2023-08-21,825,49,Delivered
4843,2021-12-24,354,46,Cancelled
4844,2023-09-25,124,38,Delivered
4845,2022-03-01,33,39,Delivered
4846,2020-10-09,62,44,Shipped
4847,2023-10-27,695,2,Delivered
4848,2022-03-06,540,49,Inprogress
4849,2020-09-09,775,1,Delivered
4850,2021-06-20,746,17,Shipped
4851,2022-01-15,152,45,Delivered
4852,2023-07-18,194,54,Delivered
4853,2022-10-06,784,2,Cancelled
4854,2023-01-24,844,49,Delivered
4855,2022-08-02,611,22,Delivered
4856,2021-08-05,433,5,Delivered
4857,2022-01-27,520,7,Delivered
4858,2021-05-24,881,32,Delivered
4859,2021-04-23,295,2,Delivered
4860,2023-06-04,897,13,Delivered
4861,2022-12-10,765,47,Shipped
4862,2021-04-07,563,20,Delivered
4863,2021-04-21,223,36,Shipped
4864,2020-10-30,804,53,Shipped
4865,2021-07-20,397,41,Inprogress
4866,2020-09-26,313,50,Shipped
4867,2022-02-17,385,20,Returned
4868,2022-12-12,599,41,Shipped
4869,2022-05-03,322,38,Shipped
4870,2021-09-23,675,13,Returned
4871,2022-07-02,661,20,Delivered
4872,2022-01-04,519,16,Delivered
4873,2020-10-18,630,2,Delivered
4874,2022-05-10,797,40,Inprogress
4875,2021-06-11,135,5,Delivered
4876,2023-02-04,569,15,Delivered
4877,2021-07-29,597,20,Delivered
4878,2023-02-28,126,10,Inprogress
4879,2021-03-01,172,22,Inprogress
4880,2020-02-12,616,43,Delivered
4881,2023-01-01,438,54,Shipped
4882,2023-10-31,654,36,Shipped
4883,2023-03-03,104,5,Shipped
4884,2023-11-12,478,33,Inprogress
4885,2021-05-16,784,9,Delivered
4886,2020-11-04,276,31,Delivered
4887,2022-11-20,579,39,Cancelled
4888,2021-05-29,255,50,Inprogress
4889,2021-08-18,579,21,Cancelled
4890,2021-03-28,828,9,Shipped
4891,2020-03-11,662,3,Delivered
4892,2021-11-04,586,39,Delivered
4893,2022-11-13,706,24,Delivered
4894,2021-03-10,545,17,Delivered
4895,2023-02-19,101,11,Delivered
4896,2020-03-08,217,54,Delivered
4897,2022-05-29,804,12,Shipped
4898,2020-08-13,863,2,Shipped
4899,2023-12-22,296,35,Delivered
4900,2023-11-02,460,22,Inprogress
4901,2023-11-27,667,23,Inprogress
4902,2020-12-28,488,15,Shipped
4903,2021-12-08,463,52,Cancelled
4904,2021-09-19,655,16,Delivered
4905,2020-10-28,687,41,Delivered
4906,2020-12-16,374,14,Cancelled
4907,2020-01-05,142,3,Cancelled
4908,2022-02-21,194,53,Delivered
4909,2020-07-10,97,2,Inprogress
4910,2023-10-17,763,27,Delivered
4911,2021-01-17,269,7,Inprogress
4912,2023-01-05,340,13,Shipped
4913,2020-06-17,33,54,Shipped
4914,2023-04-28,834,35,Delivered
4915,2020-01-08,329,49,Delivered
4916,2020-11-22,615,44,Delivered
4917,2023-04-12,839,17,Shipped
4918,2020-08-04,433,20,Delivered
4919,2021-06-17,619,5,Delivered
4920,2023-10-03,351,3,Delivered
4921,2023-04-27,567,12,Delivered
4922,2023-09-19,475,43,Delivered
4923,2023-09-12,602,1,Delivered
4924,2023-03-08,134,3,Shipped
4925,2023-10-13,196,53,Delivered
4926,2023-01-31,316,54,Inprogress
4927,2023-02-03,675,32,Delivered
4928,2023-05-01,521,50,Delivered
4929,2020-04-28,290,16,Delivered
4930,2023-02-15,667,22,Inprogress
4931,2021-05-30,338,50,Delivered
4932,2021-08-07,821,50,Shipped
4933,2023-07-10,865,17,Cancelled
4934,2022-07-29,589,23,Inprogress
4935,2023-03-02,96,25,Delivered
4936,2023-08-03,655,13,Inprogress
4937,2020-05-03,646,36,Inprogress
4938,2022-02-27,781,21,Delivered
4939,2021-03-25,6,36,Cancelled
4940,2021-11-12,293,51,Shipped
4941,2020-07-05,137,50,Delivered
4942,2022-02-06,639,26,Returned
4943,2023-03-07,409,49,Returned
4944,2020-02-01,699,10,Shipped
4945,2020-11-20,449,45,Delivered
4946,2020-09-07,554,36,Delivered
4947,2023-12-21,139,54,Cancelled
4948,2021-02-05,134,27,Inprogress
4949,2022-07-02,138,37,Delivered
4950,2023-08-26,443,11,Shipped
4951,2020-08-23,565,28,Delivered
4952,2020-07-08,290,51,Delivered
4953,2020-11-09,698,51,Shipped
4954,2022-03-25,376,47,Inprogress
4955,2020-03-02,27,16,Shipped
4956,2023-10-28,163,46,Shipped
4957,2023-09-09,643,50,Shipped
4958,2020-07-02,864,27,Delivered
4959,2020-10-27,581,17,Delivered
4960,2020-07-26,343,41,Delivered
4961,2023-06-20,19,5,Cancelled
4962,2022-11-21,196,23,Delivered
4963,2021-08-20,575,29,Delivered
4964,2021-04-29,879,10,Delivered
4965,2023-08-15,832,48,Delivered
4966,2022-10-20,747,26,Delivered
4967,2022-05-12,14,41,Delivered
4968,2020-09-17,728,49,Shipped
4969,2021-01-27,520,34,Delivered
4970,2020-05-16,869,25,Cancelled
4971,2021-02-18,406,2,Delivered
4972,2023-05-20,347,1,Shipped
4973,2022-11-01,653,53,Inprogress
4974,2022-10-27,110,53,Delivered
4975,2023-11-10,705,23,Delivered
4976,2021-05-28,434,21,Shipped
4977,2023-10-17,252,43,Delivered
4978,2022-10-29,164,18,Shipped
4979,2020-12-24,26,19,Delivered
4980,2021-11-28,195,5,Delivered
4981,2020-06-01,683,35,Delivered
4982,2021-03-08,37,29,Delivered
4983,2023-07-25,265,30,Shipped
4984,2023-04-24,117,50,Delivered
4985,2023-10-06,532,52,Delivered
4986,2022-09-30,116,23,Delivered
4987,2021-07-31,464,34,Delivered
4988,2021-10-09,863,25,Shipped
4989,2022-11-12,10,35,Inprogress
4990,2022-07-04,279,22,Delivered
4991,2022-10-22,79,49,Shipped
4992,2020-03-13,62,39,Inprogress
4993,2021-04-19,288,3,Delivered
4994,2022-10-22,326,4,Shipped
4995,2020-04-18,857,24,Delivered
4996,2022-07-06,26,16,Inprogress
4997,2020-10-30,400,35,Inprogress
4998,2020-12-06,238,15,Cancelled
4999,2022-04-10,44,10,Shipped
5000,2021-06-10,464,52,Shipped
5001,2023-02-18,892,36,Delivered
5002,2022-12-22,823,19,Shipped
5003,2020-10-05,105,22,Delivered
5004,2022-03-28,865,41,Delivered
5005,2023-12-16,738,39,Inprogress
5006,2020-08-31,727,49,Cancelled
5007,2022-08-15,514,10,Shipped
5008,2023-12-30,557,20,Delivered
5009,2023-09-06,386,39,Inprogress
5010,2020-09-26,816,6,Delivered
5011,2022-04-28,352,40,Delivered
5012,2021-11-07,434,22,Shipped
5013,2022-07-13,183,54,Returned
5015,2020-01-02,557,11,Delivered
5016,2022-03-05,432,44,Delivered
5017,2020-01-03,325,7,Delivered
5018,2021-12-09,673,35,Delivered
5019,2022-06-01,252,34,Cancelled
5020,2021-07-07,592,32,Delivered
5021,2021-05-20,888,35,Cancelled
5022,2022-09-11,379,28,Delivered
5023,2020-08-23,407,50,Cancelled
5024,2021-01-01,76,14,Delivered
5025,2023-08-18,297,40,Shipped
5026,2023-07-06,228,22,Delivered
5027,2020-10-31,494,27,Inprogress
5028,2021-09-14,543,24,Delivered
5029,2023-04-22,106,29,Shipped
5030,2020-04-16,854,52,Delivered
5031,2023-04-02,494,17,Delivered
5032,2020-01-15,473,32,Shipped
5033,2023-04-27,782,14,Delivered
5034,2023-06-23,60,45,Shipped
5035,2020-10-12,515,9,Shipped
5036,2022-08-17,698,38,Delivered
5037,2020-11-06,399,43,Delivered
5038,2020-05-01,473,37,Delivered
5039,2023-02-17,898,33,Delivered
5040,2022-07-02,413,30,Delivered
5041,2023-06-24,835,44,Inprogress
5042,2023-07-26,183,24,Delivered
5043,2023-09-25,293,17,Shipped
5044,2021-01-21,280,13,Shipped
5045,2023-01-30,842,2,Shipped
5046,2020-08-10,471,47,Delivered
5047,2020-08-18,95,21,Shipped
5048,2021-12-02,460,18,Delivered
5049,2021-01-21,785,9,Inprogress
5050,2023-02-19,79,22,Delivered
5051,2022-09-22,268,49,Delivered
5052,2021-10-07,307,54,Shipped
5053,2022-10-02,649,20,Shipped
5054,2021-07-05,43,11,Delivered
5055,2023-05-24,821,29,Shipped
5056,2020-10-21,665,33,Delivered
5057,2022-10-17,442,52,Delivered
5058,2022-09-22,72,38,Delivered
5059,2020-09-05,523,11,Delivered
5060,2023-10-14,460,12,Shipped
5061,2020-10-11,78,1,Shipped
5062,2023-01-17,13,21,Delivered
5063,2023-11-09,791,26,Inprogress
5064,2023-04-20,646,38,Delivered
5065,2022-02-22,145,53,Shipped
5066,2022-05-03,76,51,Inprogress
5067,2023-12-03,184,31,Delivered
5068,2021-01-10,785,8,Cancelled
5069,2022-02-18,439,52,Delivered
5070,2021-12-30,553,9,Delivered
5071,2022-02-02,330,27,Delivered
5072,2020-11-15,218,35,Shipped
5073,2021-02-17,797,4,Delivered
5074,2020-06-24,261,14,Delivered
5075,2021-06-04,849,30,Delivered
5076,2020-07-19,133,46,Delivered
5077,2023-02-02,823,19,Delivered
5078,2022-11-10,483,53,Delivered
5079,2021-09-14,191,34,Shipped
5080,2021-10-11,273,11,Returned
5081,2022-03-21,844,17,Delivered
5082,2022-03-28,314,23,Inprogress
5083,2022-04-17,540,43,Delivered
5084,2020-10-11,693,41,Inprogress
5085,2020-03-03,121,29,Delivered
5086,2022-12-21,439,53,Shipped
5087,2022-09-28,725,47,Delivered
5088,2022-11-27,315,26,Delivered
5089,2023-04-17,31,45,Delivered
5090,2022-09-01,477,27,Returned
5091,2021-07-07,843,9,Shipped
5092,2023-09-03,164,53,Delivered
5093,2022-06-17,892,15,Delivered
5094,2020-10-23,260,27,Inprogress
5095,2020-09-19,75,3,Shipped
5096,2023-04-20,750,14,Inprogress
5097,2020-01-06,377,2,Cancelled
5098,2023-02-10,87,53,Delivered
5099,2023-09-04,843,25,Shipped
5100,2023-10-03,754,6,Returned
5101,2021-03-31,39,15,Delivered
5102,2023-03-07,48,51,Inprogress
5103,2020-09-26,136,39,Delivered
5104,2023-12-05,476,13,Delivered
5105,2021-10-15,585,6,Delivered
5106,2021-10-31,61,9,Cancelled
5107,2021-05-16,173,19,Delivered
5108,2022-11-06,49,33,Delivered
5109,2020-06-11,378,53,Returned
5110,2021-01-16,126,38,Delivered
5111,2020-01-05,139,31,Delivered
5112,2022-04-21,496,48,Delivered
5113,2021-03-02,429,28,Returned
5114,2020-05-22,261,2,Delivered
5115,2023-07-26,417,8,Delivered
5116,2021-09-19,235,12,Inprogress
5117,2021-03-24,70,27,Delivered
5118,2023-01-06,413,40,Delivered
5119,2020-10-20,480,3,Delivered
5120,2021-02-06,451,18,Delivered
5121,2020-07-13,773,26,Shipped
5122,2020-05-16,202,27,Delivered
5123,2023-02-20,329,53,Inprogress
5124,2021-07-14,778,19,Delivered
5125,2020-02-20,18,50,Inprogress
5126,2023-09-19,520,28,Inprogress
5127,2021-09-25,740,5,Returned
5128,2022-04-09,410,53,Delivered
5129,2023-02-25,89,49,Shipped
5130,2022-10-23,560,11,Inprogress
5131,2022-10-31,183,31,Delivered
5132,2022-10-11,579,22,Delivered
5133,2020-08-02,220,32,Inprogress
5134,2022-09-02,251,53,Delivered
5135,2020-07-01,165,25,Cancelled
5136,2020-07-10,456,40,Shipped
5137,2020-06-13,369,33,Inprogress
5138,2023-05-14,252,26,Delivered
5139,2021-05-29,50,18,Delivered
5140,2022-10-04,91,29,Cancelled
5141,2021-06-20,752,29,Shipped
5142,2021-05-23,630,5,Delivered
5143,2022-05-27,1,19,Shipped
5144,2022-04-14,119,3,Delivered
5145,2023-04-07,743,3,Delivered
5146,2020-01-22,672,18,Shipped
5147,2021-11-03,209,54,Delivered
5148,2020-06-10,570,42,Inprogress
5149,2022-08-23,132,21,Inprogress
5150,2022-05-30,662,5,Delivered
5151,2020-05-11,637,4,Delivered
5152,2023-12-02,487,51,Delivered
5153,2022-06-25,728,21,Delivered
5154,2022-09-20,597,45,Inprogress
5155,2021-05-02,773,14,Delivered
5156,2021-04-10,260,42,Delivered
5157,2021-04-05,510,47,Delivered
5158,2023-02-13,693,1,Inprogress
5159,2020-03-10,16,43,Delivered
5160,2020-10-02,419,28,Inprogress
5161,2021-05-21,215,13,Delivered
5162,2021-08-28,605,5,Delivered
5163,2023-12-28,688,24,Delivered
5164,2020-08-19,379,24,Inprogress
5165,2021-03-14,57,1,Shipped
5166,2020-03-22,845,37,Delivered
5167,2020-10-26,457,26,Delivered
5168,2020-06-08,738,32,Delivered
5169,2022-11-23,648,46,Cancelled
5170,2021-07-08,473,39,Delivered
5171,2023-01-21,20,42,Delivered
5172,2023-05-26,4,38,Shipped
5173,2020-03-17,333,26,Cancelled
5174,2022-10-15,298,32,Inprogress
5175,2020-05-27,147,3,Shipped
5176,2023-04-12,221,11,Delivered
5177,2023-09-05,336,5,Shipped
5178,2022-09-05,70,22,Inprogress
5179,2023-10-14,891,16,Returned
5180,2023-12-07,44,6,Inprogress
5181,2023-09-12,399,51,Delivered
5182,2023-11-27,302,6,Delivered
5183,2023-01-07,364,23,Delivered
5184,2021-01-15,332,20,Delivered
5185,2020-04-02,521,7,Shipped
5186,2022-08-03,703,33,Delivered
5187,2022-09-20,336,3,Shipped
5188,2020-05-20,473,15,Delivered
5189,2020-08-14,189,27,Delivered
5190,2022-11-25,384,53,Delivered
5191,2023-09-28,125,22,Cancelled
5192,2022-06-26,133,6,Shipped
5193,2020-12-22,792,8,Inprogress
5194,2021-04-02,118,7,Delivered
5195,2021-07-25,346,20,Shipped
5196,2023-10-25,421,14,Inprogress
5197,2023-05-30,242,18,Delivered
5198,2023-08-20,117,4,Delivered
5199,2023-12-15,344,11,Shipped
5200,2022-08-30,123,41,Delivered
5201,2021-10-15,161,49,Delivered
5202,2023-05-24,101,50,Shipped
5203,2020-12-27,719,39,Delivered
5204,2021-01-15,432,16,Delivered
5205,2023-10-05,837,44,Delivered
5206,2023-03-07,245,13,Delivered
5207,2021-07-13,760,17,Delivered
5208,2021-09-11,373,49,Delivered
5209,2021-10-28,789,14,Delivered
5210,2021-09-07,51,35,Delivered
5211,2020-12-29,15,37,Delivered
5212,2022-07-20,854,9,Inprogress
5213,2023-04-28,835,53,Delivered
5214,2020-01-04,454,38,Inprogress
5215,2023-05-17,570,36,Delivered
5216,2023-06-14,10,39,Cancelled
5217,2023-01-26,119,13,Cancelled
5218,2021-07-09,496,31,Delivered
5219,2023-09-27,770,40,Delivered
5220,2021-11-10,418,47,Shipped
5221,2022-09-01,592,35,Delivered
5222,2020-04-16,201,25,Inprogress
5223,2020-07-01,603,27,Delivered
5224,2021-02-25,175,46,Delivered
5225,2023-06-01,706,53,Returned
5226,2020-04-07,306,14,Delivered
5227,2021-11-05,293,39,Shipped
5228,2023-12-29,657,30,Returned
5229,2020-11-19,543,42,Inprogress
5230,2020-02-11,508,7,Returned
5231,2021-11-26,140,11,Returned
5232,2020-04-20,82,52,Shipped
5233,2023-02-10,735,17,Delivered
5234,2022-02-28,754,48,Inprogress
5235,2021-02-01,765,33,Delivered
5236,2020-10-03,408,35,Shipped
5237,2020-01-31,398,35,Cancelled
5238,2020-03-05,601,16,Delivered
5239,2023-01-28,372,33,Shipped
5240,2023-09-08,511,47,Inprogress
5241,2023-05-07,758,35,Inprogress
5242,2020-03-15,665,35,Shipped
5243,2021-09-15,875,39,Delivered
5244,2020-07-05,556,16,Delivered
5245,2020-06-17,391,28,Returned
5246,2023-03-07,844,17,Delivered
5247,2023-10-03,354,52,Delivered
5248,2022-06-19,804,46,Delivered
5249,2022-12-22,568,14,Cancelled
5250,2023-09-28,259,54,Cancelled
5251,2022-01-27,255,7,Inprogress
5252,2022-04-04,310,4,Cancelled
5253,2023-01-15,388,45,Inprogress
5254,2022-04-15,233,16,Cancelled
5255,2020-09-29,790,20,Delivered
5256,2023-10-07,657,39,Delivered
5257,2023-04-30,473,18,Delivered
5258,2022-12-02,69,11,Delivered
5259,2021-01-11,350,45,Delivered
5260,2020-08-27,46,16,Delivered
5261,2022-12-26,155,9,Delivered
5262,2020-12-15,42,6,Delivered
5263,2022-05-29,690,49,Delivered
5264,2022-12-26,373,4,Returned
5265,2022-04-04,746,25,Shipped
5266,2020-09-15,461,8,Delivered
5267,2022-12-05,437,43,Inprogress
5268,2022-05-10,112,38,Delivered
5269,2022-10-20,305,50,Delivered
5270,2020-07-06,576,24,Delivered
5271,2022-11-08,803,3,Shipped
5272,2022-09-17,679,35,Delivered
5273,2021-02-10,508,15,Cancelled
5274,2023-10-04,544,43,Delivered
5275,2022-04-11,77,33,Inprogress
5276,2021-01-07,245,31,Shipped
5277,2021-02-20,203,41,Inprogress
5278,2022-07-29,631,5,Delivered
5279,2023-09-11,678,14,Shipped
5280,2020-12-31,324,2,Shipped
5281,2023-05-11,789,38,Delivered
5282,2020-09-05,859,5,Delivered
5283,2022-11-17,583,8,Delivered
5284,2021-09-15,796,16,Inprogress
5285,2020-12-12,303,14,Delivered
5286,2020-03-17,584,33,Inprogress
5287,2020-02-10,427,3,Delivered
5288,2021-09-05,197,12,Delivered
5289,2020-11-28,512,18,Shipped
5290,2020-02-21,61,44,Shipped
5291,2023-05-23,443,35,Delivered
5292,2021-02-26,861,4,Delivered
5293,2021-10-10,887,8,Delivered
5294,2020-11-17,757,44,Delivered
5295,2020-07-22,897,47,Delivered
5296,2022-06-28,317,50,Delivered
5297,2020-06-24,484,18,Delivered
5298,2021-07-30,310,19,Delivered
5299,2022-01-07,335,16,Delivered
5300,2021-01-26,627,4,Delivered
5301,2023-05-05,650,2,Shipped
5302,2023-02-04,839,5,Returned
5303,2020-08-25,24,48,Shipped
5304,2020-04-17,887,38,Shipped
5305,2023-12-23,812,9,Inprogress
5306,2021-09-20,798,21,Delivered
5307,2021-11-24,439,17,Returned
5308,2021-02-15,36,9,Shipped
5309,2022-12-15,722,23,Delivered
5310,2020-08-19,400,13,Delivered
5311,2023-02-18,807,50,Cancelled
5312,2022-07-26,304,33,Delivered
5313,2022-08-06,87,21,Delivered
5314,2022-10-14,883,19,Shipped
5315,2023-06-29,87,42,Delivered
5316,2020-06-05,865,39,Delivered
5317,2022-06-26,666,13,Delivered
5318,2022-04-03,423,3,Inprogress
5319,2022-12-08,186,17,Delivered
5320,2023-06-14,23,25,Inprogress
5321,2023-02-07,851,11,Delivered
5322,2022-12-15,681,6,Delivered
5323,2023-08-05,574,53,Delivered
5324,2022-11-23,419,7,Inprogress
5325,2022-11-04,856,45,Delivered
5326,2022-07-18,78,53,Delivered
5327,2022-10-18,304,5,Delivered
5328,2022-06-23,443,1,Delivered
5329,2020-09-13,497,17,Delivered
5330,2020-11-20,685,13,Delivered
5331,2020-07-30,190,38,Inprogress
5332,2022-11-12,342,6,Inprogress
5333,2021-08-19,711,34,Shipped
5334,2022-01-29,73,36,Delivered
5335,2022-04-18,749,47,Delivered
5336,2021-11-18,617,31,Delivered
5337,2021-05-31,70,40,Delivered
5338,2021-12-21,14,15,Delivered
5339,2022-01-03,644,28,Delivered
5340,2020-12-15,76,6,Inprogress
5341,2020-03-12,785,26,Delivered
5342,2020-09-19,626,39,Delivered
5343,2020-04-30,787,29,Inprogress
5344,2021-02-24,502,25,Delivered
5345,2020-04-20,519,24,Shipped
5346,2021-04-12,570,33,Delivered
5347,2022-05-22,547,46,Delivered
5348,2022-01-24,102,54,Delivered
5349,2022-02-14,572,24,Shipped
5350,2021-01-08,167,17,Delivered
5351,2023-10-16,605,2,Inprogress
5352,2021-08-23,329,50,Inprogress
5353,2020-09-12,61,34,Cancelled
5354,2022-01-30,10,23,Delivered
5355,2021-12-17,839,4,Delivered
5356,2021-09-25,133,39,Returned
5357,2021-12-23,828,42,Shipped
5358,2020-09-11,12,24,Inprogress
5359,2020-05-06,283,53,Shipped
5360,2023-04-16,414,45,Delivered
5361,2022-06-06,539,32,Delivered
5362,2021-11-11,240,46,Delivered
5363,2023-06-01,864,18,Cancelled
5364,2020-12-28,467,7,Shipped
5365,2021-09-25,435,40,Delivered
5366,2020-02-02,93,38,Delivered
5367,2021-05-08,473,40,Cancelled
5368,2023-06-21,620,32,Delivered
5369,2021-07-21,136,5,Delivered
5370,2022-12-09,579,19,Shipped
5371,2020-01-04,200,1,Shipped
5372,2020-06-04,225,52,Delivered
5373,2023-03-04,871,17,Delivered
5374,2023-02-02,870,45,Delivered
5375,2021-07-03,149,10,Cancelled
5376,2021-12-28,141,15,Cancelled
5377,2021-03-14,699,39,Delivered
5378,2023-05-09,401,17,Delivered
5379,2022-01-17,238,41,Shipped
5380,2022-03-03,517,26,Delivered
5381,2020-06-08,709,13,Inprogress
5382,2020-05-04,9,36,Inprogress
5383,2021-02-26,778,3,Shipped
5384,2023-09-23,132,50,Inprogress
5385,2021-05-20,859,26,Cancelled
5386,2021-09-28,619,2,Delivered
5387,2023-07-12,248,18,Delivered
5388,2022-01-19,497,2,Delivered
5389,2020-05-02,836,25,Shipped
5390,2023-08-26,416,37,Shipped
5391,2022-09-29,862,26,Shipped
5392,2023-02-16,237,1,Shipped
5393,2021-07-02,330,41,Shipped
5394,2023-09-16,240,20,Delivered
5395,2021-05-28,394,21,Delivered
5396,2022-03-07,851,42,Cancelled
5397,2020-04-05,438,34,Delivered
5398,2023-09-03,894,3,Delivered
5399,2021-10-14,881,3,Delivered
5400,2023-09-01,620,27,Inprogress
5401,2023-06-20,147,26,Delivered
5402,2021-09-19,17,20,Inprogress
5403,2020-01-20,29,16,Shipped
5404,2022-06-22,368,37,Cancelled
5405,2023-05-15,718,21,Delivered
5406,2021-12-12,648,54,Delivered
5407,2023-06-17,708,49,Cancelled
5408,2023-03-08,870,23,Inprogress
5409,2023-06-21,238,38,Shipped
5410,2021-09-13,537,6,Delivered
5411,2021-07-14,508,46,Cancelled
5412,2023-09-10,272,19,Delivered
5413,2021-02-09,783,14,Delivered
5414,2022-09-04,200,19,Delivered
5415,2021-05-27,465,9,Inprogress
5416,2021-05-17,900,1,Inprogress
5417,2022-02-16,26,37,Delivered
5418,2022-03-06,770,42,Delivered
5419,2023-02-06,876,37,Delivered
5420,2020-02-14,641,8,Inprogress
5421,2020-03-27,2,49,Delivered
5422,2020-08-08,513,1,Inprogress
5423,2021-12-23,593,25,Inprogress
5424,2021-02-03,105,11,Cancelled
5425,2022-05-16,24,43,Delivered
5426,2021-05-04,550,47,Delivered
5427,2022-10-24,412,23,Delivered
5428,2023-04-12,318,7,Delivered
5429,2023-02-13,302,35,Delivered
5430,2021-12-26,697,52,Delivered
5431,2022-01-09,701,50,Delivered
5432,2022-05-10,762,37,Shipped
5433,2023-01-10,585,39,Shipped
5434,2023-10-18,133,27,Delivered
5435,2020-10-31,786,42,Inprogress
5436,2023-07-12,703,39,Inprogress
5437,2020-06-19,502,53,Cancelled
5438,2022-09-04,629,20,Shipped
5439,2022-05-05,658,13,Delivered
5440,2022-10-17,724,32,Delivered
5441,2021-04-04,137,34,Delivered
5442,2021-05-25,843,23,Inprogress
5443,2021-10-17,257,40,Inprogress
5444,2020-08-22,810,26,Inprogress
5445,2022-08-19,16,14,Delivered
5446,2021-09-07,620,16,Delivered
5447,2021-05-20,568,30,Inprogress
5448,2023-02-05,709,52,Inprogress
5449,2023-08-11,845,22,Delivered
5450,2021-01-19,867,19,Shipped
5451,2022-04-16,357,16,Delivered
5452,2020-12-11,564,23,Inprogress
5453,2023-01-20,701,31,Delivered
5454,2020-01-18,391,7,Delivered
5455,2023-10-20,419,15,Delivered
5456,2021-07-09,760,14,Delivered
5457,2022-09-19,133,52,Inprogress
5458,2020-02-11,84,41,Shipped
5459,2020-12-05,167,29,Inprogress
5460,2021-07-22,559,37,Delivered
5461,2023-06-24,1,36,Delivered
5462,2022-09-14,458,9,Inprogress
5463,2021-02-16,272,6,Shipped
5464,2021-08-27,731,51,Cancelled
5465,2021-08-10,641,48,Delivered
5466,2020-04-06,72,25,Shipped
5467,2020-09-16,401,51,Delivered
5468,2020-10-25,690,24,Delivered
5469,2023-03-15,77,3,Delivered
5470,2020-03-14,600,35,Shipped
5471,2021-02-14,826,33,Delivered
5472,2020-03-06,805,17,Delivered
5473,2020-04-29,40,5,Delivered
5474,2022-02-01,46,26,Delivered
5475,2020-01-23,532,20,Delivered
5476,2021-12-02,74,30,Delivered
5477,2022-05-21,209,29,Delivered
5478,2021-08-29,667,22,Shipped
5479,2021-03-18,65,14,Shipped
5480,2023-03-09,153,18,Inprogress
5481,2020-08-16,698,13,Delivered
5482,2020-12-01,44,34,Shipped
5483,2022-09-18,602,26,Delivered
5484,2021-08-22,376,5,Delivered
5485,2020-04-01,252,51,Delivered
5486,2023-04-08,131,11,Inprogress
5487,2023-08-05,334,17,Cancelled
5488,2023-07-31,489,24,Shipped
5489,2022-09-01,875,4,Delivered
5490,2021-09-27,787,8,Inprogress
5491,2022-02-11,843,50,Delivered
5492,2023-07-08,569,29,Delivered
5493,2022-04-23,529,32,Delivered
5494,2021-05-25,237,33,Delivered
5495,2022-02-13,673,43,Delivered
5496,2020-11-11,889,25,Shipped
5497,2021-01-13,500,23,Delivered
5498,2023-12-09,356,49,Delivered
5499,2022-09-27,507,43,Inprogress
5500,2022-07-11,704,19,Delivered
5501,2022-02-16,274,31,Shipped
5502,2022-05-29,433,43,Delivered
5503,2021-03-15,896,21,Delivered
5504,2021-03-03,16,24,Returned
5505,2022-06-15,720,25,Shipped
5506,2021-06-15,186,24,Delivered
5507,2022-12-18,689,45,Delivered
5508,2022-04-26,345,4,Delivered
5509,2023-01-15,309,2,Inprogress
5510,2023-09-07,328,48,Delivered
5511,2020-09-23,63,24,Delivered
5512,2020-12-08,186,45,Delivered
5513,2020-01-12,369,15,Delivered
5514,2020-11-04,833,32,Delivered
5515,2021-07-30,679,51,Delivered
5516,2020-03-16,670,48,Returned
5517,2020-08-22,812,31,Inprogress
5518,2022-04-03,66,50,Delivered
5519,2020-02-18,705,19,Delivered
5520,2021-09-14,356,37,Shipped
5521,2023-09-14,42,4,Delivered
5522,2022-06-24,194,48,Delivered
5523,2021-10-06,22,46,Delivered
5524,2023-01-15,333,10,Delivered
5525,2022-11-25,231,22,Delivered
5526,2020-05-25,330,51,Delivered
5527,2020-08-23,120,24,Delivered
5528,2023-08-15,626,53,Inprogress
5529,2022-02-08,536,51,Shipped
5530,2021-10-29,841,27,Inprogress
5531,2022-07-09,22,10,Delivered
5532,2020-11-16,362,40,Cancelled
5533,2022-06-30,542,16,Inprogress
5534,2020-05-14,805,37,Inprogress
5535,2021-06-08,110,39,Cancelled
5536,2022-01-21,420,8,Inprogress
5537,2023-03-17,859,52,Inprogress
5538,2020-12-06,445,46,Shipped
5539,2022-12-11,582,15,Shipped
5540,2020-06-10,836,37,Delivered
5541,2022-11-05,131,17,Returned
5542,2022-09-30,219,9,Delivered
5543,2020-09-28,603,7,Delivered
5544,2021-04-14,407,8,Delivered
5545,2021-01-17,403,14,Delivered
5546,2020-08-23,100,13,Delivered
5547,2020-04-01,720,2,Delivered
5548,2023-12-11,54,1,Shipped
5549,2022-03-21,348,10,Inprogress
5550,2023-06-07,686,39,Delivered
5551,2022-11-09,734,53,Delivered
5552,2023-11-02,621,22,Delivered
5553,2023-06-17,102,38,Delivered
5554,2022-01-17,451,10,Delivered
5555,2021-12-31,136,8,Shipped
5556,2021-10-14,51,23,Delivered
5557,2021-12-15,234,41,Delivered
5558,2022-05-04,169,6,Delivered
5559,2021-06-25,553,37,Inprogress
5560,2022-05-17,727,10,Inprogress
5561,2023-10-18,41,2,Delivered
5562,2020-08-31,399,18,Delivered
5563,2021-06-13,727,49,Cancelled
5564,2021-05-04,687,10,Shipped
5565,2022-06-13,313,11,Shipped
5566,2023-06-30,839,25,Shipped
5567,2023-10-01,81,22,Delivered
5568,2020-11-15,878,28,Delivered
5569,2023-09-29,182,54,Inprogress
5570,2022-09-06,233,9,Delivered
5571,2022-02-22,791,11,Delivered
5572,2023-10-01,626,12,Delivered
5573,2020-01-29,338,11,Delivered
5574,2022-04-29,212,41,Delivered
5575,2020-06-02,201,3,Shipped
5576,2023-04-21,588,33,Delivered
5577,2021-03-26,26,28,Shipped
5578,2023-10-18,135,19,Shipped
5579,2021-09-21,870,53,Shipped
5580,2021-03-29,484,35,Delivered
5581,2023-07-10,164,46,Delivered
5582,2023-03-05,840,15,Delivered
5583,2020-02-09,833,45,Delivered
5584,2021-03-01,497,39,Delivered
5585,2020-07-17,275,6,Cancelled
5586,2023-05-05,455,10,Shipped
5587,2021-04-15,294,11,Delivered
5588,2020-02-28,446,45,Inprogress
5589,2023-06-13,753,47,Inprogress
5590,2021-08-11,641,2,Delivered
5591,2020-08-20,401,37,Inprogress
5592,2020-10-09,447,33,Inprogress
5593,2023-11-05,713,8,Delivered
5594,2020-02-15,798,28,Shipped
5595,2023-03-12,213,25,Shipped
5596,2021-01-27,889,32,Delivered
5597,2023-05-31,760,28,Cancelled
5598,2023-11-05,61,25,Cancelled
5599,2020-10-06,135,19,Delivered
5600,2023-10-13,542,33,Shipped
5601,2022-08-29,218,53,Shipped
5602,2022-04-15,700,42,Returned
5603,2021-03-30,115,4,Cancelled
5604,2022-09-18,240,26,Inprogress
5605,2023-12-27,750,29,Delivered
5606,2022-01-06,815,3,Returned
5607,2021-01-06,107,22,Delivered
5608,2022-12-28,691,17,Inprogress
5609,2022-04-19,363,41,Cancelled
5610,2023-07-21,470,34,Shipped
5611,2020-05-10,876,25,Delivered
5612,2023-07-12,738,34,Shipped
5613,2022-10-23,430,53,Delivered
5614,2023-08-16,489,4,Delivered
5615,2021-10-06,304,23,Inprogress
5616,2023-10-24,830,39,Delivered
5617,2023-11-15,667,7,Delivered
5618,2023-11-19,852,44,Delivered
5619,2021-07-24,312,35,Shipped
5620,2020-04-30,491,5,Delivered
5621,2020-07-19,856,18,Delivered
5622,2020-09-02,125,40,Delivered
5623,2022-07-16,440,31,Shipped
5624,2021-05-03,862,12,Delivered
5625,2021-12-27,789,42,Delivered
5626,2023-05-11,371,6,Inprogress
5627,2020-11-19,171,14,Delivered
5628,2020-09-20,739,35,Delivered
5629,2022-06-20,637,5,Delivered
5630,2022-12-04,806,47,Delivered
5631,2023-03-01,390,39,Delivered
5632,2020-08-22,842,33,Delivered
5633,2020-09-09,675,15,Shipped
5634,2023-11-17,809,17,Shipped
5635,2021-02-04,803,14,Delivered
5636,2020-11-19,641,8,Shipped
5637,2021-06-24,515,5,Delivered
5638,2020-10-12,836,13,Delivered
5639,2021-04-10,773,3,Delivered
5640,2021-08-17,587,5,Delivered
5641,2022-07-30,92,20,Inprogress
5642,2023-01-21,219,10,Delivered
5643,2020-04-08,342,10,Delivered
5644,2020-01-05,729,39,Delivered
5645,2022-08-27,198,18,Inprogress
5646,2021-07-17,146,13,Inprogress
5647,2023-01-26,24,28,Delivered
5648,2022-06-16,35,26,Inprogress
5649,2020-02-15,366,23,Inprogress
5650,2022-04-29,727,46,Delivered
5651,2022-01-22,728,12,Inprogress
5652,2023-09-28,158,48,Inprogress
5653,2021-04-13,200,42,Delivered
5654,2021-03-26,841,26,Delivered
5655,2021-02-15,432,5,Delivered
5656,2023-02-03,763,27,Shipped
5657,2020-03-22,630,35,Delivered
5658,2022-03-09,548,46,Delivered
5659,2020-02-03,722,15,Inprogress
5660,2022-10-21,643,47,Delivered
5661,2021-05-23,371,33,Delivered
5662,2023-12-26,425,22,Delivered
5663,2023-06-08,860,54,Delivered
5664,2023-06-15,440,18,Delivered
5665,2022-04-03,51,21,Shipped
5666,2020-05-21,124,22,Inprogress
5667,2020-03-08,635,52,Returned
5668,2021-03-03,853,6,Shipped
5669,2023-02-10,762,31,Delivered
5670,2021-08-08,622,9,Cancelled
5671,2023-10-11,738,3,Inprogress
5672,2022-04-15,340,17,Delivered
5673,2020-06-07,115,48,Inprogress
5674,2023-05-14,804,22,Delivered
5675,2020-07-31,826,11,Inprogress
5676,2023-06-02,283,46,Delivered
5677,2023-09-02,667,43,Delivered
5678,2021-08-14,805,25,Delivered
5679,2021-08-25,567,35,Delivered
5680,2020-08-28,428,33,Shipped
5681,2023-01-31,532,16,Inprogress
5682,2022-08-17,60,23,Inprogress
5683,2022-12-16,172,40,Shipped
5684,2021-07-28,544,14,Delivered
5685,2022-06-08,686,28,Inprogress
5686,2021-12-07,132,40,Returned
5687,2022-01-12,723,51,Shipped
5688,2020-11-24,42,33,Delivered
5689,2023-08-15,262,10,Inprogress
5690,2020-12-20,355,19,Delivered
5691,2023-10-17,813,34,Delivered
5692,2021-12-24,227,6,Delivered
5693,2023-11-22,626,54,Delivered
5694,2023-12-18,65,47,Inprogress
5695,2022-03-10,763,30,Cancelled
5696,2020-07-09,585,34,Delivered
5697,2023-07-04,429,16,Inprogress
5698,2021-09-15,708,30,Delivered
5699,2023-11-20,9,15,Shipped
5700,2021-09-29,52,24,Shipped
5701,2022-10-17,37,25,Delivered
5702,2020-05-01,364,48,Shipped
5703,2020-07-29,193,46,Delivered
5704,2021-03-07,597,13,Shipped
5705,2022-04-10,622,36,Shipped
5706,2022-11-30,374,16,Inprogress
5707,2021-06-08,186,11,Delivered
5708,2021-06-11,682,50,Delivered
5709,2020-02-24,96,24,Returned
5710,2023-06-25,376,18,Delivered
5711,2022-04-27,712,29,Delivered
5712,2022-06-01,579,25,Delivered
5713,2020-02-18,716,39,Shipped
5714,2023-09-18,69,26,Delivered
5715,2023-01-26,773,20,Delivered
5716,2020-10-26,321,40,Shipped
5717,2023-02-09,361,31,Delivered
5718,2020-04-12,435,27,Inprogress
5719,2021-11-07,344,34,Delivered
5720,2020-12-08,809,2,Delivered
5721,2022-12-10,780,30,Shipped
5722,2023-02-10,886,16,Cancelled
5723,2022-12-24,177,28,Delivered
5724,2022-12-05,732,11,Delivered
5725,2023-01-26,49,15,Inprogress
5726,2020-10-11,824,27,Inprogress
5727,2021-04-30,21,39,Delivered
5728,2020-10-02,27,32,Shipped
5729,2021-07-03,476,8,Shipped
5730,2020-12-21,714,34,Shipped
5731,2021-03-26,147,28,Delivered
5732,2021-07-14,169,15,Delivered
5733,2020-06-14,685,7,Delivered
5734,2022-08-18,359,54,Delivered
5735,2021-05-19,462,54,Shipped
5736,2020-07-07,649,20,Delivered
5737,2020-07-30,99,23,Inprogress
5738,2021-10-24,27,26,Inprogress
5739,2023-06-11,610,2,Delivered
5740,2023-09-15,375,21,Cancelled
5741,2021-04-08,196,22,Cancelled
5742,2022-05-13,580,2,Shipped
5743,2020-08-22,382,29,Shipped
5744,2020-07-22,890,19,Shipped
5745,2023-01-05,174,32,Delivered
5746,2020-10-16,258,43,Delivered
5747,2020-12-29,297,12,Delivered
5748,2021-06-08,154,5,Delivered
5749,2022-03-09,200,54,Delivered
5750,2022-08-22,624,7,Delivered
5751,2022-03-22,847,44,Delivered
5752,2023-08-27,569,13,Shipped
5753,2021-07-16,631,8,Shipped
5754,2021-08-16,618,18,Inprogress
5755,2022-03-14,775,3,Shipped
5756,2023-07-04,789,18,Delivered
5757,2022-09-02,297,42,Delivered
5758,2020-08-10,654,21,Delivered
5759,2021-02-03,373,7,Delivered
5760,2022-05-02,330,30,Inprogress
5761,2023-07-22,117,7,Shipped
5762,2023-06-20,877,23,Cancelled
5763,2021-01-08,217,36,Delivered
5764,2021-07-02,121,11,Cancelled
5765,2022-11-13,81,2,Cancelled
5766,2022-07-19,544,13,Delivered
5767,2022-04-07,64,24,Inprogress
5768,2020-09-15,386,5,Inprogress
5769,2022-04-09,633,29,Inprogress
5770,2021-07-17,122,16,Delivered
5771,2023-08-02,318,29,Shipped
5772,2022-05-05,65,4,Delivered
5773,2020-09-12,218,46,Inprogress
5774,2021-08-21,46,52,Delivered
5775,2022-11-22,427,19,Delivered
5776,2021-06-02,726,38,Delivered
5777,2022-09-14,224,20,Shipped
5778,2020-02-21,265,49,Delivered
5779,2020-07-13,3,43,Delivered
5780,2023-03-24,387,43,Delivered
5781,2022-08-08,243,17,Delivered
5782,2020-04-12,727,5,Cancelled
5783,2020-09-10,852,43,Delivered
5784,2020-10-05,609,51,Delivered
5785,2022-09-17,466,4,Delivered
5786,2022-09-13,229,40,Delivered
5787,2021-08-18,259,11,Shipped
5788,2021-10-21,694,14,Inprogress
5789,2021-06-03,47,27,Cancelled
5790,2023-07-07,859,32,Delivered
5791,2020-11-21,613,42,Inprogress
5792,2021-06-12,91,31,Delivered
5793,2021-10-25,741,8,Delivered
5794,2021-05-30,288,19,Delivered
5795,2021-06-03,279,28,Delivered
5796,2020-04-22,359,39,Delivered
5797,2022-03-26,52,2,Delivered
5798,2020-03-06,584,34,Delivered
5799,2023-11-30,515,11,Returned
5800,2022-09-25,832,54,Delivered
5801,2022-07-20,294,26,Returned
5802,2021-09-29,304,23,Shipped
5803,2021-05-27,380,42,Delivered
5804,2023-06-12,521,44,Returned
5805,2021-03-18,680,29,Delivered
5806,2023-06-08,87,8,Inprogress
5807,2023-11-08,635,39,Inprogress
5808,2021-06-11,344,20,Inprogress
5809,2022-05-22,725,6,Delivered
5810,2023-02-26,880,52,Delivered
5811,2022-07-11,296,6,Shipped
5812,2021-02-02,786,42,Inprogress
5813,2021-01-05,543,48,Delivered
5814,2020-11-24,846,6,Delivered
5815,2021-08-14,514,25,Delivered
5816,2021-01-29,815,17,Delivered
5817,2021-06-02,286,3,Returned
5818,2020-09-13,602,36,Delivered
5819,2021-11-24,550,11,Delivered
5820,2023-04-29,170,45,Delivered
5821,2021-07-09,28,24,Delivered
5822,2021-03-25,769,37,Delivered
5823,2021-08-11,137,13,Delivered
5824,2022-04-08,670,11,Shipped
5825,2021-09-12,565,40,Delivered
5826,2021-12-01,479,7,Delivered
5827,2022-10-16,804,24,Delivered
5828,2020-10-20,553,4,Delivered
5829,2022-04-02,494,26,Delivered
5830,2021-07-21,527,3,Delivered
5831,2020-05-30,349,22,Delivered
5832,2022-09-13,343,41,Delivered
5833,2020-01-19,314,28,Delivered
5834,2020-12-14,332,26,Delivered
5835,2020-11-16,759,8,Delivered
5836,2022-02-14,769,53,Delivered
5837,2022-10-30,251,27,Shipped
5838,2021-09-11,525,33,Inprogress
5839,2022-06-27,207,14,Shipped
5840,2020-12-11,90,14,Delivered
5841,2021-12-04,653,4,Delivered
5842,2020-07-05,353,13,Delivered
5843,2020-09-01,716,26,Delivered
5844,2022-02-12,742,38,Delivered
5845,2021-02-12,464,48,Delivered
5846,2022-06-10,639,41,Shipped
5847,2023-11-17,118,38,Shipped
5848,2023-08-04,730,3,Cancelled
5849,2021-04-16,844,18,Delivered
5850,2022-04-12,855,30,Cancelled
5851,2022-09-07,264,23,Cancelled
5852,2021-01-02,471,54,Delivered
5853,2021-05-08,482,41,Delivered
5854,2022-08-09,656,6,Delivered
5855,2021-06-14,153,26,Delivered
5856,2021-10-29,333,23,Delivered
5857,2020-01-03,532,33,Delivered
5858,2022-05-02,768,11,Delivered
5859,2023-12-18,167,31,Delivered
5860,2022-12-09,132,50,Delivered
5861,2022-09-23,796,10,Shipped
5862,2023-06-01,70,10,Delivered
5863,2020-12-30,275,33,Shipped
5864,2023-07-31,82,5,Inprogress
5865,2022-01-30,4,38,Shipped
5866,2022-07-17,107,49,Delivered
5867,2023-04-17,642,52,Delivered
5868,2021-11-29,444,21,Shipped
5869,2020-04-16,34,6,Delivered
5870,2022-10-16,273,4,Delivered
5871,2021-04-25,864,33,Delivered
5872,2022-07-15,409,48,Inprogress
5873,2023-06-30,491,5,Shipped
5874,2021-08-23,307,3,Inprogress
5875,2021-04-11,491,2,Delivered
5876,2022-05-06,8,10,Shipped
5877,2020-05-12,614,15,Delivered
5878,2022-01-08,208,5,Shipped
5879,2022-09-01,262,21,Delivered
5880,2023-02-08,808,47,Inprogress
5881,2022-12-14,204,21,Delivered
5882,2023-09-17,7,1,Shipped
5883,2021-12-11,59,41,Inprogress
5884,2020-01-22,524,48,Shipped
5885,2021-12-03,636,6,Delivered
5886,2020-01-01,377,12,Delivered
5887,2020-08-14,106,43,Delivered
5888,2021-10-16,719,12,Shipped
5889,2021-07-15,51,38,Shipped
5890,2022-08-10,839,24,Delivered
5891,2020-02-28,389,43,Inprogress
5892,2021-12-02,334,4,Returned
5893,2022-02-15,369,5,Shipped
5894,2023-04-28,593,52,Returned
5895,2023-12-18,71,28,Cancelled
5896,2023-06-07,480,40,Inprogress
5897,2021-09-03,549,44,Returned
5898,2020-07-08,518,46,Shipped
5899,2021-11-19,118,8,Delivered
5900,2021-12-15,649,44,Delivered
5901,2021-07-17,619,12,Delivered
5902,2021-05-02,115,9,Delivered
5903,2023-10-24,396,19,Cancelled
5904,2020-12-25,524,35,Delivered
5905,2021-02-01,44,48,Delivered
5906,2022-03-03,525,42,Inprogress
5907,2020-03-02,186,38,Returned
5908,2021-09-28,203,40,Delivered
5909,2023-10-16,716,24,Delivered
5910,2022-02-16,641,38,Cancelled
5911,2021-08-01,674,32,Cancelled
5912,2023-05-01,243,23,Delivered
5913,2020-07-30,374,14,Delivered
5914,2022-12-13,692,52,Returned
5915,2022-03-15,357,45,Delivered
5916,2020-01-11,34,46,Shipped
5917,2020-08-06,785,29,Delivered
5918,2023-11-08,794,12,Returned
5919,2023-10-21,487,14,Delivered
5920,2023-03-02,193,23,Delivered
5921,2020-10-29,853,40,Delivered
5922,2020-09-16,228,51,Delivered
5923,2021-04-08,491,48,Delivered
5924,2023-02-15,358,40,Delivered
5925,2023-09-10,125,6,Cancelled
5926,2022-03-11,44,43,Returned
5927,2021-04-22,624,47,Shipped
5928,2022-09-17,522,47,Delivered
5929,2021-01-26,453,7,Returned
5930,2021-04-15,581,32,Delivered
5931,2022-06-06,542,33,Inprogress
5932,2020-03-11,9,52,Delivered
5933,2021-04-27,339,4,Returned
5934,2021-06-07,804,28,Inprogress
5935,2021-08-26,149,1,Shipped
5936,2022-12-30,244,22,Shipped
5937,2023-10-16,266,33,Inprogress
5938,2023-12-23,115,42,Inprogress
5939,2023-11-25,835,4,Delivered
5940,2022-04-08,29,51,Delivered
5941,2022-09-20,716,20,Delivered
5942,2020-04-18,68,31,Shipped
5943,2023-09-23,569,54,Shipped
5944,2020-05-07,236,22,Shipped
5945,2021-11-07,755,47,Delivered
5946,2023-11-28,628,10,Delivered
5947,2020-06-26,458,21,Delivered
5948,2022-08-23,325,16,Shipped
5949,2023-04-07,246,38,Delivered
5950,2021-03-10,307,24,Delivered
5951,2020-01-31,13,16,Inprogress
5952,2023-01-17,432,3,Inprogress
5953,2023-04-19,265,44,Shipped
5954,2023-01-22,335,33,Delivered
5955,2020-01-07,104,9,Delivered
5956,2021-10-09,861,6,Delivered
5957,2021-12-11,878,47,Inprogress
5958,2022-05-02,48,39,Delivered
5959,2020-09-15,689,21,Delivered
5960,2022-05-01,544,28,Delivered
5961,2022-12-17,828,7,Delivered
5962,2023-04-25,422,41,Delivered
5963,2021-09-28,688,30,Returned
5964,2023-06-02,60,23,Shipped
5965,2021-06-21,292,14,Delivered
5966,2020-03-19,638,24,Inprogress
5967,2023-09-22,819,1,Delivered
5968,2023-04-23,398,9,Inprogress
5969,2021-10-25,602,52,Delivered
5970,2020-07-10,625,27,Inprogress
5971,2020-06-13,285,7,Delivered
5972,2020-07-06,479,37,Cancelled
5973,2020-02-28,725,38,Delivered
5974,2023-08-13,708,39,Delivered
5975,2022-05-09,58,54,Inprogress
5976,2021-10-26,449,14,Delivered
5977,2020-10-20,78,23,Inprogress
5978,2020-10-01,756,23,Delivered
5979,2023-12-12,320,41,Delivered
5980,2022-11-12,285,37,Shipped
5981,2021-08-11,706,45,Delivered
5982,2022-01-02,619,10,Delivered
5983,2022-06-22,323,40,Returned
5984,2022-04-30,439,4,Delivered
5985,2020-07-13,720,20,Inprogress
5986,2023-04-11,707,39,Shipped
5987,2023-01-02,406,41,Cancelled
5988,2022-04-16,400,46,Shipped
5989,2020-02-28,87,50,Inprogress
5990,2022-02-08,514,40,Cancelled
5991,2023-12-10,71,24,Delivered
5992,2023-05-28,847,6,Delivered
5993,2022-09-20,604,12,Returned
5994,2023-04-26,164,39,Shipped
5995,2023-12-02,733,17,Delivered
5996,2023-02-14,485,45,Delivered
5997,2020-07-23,43,2,Inprogress
5998,2023-03-14,890,40,Delivered
5999,2021-06-06,833,3,Inprogress
6000,2020-12-07,148,1,Delivered
6001,2022-05-22,181,53,Delivered
6002,2021-12-01,117,5,Delivered
6003,2022-06-18,148,45,Cancelled
6004,2022-11-02,661,50,Delivered
6005,2023-06-07,102,6,Delivered
6006,2021-04-06,67,12,Delivered
6007,2020-10-09,23,17,Cancelled
6008,2023-07-07,843,54,Shipped
6009,2020-05-22,791,42,Shipped
6010,2020-09-09,135,9,Delivered
6011,2021-01-18,70,19,Shipped
6012,2022-10-09,889,47,Delivered
6013,2021-07-27,290,3,Delivered
6014,2020-08-13,498,9,Shipped
6015,2021-09-14,328,10,Cancelled
6016,2023-05-22,38,31,Delivered
6017,2021-12-28,327,31,Delivered
6018,2023-01-10,334,29,Delivered
6019,2023-06-16,800,28,Delivered
6020,2020-07-03,718,42,Delivered
6021,2023-03-13,239,52,Delivered
6022,2023-10-14,449,31,Inprogress
6023,2023-03-10,704,9,Shipped
6024,2023-10-14,441,34,Shipped
6025,2023-07-21,280,2,Shipped
6026,2020-09-14,36,14,Delivered
6027,2020-11-06,712,42,Delivered
6028,2023-03-08,12,45,Delivered
6029,2020-11-15,397,1,Inprogress
6030,2020-01-18,66,24,Delivered
6031,2022-02-08,701,24,Delivered
6032,2023-06-15,254,33,Delivered
6033,2021-02-02,85,39,Shipped
6034,2022-04-15,184,9,Delivered
6035,2020-03-20,424,36,Returned
6036,2023-12-26,584,26,Inprogress
6037,2021-02-10,515,25,Shipped
6038,2023-02-28,173,22,Shipped
6039,2022-09-11,292,53,Inprogress
6040,2023-06-17,883,20,Inprogress
6041,2022-10-25,747,43,Shipped
6042,2023-03-13,415,30,Shipped
6043,2020-10-30,414,45,Shipped
6044,2023-04-04,174,26,Delivered
6045,2022-12-13,514,36,Delivered
6046,2020-01-15,727,49,Delivered
6047,2022-12-27,522,34,Delivered
6048,2023-03-09,143,7,Delivered
6049,2021-05-10,223,54,Cancelled
6050,2021-12-17,196,47,Delivered
6051,2021-08-20,763,16,Shipped
6052,2021-08-12,559,17,Inprogress
6053,2023-05-09,287,27,Delivered
6054,2022-01-17,455,49,Cancelled
6055,2022-09-02,114,14,Delivered
6056,2023-07-14,443,19,Delivered
6057,2020-06-04,656,34,Delivered
6058,2023-02-14,390,3,Delivered
6059,2022-08-22,574,42,Delivered
6060,2023-08-01,687,15,Delivered
6061,2023-06-19,343,2,Cancelled
6062,2021-11-09,705,27,Delivered
6063,2023-08-12,418,19,Delivered
6064,2020-07-15,598,16,Delivered
6065,2022-01-16,248,27,Cancelled
6066,2023-10-30,212,43,Cancelled
6067,2021-12-30,615,40,Delivered
6068,2023-09-20,39,23,Shipped
6069,2023-04-08,88,52,Shipped
6070,2023-02-09,802,41,Delivered
6071,2020-04-03,164,14,Shipped
6072,2020-09-15,366,40,Delivered
6073,2021-08-06,517,42,Delivered
6074,2020-05-25,689,25,Shipped
6075,2020-10-04,110,16,Delivered
6076,2020-10-15,608,41,Returned
6077,2023-10-03,428,36,Delivered
6078,2023-09-02,109,35,Shipped
6079,2021-04-30,642,46,Delivered
6080,2023-09-04,472,30,Cancelled
6081,2021-01-17,776,7,Delivered
6082,2023-01-23,177,27,Delivered
6083,2022-04-27,648,37,Delivered
6084,2022-09-20,676,35,Shipped
6085,2020-05-05,728,40,Delivered
6086,2021-11-19,875,35,Shipped
6087,2020-07-11,413,12,Delivered
6088,2022-09-19,824,33,Delivered
6089,2023-06-16,583,49,Shipped
6090,2023-11-05,767,52,Delivered
6091,2023-09-23,850,54,Delivered
6092,2023-12-24,764,20,Delivered
6093,2023-12-24,74,35,Shipped
6094,2021-11-27,532,27,Shipped
6095,2021-02-25,254,10,Delivered
6096,2021-07-19,116,42,Inprogress
6097,2023-10-12,361,12,Cancelled
6098,2022-12-09,528,12,Delivered
6099,2023-05-25,239,16,Delivered
6100,2023-10-28,610,14,Delivered
6101,2022-08-15,729,35,Delivered
6102,2021-10-15,215,45,Shipped
6103,2023-01-20,802,9,Shipped
6104,2021-02-03,394,17,Delivered
6105,2021-04-11,886,45,Delivered
6106,2020-10-11,85,34,Delivered
6107,2022-01-10,431,53,Delivered
6108,2021-08-10,774,48,Cancelled
6109,2021-05-18,90,31,Delivered
6110,2023-02-12,21,18,Delivered
6111,2023-03-05,243,25,Delivered
6112,2021-10-07,625,36,Inprogress
6113,2022-01-27,32,15,Delivered
6114,2021-04-06,352,16,Inprogress
6115,2022-05-15,857,27,Inprogress
6116,2022-11-16,746,20,Cancelled
6117,2022-09-29,248,31,Inprogress
6118,2022-08-23,47,32,Delivered
6119,2021-01-02,476,37,Inprogress
6120,2023-05-13,613,43,Delivered
6121,2022-12-21,485,15,Delivered
6122,2021-05-20,102,37,Delivered
6123,2023-11-02,136,10,Delivered
6124,2022-10-14,9,23,Delivered
6125,2021-01-24,495,28,Delivered
6126,2021-04-27,580,34,Delivered
6127,2020-07-02,884,40,Inprogress
6128,2023-02-26,657,13,Delivered
6129,2021-11-11,544,32,Delivered
6130,2023-02-02,813,19,Delivered
6131,2021-12-20,726,26,Delivered
6132,2022-07-29,559,24,Shipped
6133,2023-02-25,794,17,Delivered
6134,2023-08-05,320,6,Shipped
6135,2022-10-19,897,21,Shipped
6136,2020-06-16,427,47,Delivered
6137,2020-11-13,675,28,Delivered
6138,2023-11-13,498,18,Delivered
6139,2020-10-28,397,22,Delivered
6140,2021-12-18,741,31,Delivered
6141,2023-11-25,135,1,Cancelled
6142,2021-05-31,28,10,Shipped
6143,2023-10-03,774,21,Delivered
6144,2020-06-29,496,27,Inprogress
6145,2022-04-27,578,2,Delivered
6146,2020-08-30,876,12,Delivered
6147,2020-02-22,490,23,Inprogress
6148,2021-09-21,128,1,Shipped
6149,2020-09-07,777,10,Shipped
6150,2022-12-02,676,37,Shipped
6151,2021-12-18,861,52,Shipped
6152,2022-03-10,757,49,Inprogress
6153,2022-09-23,216,51,Inprogress
6154,2020-03-18,322,50,Cancelled
6155,2020-12-12,591,47,Delivered
6156,2022-10-21,845,38,Cancelled
6157,2020-12-08,422,40,Shipped
6158,2023-12-29,479,44,Delivered
6159,2022-07-02,579,4,Delivered
6160,2020-12-20,146,8,Delivered
6161,2022-11-11,579,17,Inprogress
6162,2021-03-03,900,27,Delivered
6163,2023-12-14,827,1,Delivered
6164,2023-03-09,161,2,Delivered
6165,2020-01-19,288,13,Delivered
6166,2023-01-24,124,10,Returned
6167,2022-09-10,26,46,Delivered
6168,2020-12-16,489,30,Delivered
6169,2021-11-05,746,38,Delivered
6170,2023-07-07,13,12,Shipped
6171,2020-11-26,195,46,Delivered
6172,2023-09-07,378,43,Inprogress
6173,2021-07-21,670,6,Delivered
6174,2020-11-05,10,33,Inprogress
6175,2022-07-04,37,27,Delivered
6176,2021-08-20,468,26,Inprogress
6177,2020-02-13,573,34,Delivered
6178,2021-10-01,173,35,Inprogress
6179,2022-05-12,834,12,Delivered
6180,2022-11-03,299,50,Delivered
6181,2020-03-30,272,53,Delivered
6182,2023-10-18,674,6,Delivered
6183,2020-05-19,719,54,Delivered
6184,2023-06-15,253,43,Cancelled
6185,2023-05-30,73,39,Delivered
6186,2022-06-28,555,42,Delivered
6187,2023-04-22,567,40,Returned
6188,2023-04-11,154,29,Delivered
6189,2021-09-04,51,5,Shipped
6190,2022-11-05,346,16,Delivered
6191,2023-03-23,610,5,Cancelled
6192,2022-10-27,367,23,Delivered
6193,2021-02-22,520,41,Cancelled
6194,2023-10-10,61,17,Shipped
6195,2020-12-19,247,24,Delivered
6196,2023-11-20,332,46,Returned
6197,2023-08-28,726,28,Delivered
6198,2020-04-19,168,19,Shipped
6199,2022-12-27,687,43,Shipped
6200,2023-07-25,722,40,Shipped
6201,2020-08-17,176,49,Shipped
6202,2023-07-05,383,36,Returned
6203,2023-01-26,776,36,Shipped
6204,2022-08-25,137,30,Inprogress
6205,2021-11-12,362,26,Delivered
6206,2020-10-07,383,42,Delivered
6207,2020-11-15,184,26,Delivered
6208,2020-09-22,351,13,Delivered
6209,2021-12-19,493,43,Delivered
6210,2023-06-28,301,39,Delivered
6211,2022-06-03,450,14,Cancelled
6212,2022-07-06,836,32,Delivered
6213,2021-10-16,141,4,Inprogress
6214,2022-01-23,895,45,Cancelled
6215,2021-10-19,285,25,Delivered
6216,2022-03-01,163,49,Delivered
6217,2023-04-02,209,54,Delivered
6218,2023-03-29,583,6,Shipped
6219,2021-08-23,209,42,Delivered
6220,2020-07-22,255,43,Delivered
6221,2022-07-28,790,8,Inprogress
6222,2021-02-05,644,28,Inprogress
6223,2023-09-01,868,40,Cancelled
6224,2023-04-10,695,43,Delivered
6225,2023-01-04,659,22,Inprogress
6226,2020-02-22,599,32,Delivered
6227,2021-07-03,245,29,Delivered
6228,2023-06-22,713,23,Cancelled
6229,2021-05-11,810,7,Shipped
6230,2022-03-17,439,37,Delivered
6231,2021-12-09,36,52,Inprogress
6232,2021-12-20,817,11,Delivered
6233,2021-04-06,583,17,Delivered
6234,2020-04-02,768,35,Cancelled
6235,2023-03-21,225,23,Cancelled
6236,2021-07-27,233,14,Inprogress
6237,2021-04-11,361,20,Delivered
6238,2021-08-29,552,34,Delivered
6239,2023-05-16,62,6,Cancelled
6240,2020-09-11,296,20,Inprogress
6241,2022-05-07,340,29,Shipped
6242,2021-03-06,375,20,Shipped
6243,2021-01-28,201,17,Shipped
6244,2023-12-18,413,14,Delivered
6245,2020-02-23,505,1,Delivered
6246,2023-07-07,161,38,Delivered
6247,2023-12-11,146,52,Delivered
6248,2022-06-05,282,22,Returned
6249,2022-04-28,29,26,Shipped
6250,2023-06-18,455,5,Delivered
6251,2023-12-31,501,4,Shipped
6252,2020-04-24,455,6,Delivered
6253,2020-01-03,873,28,Inprogress
6254,2023-04-11,276,15,Inprogress
6255,2022-06-24,496,44,Delivered
6256,2023-08-08,661,2,Shipped
6257,2022-08-02,280,44,Delivered
6258,2023-06-21,286,20,Inprogress
6259,2023-07-10,452,6,Shipped
6260,2023-04-05,881,30,Cancelled
6261,2022-08-13,612,38,Returned
6262,2021-11-26,350,12,Shipped
6263,2020-04-04,645,30,Cancelled
6264,2023-12-27,456,52,Delivered
6265,2022-02-20,522,44,Delivered
6266,2022-11-23,848,54,Delivered
6267,2023-07-03,208,48,Delivered
6268,2021-04-11,471,44,Delivered
6269,2022-02-01,271,48,Delivered
6270,2020-12-30,426,53,Delivered
6271,2023-03-14,407,1,Cancelled
6272,2020-11-18,634,5,Delivered
6273,2023-01-03,221,14,Delivered
6274,2023-03-11,44,18,Delivered
6275,2021-01-24,154,53,Delivered
6276,2023-01-03,18,1,Shipped
6277,2023-06-09,379,49,Delivered
6278,2020-08-17,567,13,Delivered
6279,2020-08-07,883,4,Inprogress
6280,2020-08-18,491,25,Delivered
6281,2023-11-01,310,24,Delivered
6282,2020-12-25,558,31,Delivered
6283,2020-10-05,606,21,Shipped
6284,2021-05-24,253,23,Delivered
6285,2020-03-31,604,3,Delivered
6286,2021-04-21,401,7,Shipped
6287,2023-10-14,21,5,Inprogress
6288,2021-05-01,873,14,Delivered
6289,2023-11-25,243,42,Inprogress
6290,2020-12-05,768,13,Shipped
6291,2023-12-10,11,40,Delivered
6292,2021-08-25,777,35,Delivered
6293,2020-09-26,254,43,Delivered
6294,2023-02-01,308,46,Delivered
6295,2021-11-02,698,33,Delivered
6296,2022-03-21,299,39,Delivered
6297,2020-09-14,117,4,Shipped
6298,2020-07-06,818,38,Delivered
6299,2020-11-21,357,43,Delivered
6300,2021-02-20,366,18,Returned
6301,2022-03-25,845,5,Delivered
6302,2022-03-07,766,5,Inprogress
6303,2022-06-04,414,27,Cancelled
6304,2020-05-06,772,25,Shipped
6305,2020-03-16,28,39,Delivered
6306,2023-11-19,745,24,Cancelled
6307,2023-10-01,853,37,Shipped
6308,2020-06-13,818,41,Delivered
6309,2020-09-18,298,3,Inprogress
6310,2023-07-20,87,19,Delivered
6311,2022-05-17,858,22,Shipped
6312,2020-10-20,417,35,Cancelled
6313,2023-03-12,150,47,Cancelled
6314,2021-12-18,150,22,Delivered
6315,2020-01-10,787,38,Cancelled
6316,2023-09-24,654,32,Delivered
6317,2023-08-28,544,12,Delivered
6318,2023-02-27,98,41,Shipped
6319,2021-03-10,412,45,Delivered
6320,2022-05-07,199,48,Shipped
6321,2021-06-16,892,27,Delivered
6322,2022-05-19,738,16,Delivered
6323,2022-02-16,444,2,Delivered
6324,2021-10-24,206,52,Inprogress
6325,2023-12-04,587,2,Shipped
6326,2022-10-17,866,36,Delivered
6327,2021-01-18,511,26,Returned
6328,2020-04-17,612,52,Inprogress
6329,2022-04-03,200,17,Shipped
6330,2020-08-14,633,18,Delivered
6331,2021-07-25,602,39,Shipped
6332,2023-10-05,592,37,Cancelled
6333,2020-01-19,97,13,Inprogress
6334,2021-05-23,221,31,Inprogress
6335,2021-07-19,29,19,Delivered
6336,2020-10-22,626,29,Delivered
6337,2023-11-20,26,15,Delivered
6338,2022-11-30,628,49,Delivered
6339,2023-10-06,348,25,Delivered
6340,2021-08-25,261,43,Shipped
6341,2023-07-11,553,2,Delivered
6342,2022-11-12,32,14,Cancelled
6343,2023-12-31,96,53,Returned
6344,2022-05-14,147,32,Delivered
6345,2021-08-28,566,2,Returned
6346,2021-06-23,680,40,Delivered
6347,2021-01-16,864,9,Delivered
6348,2022-01-10,744,7,Shipped
6349,2020-01-18,106,1,Inprogress
6350,2020-12-25,484,43,Delivered
6351,2023-03-09,623,46,Returned
6352,2021-03-24,414,25,Returned
6353,2021-01-19,682,36,Shipped
6354,2022-08-16,476,26,Cancelled
6355,2020-02-13,132,10,Delivered
6356,2020-01-05,148,16,Delivered
6357,2021-05-25,155,25,Delivered
6358,2021-08-06,233,2,Delivered
6359,2022-01-01,349,29,Delivered
6360,2023-07-10,110,47,Shipped
6361,2023-09-28,20,3,Delivered
6362,2022-03-30,187,15,Inprogress
6363,2023-03-01,887,26,Delivered
6364,2021-11-03,537,24,Returned
6365,2022-06-23,806,50,Delivered
6366,2022-11-24,859,17,Delivered
6367,2022-02-23,163,29,Delivered
6368,2023-08-16,153,35,Returned
6369,2020-12-15,209,27,Shipped
6370,2023-10-09,857,53,Cancelled
6371,2021-05-31,720,14,Shipped
6372,2022-03-16,699,49,Delivered
6373,2022-04-03,626,13,Delivered
6374,2022-02-22,291,39,Delivered
6375,2023-09-15,650,34,Delivered
6376,2021-04-06,392,18,Inprogress
6377,2022-02-08,66,13,Inprogress
6378,2021-10-25,260,29,Shipped
6379,2020-04-01,25,16,Cancelled
6380,2021-03-27,109,49,Inprogress
6381,2023-09-02,656,17,Cancelled
6382,2021-12-24,352,8,Inprogress
6383,2021-10-24,694,24,Shipped
6384,2022-11-15,586,33,Delivered
6385,2021-05-07,4,26,Inprogress
6386,2023-12-10,734,16,Inprogress
6387,2020-04-12,22,26,Delivered
6388,2023-07-26,621,36,Delivered
6389,2020-05-18,528,36,Shipped
6390,2020-02-27,438,45,Shipped
6391,2020-03-30,522,19,Shipped
6392,2022-11-28,272,30,Delivered
6393,2020-08-27,560,34,Shipped
6394,2023-06-29,525,15,Inprogress
6395,2020-05-10,195,15,Shipped
6396,2020-09-06,606,11,Returned
6397,2020-11-09,799,27,Delivered
6398,2023-12-28,220,38,Delivered
6399,2021-03-03,392,18,Delivered
6400,2020-07-27,642,32,Cancelled
6401,2020-10-29,576,4,Delivered
6402,2021-03-05,539,12,Delivered
6403,2020-01-04,862,19,Delivered
6404,2022-01-14,605,29,Delivered
6405,2020-03-27,142,20,Shipped
6406,2023-02-04,167,39,Inprogress
6407,2022-04-18,85,39,Cancelled
6408,2020-10-25,845,27,Delivered
6409,2020-11-18,772,21,Shipped
6410,2023-06-07,469,19,Delivered
6411,2020-10-26,166,50,Shipped
6412,2020-09-20,882,41,Delivered
6413,2022-04-21,372,26,Delivered
6414,2023-05-29,514,48,Shipped
6415,2020-08-25,515,43,Delivered
6416,2020-05-03,615,54,Shipped
6417,2023-06-14,735,10,Inprogress
6418,2023-06-27,691,11,Delivered
6419,2023-07-19,736,7,Cancelled
6420,2020-08-06,331,30,Delivered
6421,2020-11-06,704,6,Cancelled
6422,2023-04-11,483,54,Delivered
6423,2021-04-08,897,30,Shipped
6424,2023-08-03,183,28,Delivered
6425,2023-12-26,739,47,Delivered
6426,2021-06-17,635,54,Inprogress
6427,2021-12-30,461,12,Delivered
6428,2022-01-23,745,51,Cancelled
6429,2020-11-17,891,34,Delivered
6430,2021-04-11,226,28,Inprogress
6431,2023-11-11,845,32,Delivered
6432,2021-10-04,259,27,Inprogress
6433,2021-12-14,392,2,Delivered
6434,2021-06-17,472,18,Delivered
6435,2020-03-29,692,2,Delivered
6436,2023-03-09,399,41,Shipped
6437,2023-05-06,110,12,Shipped
6438,2021-11-30,742,15,Delivered
6439,2021-03-15,791,20,Delivered
6440,2022-01-19,755,11,Delivered
6441,2021-12-04,123,35,Inprogress
6442,2020-01-25,889,36,Delivered
6443,2022-04-06,436,48,Shipped
6444,2023-02-24,33,47,Cancelled
6445,2020-07-08,581,31,Delivered
6446,2021-07-01,231,54,Delivered
6447,2020-08-13,866,45,Shipped
6448,2021-06-28,543,4,Delivered
6449,2023-01-15,531,50,Shipped
6450,2020-02-25,35,27,Delivered
6451,2021-09-04,293,23,Delivered
6452,2021-07-16,593,27,Delivered
6453,2020-11-26,54,47,Delivered
6454,2023-06-12,367,14,Shipped
6455,2022-12-09,89,18,Inprogress
6456,2022-05-10,105,15,Shipped
6457,2022-10-22,379,46,Shipped
6458,2020-11-05,264,53,Delivered
6459,2021-02-22,177,47,Delivered
6460,2021-08-13,705,53,Delivered
6461,2020-04-29,40,34,Cancelled
6462,2022-03-08,18,8,Delivered
6463,2021-06-20,740,39,Delivered
6464,2020-05-29,541,17,Delivered
6465,2022-05-23,577,54,Inprogress
6466,2022-02-18,535,29,Inprogress
6467,2021-05-06,847,2,Cancelled
6468,2020-08-25,339,36,Shipped
6469,2020-04-05,793,34,Shipped
6470,2021-07-27,9,10,Returned
6471,2021-11-08,260,47,Shipped
6472,2022-11-10,20,54,Delivered
6473,2021-11-12,130,15,Shipped
6474,2023-11-11,680,51,Delivered
6475,2023-10-21,791,22,Delivered
6476,2023-10-18,85,6,Shipped
6477,2020-12-07,184,8,Delivered
6478,2022-10-25,764,49,Delivered
6479,2023-02-22,850,36,Delivered
6480,2022-05-19,872,36,Delivered
6481,2020-09-21,868,15,Delivered
6482,2020-02-02,489,10,Delivered
6483,2022-07-09,166,34,Delivered
6484,2022-08-05,282,28,Delivered
6485,2021-11-19,347,15,Delivered
6486,2020-03-11,156,35,Delivered
6487,2020-03-31,789,18,Cancelled
6488,2020-02-15,225,12,Delivered
6489,2021-03-31,514,37,Shipped
6490,2021-05-06,847,9,Shipped
6491,2020-08-04,341,24,Shipped
6492,2022-08-30,224,9,Shipped
6493,2020-03-22,780,27,Inprogress
6494,2021-08-04,70,22,Delivered
6495,2023-01-31,326,13,Delivered
6496,2022-08-08,499,26,Delivered
6497,2023-09-06,833,6,Delivered
6498,2020-11-21,13,2,Delivered
6499,2022-06-20,822,3,Shipped
6500,2021-05-19,49,15,Shipped
6501,2021-11-15,337,26,Shipped
6502,2020-10-08,879,20,Delivered
6503,2022-01-29,123,40,Delivered
6504,2023-06-07,364,49,Inprogress
6505,2023-05-26,651,34,Delivered
6506,2022-04-27,4,50,Delivered
6507,2020-04-30,669,20,Delivered
6508,2021-08-21,422,32,Delivered
6509,2021-08-01,409,34,Delivered
6510,2021-04-16,193,47,Inprogress
6511,2020-06-20,872,16,Delivered
6512,2023-07-26,263,45,Cancelled
6513,2021-04-27,168,12,Delivered
6514,2023-08-25,485,41,Returned
6515,2020-08-24,632,9,Inprogress
6516,2020-06-30,752,31,Inprogress
6517,2020-12-29,778,28,Delivered
6518,2023-04-26,440,32,Inprogress
6519,2022-12-24,194,7,Cancelled
6520,2022-10-16,65,25,Delivered
6521,2023-04-08,404,2,Delivered
6522,2021-03-08,70,41,Delivered
6523,2021-08-13,111,19,Shipped
6524,2020-05-15,491,36,Inprogress
6525,2023-03-26,157,47,Delivered
6526,2022-02-01,269,22,Delivered
6527,2021-08-14,648,51,Delivered
6528,2023-02-11,584,48,Delivered
6529,2023-02-14,96,19,Delivered
6530,2020-04-18,308,29,Delivered
6531,2021-02-26,53,48,Delivered
6532,2020-12-22,263,15,Delivered
6533,2021-05-28,434,9,Inprogress
6534,2022-04-06,697,26,Inprogress
6535,2020-12-16,303,41,Delivered
6536,2021-06-01,243,1,Delivered
6537,2021-09-15,515,54,Delivered
6538,2023-04-16,14,7,Delivered
6539,2023-12-02,542,38,Shipped
6540,2020-02-03,828,20,Inprogress
6541,2023-11-23,587,4,Delivered
6542,2021-01-09,451,5,Shipped
6543,2021-05-31,856,34,Inprogress
6544,2020-06-08,323,23,Delivered
6545,2022-08-08,787,11,Shipped
6546,2021-10-02,499,39,Delivered
6547,2021-01-18,609,5,Delivered
6548,2023-07-01,303,23,Delivered
6549,2021-04-15,397,30,Delivered
6550,2021-01-31,893,14,Inprogress
6551,2020-11-07,468,13,Delivered
6552,2023-02-18,141,9,Returned
6553,2022-06-20,556,47,Delivered
6554,2021-05-09,888,42,Delivered
6555,2020-06-23,636,9,Delivered
6556,2023-11-23,178,6,Returned
6557,2020-06-30,859,22,Delivered
6558,2020-09-11,574,39,Returned
6559,2023-07-13,285,28,Returned
6560,2020-12-29,698,37,Delivered
6561,2021-05-23,265,12,Delivered
6562,2023-08-07,30,48,Delivered
6563,2023-06-26,84,37,Cancelled
6564,2023-06-26,607,16,Shipped
6565,2023-05-06,417,21,Shipped
6566,2022-10-31,553,33,Delivered
6567,2023-07-29,542,22,Delivered
6568,2021-06-17,93,40,Delivered
6569,2023-08-07,245,42,Delivered
6570,2022-08-03,698,26,Delivered
6571,2022-04-27,882,1,Cancelled
6572,2021-08-03,499,7,Delivered
6573,2022-09-07,760,3,Delivered
6574,2022-05-16,867,45,Delivered
6575,2023-11-29,392,37,Shipped
6576,2021-10-19,744,1,Shipped
6577,2022-09-06,4,18,Delivered
6578,2021-01-08,678,54,Delivered
6579,2020-09-14,795,23,Shipped
6580,2021-05-26,743,37,Shipped
6581,2020-10-22,55,36,Delivered
6582,2020-07-27,191,43,Delivered
6583,2021-12-30,559,11,Delivered
6584,2023-02-09,263,36,Delivered
6585,2023-07-19,498,20,Inprogress
6586,2021-04-09,266,32,Delivered
6587,2023-03-14,137,14,Delivered
6588,2020-04-29,315,52,Delivered
6589,2020-11-15,806,50,Cancelled
6590,2020-07-19,259,50,Delivered
6591,2021-08-05,695,24,Delivered
6592,2021-12-30,284,8,Delivered
6593,2023-05-24,480,12,Delivered
6594,2023-09-11,412,23,Delivered
6595,2021-09-04,606,11,Delivered
6596,2020-04-05,199,42,Shipped
6597,2020-09-26,596,32,Shipped
6598,2022-01-28,354,42,Returned
6599,2020-05-19,575,43,Delivered
6600,2020-09-09,547,4,Delivered
6601,2022-08-23,308,2,Delivered
6602,2022-08-09,775,53,Delivered
6603,2022-06-10,114,8,Delivered
6604,2021-10-15,869,45,Shipped
6605,2021-11-23,703,35,Cancelled
6606,2021-03-07,288,15,Inprogress
6607,2023-10-03,222,26,Delivered
6608,2020-04-16,14,48,Delivered
6609,2020-09-12,883,44,Inprogress
6610,2023-06-02,875,35,Inprogress
6611,2022-05-02,212,42,Delivered
6612,2023-02-27,90,40,Cancelled
6613,2021-02-05,228,28,Inprogress
6614,2023-01-18,587,22,Delivered
6615,2020-10-08,198,20,Delivered
6616,2021-01-25,434,50,Shipped
6617,2022-01-05,241,39,Delivered
6618,2023-02-20,145,10,Shipped
6619,2020-11-13,897,49,Inprogress
6620,2023-11-16,706,4,Inprogress
6621,2021-03-17,755,25,Cancelled
6622,2022-04-29,618,42,Cancelled
6623,2020-06-12,814,26,Inprogress
6624,2023-12-02,3,25,Delivered
6625,2022-06-14,183,14,Inprogress
6626,2020-04-19,316,1,Shipped
6627,2022-10-17,761,54,Delivered
6628,2021-03-27,241,39,Delivered
6629,2020-05-04,604,41,Delivered
6630,2022-02-13,325,43,Delivered
6631,2022-06-27,871,19,Delivered
6632,2020-06-17,259,35,Delivered
6633,2023-09-24,475,19,Cancelled
6634,2021-11-12,38,50,Delivered
6635,2023-06-05,565,8,Delivered
6636,2022-07-31,438,14,Delivered
6637,2022-09-09,378,25,Inprogress
6638,2021-03-31,129,45,Shipped
6639,2022-02-17,312,36,Inprogress
6640,2020-11-28,569,44,Shipped
6641,2023-09-14,429,40,Inprogress
6642,2022-02-06,560,6,Delivered
6643,2021-01-19,203,42,Delivered
6644,2023-07-10,565,1,Delivered
6645,2020-02-27,414,7,Shipped
6646,2022-04-01,346,6,Delivered
6647,2022-09-13,247,46,Shipped
6648,2021-07-20,688,13,Shipped
6649,2021-03-21,372,7,Delivered
6650,2020-03-07,887,52,Delivered
6651,2021-03-18,118,4,Delivered
6652,2022-09-03,360,54,Delivered
6653,2023-06-02,895,32,Delivered
6654,2021-05-26,531,37,Delivered
6655,2023-05-21,135,47,Inprogress
6656,2023-08-30,456,16,Delivered
6657,2020-01-15,72,23,Shipped
6658,2023-02-03,192,50,Inprogress
6659,2023-07-18,782,13,Shipped
6660,2020-01-21,821,35,Inprogress
6661,2023-10-04,358,20,Cancelled
6662,2021-05-26,37,51,Delivered
6663,2021-02-05,535,20,Delivered
6664,2021-09-28,846,48,Delivered
6665,2022-09-14,168,30,Delivered
6666,2023-11-07,600,18,Delivered
6667,2023-01-11,799,47,Returned
6668,2023-08-02,342,44,Shipped
6669,2020-08-03,63,36,Delivered
6670,2023-10-13,531,50,Delivered
6671,2020-08-07,601,1,Shipped
6672,2022-11-22,5,51,Delivered
6673,2022-06-13,397,41,Delivered
6674,2020-08-15,806,45,Delivered
6675,2021-11-08,551,36,Inprogress
6676,2022-06-25,893,36,Shipped
6677,2021-12-16,748,17,Delivered
6678,2020-10-12,93,19,Delivered
6679,2022-07-10,252,36,Delivered
6680,2022-04-24,398,1,Delivered
6681,2023-07-16,811,20,Inprogress
6682,2023-11-09,157,26,Delivered
6683,2022-01-16,521,38,Delivered
6684,2023-12-29,489,31,Shipped
6685,2021-08-29,668,31,Shipped
6686,2023-10-29,841,30,Delivered
6687,2020-03-30,825,22,Inprogress
6688,2022-03-07,183,50,Shipped
6689,2022-10-24,351,11,Delivered
6690,2021-10-16,648,44,Delivered
6691,2021-07-12,478,39,Shipped
6692,2021-12-01,674,17,Delivered
6693,2021-01-05,279,42,Shipped
6694,2023-04-30,894,34,Delivered
6695,2021-10-18,892,45,Delivered
6696,2023-03-30,240,26,Inprogress
6697,2020-09-29,890,14,Delivered
6698,2021-09-05,309,11,Delivered
6699,2020-03-31,397,37,Inprogress
6700,2021-12-06,19,4,Shipped
6701,2022-01-25,502,54,Delivered
6702,2023-02-22,890,16,Delivered
6703,2020-12-12,502,40,Inprogress
6704,2021-05-28,336,48,Returned
6705,2021-07-31,144,13,Delivered
6706,2020-02-27,159,29,Delivered
6707,2021-11-04,335,34,Cancelled
6708,2020-09-22,100,4,Shipped
6709,2023-06-02,396,3,Inprogress
6710,2020-10-15,266,13,Shipped
6711,2021-02-27,70,28,Delivered
6712,2022-04-18,558,48,Cancelled
6713,2022-01-09,842,11,Delivered
6714,2022-09-19,387,39,Delivered
6715,2023-06-08,860,33,Inprogress
6716,2022-06-24,787,26,Delivered
6717,2020-05-31,523,11,Inprogress
6718,2022-04-08,177,38,Inprogress
6719,2022-06-28,172,4,Delivered
6720,2021-04-06,118,34,Delivered
6721,2023-12-18,660,47,Delivered
6722,2021-01-07,417,1,Delivered
6723,2023-05-07,802,15,Inprogress
6724,2023-08-16,464,17,Delivered
6725,2020-10-15,445,45,Delivered
6726,2020-01-26,759,18,Delivered
6727,2020-08-22,767,14,Delivered
6728,2021-01-25,232,2,Delivered
6729,2021-09-22,350,45,Inprogress
6730,2020-08-02,76,14,Delivered
6731,2021-02-21,153,24,Delivered
6732,2023-12-25,808,7,Delivered
6733,2022-08-10,678,4,Delivered
6734,2023-02-19,664,44,Inprogress
6735,2020-05-11,109,20,Delivered
6736,2023-12-20,836,10,Inprogress
6737,2021-08-23,688,45,Cancelled
6738,2021-12-23,346,35,Delivered
6739,2023-12-21,311,45,Shipped
6740,2020-11-14,214,39,Delivered
6741,2022-01-30,42,11,Returned
6742,2020-11-02,671,51,Inprogress
6743,2021-08-13,443,37,Delivered
6744,2021-08-31,809,5,Shipped
6745,2022-05-24,67,41,Delivered
6746,2020-01-08,568,46,Delivered
6747,2021-07-31,525,42,Shipped
6748,2023-10-12,419,42,Shipped
6749,2020-12-10,154,11,Delivered
6750,2023-05-03,313,6,Inprogress
6751,2021-08-03,677,1,Delivered
6752,2021-12-18,840,37,Cancelled
6753,2022-01-31,431,53,Cancelled
6754,2022-06-02,810,51,Shipped
6755,2023-08-12,77,46,Shipped
6756,2020-09-19,665,3,Delivered
6757,2020-02-06,807,7,Shipped
6758,2023-05-30,46,17,Delivered
6759,2023-09-14,43,30,Delivered
6760,2021-11-10,147,32,Shipped
6761,2023-11-19,78,7,Shipped
6762,2020-03-05,376,22,Delivered
6763,2023-03-14,732,25,Delivered
6764,2021-10-24,260,37,Cancelled
6765,2023-11-23,207,41,Shipped
6766,2022-01-17,503,44,Cancelled
6767,2021-12-30,203,46,Inprogress
6768,2020-06-22,770,20,Delivered
6769,2023-01-14,109,41,Delivered
6770,2023-04-08,859,4,Delivered
6771,2020-08-23,470,1,Delivered
6772,2020-05-25,771,50,Delivered
6773,2021-07-10,667,6,Cancelled
6774,2023-06-20,262,19,Inprogress
6775,2022-02-28,737,5,Shipped
6776,2022-12-05,845,47,Inprogress
6777,2022-07-24,900,1,Delivered
6778,2022-11-10,689,26,Shipped
6779,2023-08-22,507,43,Cancelled
6780,2023-06-01,245,12,Shipped
6781,2023-09-09,443,9,Shipped
6782,2021-06-27,308,5,Delivered
6783,2020-04-05,868,37,Delivered
6784,2020-08-19,519,27,Delivered
6785,2020-04-13,814,23,Delivered
6786,2020-09-18,652,37,Cancelled
6787,2023-08-14,873,52,Delivered
6788,2021-12-13,897,48,Delivered
6789,2021-08-04,706,53,Delivered
6790,2022-10-24,253,25,Shipped
6791,2020-06-09,743,45,Inprogress
6792,2022-04-24,264,6,Inprogress
6793,2023-08-07,486,19,Delivered
6794,2023-11-05,411,8,Delivered
6795,2020-03-30,497,27,Delivered
6796,2023-10-19,576,39,Delivered
6797,2023-06-26,106,29,Inprogress
6798,2020-07-06,199,48,Delivered
6799,2020-11-15,759,21,Delivered
6800,2021-04-12,631,35,Delivered
6801,2021-03-23,692,35,Shipped
6802,2021-03-20,807,37,Delivered
6803,2021-04-17,506,24,Delivered
6804,2023-05-26,150,41,Shipped
6805,2021-03-30,683,7,Delivered
6806,2023-03-04,52,16,Delivered
6807,2023-12-29,204,35,Cancelled
6808,2022-05-10,272,30,Delivered
6809,2021-05-21,139,54,Returned
6810,2020-07-15,9,25,Inprogress
6811,2021-05-30,539,44,Cancelled
6812,2021-09-16,197,9,Inprogress
6813,2021-12-23,107,24,Shipped
6814,2020-12-07,401,21,Inprogress
6815,2022-09-07,148,26,Returned
6816,2021-08-14,207,35,Delivered
6817,2020-09-30,745,35,Delivered
6818,2021-06-18,2,48,Delivered
6819,2021-08-16,576,35,Delivered
6820,2021-05-05,372,42,Delivered
6821,2023-06-26,376,13,Delivered
6822,2021-09-25,448,43,Shipped
6823,2020-08-23,631,52,Delivered
6824,2020-10-26,316,43,Delivered
6825,2022-10-14,270,5,Delivered
6826,2023-12-16,780,8,Cancelled
6827,2021-01-30,601,47,Shipped
6828,2021-11-22,777,44,Inprogress
6829,2023-03-03,533,46,Delivered
6830,2022-09-21,529,54,Shipped
6831,2020-03-16,47,50,Delivered
6832,2022-11-27,41,37,Cancelled
6833,2022-03-12,579,39,Delivered
6834,2023-09-17,820,21,Delivered
6835,2021-12-24,718,24,Inprogress
6836,2020-05-24,259,39,Delivered
6837,2020-07-24,212,44,Delivered
6838,2023-07-06,291,1,Delivered
6839,2020-08-08,134,45,Inprogress
6840,2020-12-28,413,41,Delivered
6841,2023-04-19,356,45,Delivered
6842,2023-02-17,470,14,Inprogress
6843,2023-05-30,58,10,Delivered
6844,2022-05-14,10,38,Inprogress
6845,2021-10-18,716,36,Delivered
6846,2021-10-18,218,46,Delivered
6847,2023-07-22,157,54,Shipped
6848,2023-12-10,596,47,Shipped
6849,2023-12-29,880,13,Delivered
6850,2021-07-04,2,6,Cancelled
6851,2022-03-28,270,35,Delivered
6852,2023-06-04,736,33,Inprogress
6853,2023-02-20,826,51,Delivered
6854,2022-03-03,456,27,Inprogress
6855,2023-09-17,856,31,Inprogress
6856,2023-10-11,744,43,Shipped
6857,2021-03-08,791,6,Delivered
6858,2023-09-16,428,27,Inprogress
6859,2020-08-25,827,3,Delivered
6860,2023-08-14,515,39,Inprogress
6861,2021-11-27,603,52,Shipped
6862,2023-01-27,885,35,Delivered
6863,2022-09-01,580,47,Inprogress
6864,2023-12-26,850,26,Shipped
6865,2021-05-25,680,6,Inprogress
6866,2021-03-30,758,31,Shipped
6867,2021-11-29,822,27,Delivered
6868,2022-04-01,577,47,Delivered
6869,2021-03-13,647,5,Delivered
6870,2023-05-23,483,46,Delivered
6871,2021-09-04,867,30,Delivered
6872,2020-09-16,724,8,Delivered
6873,2023-07-13,741,22,Delivered
6874,2022-04-17,428,54,Cancelled
6875,2022-03-08,432,14,Shipped
6876,2022-09-28,736,31,Delivered
6877,2023-06-08,133,13,Delivered
6878,2022-03-11,178,17,Shipped
6879,2021-12-08,37,21,Returned
6880,2022-09-06,445,44,Shipped
6881,2023-06-03,866,40,Delivered
6882,2023-07-14,98,35,Inprogress
6883,2023-02-24,601,10,Delivered
6884,2020-09-23,611,6,Cancelled
6885,2023-02-17,461,11,Delivered
6886,2022-05-21,175,5,Delivered
6887,2022-02-10,366,38,Inprogress
6888,2023-03-18,16,22,Delivered
6889,2023-10-21,847,24,Shipped
6890,2022-07-08,639,34,Delivered
6891,2023-10-02,135,5,Shipped
6892,2022-11-29,654,31,Delivered
6893,2020-07-16,832,35,Delivered
6894,2020-08-03,690,17,Cancelled
6895,2022-03-01,538,18,Delivered
6896,2022-03-09,531,42,Delivered
6897,2022-10-22,813,39,Delivered
6898,2020-04-18,339,3,Inprogress
6899,2023-06-28,115,50,Inprogress
6900,2021-09-24,562,22,Delivered
6901,2020-07-15,649,34,Shipped
6902,2020-08-25,194,53,Shipped
6903,2023-06-16,678,47,Shipped
6904,2022-03-16,854,23,Shipped
6905,2020-07-23,832,23,Shipped
6906,2021-07-17,4,36,Inprogress
6907,2023-12-17,674,31,Delivered
6908,2023-02-08,397,4,Inprogress
6909,2022-05-13,317,54,Inprogress
6910,2023-01-17,671,49,Shipped
6911,2023-09-17,877,21,Delivered
6912,2022-02-22,675,22,Inprogress
6913,2021-07-31,140,2,Delivered
6914,2023-06-12,415,54,Delivered
6915,2020-01-24,663,39,Inprogress
6916,2023-02-08,489,12,Delivered
6917,2021-10-27,770,53,Shipped
6918,2022-05-16,291,33,Delivered
6919,2021-08-03,502,10,Delivered
6920,2021-04-19,680,15,Inprogress
6921,2023-03-01,231,29,Delivered
6922,2023-06-30,251,13,Delivered
6923,2020-09-20,763,11,Delivered
6924,2021-10-07,307,51,Delivered
6925,2020-05-27,242,28,Delivered
6926,2020-10-09,496,36,Delivered
6927,2023-03-13,39,9,Delivered
6928,2021-02-21,742,17,Delivered
6929,2021-12-20,515,51,Delivered
6930,2021-07-07,597,21,Delivered
6931,2020-07-07,849,22,Delivered
6932,2023-03-12,655,47,Delivered
6933,2023-09-17,138,1,Delivered
6934,2022-09-23,867,53,Delivered
6935,2022-06-28,836,16,Delivered
6936,2021-06-12,211,15,Shipped
6937,2022-08-18,252,49,Delivered
6938,2022-01-30,392,41,Delivered
6939,2023-09-20,623,6,Shipped
6940,2020-01-15,589,43,Delivered
6941,2022-11-05,497,33,Delivered
6942,2023-06-04,252,32,Delivered
6943,2023-11-26,639,21,Delivered
6944,2022-04-18,276,41,Delivered
6945,2023-01-19,391,22,Inprogress
6946,2021-02-20,718,51,Shipped
6947,2023-01-06,205,3,Shipped
6948,2020-06-08,399,22,Inprogress
6949,2021-08-23,595,7,Delivered
6950,2020-12-14,278,9,Delivered
6951,2023-12-20,556,10,Delivered
6952,2021-11-09,269,30,Delivered
6953,2022-07-20,594,23,Shipped
6954,2021-01-10,460,39,Inprogress
6955,2021-08-21,539,14,Shipped
6956,2022-12-28,443,25,Delivered
6957,2021-11-13,634,49,Delivered
6958,2021-09-21,282,26,Shipped
6959,2023-04-17,689,32,Cancelled
6960,2022-02-24,762,26,Shipped
6961,2022-01-02,313,25,Delivered
6962,2023-01-28,465,11,Cancelled
6963,2023-01-24,773,21,Delivered
6964,2022-12-23,551,35,Inprogress
6965,2020-07-06,282,33,Delivered
6966,2023-11-10,658,28,Cancelled
6967,2022-01-18,483,16,Shipped
6968,2023-12-09,771,2,Shipped
6969,2022-05-31,21,9,Inprogress
6970,2022-12-07,656,10,Cancelled
6971,2022-07-14,379,7,Cancelled
6972,2021-09-04,5,17,Returned
6973,2020-03-02,102,45,Cancelled
6974,2022-03-02,25,13,Shipped
6975,2023-08-31,209,18,Shipped
6976,2021-03-22,195,35,Inprogress
6977,2020-05-23,615,12,Shipped
6978,2022-04-30,499,8,Shipped
6979,2021-12-02,558,6,Delivered
6980,2021-09-12,214,42,Shipped
6981,2022-10-24,114,32,Delivered
6982,2020-04-21,743,7,Delivered
6983,2021-01-04,721,20,Inprogress
6984,2023-11-20,546,40,Inprogress
6985,2022-08-05,40,30,Delivered
6986,2020-12-08,122,22,Delivered
6987,2021-11-29,807,41,Inprogress
6988,2023-09-27,773,11,Inprogress
6989,2021-10-19,711,30,Delivered
6990,2023-08-01,872,14,Delivered
6991,2020-08-22,458,23,Delivered
6992,2020-04-27,411,44,Delivered
6993,2020-06-03,106,4,Delivered
6994,2020-02-21,97,3,Inprogress
6995,2021-02-23,67,29,Delivered
6996,2021-08-29,359,52,Delivered
6997,2021-03-16,13,24,Delivered
6998,2022-06-17,888,28,Delivered
6999,2021-10-26,320,43,Delivered
7000,2022-07-18,359,35,Shipped
7001,2021-02-01,434,9,Delivered
7002,2020-03-15,10,51,Delivered
7003,2023-11-02,286,26,Shipped
7004,2023-09-19,434,30,Shipped
7005,2020-02-22,500,10,Delivered
7006,2023-12-23,139,37,Delivered
7007,2020-10-13,69,21,Returned
7008,2021-01-03,477,10,Shipped
7009,2023-09-15,532,44,Delivered
7010,2023-11-27,761,11,Inprogress
7011,2022-10-26,5,51,Cancelled
7012,2020-04-22,288,34,Delivered
7013,2023-03-26,621,41,Delivered
7014,2021-06-16,722,22,Delivered
7015,2021-05-01,235,17,Returned
7016,2022-05-25,78,25,Shipped
7017,2023-07-27,792,51,Delivered
7018,2021-04-02,273,45,Shipped
7019,2023-07-28,222,43,Delivered
7020,2021-02-07,382,28,Delivered
7021,2020-02-25,769,23,Shipped
7022,2021-01-09,786,32,Delivered
7023,2023-03-26,647,36,Delivered
7024,2023-07-24,104,36,Inprogress
7025,2023-06-27,687,6,Delivered
7026,2020-07-09,461,9,Inprogress
7027,2021-04-30,140,2,Delivered
7028,2020-08-04,848,33,Shipped
7029,2022-04-11,693,28,Inprogress
7030,2023-05-26,262,45,Returned
7031,2021-10-04,291,15,Inprogress
7032,2023-01-19,358,35,Shipped
7033,2021-08-22,865,4,Cancelled
7034,2021-07-06,279,16,Delivered
7035,2023-02-03,879,11,Delivered
7036,2021-08-25,847,47,Delivered
7037,2023-06-18,59,43,Delivered
7038,2020-12-15,742,43,Delivered
7039,2021-01-06,198,38,Delivered
7040,2022-12-27,547,8,Delivered
7041,2021-01-01,157,12,Delivered
7042,2020-08-20,669,7,Delivered
7043,2020-06-18,180,3,Delivered
7044,2021-09-25,798,43,Delivered
7045,2022-05-14,773,34,Inprogress
7046,2023-07-24,181,18,Delivered
7047,2022-11-19,767,18,Delivered
7048,2020-11-06,194,29,Delivered
7049,2023-09-03,325,29,Delivered
7050,2021-05-10,808,39,Delivered
7051,2022-10-13,593,17,Inprogress
7052,2021-11-09,329,35,Delivered
7053,2022-11-21,264,17,Shipped
7054,2022-02-25,394,5,Shipped
7055,2023-09-24,721,49,Inprogress
7056,2023-01-05,838,33,Shipped
7057,2023-10-30,597,14,Delivered
7058,2020-12-22,766,35,Delivered
7059,2020-12-16,434,23,Inprogress
7060,2023-12-15,669,21,Delivered
7061,2021-04-19,292,21,Delivered
7062,2023-09-27,759,32,Delivered
7063,2023-07-23,190,28,Shipped
7064,2020-10-20,170,5,Delivered
7065,2020-11-01,625,15,Delivered
7066,2023-08-19,39,6,Delivered
7067,2020-07-08,544,38,Shipped
7068,2021-04-18,239,50,Delivered
7069,2021-01-16,771,3,Delivered
7070,2023-10-20,140,48,Delivered
7071,2020-05-03,48,49,Shipped
7072,2020-04-17,545,23,Delivered
7073,2022-11-17,118,39,Delivered
7074,2020-04-02,316,54,Shipped
7075,2021-04-20,755,35,Delivered
7076,2023-03-12,295,34,Delivered
7077,2021-05-31,799,24,Cancelled
7078,2023-07-15,300,22,Cancelled
7079,2023-03-02,302,53,Delivered
7080,2021-03-30,59,44,Delivered
7081,2020-11-16,509,11,Shipped
7082,2023-11-21,587,27,Inprogress
7083,2023-02-22,95,33,Delivered
7084,2023-12-14,60,38,Shipped
7085,2023-09-04,777,5,Delivered
7086,2020-10-21,640,47,Returned
7087,2022-10-15,78,46,Delivered
7088,2021-06-02,870,42,Shipped
7089,2022-07-10,204,28,Delivered
7090,2023-08-17,475,38,Cancelled
7091,2021-06-24,213,53,Inprogress
7092,2023-09-19,793,1,Delivered
7093,2023-01-17,95,16,Delivered
7094,2023-02-12,874,34,Delivered
7095,2023-08-17,46,43,Delivered
7096,2022-04-06,76,48,Shipped
7097,2023-04-09,739,37,Inprogress
7098,2020-06-11,406,33,Returned
7099,2023-04-12,286,10,Delivered
7100,2022-04-29,622,46,Delivered
7101,2020-10-12,553,38,Delivered
7103,2023-01-26,213,35,Shipped
7104,2020-03-18,686,36,Inprogress
7105,2020-08-29,746,16,Delivered
7106,2020-03-15,253,30,Cancelled
7107,2021-08-14,92,13,Delivered
7108,2020-12-01,177,11,Delivered
7109,2021-03-08,669,3,Delivered
7110,2023-08-08,837,23,Delivered
7111,2022-11-29,548,37,Delivered
7112,2020-06-21,453,39,Delivered
7113,2022-09-01,854,49,Delivered
7114,2020-09-22,556,9,Shipped
7115,2021-04-07,112,40,Delivered
7116,2023-03-16,317,41,Delivered
7117,2020-06-04,731,13,Cancelled
7118,2022-08-24,30,7,Delivered
7119,2022-06-16,837,46,Inprogress
7120,2021-05-16,627,24,Delivered
7121,2022-09-07,134,44,Inprogress
7122,2020-01-21,308,20,Inprogress
7123,2021-11-23,179,31,Delivered
7124,2022-07-08,184,29,Delivered
7125,2022-04-03,820,24,Delivered
7126,2023-06-22,676,8,Delivered
7127,2023-02-16,24,2,Delivered
7128,2022-12-03,763,23,Inprogress
7129,2020-02-20,64,52,Delivered
7130,2021-06-15,407,3,Shipped
7131,2020-06-13,4,19,Delivered
7132,2022-12-16,467,19,Delivered
7133,2023-11-26,160,7,Delivered
7134,2023-09-12,452,45,Delivered
7135,2021-09-19,204,48,Delivered
7136,2023-06-16,120,54,Inprogress
7137,2021-12-31,359,50,Shipped
7138,2022-08-06,433,45,Shipped
7139,2021-10-08,40,20,Inprogress
7140,2022-07-23,23,18,Delivered
7141,2020-02-25,644,17,Delivered
7142,2020-07-18,836,14,Delivered
7143,2023-02-09,303,39,Inprogress
7144,2020-03-18,349,39,Delivered
7145,2023-07-09,378,40,Delivered
7146,2023-05-07,240,38,Delivered
7147,2021-08-03,782,6,Delivered
7148,2020-07-30,31,16,Inprogress
7149,2021-11-29,895,10,Cancelled
7150,2021-07-11,148,34,Delivered
7151,2021-04-17,273,7,Inprogress
7152,2020-12-23,537,47,Inprogress
7153,2021-08-09,259,39,Delivered
7154,2022-08-22,410,36,Delivered
7155,2023-05-18,352,18,Shipped
7156,2022-10-17,529,11,Delivered
7157,2022-07-30,769,48,Delivered
7158,2021-07-30,718,13,Delivered
7159,2020-05-24,332,54,Shipped
7160,2023-09-15,560,36,Shipped
7161,2023-05-08,576,40,Cancelled
7162,2022-10-06,331,40,Shipped
7163,2021-07-21,852,45,Delivered
7164,2020-05-02,767,15,Shipped
7165,2020-02-03,900,48,Delivered
7166,2020-04-14,249,31,Delivered
7167,2021-09-09,762,24,Inprogress
7168,2021-07-22,325,32,Inprogress
7169,2020-11-17,766,22,Delivered
7170,2023-08-31,804,50,Delivered
7171,2022-01-31,528,3,Delivered
7172,2020-08-28,448,42,Cancelled
7173,2023-10-27,228,11,Returned
7174,2022-01-23,32,47,Inprogress
7175,2022-09-15,339,43,Delivered
7176,2020-04-24,336,4,Shipped
7177,2020-06-04,103,11,Delivered
7178,2020-07-10,793,31,Delivered
7179,2022-10-16,875,45,Returned
7180,2020-07-20,800,24,Shipped
7181,2022-10-02,91,11,Cancelled
7182,2023-10-13,271,52,Delivered
7183,2023-10-17,25,49,Delivered
7184,2021-10-14,678,53,Delivered
7185,2021-07-30,134,8,Delivered
7186,2021-05-05,102,9,Delivered
7187,2022-06-29,292,24,Shipped
7188,2022-07-29,611,12,Cancelled
7189,2020-05-15,395,40,Delivered
7190,2022-06-28,859,28,Delivered
7191,2022-11-19,881,44,Shipped
7192,2023-02-04,212,28,Delivered
7193,2021-06-15,530,35,Returned
7194,2021-09-22,822,20,Shipped
7195,2020-12-14,63,54,Delivered
7196,2022-05-27,274,21,Delivered
7197,2021-02-16,449,9,Shipped
7198,2022-12-20,867,26,Cancelled
7199,2023-04-30,856,17,Delivered
7200,2021-04-13,427,15,Inprogress
7201,2022-08-13,306,36,Delivered
7202,2020-02-11,546,48,Delivered
7203,2020-05-31,889,34,Delivered
7204,2020-12-02,738,31,Delivered
7205,2021-10-31,255,38,Delivered
7206,2022-03-02,867,52,Delivered
7207,2023-06-20,242,21,Shipped
7208,2023-01-10,507,48,Delivered
7209,2022-02-28,616,51,Delivered
7210,2022-09-22,333,4,Cancelled
7211,2023-07-16,520,14,Shipped
7212,2020-11-08,484,33,Shipped
7213,2020-08-31,744,50,Shipped
7214,2020-04-30,176,3,Delivered
7215,2022-09-25,152,45,Delivered
7216,2021-07-27,226,37,Shipped
7217,2022-01-22,891,11,Delivered
7218,2022-11-19,37,28,Delivered
7219,2022-06-08,186,7,Delivered
7220,2023-09-25,605,26,Shipped
7221,2022-02-13,532,28,Inprogress
7222,2023-07-26,321,30,Inprogress
7223,2023-12-01,237,52,Delivered
7224,2022-10-21,251,29,Shipped
7225,2022-11-04,234,30,Shipped
7226,2022-03-09,788,52,Delivered
7227,2020-05-10,54,40,Shipped
7228,2020-03-04,608,12,Delivered
7229,2020-01-21,563,23,Delivered
7230,2020-06-29,390,1,Delivered
7231,2020-08-23,579,45,Delivered
7232,2020-11-25,630,34,Shipped
7233,2023-01-25,880,28,Delivered
7234,2021-03-04,832,43,Delivered
7235,2023-07-25,560,44,Shipped
7236,2022-01-10,616,19,Delivered
7237,2022-01-15,758,19,Inprogress
7238,2022-06-02,458,46,Delivered
7239,2021-10-28,895,42,Delivered
7240,2022-11-26,388,6,Delivered
7241,2020-02-29,566,40,Cancelled
7242,2022-03-07,416,21,Inprogress
7243,2021-09-22,867,16,Returned
7244,2022-10-27,301,11,Cancelled
7246,2020-07-25,685,35,Delivered
7247,2020-02-20,96,20,Delivered
7248,2021-06-16,582,19,Delivered
7249,2021-07-09,190,13,Cancelled
7250,2023-12-15,790,36,Delivered
7251,2023-12-02,733,44,Inprogress
7252,2020-10-22,562,51,Cancelled
7253,2022-08-14,568,32,Inprogress
7254,2022-12-13,256,48,Delivered
7255,2021-11-29,627,40,Shipped
7256,2020-01-08,896,29,Shipped
7257,2021-04-30,85,21,Inprogress
7258,2021-06-15,855,52,Inprogress
7259,2022-04-07,678,54,Delivered
7260,2020-06-10,1,27,Delivered
7261,2023-03-24,654,52,Cancelled
7262,2023-05-28,832,33,Delivered
7263,2020-02-03,216,43,Delivered
7264,2023-11-23,526,39,Delivered
7265,2022-12-31,478,5,Shipped
7266,2020-04-20,2,9,Delivered
7267,2021-11-07,103,23,Shipped
7268,2023-11-23,34,53,Delivered
7269,2023-02-07,310,10,Inprogress
7270,2021-04-17,121,21,Delivered
7271,2023-01-22,478,38,Delivered
7272,2021-09-18,30,42,Delivered
7273,2020-10-04,756,51,Delivered
7274,2021-10-23,541,17,Returned
7275,2022-08-26,387,26,Delivered
7276,2023-02-14,647,15,Shipped
7277,2021-01-04,746,33,Inprogress
7278,2021-10-30,523,32,Delivered
7279,2022-09-24,301,31,Delivered
7280,2023-10-12,668,8,Returned
7281,2022-02-26,295,16,Delivered
7282,2020-12-09,492,52,Delivered
7283,2020-02-06,615,13,Delivered
7284,2021-12-30,218,6,Delivered
7285,2023-03-07,567,10,Delivered
7286,2023-06-06,129,15,Delivered
7287,2020-03-27,675,28,Delivered
7288,2021-06-23,185,26,Inprogress
7289,2023-11-24,676,26,Delivered
7290,2023-08-07,880,41,Delivered
7291,2020-02-11,387,10,Shipped
7292,2022-09-21,630,53,Inprogress
7293,2020-01-17,382,49,Shipped
7294,2021-05-02,582,7,Delivered
7295,2023-07-05,557,24,Delivered
7296,2022-04-01,298,36,Shipped
7297,2021-10-23,899,51,Inprogress
7298,2023-03-07,778,24,Delivered
7299,2022-05-04,399,41,Delivered
7300,2021-02-22,837,53,Inprogress
7301,2023-06-24,605,28,Delivered
7302,2021-09-18,790,29,Delivered
7303,2022-07-16,303,2,Shipped
7304,2020-07-17,746,20,Inprogress
7305,2020-09-20,785,4,Cancelled
7306,2021-05-03,773,12,Returned
7307,2023-04-07,701,24,Delivered
7308,2022-08-19,140,32,Delivered
7309,2021-06-29,327,9,Inprogress
7310,2022-03-22,314,4,Shipped
7311,2023-05-10,458,4,Inprogress
7312,2023-10-03,64,35,Inprogress
7313,2023-01-20,866,18,Delivered
7314,2020-05-20,80,23,Shipped
7315,2021-01-19,692,21,Delivered
7316,2020-09-21,236,18,Inprogress
7317,2023-07-05,78,20,Inprogress
7318,2023-11-18,52,29,Delivered
7319,2022-05-11,454,11,Shipped
7320,2021-03-28,683,27,Shipped
7321,2023-01-15,165,47,Shipped
7322,2021-06-18,248,26,Delivered
7323,2021-11-20,802,16,Delivered
7324,2023-06-21,126,51,Delivered
7325,2023-11-21,431,29,Shipped
7326,2022-11-20,728,7,Shipped
7327,2023-10-26,135,36,Delivered
7328,2020-12-13,171,49,Shipped
7329,2023-11-09,493,6,Shipped
7330,2020-02-24,475,2,Shipped
7331,2023-07-25,205,52,Delivered
7332,2020-08-01,269,38,Delivered
7333,2022-12-03,511,51,Shipped
7334,2023-12-26,778,40,Cancelled
7335,2023-11-10,647,21,Delivered
7336,2020-11-12,719,43,Delivered
7337,2021-12-12,437,50,Returned
7338,2020-06-05,405,54,Delivered
7339,2020-09-06,42,22,Delivered
7340,2022-06-13,623,14,Shipped
7341,2021-10-09,168,51,Delivered
7342,2020-07-05,48,2,Shipped
7343,2021-04-17,688,11,Cancelled
7344,2023-06-27,695,28,Shipped
7345,2021-09-20,654,6,Delivered
7346,2020-03-20,227,26,Delivered
7347,2020-06-20,474,20,Shipped
7348,2021-04-20,860,7,Shipped
7349,2022-08-29,91,30,Delivered
7350,2020-11-03,148,51,Inprogress
7351,2023-05-31,638,28,Delivered
7352,2020-10-29,117,48,Delivered
7353,2022-06-25,813,51,Inprogress
7354,2023-06-13,621,18,Inprogress
7355,2023-12-21,186,46,Delivered
7356,2022-05-05,512,37,Delivered
7357,2020-11-13,491,27,Delivered
7358,2023-02-28,165,32,Delivered
7359,2022-05-24,564,6,Delivered
7360,2021-04-09,773,46,Inprogress
7361,2022-08-24,609,21,Delivered
7362,2022-08-03,563,27,Delivered
7363,2023-05-23,617,13,Cancelled
7364,2021-06-23,208,9,Inprogress
7365,2023-10-04,330,43,Inprogress
7366,2020-12-23,552,11,Delivered
7367,2020-03-26,284,44,Delivered
7368,2022-01-25,886,47,Delivered
7369,2020-07-27,580,40,Delivered
7370,2022-10-02,697,45,Shipped
7371,2021-12-08,368,23,Delivered
7372,2022-12-21,806,26,Delivered
7373,2023-01-20,129,31,Delivered
7374,2021-06-22,789,39,Shipped
7375,2023-10-13,293,45,Delivered
7376,2022-10-19,165,9,Delivered
7377,2023-12-14,893,45,Cancelled
7378,2020-06-05,410,26,Inprogress
7379,2022-03-01,780,23,Delivered
7380,2022-09-02,484,2,Delivered
7381,2020-02-15,540,15,Delivered
7382,2023-11-14,650,9,Delivered
7383,2023-03-24,816,20,Shipped
7384,2023-08-15,9,18,Returned
7385,2021-04-29,251,16,Shipped
7386,2022-01-07,227,51,Shipped
7387,2023-05-22,235,12,Shipped
7388,2023-05-28,505,46,Delivered
7389,2022-07-16,228,41,Inprogress
7390,2022-11-12,540,34,Delivered
7391,2021-12-26,90,47,Delivered
7392,2022-05-15,633,48,Inprogress
7393,2020-07-05,200,6,Delivered
7394,2020-11-24,560,40,Delivered
7395,2020-09-14,377,13,Delivered
7396,2022-01-12,38,19,Delivered
7397,2023-12-17,256,42,Delivered
7398,2021-05-06,773,20,Delivered
7399,2023-08-09,243,52,Shipped
7400,2020-05-01,434,28,Delivered
7401,2021-12-09,615,50,Delivered
7402,2021-07-05,381,18,Shipped
7403,2022-09-04,189,17,Delivered
7404,2022-10-10,216,16,Delivered
7405,2020-05-27,189,31,Delivered
7406,2022-08-24,317,3,Delivered
7407,2021-08-18,178,51,Delivered
7408,2021-02-19,548,21,Shipped
7409,2021-05-17,247,3,Inprogress
7410,2021-08-11,352,28,Delivered
7411,2023-12-28,199,9,Delivered
7412,2022-10-29,383,20,Inprogress
7413,2022-12-11,465,34,Delivered
7414,2023-10-12,760,39,Delivered
7415,2020-01-30,709,25,Delivered
7416,2022-04-11,274,40,Delivered
7417,2022-04-28,333,27,Delivered
7418,2020-08-09,211,32,Shipped
7419,2020-11-15,536,40,Inprogress
7420,2023-06-24,56,43,Inprogress
7421,2023-06-04,634,19,Shipped
7422,2021-04-25,685,31,Delivered
7423,2023-09-19,702,12,Delivered
7424,2021-07-22,896,34,Shipped
7425,2023-01-04,348,13,Shipped
7426,2023-11-02,575,54,Delivered
7427,2020-11-06,295,22,Delivered
7428,2022-01-07,91,27,Inprogress
7429,2023-10-15,41,4,Inprogress
7430,2023-04-17,144,13,Shipped
7431,2021-02-23,123,31,Cancelled
7432,2020-08-17,406,25,Shipped
7433,2020-12-24,557,52,Delivered
7434,2020-08-16,486,16,Delivered
7435,2020-06-12,415,52,Delivered
7436,2023-01-31,760,32,Shipped
7437,2021-03-04,756,20,Delivered
7438,2021-12-18,842,28,Delivered
7439,2020-02-03,666,49,Inprogress
7440,2022-10-01,853,48,Shipped
7441,2022-02-11,501,26,Shipped
7442,2022-09-23,144,43,Returned
7443,2021-04-21,193,23,Shipped
7444,2023-12-22,1,32,Delivered
7445,2020-02-06,575,17,Inprogress
7446,2022-11-12,621,35,Delivered
7447,2023-11-08,596,10,Delivered
7448,2022-02-21,498,3,Delivered
7449,2022-10-18,465,8,Shipped
7450,2023-11-28,420,28,Delivered
7451,2021-03-05,382,38,Returned
7452,2021-01-23,386,37,Shipped
7453,2020-05-17,321,31,Cancelled
7454,2022-01-28,164,11,Inprogress
7455,2020-10-04,477,13,Inprogress
7456,2022-12-23,87,21,Shipped
7457,2022-02-01,329,54,Delivered
7458,2020-12-15,288,6,Delivered
7459,2021-10-29,325,52,Delivered
7460,2021-05-31,125,33,Cancelled
7461,2021-05-23,160,41,Cancelled
7462,2020-08-19,612,43,Shipped
7463,2022-04-26,879,13,Delivered
7464,2023-03-05,99,42,Delivered
7465,2021-06-12,884,22,Inprogress
7466,2022-08-26,243,52,Delivered
7467,2020-01-26,63,32,Delivered
7468,2023-06-11,625,54,Shipped
7469,2022-02-20,14,10,Delivered
7470,2023-12-26,134,2,Shipped
7471,2021-06-24,302,51,Shipped
7472,2020-11-27,268,35,Delivered
7473,2020-06-05,89,42,Returned
7474,2023-09-10,118,7,Shipped
7475,2022-12-12,83,25,Shipped
7476,2022-02-09,303,46,Shipped
7477,2023-10-14,774,26,Cancelled
7478,2021-05-20,855,49,Delivered
7479,2023-12-16,499,24,Delivered
7480,2021-02-09,130,41,Delivered
7481,2020-09-18,487,45,Delivered
7482,2022-09-15,747,17,Delivered
7483,2023-06-11,257,46,Shipped
7484,2022-10-01,196,32,Delivered
7485,2020-04-30,821,7,Delivered
7486,2022-09-25,875,21,Shipped
7487,2023-07-13,205,42,Delivered
7488,2020-08-20,360,19,Returned
7489,2021-04-20,825,30,Delivered
7490,2021-12-16,716,7,Shipped
7491,2022-05-22,262,16,Delivered
7492,2022-04-03,833,22,Inprogress
7493,2023-09-08,621,44,Shipped
7494,2020-11-09,302,28,Shipped
7495,2023-09-24,221,8,Delivered
7496,2023-07-03,416,1,Delivered
7497,2021-06-29,55,28,Delivered
7498,2020-02-29,243,22,Delivered
7499,2023-11-05,468,37,Delivered
7500,2023-04-09,178,33,Returned
7501,2020-10-20,289,33,Cancelled
7502,2021-01-17,878,40,Delivered
7503,2023-01-08,146,36,Delivered
7504,2022-09-04,288,50,Delivered
7505,2022-04-29,841,17,Returned
7506,2021-07-13,846,39,Delivered
7507,2021-09-01,390,46,Cancelled
7508,2022-06-21,683,24,Shipped
7509,2020-09-20,896,42,Delivered
7510,2022-06-18,891,37,Delivered
7511,2023-06-04,4,34,Delivered
7512,2023-06-16,436,32,Inprogress
7513,2021-10-03,128,31,Delivered
7514,2022-01-05,684,42,Inprogress
7515,2023-07-31,446,24,Delivered
7516,2020-03-12,383,15,Shipped
7517,2021-08-20,424,27,Delivered
7518,2020-06-29,524,21,Delivered
7519,2020-01-31,577,14,Inprogress
7520,2021-03-10,259,1,Delivered
7521,2022-11-06,661,47,Delivered
7522,2020-05-22,387,35,Shipped
7523,2023-12-25,650,34,Shipped
7524,2020-06-23,759,41,Inprogress
7525,2023-06-06,152,22,Inprogress
7526,2023-10-07,637,36,Delivered
7527,2022-01-17,139,3,Delivered
7528,2020-02-18,382,46,Shipped
7529,2020-08-09,725,43,Delivered
7530,2022-06-17,709,2,Delivered
7531,2020-08-01,125,8,Delivered
7532,2021-07-08,421,13,Shipped
7533,2022-05-25,426,44,Cancelled
7534,2023-06-08,194,2,Inprogress
7535,2022-10-02,844,21,Delivered
7536,2020-12-17,667,21,Delivered
7537,2022-02-10,702,13,Shipped
7538,2020-07-05,436,34,Delivered
7539,2023-05-24,517,39,Delivered
7540,2021-09-02,726,24,Delivered
7541,2023-02-16,406,48,Delivered
7542,2021-05-04,224,36,Delivered
7543,2023-06-29,270,49,Inprogress
7544,2022-05-17,155,13,Shipped
7545,2021-06-21,271,22,Shipped
7546,2023-04-19,518,43,Delivered
7547,2020-06-02,288,5,Delivered
7548,2021-11-10,583,17,Delivered
7549,2021-01-01,801,1,Inprogress
7550,2023-06-03,550,51,Delivered
7551,2021-05-31,320,48,Delivered
7552,2021-08-20,781,44,Delivered
7553,2020-06-24,355,52,Cancelled
7554,2023-02-20,326,13,Shipped
7555,2020-03-25,364,25,Delivered
7556,2023-12-25,391,51,Delivered
7557,2023-06-25,41,29,Delivered
7558,2021-04-02,676,31,Inprogress
7559,2023-11-29,420,44,Delivered
7560,2023-10-29,611,10,Shipped
7561,2021-01-02,765,23,Delivered
7562,2021-04-13,633,46,Cancelled
7563,2020-01-06,627,20,Delivered
7564,2021-10-11,500,49,Delivered
7565,2022-03-10,500,13,Inprogress
7566,2023-07-08,731,25,Delivered
7567,2023-03-30,878,3,Delivered
7568,2020-07-23,79,23,Delivered
7569,2023-06-23,828,27,Delivered
7570,2023-11-30,115,4,Inprogress
7571,2020-05-20,561,46,Inprogress
7572,2022-11-24,795,19,Delivered
7573,2021-09-12,436,33,Inprogress
7574,2020-04-05,666,28,Shipped
7575,2021-05-25,141,22,Shipped
7576,2022-04-11,795,14,Shipped
7577,2023-02-28,20,36,Shipped
7578,2020-10-15,762,44,Inprogress
7579,2023-01-05,203,14,Delivered
7580,2023-06-19,178,47,Delivered
7581,2020-10-28,589,49,Delivered
7582,2022-08-09,295,17,Shipped
7583,2021-12-03,93,16,Inprogress
7584,2020-07-30,780,41,Delivered
7585,2020-09-21,205,31,Delivered
7586,2021-09-30,84,16,Shipped
7587,2022-12-03,238,7,Cancelled
7588,2020-02-19,503,29,Cancelled
7589,2022-04-04,366,48,Delivered
7590,2020-03-23,116,36,Shipped
7591,2021-07-20,516,45,Delivered
7592,2021-04-16,300,47,Delivered
7593,2022-02-19,693,53,Delivered
7594,2023-12-13,817,33,Shipped
7595,2023-05-26,677,48,Delivered
7596,2022-09-25,392,39,Delivered
7597,2022-03-28,136,48,Shipped
7598,2023-05-09,82,34,Delivered
7599,2022-06-10,401,16,Delivered
7600,2023-01-06,171,6,Delivered
7601,2023-01-14,296,54,Delivered
7602,2020-12-26,224,12,Cancelled
7603,2022-02-01,570,7,Cancelled
7604,2021-11-19,246,45,Inprogress
7605,2023-09-04,423,42,Delivered
7606,2020-06-30,128,50,Inprogress
7607,2023-02-18,238,50,Shipped
7608,2022-09-23,403,8,Shipped
7609,2022-01-30,479,24,Delivered
7610,2022-02-12,216,4,Delivered
7611,2021-12-12,688,23,Delivered
7612,2022-07-28,49,33,Cancelled
7613,2022-09-05,625,39,Delivered
7614,2020-11-01,615,30,Delivered
7615,2021-11-06,568,44,Shipped
7616,2022-10-22,64,48,Delivered
7617,2023-02-10,497,8,Delivered
7618,2020-01-10,255,8,Delivered
7619,2021-06-13,463,2,Inprogress
7620,2022-05-28,281,30,Cancelled
7621,2021-11-16,542,20,Delivered
7622,2021-07-22,549,11,Delivered
7623,2020-01-10,850,33,Inprogress
7624,2021-10-11,372,45,Delivered
7625,2022-05-23,837,14,Shipped
7626,2020-11-09,730,30,Delivered
7627,2021-04-20,719,47,Shipped
7628,2021-12-24,566,51,Shipped
7629,2022-04-21,153,12,Delivered
7630,2022-07-26,262,18,Shipped
7631,2021-04-22,879,22,Shipped
7632,2022-05-13,738,27,Delivered
7633,2020-04-29,297,40,Delivered
7634,2022-09-16,833,45,Inprogress
7635,2021-11-19,112,12,Shipped
7636,2020-08-12,178,33,Shipped
7637,2020-06-26,2,42,Inprogress
7638,2022-06-25,774,49,Delivered
7639,2022-04-07,229,2,Inprogress
7640,2023-02-22,478,6,Delivered
7641,2022-08-28,740,45,Delivered
7642,2021-11-22,895,45,Delivered
7643,2022-04-21,135,8,Delivered
7644,2020-09-08,845,9,Shipped
7645,2023-04-07,633,8,Delivered
7646,2022-05-06,52,45,Delivered
7647,2020-09-12,698,4,Shipped
7648,2023-03-27,433,35,Shipped
7649,2020-06-23,307,27,Delivered
7650,2022-08-07,329,52,Inprogress
7651,2021-06-13,250,10,Shipped
7652,2022-12-22,300,53,Delivered
7653,2021-01-23,515,47,Shipped
7654,2021-06-20,166,45,Inprogress
7655,2023-11-01,365,1,Inprogress
7656,2021-09-29,841,34,Delivered
7657,2023-06-11,647,54,Delivered
7658,2021-07-13,890,54,Delivered
7659,2023-12-18,620,32,Inprogress
7660,2021-09-27,373,34,Delivered
7661,2022-09-19,561,33,Shipped
7662,2021-02-03,408,45,Delivered
7663,2021-11-25,257,28,Shipped
7664,2020-10-02,245,48,Cancelled
7665,2020-10-03,373,14,Delivered
7666,2022-03-14,754,16,Delivered
7667,2020-05-24,754,8,Inprogress
7668,2021-07-11,255,34,Inprogress
7669,2022-02-17,531,44,Shipped
7670,2022-04-05,812,51,Delivered
7671,2023-01-24,283,22,Delivered
7672,2021-07-23,116,17,Cancelled
7673,2020-09-06,491,43,Delivered
7674,2021-08-23,160,31,Delivered
7675,2020-10-27,98,51,Shipped
7676,2021-11-07,849,49,Delivered
7677,2022-08-03,389,29,Delivered
7678,2023-07-29,875,16,Shipped
7679,2023-01-12,205,38,Shipped
7680,2022-08-22,581,49,Shipped
7681,2023-07-04,830,45,Delivered
7682,2023-05-07,89,44,Shipped
7683,2020-07-24,835,12,Inprogress
7684,2023-07-15,717,8,Cancelled
7685,2021-03-31,160,35,Shipped
7686,2021-03-07,477,37,Inprogress
7687,2021-09-24,512,12,Delivered
7688,2021-12-02,641,43,Delivered
7689,2023-09-26,232,47,Returned
7690,2023-07-08,891,45,Delivered
7691,2023-04-27,572,18,Delivered
7692,2021-07-27,287,13,Delivered
7693,2020-05-07,587,19,Delivered
7694,2022-10-28,431,4,Delivered
7695,2022-10-01,352,42,Inprogress
7696,2022-02-06,197,47,Delivered
7697,2022-08-20,335,26,Delivered
7698,2023-06-02,332,48,Delivered
7699,2020-10-01,584,42,Cancelled
7700,2020-06-09,79,49,Delivered
7701,2022-02-01,881,47,Delivered
7702,2020-01-15,15,27,Inprogress
7703,2021-01-23,676,21,Delivered
7704,2020-06-16,717,51,Shipped
7705,2022-05-21,507,6,Delivered
7706,2023-08-28,136,31,Shipped
7707,2021-11-28,630,39,Delivered
7708,2020-06-01,212,14,Delivered
7709,2020-09-20,466,17,Delivered
7710,2020-05-25,594,29,Delivered
7711,2021-04-25,813,11,Delivered
7712,2022-02-05,632,26,Inprogress
7713,2020-09-17,150,51,Shipped
7714,2020-05-15,739,1,Inprogress
7715,2020-03-29,399,2,Delivered
7716,2023-12-27,703,45,Delivered
7717,2020-07-31,464,30,Cancelled
7718,2021-01-02,453,28,Delivered
7719,2021-08-27,416,16,Delivered
7720,2022-06-15,645,14,Delivered
7721,2020-02-14,17,23,Inprogress
7722,2021-12-13,691,33,Inprogress
7723,2022-12-23,790,2,Inprogress
7724,2022-12-11,723,50,Delivered
7725,2020-01-21,770,6,Delivered
7726,2021-05-31,359,15,Delivered
7727,2020-01-31,287,24,Delivered
7728,2023-08-07,373,2,Delivered
7729,2023-07-29,828,37,Inprogress
7730,2022-06-12,18,15,Shipped
7731,2021-09-02,728,27,Delivered
7732,2020-10-05,819,24,Inprogress
7733,2023-11-11,235,28,Delivered
7734,2023-09-29,93,29,Delivered
7735,2023-09-08,109,46,Shipped
7736,2021-02-08,176,16,Delivered
7737,2023-07-05,107,31,Delivered
7738,2021-05-12,380,31,Delivered
7739,2020-07-05,737,24,Delivered
7740,2020-04-07,206,19,Delivered
7741,2023-07-08,879,30,Shipped
7742,2020-01-24,501,15,Inprogress
7743,2020-02-16,139,34,Shipped
7744,2022-12-14,750,34,Delivered
7745,2021-09-09,829,48,Shipped
7746,2023-05-28,52,39,Inprogress
7747,2022-07-23,197,24,Delivered
7748,2021-07-20,588,54,Shipped
7749,2023-01-22,458,41,Delivered
7750,2022-08-11,120,9,Shipped
7751,2022-08-05,238,51,Delivered
7752,2020-06-01,329,13,Delivered
7753,2022-02-24,329,45,Delivered
7754,2020-04-25,20,39,Delivered
7755,2020-03-15,277,3,Shipped
7756,2020-03-19,393,20,Cancelled
7757,2020-05-03,466,13,Delivered
7758,2022-04-24,562,24,Delivered
7759,2022-12-10,711,13,Inprogress
7760,2022-01-09,310,51,Inprogress
7761,2020-11-25,506,43,Inprogress
7762,2020-03-28,665,7,Delivered
7763,2023-06-07,228,26,Delivered
7764,2020-01-23,630,48,Delivered
7765,2022-04-23,620,28,Delivered
7766,2022-11-11,452,40,Delivered
7767,2022-11-23,606,4,Inprogress
7768,2023-12-31,32,9,Shipped
7769,2023-06-11,833,37,Cancelled
7770,2020-06-09,849,12,Delivered
7771,2023-12-17,632,13,Inprogress
7772,2022-12-25,436,26,Delivered
7773,2022-06-26,498,1,Shipped
7774,2021-03-28,513,1,Shipped
7775,2023-04-29,436,6,Cancelled
7776,2022-07-01,721,28,Delivered
7777,2020-09-06,69,38,Delivered
7778,2020-06-18,56,50,Delivered
7779,2023-05-20,715,5,Cancelled
7780,2020-02-12,499,34,Delivered
7781,2021-11-23,162,38,Delivered
7782,2023-05-21,575,26,Delivered
7783,2020-07-27,59,5,Inprogress
7784,2023-09-21,92,18,Delivered
7785,2023-07-31,840,40,Delivered
7786,2022-11-26,660,2,Delivered
7787,2021-01-08,1,34,Delivered
7788,2022-07-02,562,3,Shipped
7789,2022-04-01,167,4,Delivered
7790,2023-09-08,814,21,Inprogress
7791,2022-07-07,536,41,Cancelled
7792,2021-02-16,569,44,Cancelled
7793,2023-09-15,67,10,Cancelled
7794,2022-04-09,606,48,Cancelled
7795,2023-04-24,737,8,Shipped
7796,2020-08-09,325,9,Delivered
7797,2023-01-20,781,20,Inprogress
7798,2023-12-27,264,22,Delivered
7799,2022-02-25,524,18,Delivered
7800,2023-05-16,448,46,Delivered
7801,2023-03-16,847,49,Delivered
7802,2020-06-13,822,4,Delivered
7803,2023-11-13,654,52,Delivered
7804,2021-09-17,152,45,Delivered
7805,2022-02-16,757,50,Delivered
7806,2023-09-02,11,11,Cancelled
7807,2023-10-26,109,6,Inprogress
7808,2021-05-09,269,15,Delivered
7809,2020-07-31,712,41,Delivered
7810,2020-11-20,111,21,Delivered
7811,2021-09-21,12,35,Shipped
7812,2022-04-10,480,28,Delivered
7813,2020-09-07,252,49,Inprogress
7814,2021-04-24,99,50,Cancelled
7815,2022-02-11,503,48,Delivered
7816,2023-10-17,502,37,Delivered
7817,2023-09-25,85,31,Inprogress
7818,2021-01-28,565,18,Inprogress
7819,2021-11-10,649,35,Cancelled
7820,2021-02-14,668,36,Delivered
7821,2022-05-22,649,10,Inprogress
7822,2022-10-02,153,25,Inprogress
7823,2021-07-29,476,48,Shipped
7824,2020-01-08,669,22,Delivered
7825,2021-11-30,177,9,Delivered
7826,2022-11-27,507,7,Delivered
7827,2021-10-23,890,50,Shipped
7828,2021-01-26,151,9,Inprogress
7829,2023-10-12,467,23,Delivered
7830,2022-10-02,863,22,Shipped
7831,2021-11-17,538,22,Cancelled
7832,2023-04-17,339,10,Inprogress
7833,2020-11-24,442,13,Shipped
7834,2020-12-30,567,2,Delivered
7835,2021-09-23,229,11,Delivered
7836,2023-07-07,41,22,Inprogress
7837,2022-05-10,45,8,Shipped
7838,2020-02-27,861,22,Shipped
7839,2022-07-24,883,30,Shipped
7840,2021-10-30,897,28,Shipped
7841,2020-11-18,395,22,Delivered
7842,2020-03-24,118,3,Shipped
7843,2022-05-18,254,1,Delivered
7844,2020-08-08,94,43,Delivered
7845,2022-10-07,182,2,Delivered
7846,2022-10-22,736,15,Delivered
7847,2022-03-06,76,45,Delivered
7848,2020-02-05,301,30,Delivered
7849,2023-10-05,597,13,Delivered
7850,2021-01-26,309,50,Delivered
7851,2023-10-15,691,29,Shipped
7852,2022-07-19,624,24,Delivered
7853,2020-07-19,47,50,Cancelled
7854,2020-12-10,172,26,Shipped
7855,2023-06-20,125,20,Delivered
7856,2020-02-15,882,47,Inprogress
7857,2023-12-11,386,30,Delivered
7858,2023-02-23,644,52,Delivered
7859,2021-08-12,634,45,Delivered
7860,2023-06-06,494,26,Shipped
7861,2021-02-11,874,25,Delivered
7862,2023-08-29,165,45,Delivered
7863,2023-05-13,578,14,Shipped
7864,2022-04-08,60,3,Delivered
7865,2020-10-21,422,4,Inprogress
7866,2023-02-20,792,36,Delivered
7867,2023-04-04,716,15,Delivered
7868,2023-01-29,3,17,Delivered
7869,2022-10-14,294,33,Delivered
7870,2022-10-12,128,9,Inprogress
7871,2023-11-22,666,3,Inprogress
7872,2023-03-13,283,37,Delivered
7873,2023-06-20,240,25,Delivered
7874,2022-05-23,892,49,Delivered
7875,2020-02-27,55,29,Shipped
7876,2022-08-24,655,40,Cancelled
7877,2023-02-09,695,25,Delivered
7878,2021-03-07,827,11,Delivered
7879,2020-04-01,618,3,Delivered
7880,2021-07-22,410,15,Delivered
7881,2021-04-13,322,17,Delivered
7882,2020-04-16,687,5,Inprogress
7883,2020-09-29,291,31,Shipped
7884,2023-12-28,287,38,Delivered
7885,2021-03-18,200,39,Inprogress
7886,2021-02-23,624,32,Returned
7887,2022-05-09,630,42,Delivered
7888,2022-05-02,453,32,Shipped
7889,2020-02-26,442,51,Delivered
7890,2023-09-02,471,21,Shipped
7891,2021-02-12,549,44,Inprogress
7892,2021-07-21,729,43,Cancelled
7893,2023-06-17,862,1,Delivered
7894,2020-09-01,573,47,Returned
7895,2021-03-18,56,29,Shipped
7896,2022-05-29,334,49,Delivered
7897,2021-05-04,644,19,Cancelled
7898,2020-08-29,64,10,Delivered
7899,2021-05-27,443,22,Cancelled
7900,2021-06-18,289,39,Delivered
7901,2022-01-28,627,17,Delivered
7902,2021-06-06,70,51,Cancelled
7903,2020-07-23,73,32,Delivered
7904,2023-06-25,864,45,Delivered
7905,2023-09-27,336,46,Inprogress
7906,2022-06-28,194,23,Cancelled
7907,2020-10-23,634,34,Delivered
7908,2022-09-25,639,31,Shipped
7909,2023-01-04,500,21,Delivered
7910,2022-12-08,880,21,Delivered
7911,2020-04-24,554,6,Shipped
7912,2020-04-13,432,6,Delivered
7913,2023-07-29,502,2,Delivered
7914,2022-09-05,525,43,Cancelled
7915,2020-12-20,120,39,Shipped
7916,2021-02-26,854,34,Inprogress
7917,2020-06-02,314,45,Delivered
7918,2023-03-08,859,16,Inprogress
7919,2021-05-30,463,10,Delivered
7920,2021-06-27,424,42,Shipped
7921,2022-06-11,486,12,Shipped
7922,2022-06-02,194,39,Returned
7923,2023-09-17,847,49,Delivered
7924,2020-03-20,725,50,Shipped
7925,2022-04-14,212,38,Shipped
7926,2022-05-11,612,41,Delivered
7927,2021-08-25,611,54,Delivered
7928,2022-06-05,514,46,Delivered
7929,2020-02-18,131,35,Inprogress
7930,2022-03-05,876,20,Inprogress
7931,2021-05-14,795,8,Delivered
7932,2020-08-05,109,42,Shipped
7933,2020-05-10,411,22,Delivered
7934,2023-02-06,263,35,Delivered
7935,2020-06-01,409,43,Inprogress
7936,2022-01-20,703,14,Delivered
7937,2021-07-19,722,9,Inprogress
7938,2020-12-04,534,43,Shipped
7939,2022-09-09,751,15,Shipped
7940,2021-11-07,716,6,Delivered
7941,2023-03-10,776,50,Delivered
7942,2021-03-01,750,9,Delivered
7943,2022-11-20,295,36,Delivered
7944,2021-05-31,707,16,Delivered
7945,2022-01-06,243,51,Delivered
7946,2021-03-01,359,34,Delivered
7947,2023-06-22,225,21,Delivered
7948,2021-12-25,581,2,Shipped
7949,2022-01-25,465,24,Delivered
7950,2023-07-31,707,28,Delivered
7951,2020-09-23,803,23,Delivered
7952,2020-03-26,295,25,Delivered
7953,2020-08-14,3,23,Cancelled
7954,2022-06-05,868,22,Delivered
7955,2023-02-06,776,31,Delivered
7956,2023-09-17,763,5,Shipped
7957,2021-11-11,628,34,Delivered
7958,2020-04-10,454,47,Shipped
7959,2021-08-07,285,50,Delivered
7960,2022-11-05,673,17,Inprogress
7961,2021-07-25,760,48,Delivered
7962,2020-01-24,264,51,Shipped
7963,2021-04-18,748,17,Delivered
7964,2021-03-04,364,47,Shipped
7965,2021-05-13,545,7,Delivered
7966,2022-05-30,802,32,Returned
7967,2021-07-24,567,31,Delivered
7968,2021-04-28,859,6,Inprogress
7969,2021-10-27,798,13,Delivered
7970,2021-02-14,724,16,Delivered
7971,2020-07-26,758,16,Shipped
7972,2022-12-09,530,33,Inprogress
7973,2020-05-13,16,42,Delivered
7974,2021-09-27,464,6,Delivered
7975,2020-04-17,170,39,Cancelled
7976,2023-10-26,814,24,Shipped
7977,2020-09-29,618,49,Delivered
7978,2020-07-11,547,54,Delivered
7979,2023-10-29,399,50,Shipped
7980,2020-09-02,365,52,Inprogress
7981,2023-12-31,430,37,Delivered
7982,2021-10-14,491,18,Shipped
7983,2022-08-13,441,53,Inprogress
7984,2023-06-24,712,51,Cancelled
7985,2021-02-11,149,11,Delivered
7986,2022-04-05,757,24,Shipped
7987,2022-06-09,56,28,Delivered
7988,2022-01-23,469,15,Shipped
7989,2020-09-05,137,50,Delivered
7990,2022-07-08,164,6,Cancelled
7991,2020-01-28,12,28,Delivered
7992,2021-06-07,272,24,Delivered
7993,2021-10-11,825,43,Delivered
7994,2021-09-22,400,13,Cancelled
7995,2021-05-01,632,27,Delivered
7996,2020-12-03,438,7,Delivered
7997,2022-09-03,106,14,Delivered
7998,2023-07-14,627,8,Cancelled
7999,2021-05-26,160,7,Delivered
8000,2023-09-11,612,39,Delivered
8001,2022-08-12,651,13,Shipped
8002,2023-11-28,676,47,Cancelled
8003,2021-10-06,607,7,Delivered
8004,2022-02-09,140,6,Cancelled
8005,2021-02-20,341,10,Returned
8006,2022-02-17,47,21,Delivered
8007,2021-12-11,671,48,Returned
8008,2020-08-19,627,2,Returned
8009,2023-04-05,458,53,Inprogress
8010,2020-08-23,639,23,Delivered
8011,2023-07-02,883,51,Delivered
8012,2021-06-07,815,3,Shipped
8013,2020-09-10,404,43,Inprogress
8014,2022-10-05,550,40,Cancelled
8015,2021-01-19,419,21,Delivered
8016,2021-03-22,668,10,Cancelled
8017,2021-01-08,637,34,Inprogress
8018,2020-09-03,46,3,Shipped
8019,2021-03-06,804,51,Inprogress
8020,2021-02-09,113,32,Inprogress
8021,2020-11-14,410,36,Delivered
8022,2020-10-13,344,36,Returned
8023,2023-03-20,742,36,Shipped
8024,2023-06-17,483,14,Cancelled
8025,2021-03-09,655,30,Delivered
8026,2022-06-25,654,2,Delivered
8027,2021-03-24,831,42,Delivered
8028,2022-12-25,46,13,Shipped
8029,2021-02-02,861,48,Inprogress
8030,2020-04-27,117,46,Cancelled
8031,2021-11-17,190,21,Shipped
8032,2022-02-14,301,29,Delivered
8033,2023-06-11,332,44,Delivered
8034,2020-07-12,518,29,Delivered
8035,2020-06-10,620,42,Delivered
8036,2022-05-20,99,42,Delivered
8037,2022-02-25,515,26,Inprogress
8038,2023-12-09,210,38,Delivered
8039,2022-11-10,78,50,Cancelled
8040,2020-09-30,305,33,Delivered
8041,2022-10-21,509,41,Delivered
8042,2021-09-25,788,8,Delivered
8043,2020-05-06,579,46,Delivered
8044,2021-11-26,706,54,Shipped
8045,2020-10-05,469,30,Shipped
8046,2020-06-07,17,38,Delivered
8047,2023-07-04,44,24,Delivered
8048,2020-11-01,84,11,Cancelled
8049,2022-01-05,660,43,Shipped
8050,2020-03-22,274,43,Delivered
8051,2021-04-28,10,35,Delivered
8052,2020-12-01,236,40,Delivered
8053,2021-10-27,274,4,Inprogress
8054,2021-11-25,728,25,Shipped
8055,2023-03-01,808,30,Delivered
8056,2023-12-26,637,54,Shipped
8057,2020-12-10,256,11,Delivered
8058,2021-02-20,418,33,Delivered
8059,2021-06-13,879,34,Delivered
8060,2021-07-08,352,5,Delivered
8061,2022-06-15,623,38,Inprogress
8062,2020-06-29,323,13,Shipped
8063,2023-04-29,798,33,Inprogress
8064,2020-11-08,173,31,Inprogress
8065,2023-02-21,244,29,Inprogress
8066,2020-10-04,132,26,Delivered
8067,2023-07-24,629,16,Delivered
8068,2020-12-10,838,27,Delivered
8069,2021-05-30,225,20,Delivered
8070,2021-05-15,383,24,Inprogress
8071,2021-12-22,815,20,Delivered
8072,2020-12-23,871,30,Inprogress
8073,2022-12-05,357,45,Inprogress
8074,2020-10-15,303,39,Delivered
8075,2021-09-11,745,14,Delivered
8076,2021-11-13,621,35,Shipped
8077,2023-03-26,576,1,Shipped
8078,2022-08-30,431,51,Shipped
8079,2023-02-05,844,13,Delivered
8080,2023-08-09,478,21,Delivered
8081,2023-10-26,642,9,Returned
8082,2020-07-23,350,19,Delivered
8083,2023-05-31,605,1,Shipped
8084,2023-05-21,626,11,Cancelled
8085,2021-07-03,447,38,Shipped
8086,2023-09-13,601,11,Delivered
8087,2021-10-09,760,26,Inprogress
8088,2023-10-31,877,44,Delivered
8089,2020-02-08,168,10,Delivered
8090,2023-07-05,372,23,Shipped
8091,2021-08-15,262,11,Delivered
8092,2020-08-26,640,47,Delivered
8093,2020-11-14,571,30,Inprogress
8094,2020-02-15,644,43,Delivered
8095,2020-09-05,380,2,Delivered
8096,2023-05-11,76,32,Delivered
8097,2020-11-05,223,9,Inprogress
8098,2022-02-19,664,30,Delivered
8099,2023-07-27,796,49,Delivered
8100,2022-07-08,241,48,Delivered
8101,2022-10-05,770,20,Delivered
8102,2023-10-14,446,48,Delivered
8103,2021-03-30,697,39,Shipped
8104,2022-11-15,82,42,Shipped
8105,2020-05-07,1,38,Inprogress
8106,2023-03-09,655,44,Delivered
8107,2021-05-15,759,36,Returned
8108,2021-12-28,282,51,Delivered
8109,2022-12-02,35,49,Delivered
8110,2022-01-12,624,11,Delivered
8111,2023-08-30,588,50,Delivered
8112,2021-11-21,464,23,Delivered
8113,2022-04-10,523,2,Delivered
8114,2022-07-26,655,32,Delivered
8115,2021-06-08,310,43,Shipped
8116,2020-10-07,408,34,Delivered
8117,2021-06-03,578,51,Delivered
8118,2021-12-03,463,40,Cancelled
8119,2021-07-26,54,38,Delivered
8120,2023-02-06,870,34,Shipped
8121,2022-04-15,645,16,Cancelled
8122,2023-10-09,802,16,Cancelled
8123,2022-03-20,498,6,Shipped
8124,2023-01-17,815,28,Delivered
8125,2021-07-31,577,8,Cancelled
8126,2023-01-21,587,54,Inprogress
8127,2021-10-23,263,3,Delivered
8128,2020-07-12,408,7,Shipped
8129,2021-07-22,337,7,Shipped
8130,2023-04-05,691,51,Shipped
8131,2023-04-09,197,22,Shipped
8132,2021-02-01,102,11,Delivered
8133,2020-03-06,493,10,Inprogress
8134,2021-08-24,532,46,Delivered
8135,2020-08-18,535,39,Shipped
8136,2022-02-07,745,34,Shipped
8137,2023-09-15,749,44,Cancelled
8138,2022-06-22,818,36,Returned
8139,2020-05-01,421,52,Cancelled
8140,2023-10-28,522,8,Delivered
8141,2021-05-14,388,50,Delivered
8142,2020-10-04,217,30,Delivered
8143,2022-10-12,121,46,Delivered
8144,2022-09-20,210,51,Cancelled
8145,2022-06-28,745,47,Cancelled
8146,2020-11-28,2,49,Delivered
8147,2021-04-03,351,43,Delivered
8148,2023-05-01,811,5,Delivered
8149,2021-08-29,814,11,Delivered
8150,2023-09-16,418,29,Shipped
8151,2021-03-16,577,13,Delivered
8152,2020-04-30,49,20,Shipped
8153,2023-11-24,501,37,Returned
8154,2020-08-15,898,43,Cancelled
8155,2021-10-22,809,33,Delivered
8156,2022-07-07,152,40,Inprogress
8157,2022-01-27,759,16,Delivered
8158,2023-01-01,559,42,Delivered
8159,2023-09-19,621,21,Delivered
8160,2022-11-29,26,34,Delivered
8161,2022-10-29,485,30,Delivered
8162,2020-08-09,287,20,Cancelled
8163,2021-09-02,162,33,Inprogress
8164,2023-12-25,575,18,Returned
8165,2021-03-04,748,43,Delivered
8166,2021-07-25,709,45,Delivered
8167,2023-11-18,884,13,Shipped
8168,2023-10-04,549,26,Delivered
8169,2023-02-01,108,40,Shipped
8170,2023-11-17,28,1,Returned
8171,2020-08-17,642,39,Delivered
8172,2022-01-07,751,22,Inprogress
8173,2021-05-17,695,18,Shipped
8174,2023-02-09,182,5,Delivered
8175,2023-05-01,646,24,Delivered
8176,2020-10-21,449,9,Delivered
8177,2023-09-19,707,36,Inprogress
8178,2021-10-29,574,27,Delivered
8179,2021-09-16,635,24,Cancelled
8180,2023-11-15,31,33,Shipped
8181,2021-10-18,115,6,Delivered
8182,2022-04-23,279,36,Shipped
8183,2021-08-24,123,49,Delivered
8184,2021-03-19,619,14,Inprogress
8185,2020-08-27,385,12,Delivered
8186,2021-09-28,686,17,Delivered
8187,2020-03-02,587,53,Inprogress
8188,2021-03-17,353,36,Delivered
8189,2023-01-27,875,11,Cancelled
8190,2022-07-16,67,45,Shipped
8191,2023-04-17,557,29,Shipped
8192,2021-08-31,231,7,Delivered
8193,2022-08-10,498,29,Shipped
8194,2020-09-11,165,23,Delivered
8195,2020-03-25,168,54,Cancelled
8196,2023-04-05,781,26,Inprogress
8197,2020-01-14,654,9,Cancelled
8198,2020-09-12,728,39,Cancelled
8199,2020-05-29,466,46,Delivered
8200,2021-06-29,835,46,Inprogress
8201,2023-05-24,550,10,Inprogress
8202,2020-02-24,329,15,Delivered
8203,2020-07-08,194,38,Delivered
8204,2022-05-13,601,39,Cancelled
8205,2021-11-14,471,18,Delivered
8206,2023-09-20,242,29,Shipped
8207,2021-09-08,729,43,Delivered
8208,2023-02-17,174,36,Delivered
8209,2022-12-02,471,5,Delivered
8210,2022-12-26,50,51,Delivered
8211,2020-04-17,13,17,Shipped
8212,2023-10-23,554,18,Delivered
8213,2022-01-02,256,52,Cancelled
8214,2022-02-10,189,23,Cancelled
8215,2021-07-06,98,44,Delivered
8216,2022-10-29,347,43,Inprogress
8217,2021-11-07,459,31,Delivered
8218,2020-09-25,414,27,Shipped
8219,2022-10-29,549,33,Inprogress
8220,2023-06-15,157,34,Delivered
8221,2023-11-08,613,10,Cancelled
8222,2021-04-21,456,22,Delivered
8223,2020-05-23,543,22,Inprogress
8224,2021-08-07,578,4,Cancelled
8225,2023-08-12,658,44,Delivered
8226,2021-05-25,513,29,Delivered
8227,2023-10-22,783,15,Inprogress
8228,2023-02-24,470,28,Returned
8229,2023-04-12,116,31,Delivered
8230,2020-03-23,797,15,Delivered
8231,2020-02-10,657,13,Shipped
8232,2021-08-23,344,48,Inprogress
8233,2022-08-29,846,51,Shipped
8234,2020-03-23,756,3,Delivered
8235,2020-03-26,103,54,Delivered
8236,2022-12-16,475,25,Delivered
8237,2021-01-09,801,17,Inprogress
8238,2020-12-29,480,23,Delivered
8239,2020-02-29,272,48,Delivered
8240,2022-03-31,2,5,Delivered
8241,2020-09-09,110,19,Delivered
8242,2022-05-04,301,7,Inprogress
8243,2022-04-18,633,3,Delivered
8244,2021-10-13,657,21,Delivered
8245,2021-06-16,628,34,Delivered
8246,2021-08-31,220,41,Delivered
8247,2020-05-24,190,52,Cancelled
8248,2022-10-02,439,24,Shipped
8249,2020-06-25,91,3,Delivered
8250,2021-05-26,78,37,Delivered
8251,2023-04-01,361,30,Delivered
8252,2020-01-07,181,30,Shipped
8253,2023-08-11,282,54,Shipped
8254,2022-05-30,142,40,Delivered
8255,2022-01-12,595,9,Shipped
8256,2020-09-03,3,5,Delivered
8257,2020-01-24,515,40,Delivered
8258,2022-05-29,628,33,Delivered
8259,2020-12-30,754,33,Delivered
8260,2021-05-01,751,27,Inprogress
8261,2020-12-16,847,5,Delivered
8262,2023-08-09,331,4,Inprogress
8263,2021-10-14,104,47,Inprogress
8264,2021-02-05,646,21,Shipped
8265,2022-10-20,63,31,Delivered
8266,2023-07-07,108,22,Shipped
8267,2023-04-04,845,14,Delivered
8268,2020-08-10,804,10,Delivered
8269,2021-05-17,885,21,Inprogress
8270,2022-11-19,394,35,Inprogress
8271,2023-06-06,729,48,Delivered
8272,2020-06-26,709,15,Shipped
8273,2021-09-21,477,52,Cancelled
8274,2022-11-05,353,38,Delivered
8275,2020-02-14,303,48,Returned
8276,2020-07-22,375,20,Cancelled
8277,2021-08-10,846,35,Delivered
8278,2020-04-02,344,18,Delivered
8279,2021-04-10,135,34,Delivered
8280,2020-09-21,22,4,Inprogress
8281,2023-11-08,35,33,Delivered
8282,2020-09-21,728,19,Shipped
8283,2020-10-30,428,40,Cancelled
8284,2021-10-08,164,49,Shipped
8285,2021-01-10,179,23,Delivered
8286,2020-01-31,23,34,Delivered
8287,2023-07-01,65,48,Delivered
8288,2023-11-09,24,23,Shipped
8289,2020-08-11,180,24,Delivered
8290,2023-01-26,556,7,Shipped
8291,2020-08-31,833,12,Delivered
8292,2022-10-15,141,25,Delivered
8293,2020-06-19,83,50,Delivered
8294,2021-12-24,727,8,Shipped
8295,2022-04-13,611,16,Shipped
8296,2022-12-13,129,38,Shipped
8297,2021-10-06,264,12,Shipped
8298,2020-02-17,309,3,Delivered
8299,2020-09-03,390,19,Delivered
8300,2022-08-11,104,19,Inprogress
8301,2020-07-14,409,40,Delivered
8302,2022-10-08,248,21,Delivered
8303,2021-09-08,751,40,Delivered
8304,2023-12-28,625,44,Inprogress
8305,2020-05-16,357,10,Delivered
8306,2023-11-28,158,12,Cancelled
8307,2023-10-03,706,2,Delivered
8308,2020-08-13,147,16,Cancelled
8309,2023-07-17,277,47,Delivered
8310,2022-05-20,713,1,Shipped
8311,2023-12-17,417,23,Shipped
8312,2023-01-17,151,47,Inprogress
8313,2021-10-27,346,8,Shipped
8314,2020-06-02,469,46,Cancelled
8315,2022-04-08,502,7,Inprogress
8316,2020-10-28,476,25,Cancelled
8317,2020-07-30,100,3,Delivered
8318,2020-01-29,667,31,Delivered
8319,2023-01-03,813,4,Returned
8320,2020-01-04,251,5,Delivered
8321,2020-04-08,177,40,Delivered
8322,2020-10-05,612,22,Delivered
8323,2020-04-18,53,52,Delivered
8324,2021-10-18,30,2,Inprogress
8325,2022-08-06,493,53,Returned
8326,2023-11-25,133,21,Delivered
8327,2020-10-01,104,32,Delivered
8328,2022-08-18,684,15,Delivered
8329,2022-10-14,142,19,Shipped
8330,2020-07-23,468,36,Inprogress
8331,2021-07-26,210,46,Inprogress
8332,2020-02-08,78,48,Shipped
8333,2020-06-29,854,44,Shipped
8334,2021-09-05,113,32,Cancelled
8335,2022-03-06,605,30,Shipped
8336,2020-01-01,154,47,Delivered
8337,2022-10-15,729,36,Inprogress
8338,2022-12-19,473,9,Returned
8339,2023-07-18,847,6,Shipped
8340,2023-04-15,625,17,Returned
8341,2020-04-06,587,2,Shipped
8342,2021-07-14,322,5,Delivered
8343,2023-01-09,780,50,Delivered
8344,2020-09-09,615,24,Delivered
8345,2023-03-03,712,22,Shipped
8346,2023-06-21,85,30,Delivered
8347,2022-11-21,573,5,Delivered
8348,2020-10-25,199,22,Returned
8349,2021-11-29,784,18,Shipped
8350,2023-11-04,413,39,Delivered
8351,2023-08-13,710,2,Delivered
8352,2021-07-06,580,24,Inprogress
8353,2023-04-21,645,20,Delivered
8354,2022-12-12,3,4,Delivered
8355,2020-10-19,663,17,Delivered
8356,2020-12-11,293,24,Delivered
8357,2022-02-21,433,52,Delivered
8358,2023-09-07,707,20,Shipped
8359,2023-11-23,302,8,Delivered
8360,2022-05-24,82,2,Delivered
8361,2021-11-04,377,20,Inprogress
8362,2021-07-28,810,39,Delivered
8363,2022-08-20,789,9,Inprogress
8364,2020-01-10,331,25,Inprogress
8365,2022-10-16,106,15,Delivered
8366,2022-10-08,164,30,Delivered
8367,2022-02-24,345,30,Delivered
8368,2020-08-21,885,39,Shipped
8369,2022-10-11,355,52,Delivered
8370,2023-03-18,360,22,Delivered
8371,2023-05-05,792,21,Delivered
8372,2020-03-23,197,27,Shipped
8373,2023-05-29,307,17,Shipped
8374,2021-02-14,263,23,Delivered
8375,2020-10-08,23,20,Inprogress
8376,2022-04-20,734,37,Cancelled
8377,2021-07-10,476,44,Delivered
8378,2021-07-09,796,11,Cancelled
8379,2022-09-11,595,40,Delivered
8380,2021-04-01,356,42,Inprogress
8381,2022-10-15,513,45,Shipped
8382,2023-12-16,88,52,Delivered
8383,2021-03-08,815,16,Delivered
8384,2023-10-26,29,22,Delivered
8385,2022-03-14,719,54,Returned
8386,2023-01-26,128,16,Delivered
8387,2022-05-17,646,4,Delivered
8388,2021-10-28,787,5,Inprogress
8389,2023-10-31,27,53,Delivered
8390,2020-12-12,770,52,Inprogress
8391,2020-02-17,541,22,Cancelled
8392,2023-03-04,646,47,Shipped
8393,2023-02-21,877,46,Delivered
8394,2020-08-25,576,33,Delivered
8395,2023-04-11,52,17,Cancelled
8396,2021-12-29,288,26,Delivered
8397,2020-01-21,695,7,Delivered
8398,2022-02-17,645,52,Shipped
8399,2021-04-15,327,11,Inprogress
8400,2022-07-12,674,20,Shipped
8401,2023-09-06,30,29,Shipped
8402,2022-09-28,220,4,Cancelled
8403,2023-05-09,600,54,Inprogress
8404,2020-02-24,861,1,Delivered
8405,2023-12-20,501,33,Delivered
8406,2022-06-05,803,53,Delivered
8407,2020-08-23,709,2,Delivered
8408,2023-08-01,683,38,Delivered
8409,2021-04-24,464,25,Delivered
8410,2020-10-02,348,13,Cancelled
8411,2020-05-05,345,34,Shipped
8412,2020-09-15,105,22,Shipped
8413,2022-09-09,235,53,Delivered
8414,2020-08-19,616,28,Shipped
8415,2022-08-20,359,38,Delivered
8416,2020-05-03,149,7,Inprogress
8417,2022-09-17,758,17,Returned
8418,2023-07-31,218,53,Delivered
8419,2021-01-26,153,15,Shipped
8420,2023-04-02,653,2,Delivered
8421,2023-06-19,705,19,Shipped
8422,2020-11-17,510,54,Delivered
8423,2023-03-28,9,21,Cancelled
8424,2023-02-24,542,3,Inprogress
8425,2022-05-25,361,34,Inprogress
8426,2020-04-13,18,51,Delivered
8427,2020-05-11,814,10,Cancelled
8428,2023-09-10,302,20,Delivered
8429,2022-04-25,746,10,Delivered
8430,2020-01-24,672,16,Shipped
8431,2023-03-21,665,24,Shipped
8432,2022-05-10,90,40,Shipped
8433,2022-04-02,506,41,Shipped
8434,2022-06-07,19,25,Delivered
8435,2022-11-19,376,21,Delivered
8436,2020-05-29,394,10,Shipped
8437,2022-04-02,241,12,Delivered
8438,2020-05-30,158,36,Delivered
8439,2021-02-14,241,20,Delivered
8440,2021-11-20,716,26,Shipped
8441,2021-10-12,149,32,Cancelled
8442,2023-05-12,33,31,Cancelled
8443,2020-06-04,87,1,Delivered
8444,2021-03-23,233,17,Delivered
8445,2021-03-01,883,26,Delivered
8446,2022-03-10,816,30,Shipped
8447,2020-02-22,82,20,Delivered
8448,2023-10-30,367,52,Delivered
8449,2020-05-24,801,52,Delivered
8450,2023-10-30,732,32,Delivered
8451,2020-07-31,464,49,Shipped
8452,2023-06-30,886,22,Inprogress
8453,2022-08-03,89,23,Shipped
8454,2020-07-05,519,43,Shipped
8455,2022-09-17,285,44,Shipped
8456,2023-10-25,537,32,Delivered
8457,2022-03-15,40,3,Shipped
8458,2021-06-21,94,25,Delivered
8459,2020-11-13,351,36,Cancelled
8460,2023-07-02,16,15,Delivered
8461,2022-07-10,534,39,Inprogress
8462,2023-07-22,656,35,Shipped
8463,2020-05-10,73,1,Delivered
8464,2020-08-09,43,36,Inprogress
8465,2023-06-01,356,14,Shipped
8466,2023-05-25,799,22,Shipped
8467,2023-04-07,887,27,Delivered
8468,2020-09-05,686,6,Shipped
8469,2023-06-08,197,51,Shipped
8470,2022-09-29,628,40,Delivered
8471,2023-01-02,129,48,Shipped
8472,2021-11-01,245,20,Delivered
8473,2022-01-16,593,4,Delivered
8474,2021-07-04,892,14,Returned
8475,2020-10-17,83,50,Delivered
8476,2022-04-28,887,52,Delivered
8477,2021-11-06,274,24,Inprogress
8478,2021-10-25,663,42,Delivered
8479,2021-04-15,269,2,Delivered
8480,2022-05-14,65,51,Delivered
8481,2021-07-08,803,41,Delivered
8482,2023-07-29,508,50,Delivered
8483,2023-08-11,462,20,Inprogress
8484,2022-02-14,469,20,Inprogress
8485,2023-08-08,627,14,Delivered
8486,2020-05-05,122,51,Delivered
8487,2020-07-26,680,46,Shipped
8488,2023-07-27,794,34,Delivered
8489,2021-12-17,690,3,Delivered
8490,2022-10-07,512,50,Delivered
8491,2022-11-11,556,28,Shipped
8492,2020-02-05,640,30,Delivered
8493,2021-04-22,595,45,Delivered
8494,2023-11-07,208,35,Shipped
8495,2020-06-02,299,1,Delivered
8497,2022-08-11,11,40,Delivered
8498,2022-02-20,461,19,Shipped
8499,2023-01-28,379,6,Shipped
8500,2023-11-02,625,49,Inprogress
8501,2021-12-08,606,32,Delivered
8502,2020-01-02,655,28,Inprogress
8503,2020-09-13,270,33,Delivered
8504,2023-05-31,697,22,Shipped
8505,2023-09-10,218,40,Shipped
8506,2022-03-12,703,17,Delivered
8507,2023-08-14,861,6,Shipped
8508,2023-09-24,365,24,Shipped
8509,2021-11-16,450,9,Delivered
8510,2021-12-26,618,31,Delivered
8511,2020-03-01,24,25,Delivered
8512,2021-01-12,200,11,Inprogress
8513,2021-11-26,563,25,Shipped
8514,2020-04-10,547,27,Shipped
8515,2023-09-02,204,30,Shipped
8516,2022-06-02,744,31,Inprogress
8517,2020-02-12,549,15,Delivered
8518,2020-03-21,299,38,Shipped
8519,2020-01-04,554,27,Delivered
8520,2022-10-04,517,30,Delivered
8521,2022-02-13,215,43,Delivered
8522,2021-10-18,287,1,Delivered
8523,2021-01-31,591,45,Delivered
8524,2022-01-10,36,37,Inprogress
8525,2021-08-30,757,24,Delivered
8526,2021-09-12,512,22,Inprogress
8527,2022-06-14,407,26,Cancelled
8528,2022-07-04,468,15,Delivered
8529,2022-02-26,705,40,Delivered
8530,2023-07-27,714,36,Delivered
8531,2021-05-16,280,40,Shipped
8532,2021-02-22,733,24,Delivered
8533,2021-05-10,620,35,Returned
8534,2021-05-22,652,17,Delivered
8535,2022-09-27,433,13,Delivered
8536,2023-08-06,457,24,Shipped
8537,2023-06-05,36,29,Shipped
8538,2021-06-19,711,7,Cancelled
8539,2021-04-21,385,13,Delivered
8540,2023-04-03,230,5,Shipped
8541,2020-04-04,104,5,Shipped
8542,2023-08-06,341,50,Shipped
8543,2020-11-27,536,8,Shipped
8544,2023-07-21,235,54,Inprogress
8545,2021-05-07,391,42,Delivered
8546,2022-07-09,616,23,Shipped
8547,2021-12-13,127,10,Cancelled
8548,2022-03-22,239,9,Delivered
8549,2021-01-15,116,27,Cancelled
8550,2023-08-22,577,44,Inprogress
8551,2020-09-03,899,47,Delivered
8552,2020-12-30,400,15,Delivered
8553,2023-05-14,739,19,Inprogress
8554,2022-04-04,497,6,Shipped
8555,2020-09-18,749,41,Shipped
8556,2021-10-31,28,54,Inprogress
8557,2022-11-22,612,23,Shipped
8558,2022-07-10,94,34,Delivered
8559,2023-06-09,730,15,Shipped
8560,2023-06-25,657,38,Delivered
8561,2022-05-01,815,5,Returned
8562,2023-08-28,722,47,Delivered
8563,2021-08-05,761,34,Delivered
8564,2020-11-28,640,34,Inprogress
8565,2020-06-13,433,42,Delivered
8566,2023-05-19,257,42,Shipped
8567,2023-09-20,449,47,Inprogress
8568,2023-10-26,266,42,Delivered
8569,2021-06-16,708,16,Inprogress
8570,2020-02-05,460,30,Shipped
8571,2020-08-04,605,2,Delivered
8572,2021-02-14,736,49,Delivered
8573,2022-06-19,676,42,Shipped
8574,2023-03-08,383,18,Shipped
8575,2022-10-19,547,8,Delivered
8576,2023-07-10,737,47,Delivered
8577,2021-10-09,400,30,Cancelled
8578,2020-06-13,261,38,Delivered
8579,2022-06-02,263,5,Delivered
8580,2023-11-14,534,36,Shipped
8581,2023-06-06,442,2,Delivered
8582,2021-01-06,801,29,Shipped
8583,2021-08-19,125,28,Shipped
8584,2020-02-26,456,11,Delivered
8585,2023-12-18,560,41,Shipped
8586,2021-01-24,645,37,Shipped
8587,2020-07-05,111,28,Delivered
8588,2020-09-22,392,42,Shipped
8589,2022-10-05,206,25,Delivered
8590,2021-12-08,288,12,Inprogress
8591,2021-12-13,103,48,Delivered
8592,2023-08-03,304,11,Delivered
8593,2023-11-20,697,18,Shipped
8594,2021-07-18,853,11,Shipped
8595,2021-03-15,262,30,Delivered
8596,2022-02-24,152,40,Inprogress
8597,2023-03-30,378,32,Delivered
8598,2023-11-03,502,1,Delivered
8599,2022-06-19,656,37,Delivered
8600,2021-11-08,662,49,Shipped
8601,2022-06-07,557,17,Inprogress
8602,2020-07-17,459,52,Inprogress
8603,2023-12-01,230,24,Delivered
8604,2022-09-09,578,36,Shipped
8605,2020-08-08,246,3,Returned
8606,2023-12-18,383,23,Inprogress
8607,2020-06-30,390,28,Delivered
8608,2020-09-26,13,41,Delivered
8609,2022-09-16,85,49,Shipped
8610,2023-10-02,505,43,Delivered
8611,2021-01-03,839,15,Delivered
8612,2022-03-14,617,15,Inprogress
8613,2023-11-07,86,50,Inprogress
8614,2022-01-27,201,15,Delivered
8615,2020-07-14,349,14,Delivered
8616,2020-06-07,467,37,Inprogress
8617,2022-08-05,16,48,Shipped
8618,2022-11-08,183,43,Delivered
8619,2020-04-02,116,44,Inprogress
8620,2022-07-26,250,52,Shipped
8621,2022-06-09,40,12,Shipped
8622,2021-10-09,516,46,Inprogress
8623,2023-05-02,262,5,Delivered
8624,2022-02-15,155,43,Returned
8625,2021-10-31,793,25,Delivered
8626,2022-03-19,684,35,Shipped
8627,2021-10-28,382,48,Delivered
8628,2020-12-19,845,53,Delivered
8629,2023-06-21,362,35,Cancelled
8630,2021-04-09,458,22,Returned
8631,2020-07-04,527,27,Shipped
8632,2021-08-20,384,10,Inprogress
8633,2020-05-13,607,43,Inprogress
8634,2023-05-11,245,23,Delivered
8635,2021-10-23,27,42,Delivered
8636,2023-10-27,227,49,Delivered
8637,2020-05-08,522,53,Inprogress
8638,2020-05-10,455,42,Inprogress
8640,2023-01-08,288,14,Delivered
8641,2023-05-24,392,52,Shipped
8642,2023-04-16,585,5,Delivered
8643,2020-02-22,377,18,Cancelled
8644,2023-10-20,834,46,Inprogress
8645,2020-03-05,853,41,Shipped
8646,2022-06-29,733,22,Delivered
8647,2023-12-08,475,46,Delivered
8648,2021-04-12,130,37,Delivered
8649,2023-09-30,2,42,Inprogress
8650,2023-04-14,577,50,Delivered
8651,2021-02-28,308,42,Returned
8652,2023-12-16,599,41,Inprogress
8653,2020-03-11,854,8,Inprogress
8654,2023-09-24,592,36,Shipped
8655,2022-06-23,270,29,Delivered
8656,2021-08-27,273,5,Delivered
8657,2020-08-23,556,22,Delivered
8658,2021-08-23,884,44,Delivered
8659,2023-09-04,598,11,Inprogress
8660,2023-05-28,837,53,Shipped
8661,2020-04-05,306,32,Delivered
8662,2023-01-05,848,11,Delivered
8663,2021-07-14,556,32,Inprogress
8664,2022-07-31,140,35,Delivered
8665,2023-07-19,237,31,Delivered
8666,2020-10-10,722,51,Delivered
8667,2022-05-05,438,16,Delivered
8668,2020-05-15,398,23,Delivered
8669,2020-10-13,68,6,Inprogress
8670,2023-03-01,298,9,Delivered
8671,2020-01-17,388,34,Delivered
8672,2022-01-11,550,19,Shipped
8673,2020-05-07,12,7,Delivered
8674,2020-11-29,253,40,Inprogress
8675,2022-03-09,504,26,Shipped
8676,2023-07-01,619,13,Delivered
8677,2020-09-05,80,47,Shipped
8678,2020-05-07,211,52,Inprogress
8679,2020-01-01,225,29,Returned
8680,2023-03-08,197,16,Cancelled
8681,2022-09-08,209,40,Delivered
8682,2023-08-10,75,51,Inprogress
8683,2023-12-12,396,29,Delivered
8684,2021-07-13,447,10,Shipped
8685,2021-12-29,430,34,Delivered
8686,2022-03-30,347,13,Delivered
8687,2020-07-06,760,39,Delivered
8688,2023-09-24,54,3,Shipped
8689,2020-07-27,578,41,Delivered
8690,2022-03-07,63,1,Shipped
8691,2022-12-24,539,35,Delivered
8692,2021-08-01,725,13,Inprogress
8693,2023-02-27,25,44,Inprogress
8694,2023-07-31,655,14,Delivered
8695,2021-07-25,216,22,Delivered
8696,2020-10-12,428,33,Shipped
8697,2020-11-03,85,47,Delivered
8698,2022-02-26,848,6,Delivered
8699,2020-04-22,148,13,Delivered
8700,2021-10-11,767,29,Delivered
8701,2021-12-29,776,47,Delivered
8702,2021-06-28,852,50,Delivered
8703,2020-01-27,360,19,Shipped
8704,2021-08-19,509,47,Delivered
8705,2020-01-11,548,24,Inprogress
8706,2020-04-14,673,21,Cancelled
8707,2023-08-05,96,13,Delivered
8708,2022-01-24,154,8,Inprogress
8709,2020-03-18,724,28,Inprogress
8710,2021-11-03,213,8,Delivered
8711,2023-12-27,7,46,Delivered
8712,2023-07-04,449,7,Delivered
8713,2023-07-25,700,5,Delivered
8714,2022-11-29,872,47,Delivered
8715,2020-05-10,728,26,Delivered
8716,2023-05-18,727,21,Delivered
8717,2022-07-23,429,28,Delivered
8718,2020-01-18,226,8,Delivered
8719,2023-10-21,734,20,Delivered
8720,2021-02-04,864,8,Delivered
8721,2021-12-29,701,36,Delivered
8722,2022-08-27,38,28,Shipped
8723,2023-08-06,118,53,Inprogress
8724,2021-01-05,679,18,Shipped
8725,2023-08-05,313,19,Delivered
8726,2022-02-01,116,10,Delivered
8727,2020-07-08,90,20,Shipped
8728,2023-05-04,48,6,Shipped
8729,2023-10-14,206,4,Shipped
8730,2021-06-30,6,54,Delivered
8731,2023-02-20,30,20,Delivered
8732,2021-08-10,703,52,Delivered
8733,2020-10-04,863,30,Delivered
8734,2023-07-02,894,54,Shipped
8735,2021-02-19,175,23,Inprogress
8736,2021-09-09,832,7,Delivered
8737,2023-03-18,687,40,Shipped
8738,2021-03-19,584,21,Delivered
8739,2022-12-12,240,9,Inprogress
8740,2020-03-29,99,42,Delivered
8741,2020-05-13,487,24,Delivered
8742,2022-07-05,252,43,Shipped
8743,2020-01-09,600,49,Shipped
8744,2021-11-30,364,11,Delivered
8745,2022-12-29,362,36,Delivered
8746,2021-12-01,723,32,Delivered
8747,2020-04-08,378,49,Delivered
8748,2021-08-18,510,38,Delivered
8749,2023-01-11,405,1,Delivered
8750,2022-11-06,852,42,Shipped
8751,2021-07-27,90,14,Inprogress
8752,2021-05-26,661,36,Shipped
8753,2022-01-16,727,5,Delivered
8754,2023-05-27,556,43,Shipped
8755,2021-03-18,228,28,Delivered
8756,2021-03-21,601,2,Delivered
8757,2020-09-13,330,53,Delivered
8758,2022-04-06,323,50,Delivered
8759,2020-05-13,672,6,Delivered
8760,2023-09-25,467,23,Delivered
8761,2020-05-27,472,22,Delivered
8762,2023-06-15,611,21,Shipped
8763,2023-07-03,529,41,Delivered
8764,2023-08-16,131,26,Delivered
8765,2022-05-13,222,20,Delivered
8766,2023-10-28,40,34,Delivered
8767,2020-09-12,401,27,Delivered
8768,2021-11-22,537,45,Shipped
8769,2023-08-10,460,20,Cancelled
8770,2021-07-29,737,3,Delivered
8771,2020-05-19,282,41,Delivered
8772,2022-10-29,101,2,Shipped
8773,2020-02-07,642,36,Delivered
8774,2021-01-06,44,38,Delivered
8775,2021-03-10,505,17,Delivered
8776,2023-05-27,298,51,Delivered
8777,2022-07-01,479,26,Cancelled
8778,2022-09-28,153,6,Delivered
8779,2022-06-10,469,45,Delivered
8780,2023-05-25,185,6,Cancelled
8781,2021-04-02,326,40,Delivered
8782,2020-08-19,483,30,Delivered
8783,2023-06-14,51,4,Cancelled
8784,2023-11-09,232,52,Delivered
8785,2023-10-17,117,39,Delivered
8786,2021-02-13,894,34,Delivered
8787,2023-09-16,658,23,Delivered
8788,2021-04-23,636,15,Cancelled
8789,2022-09-28,458,6,Shipped
8790,2022-02-22,877,53,Delivered
8791,2022-10-06,879,45,Returned
8792,2020-11-13,143,54,Delivered
8793,2022-10-28,35,7,Shipped
8794,2021-08-12,714,47,Inprogress
8795,2023-12-11,416,7,Delivered
8796,2021-02-09,771,24,Shipped
8797,2020-02-01,706,11,Shipped
8798,2022-05-28,144,52,Inprogress
8799,2020-05-06,805,23,Returned
8800,2021-04-26,409,9,Inprogress
8801,2021-08-27,720,35,Delivered
8802,2022-03-13,674,51,Delivered
8803,2022-09-11,584,38,Shipped
8804,2020-05-12,502,15,Delivered
8805,2022-11-08,567,5,Shipped
8806,2021-04-10,569,50,Delivered
8807,2020-11-30,244,26,Shipped
8808,2022-03-20,742,42,Shipped
8809,2020-02-29,607,47,Delivered
8810,2021-02-20,625,48,Shipped
8811,2020-12-03,552,54,Delivered
8812,2021-09-20,559,1,Delivered
8813,2023-01-14,610,50,Cancelled
8814,2021-01-03,571,14,Shipped
8815,2021-06-24,248,26,Delivered
8816,2020-06-14,510,47,Delivered
8817,2022-02-25,383,49,Delivered
8818,2023-07-26,830,15,Delivered
8819,2020-03-31,725,6,Delivered
8820,2022-01-19,729,20,Delivered
8821,2022-03-29,144,5,Delivered
8822,2023-01-20,373,16,Delivered
8823,2022-07-05,219,18,Delivered
8824,2020-02-05,95,13,Delivered
8825,2022-05-19,326,1,Delivered
8826,2023-12-28,239,21,Cancelled
8827,2021-05-23,870,29,Delivered
8828,2022-07-01,747,44,Shipped
8829,2023-11-22,363,42,Delivered
8830,2023-06-23,244,31,Delivered
8831,2022-03-30,14,31,Delivered
8832,2020-01-31,122,2,Delivered
8833,2022-01-19,525,20,Delivered
8834,2021-11-14,708,18,Delivered
8835,2023-05-22,216,31,Delivered
8836,2021-07-01,305,45,Inprogress
8837,2020-04-25,333,50,Delivered
8838,2022-06-25,78,13,Delivered
8839,2020-07-18,830,29,Delivered
8840,2021-06-25,730,21,Delivered
8841,2021-11-18,142,45,Delivered
8842,2021-11-20,169,21,Delivered
8843,2023-06-04,283,43,Delivered
8844,2023-08-07,412,25,Returned
8845,2021-11-01,442,12,Inprogress
8846,2020-12-13,227,18,Shipped
8847,2021-03-09,835,32,Delivered
8848,2021-06-16,572,22,Inprogress
8849,2022-09-05,569,2,Delivered
8850,2022-06-12,822,38,Shipped
8851,2023-09-21,476,53,Delivered
8852,2022-10-19,804,27,Inprogress
8853,2021-08-12,36,39,Delivered
8854,2022-02-13,92,32,Inprogress
8855,2023-07-13,86,45,Delivered
8856,2021-06-13,685,36,Delivered
8857,2020-02-25,245,44,Delivered
8858,2022-07-17,830,5,Delivered
8859,2021-09-19,132,8,Inprogress
8860,2021-06-24,645,29,Inprogress
8861,2020-11-12,69,14,Delivered
8862,2020-12-27,665,9,Delivered
8863,2023-07-27,419,20,Delivered
8864,2021-09-05,795,5,Inprogress
8865,2023-05-03,238,2,Inprogress
8866,2020-09-13,218,21,Returned
8867,2020-11-19,718,44,Delivered
8868,2022-11-06,272,22,Inprogress
8869,2020-03-09,711,33,Shipped
8870,2020-10-03,6,50,Delivered
8871,2021-03-04,557,26,Shipped
8872,2022-03-30,447,46,Delivered
8873,2023-05-03,487,7,Delivered
8874,2023-12-22,395,42,Delivered
8875,2023-05-31,891,32,Inprogress
8876,2020-02-21,261,40,Delivered
8877,2022-01-24,232,13,Delivered
8878,2021-12-11,869,52,Shipped
8879,2021-05-02,130,9,Inprogress
8880,2023-11-06,404,29,Delivered
8881,2021-02-28,848,15,Delivered
8882,2021-03-02,43,1,Delivered
8883,2022-05-30,741,35,Delivered
8884,2020-04-23,32,34,Delivered
8885,2021-03-19,720,22,Inprogress
8886,2023-11-07,720,23,Cancelled
8887,2023-04-28,568,54,Delivered
8888,2022-05-09,850,16,Shipped
8889,2021-12-22,602,29,Returned
8890,2020-07-12,180,44,Shipped
8891,2021-06-08,296,16,Delivered
8892,2023-05-25,296,34,Delivered
8893,2022-11-27,170,30,Shipped
8894,2022-05-03,718,36,Shipped
8895,2021-07-23,82,31,Delivered
8896,2021-10-10,366,36,Delivered
8897,2020-12-04,8,45,Inprogress
8898,2023-12-04,574,21,Delivered
8899,2022-09-13,41,19,Delivered
8900,2022-10-27,699,30,Delivered
8901,2020-09-01,34,46,Delivered
8902,2021-12-27,32,33,Shipped
8903,2021-09-07,339,25,Returned
8904,2023-01-18,888,36,Delivered
8905,2020-10-22,417,20,Shipped
8906,2023-08-15,760,32,Delivered
8907,2021-11-08,849,10,Delivered
8908,2020-07-21,164,15,Inprogress
8909,2022-09-15,386,38,Shipped
8910,2021-05-29,663,9,Delivered
8911,2023-02-07,426,33,Shipped
8912,2022-12-02,315,46,Delivered
8913,2020-07-07,834,42,Shipped
8914,2020-09-17,559,14,Delivered
8915,2023-12-25,332,17,Delivered
8916,2023-07-17,248,13,Shipped
8917,2020-08-25,475,49,Shipped
8918,2020-03-10,105,54,Delivered
8919,2023-12-30,119,20,Inprogress
8920,2022-07-22,43,42,Inprogress
8921,2020-12-02,723,9,Delivered
8922,2021-09-12,886,52,Shipped
8923,2023-12-15,584,10,Delivered
8924,2022-11-24,602,29,Delivered
8925,2023-12-18,727,13,Inprogress
8926,2021-10-28,223,15,Inprogress
8927,2020-04-21,500,51,Inprogress
8928,2021-09-10,673,39,Delivered
8929,2021-09-27,742,7,Delivered
8930,2023-12-15,797,49,Inprogress
8931,2020-02-13,410,17,Shipped
8932,2023-04-24,325,15,Shipped
8933,2020-05-31,20,22,Shipped
8934,2023-08-24,694,43,Delivered
8935,2021-07-14,503,24,Delivered
8936,2022-12-26,104,9,Delivered
8937,2022-04-16,230,4,Delivered
8938,2020-02-14,713,44,Delivered
8939,2022-12-29,265,53,Delivered
8940,2022-04-17,222,39,Inprogress
8941,2021-09-12,874,38,Delivered
8942,2021-03-22,61,52,Delivered
8943,2022-10-19,462,2,Delivered
8944,2023-02-25,400,19,Shipped
8945,2022-08-10,474,25,Delivered
8946,2022-03-12,677,31,Inprogress
8947,2020-08-15,781,19,Inprogress
8948,2020-03-17,142,28,Delivered
8949,2022-03-19,234,27,Delivered
8950,2021-05-21,66,13,Delivered
8951,2021-05-06,850,43,Inprogress
8952,2020-07-13,620,42,Inprogress
8953,2021-06-28,653,46,Shipped
8954,2021-10-26,769,24,Delivered
8955,2022-10-11,878,23,Delivered
8956,2021-10-12,588,22,Delivered
8957,2021-12-19,846,19,Delivered
8958,2023-08-06,473,19,Delivered
8959,2022-01-07,454,44,Returned
8960,2021-05-12,490,11,Delivered
8961,2022-05-12,609,4,Shipped
8962,2023-07-01,816,16,Shipped
8963,2020-08-31,159,22,Delivered
8964,2020-05-11,281,35,Cancelled
8965,2023-08-05,56,50,Delivered
8966,2021-06-10,606,3,Delivered
8967,2023-11-08,795,17,Inprogress
8968,2023-01-25,766,41,Shipped
8969,2021-08-06,364,8,Inprogress
8970,2020-05-29,847,28,Delivered
8971,2020-10-06,880,20,Cancelled
8972,2022-07-12,756,45,Inprogress
8973,2023-08-06,581,42,Cancelled
8974,2020-04-08,396,23,Delivered
8975,2022-01-06,790,47,Delivered
8976,2021-12-10,51,41,Inprogress
8977,2023-02-12,302,52,Delivered
8978,2022-08-30,49,22,Shipped
8979,2022-02-28,639,4,Delivered
8980,2020-12-13,54,45,Delivered
8981,2020-04-14,182,1,Delivered
8982,2021-06-15,804,13,Delivered
8983,2021-11-11,61,35,Delivered
8984,2021-05-28,294,24,Inprogress
8985,2023-07-10,426,28,Inprogress
8986,2020-07-02,55,5,Delivered
8987,2023-04-14,732,19,Delivered
8988,2023-11-07,98,11,Shipped
8989,2020-12-25,631,8,Shipped
8990,2020-01-06,461,20,Delivered
8991,2022-01-11,826,26,Inprogress
8992,2020-02-02,117,13,Delivered
8993,2023-12-29,458,19,Delivered
8994,2021-03-01,675,18,Delivered
8995,2020-07-14,100,46,Delivered
8996,2023-03-22,398,38,Delivered
8997,2023-10-07,114,42,Shipped
8998,2021-02-21,825,27,Inprogress
8999,2022-01-06,436,5,Delivered
9000,2023-04-28,526,53,Delivered
9001,2020-05-30,672,10,Delivered
9002,2023-02-10,365,31,Delivered
9003,2020-08-10,71,38,Delivered
9004,2022-05-04,469,22,Shipped
9005,2021-08-05,536,48,Delivered
9006,2022-11-24,418,26,Delivered
9007,2022-07-12,643,28,Shipped
9008,2022-06-19,537,42,Delivered
9009,2023-11-05,647,15,Shipped
9010,2021-10-31,757,32,Inprogress
9011,2022-03-20,77,24,Shipped
9012,2020-08-28,268,39,Inprogress
9013,2022-11-03,350,45,Returned
9014,2020-09-08,812,33,Delivered
9015,2023-02-27,71,1,Delivered
9016,2020-07-14,95,6,Delivered
9017,2021-03-02,399,38,Shipped
9018,2020-11-23,592,39,Delivered
9019,2021-07-15,794,9,Delivered
9020,2023-08-23,105,9,Delivered
9021,2020-07-09,355,53,Inprogress
9022,2021-04-17,726,14,Delivered
9023,2022-06-02,149,5,Shipped
9024,2023-10-24,279,7,Shipped
9025,2022-02-10,745,24,Delivered
9026,2021-11-05,837,24,Delivered
9027,2021-06-14,317,30,Delivered
9028,2020-07-01,754,5,Delivered
9029,2020-04-25,507,30,Delivered
9030,2022-05-12,869,6,Shipped
9031,2023-07-18,266,46,Cancelled
9032,2023-04-14,385,16,Cancelled
9033,2021-08-22,295,27,Delivered
9034,2021-12-05,834,21,Delivered
9035,2021-03-30,213,6,Delivered
9036,2022-09-19,142,2,Delivered
9037,2021-05-09,228,30,Inprogress
9038,2023-11-20,518,17,Shipped
9039,2022-01-11,256,43,Inprogress
9040,2023-08-04,406,12,Shipped
9041,2022-06-14,616,35,Returned
9042,2021-06-16,548,11,Delivered
9043,2023-04-27,487,34,Delivered
9044,2020-03-13,164,42,Inprogress
9045,2020-03-24,107,35,Delivered
9046,2022-11-02,250,40,Shipped
9047,2023-08-20,148,32,Delivered
9048,2022-06-14,164,10,Returned
9049,2020-04-11,809,30,Delivered
9050,2022-05-30,25,44,Shipped
9051,2022-03-18,224,4,Delivered
9052,2020-05-09,298,51,Delivered
9053,2023-11-26,334,47,Delivered
9054,2022-05-13,770,46,Inprogress
9055,2023-12-13,331,5,Delivered
9056,2023-08-25,884,4,Delivered
9057,2022-03-12,503,4,Delivered
9058,2021-01-22,343,17,Shipped
9059,2023-08-12,365,5,Delivered
9060,2021-02-04,854,34,Shipped
9061,2022-08-13,630,53,Shipped
9062,2022-01-22,608,49,Delivered
9063,2021-09-03,863,14,Cancelled
9064,2022-05-19,57,35,Inprogress
9065,2022-04-07,612,36,Delivered
9066,2021-12-05,561,18,Shipped
9067,2020-07-07,50,15,Inprogress
9068,2020-07-16,639,50,Inprogress
9069,2023-01-05,694,48,Shipped
9070,2023-01-25,279,1,Delivered
9071,2021-04-10,799,13,Delivered
9072,2022-06-27,479,20,Inprogress
9073,2021-12-30,695,32,Delivered
9074,2020-04-06,683,4,Cancelled
9075,2020-04-18,569,54,Shipped
9076,2023-03-27,369,47,Delivered
9077,2022-07-05,543,12,Inprogress
9078,2022-08-16,8,54,Delivered
9079,2022-10-28,709,24,Delivered
9080,2020-05-03,340,8,Delivered
9081,2020-12-19,255,43,Inprogress
9082,2022-02-28,364,54,Delivered
9083,2021-11-23,825,38,Delivered
9084,2022-09-04,685,40,Shipped
9085,2020-12-18,436,44,Delivered
9086,2021-06-15,269,20,Delivered
9087,2022-10-16,852,32,Delivered
9088,2020-04-17,805,49,Delivered
9089,2020-10-23,425,17,Returned
9090,2022-07-06,795,20,Returned
9091,2020-01-30,882,14,Delivered
9092,2022-05-12,670,45,Delivered
9093,2023-10-27,704,21,Inprogress
9094,2022-05-18,473,47,Delivered
9095,2022-08-09,153,9,Inprogress
9096,2020-07-18,622,6,Delivered
9097,2020-01-10,392,13,Delivered
9098,2020-09-29,835,44,Returned
9099,2023-06-08,116,21,Delivered
9100,2020-11-07,77,42,Inprogress
9101,2020-10-24,108,46,Delivered
9102,2021-07-19,391,48,Delivered
9103,2020-01-24,493,23,Delivered
9104,2023-12-19,176,47,Shipped
9105,2022-02-16,879,48,Inprogress
9106,2021-11-04,439,52,Cancelled
9107,2021-08-20,54,27,Inprogress
9108,2020-05-10,480,4,Delivered
9109,2022-12-28,274,3,Delivered
9110,2023-11-01,593,36,Delivered
9111,2023-06-24,160,21,Shipped
9112,2021-06-15,843,54,Returned
9113,2021-03-22,466,47,Returned
9114,2022-06-29,689,38,Delivered
9115,2021-02-03,60,43,Delivered
9116,2022-04-20,57,39,Inprogress
9117,2023-04-13,130,1,Inprogress
9118,2020-09-30,889,18,Delivered
9119,2023-11-15,250,40,Delivered
9120,2023-12-09,630,19,Delivered
9121,2021-02-14,733,54,Delivered
9122,2020-02-11,563,3,Delivered
9123,2021-09-15,443,15,Shipped
9124,2021-02-16,334,16,Cancelled
9125,2022-01-16,781,8,Delivered
9126,2023-12-16,761,12,Delivered
9127,2021-11-06,898,51,Shipped
9128,2022-08-26,509,17,Inprogress
9129,2021-09-17,333,22,Delivered
9130,2023-01-20,704,8,Shipped
9131,2023-02-21,737,9,Delivered
9132,2021-10-09,741,2,Delivered
9133,2021-06-16,349,5,Delivered
9134,2021-11-28,216,31,Delivered
9135,2020-02-19,596,48,Inprogress
9136,2021-09-27,528,7,Delivered
9137,2021-07-03,197,30,Cancelled
9138,2023-09-29,100,48,Shipped
9139,2022-06-06,655,46,Shipped
9140,2020-03-16,877,26,Delivered
9141,2022-06-03,403,16,Delivered
9142,2020-04-11,54,39,Delivered
9143,2021-08-20,583,3,Cancelled
9144,2022-06-25,114,46,Cancelled
9145,2021-01-25,843,19,Delivered
9146,2020-06-05,816,41,Delivered
9147,2021-12-24,737,1,Delivered
9148,2020-08-03,49,3,Inprogress
9149,2021-08-03,546,48,Delivered
9150,2020-09-09,642,53,Cancelled
9151,2020-06-22,471,41,Inprogress
9152,2020-08-11,268,49,Delivered
9153,2022-01-30,857,41,Inprogress
9154,2022-05-06,13,39,Returned
9155,2021-03-14,574,19,Delivered
9156,2021-06-29,388,3,Delivered
9157,2021-10-07,820,14,Cancelled
9158,2023-12-23,163,14,Delivered
9159,2022-08-26,445,39,Shipped
9160,2023-12-18,423,44,Delivered
9161,2023-03-08,895,27,Shipped
9162,2023-12-01,687,47,Delivered
9163,2022-05-29,473,29,Inprogress
9164,2023-01-01,137,26,Shipped
9165,2021-11-02,81,15,Delivered
9166,2022-01-01,67,22,Inprogress
9167,2021-10-12,109,15,Returned
9168,2022-01-03,319,37,Cancelled
9169,2020-04-17,746,37,Delivered
9170,2021-01-19,861,21,Delivered
9171,2020-05-22,26,15,Delivered
9172,2023-05-07,698,35,Delivered
9173,2021-10-04,792,8,Delivered
9174,2023-05-27,878,6,Returned
9175,2023-02-14,3,29,Delivered
9176,2023-05-14,22,53,Delivered
9177,2022-12-20,594,22,Returned
9178,2023-09-29,343,50,Shipped
9179,2020-08-14,4,51,Delivered
9180,2023-06-17,310,44,Delivered
9181,2020-06-25,249,45,Delivered
9182,2023-09-18,775,31,Returned
9183,2023-06-08,573,32,Delivered
9184,2022-10-16,206,25,Cancelled
9185,2022-10-06,183,46,Delivered
9186,2020-08-17,748,9,Delivered
9187,2021-09-03,792,35,Shipped
9188,2022-10-02,875,6,Delivered
9189,2021-08-16,698,33,Cancelled
9190,2020-10-27,396,47,Shipped
9191,2021-12-20,407,42,Delivered
9192,2022-05-30,173,15,Cancelled
9193,2020-09-24,655,4,Shipped
9194,2023-10-31,366,53,Shipped
9195,2022-04-03,122,40,Inprogress
9196,2023-04-22,575,7,Delivered
9197,2022-04-23,77,13,Inprogress
9198,2022-01-10,484,4,Inprogress
9199,2023-07-07,899,28,Returned
9200,2020-12-29,899,43,Delivered
9201,2020-09-05,316,43,Shipped
9202,2021-12-08,494,32,Delivered
9203,2023-08-01,274,16,Inprogress
9204,2020-05-09,206,8,Returned
9205,2021-08-19,702,20,Delivered
9206,2023-10-05,182,6,Delivered
9207,2020-01-21,700,29,Inprogress
9208,2020-11-18,895,49,Returned
9209,2023-07-14,869,48,Delivered
9210,2023-01-05,342,23,Delivered
9211,2022-05-17,161,21,Returned
9212,2021-07-09,831,25,Delivered
9213,2020-10-17,240,41,Shipped
9214,2022-08-09,60,11,Inprogress
9215,2022-03-13,899,52,Delivered
9216,2023-11-24,716,32,Shipped
9217,2022-04-16,93,26,Inprogress
9218,2022-04-03,609,17,Delivered
9219,2023-11-15,82,25,Cancelled
9220,2022-07-24,693,34,Shipped
9221,2021-12-31,738,50,Delivered
9222,2020-05-21,617,4,Delivered
9223,2021-08-22,484,7,Inprogress
9224,2023-04-05,83,18,Shipped
9225,2023-10-10,759,25,Inprogress
9226,2023-01-30,315,42,Delivered
9227,2020-07-17,260,26,Delivered
9228,2022-01-16,797,24,Shipped
9229,2020-10-12,567,7,Delivered
9230,2023-09-17,286,9,Delivered
9231,2023-02-21,276,30,Shipped
9232,2023-02-14,706,29,Delivered
9233,2021-06-03,357,35,Inprogress
9234,2023-07-09,732,28,Delivered
9235,2022-09-23,437,18,Delivered
9236,2022-06-01,128,11,Inprogress
9237,2022-01-24,291,53,Cancelled
9238,2022-06-26,471,9,Delivered
9239,2020-01-01,59,33,Inprogress
9240,2022-01-27,62,7,Delivered
9241,2023-03-24,740,38,Delivered
9242,2022-04-18,228,53,Inprogress
9243,2023-11-25,302,31,Delivered
9244,2023-04-15,267,11,Delivered
9245,2022-07-19,772,22,Delivered
9246,2020-06-09,854,8,Inprogress
9247,2023-06-29,142,10,Returned
9248,2020-06-16,513,43,Delivered
9249,2023-01-20,413,35,Delivered
9250,2021-02-12,333,44,Inprogress
9251,2021-11-13,50,53,Inprogress
9252,2020-01-01,465,7,Shipped
9253,2020-09-04,321,50,Delivered
9254,2021-10-18,850,44,Delivered
9255,2023-11-18,336,50,Inprogress
9256,2021-11-22,530,20,Shipped
9257,2022-10-18,653,8,Shipped
9258,2022-04-19,817,46,Returned
9259,2021-04-22,577,10,Shipped
9260,2021-02-19,185,44,Delivered
9261,2020-01-08,190,39,Delivered
9262,2022-01-17,500,9,Returned
9263,2020-05-19,233,26,Delivered
9264,2022-11-10,369,14,Shipped
9265,2021-11-15,799,34,Shipped
9266,2023-07-30,872,45,Delivered
9267,2023-02-19,457,16,Inprogress
9268,2022-04-12,425,30,Inprogress
9269,2020-12-18,107,33,Shipped
9270,2022-04-24,759,33,Returned
9271,2020-03-14,357,25,Inprogress
9272,2023-06-05,24,34,Delivered
9273,2020-05-17,42,36,Delivered
9274,2020-02-02,364,39,Delivered
9275,2022-06-25,494,34,Shipped
9276,2023-01-26,535,32,Delivered
9277,2021-04-27,738,52,Inprogress
9278,2022-05-07,429,54,Delivered
9279,2023-03-12,588,22,Delivered
9280,2023-01-29,114,22,Delivered
9281,2023-10-21,191,13,Cancelled
9282,2022-11-16,750,24,Delivered
9283,2021-08-16,727,12,Inprogress
9284,2022-08-19,485,17,Shipped
9285,2021-10-24,532,5,Delivered
9286,2021-12-19,392,15,Delivered
9287,2021-05-01,612,11,Returned
9288,2020-05-13,234,50,Delivered
9289,2020-08-17,651,2,Delivered
9290,2020-07-19,40,5,Delivered
9291,2022-12-24,130,34,Delivered
9292,2020-01-14,670,54,Delivered
9293,2021-03-13,738,38,Delivered
9294,2020-06-05,663,20,Delivered
9295,2021-10-31,53,30,Delivered
9296,2022-10-18,502,27,Cancelled
9297,2021-08-11,103,28,Inprogress
9298,2020-12-19,764,51,Delivered
9299,2023-11-28,889,50,Shipped
9300,2020-07-10,518,32,Delivered
9301,2020-01-04,849,22,Inprogress
9302,2021-08-28,41,46,Shipped
9303,2022-02-20,116,3,Inprogress
9304,2022-12-02,725,17,Shipped
9305,2020-02-17,482,33,Delivered
9306,2020-10-25,726,10,Inprogress
9307,2021-03-10,336,49,Delivered
9308,2022-09-08,854,24,Shipped
9309,2023-10-30,221,7,Delivered
9310,2020-09-05,670,33,Inprogress
9311,2021-10-21,352,18,Delivered
9312,2020-01-28,157,12,Delivered
9313,2021-09-30,610,42,Delivered
9314,2021-12-05,624,9,Delivered
9315,2021-08-22,435,39,Returned
9316,2021-09-17,565,2,Cancelled
9317,2021-07-12,527,17,Delivered
9318,2023-11-26,603,12,Shipped
9319,2020-05-16,632,18,Shipped
9320,2020-07-03,128,15,Delivered
9321,2022-11-20,40,5,Delivered
9322,2023-01-11,292,27,Delivered
9323,2020-05-26,216,9,Delivered
9324,2023-03-21,820,48,Delivered
9325,2021-12-23,630,5,Shipped
9326,2021-06-29,21,38,Cancelled
9327,2022-08-15,785,38,Delivered
9328,2023-02-07,263,7,Delivered
9329,2022-09-14,250,50,Delivered
9330,2021-01-23,263,30,Delivered
9331,2023-02-11,578,52,Delivered
9332,2020-05-24,465,49,Delivered
9333,2020-11-07,302,52,Shipped
9334,2022-01-01,839,54,Shipped
9335,2022-06-10,115,29,Shipped
9336,2021-10-15,704,18,Delivered
9337,2023-07-30,423,40,Delivered
9338,2021-11-29,515,51,Delivered
9339,2022-09-24,707,48,Delivered
9340,2020-10-08,652,39,Delivered
9341,2020-06-01,494,23,Inprogress
9342,2022-05-14,677,25,Delivered
9343,2020-04-08,235,1,Delivered
9344,2021-03-10,417,2,Shipped
9345,2022-08-29,858,24,Delivered
9346,2020-05-18,576,39,Inprogress
9347,2022-04-27,100,32,Delivered
9348,2021-02-20,332,42,Delivered
9349,2022-04-16,393,38,Cancelled
9350,2022-09-08,651,53,Delivered
9351,2022-09-16,303,6,Inprogress
9352,2020-09-12,887,48,Shipped
9353,2023-10-17,481,21,Delivered
9354,2023-01-27,391,11,Shipped
9355,2023-04-09,180,2,Delivered
9356,2023-07-30,144,48,Returned
9357,2021-09-02,796,21,Delivered
9358,2020-03-15,366,51,Delivered
9359,2023-06-05,670,42,Returned
9360,2023-10-14,617,15,Cancelled
9361,2021-03-20,620,31,Delivered
9362,2022-06-29,91,47,Cancelled
9363,2023-05-11,644,9,Inprogress
9364,2021-10-08,162,43,Inprogress
9365,2022-05-25,291,11,Delivered
9366,2021-04-09,556,32,Delivered
9367,2022-10-05,563,44,Delivered
9368,2021-01-19,169,39,Returned
9369,2022-01-02,79,22,Returned
9370,2020-03-20,678,24,Delivered
9371,2023-09-16,460,3,Delivered
9372,2021-08-14,882,39,Delivered
9373,2022-01-08,228,44,Delivered
9374,2022-07-18,396,17,Delivered
9375,2021-05-03,459,20,Delivered
9376,2020-09-21,765,2,Inprogress
9377,2020-05-24,162,4,Shipped
9378,2021-05-18,269,34,Delivered
9379,2022-11-30,723,16,Delivered
9380,2020-10-02,327,7,Delivered
9381,2022-02-06,695,10,Delivered
9382,2021-01-27,873,53,Delivered
9383,2020-04-04,713,13,Delivered
9384,2023-06-23,416,46,Delivered
9385,2021-07-29,879,22,Delivered
9386,2022-02-09,184,24,Delivered
9387,2022-11-15,539,28,Delivered
9388,2022-02-16,526,33,Inprogress
9389,2021-12-28,835,49,Delivered
9390,2023-01-12,430,16,Shipped
9391,2021-06-30,383,18,Delivered
9392,2020-12-24,665,54,Delivered
9393,2020-06-22,801,38,Delivered
9394,2023-11-05,791,47,Cancelled
9395,2022-09-01,446,3,Delivered
9396,2022-02-27,367,10,Delivered
9397,2022-06-08,796,4,Delivered
9398,2020-05-20,116,17,Shipped
9399,2023-04-25,395,11,Delivered
9400,2023-06-02,71,23,Inprogress
9401,2023-12-31,131,12,Delivered
9402,2022-03-06,638,33,Delivered
9403,2021-11-19,50,20,Delivered
9404,2022-02-23,113,1,Inprogress
9405,2023-01-10,268,52,Delivered
9406,2021-09-27,872,16,Cancelled
9407,2022-12-10,302,9,Shipped
9408,2022-07-14,235,21,Delivered
9409,2022-07-25,658,2,Delivered
9410,2020-06-07,451,35,Delivered
9411,2022-02-08,732,17,Delivered
9412,2020-12-30,407,44,Inprogress
9413,2020-03-24,823,27,Shipped
9414,2020-07-17,175,16,Delivered
9415,2023-01-31,596,34,Inprogress
9416,2023-12-18,317,11,Delivered
9417,2023-08-26,8,18,Shipped
9418,2020-07-28,479,3,Delivered
9419,2021-12-25,357,20,Shipped
9420,2021-05-05,493,51,Delivered
9421,2020-01-11,591,40,Inprogress
9422,2020-01-07,832,28,Shipped
9423,2021-11-25,703,47,Shipped
9424,2021-07-27,152,43,Delivered
9425,2023-07-09,491,29,Shipped
9426,2022-02-19,136,40,Delivered
9427,2020-09-23,102,11,Cancelled
9428,2021-01-01,440,6,Delivered
9429,2023-09-02,54,49,Inprogress
9430,2021-05-30,85,14,Inprogress
9431,2021-10-01,202,25,Delivered
9432,2020-11-16,515,13,Shipped
9433,2020-01-09,193,6,Inprogress
9434,2021-06-26,292,6,Delivered
9435,2020-07-25,396,11,Delivered
9436,2023-06-22,654,11,Delivered
9437,2023-02-18,492,8,Delivered
9438,2023-11-29,334,32,Inprogress
9439,2021-04-21,287,14,Delivered
9440,2022-12-31,363,16,Delivered
9441,2022-05-03,45,17,Delivered
9442,2021-05-24,1,6,Delivered
9443,2020-10-22,295,15,Delivered
9444,2022-10-31,185,54,Delivered
9445,2020-04-18,366,1,Shipped
9446,2020-01-23,730,12,Delivered
9447,2021-08-19,363,11,Delivered
9448,2020-02-23,574,28,Delivered
9449,2020-04-30,93,47,Inprogress
9450,2020-12-07,265,12,Inprogress
9451,2020-01-14,817,2,Inprogress
9452,2020-01-26,414,36,Delivered
9453,2022-04-14,860,1,Cancelled
9454,2023-10-11,377,38,Delivered
9455,2020-04-24,781,28,Delivered
9456,2020-06-05,746,38,Shipped
9457,2023-02-09,742,5,Delivered
9458,2022-07-18,758,27,Delivered
9459,2020-10-30,553,27,Returned
9460,2021-02-03,673,21,Delivered
9461,2023-11-02,164,20,Delivered
9462,2022-06-14,423,10,Delivered
9463,2022-05-01,236,32,Shipped
9464,2020-08-14,611,47,Delivered
9465,2020-11-06,881,43,Shipped
9466,2020-02-11,27,4,Delivered
9467,2022-07-11,693,52,Delivered
9468,2023-09-24,539,25,Shipped
9469,2022-10-30,50,31,Delivered
9470,2021-07-22,833,42,Shipped
9471,2023-07-17,588,28,Delivered
9472,2021-12-11,362,42,Delivered
9473,2023-09-12,228,15,Cancelled
9474,2023-03-11,635,42,Inprogress
9475,2022-04-20,14,12,Returned
9476,2022-01-07,194,18,Inprogress
9477,2020-06-26,363,22,Shipped
9478,2023-06-15,94,22,Delivered
9479,2020-04-05,616,9,Delivered
9480,2020-03-22,636,41,Delivered
9481,2021-12-26,191,24,Shipped
9482,2023-03-21,790,41,Inprogress
9483,2020-07-24,828,19,Shipped
9484,2023-08-10,526,5,Delivered
9485,2023-05-03,276,21,Returned
9486,2020-09-09,528,48,Delivered
9487,2021-10-13,313,1,Delivered
9488,2021-12-29,281,51,Shipped
9489,2020-04-13,320,51,Cancelled
9490,2022-04-10,694,31,Delivered
9491,2022-07-10,848,29,Delivered
9492,2020-04-18,433,49,Delivered
9493,2022-05-15,318,27,Delivered
9494,2021-04-23,33,18,Inprogress
9495,2021-09-11,550,46,Delivered
9496,2023-07-17,39,49,Shipped
9497,2022-03-15,69,48,Delivered
9498,2020-12-07,520,28,Delivered
9499,2020-04-07,647,27,Delivered
9500,2020-10-28,817,40,Inprogress
9501,2021-02-20,16,38,Shipped
9502,2023-12-06,234,45,Delivered
9503,2020-05-21,171,44,Delivered
9504,2023-05-22,663,31,Returned
9505,2022-09-25,796,51,Inprogress
9506,2022-07-31,647,4,Delivered
9507,2022-11-08,113,17,Delivered
9508,2021-03-07,395,53,Delivered
9509,2021-05-01,647,11,Cancelled
9510,2021-02-02,481,22,Inprogress
9511,2021-10-12,352,25,Delivered
9512,2022-11-07,20,18,Delivered
9513,2022-03-03,339,35,Cancelled
9514,2022-01-17,496,3,Shipped
9515,2021-09-02,256,5,Delivered
9516,2020-04-15,644,43,Delivered
9517,2023-07-13,577,47,Shipped
9518,2023-02-03,128,1,Delivered
9519,2022-09-25,121,28,Delivered
9520,2023-05-14,884,23,Cancelled
9521,2022-09-03,481,37,Delivered
9522,2023-05-08,347,8,Inprogress
9523,2021-09-29,868,7,Delivered
9524,2020-01-26,845,33,Shipped
9525,2020-11-03,614,44,Inprogress
9526,2023-03-14,602,23,Inprogress
9527,2020-07-06,216,1,Cancelled
9528,2021-08-07,80,41,Inprogress
9529,2023-11-16,61,17,Inprogress
9530,2020-08-08,420,31,Inprogress
9531,2021-04-04,368,50,Delivered
9532,2022-05-20,163,52,Inprogress
9533,2021-12-15,89,10,Inprogress
9534,2023-01-02,794,29,Shipped
9535,2022-11-29,820,21,Delivered
9536,2023-10-25,524,6,Shipped
9537,2020-11-10,585,48,Delivered
9538,2021-09-06,101,43,Delivered
9539,2022-05-21,6,18,Delivered
9540,2022-07-12,329,5,Inprogress
9541,2020-07-10,38,13,Inprogress
9542,2021-06-10,747,21,Inprogress
9543,2021-05-01,247,32,Inprogress
9544,2021-10-28,479,23,Delivered
9545,2020-08-29,192,29,Delivered
9546,2021-10-04,318,9,Cancelled
9547,2022-08-16,382,32,Delivered
9548,2020-10-20,894,30,Inprogress
9549,2021-02-23,103,51,Delivered
9550,2021-01-22,216,34,Cancelled
9551,2023-09-10,556,50,Delivered
9552,2023-12-09,693,9,Shipped
9553,2023-04-15,96,24,Inprogress
9554,2022-06-20,866,16,Inprogress
9555,2022-09-25,219,32,Delivered
9556,2020-10-04,211,21,Delivered
9557,2022-12-09,643,17,Delivered
9558,2021-01-11,363,27,Delivered
9559,2022-06-02,253,52,Delivered
9560,2023-07-19,305,11,Delivered
9561,2022-10-21,136,32,Inprogress
9562,2020-04-13,227,41,Shipped
9563,2020-07-04,190,22,Inprogress
9564,2023-03-09,332,8,Shipped
9565,2023-06-26,147,6,Inprogress
9566,2023-12-04,524,39,Shipped
9567,2022-11-11,661,53,Cancelled
9568,2023-03-06,712,9,Delivered
9569,2023-02-03,862,7,Delivered
9570,2022-07-14,210,33,Delivered
9571,2020-08-06,476,48,Delivered
9572,2020-05-12,219,9,Delivered
9573,2022-03-30,423,42,Inprogress
9574,2020-04-08,34,41,Shipped
9575,2020-12-05,265,48,Inprogress
9576,2020-06-28,805,15,Shipped
9577,2021-11-02,826,37,Shipped
9578,2023-08-27,504,47,Delivered
9579,2021-08-10,449,31,Shipped
9580,2022-02-21,304,53,Delivered
9581,2023-09-22,535,37,Delivered
9582,2022-07-21,165,26,Shipped
9583,2023-10-02,246,42,Delivered
9584,2021-07-01,871,14,Delivered
9585,2021-08-19,87,43,Returned
9586,2022-06-23,278,9,Delivered
9587,2023-10-26,566,22,Delivered
9588,2023-12-07,645,46,Shipped
9589,2022-05-15,869,47,Delivered
9590,2023-06-14,267,12,Delivered
9591,2023-09-11,89,8,Cancelled
9592,2021-10-19,643,9,Inprogress
9593,2020-05-09,61,3,Inprogress
9594,2022-06-26,129,42,Shipped
9595,2023-09-07,806,2,Delivered
9596,2022-05-26,446,3,Inprogress
9597,2022-05-04,491,54,Shipped
9598,2022-01-16,671,31,Delivered
9599,2022-06-01,700,45,Inprogress
9600,2021-09-21,396,9,Delivered
9601,2023-08-21,300,17,Delivered
9602,2023-08-13,218,21,Delivered
9603,2023-10-11,288,15,Delivered
9604,2021-09-29,499,33,Returned
9605,2020-09-04,378,21,Delivered
9606,2023-08-13,812,34,Inprogress
9607,2021-01-25,139,47,Inprogress
9608,2020-06-03,267,35,Delivered
9609,2023-08-05,698,15,Delivered
9610,2023-08-14,885,18,Shipped
9611,2023-02-05,164,44,Shipped
9612,2021-10-06,502,22,Delivered
9613,2021-08-12,136,1,Cancelled
9614,2020-03-13,7,45,Shipped
9615,2023-07-21,731,11,Shipped
9616,2020-08-06,615,41,Delivered
9617,2021-09-01,76,21,Delivered
9618,2023-06-26,164,28,Shipped
9619,2020-08-29,588,33,Delivered
9620,2020-05-21,758,15,Delivered
9621,2023-02-20,278,18,Shipped
9622,2021-10-09,478,1,Delivered
9623,2020-07-16,500,13,Inprogress
9624,2021-06-29,771,53,Delivered
9625,2021-08-08,237,6,Delivered
9626,2021-03-23,331,25,Shipped
9627,2022-08-26,36,47,Delivered
9628,2023-02-03,157,36,Returned
9629,2022-02-16,447,38,Delivered
9630,2021-12-03,754,16,Cancelled
9631,2020-08-27,50,29,Inprogress
9632,2020-01-23,243,5,Delivered
9633,2023-07-02,654,29,Inprogress
9634,2020-09-26,854,1,Inprogress
9635,2021-01-09,252,39,Delivered
9636,2021-10-31,20,2,Delivered
9637,2022-07-02,371,11,Inprogress
9638,2020-09-07,734,3,Shipped
9639,2022-07-26,419,18,Delivered
9640,2022-07-09,144,35,Shipped
9641,2023-03-23,847,5,Delivered
9642,2021-11-14,772,47,Shipped
9643,2021-05-19,339,41,Inprogress
9644,2021-06-26,308,47,Cancelled
9645,2020-04-28,90,50,Delivered
9646,2022-10-05,532,9,Delivered
9647,2021-10-04,466,4,Delivered
9648,2020-09-25,91,22,Delivered
9649,2022-07-02,8,4,Delivered
9650,2021-05-10,304,18,Shipped
9651,2023-01-06,513,45,Delivered
9652,2022-07-15,19,10,Cancelled
9653,2020-08-14,93,17,Shipped
9654,2023-05-31,810,24,Shipped
9655,2023-09-23,209,36,Delivered
9656,2021-12-15,554,37,Shipped
9657,2020-04-12,312,23,Delivered
9658,2022-08-15,9,33,Shipped
9659,2020-04-17,6,30,Delivered
9660,2023-06-14,211,44,Inprogress
9661,2021-11-03,110,35,Cancelled
9662,2022-03-24,601,21,Delivered
9663,2023-09-07,233,35,Delivered
9664,2020-02-28,141,16,Shipped
9665,2020-08-02,450,17,Delivered
9666,2022-06-27,129,22,Delivered
9667,2022-08-24,538,26,Delivered
9668,2022-07-12,352,24,Delivered
9669,2020-03-06,797,18,Cancelled
9670,2020-06-10,44,17,Delivered
9671,2021-03-25,214,19,Delivered
9672,2020-12-05,815,33,Delivered
9673,2020-01-14,809,31,Delivered
9674,2020-02-04,508,43,Inprogress
9675,2020-03-12,848,28,Delivered
9676,2023-06-18,803,19,Delivered
9677,2023-03-16,107,23,Inprogress
9678,2023-05-30,492,2,Delivered
9679,2023-12-26,444,23,Cancelled
9680,2023-11-03,544,18,Delivered
9681,2021-11-03,296,24,Delivered
9682,2023-01-05,134,10,Delivered
9683,2020-07-16,302,43,Delivered
9684,2020-01-09,712,35,Shipped
9685,2020-09-16,697,18,Delivered
9686,2020-10-26,768,35,Inprogress
9687,2020-08-13,577,24,Delivered
9688,2023-04-23,715,13,Shipped
9689,2020-02-17,220,39,Cancelled
9690,2023-01-28,716,38,Inprogress
9691,2022-04-24,160,37,Delivered
9692,2022-06-04,791,8,Delivered
9693,2022-08-21,735,19,Delivered
9694,2023-07-16,468,30,Shipped
9695,2020-01-02,685,38,Shipped
9696,2020-03-06,254,41,Inprogress
9697,2021-02-14,411,22,Inprogress
9698,2021-05-09,764,3,Shipped
9699,2021-10-11,252,13,Delivered
9700,2023-09-20,709,47,Returned
9701,2021-07-17,584,44,Delivered
9702,2022-03-15,632,8,Inprogress
9703,2022-03-16,591,6,Delivered
9704,2022-01-24,132,25,Shipped
9705,2021-04-13,164,14,Delivered
9706,2023-10-31,47,47,Inprogress
9707,2021-12-16,90,17,Inprogress
9708,2020-01-14,501,48,Delivered
9709,2022-05-18,96,43,Delivered
9710,2023-07-30,665,18,Shipped
9711,2023-02-06,799,52,Shipped
9712,2020-05-12,471,45,Delivered
9713,2021-10-20,620,45,Shipped
9714,2022-08-12,477,21,Shipped
9715,2021-03-17,432,1,Inprogress
9716,2023-03-11,278,2,Delivered
9717,2022-05-17,150,3,Delivered
9718,2020-01-30,340,39,Inprogress
9719,2021-05-26,777,4,Delivered
9720,2022-09-05,545,40,Shipped
9721,2020-06-04,712,2,Delivered
9722,2022-05-25,368,2,Shipped
9723,2022-01-11,568,8,Delivered
9724,2023-08-14,175,9,Delivered
9725,2023-02-21,396,41,Delivered
9726,2021-08-23,581,14,Delivered
9727,2020-07-24,160,18,Inprogress
9728,2021-10-31,796,20,Delivered
9729,2020-06-14,489,53,Delivered
9730,2023-06-13,675,30,Shipped
9731,2020-07-28,143,23,Delivered
9732,2020-04-03,773,28,Delivered
9733,2023-05-27,413,48,Inprogress
9734,2022-04-10,680,42,Delivered
9735,2022-04-10,787,30,Delivered
9736,2021-07-26,428,14,Delivered
9737,2021-02-26,253,9,Delivered
9738,2023-05-20,865,39,Inprogress
9739,2022-09-02,884,50,Delivered
9740,2021-01-16,554,13,Inprogress
9741,2020-07-07,469,24,Shipped
9742,2023-04-11,168,27,Delivered
9743,2023-06-03,523,50,Returned
9744,2023-07-25,365,54,Delivered
9745,2022-06-06,357,51,Delivered
9746,2022-06-06,115,22,Delivered
9747,2022-05-08,881,17,Shipped
9748,2023-05-03,796,20,Cancelled
9749,2020-09-13,104,9,Delivered
9750,2023-07-17,583,48,Shipped
9751,2020-12-31,404,21,Delivered
9752,2022-11-21,541,19,Delivered
9753,2021-10-08,755,50,Shipped
9754,2021-07-17,277,27,Delivered
9755,2021-01-20,101,34,Delivered
9756,2022-03-12,562,2,Inprogress
9757,2023-01-05,670,23,Delivered
9758,2020-08-05,844,16,Delivered
9759,2022-12-20,491,26,Inprogress
9760,2022-05-09,491,12,Delivered
9761,2023-04-21,295,13,Cancelled
9762,2022-08-04,793,54,Shipped
9763,2022-01-21,879,53,Delivered
9764,2020-08-07,667,4,Returned
9765,2020-10-06,326,48,Delivered
9766,2021-07-02,333,46,Delivered
9767,2022-11-26,379,10,Delivered
9768,2021-03-16,588,26,Delivered
9769,2020-03-31,188,1,Delivered
9770,2021-02-02,77,21,Cancelled
9771,2021-09-29,880,19,Delivered
9772,2022-02-24,149,45,Delivered
9773,2022-01-01,45,11,Inprogress
9774,2021-07-25,210,13,Cancelled
9775,2022-10-12,2,27,Delivered
9776,2023-04-20,696,18,Shipped
9777,2021-11-08,299,7,Delivered
9778,2022-08-22,627,43,Delivered
9779,2021-11-14,124,29,Returned
9780,2021-10-15,592,33,Delivered
9781,2021-07-15,74,37,Delivered
9782,2020-02-21,257,23,Delivered
9783,2021-08-16,590,48,Delivered
9784,2021-12-02,652,45,Inprogress
9785,2022-06-18,763,6,Delivered
9786,2021-05-28,473,22,Inprogress
9787,2022-01-31,103,25,Delivered
9788,2023-11-18,357,38,Delivered
9789,2022-10-20,556,11,Cancelled
9790,2023-09-24,27,50,Shipped
9791,2021-10-10,216,9,Cancelled
9792,2022-03-28,873,4,Delivered
9793,2023-08-17,72,31,Delivered
9794,2021-05-25,670,48,Delivered
9795,2022-11-07,197,8,Inprogress
9796,2023-06-09,734,35,Shipped
9797,2023-07-08,449,46,Delivered
9798,2022-08-19,861,26,Delivered
9799,2023-01-21,182,36,Shipped
9800,2021-03-11,855,44,Delivered
9801,2023-09-15,277,23,Shipped
9802,2021-11-04,423,34,Returned
9803,2022-08-19,214,41,Cancelled
9804,2022-01-29,642,11,Inprogress
9805,2022-06-25,332,31,Delivered
9806,2021-12-12,635,54,Delivered
9807,2023-03-08,718,39,Inprogress
9808,2020-11-10,632,33,Shipped
9809,2020-09-22,432,13,Delivered
9810,2021-08-17,592,15,Delivered
9811,2021-10-26,874,44,Inprogress
9812,2022-06-04,558,8,Shipped
9813,2020-07-05,815,44,Shipped
9814,2022-08-31,105,23,Inprogress
9815,2021-08-06,428,27,Inprogress
9816,2021-08-22,303,4,Delivered
9817,2022-12-15,179,23,Inprogress
9818,2023-04-23,250,14,Shipped
9819,2023-04-27,33,41,Shipped
9820,2023-09-19,170,47,Delivered
9821,2020-06-01,332,11,Delivered
9822,2021-03-20,372,25,Shipped
9823,2020-02-19,450,50,Cancelled
9824,2023-01-27,296,45,Shipped
9825,2022-01-30,132,19,Delivered
9826,2023-10-17,427,51,Delivered
9827,2021-12-24,843,41,Delivered
9828,2020-01-28,385,11,Shipped
9829,2023-06-28,562,42,Delivered
9830,2021-03-31,654,16,Shipped
9831,2023-12-21,8,29,Delivered
9832,2023-12-13,39,33,Delivered
9833,2022-09-20,645,10,Shipped
9834,2021-10-10,110,48,Delivered
9835,2023-07-18,733,12,Inprogress
9836,2023-09-11,95,16,Delivered
9837,2022-12-31,483,37,Shipped
9838,2021-12-22,242,50,Delivered
9839,2021-07-13,737,37,Delivered
9840,2020-03-09,822,27,Delivered
9841,2021-03-13,17,11,Shipped
9842,2023-02-17,615,14,Delivered
9843,2022-01-20,336,22,Inprogress
9844,2022-02-08,364,26,Cancelled
9845,2020-10-20,211,1,Shipped
9846,2023-03-06,652,35,Delivered
9847,2023-07-24,123,24,Delivered
9848,2022-07-06,742,53,Inprogress
9849,2022-07-11,184,12,Inprogress
9850,2023-08-02,781,23,Shipped
9851,2021-09-23,37,38,Shipped
9852,2021-04-10,175,31,Delivered
9853,2023-06-21,736,26,Inprogress
9854,2022-02-23,862,8,Shipped
9855,2023-08-29,464,38,Inprogress
9856,2022-03-06,186,3,Delivered
9857,2020-08-22,556,38,Shipped
9858,2023-03-03,184,2,Delivered
9859,2022-08-01,704,6,Shipped
9860,2022-05-28,721,19,Inprogress
9861,2021-10-06,43,21,Delivered
9862,2021-07-07,635,38,Delivered
9863,2020-11-24,305,17,Delivered
9864,2020-02-14,898,54,Delivered
9865,2023-02-03,487,13,Delivered
9866,2021-02-18,336,41,Shipped
9867,2023-05-16,402,30,Shipped
9868,2022-11-05,668,50,Inprogress
9869,2022-04-19,718,52,Delivered
9870,2021-09-08,125,6,Delivered
9871,2021-01-22,147,32,Delivered
9872,2021-04-02,847,28,Shipped
9873,2022-10-20,283,14,Delivered
9874,2023-12-18,760,4,Delivered
9875,2023-02-16,717,37,Returned
9876,2023-07-15,539,38,Delivered
9877,2022-04-29,832,5,Shipped
9878,2023-09-23,657,8,Cancelled
9879,2022-06-13,106,17,Delivered
9880,2021-04-04,49,4,Delivered
9881,2023-07-12,115,36,Delivered
9882,2023-08-22,473,23,Shipped
9883,2023-11-20,299,29,Shipped
9884,2020-11-06,183,52,Inprogress
9885,2022-12-31,248,10,Delivered
9886,2022-08-21,248,30,Delivered
9887,2020-03-11,659,28,Delivered
9888,2020-05-24,271,4,Shipped
9889,2020-06-22,445,47,Cancelled
9890,2023-03-20,204,14,Shipped
9891,2021-02-18,856,12,Cancelled
9892,2021-09-30,144,23,Delivered
9893,2021-10-08,39,26,Delivered
9894,2021-04-19,304,4,Delivered
9895,2021-04-01,289,53,Shipped
9896,2021-11-11,413,10,Shipped
9897,2023-12-31,362,51,Shipped
9898,2021-02-18,868,47,Shipped
9899,2023-03-17,163,37,Shipped
9900,2022-11-03,167,49,Delivered
9901,2020-03-19,226,35,Delivered
9902,2020-03-24,404,42,Delivered
9903,2020-10-07,627,23,Delivered
9904,2023-11-21,336,11,Shipped
9905,2022-04-24,881,48,Cancelled
9906,2023-03-29,703,40,Delivered
9907,2021-12-07,682,51,Cancelled
9908,2021-06-07,886,26,Inprogress
9909,2023-03-12,67,24,Delivered
9910,2022-08-17,476,46,Delivered
9911,2021-07-19,410,23,Delivered
9912,2022-02-06,747,8,Delivered
9913,2020-10-18,372,51,Delivered
9914,2021-09-13,340,29,Cancelled
9915,2020-03-15,244,44,Shipped
9916,2021-10-23,124,39,Delivered
9917,2023-10-13,466,25,Inprogress
9918,2023-01-30,163,8,Delivered
9919,2022-06-01,869,36,Delivered
9920,2023-03-25,474,36,Shipped
9921,2020-02-01,377,46,Delivered
9922,2023-11-18,43,37,Delivered
9923,2021-03-09,564,12,Inprogress
9924,2021-11-01,11,23,Shipped
9925,2022-03-23,5,2,Delivered
9926,2020-05-10,190,28,Cancelled
9927,2023-12-04,369,8,Delivered
9928,2022-07-21,843,37,Shipped
9929,2022-03-09,627,24,Shipped
9930,2022-05-03,539,33,Delivered
9931,2023-08-02,330,53,Shipped
9932,2021-05-01,596,45,Inprogress
9933,2021-07-23,316,19,Delivered
9934,2020-05-07,782,9,Shipped
9935,2022-08-12,361,24,Inprogress
9936,2022-04-03,583,21,Cancelled
9937,2022-01-05,391,25,Delivered
9938,2021-09-23,619,9,Delivered
9939,2021-02-03,321,51,Shipped
9940,2022-11-22,246,14,Delivered
9941,2020-11-19,678,1,Shipped
9942,2021-04-11,707,53,Inprogress
9943,2020-04-13,377,43,Delivered
9944,2022-12-18,594,8,Delivered
9945,2023-08-11,257,34,Delivered
9946,2022-09-16,433,37,Delivered
9947,2021-01-06,765,33,Delivered
9948,2021-02-20,488,26,Delivered
9949,2021-03-01,685,37,Delivered
9950,2020-05-15,230,44,Delivered
9951,2020-01-06,675,6,Delivered
9952,2023-10-16,133,42,Delivered
9953,2022-02-27,30,31,Delivered
9954,2021-11-06,503,17,Delivered
9955,2022-02-14,252,34,Delivered
9956,2023-05-03,403,40,Delivered
9957,2020-09-15,859,30,Delivered
9958,2022-10-09,794,44,Delivered
9959,2023-07-30,30,3,Delivered
9960,2022-07-04,10,32,Inprogress
9961,2020-07-29,803,9,Delivered
9962,2023-11-14,648,17,Shipped
9963,2023-09-18,667,37,Returned
9964,2021-09-25,724,12,Cancelled
9965,2021-07-10,304,50,Delivered
9966,2022-07-31,752,2,Shipped
9967,2022-07-17,476,13,Cancelled
9968,2023-03-15,348,16,Inprogress
9969,2023-10-17,217,28,Inprogress
9970,2021-06-03,167,16,Delivered
9971,2021-06-11,349,26,Cancelled
9972,2022-07-12,227,8,Delivered
9973,2021-03-24,765,18,Shipped
9974,2022-04-08,683,46,Shipped
9975,2020-10-24,355,31,Delivered
9976,2023-12-18,453,38,Shipped
9977,2020-10-24,756,41,Delivered
9978,2023-05-11,531,29,Delivered
9979,2023-06-28,373,6,Shipped
9980,2023-10-04,771,28,Shipped
9981,2020-06-02,700,31,Returned
9982,2020-11-06,337,31,Delivered
9983,2022-07-09,784,52,Delivered
9984,2023-09-23,821,39,Delivered
9985,2023-12-19,877,12,Delivered
9986,2023-06-23,113,32,Returned
9987,2022-03-24,590,13,Delivered
9988,2023-04-13,21,18,Cancelled
9989,2020-08-09,827,47,Shipped
9990,2023-01-22,115,43,Delivered
9991,2022-08-22,28,2,Inprogress
9992,2023-12-28,814,48,Delivered
9993,2022-04-01,788,43,Delivered
9994,2023-06-26,192,42,Delivered
9995,2022-04-29,699,47,Delivered
9996,2020-11-23,401,3,Shipped
9997,2023-11-13,143,13,Delivered
9998,2021-11-14,602,30,Delivered
9999,2023-05-25,169,20,Inprogress
10000,2020-06-09,158,11,Delivered
10001,2021-01-08,399,37,Shipped
10002,2021-06-21,70,42,Delivered
10003,2021-12-26,685,8,Delivered
10004,2023-05-28,748,53,Delivered
10005,2020-07-21,62,49,Delivered
10006,2022-08-17,598,1,Delivered
10007,2021-10-02,57,12,Shipped
10008,2020-10-16,783,35,Delivered
10009,2021-10-28,119,38,Delivered
10010,2020-08-23,640,3,Shipped
10011,2021-04-06,779,28,Delivered
10012,2021-09-03,632,7,Delivered
10013,2023-02-21,224,27,Inprogress
10014,2022-10-02,856,5,Delivered
10015,2023-02-14,757,23,Shipped
10016,2020-04-20,255,39,Inprogress
10017,2020-01-10,60,51,Delivered
10018,2020-10-25,217,52,Delivered
10019,2020-12-01,297,20,Shipped
10020,2021-11-20,230,1,Delivered
10021,2022-09-19,701,29,Delivered
10022,2021-03-20,459,24,Delivered
10023,2021-03-05,604,20,Delivered
10024,2021-09-21,501,33,Shipped
10025,2021-05-18,866,30,Shipped
10026,2020-04-01,544,40,Shipped
10027,2021-12-15,228,40,Shipped
10028,2021-09-20,354,46,Delivered
10029,2023-03-23,754,53,Shipped
10030,2020-01-16,258,21,Shipped
10031,2023-05-31,113,43,Shipped
10032,2022-09-16,5,54,Cancelled
10033,2023-08-18,649,31,Shipped
10034,2023-10-23,619,18,Cancelled
10035,2023-02-02,727,35,Delivered
10036,2021-03-02,632,26,Delivered
10037,2020-03-19,229,5,Delivered
10038,2023-01-30,143,10,Shipped
10039,2020-03-04,353,50,Shipped
10040,2020-08-17,415,33,Inprogress
10041,2021-06-17,149,16,Inprogress
10042,2020-01-14,510,30,Shipped
10043,2020-04-13,801,3,Delivered
10044,2022-06-26,264,31,Delivered
10045,2023-10-02,471,18,Delivered
10046,2021-10-11,823,25,Delivered
10047,2023-12-23,708,6,Delivered
10048,2022-08-24,465,46,Inprogress
10049,2022-02-14,725,41,Inprogress
10050,2021-02-20,583,15,Cancelled
10051,2020-05-25,674,49,Shipped
10052,2022-10-21,322,9,Delivered
10053,2020-01-05,468,19,Delivered
10054,2021-09-22,88,38,Inprogress
10055,2023-12-16,600,4,Delivered
10056,2023-09-17,464,36,Delivered
10057,2021-10-21,393,50,Delivered
10058,2020-09-24,279,54,Delivered
10059,2022-06-02,283,17,Shipped
10060,2023-08-30,753,31,Cancelled
10061,2022-09-11,866,2,Inprogress
10062,2021-07-14,579,37,Shipped
10063,2022-07-21,724,32,Inprogress
10064,2021-02-10,203,31,Cancelled
10065,2022-06-04,15,3,Delivered
10066,2020-09-08,69,8,Delivered
10067,2020-04-01,618,34,Delivered
10068,2022-06-14,111,8,Inprogress
10069,2022-06-11,24,53,Delivered
10070,2021-02-06,44,2,Delivered
10071,2022-02-15,419,7,Inprogress
10072,2023-08-25,135,9,Delivered
10073,2021-03-25,438,43,Delivered
10074,2020-10-15,669,4,Inprogress
10075,2021-05-19,364,19,Delivered
10076,2023-11-02,151,12,Inprogress
10077,2020-08-27,250,10,Inprogress
10078,2020-09-03,613,10,Delivered
10079,2020-10-31,214,48,Delivered
10080,2023-12-08,230,48,Delivered
10081,2021-09-20,325,37,Delivered
10082,2022-12-16,275,23,Delivered
10083,2022-11-17,662,37,Shipped
10084,2021-02-17,232,30,Delivered
10085,2021-09-29,556,35,Shipped
10086,2022-03-08,148,21,Delivered
10087,2022-02-16,589,6,Returned
10088,2021-12-04,837,17,Delivered
10089,2023-01-02,628,32,Shipped
10090,2021-03-26,779,42,Delivered
10091,2021-12-12,204,10,Delivered
10092,2021-06-05,145,7,Delivered
10093,2023-11-12,421,14,Delivered
10094,2023-06-03,293,43,Shipped
10095,2020-03-29,601,29,Delivered
10096,2020-08-20,628,32,Delivered
10097,2023-03-02,76,20,Shipped
10098,2023-06-24,2,29,Shipped
10099,2023-05-07,245,31,Delivered
10100,2023-11-05,364,38,Shipped
10101,2021-02-12,71,12,Inprogress
10102,2020-12-11,198,8,Delivered
10103,2023-10-16,176,18,Cancelled
10104,2023-01-12,12,45,Delivered
10105,2021-10-27,261,52,Delivered
10106,2022-03-13,565,29,Delivered
10107,2022-06-06,750,38,Delivered
10108,2023-05-02,617,27,Shipped
10109,2022-03-11,95,35,Delivered
10110,2021-05-27,287,54,Shipped
10111,2022-04-14,493,13,Returned
10112,2022-10-06,448,51,Shipped
10113,2021-06-14,281,34,Delivered
10114,2023-09-02,595,21,Inprogress
10115,2023-03-07,665,51,Delivered
10116,2022-11-29,227,43,Shipped
10117,2021-10-06,57,5,Shipped
10118,2023-04-03,373,12,Delivered
10119,2023-07-27,178,23,Delivered
10120,2022-06-29,329,8,Shipped
10121,2021-12-19,428,25,Delivered
10122,2020-03-19,202,8,Delivered
10123,2023-04-10,213,16,Inprogress
10124,2023-06-08,606,47,Shipped
10125,2022-07-13,448,48,Delivered
10126,2022-08-21,770,39,Cancelled
10127,2023-02-21,381,26,Inprogress
10128,2022-10-26,305,51,Cancelled
10129,2022-06-27,12,39,Delivered
10130,2021-06-01,890,36,Shipped
10131,2022-07-21,646,6,Delivered
10132,2023-06-24,535,39,Delivered
10133,2020-07-05,489,18,Delivered
10134,2023-01-02,608,3,Inprogress
10135,2020-07-19,440,28,Delivered
10136,2020-05-02,746,42,Cancelled
10137,2022-12-24,826,36,Inprogress
10138,2020-01-20,709,48,Delivered
10139,2021-11-22,654,22,Delivered
10140,2021-05-31,263,1,Delivered
10141,2021-06-01,817,48,Delivered
10142,2021-10-06,54,37,Returned
10143,2021-11-11,816,13,Inprogress
10144,2021-05-04,510,48,Delivered
10145,2023-12-31,154,49,Delivered
10146,2020-03-09,253,44,Delivered
10147,2022-01-28,240,47,Delivered
10148,2021-07-24,402,50,Delivered
10149,2022-10-27,251,22,Inprogress
10150,2023-03-24,9,22,Inprogress
10151,2021-03-16,241,25,Shipped
10152,2020-11-01,382,42,Delivered
10153,2022-01-21,34,34,Inprogress
10154,2020-08-13,251,31,Inprogress
10155,2020-09-23,471,11,Shipped
10156,2022-04-04,68,10,Inprogress
10157,2023-02-23,524,22,Delivered
10158,2020-03-18,236,9,Cancelled
10159,2021-12-08,505,18,Delivered
10160,2021-08-16,523,46,Delivered
10161,2021-02-19,860,8,Delivered
10162,2020-11-08,88,49,Inprogress
10163,2023-01-08,7,42,Delivered
10164,2020-03-18,61,30,Shipped
10165,2023-02-19,578,36,Delivered
10166,2022-09-05,144,11,Delivered
10167,2023-12-24,359,25,Inprogress
10168,2022-09-12,719,26,Shipped
10169,2021-08-31,234,54,Cancelled
10170,2022-12-07,40,23,Cancelled
10171,2020-08-31,109,24,Delivered
10172,2022-01-19,9,53,Shipped
10173,2022-07-24,43,33,Delivered
10174,2023-12-21,117,42,Cancelled
10175,2021-09-01,64,38,Delivered
10176,2021-10-04,454,12,Inprogress
10177,2021-01-09,517,17,Shipped
10178,2022-05-05,600,13,Shipped
10179,2021-07-29,2,11,Delivered
10180,2021-03-22,575,53,Delivered
10181,2022-07-21,801,35,Delivered
10182,2022-09-29,211,35,Delivered
10183,2020-12-09,142,28,Shipped
10184,2021-06-28,138,37,Inprogress
10185,2022-09-04,623,45,Shipped
10186,2023-05-02,405,46,Shipped
10187,2021-06-17,833,10,Delivered
10188,2023-12-04,420,13,Inprogress
10189,2021-10-15,171,45,Delivered
10190,2020-11-18,302,10,Cancelled
10191,2023-02-27,850,36,Shipped
10192,2022-01-22,428,53,Inprogress
10193,2023-12-05,92,14,Delivered
10194,2022-12-13,485,15,Delivered
10195,2021-03-12,850,50,Delivered
10196,2023-11-15,883,25,Shipped
10197,2022-06-19,617,22,Cancelled
10198,2021-02-05,622,40,Shipped
10199,2020-06-14,595,49,Delivered
10200,2021-11-30,765,51,Inprogress
10201,2022-04-21,806,18,Delivered
10202,2022-08-16,871,22,Shipped
10203,2020-12-13,345,15,Inprogress
10204,2020-02-26,647,44,Delivered
10205,2023-02-27,864,41,Inprogress
10206,2020-01-17,687,41,Cancelled
10207,2020-03-04,122,24,Delivered
10208,2022-07-05,838,25,Delivered
10209,2020-12-12,215,44,Returned
10210,2020-09-06,278,40,Delivered
10211,2023-11-09,816,53,Shipped
10212,2022-04-06,355,39,Inprogress
10213,2021-10-08,308,34,Delivered
10214,2023-01-14,819,44,Delivered
10215,2022-01-05,401,26,Shipped
10216,2020-12-31,560,32,Delivered
10217,2023-06-04,301,2,Delivered
10218,2020-12-06,315,47,Delivered
10219,2022-12-13,511,27,Cancelled
10220,2023-01-06,740,43,Delivered
10221,2022-10-06,134,35,Delivered
10222,2021-04-06,553,5,Delivered
10223,2022-12-21,549,43,Delivered
10224,2023-12-07,773,42,Delivered
10225,2023-08-17,763,31,Shipped
10226,2023-05-30,567,43,Inprogress
10227,2022-05-26,173,22,Inprogress
10228,2021-12-26,295,8,Delivered
10229,2023-07-22,596,40,Delivered
10230,2023-04-07,612,1,Shipped
10231,2022-08-14,646,20,Cancelled
10232,2023-05-08,495,21,Delivered
10233,2022-10-13,768,18,Delivered
10234,2022-04-03,548,40,Inprogress
10235,2023-10-06,498,48,Shipped
10236,2022-09-03,98,53,Returned
10237,2023-11-09,602,18,Shipped
10238,2022-03-13,705,41,Inprogress
10239,2021-05-07,132,12,Delivered
10240,2021-06-09,417,32,Delivered
10241,2022-04-07,98,28,Delivered
10242,2020-06-16,714,15,Delivered
10243,2020-05-07,755,3,Delivered
10244,2020-01-02,153,7,Shipped
10245,2023-08-21,599,4,Cancelled
10246,2020-11-11,142,28,Inprogress
10247,2023-01-07,688,37,Shipped
10248,2021-07-24,178,51,Delivered
10249,2021-06-06,771,7,Delivered
10250,2022-07-15,812,19,Returned
10251,2022-12-06,568,19,Delivered
10252,2021-02-03,882,25,Delivered
10253,2020-06-13,820,37,Delivered
10254,2023-10-12,520,26,Shipped
10255,2020-01-14,820,49,Delivered
10256,2020-03-06,796,51,Cancelled
10257,2021-01-31,355,3,Delivered
10258,2021-02-08,113,30,Shipped
10259,2020-11-26,552,46,Inprogress
10260,2023-02-21,623,2,Delivered
10261,2020-01-07,614,25,Delivered
10262,2023-02-06,538,41,Cancelled
10263,2020-10-26,420,51,Delivered
10264,2022-11-21,681,20,Delivered
10265,2023-12-09,46,52,Shipped
10266,2020-07-17,612,36,Inprogress
10267,2020-06-15,312,33,Delivered
10268,2021-11-08,763,31,Returned
10269,2022-07-17,295,51,Shipped
10270,2020-03-05,107,1,Delivered
10271,2021-02-23,565,11,Inprogress
10272,2021-03-04,571,17,Delivered
10273,2021-08-11,210,4,Delivered
10274,2020-05-06,305,37,Shipped
10275,2022-05-02,632,10,Cancelled
10276,2020-12-05,625,51,Delivered
10277,2020-12-14,153,4,Shipped
10278,2022-09-17,237,49,Delivered
10279,2021-10-10,50,12,Inprogress
10280,2021-01-21,627,51,Delivered
10281,2020-07-01,55,51,Shipped
10282,2023-09-22,329,22,Delivered
10283,2022-04-22,690,51,Shipped
10284,2023-09-14,553,54,Delivered
10285,2022-11-14,202,30,Delivered
10286,2021-11-28,127,43,Shipped
10287,2023-09-08,836,17,Delivered
10288,2023-09-18,633,40,Delivered
10289,2021-01-02,70,17,Inprogress
10290,2020-04-11,489,54,Delivered
10291,2021-11-15,126,5,Delivered
10292,2021-03-04,370,11,Delivered
10293,2022-02-18,160,33,Inprogress
10294,2023-11-04,340,12,Shipped
10295,2023-01-25,192,39,Shipped
10296,2020-08-05,354,34,Delivered
10297,2023-02-23,193,49,Delivered
10298,2020-02-26,857,42,Shipped
10299,2021-06-29,497,20,Delivered
10300,2022-01-13,8,11,Delivered
10301,2021-03-25,797,37,Delivered
10302,2020-10-24,142,19,Inprogress
10303,2023-04-01,495,30,Delivered
10304,2022-05-10,408,17,Shipped
10305,2021-05-21,774,6,Shipped
10306,2020-02-17,886,2,Delivered
10307,2021-01-06,169,13,Delivered
10308,2020-01-31,112,42,Delivered
10309,2022-04-06,265,35,Shipped
10310,2020-08-29,884,52,Delivered
10311,2023-06-14,674,42,Cancelled
10312,2023-01-26,51,37,Shipped
10313,2021-01-26,61,26,Inprogress
10314,2021-06-18,892,14,Delivered
10315,2020-09-02,550,35,Inprogress
10316,2022-12-21,119,49,Delivered
10317,2020-02-12,75,35,Delivered
10318,2020-02-09,94,1,Inprogress
10319,2020-05-09,67,5,Delivered
10320,2023-03-15,519,51,Shipped
10321,2021-02-24,297,52,Inprogress
10322,2020-02-24,97,5,Cancelled
10323,2022-11-14,462,44,Delivered
10324,2020-11-22,73,7,Shipped
10325,2020-04-28,455,22,Cancelled
10326,2022-04-02,498,25,Cancelled
10327,2022-02-04,449,31,Shipped
10328,2022-01-20,366,14,Delivered
10329,2023-03-14,884,40,Shipped
10330,2021-01-13,869,8,Delivered
10331,2021-07-31,845,51,Shipped
10332,2023-11-01,494,33,Shipped
10333,2022-01-13,359,53,Shipped
10334,2022-06-13,592,11,Delivered
10335,2021-07-30,355,20,Shipped
10336,2020-08-23,568,31,Shipped
10337,2021-10-06,864,43,Delivered
10338,2021-04-18,132,37,Delivered
10339,2021-12-27,472,6,Delivered
10340,2022-09-27,611,34,Returned
10341,2023-04-22,352,10,Cancelled
10342,2023-05-17,855,31,Delivered
10343,2022-12-27,607,16,Inprogress
10344,2023-02-08,874,40,Inprogress
10345,2022-06-01,489,39,Delivered
10346,2022-06-07,371,11,Delivered
10347,2021-09-16,868,8,Inprogress
10348,2022-11-09,763,4,Shipped
10349,2022-05-02,892,22,Delivered
10350,2022-02-01,305,39,Inprogress
10351,2023-11-19,797,2,Delivered
10352,2023-09-19,699,44,Shipped
10353,2021-06-26,775,51,Shipped
10354,2021-10-31,489,12,Delivered
10355,2021-01-23,660,37,Delivered
10356,2021-06-28,469,16,Delivered
10357,2020-11-08,214,30,Delivered
10358,2021-07-18,104,41,Cancelled
10359,2020-09-22,295,2,Shipped
10360,2020-01-04,221,27,Delivered
10361,2023-03-11,566,43,Delivered
10362,2020-10-12,62,41,Shipped
10363,2022-02-28,487,11,Delivered
10364,2023-06-14,609,21,Inprogress
10365,2022-04-07,26,41,Delivered
10366,2020-03-17,402,49,Delivered
10367,2021-07-05,620,7,Delivered
10368,2022-04-02,572,33,Delivered
10369,2022-01-16,870,30,Delivered
10370,2021-07-01,581,24,Inprogress
10371,2023-05-21,236,6,Delivered
10372,2020-06-14,740,52,Delivered
10373,2023-10-11,359,31,Inprogress
10374,2021-09-11,809,40,Delivered
10375,2022-11-05,879,6,Delivered
10376,2022-01-15,562,44,Delivered
10377,2022-07-13,445,10,Delivered
10378,2020-01-19,294,5,Delivered
10379,2023-06-07,392,49,Delivered
10380,2023-06-15,504,20,Shipped
10381,2022-05-08,485,12,Shipped
10382,2021-05-06,74,31,Delivered
10383,2023-09-05,93,7,Delivered
10384,2022-03-27,785,3,Shipped
10385,2020-04-10,250,28,Delivered
10386,2023-09-21,59,53,Delivered
10387,2022-09-18,359,8,Delivered
10388,2023-06-15,740,16,Inprogress
10389,2023-06-15,265,31,Inprogress
10390,2022-10-16,711,15,Delivered
10391,2021-10-01,590,20,Delivered
10392,2020-06-26,711,5,Delivered
10393,2022-02-20,274,28,Inprogress
10394,2023-10-20,213,45,Shipped
10395,2020-05-25,204,15,Inprogress
10396,2021-09-18,733,37,Cancelled
10397,2023-08-19,47,1,Shipped
10398,2023-05-21,729,20,Delivered
10399,2022-11-10,777,13,Delivered
10400,2021-05-26,136,36,Delivered
10401,2023-06-01,406,44,Shipped
10402,2022-09-02,610,1,Delivered
10403,2020-10-31,872,16,Delivered
10404,2022-04-26,92,50,Inprogress
10405,2022-03-24,252,37,Delivered
10406,2023-01-09,861,2,Delivered
10407,2020-11-24,265,48,Delivered
10408,2022-06-27,211,45,Inprogress
10409,2023-10-31,107,6,Delivered
10410,2023-11-23,360,52,Delivered
10411,2022-12-22,416,17,Inprogress
10412,2020-08-10,58,39,Delivered
10413,2021-01-24,551,31,Delivered
10414,2023-04-14,524,12,Delivered
10415,2021-05-31,103,24,Shipped
10416,2020-09-03,259,7,Inprogress
10417,2023-06-29,712,49,Inprogress
10418,2022-03-13,340,8,Inprogress
10419,2022-03-27,17,51,Shipped
10420,2022-08-19,379,27,Cancelled
10421,2023-06-10,570,2,Shipped
10422,2021-10-24,580,27,Delivered
10423,2022-02-24,383,13,Shipped
10424,2023-06-03,771,37,Delivered
10425,2021-06-02,719,47,Delivered
10426,2020-01-07,157,54,Shipped
10427,2020-05-05,457,51,Cancelled
10428,2020-04-04,384,26,Delivered
10429,2020-04-24,371,34,Delivered
10430,2022-03-19,412,15,Delivered
10431,2020-03-09,206,52,Shipped
10432,2022-08-22,614,49,Cancelled
10433,2023-08-30,824,53,Delivered
10434,2023-01-26,684,11,Delivered
10435,2020-04-13,796,21,Returned
10436,2021-01-09,123,37,Cancelled
10437,2021-09-13,336,3,Delivered
10438,2020-01-02,619,50,Delivered
10439,2022-02-21,776,13,Delivered
10440,2022-07-29,573,13,Inprogress
10441,2021-02-21,165,6,Shipped
10442,2020-02-01,547,36,Shipped
10443,2023-12-13,300,12,Delivered
10444,2021-02-24,369,25,Shipped
10445,2020-11-21,426,27,Shipped
10446,2022-02-13,507,49,Delivered
10447,2022-02-20,699,49,Shipped
10448,2020-08-06,631,50,Shipped
10449,2021-09-12,856,23,Returned
10450,2022-12-16,338,51,Cancelled
10451,2022-08-25,390,19,Shipped
10452,2022-09-20,173,36,Delivered
10453,2020-01-23,431,36,Cancelled
10454,2020-12-02,603,36,Cancelled
10455,2023-04-13,674,18,Inprogress
10456,2022-12-24,690,25,Delivered
10457,2022-07-31,519,32,Inprogress
10458,2022-10-06,33,34,Delivered
10459,2020-01-18,179,11,Delivered
10460,2020-10-08,782,10,Delivered
10461,2021-12-03,379,11,Delivered
10462,2023-09-30,99,52,Shipped
10463,2023-11-06,782,34,Inprogress
10464,2021-11-21,806,20,Delivered
10465,2020-03-09,573,47,Shipped
10466,2020-10-03,108,46,Inprogress
10467,2021-07-13,836,10,Delivered
10468,2022-08-13,97,41,Delivered
10469,2023-07-04,15,23,Delivered
10470,2023-07-26,778,17,Delivered
10471,2021-02-21,156,11,Delivered
10472,2021-12-17,797,3,Delivered
10473,2023-05-03,427,3,Returned
10474,2021-07-09,328,17,Shipped
10475,2021-09-19,219,29,Delivered
10476,2020-05-07,782,32,Delivered
10477,2021-01-02,252,47,Shipped
10478,2020-08-05,108,10,Shipped
10479,2021-04-10,808,35,Inprogress
10480,2020-11-01,255,1,Inprogress
10481,2022-12-29,309,40,Cancelled
10482,2023-04-12,494,16,Shipped
10483,2022-10-21,719,23,Delivered
10484,2021-09-17,161,30,Shipped
10485,2023-09-10,177,44,Cancelled
10486,2021-09-27,31,19,Delivered
10487,2021-02-04,651,37,Delivered
10488,2020-12-29,425,52,Cancelled
10489,2022-08-28,180,52,Delivered
10490,2020-02-24,154,16,Delivered
10491,2022-08-30,740,33,Inprogress
10492,2021-11-20,461,22,Inprogress
10493,2020-07-07,745,32,Inprogress
10494,2021-07-24,756,16,Delivered
10495,2022-05-12,666,23,Shipped
10496,2021-01-07,218,50,Shipped
10497,2023-09-28,304,19,Delivered
10498,2023-06-23,113,19,Delivered
10499,2023-05-25,422,23,Delivered
10500,2023-05-17,5,16,Inprogress
10501,2023-12-12,146,7,Cancelled
10502,2020-01-18,796,17,Delivered
10503,2021-09-09,127,48,Delivered
10504,2021-05-02,111,2,Returned
10505,2023-09-22,418,1,Delivered
10506,2023-10-04,493,29,Delivered
10507,2021-07-10,616,16,Inprogress
10508,2021-12-09,217,48,Delivered
10509,2022-06-19,805,42,Delivered
10510,2022-09-01,270,30,Inprogress
10511,2022-09-03,70,9,Shipped
10512,2020-12-08,76,44,Delivered
10513,2021-09-06,235,41,Shipped
10514,2021-09-24,606,29,Delivered
10515,2022-02-10,741,44,Delivered
10516,2023-04-02,237,47,Delivered
10517,2023-10-28,82,30,Delivered
10518,2022-12-08,716,13,Delivered
10519,2020-05-27,324,39,Shipped
10520,2023-08-23,595,24,Cancelled
10521,2021-10-16,777,21,Inprogress
10522,2022-04-04,820,5,Delivered
10523,2022-08-06,659,49,Shipped
10524,2023-10-12,268,33,Delivered
10525,2023-04-18,730,52,Inprogress
10526,2022-11-19,308,37,Delivered
10527,2023-08-18,162,42,Delivered
10528,2020-12-28,246,41,Delivered
10529,2023-10-13,157,22,Delivered
10530,2022-05-14,531,25,Shipped
10531,2023-11-18,331,10,Cancelled
10532,2023-12-30,57,8,Inprogress
10533,2020-12-05,506,17,Delivered
10534,2023-09-11,677,52,Shipped
10535,2022-02-17,87,20,Delivered
10536,2023-08-26,563,17,Delivered
10537,2022-01-17,375,46,Shipped
10538,2021-11-15,494,22,Shipped
10539,2023-10-07,403,19,Delivered
10540,2020-08-06,322,31,Shipped
10541,2022-10-25,833,18,Delivered
10542,2023-03-06,296,27,Shipped
10543,2020-09-28,592,51,Delivered
10544,2023-11-21,71,19,Delivered
10545,2021-09-21,865,35,Delivered
10546,2020-11-15,756,10,Cancelled
10547,2022-12-21,388,42,Delivered
10548,2023-08-02,211,12,Shipped
10549,2022-10-05,361,29,Inprogress
10550,2021-05-10,335,39,Inprogress
10551,2022-08-24,764,46,Shipped
10552,2022-05-24,795,50,Delivered
10553,2023-05-31,118,50,Cancelled
10554,2023-11-22,888,44,Shipped
10555,2023-07-19,17,35,Shipped
10556,2022-03-22,30,47,Delivered
10557,2022-11-09,98,30,Delivered
10558,2023-11-27,269,1,Delivered
10559,2022-07-01,808,17,Delivered
10560,2021-03-16,38,42,Delivered
10561,2023-05-18,736,45,Delivered
10562,2022-09-27,866,28,Inprogress
10563,2020-08-11,3,12,Returned
10564,2022-08-09,566,50,Shipped
10565,2022-07-29,822,36,Delivered
10566,2022-04-17,567,25,Delivered
10567,2020-04-14,70,9,Inprogress
10568,2020-08-15,879,26,Inprogress
10569,2022-04-17,777,3,Delivered
10570,2023-12-21,733,42,Shipped
10571,2021-03-22,585,35,Shipped
10572,2020-10-04,141,46,Delivered
10573,2020-01-12,466,8,Shipped
10574,2023-06-24,442,4,Inprogress
10575,2023-02-13,131,46,Delivered
10576,2021-08-23,118,8,Shipped
10577,2021-10-01,592,4,Cancelled
10578,2022-03-05,559,38,Delivered
10579,2021-09-06,760,11,Shipped
10580,2021-08-12,660,22,Inprogress
10581,2021-04-19,530,14,Inprogress
10582,2020-01-28,396,17,Shipped
10583,2022-04-13,568,41,Delivered
10584,2020-02-18,815,34,Delivered
10585,2022-05-31,372,36,Cancelled
10586,2021-07-02,21,25,Delivered
10587,2020-12-08,488,43,Delivered
10588,2022-03-13,827,20,Delivered
10589,2023-06-26,475,45,Delivered
10590,2022-01-21,462,40,Delivered
10591,2021-04-25,435,9,Returned
10592,2020-03-17,632,28,Delivered
10593,2020-10-08,542,52,Delivered
10594,2020-12-01,735,43,Cancelled
10595,2021-05-02,675,22,Inprogress
10596,2021-01-07,427,11,Delivered
10597,2023-07-01,531,47,Delivered
10598,2022-10-15,279,24,Shipped
10599,2023-06-10,624,20,Cancelled
10600,2023-04-17,117,41,Shipped
10601,2022-07-12,2,28,Delivered
10602,2020-04-10,732,3,Shipped
10603,2023-08-27,526,46,Returned
10604,2020-11-02,386,33,Cancelled
10605,2020-08-29,806,43,Delivered
10606,2021-05-19,117,36,Delivered
10607,2023-10-04,565,14,Shipped
10608,2020-03-15,464,25,Delivered
10609,2020-09-15,153,5,Delivered
10610,2021-03-30,805,8,Delivered
10611,2021-09-29,148,27,Inprogress
10612,2022-07-09,559,54,Delivered
10613,2023-01-10,185,37,Delivered
10614,2021-01-27,460,33,Inprogress
10615,2023-03-13,578,10,Delivered
10616,2023-01-15,713,13,Shipped
10617,2023-10-21,367,15,Delivered
10618,2022-09-13,298,15,Cancelled
10619,2021-06-26,657,20,Delivered
10620,2021-06-16,496,49,Delivered
10621,2021-02-22,689,51,Shipped
10622,2021-09-29,423,49,Inprogress
10623,2023-07-20,655,48,Delivered
10624,2021-05-31,664,22,Delivered
10625,2021-10-20,629,18,Delivered
10626,2023-09-07,107,6,Shipped
10627,2020-12-18,160,14,Shipped
10628,2020-03-14,196,46,Delivered
10629,2023-04-12,792,29,Returned
10630,2020-08-05,870,54,Inprogress
10631,2022-05-30,198,17,Shipped
10632,2021-03-28,507,40,Cancelled
10633,2021-02-02,11,42,Delivered
10634,2022-10-05,468,9,Inprogress
10635,2022-07-26,465,35,Cancelled
10636,2021-07-13,881,32,Cancelled
10637,2020-08-17,146,11,Delivered
10638,2020-08-09,308,3,Cancelled
10639,2022-10-21,26,35,Shipped
10640,2020-09-02,207,17,Cancelled
10641,2021-12-17,719,1,Delivered
10642,2023-11-01,52,29,Shipped
10643,2023-11-11,352,31,Cancelled
10644,2020-08-07,45,37,Shipped
10645,2023-01-24,359,35,Delivered
10646,2020-06-17,40,7,Shipped
10647,2020-08-13,16,31,Delivered
10648,2020-10-27,4,39,Shipped
10649,2023-08-25,445,14,Delivered
10650,2020-03-14,386,35,Shipped
10651,2021-05-18,123,53,Shipped
10652,2022-03-25,749,38,Delivered
10653,2020-02-13,809,20,Returned
10654,2021-08-19,648,36,Shipped
10655,2022-03-29,179,11,Delivered
10656,2022-04-08,730,18,Inprogress
10657,2021-06-17,680,48,Shipped
10658,2023-09-24,737,12,Cancelled
10659,2022-05-15,855,53,Delivered
10660,2022-07-28,509,4,Delivered
10661,2021-08-07,417,48,Delivered
10662,2023-01-20,49,54,Delivered
10663,2022-12-14,86,30,Delivered
10664,2021-01-14,470,8,Shipped
10665,2023-10-30,67,41,Delivered
10666,2021-09-17,433,15,Inprogress
10667,2020-10-15,182,28,Shipped
10668,2021-02-15,558,17,Shipped
10669,2022-04-16,248,37,Delivered
10670,2020-10-20,522,24,Delivered
10671,2023-04-29,720,14,Delivered
10672,2022-12-08,270,21,Shipped
10673,2021-11-13,169,24,Shipped
10674,2023-02-01,743,50,Cancelled
10675,2021-02-15,610,34,Delivered
10676,2023-12-01,506,33,Delivered
10677,2022-03-19,173,8,Delivered
10678,2023-06-06,404,20,Shipped
10679,2023-12-27,16,53,Delivered
10680,2023-04-09,864,40,Delivered
10681,2023-12-13,559,44,Cancelled
10682,2021-04-16,439,52,Delivered
10683,2020-04-29,558,4,Cancelled
10684,2023-08-31,768,6,Shipped
10685,2023-07-30,484,8,Delivered
10686,2023-08-16,44,47,Inprogress
10687,2022-08-21,296,21,Delivered
10688,2021-02-01,368,33,Delivered
10689,2023-03-25,247,5,Inprogress
10690,2023-08-01,757,41,Cancelled
10691,2021-04-25,53,32,Delivered
10692,2022-08-07,94,42,Inprogress
10693,2021-08-16,193,41,Delivered
10694,2020-01-13,374,1,Delivered
10695,2021-04-25,442,50,Inprogress
10696,2023-02-13,833,31,Inprogress
10697,2022-07-15,339,29,Delivered
10698,2022-12-11,612,49,Inprogress
10699,2020-04-12,345,26,Shipped
10700,2022-02-02,462,30,Delivered
10701,2021-05-27,29,9,Delivered
10702,2023-04-19,186,23,Shipped
10703,2020-12-04,830,9,Delivered
10704,2022-04-04,469,23,Shipped
10705,2022-07-05,536,2,Delivered
10706,2020-08-06,330,6,Delivered
10707,2021-12-01,836,26,Delivered
10708,2020-10-03,256,26,Inprogress
10709,2023-08-13,748,31,Delivered
10710,2022-04-29,1,36,Delivered
10711,2023-10-13,453,54,Delivered
10712,2023-12-19,512,44,Delivered
10713,2023-08-16,92,40,Delivered
10714,2022-04-19,418,48,Inprogress
10715,2022-10-21,560,30,Inprogress
10716,2022-09-11,283,26,Delivered
10717,2020-05-28,74,52,Delivered
10718,2023-12-30,528,13,Delivered
10719,2022-01-20,208,30,Delivered
10720,2021-05-06,234,46,Delivered
10721,2023-08-31,596,15,Delivered
10722,2022-04-15,83,50,Delivered
10723,2020-06-05,129,6,Delivered
10724,2021-09-17,160,29,Delivered
10725,2022-08-22,163,25,Delivered
10726,2022-03-30,22,34,Cancelled
10727,2020-04-16,39,33,Delivered
10728,2021-02-05,49,54,Shipped
10729,2023-07-31,357,40,Delivered
10730,2022-06-20,67,52,Shipped
10731,2021-03-13,702,23,Shipped
10732,2022-03-16,211,1,Shipped
10733,2022-10-06,82,7,Shipped
10734,2023-06-05,574,43,Delivered
10735,2023-11-25,655,27,Delivered
10736,2022-04-18,429,37,Inprogress
10737,2020-03-03,757,5,Inprogress
10738,2022-07-12,194,6,Delivered
10739,2020-12-07,311,41,Shipped
10740,2021-01-28,795,36,Delivered
10741,2022-02-10,152,2,Delivered
10742,2023-09-06,149,32,Delivered
10743,2021-04-13,119,9,Delivered
10744,2021-07-01,233,6,Shipped
10745,2022-08-31,104,44,Inprogress
10746,2023-10-10,586,43,Shipped
10747,2022-05-10,729,32,Shipped
10748,2021-09-30,132,2,Cancelled
10749,2022-01-16,654,7,Delivered
10750,2021-12-09,529,14,Delivered
10751,2021-12-12,11,53,Inprogress
10752,2023-08-27,865,40,Delivered
10753,2020-05-28,205,43,Delivered
10754,2020-03-17,765,5,Inprogress
10755,2023-03-31,771,45,Delivered
10756,2022-10-12,557,46,Returned
10757,2021-10-26,538,33,Shipped
10758,2021-03-13,876,49,Delivered
10759,2021-10-12,893,15,Delivered
10760,2023-06-01,453,40,Delivered
10761,2021-01-17,828,18,Delivered
10762,2021-06-30,479,2,Delivered
10763,2022-05-12,192,49,Shipped
10764,2023-11-14,139,47,Inprogress
10765,2020-02-15,140,43,Inprogress
10766,2021-10-29,634,15,Delivered
10767,2020-03-25,211,33,Delivered
10768,2022-05-13,349,37,Delivered
10769,2020-01-18,330,18,Shipped
10770,2021-05-02,779,53,Returned
10771,2020-12-18,400,10,Shipped
10772,2022-05-10,447,21,Delivered
10773,2023-11-15,480,3,Inprogress
10774,2023-03-07,144,54,Delivered
10775,2022-08-08,822,44,Delivered
10776,2023-02-08,190,11,Delivered
10777,2020-01-02,870,48,Delivered
10778,2020-06-24,330,42,Delivered
10779,2022-06-28,666,40,Shipped
10780,2022-01-09,343,53,Delivered
10781,2023-12-12,336,25,Inprogress
10782,2023-04-27,828,51,Inprogress
10783,2021-10-01,211,34,Delivered
10784,2020-04-04,777,35,Delivered
10785,2021-03-29,863,11,Shipped
10786,2023-11-07,683,32,Cancelled
10787,2022-05-31,378,30,Delivered
10788,2020-04-17,37,27,Inprogress
10789,2021-07-22,778,5,Delivered
10790,2023-09-16,600,16,Delivered
10791,2022-04-29,825,5,Shipped
10792,2023-11-16,133,15,Shipped
10793,2020-02-02,300,3,Delivered
10794,2022-05-30,594,31,Delivered
10795,2020-06-27,794,44,Delivered
10796,2023-07-26,502,23,Delivered
10797,2023-08-07,295,37,Delivered
10798,2023-09-12,768,45,Delivered
10799,2023-04-28,65,39,Delivered
10800,2021-04-27,13,34,Delivered
10801,2023-05-20,212,21,Delivered
10802,2022-02-11,184,27,Shipped
10803,2023-11-12,616,34,Shipped
10804,2020-09-11,851,40,Delivered
10805,2020-03-25,92,20,Delivered
10806,2020-09-10,491,8,Delivered
10807,2022-05-12,764,20,Cancelled
10808,2022-12-09,35,22,Delivered
10809,2023-03-28,487,14,Delivered
10810,2022-05-23,98,39,Inprogress
10811,2022-06-24,829,34,Inprogress
10812,2023-08-14,654,13,Inprogress
10813,2022-10-02,168,12,Shipped
10814,2020-05-29,549,44,Delivered
10815,2021-02-25,837,51,Delivered
10816,2021-02-02,126,42,Delivered
10817,2023-05-03,24,5,Delivered
10818,2023-11-15,379,44,Delivered
10819,2023-11-13,25,40,Delivered
10820,2020-06-15,775,32,Shipped
10821,2020-12-19,658,25,Delivered
10822,2020-07-21,213,9,Delivered
10823,2021-06-16,325,29,Delivered
10824,2022-12-31,838,9,Delivered
10825,2023-05-31,547,6,Shipped
10826,2020-11-02,136,54,Delivered
10827,2022-05-05,836,20,Delivered
10828,2023-10-08,303,24,Shipped
10829,2022-05-12,491,1,Delivered
10830,2021-07-02,90,49,Delivered
10831,2023-10-04,559,11,Inprogress
10832,2023-10-13,99,30,Delivered
10833,2021-06-11,636,44,Delivered
10834,2023-07-16,745,31,Delivered
10835,2023-05-24,494,30,Delivered
10836,2020-06-25,541,30,Delivered
10837,2022-09-20,607,4,Shipped
10838,2020-02-28,90,47,Shipped
10839,2021-06-14,467,38,Delivered
10840,2020-05-27,366,17,Delivered
10841,2023-08-09,196,7,Delivered
10842,2021-05-27,506,4,Inprogress
10843,2022-11-17,581,48,Shipped
10844,2022-12-16,152,47,Cancelled
10845,2022-01-30,480,14,Delivered
10846,2023-08-20,512,29,Shipped
10847,2020-07-02,341,49,Cancelled
10848,2020-02-04,422,46,Delivered
10849,2020-07-06,816,40,Delivered
10850,2023-03-14,404,14,Shipped
10851,2022-09-01,496,29,Delivered
10852,2022-10-26,251,6,Inprogress
10853,2022-11-01,745,36,Cancelled
10854,2021-09-19,347,19,Delivered
10855,2022-02-25,306,42,Delivered
10856,2020-03-26,173,22,Inprogress
10857,2023-10-21,590,40,Shipped
10858,2021-11-08,601,26,Shipped
10859,2021-02-22,195,40,Shipped
10860,2022-04-06,525,18,Inprogress
10861,2021-05-25,646,24,Inprogress
10862,2022-11-28,188,44,Delivered
10863,2023-02-02,336,17,Delivered
10864,2021-05-18,2,49,Inprogress
10865,2021-05-15,180,32,Delivered
10866,2023-12-03,136,28,Shipped
10867,2022-09-21,847,39,Inprogress
10868,2020-03-03,11,6,Delivered
10869,2023-01-16,555,46,Inprogress
10870,2021-01-25,834,9,Delivered
10871,2023-09-29,685,9,Shipped
10872,2021-10-04,5,31,Delivered
10873,2020-02-11,321,11,Delivered
10874,2021-07-04,487,51,Cancelled
10875,2023-02-06,872,38,Delivered
10876,2022-11-04,876,20,Cancelled
10877,2020-02-02,141,31,Delivered
10878,2023-09-22,208,47,Delivered
10879,2021-06-03,162,26,Delivered
10880,2020-12-12,858,44,Shipped
10881,2021-01-09,480,4,Shipped
10882,2020-11-04,69,49,Shipped
10883,2020-05-16,91,54,Delivered
10884,2023-09-06,761,15,Inprogress
10885,2020-03-05,787,16,Delivered
10886,2023-05-09,480,51,Delivered
10887,2020-09-09,495,9,Inprogress
10888,2023-12-17,37,38,Delivered
10889,2023-04-26,815,39,Shipped
10890,2020-04-24,482,32,Delivered
10891,2022-03-09,28,54,Delivered
10892,2021-07-02,861,44,Delivered
10893,2020-05-28,701,22,Delivered
10894,2020-03-15,388,46,Shipped
10895,2020-05-22,321,38,Inprogress
10896,2022-08-02,444,29,Delivered
10897,2021-03-09,255,2,Delivered
10898,2020-06-10,865,39,Delivered
10899,2022-02-08,99,42,Delivered
10900,2020-08-13,297,16,Delivered
10901,2022-03-30,711,40,Returned
10902,2022-05-17,619,21,Inprogress
10903,2023-03-06,530,15,Shipped
10904,2022-04-03,169,9,Inprogress
10905,2023-09-09,719,5,Delivered
10906,2023-04-23,345,40,Inprogress
10907,2020-10-13,367,10,Delivered
10908,2023-02-17,827,42,Shipped
10909,2022-09-23,671,16,Cancelled
10910,2022-03-02,777,47,Delivered
10911,2023-05-16,777,50,Delivered
10912,2022-09-07,596,24,Returned
10913,2021-09-30,228,32,Inprogress
10914,2023-06-13,125,49,Shipped
10915,2020-05-17,368,9,Inprogress
10916,2021-07-12,82,26,Shipped
10917,2021-12-21,87,51,Delivered
10918,2021-08-12,624,54,Delivered
10919,2020-03-12,282,18,Delivered
10920,2020-04-15,483,32,Shipped
10921,2021-05-07,449,13,Shipped
10922,2023-01-19,410,51,Inprogress
10923,2020-07-21,730,18,Cancelled
10924,2022-02-16,216,31,Delivered
10925,2022-02-19,128,29,Delivered
10926,2021-12-25,171,33,Delivered
10927,2020-11-25,395,53,Delivered
10928,2020-09-10,198,52,Delivered
10929,2020-12-17,207,3,Cancelled
10930,2023-03-04,21,44,Delivered
10931,2020-08-27,203,11,Shipped
10932,2020-05-23,353,31,Shipped
10933,2023-04-04,341,23,Delivered
10934,2020-01-04,806,12,Delivered
10935,2023-10-11,305,10,Inprogress
10936,2021-09-19,60,17,Shipped
10937,2021-10-28,316,3,Shipped
10938,2023-12-31,337,31,Cancelled
10939,2021-03-04,877,3,Delivered
10940,2020-12-26,326,53,Returned
10941,2020-10-22,645,17,Delivered
10942,2022-12-31,465,20,Delivered
10943,2023-09-26,36,50,Delivered
10944,2022-09-06,163,47,Delivered
10945,2022-06-30,672,50,Inprogress
10946,2023-07-21,740,31,Delivered
10947,2023-07-16,101,2,Delivered
10948,2022-05-23,234,48,Inprogress
10949,2021-10-16,869,52,Shipped
10950,2022-05-05,869,23,Cancelled
10951,2023-12-01,532,30,Inprogress
10952,2022-08-19,261,2,Shipped
10953,2023-03-30,428,27,Delivered
10954,2023-01-17,21,24,Delivered
10955,2022-01-02,36,40,Inprogress
10956,2020-10-11,91,7,Delivered
10957,2022-11-28,25,26,Delivered
10958,2020-08-06,8,21,Inprogress
10959,2022-02-25,193,21,Shipped
10960,2022-03-09,288,53,Delivered
10961,2023-08-24,841,14,Delivered
10962,2022-01-01,830,13,Cancelled
10963,2021-09-01,526,47,Delivered
10964,2021-06-04,435,32,Shipped
10965,2023-05-19,324,52,Delivered
10966,2021-05-01,805,42,Inprogress
10967,2023-02-24,407,37,Delivered
10968,2022-09-22,816,13,Delivered
10969,2020-01-23,129,1,Inprogress
10970,2020-10-28,565,34,Delivered
10971,2020-06-01,212,49,Delivered
10972,2020-11-11,222,36,Delivered
10973,2022-07-26,344,29,Returned
10974,2023-09-19,899,48,Delivered
10975,2020-08-03,342,12,Inprogress
10976,2022-03-14,71,34,Shipped
10977,2020-12-11,703,5,Delivered
10978,2021-05-10,10,52,Inprogress
10979,2020-02-01,159,52,Delivered
10980,2022-05-15,36,41,Shipped
10981,2021-06-14,567,31,Delivered
10982,2023-04-23,430,48,Delivered
10983,2020-12-18,480,14,Inprogress
10984,2023-08-11,590,47,Shipped
10985,2021-05-23,453,20,Shipped
10986,2023-08-17,822,29,Delivered
10987,2023-05-26,879,1,Returned
10988,2020-09-27,432,48,Delivered
10989,2020-03-31,129,22,Shipped
10990,2021-11-30,684,7,Returned
10991,2021-05-09,550,48,Delivered
10992,2020-01-25,823,46,Delivered
10993,2020-11-22,244,47,Delivered
10994,2020-01-07,732,42,Shipped
10995,2021-04-05,788,52,Inprogress
10996,2021-07-07,119,45,Shipped
10997,2021-09-07,582,53,Delivered
10998,2023-06-27,253,20,Delivered
10999,2020-06-15,662,11,Delivered
11000,2022-10-24,523,30,Shipped
11001,2020-12-25,233,52,Shipped
11002,2023-07-31,849,13,Inprogress
11003,2021-02-24,179,29,Inprogress
11004,2022-08-28,410,35,Shipped
11005,2023-12-25,309,5,Delivered
11006,2020-05-31,535,33,Delivered
11007,2022-12-31,262,40,Delivered
11008,2021-08-27,857,50,Delivered
11009,2022-09-17,412,47,Returned
11010,2021-03-26,882,15,Shipped
11011,2021-12-21,278,42,Delivered
11012,2022-12-03,247,29,Delivered
11013,2023-03-01,217,41,Delivered
11014,2020-06-09,491,35,Shipped
11015,2023-05-20,88,2,Cancelled
11016,2022-10-09,531,14,Shipped
11017,2021-10-29,699,7,Cancelled
11018,2022-06-07,192,22,Delivered
11019,2021-09-08,870,10,Delivered
11020,2021-05-09,204,15,Delivered
11021,2022-06-11,407,3,Delivered
11022,2023-04-21,770,48,Delivered
11023,2021-10-16,241,16,Delivered
11024,2023-08-15,169,54,Delivered
11025,2022-09-17,176,44,Shipped
11026,2023-10-31,799,48,Inprogress
11027,2020-08-04,540,13,Delivered
11028,2020-02-16,68,44,Shipped
11029,2020-01-06,503,10,Delivered
11030,2022-03-07,890,35,Shipped
11031,2020-04-09,89,16,Delivered
11032,2023-08-09,840,13,Shipped
11033,2020-10-21,577,30,Delivered
11034,2023-03-08,53,41,Shipped
11035,2020-03-19,794,52,Shipped
11036,2022-10-02,750,9,Returned
11037,2022-08-02,223,46,Delivered
11038,2023-04-14,119,54,Delivered
11039,2023-02-11,180,38,Delivered
11040,2023-04-18,766,49,Shipped
11041,2022-09-07,120,52,Delivered
11042,2020-03-29,184,29,Inprogress
11043,2023-08-27,24,40,Delivered
11044,2021-12-05,555,44,Shipped
11045,2020-05-03,194,17,Shipped
11046,2021-12-01,825,28,Delivered
11047,2022-04-03,666,22,Delivered
11048,2022-07-28,17,44,Delivered
11049,2023-05-16,658,42,Cancelled
11050,2022-08-24,748,43,Inprogress
11051,2022-07-11,637,50,Delivered
11052,2020-04-23,468,12,Delivered
11053,2022-06-25,491,41,Shipped
11054,2020-02-11,302,36,Delivered
11055,2020-01-20,408,24,Cancelled
11056,2022-08-11,459,31,Delivered
11057,2023-03-05,274,10,Delivered
11058,2020-11-27,274,23,Inprogress
11059,2021-03-25,596,9,Delivered
11060,2021-11-01,710,10,Delivered
11061,2023-08-07,852,17,Inprogress
11062,2022-05-15,182,11,Shipped
11063,2022-11-15,291,38,Shipped
11064,2021-08-10,367,5,Shipped
11065,2023-06-24,799,41,Delivered
11066,2021-11-13,335,33,Shipped
11067,2021-08-01,468,43,Shipped
11068,2020-10-13,776,14,Delivered
11069,2020-07-09,96,37,Delivered
11070,2021-01-09,3,1,Delivered
11071,2023-10-04,516,22,Delivered
11072,2022-07-16,286,21,Delivered
11073,2022-04-09,850,52,Shipped
11074,2022-12-01,167,18,Inprogress
11075,2022-05-30,881,27,Delivered
11076,2021-06-20,858,41,Delivered
11077,2022-06-27,116,40,Delivered
11078,2023-05-01,472,39,Delivered
11079,2021-09-14,585,20,Shipped
11080,2023-06-14,127,25,Inprogress
11081,2022-02-03,283,25,Delivered
11082,2020-12-13,385,13,Shipped
11083,2022-06-16,253,46,Returned
11084,2020-12-26,228,25,Inprogress
11085,2022-04-22,555,41,Inprogress
11086,2022-04-03,886,48,Shipped
11087,2020-08-15,465,43,Inprogress
11088,2020-10-18,522,14,Inprogress
11089,2020-07-30,880,1,Shipped
11090,2021-03-23,6,45,Delivered
11091,2020-03-10,874,31,Shipped
11092,2023-03-24,75,34,Inprogress
11093,2020-09-01,159,42,Inprogress
11094,2020-03-26,738,10,Delivered
11095,2023-12-30,619,9,Inprogress
11096,2021-07-22,159,9,Shipped
11097,2022-06-20,129,39,Inprogress
11098,2021-09-30,441,34,Delivered
11099,2021-02-23,304,17,Delivered
11100,2020-09-27,293,14,Shipped
11101,2020-10-07,349,13,Shipped
11102,2023-09-04,852,52,Delivered
11103,2020-09-22,507,9,Delivered
11104,2020-05-11,53,4,Delivered
11105,2023-10-20,290,36,Returned
11106,2021-12-06,792,24,Shipped
11107,2023-11-14,241,16,Delivered
11108,2022-09-15,418,53,Inprogress
11109,2022-06-06,334,33,Cancelled
11110,2022-05-07,591,7,Delivered
11111,2021-01-24,707,41,Delivered
11112,2021-05-15,290,24,Shipped
11113,2022-07-14,879,28,Delivered
11114,2021-04-29,317,13,Cancelled
11115,2020-07-07,793,30,Shipped
11116,2020-09-08,850,35,Inprogress
11117,2021-07-15,731,25,Returned
11118,2023-08-01,250,40,Cancelled
11119,2021-07-11,177,27,Inprogress
11120,2022-03-01,101,46,Delivered
11121,2021-11-18,251,25,Delivered
11122,2021-10-03,681,27,Inprogress
11123,2022-04-10,200,26,Cancelled
11124,2020-08-07,229,40,Inprogress
11125,2022-05-04,26,38,Shipped
11126,2021-03-28,43,7,Inprogress
11127,2022-05-17,551,22,Delivered
11128,2021-09-21,892,17,Delivered
11129,2022-04-29,386,3,Delivered
11130,2020-10-11,272,11,Delivered
11131,2020-09-14,280,20,Shipped
11132,2020-07-18,548,2,Shipped
11133,2020-11-27,612,23,Delivered
11134,2021-07-03,95,37,Delivered
11135,2021-01-05,611,52,Delivered
11136,2020-02-13,58,6,Cancelled
11137,2022-02-09,214,41,Delivered
11138,2020-08-18,513,37,Inprogress
11139,2023-05-03,155,37,Shipped
11140,2021-02-04,83,50,Delivered
11141,2021-09-21,390,36,Delivered
11142,2020-04-24,561,19,Delivered
11143,2021-11-10,606,50,Delivered
11144,2022-10-22,849,44,Shipped
11145,2023-04-06,250,25,Inprogress
11146,2022-12-15,479,28,Inprogress
11147,2023-11-06,545,27,Delivered
11148,2020-05-09,680,8,Delivered
11149,2023-07-29,693,12,Delivered
11150,2021-05-14,39,46,Cancelled
11151,2022-04-23,451,28,Shipped
11152,2023-08-26,638,35,Delivered
11153,2021-05-11,259,32,Inprogress
11154,2022-05-30,889,12,Delivered
11155,2021-04-10,385,23,Delivered
11156,2022-05-06,565,53,Delivered
11157,2021-03-03,651,1,Inprogress
11158,2022-09-11,426,10,Delivered
11159,2023-10-13,594,28,Shipped
11160,2023-10-08,504,50,Inprogress
11161,2020-08-26,475,12,Delivered
11162,2020-09-06,779,18,Inprogress
11163,2021-05-28,474,5,Delivered
11164,2020-04-06,684,37,Delivered
11165,2022-04-19,847,19,Delivered
11166,2021-07-02,179,50,Inprogress
11167,2020-01-06,555,28,Shipped
11168,2023-05-03,550,53,Delivered
11169,2020-08-25,543,21,Delivered
11170,2021-01-27,398,21,Shipped
11171,2020-04-14,609,45,Shipped
11172,2021-06-21,669,23,Shipped
11173,2020-12-23,348,14,Inprogress
11174,2023-05-16,692,7,Cancelled
11175,2020-01-14,820,20,Inprogress
11176,2021-05-21,89,17,Delivered
11177,2022-12-02,88,5,Shipped
11178,2022-07-05,889,51,Delivered
11179,2021-12-12,316,15,Shipped
11180,2020-04-19,599,17,Delivered
11181,2022-12-10,631,51,Shipped
11182,2021-08-06,230,13,Shipped
11183,2021-10-29,686,50,Delivered
11184,2023-04-10,735,13,Shipped
11185,2022-03-18,306,4,Delivered
11186,2022-11-17,770,6,Delivered
11187,2023-10-24,59,54,Delivered
11188,2022-04-30,283,11,Delivered
11189,2022-10-27,567,16,Delivered
11190,2020-02-12,535,20,Shipped
11191,2023-09-03,661,51,Inprogress
11192,2021-11-06,447,13,Delivered
11193,2023-03-21,301,53,Delivered
11194,2022-05-07,639,48,Inprogress
11195,2020-07-08,894,5,Delivered
11196,2021-08-02,56,24,Cancelled
11197,2022-05-25,699,51,Delivered
11198,2020-08-24,872,25,Delivered
11199,2022-06-14,765,50,Delivered
11200,2021-11-07,721,15,Delivered
11201,2020-01-02,801,21,Cancelled
11202,2022-01-14,670,5,Delivered
11203,2021-02-06,420,23,Shipped
11204,2023-09-01,766,19,Delivered
11205,2020-03-17,826,50,Delivered
11206,2020-07-17,608,15,Inprogress
11207,2020-05-12,749,47,Cancelled
11208,2022-12-20,45,8,Delivered
11209,2023-09-16,855,3,Delivered
11210,2020-12-28,90,13,Delivered
11211,2023-08-21,74,25,Delivered
11212,2021-03-29,769,5,Inprogress
11213,2023-02-13,859,1,Delivered
11214,2021-12-22,75,40,Delivered
11215,2022-09-26,710,8,Cancelled
11216,2022-06-26,616,10,Delivered
11217,2023-01-07,555,46,Delivered
11218,2020-04-30,286,23,Inprogress
11219,2021-05-07,676,14,Delivered
11220,2020-05-18,863,37,Delivered
11221,2020-01-19,429,36,Shipped
11222,2021-10-16,631,28,Shipped
11223,2022-02-02,569,24,Delivered
11224,2020-04-26,234,43,Delivered
11225,2020-04-28,383,22,Delivered
11226,2021-04-16,109,31,Delivered
11227,2022-09-02,829,23,Delivered
11228,2020-03-09,203,35,Shipped
11229,2023-05-01,447,26,Delivered
11230,2020-01-23,627,18,Returned
11231,2023-02-25,163,12,Delivered
11232,2022-03-04,823,7,Delivered
11233,2020-08-17,774,33,Cancelled
11234,2023-12-12,582,13,Delivered
11235,2020-11-22,201,42,Inprogress
11236,2023-09-04,402,52,Shipped
11237,2020-05-10,427,14,Shipped
11238,2021-09-25,616,50,Delivered
11239,2023-08-06,224,35,Delivered
11240,2020-07-21,849,15,Shipped
11241,2023-08-04,445,26,Delivered
11242,2022-07-03,682,28,Cancelled
11243,2021-05-31,96,38,Delivered
11244,2021-10-18,794,7,Delivered
11245,2020-07-07,265,49,Inprogress
11246,2020-10-09,145,15,Returned
11247,2020-07-18,404,27,Delivered
11248,2022-02-13,827,14,Shipped
11249,2020-12-22,749,8,Delivered
11250,2021-10-18,471,52,Inprogress
11251,2021-05-27,733,26,Delivered
11252,2022-08-17,503,21,Shipped
11253,2021-04-26,326,18,Inprogress
11254,2021-11-10,574,14,Delivered
11255,2020-06-19,787,40,Delivered
11256,2022-08-13,23,40,Shipped
11257,2022-03-28,330,51,Delivered
11258,2023-02-21,744,6,Cancelled
11259,2021-05-03,402,47,Delivered
11260,2023-01-24,837,14,Delivered
11261,2022-05-29,694,41,Delivered
11262,2021-07-01,675,1,Cancelled
11263,2021-11-28,173,24,Delivered
11264,2022-11-20,262,54,Returned
11265,2022-01-06,83,18,Inprogress
11266,2020-12-20,681,24,Cancelled
11267,2020-02-11,308,5,Delivered
11268,2023-03-08,520,23,Delivered
11269,2021-01-17,312,19,Shipped
11270,2023-03-19,325,31,Returned
11271,2020-06-15,515,33,Inprogress
11272,2023-01-14,742,11,Shipped
11273,2023-02-26,101,24,Delivered
11274,2021-01-21,652,36,Inprogress
11275,2022-06-30,211,54,Shipped
11276,2022-10-15,777,34,Inprogress
11277,2021-08-02,751,49,Delivered
11278,2021-02-02,520,31,Shipped
11279,2022-10-30,831,17,Delivered
11280,2022-12-20,203,1,Delivered
11281,2021-03-25,264,13,Delivered
11282,2021-12-17,274,30,Delivered
11283,2020-02-18,86,51,Delivered
11284,2022-04-13,422,18,Delivered
11285,2023-01-31,761,54,Returned
11286,2023-04-19,269,41,Delivered
11287,2020-10-06,503,3,Delivered
11288,2020-11-21,638,11,Delivered
11289,2020-04-07,590,41,Inprogress
11290,2020-06-08,826,47,Delivered
11291,2023-04-20,33,26,Inprogress
11292,2022-02-11,285,29,Cancelled
11293,2020-12-17,134,51,Delivered
11294,2020-05-15,688,13,Inprogress
11295,2023-06-29,882,43,Inprogress
11296,2022-06-12,308,44,Delivered
11297,2021-10-11,774,5,Delivered
11298,2022-07-26,858,26,Shipped
11299,2022-08-10,119,11,Delivered
11300,2022-06-25,67,10,Shipped
11301,2020-07-15,825,41,Delivered
11302,2022-01-07,297,39,Delivered
11303,2023-11-21,195,10,Delivered
11304,2021-03-23,275,29,Delivered
11305,2023-07-22,762,43,Delivered
11306,2020-02-20,215,37,Shipped
11307,2020-05-28,65,27,Cancelled
11308,2023-08-16,891,6,Inprogress
11309,2021-03-16,786,26,Delivered
11310,2020-02-03,527,9,Delivered
11311,2022-09-18,706,14,Inprogress
11312,2023-01-30,823,29,Delivered
11313,2023-09-14,893,28,Delivered
11314,2020-08-13,99,24,Shipped
11315,2020-02-08,826,9,Delivered
11316,2023-03-02,199,47,Delivered
11317,2022-10-03,629,52,Delivered
11318,2020-10-12,243,50,Shipped
11319,2021-12-21,112,32,Delivered
11320,2022-01-07,122,21,Inprogress
11321,2020-06-28,716,21,Delivered
11322,2021-11-29,513,28,Shipped
11323,2022-06-16,249,19,Delivered
11324,2021-04-24,497,8,Delivered
11325,2022-08-15,35,2,Delivered
11326,2023-04-26,769,14,Cancelled
11327,2023-09-10,362,49,Delivered
11328,2022-04-26,198,52,Shipped
11329,2023-04-08,35,13,Shipped
11330,2022-05-01,610,20,Delivered
11331,2020-03-26,77,52,Cancelled
11332,2021-11-15,689,23,Inprogress
11333,2022-10-24,355,51,Inprogress
11334,2020-03-07,158,23,Inprogress
11335,2021-09-10,192,32,Delivered
11336,2023-10-16,436,9,Inprogress
11337,2022-12-29,568,33,Cancelled
11338,2021-02-13,518,1,Delivered
11339,2020-04-14,498,21,Delivered
11340,2023-02-01,668,45,Returned
11341,2023-04-22,80,6,Delivered
11342,2020-11-07,291,46,Inprogress
11343,2021-11-19,204,54,Delivered
11344,2022-03-08,51,40,Delivered
11345,2023-07-13,796,9,Shipped
11346,2022-03-01,806,31,Delivered
11347,2022-06-18,530,45,Delivered
11348,2020-12-02,240,17,Delivered
11349,2023-07-15,712,26,Cancelled
11350,2022-10-31,393,1,Delivered
11351,2021-08-17,447,48,Delivered
11352,2020-03-05,288,31,Cancelled
11353,2022-10-11,12,1,Delivered
11354,2023-11-04,204,7,Inprogress
11355,2021-06-20,138,38,Delivered
11356,2023-07-17,869,2,Delivered
11357,2020-05-25,33,21,Delivered
11358,2020-07-27,144,47,Delivered
11359,2020-04-13,858,28,Delivered
11360,2020-12-04,12,54,Inprogress
11361,2021-01-05,518,39,Shipped
11362,2020-08-13,864,32,Delivered
11363,2023-04-09,10,43,Delivered
11364,2022-05-31,184,10,Shipped
11365,2020-11-16,520,27,Cancelled
11366,2021-10-09,134,51,Shipped
11367,2020-04-29,897,4,Delivered
11368,2020-02-08,221,44,Delivered
11369,2021-10-06,41,14,Shipped
11370,2021-10-15,225,35,Shipped
11371,2020-08-14,291,49,Delivered
11372,2022-08-06,561,40,Delivered
11373,2023-08-16,159,26,Returned
11374,2023-11-01,807,29,Delivered
11375,2021-11-21,804,17,Delivered
11376,2023-10-25,378,35,Delivered
11377,2021-05-05,214,8,Delivered
11378,2021-02-04,892,23,Inprogress
11379,2023-10-20,855,24,Delivered
11380,2023-01-09,330,41,Shipped
11381,2022-09-15,47,44,Shipped
11382,2023-12-31,529,43,Inprogress
11383,2022-06-14,741,6,Delivered
11384,2023-08-25,788,46,Delivered
11385,2021-06-16,673,34,Delivered
11386,2021-10-11,799,5,Delivered
11387,2023-09-07,352,48,Delivered
11388,2022-10-09,719,35,Shipped
11389,2022-08-12,553,10,Shipped
11390,2021-08-29,644,20,Inprogress
11391,2020-08-25,161,9,Delivered
11392,2020-11-23,84,52,Delivered
11393,2020-01-13,6,29,Delivered
11394,2021-12-26,409,32,Delivered
11395,2022-03-19,136,47,Delivered
11396,2022-11-18,526,11,Shipped
11397,2021-07-30,569,31,Delivered
11398,2020-01-31,24,34,Delivered
11399,2021-08-19,537,28,Delivered
11400,2022-10-05,213,18,Delivered
11401,2023-12-12,384,26,Delivered
11402,2023-12-15,577,45,Delivered
11403,2022-06-05,677,33,Delivered
11404,2023-09-27,82,42,Inprogress
11405,2020-04-30,320,27,Inprogress
11406,2023-12-24,611,6,Cancelled
11407,2023-05-13,386,8,Delivered
11408,2020-03-14,655,23,Delivered
11409,2020-02-21,127,12,Shipped
11410,2022-08-15,36,44,Delivered
11411,2022-01-28,421,44,Delivered
11412,2021-05-17,428,5,Delivered
11413,2021-11-03,69,32,Delivered
11414,2020-06-05,202,20,Shipped
11415,2022-03-06,158,6,Cancelled
11416,2023-07-01,768,45,Inprogress
11417,2022-08-01,245,6,Shipped
11418,2021-09-22,876,43,Delivered
11419,2022-11-02,619,18,Cancelled
11420,2022-07-07,404,1,Inprogress
11421,2021-02-14,778,29,Shipped
11422,2022-08-26,445,52,Shipped
11423,2021-03-06,336,36,Delivered
11424,2022-04-17,58,23,Shipped
11425,2021-03-06,744,12,Shipped
11426,2020-01-16,305,27,Delivered
11427,2023-07-18,190,8,Delivered
11428,2023-01-17,365,20,Delivered
11429,2020-03-02,652,13,Inprogress
11430,2022-11-20,774,47,Cancelled
11431,2020-09-28,750,34,Delivered
11432,2021-01-04,815,42,Delivered
11433,2023-07-03,209,3,Shipped
11434,2020-03-14,869,31,Shipped
11435,2023-09-22,815,21,Shipped
11436,2023-10-31,680,42,Delivered
11437,2022-09-07,495,37,Delivered
11438,2023-03-18,391,23,Inprogress
11439,2020-09-05,372,27,Delivered
11440,2022-07-11,495,49,Inprogress
11441,2022-12-28,786,49,Delivered
11442,2020-04-03,347,47,Inprogress
11443,2020-08-06,107,19,Delivered
11444,2022-05-22,665,50,Inprogress
11445,2020-12-04,441,53,Inprogress
11446,2023-02-17,96,27,Delivered
11447,2021-08-14,374,47,Delivered
11448,2023-09-04,287,34,Shipped
11449,2020-11-24,626,28,Shipped
11450,2020-10-04,626,46,Delivered
11451,2023-07-16,759,7,Inprogress
11452,2022-04-15,416,52,Shipped
11453,2023-08-30,154,13,Shipped
11454,2021-11-01,579,34,Inprogress
11455,2022-11-17,304,11,Shipped
11456,2023-12-17,722,28,Delivered
11457,2020-12-01,382,8,Returned
11458,2021-06-13,360,15,Delivered
11459,2021-06-19,704,49,Delivered
11460,2020-06-07,304,25,Shipped
11461,2022-11-04,540,24,Shipped
11462,2022-03-05,71,41,Inprogress
11463,2021-02-01,380,41,Inprogress
11464,2023-10-10,873,54,Delivered
11465,2021-09-20,278,45,Delivered
11466,2022-04-19,846,52,Shipped
11467,2021-08-17,787,47,Delivered
11468,2022-01-14,226,15,Delivered
11469,2023-05-17,522,34,Shipped
11470,2020-07-05,875,15,Cancelled
11471,2023-07-25,432,11,Delivered
11472,2022-05-03,288,1,Returned
11473,2021-08-14,323,19,Shipped
11474,2022-03-02,494,50,Shipped
11475,2023-01-04,708,9,Delivered
11476,2022-07-01,429,35,Inprogress
11477,2023-03-14,53,34,Shipped
11478,2021-08-31,573,48,Delivered
11479,2023-05-10,148,30,Returned
11480,2020-12-07,40,42,Delivered
11481,2023-09-08,113,26,Shipped
11482,2023-10-29,89,12,Delivered
11483,2021-08-01,178,52,Delivered
11484,2020-05-13,752,53,Cancelled
11485,2022-06-21,329,14,Shipped
11486,2021-10-15,716,8,Delivered
11487,2022-05-21,762,10,Delivered
11488,2022-04-07,43,7,Delivered
11489,2022-12-01,597,3,Delivered
11490,2022-04-13,527,41,Delivered
11491,2022-04-16,476,33,Shipped
11492,2020-04-20,296,52,Delivered
11493,2023-09-26,26,23,Delivered
11494,2023-07-19,381,44,Delivered
11495,2023-12-11,866,45,Delivered
11496,2020-07-20,413,50,Delivered
11497,2022-02-09,784,44,Shipped
11498,2023-06-16,279,28,Cancelled
11499,2020-06-18,579,25,Returned
11500,2021-11-05,287,16,Delivered
11501,2020-02-28,826,16,Shipped
11502,2021-09-24,354,38,Delivered
11503,2020-11-12,111,32,Delivered
11504,2021-07-05,69,16,Delivered
11505,2020-01-21,884,8,Shipped
11506,2020-01-25,402,12,Returned
11507,2023-08-20,362,18,Delivered
11508,2023-06-17,361,33,Inprogress
11509,2021-01-16,105,5,Cancelled
11510,2021-09-23,192,1,Cancelled
11511,2020-07-30,38,50,Delivered
11512,2021-04-01,433,20,Delivered
11513,2021-03-25,347,18,Shipped
11514,2022-06-29,214,31,Cancelled
11515,2023-10-16,412,3,Delivered
11516,2020-12-06,899,9,Delivered
11517,2023-01-31,498,40,Delivered
11518,2020-07-03,764,8,Shipped
11519,2023-02-23,477,3,Delivered
11520,2022-11-15,867,42,Inprogress
11521,2021-04-29,135,10,Shipped
11522,2023-12-13,842,5,Delivered
11523,2023-04-30,369,15,Delivered
11524,2022-12-03,20,46,Shipped
11525,2021-02-28,432,48,Delivered
11526,2021-01-24,392,21,Delivered
11527,2020-10-17,418,42,Delivered
11528,2023-06-26,900,10,Delivered
11529,2021-01-28,800,3,Delivered
11530,2020-02-20,44,29,Delivered
11531,2021-07-20,171,33,Shipped
11532,2020-03-07,51,6,Delivered
11533,2021-10-18,631,50,Delivered
11534,2021-02-13,317,34,Inprogress
11535,2021-09-24,365,49,Inprogress
11536,2020-04-13,613,32,Cancelled
11537,2021-11-08,590,40,Delivered
11538,2022-01-03,599,19,Shipped
11539,2022-01-18,343,37,Delivered
11540,2021-06-28,77,29,Delivered
11541,2023-05-13,658,31,Delivered
11542,2021-10-18,772,29,Delivered
11543,2022-08-08,607,52,Delivered
11544,2022-11-27,432,38,Delivered
11545,2021-12-31,401,2,Shipped
11546,2020-10-19,273,44,Delivered
11547,2022-06-27,129,47,Delivered
11548,2021-12-15,506,32,Delivered
11549,2022-08-08,464,41,Shipped
11550,2022-03-03,850,41,Delivered
11551,2021-01-24,172,1,Delivered
11552,2021-11-04,626,19,Delivered
11553,2023-09-03,520,20,Delivered
11554,2021-03-10,678,29,Delivered
11555,2020-12-10,119,3,Inprogress
11556,2021-06-06,846,17,Delivered
11557,2021-07-23,708,12,Shipped
11558,2022-02-04,363,31,Shipped
11559,2023-05-05,867,24,Inprogress
11560,2021-05-18,761,17,Delivered
11561,2022-03-29,47,48,Cancelled
11562,2023-07-22,90,36,Inprogress
11563,2021-07-22,245,32,Returned
11564,2023-12-23,827,29,Delivered
11565,2022-08-01,542,14,Delivered
11566,2021-08-28,300,10,Inprogress
11567,2022-05-02,593,25,Delivered
11568,2022-05-18,822,35,Delivered
11569,2023-11-05,704,9,Delivered
11570,2021-02-21,247,6,Inprogress
11571,2021-11-15,504,2,Shipped
11572,2020-04-05,33,1,Cancelled
11573,2022-04-11,67,45,Returned
11574,2020-02-09,272,7,Inprogress
11575,2022-11-03,580,35,Shipped
11576,2023-03-23,704,32,Delivered
11577,2020-10-19,253,41,Inprogress
11578,2023-01-19,572,18,Shipped
11579,2020-05-06,649,3,Returned
11580,2022-09-13,31,14,Returned
11581,2023-12-14,537,47,Delivered
11582,2023-03-19,498,33,Shipped
11583,2021-07-19,503,44,Delivered
11584,2022-09-14,829,52,Delivered
11585,2023-04-07,623,32,Delivered
11586,2022-03-04,407,2,Delivered
11587,2021-03-02,490,5,Returned
11588,2022-12-16,486,7,Shipped
11589,2022-10-04,791,27,Shipped
11590,2023-03-17,288,40,Delivered
11591,2020-01-08,512,7,Delivered
11592,2021-11-01,95,1,Delivered
11593,2023-12-09,749,38,Delivered
11594,2020-10-17,325,54,Inprogress
11595,2021-06-02,230,44,Shipped
11596,2022-09-08,845,9,Shipped
11597,2021-09-26,743,10,Shipped
11598,2020-04-08,194,17,Delivered
11599,2021-08-01,571,43,Delivered
11600,2021-06-18,794,7,Delivered
11601,2020-05-17,121,20,Delivered
11602,2020-02-13,45,10,Delivered
11603,2020-09-01,804,16,Delivered
11604,2020-12-02,689,52,Delivered
11605,2023-08-20,199,51,Shipped
11606,2022-07-25,446,49,Cancelled
11607,2022-04-07,480,37,Shipped
11608,2023-02-09,404,17,Shipped
11609,2021-12-05,789,6,Delivered
11610,2020-02-26,113,27,Inprogress
11611,2023-01-18,317,32,Delivered
11612,2023-12-15,712,3,Shipped
11613,2022-06-15,238,18,Delivered
11614,2023-01-04,20,2,Shipped
11615,2023-04-18,141,34,Delivered
11616,2021-11-23,206,2,Delivered
11617,2023-02-15,514,54,Delivered
11618,2021-10-15,717,27,Delivered
11619,2020-03-01,116,16,Delivered
11620,2020-06-06,627,43,Delivered
11621,2021-11-16,421,41,Inprogress
11622,2020-01-09,422,26,Inprogress
11623,2020-02-09,242,19,Delivered
11624,2022-10-31,275,33,Shipped
11625,2023-04-18,373,9,Delivered
11626,2021-09-27,8,49,Delivered
11627,2020-06-29,52,12,Delivered
11628,2023-09-06,476,16,Inprogress
11629,2023-10-07,191,7,Delivered
11630,2023-04-28,634,29,Delivered
11631,2020-05-30,713,2,Cancelled
11632,2023-07-17,514,9,Inprogress
11633,2022-07-27,149,4,Delivered
11634,2022-05-25,152,39,Shipped
11635,2022-03-08,249,45,Shipped
11636,2020-03-22,790,12,Delivered
11637,2023-09-26,101,51,Delivered
11638,2023-07-29,686,20,Delivered
11639,2020-12-11,844,42,Delivered
11640,2023-12-25,427,22,Delivered
11641,2021-05-27,598,20,Inprogress
11642,2023-09-14,581,23,Shipped
11643,2020-10-01,7,43,Delivered
11644,2022-05-04,454,38,Delivered
11645,2022-06-04,494,40,Delivered
11646,2023-07-02,750,50,Delivered
11647,2020-10-13,106,46,Delivered
11648,2023-09-21,718,18,Shipped
11649,2021-03-20,498,46,Inprogress
11650,2021-04-07,341,23,Delivered
11651,2023-05-13,333,48,Delivered
11652,2022-01-30,880,17,Delivered
11653,2023-04-07,676,36,Delivered
11654,2022-08-31,248,54,Delivered
11655,2021-06-13,261,8,Delivered
11656,2022-10-06,526,32,Inprogress
11657,2020-12-31,194,42,Shipped
11658,2020-09-16,588,44,Delivered
11659,2021-07-17,585,24,Shipped
11660,2021-04-13,521,27,Shipped
11661,2020-04-07,236,9,Inprogress
11662,2020-06-20,472,53,Shipped
11663,2020-08-31,781,36,Cancelled
11664,2021-04-01,135,16,Delivered
11665,2022-10-22,372,1,Delivered
11666,2023-02-24,869,32,Shipped
11667,2022-04-19,97,45,Delivered
11668,2022-12-17,585,3,Delivered
11669,2020-09-18,597,22,Delivered
11670,2021-05-09,714,45,Delivered
11671,2021-04-10,819,42,Delivered
11672,2020-10-18,250,4,Shipped
11673,2021-08-18,3,54,Inprogress
11674,2020-06-02,403,42,Delivered
11675,2023-03-14,203,28,Cancelled
11676,2022-06-18,232,12,Delivered
11677,2020-05-25,645,49,Shipped
11678,2021-02-03,625,4,Shipped
11679,2020-12-27,835,29,Delivered
11680,2023-05-16,845,8,Returned
11681,2022-02-28,144,32,Returned
11682,2023-01-31,192,6,Inprogress
11683,2023-06-17,27,37,Delivered
11684,2022-07-21,783,52,Inprogress
11685,2020-02-28,618,21,Cancelled
11686,2023-03-02,498,9,Shipped
11687,2022-04-27,337,41,Inprogress
11688,2023-11-03,840,29,Shipped
11689,2020-12-08,523,12,Delivered
11690,2022-11-13,37,24,Cancelled
11691,2022-07-03,645,22,Delivered
11692,2023-03-10,364,12,Delivered
11693,2022-06-21,81,10,Delivered
11694,2020-09-26,685,45,Shipped
11695,2022-08-02,752,6,Inprogress
11696,2023-09-14,871,51,Delivered
11697,2023-11-10,529,12,Shipped
11698,2020-12-06,233,54,Delivered
11699,2021-02-23,134,18,Delivered
11700,2023-08-17,19,50,Inprogress
11701,2022-01-16,515,6,Shipped
11702,2023-07-15,578,20,Returned
11703,2021-03-27,400,21,Cancelled
11704,2022-06-22,730,33,Delivered
11705,2020-07-28,246,11,Shipped
11706,2022-08-08,211,39,Shipped
11707,2020-08-03,354,4,Returned
11708,2020-07-21,512,26,Inprogress
11709,2023-02-23,37,38,Delivered
11710,2023-08-25,685,19,Returned
11711,2020-08-03,750,22,Delivered
11712,2021-10-14,479,3,Delivered
11713,2023-05-22,36,29,Shipped
11714,2020-05-26,45,25,Shipped
11715,2020-05-04,762,37,Delivered
11716,2022-10-19,834,35,Delivered
11717,2023-12-22,424,23,Cancelled
11718,2023-10-28,542,48,Delivered
11719,2023-09-23,632,39,Delivered
11720,2022-10-01,563,9,Delivered
11721,2023-09-25,368,34,Delivered
11722,2022-09-17,17,31,Delivered
11723,2022-08-21,362,33,Shipped
11724,2021-08-06,783,33,Inprogress
11725,2021-11-05,237,5,Delivered
11726,2022-08-31,689,14,Delivered
11727,2020-01-20,5,4,Delivered
11728,2023-12-07,457,45,Inprogress
11729,2022-12-14,103,49,Shipped
11730,2021-05-04,292,12,Shipped
11731,2022-09-22,777,7,Inprogress
11732,2021-05-19,717,32,Delivered
11733,2022-11-06,318,41,Delivered
11734,2023-02-21,513,23,Delivered
11735,2020-06-03,404,2,Inprogress
11736,2022-02-15,716,12,Delivered
11737,2021-12-06,445,22,Delivered
11738,2021-12-12,614,45,Delivered
11739,2022-05-24,623,35,Delivered
11740,2023-08-05,148,30,Delivered
11741,2020-02-17,884,54,Delivered
11742,2021-03-31,577,53,Delivered
11743,2023-09-05,145,45,Delivered
11744,2022-12-26,389,8,Delivered
11745,2021-05-13,867,2,Delivered
11746,2020-03-27,888,53,Delivered
11747,2020-04-02,712,7,Delivered
11748,2022-09-07,95,42,Delivered
11749,2023-03-12,204,3,Shipped
11750,2021-01-13,736,36,Delivered
11751,2022-12-09,682,37,Shipped
11752,2020-06-25,761,20,Delivered
11753,2021-10-19,468,8,Inprogress
11754,2023-02-25,482,26,Delivered
11755,2020-07-12,202,43,Inprogress
11756,2021-12-03,513,54,Shipped
11757,2021-06-29,602,21,Cancelled
11758,2021-03-23,560,7,Delivered
11759,2021-02-27,61,19,Delivered
11760,2022-10-27,241,25,Delivered
11761,2022-09-21,856,9,Delivered
11762,2020-08-06,751,49,Delivered
11763,2021-07-19,708,1,Shipped
11764,2023-07-08,532,2,Delivered
11765,2022-06-11,528,39,Inprogress
11766,2023-02-22,773,49,Delivered
11767,2022-01-07,409,35,Shipped
11768,2021-11-23,386,6,Shipped
11769,2021-08-16,823,52,Shipped
11770,2021-07-22,791,52,Delivered
11771,2022-12-27,761,37,Delivered
11772,2020-05-29,300,24,Delivered
11773,2022-04-08,898,30,Delivered
11774,2023-04-14,771,49,Returned
11775,2021-01-11,504,54,Delivered
11776,2023-02-09,188,43,Delivered
11777,2023-07-30,801,5,Delivered
11778,2021-02-01,756,46,Shipped
11779,2020-12-06,321,21,Shipped
11780,2023-01-07,833,22,Delivered
11781,2020-03-19,714,44,Delivered
11782,2021-02-17,673,53,Delivered
11783,2022-12-29,848,32,Delivered
11784,2020-07-03,298,21,Delivered
11785,2022-04-06,497,39,Inprogress
11786,2022-06-24,106,44,Delivered
11787,2022-02-18,253,32,Delivered
11788,2020-12-25,886,31,Delivered
11789,2020-02-28,748,52,Shipped
11790,2023-12-25,426,17,Inprogress
11791,2021-09-09,143,21,Delivered
11792,2020-12-23,831,49,Delivered
11793,2022-04-06,704,43,Delivered
11794,2021-11-03,670,1,Delivered
11795,2020-06-30,639,14,Delivered
11796,2021-11-30,768,22,Shipped
11797,2022-11-21,558,41,Delivered
11798,2022-12-09,353,28,Delivered
11799,2020-10-25,260,46,Delivered
11800,2021-05-13,452,36,Shipped
11801,2022-10-06,52,43,Returned
11802,2022-08-05,47,41,Shipped
11803,2021-04-28,29,11,Delivered
11804,2021-12-27,490,36,Delivered
11805,2023-12-18,34,37,Cancelled
11806,2022-07-22,559,31,Delivered
11807,2020-03-13,556,22,Cancelled
11808,2021-04-19,202,37,Shipped
11809,2020-12-25,767,44,Inprogress
11810,2021-03-18,627,42,Cancelled
11811,2023-04-18,812,42,Delivered
11812,2020-08-03,477,4,Delivered
11813,2021-03-11,723,36,Cancelled
11814,2021-02-25,777,5,Delivered
11815,2020-04-24,535,27,Delivered
11816,2021-08-11,845,3,Returned
11817,2020-12-26,450,19,Delivered
11818,2023-05-08,524,5,Shipped
11819,2020-11-17,491,29,Shipped
11820,2020-07-07,787,53,Delivered
11821,2021-12-31,662,48,Delivered
11822,2020-12-27,622,34,Shipped
11823,2022-09-19,480,51,Delivered
11824,2022-11-05,509,6,Delivered
11825,2021-09-09,182,30,Delivered
11826,2021-03-07,337,2,Delivered
11827,2021-08-28,142,28,Shipped
11828,2023-03-07,148,19,Inprogress
11829,2022-05-10,376,40,Inprogress
11830,2022-05-05,535,7,Delivered
11831,2021-06-03,890,12,Delivered
11832,2022-12-24,632,1,Inprogress
11833,2022-10-31,577,42,Shipped
11834,2020-08-02,74,41,Delivered
11835,2021-04-16,735,46,Delivered
11836,2023-12-05,544,23,Delivered
11837,2020-03-30,165,8,Cancelled
11838,2021-08-02,709,7,Shipped
11839,2022-01-16,276,2,Delivered
11840,2020-02-17,468,23,Shipped
11841,2021-11-28,416,6,Delivered
11842,2023-03-19,70,6,Delivered
11843,2021-02-22,253,21,Delivered
11844,2022-04-05,680,5,Delivered
11845,2021-12-13,892,35,Delivered
11846,2022-10-19,588,8,Delivered
11847,2023-01-19,443,7,Delivered
11848,2021-04-23,464,13,Delivered
11849,2022-02-15,520,26,Delivered
11850,2022-09-19,86,27,Inprogress
11851,2022-06-15,893,9,Inprogress
11852,2022-08-26,398,29,Delivered
11853,2023-01-08,32,41,Shipped
11854,2021-04-20,870,19,Shipped
11855,2023-11-05,834,49,Delivered
11856,2022-02-22,462,20,Delivered
11857,2020-03-18,372,48,Returned
11858,2020-02-04,57,52,Returned
11859,2021-02-24,787,48,Delivered
11860,2020-10-21,268,32,Delivered
11861,2021-03-01,430,20,Shipped
11862,2022-06-13,822,41,Cancelled
11863,2022-01-16,50,39,Delivered
11864,2023-10-05,448,39,Delivered
11865,2020-01-14,29,13,Delivered
11866,2022-12-08,785,6,Delivered
11867,2022-05-23,746,52,Inprogress
11868,2021-12-30,678,29,Inprogress
11869,2020-02-06,866,20,Delivered
11870,2023-10-13,494,54,Delivered
11871,2021-08-04,148,6,Shipped
11872,2021-07-11,821,31,Inprogress
11873,2021-08-11,852,22,Inprogress
11874,2020-12-16,182,50,Shipped
11875,2020-07-05,782,27,Shipped
11876,2020-07-06,699,47,Delivered
11877,2021-01-01,802,16,Delivered
11878,2021-10-10,530,40,Inprogress
11879,2022-02-18,731,8,Delivered
11880,2022-01-05,411,21,Delivered
11881,2022-12-24,651,6,Shipped
11882,2022-07-03,800,41,Delivered
11883,2020-08-23,277,35,Delivered
11884,2022-10-01,241,37,Returned
11885,2020-09-25,73,43,Returned
11886,2020-08-18,41,48,Shipped
11887,2022-11-13,750,50,Delivered
11888,2023-08-17,321,45,Shipped
11889,2022-09-21,113,33,Inprogress
11890,2022-02-23,304,9,Delivered
11891,2023-12-03,324,39,Shipped
11892,2020-09-24,747,53,Delivered
11893,2023-01-12,508,26,Shipped
11894,2023-01-18,244,25,Delivered
11895,2022-12-01,689,18,Delivered
11896,2020-06-24,241,28,Delivered
11897,2023-03-24,265,7,Cancelled
11898,2021-09-04,861,36,Shipped
11899,2022-06-06,242,17,Cancelled
11900,2020-04-26,795,53,Delivered
11901,2022-11-08,778,28,Delivered
11902,2020-10-01,605,10,Cancelled
11903,2023-05-24,689,6,Inprogress
11904,2023-07-21,676,12,Delivered
11905,2022-05-12,771,8,Delivered
11906,2021-11-22,508,36,Inprogress
11907,2021-04-14,593,31,Delivered
11908,2022-03-03,242,53,Shipped
11909,2023-08-05,225,30,Delivered
11910,2023-01-24,426,46,Delivered
11911,2020-04-27,344,27,Shipped
11912,2020-11-07,179,50,Delivered
11913,2020-02-01,276,27,Inprogress
11914,2022-07-18,227,37,Shipped
11915,2021-01-01,406,35,Shipped
11916,2021-06-22,328,19,Delivered
11917,2022-07-29,142,5,Delivered
11918,2023-10-30,603,53,Delivered
11919,2021-08-27,355,51,Shipped
11920,2023-10-01,243,23,Delivered
11921,2021-06-03,386,19,Inprogress
11922,2021-06-16,109,2,Delivered
11923,2020-12-05,76,52,Shipped
11924,2022-02-07,256,29,Inprogress
11925,2020-11-20,604,26,Returned
11926,2023-07-24,680,45,Delivered
11927,2021-11-08,751,13,Cancelled
11928,2022-03-18,428,48,Cancelled
11929,2020-11-02,369,46,Delivered
11930,2021-01-28,358,41,Delivered
11931,2023-05-13,672,53,Delivered
11932,2021-01-05,632,39,Delivered
11933,2021-10-13,826,33,Delivered
11934,2021-11-03,345,23,Delivered
11935,2022-02-20,476,8,Shipped
11936,2020-08-12,488,31,Delivered
11937,2022-12-24,704,4,Delivered
11938,2023-04-08,558,50,Delivered
11939,2021-06-14,478,46,Delivered
11940,2022-08-29,190,7,Inprogress
11941,2022-11-29,696,51,Shipped
11942,2022-01-25,240,50,Returned
11943,2022-12-19,816,19,Delivered
11944,2023-09-02,599,46,Cancelled
11945,2023-12-24,26,51,Delivered
11946,2023-05-27,114,51,Returned
11947,2021-11-08,97,43,Delivered
11948,2020-03-25,368,29,Delivered
11949,2022-12-20,344,18,Cancelled
11950,2021-01-04,326,12,Delivered
11951,2022-08-19,365,48,Delivered
11952,2020-04-09,411,43,Delivered
11953,2022-08-27,741,1,Cancelled
11954,2022-11-04,654,19,Delivered
11955,2022-04-10,693,10,Delivered
11956,2023-03-21,169,44,Delivered
11957,2022-04-10,328,28,Delivered
11958,2022-09-23,427,54,Inprogress
11959,2022-08-04,825,46,Inprogress
11960,2022-06-10,191,18,Delivered
11961,2020-05-15,394,29,Shipped
11962,2023-03-22,508,10,Shipped
11963,2021-02-05,780,36,Delivered
11964,2021-12-21,61,31,Inprogress
11965,2020-12-06,232,4,Shipped
11966,2020-06-20,571,34,Delivered
11967,2022-05-13,668,21,Delivered
11968,2021-05-26,341,26,Shipped
11969,2023-03-12,832,40,Shipped
11970,2022-04-08,121,29,Shipped
11971,2022-07-13,766,54,Delivered
11972,2023-08-24,99,33,Delivered
11973,2022-12-20,611,5,Delivered
11974,2022-07-18,882,5,Delivered
11975,2023-12-09,229,13,Delivered
11976,2021-08-25,530,27,Delivered
11977,2020-01-10,538,32,Delivered
11978,2020-03-20,163,47,Inprogress
11979,2023-09-11,861,44,Delivered
11980,2021-05-20,723,28,Inprogress
11981,2020-01-04,122,34,Cancelled
11982,2021-12-01,301,13,Delivered
11983,2020-12-14,437,4,Delivered
11984,2020-07-16,374,41,Delivered
11986,2022-09-01,261,22,Inprogress
11987,2020-10-14,121,30,Delivered
11988,2022-11-21,397,16,Shipped
11989,2020-03-21,856,46,Delivered
11990,2023-02-18,264,25,Delivered
11991,2021-07-12,151,39,Shipped
11992,2020-07-17,795,53,Delivered
11993,2020-02-02,788,27,Delivered
11994,2020-08-07,264,25,Delivered
11995,2020-08-18,676,33,Delivered
11996,2021-04-18,620,44,Delivered
11997,2023-11-21,130,6,Delivered
11998,2023-08-31,395,9,Inprogress
11999,2022-01-04,93,38,Delivered
12000,2022-07-26,371,17,Inprogress
12001,2022-07-19,339,14,Delivered
12002,2022-11-22,893,24,Shipped
12003,2022-10-03,107,10,Inprogress
12004,2020-10-03,738,43,Delivered
12005,2023-03-08,556,51,Delivered
12006,2023-03-18,95,54,Delivered
12007,2022-05-12,307,50,Delivered
12008,2020-06-18,42,34,Shipped
12009,2021-09-07,663,9,Shipped
12010,2021-06-11,306,27,Delivered
12011,2021-01-26,388,35,Delivered
12012,2020-05-13,838,37,Delivered
12013,2022-12-31,310,5,Delivered
12014,2022-02-11,491,34,Delivered
12015,2021-02-09,151,54,Delivered
12016,2020-08-20,457,42,Cancelled
12017,2022-12-23,453,22,Inprogress
12018,2021-05-05,638,22,Delivered
12019,2020-04-18,396,51,Returned
12020,2022-04-27,616,28,Delivered
12021,2022-08-23,5,52,Delivered
12022,2020-12-30,749,19,Shipped
12023,2023-07-17,253,38,Cancelled
12024,2022-03-21,891,4,Delivered
12025,2021-08-02,216,23,Inprogress
12026,2023-02-16,872,50,Delivered
12027,2020-02-15,838,22,Delivered
12028,2020-10-12,62,41,Inprogress
12029,2020-11-18,818,18,Returned
12030,2023-05-25,605,8,Delivered
12031,2023-03-02,718,4,Delivered
12032,2023-08-09,832,14,Delivered
12033,2020-10-28,591,41,Delivered
12034,2022-08-06,640,24,Inprogress
12035,2020-10-11,29,38,Delivered
12036,2023-08-05,836,1,Delivered
12037,2020-08-11,4,37,Inprogress
12038,2023-02-04,847,31,Shipped
12039,2023-10-09,250,22,Shipped
12040,2023-05-09,226,46,Delivered
12041,2022-06-29,548,37,Cancelled
12042,2023-08-02,185,35,Shipped
12043,2021-01-02,116,9,Delivered
12044,2022-08-14,160,11,Inprogress
12045,2021-06-01,355,41,Shipped
12046,2021-05-24,287,37,Delivered
12047,2021-05-08,199,15,Delivered
12048,2021-01-02,631,37,Inprogress
12049,2022-02-11,429,47,Delivered
12050,2020-08-09,393,9,Shipped
12051,2023-02-04,805,49,Delivered
12052,2021-01-24,325,42,Cancelled
12053,2020-04-05,729,22,Delivered
12054,2023-08-21,83,37,Delivered
12055,2020-03-27,424,19,Delivered
12056,2020-07-23,565,9,Delivered
12057,2022-04-05,476,47,Cancelled
12058,2022-10-15,823,44,Delivered
12059,2022-11-27,47,39,Shipped
12060,2021-12-12,376,29,Delivered
12061,2021-01-01,756,46,Shipped
12062,2021-04-05,816,24,Delivered
12063,2021-10-25,554,4,Cancelled
12064,2023-05-09,310,15,Delivered
12065,2021-04-21,219,21,Delivered
12066,2020-03-31,343,15,Delivered
12067,2023-02-24,196,9,Delivered
12068,2020-03-08,512,10,Returned
12069,2022-06-06,655,25,Delivered
12070,2020-02-06,366,47,Delivered
12071,2023-06-09,510,14,Delivered
12072,2022-11-01,741,41,Cancelled
12073,2022-07-11,740,31,Shipped
12074,2022-03-12,62,27,Delivered
12075,2021-03-13,751,42,Delivered
12076,2020-08-28,286,17,Shipped
12077,2021-10-17,212,40,Inprogress
12078,2023-08-25,884,37,Delivered
12079,2020-12-11,598,38,Inprogress
12080,2020-08-18,188,31,Delivered
12081,2022-07-25,223,27,Inprogress
12082,2022-10-27,740,41,Delivered
12083,2021-03-10,785,25,Delivered
12084,2023-03-10,355,30,Delivered
12085,2021-07-23,881,42,Delivered
12086,2023-09-21,397,13,Shipped
12087,2023-09-15,363,14,Delivered
12088,2023-07-30,6,54,Inprogress
12089,2020-08-17,780,47,Delivered
12090,2021-04-20,706,11,Inprogress
12091,2023-01-16,395,17,Shipped
12092,2023-12-06,532,5,Delivered
12093,2022-06-16,377,51,Delivered
12094,2022-05-03,248,28,Shipped
12095,2023-09-21,14,54,Delivered
12096,2023-06-26,28,37,Delivered
12097,2023-02-25,474,1,Delivered
12098,2021-05-11,618,3,Delivered
12099,2023-11-25,149,24,Shipped
12100,2020-11-30,258,37,Shipped
12101,2021-09-28,277,11,Delivered
12102,2022-10-29,362,15,Delivered
12103,2020-01-30,677,52,Shipped
12104,2023-11-11,138,46,Delivered
12105,2022-01-14,194,31,Inprogress
12106,2023-12-01,762,50,Delivered
12107,2020-03-23,342,4,Delivered
12108,2020-07-25,738,24,Returned
12109,2022-11-07,563,12,Delivered
12110,2022-10-11,896,46,Inprogress
12111,2021-05-21,658,47,Delivered
12112,2021-12-05,300,36,Shipped
12113,2020-12-22,541,40,Delivered
12114,2022-01-22,18,17,Shipped
12115,2020-09-29,510,25,Shipped
12116,2022-04-06,338,5,Shipped
12117,2021-12-03,74,1,Delivered
12118,2021-07-03,466,14,Delivered
12119,2023-10-24,43,21,Shipped
12120,2023-12-06,650,19,Shipped
12121,2022-07-13,599,5,Inprogress
12122,2021-02-07,756,9,Delivered
12123,2021-04-15,515,18,Delivered
12124,2022-03-15,522,51,Delivered
12125,2020-06-17,124,1,Delivered
12126,2023-02-08,742,24,Shipped
12127,2020-12-22,184,19,Shipped
12128,2021-05-21,746,52,Shipped
12129,2021-11-26,114,31,Delivered
12130,2021-05-24,284,33,Delivered
12131,2022-04-18,711,22,Delivered
12132,2020-01-21,590,49,Shipped
12133,2020-02-14,746,23,Shipped
12134,2022-12-18,43,24,Delivered
12135,2022-11-26,670,22,Delivered
12136,2023-04-10,542,8,Cancelled
12137,2021-06-06,300,20,Inprogress
12138,2022-09-09,399,26,Delivered
12139,2022-04-02,196,49,Delivered
12140,2022-06-23,258,46,Delivered
12141,2022-10-27,610,49,Shipped
12142,2020-07-31,67,14,Delivered
12143,2020-03-21,286,37,Delivered
12144,2023-05-08,446,16,Delivered
12145,2022-11-21,72,53,Delivered
12146,2023-08-03,241,8,Cancelled
12147,2023-01-24,377,36,Delivered
12148,2023-12-19,519,44,Delivered
12149,2023-05-15,158,32,Delivered
12150,2023-12-13,387,25,Delivered
12151,2022-05-04,55,18,Inprogress
12152,2022-10-03,92,17,Delivered
12153,2022-01-04,464,46,Inprogress
12154,2020-08-25,12,18,Inprogress
12155,2022-05-27,697,28,Delivered
12156,2023-08-28,131,44,Delivered
12157,2020-06-15,740,36,Delivered
12158,2023-11-05,174,52,Inprogress
12159,2021-06-01,37,26,Delivered
12160,2021-01-12,792,2,Delivered
12161,2022-11-16,521,2,Delivered
12162,2022-11-28,197,4,Delivered
12163,2021-12-29,625,7,Inprogress
12164,2021-03-25,473,38,Delivered
12165,2023-11-07,91,40,Shipped
12166,2021-04-29,518,36,Inprogress
12167,2022-06-28,416,1,Delivered
12168,2023-03-29,5,1,Shipped
12169,2021-06-26,659,31,Inprogress
12170,2021-10-05,689,33,Delivered
12171,2023-09-10,704,14,Inprogress
12172,2023-03-31,741,40,Delivered
12173,2021-06-17,306,27,Returned
12174,2023-12-27,335,49,Delivered
12175,2020-12-06,495,29,Delivered
12176,2022-10-20,167,3,Delivered
12177,2023-03-10,212,48,Delivered
12178,2021-01-20,470,4,Delivered
12179,2022-06-29,86,53,Shipped
12180,2021-01-08,337,41,Shipped
12181,2020-10-10,657,44,Delivered
12182,2023-10-16,79,47,Inprogress
12183,2020-09-02,816,10,Delivered
12184,2021-12-11,320,21,Shipped
12185,2021-08-26,225,11,Delivered
12186,2022-02-16,215,40,Shipped
12187,2020-01-11,466,28,Inprogress
12188,2021-11-14,575,15,Delivered
12189,2021-05-06,556,10,Shipped
12190,2021-05-31,733,19,Delivered
12191,2022-03-08,453,15,Delivered
12192,2020-10-07,71,27,Inprogress
12193,2020-03-30,82,51,Delivered
12194,2022-08-27,119,50,Delivered
12195,2021-08-24,800,21,Delivered
12196,2020-09-06,544,46,Delivered
12197,2020-07-29,678,29,Shipped
12198,2021-02-26,258,50,Shipped
12199,2022-12-14,667,22,Delivered
12200,2020-11-06,326,38,Delivered
12201,2021-03-05,724,11,Cancelled
12202,2023-03-30,544,38,Delivered
12203,2023-05-10,609,51,Shipped
12204,2021-07-08,618,16,Delivered
12205,2022-12-30,293,6,Delivered
12206,2022-06-19,614,9,Delivered
12207,2022-05-28,261,46,Cancelled
12208,2023-01-05,151,2,Shipped
12209,2023-04-03,3,15,Inprogress
12210,2021-10-06,788,54,Inprogress
12211,2022-08-10,660,26,Inprogress
12212,2020-03-01,49,8,Delivered
12213,2023-11-07,76,7,Shipped
12214,2022-07-11,23,14,Inprogress
12215,2021-03-29,670,42,Delivered
12216,2021-10-21,675,52,Returned
12217,2023-09-20,8,50,Delivered
12218,2020-12-26,858,32,Shipped
12219,2022-05-15,796,40,Delivered
12220,2022-06-07,284,4,Shipped
12221,2020-02-09,172,11,Delivered
12222,2021-12-14,365,4,Shipped
12223,2021-03-17,13,9,Shipped
12224,2023-06-03,137,4,Delivered
12225,2020-05-20,48,50,Shipped
12226,2023-12-08,108,13,Delivered
12227,2020-07-09,297,35,Inprogress
12228,2021-03-04,484,11,Delivered
12229,2020-08-16,820,44,Delivered
12230,2020-10-27,296,38,Delivered
12231,2021-09-13,525,9,Shipped
12232,2022-05-28,845,52,Inprogress
12233,2021-10-21,608,29,Delivered
12234,2020-07-30,49,40,Cancelled
12235,2023-08-12,29,15,Returned
12236,2022-03-29,451,25,Delivered
12237,2023-06-17,151,8,Delivered
12238,2023-05-07,422,18,Delivered
12239,2020-05-19,891,27,Delivered
12240,2022-01-02,439,38,Inprogress
12241,2023-02-13,243,39,Delivered
12242,2020-09-19,150,31,Inprogress
12243,2021-03-07,725,18,Delivered
12244,2021-05-19,326,13,Delivered
12245,2023-09-03,494,12,Delivered
12246,2023-02-25,464,38,Delivered
12247,2020-11-02,690,10,Delivered
12248,2023-02-28,369,53,Delivered
12249,2023-04-05,309,5,Shipped
12250,2021-05-08,72,41,Delivered
12251,2020-05-09,246,18,Cancelled
12252,2021-05-16,865,34,Delivered
12253,2021-09-07,28,30,Delivered
12254,2022-09-03,692,7,Delivered
12255,2023-02-12,633,10,Shipped
12256,2021-02-03,195,28,Delivered
12257,2021-04-02,811,51,Inprogress
12258,2023-08-16,544,24,Shipped
12259,2021-12-25,497,12,Shipped
12260,2023-06-19,596,34,Delivered
12261,2022-02-03,185,27,Shipped
12262,2020-01-24,254,31,Delivered
12263,2023-06-11,88,17,Inprogress
12264,2022-04-12,472,26,Shipped
12265,2023-05-05,139,32,Inprogress
12266,2022-05-28,667,2,Shipped
12267,2020-01-05,84,36,Inprogress
12268,2021-08-23,450,19,Delivered
12269,2020-03-04,831,15,Shipped
12270,2020-11-19,620,15,Returned
12271,2022-07-11,541,22,Inprogress
12272,2022-03-08,162,28,Delivered
12273,2022-07-30,147,3,Shipped
12274,2023-08-29,849,16,Delivered
12275,2021-01-25,892,16,Delivered
12276,2020-11-22,334,38,Inprogress
12277,2020-03-17,332,12,Shipped
12278,2022-11-08,24,54,Inprogress
12279,2021-07-19,185,47,Delivered
12280,2022-02-12,121,34,Delivered
12281,2021-06-27,379,33,Cancelled
12282,2021-01-22,629,32,Delivered
12283,2021-05-29,825,13,Delivered
12284,2023-04-04,335,32,Delivered
12285,2020-01-07,409,1,Delivered
12286,2021-05-17,532,8,Delivered
12287,2022-11-22,592,33,Delivered
12288,2023-07-06,841,34,Shipped
12289,2022-11-28,795,49,Cancelled
12290,2020-11-04,785,52,Delivered
12291,2023-08-24,14,15,Delivered
12292,2021-05-08,64,39,Shipped
12293,2023-09-17,498,45,Shipped
12294,2021-11-30,480,19,Delivered
12295,2020-07-25,105,5,Delivered
12296,2021-12-04,13,15,Delivered
12297,2023-05-10,265,46,Shipped
12298,2021-05-17,849,52,Delivered
12299,2023-12-24,479,33,Shipped
12300,2020-01-24,217,42,Delivered
12301,2020-09-20,776,6,Delivered
12302,2020-11-12,193,1,Delivered
12303,2022-11-05,143,22,Delivered
12304,2022-05-19,575,36,Shipped
12305,2021-09-15,201,5,Inprogress
12306,2022-03-28,558,31,Delivered
12307,2020-10-14,308,48,Shipped
12308,2020-07-21,886,21,Delivered
12309,2021-05-13,614,45,Delivered
12310,2023-05-19,756,40,Shipped
12311,2020-08-18,623,23,Delivered
12312,2020-10-24,421,26,Delivered
12313,2021-11-29,274,22,Delivered
12314,2020-09-15,642,46,Delivered
12315,2023-05-21,2,35,Shipped
12316,2021-06-11,262,34,Delivered
12317,2022-01-02,335,10,Delivered
12318,2022-05-27,625,44,Shipped
12319,2020-12-29,255,49,Delivered
12320,2020-05-27,892,54,Shipped
12321,2023-03-09,413,33,Returned
12322,2023-04-19,208,48,Cancelled
12323,2023-01-29,796,34,Cancelled
12324,2020-10-20,67,48,Delivered
12325,2022-03-31,464,42,Delivered
12326,2021-03-19,162,2,Cancelled
12327,2023-09-08,120,22,Delivered
12328,2023-09-26,401,16,Delivered
12329,2023-06-28,521,11,Delivered
12330,2021-01-16,361,9,Returned
12331,2023-06-15,688,17,Delivered
12332,2022-12-03,547,28,Delivered
12333,2022-11-23,167,21,Inprogress
12334,2022-01-19,228,42,Delivered
12335,2020-01-18,219,29,Delivered
12336,2020-07-28,97,32,Delivered
12337,2021-04-18,669,1,Shipped
12338,2022-06-05,249,46,Delivered
12339,2020-03-25,505,29,Delivered
12340,2023-03-13,537,47,Delivered
12341,2021-06-18,556,21,Inprogress
12342,2020-01-27,690,25,Cancelled
12343,2023-10-16,437,17,Cancelled
12344,2020-09-05,298,25,Delivered
12345,2022-12-05,461,18,Inprogress
12346,2023-08-06,443,10,Inprogress
12347,2021-12-10,820,28,Delivered
12348,2022-02-21,322,44,Shipped
12349,2020-07-20,33,5,Returned
12350,2022-03-05,37,24,Delivered
12351,2022-01-06,340,19,Delivered
12352,2021-07-20,500,50,Delivered
12353,2021-12-16,555,45,Inprogress
12354,2022-12-24,379,7,Returned
12355,2022-11-30,847,29,Cancelled
12356,2021-09-30,846,31,Returned
12357,2020-10-25,687,37,Shipped
12358,2021-02-05,543,53,Delivered
12359,2020-09-14,40,18,Cancelled
12360,2020-09-23,763,10,Delivered
12361,2022-05-10,768,41,Cancelled
12362,2023-06-23,635,8,Delivered
12363,2021-07-26,832,46,Returned
12364,2022-11-15,666,50,Delivered
12365,2023-01-09,273,15,Inprogress
12366,2023-12-04,255,30,Delivered
12367,2023-10-29,296,12,Cancelled
12368,2022-01-23,138,51,Inprogress
12369,2022-06-13,33,44,Delivered
12370,2021-01-13,314,25,Returned
12371,2023-09-25,308,39,Delivered
12372,2023-09-13,866,1,Shipped
12373,2020-03-01,481,40,Delivered
12374,2023-01-07,736,3,Delivered
12375,2020-07-08,33,41,Delivered
12376,2020-10-29,538,5,Shipped
12377,2020-09-27,27,3,Delivered
12378,2020-04-24,357,14,Inprogress
12379,2022-11-02,780,1,Delivered
12380,2022-07-18,125,46,Shipped
12381,2020-02-13,242,9,Delivered
12382,2022-03-03,153,54,Shipped
12383,2023-08-18,378,28,Returned
12384,2023-03-15,306,26,Shipped
12385,2022-12-31,208,30,Delivered
12386,2020-07-19,615,9,Delivered
12387,2022-09-05,782,37,Shipped
12388,2021-05-23,690,10,Shipped
12389,2023-06-28,391,53,Delivered
12390,2023-05-06,394,2,Shipped
12391,2021-08-24,477,3,Shipped
12392,2020-11-10,301,42,Returned
12393,2023-08-12,535,42,Inprogress
12394,2020-10-11,730,51,Inprogress
12395,2021-12-11,763,36,Cancelled
12396,2020-01-09,52,41,Shipped
12397,2023-03-25,738,2,Shipped
12398,2020-01-12,330,35,Shipped
12399,2020-12-01,654,9,Delivered
12400,2023-03-12,583,17,Inprogress
12401,2021-07-02,193,17,Delivered
12402,2020-11-15,884,13,Delivered
12403,2022-09-18,477,13,Inprogress
12404,2023-02-01,823,52,Shipped
12405,2023-07-24,530,16,Delivered
12406,2022-07-29,305,14,Delivered
12407,2020-06-25,832,20,Delivered
12408,2023-11-03,832,37,Delivered
12409,2023-03-28,85,33,Shipped
12410,2023-02-22,205,46,Delivered
12411,2020-04-17,809,50,Delivered
12412,2020-06-12,831,2,Delivered
12413,2023-03-24,806,24,Returned
12414,2020-03-14,30,49,Inprogress
12415,2022-12-16,828,6,Delivered
12416,2022-06-11,344,22,Delivered
12417,2022-05-21,777,40,Delivered
12418,2022-10-24,529,9,Delivered
12419,2020-02-07,456,20,Inprogress
12420,2020-09-26,789,19,Delivered
12421,2021-03-12,279,41,Delivered
12422,2020-12-27,73,41,Delivered
12423,2022-02-23,572,52,Cancelled
12424,2022-03-13,561,38,Delivered
12425,2021-04-13,829,17,Shipped
12426,2020-07-17,545,39,Cancelled
12427,2021-07-31,205,40,Delivered
12428,2022-09-06,293,43,Returned
12429,2023-04-17,15,41,Shipped
12430,2020-02-05,541,4,Delivered
12431,2020-01-14,129,47,Inprogress
12432,2022-02-10,649,13,Delivered
12433,2021-09-23,701,47,Delivered
12434,2020-07-26,85,34,Delivered
12435,2021-04-11,584,53,Delivered
12436,2020-06-11,637,3,Delivered
12437,2021-06-13,698,18,Shipped
12438,2020-09-17,334,15,Delivered
12439,2021-12-17,398,46,Delivered
12440,2020-10-01,583,16,Delivered
12441,2021-12-06,857,9,Delivered
12442,2023-11-25,306,17,Delivered
12443,2021-11-14,782,4,Shipped
12444,2021-05-26,618,49,Delivered
12445,2023-05-20,244,4,Inprogress
12446,2020-10-19,113,26,Inprogress
12447,2023-05-23,201,43,Delivered
12448,2020-08-30,686,5,Delivered
12449,2021-07-04,45,26,Shipped
12450,2020-08-10,548,35,Shipped
12451,2020-04-02,578,25,Inprogress
12452,2023-04-16,274,54,Inprogress
12453,2023-08-18,792,28,Shipped
12454,2022-05-12,237,14,Delivered
12455,2021-12-11,397,19,Delivered
12456,2022-06-19,167,12,Delivered
12457,2020-07-17,563,3,Inprogress
12458,2020-10-07,390,38,Delivered
12459,2022-10-16,281,29,Shipped
12460,2022-07-02,142,9,Inprogress
12461,2021-01-21,474,37,Delivered
12462,2021-09-02,569,25,Delivered
12463,2022-05-25,515,32,Delivered
12464,2020-05-05,896,28,Inprogress
12465,2021-12-22,230,33,Delivered
12466,2022-01-10,881,35,Delivered
12467,2020-02-03,542,52,Delivered
12468,2023-07-14,339,23,Inprogress
12469,2023-03-30,680,3,Delivered
12470,2023-09-05,453,4,Shipped
12471,2023-11-22,281,11,Shipped
12472,2021-07-31,585,6,Delivered
12473,2023-12-25,118,31,Inprogress
12474,2022-03-01,392,26,Inprogress
12475,2023-07-03,14,49,Delivered
12476,2020-10-18,334,25,Cancelled
12477,2023-12-24,381,51,Delivered
12478,2022-09-12,727,51,Delivered
12479,2023-02-04,179,50,Delivered
12480,2020-01-06,666,42,Cancelled
12481,2020-04-03,14,40,Shipped
12482,2020-04-28,57,2,Delivered
12483,2021-12-07,679,7,Delivered
12484,2022-09-07,692,26,Delivered
12485,2020-10-22,200,10,Cancelled
12486,2020-09-22,365,1,Shipped
12487,2021-12-31,40,39,Inprogress
12488,2022-08-13,540,26,Delivered
12489,2022-08-26,307,38,Inprogress
12490,2021-11-07,382,29,Delivered
12491,2021-03-15,74,40,Inprogress
12492,2023-04-12,792,2,Delivered
12493,2023-01-15,638,45,Inprogress
12494,2022-03-04,69,46,Delivered
12495,2023-08-23,47,50,Delivered
12496,2020-11-20,696,46,Delivered
12497,2021-09-09,499,40,Delivered
12498,2023-12-12,231,13,Shipped
12499,2022-08-19,363,24,Delivered
12500,2020-08-05,346,22,Delivered
12501,2022-11-30,379,22,Delivered
12502,2021-02-12,876,34,Returned
12503,2020-05-09,409,28,Shipped
12504,2021-01-11,197,8,Delivered
12505,2022-01-16,792,11,Delivered
12506,2022-01-07,676,36,Delivered
12507,2023-01-11,652,37,Delivered
12508,2023-07-09,881,47,Delivered
12509,2020-03-10,394,14,Delivered
12510,2021-11-18,817,16,Shipped
12511,2023-01-13,220,23,Inprogress
12512,2021-12-04,395,35,Inprogress
12513,2021-02-23,2,29,Delivered
12514,2020-02-22,258,9,Delivered
12515,2022-12-11,722,31,Cancelled
12516,2022-01-22,124,28,Delivered
12517,2022-12-23,491,30,Shipped
12518,2022-04-06,761,16,Delivered
12519,2022-03-07,176,25,Delivered
12520,2022-03-27,836,46,Delivered
12521,2021-01-28,630,30,Shipped
12522,2021-01-12,598,9,Delivered
12523,2022-07-23,495,54,Cancelled
12524,2021-08-04,54,26,Shipped
12525,2021-11-26,554,32,Shipped
12526,2022-10-07,665,53,Delivered
12527,2020-12-14,326,8,Shipped
12528,2022-10-23,18,37,Inprogress
12529,2023-04-15,135,37,Shipped
12530,2023-07-13,505,10,Delivered
12531,2022-10-19,791,17,Delivered
12532,2021-09-06,790,54,Shipped
12533,2020-06-11,537,29,Delivered
12534,2023-09-15,565,40,Delivered
12535,2020-07-02,67,3,Inprogress
12536,2022-06-26,316,7,Delivered
12537,2021-04-27,486,32,Cancelled
12538,2020-01-19,291,16,Shipped
12539,2021-06-22,266,36,Shipped
12540,2023-06-23,258,15,Delivered
12541,2023-11-08,874,22,Delivered
12542,2020-02-16,144,45,Delivered
12543,2020-02-12,288,29,Delivered
12544,2020-10-16,453,28,Inprogress
12545,2021-10-05,593,21,Delivered
12546,2022-08-06,37,11,Delivered
12547,2022-02-20,733,8,Delivered
12548,2020-03-07,525,51,Delivered
12549,2020-10-09,538,28,Shipped
12550,2020-12-14,126,18,Delivered
12551,2023-04-29,611,34,Delivered
12552,2021-11-14,391,28,Shipped
12553,2023-11-14,52,38,Shipped
12554,2021-02-10,863,27,Cancelled
12555,2023-08-30,690,33,Delivered
12556,2023-10-18,649,52,Delivered
12557,2023-02-19,469,9,Delivered
12558,2021-01-17,155,36,Delivered
12559,2021-03-10,689,13,Delivered
12560,2021-08-09,729,7,Shipped
12561,2020-03-06,366,36,Delivered
12562,2022-09-11,547,19,Delivered
12563,2023-02-06,898,25,Delivered
12564,2023-05-14,130,22,Inprogress
12565,2023-01-30,484,3,Delivered
12566,2021-07-20,625,28,Delivered
12567,2020-11-09,464,24,Delivered
12568,2023-08-05,724,18,Delivered
12569,2021-12-12,758,13,Delivered
12570,2020-12-30,270,25,Cancelled
12571,2023-05-14,96,25,Inprogress
12572,2020-12-29,500,33,Delivered
12573,2022-12-01,767,3,Shipped
12574,2023-05-09,151,36,Shipped
12575,2021-09-29,720,31,Delivered
12576,2020-03-11,345,46,Delivered
12577,2023-04-09,212,29,Shipped
12578,2022-04-03,98,16,Delivered
12579,2022-03-06,153,33,Delivered
12580,2020-06-28,78,13,Inprogress
12581,2020-01-28,536,3,Shipped
12582,2022-05-04,334,41,Shipped
12583,2023-07-02,634,39,Inprogress
12584,2020-12-13,445,11,Delivered
12585,2020-01-29,756,2,Delivered
12586,2022-04-23,426,23,Inprogress
12587,2022-10-10,501,39,Cancelled
12588,2021-07-19,113,8,Cancelled
12589,2023-09-04,630,22,Delivered
12590,2020-08-14,511,49,Delivered
12591,2020-05-08,516,52,Shipped
12592,2023-06-21,763,28,Delivered
12593,2021-08-05,476,11,Delivered
12594,2022-08-27,846,44,Delivered
12595,2020-01-04,545,46,Returned
12596,2023-04-21,805,29,Delivered
12597,2020-06-15,808,1,Delivered
12598,2021-04-30,662,25,Cancelled
12599,2021-06-05,11,52,Delivered
12600,2023-10-30,634,23,Delivered
12601,2020-07-24,881,54,Delivered
12602,2020-10-30,827,46,Delivered
12603,2020-12-12,106,52,Delivered
12604,2022-12-24,6,36,Delivered
12605,2021-06-03,189,35,Delivered
12606,2023-05-27,813,4,Delivered
12607,2022-10-31,614,33,Delivered
12608,2021-11-28,639,32,Delivered
12609,2022-10-18,144,33,Shipped
12610,2020-12-07,84,46,Delivered
12611,2021-07-18,269,42,Delivered
12612,2022-11-30,170,46,Shipped
12613,2020-03-12,441,39,Delivered
12614,2022-06-01,126,35,Inprogress
12615,2020-12-22,433,20,Delivered
12616,2023-04-25,380,8,Delivered
12617,2021-11-16,72,12,Delivered
12618,2021-05-15,885,15,Delivered
12619,2022-12-19,172,45,Inprogress
12620,2022-04-06,709,11,Inprogress
12621,2022-06-20,641,6,Returned
12622,2021-12-14,850,29,Shipped
12623,2020-05-29,676,4,Delivered
12624,2021-07-22,710,9,Delivered
12625,2020-07-16,224,29,Cancelled
12626,2021-02-26,803,53,Cancelled
12627,2023-07-19,634,26,Delivered
12628,2022-05-13,197,6,Inprogress
12629,2023-10-09,442,53,Delivered
12630,2020-07-06,250,47,Delivered
12631,2023-09-17,20,25,Delivered
12632,2020-07-09,51,20,Delivered
12633,2021-06-15,433,24,Delivered
12634,2020-05-04,104,7,Inprogress
12635,2023-06-14,373,41,Delivered
12636,2020-04-18,490,31,Inprogress
12637,2022-07-13,806,25,Delivered
12638,2020-05-17,870,34,Delivered
12639,2023-02-12,543,20,Delivered
12640,2023-04-18,895,31,Delivered
12641,2022-03-21,117,53,Cancelled
12642,2020-12-05,773,38,Delivered
12643,2021-12-05,781,32,Inprogress
12644,2023-05-29,874,25,Delivered
12645,2021-03-04,522,7,Delivered
12646,2021-02-28,535,20,Delivered
12647,2023-08-08,392,15,Delivered
12648,2020-01-15,125,49,Delivered
12649,2023-01-28,375,2,Delivered
12650,2023-07-04,890,45,Delivered
12651,2020-08-08,682,45,Cancelled
12652,2020-12-10,441,26,Delivered
12653,2021-02-19,526,5,Delivered
12654,2020-10-10,794,23,Shipped
12655,2020-12-03,11,35,Inprogress
12656,2023-11-20,587,47,Shipped
12657,2020-10-19,685,33,Shipped
12658,2020-09-04,605,35,Delivered
12659,2020-08-23,322,17,Inprogress
12660,2023-11-17,457,9,Returned
12661,2022-07-12,689,42,Inprogress
12662,2022-07-16,159,38,Inprogress
12663,2020-01-13,782,19,Cancelled
12664,2020-01-16,319,22,Delivered
12665,2023-02-26,621,40,Delivered
12666,2022-04-19,109,42,Inprogress
12667,2023-08-28,553,9,Delivered
12668,2021-01-09,873,29,Delivered
12669,2023-01-03,852,2,Delivered
12670,2023-09-27,606,4,Delivered
12671,2020-03-27,26,54,Delivered
12672,2021-09-29,103,49,Delivered
12673,2021-06-04,835,32,Inprogress
12674,2023-01-15,533,34,Delivered
12675,2022-10-05,623,39,Cancelled
12676,2021-09-18,251,29,Delivered
12677,2020-07-06,865,45,Delivered
12678,2022-09-13,673,9,Inprogress
12679,2022-10-07,594,27,Delivered
12680,2022-10-13,66,35,Returned
12681,2020-04-27,190,33,Delivered
12683,2021-07-25,883,28,Shipped
12684,2023-12-15,459,13,Shipped
12685,2022-02-10,373,41,Returned
12686,2023-05-26,19,19,Shipped
12687,2023-03-03,584,47,Shipped
12688,2021-01-18,78,33,Delivered
12689,2021-12-03,828,28,Delivered
12690,2021-05-19,514,54,Delivered
12691,2021-05-23,207,19,Delivered
12692,2020-12-17,779,47,Delivered
12693,2021-06-28,729,49,Inprogress
12694,2022-03-20,689,34,Delivered
12695,2020-07-02,509,17,Shipped
12696,2021-10-10,818,15,Delivered
12697,2021-11-07,25,35,Delivered
12698,2022-09-23,295,13,Delivered
12699,2022-02-27,377,30,Inprogress
12700,2020-05-03,63,2,Returned
12701,2020-09-27,269,16,Delivered
12702,2020-04-05,662,25,Returned
12703,2023-12-03,31,54,Shipped
12704,2022-08-29,880,33,Delivered
12705,2020-08-03,418,45,Delivered
12706,2022-05-15,729,27,Returned
12707,2021-07-24,209,50,Delivered
12708,2023-05-09,123,21,Delivered
12709,2023-03-24,194,17,Delivered
12710,2021-01-26,662,7,Delivered
12711,2020-05-16,545,46,Delivered
12712,2020-12-21,630,34,Cancelled
12713,2023-12-31,581,10,Shipped
12714,2021-06-17,558,1,Delivered
12715,2022-05-04,378,54,Shipped
12716,2022-06-25,384,22,Delivered
12717,2020-07-19,784,8,Cancelled
12718,2021-07-10,710,44,Shipped
12719,2020-04-26,612,16,Delivered
12720,2022-12-03,269,52,Inprogress
12721,2022-04-19,851,34,Delivered
12722,2023-01-20,529,27,Delivered
12723,2020-11-16,612,15,Inprogress
12724,2022-07-10,618,25,Delivered
12725,2021-01-22,604,49,Cancelled
12726,2022-02-16,886,35,Shipped
12727,2023-08-29,274,45,Delivered
12728,2021-12-22,590,53,Delivered
12729,2021-05-23,61,36,Inprogress
12730,2022-11-22,863,3,Inprogress
12731,2020-03-06,346,37,Delivered
12732,2021-03-05,171,44,Delivered
12733,2021-01-30,103,26,Delivered
12734,2022-01-21,219,44,Delivered
12735,2023-01-10,332,30,Inprogress
12736,2021-05-25,57,10,Inprogress
12737,2021-04-18,716,26,Delivered
12738,2022-08-07,463,35,Delivered
12739,2020-01-25,642,6,Delivered
12740,2021-02-10,703,38,Inprogress
12741,2023-09-25,436,8,Delivered
12742,2021-12-06,617,1,Cancelled
12743,2022-04-19,99,11,Delivered
12744,2022-12-16,798,36,Delivered
12745,2020-11-28,211,32,Shipped
12746,2021-10-31,262,32,Delivered
12747,2023-05-11,459,53,Shipped
12748,2020-04-01,517,21,Shipped
12749,2021-05-31,57,11,Inprogress
12750,2021-04-26,455,44,Delivered
12751,2020-05-17,554,19,Delivered
12752,2022-06-03,203,54,Returned
12753,2023-07-12,890,12,Delivered
12754,2022-02-03,855,44,Delivered
12755,2020-03-16,467,40,Inprogress
12756,2022-09-07,534,17,Shipped
12757,2020-08-31,151,37,Cancelled
12758,2022-09-18,242,45,Delivered
12759,2022-08-19,481,42,Delivered
12760,2021-12-10,589,51,Inprogress
12761,2021-05-18,134,34,Shipped
12762,2020-03-16,792,11,Delivered
12763,2023-08-11,559,33,Inprogress
12764,2020-06-03,213,33,Delivered
12765,2023-04-23,490,6,Delivered
12766,2022-01-31,613,24,Inprogress
12767,2023-10-18,891,40,Delivered
12768,2021-02-02,198,4,Delivered
12769,2022-02-18,688,20,Delivered
12770,2021-08-28,778,37,Delivered
12771,2022-05-30,873,51,Returned
12772,2022-03-21,573,1,Inprogress
12773,2021-09-19,345,16,Shipped
12774,2020-07-24,664,36,Inprogress
12775,2023-12-01,90,41,Delivered
12776,2022-06-05,843,6,Delivered
12777,2022-08-20,452,43,Shipped
12778,2021-06-20,628,11,Inprogress
12779,2020-11-19,90,40,Shipped
12780,2020-12-05,892,53,Delivered
12781,2023-09-30,267,50,Shipped
12782,2022-07-05,708,44,Shipped
12783,2020-06-28,238,3,Delivered
12784,2023-07-21,279,10,Delivered
12785,2021-07-13,420,40,Shipped
12786,2023-04-23,175,3,Delivered
12787,2022-08-08,134,49,Delivered
12788,2023-05-18,377,48,Delivered
12789,2022-05-23,853,35,Delivered
12790,2021-08-22,283,52,Delivered
12791,2020-12-03,654,33,Delivered
12792,2023-01-05,716,46,Inprogress
12793,2022-06-19,637,35,Delivered
12794,2021-05-16,714,12,Delivered
12795,2021-05-03,193,29,Shipped
12796,2022-12-03,167,32,Delivered
12797,2021-01-23,234,48,Delivered
12798,2020-01-25,499,2,Delivered
12799,2021-04-05,223,3,Delivered
12800,2022-06-08,768,53,Inprogress
12801,2022-03-21,701,28,Shipped
12802,2020-01-09,348,52,Cancelled
12803,2022-05-25,754,2,Shipped
12804,2022-08-04,542,50,Delivered
12805,2020-10-30,89,2,Inprogress
12806,2021-03-29,863,9,Delivered
12807,2022-02-24,219,13,Inprogress
12808,2020-01-29,69,11,Delivered
12809,2020-10-10,87,14,Inprogress
12810,2023-01-12,121,21,Shipped
12811,2021-09-28,638,26,Delivered
12812,2020-04-24,288,49,Shipped
12813,2020-11-12,133,43,Inprogress
12814,2023-01-10,898,38,Inprogress
12815,2020-08-07,845,35,Delivered
12816,2022-05-05,217,7,Delivered
12817,2022-05-25,274,50,Delivered
12818,2021-05-12,855,12,Shipped
12819,2020-03-05,38,8,Delivered
12820,2020-02-14,50,9,Returned
12821,2020-01-21,468,37,Delivered
12822,2021-08-16,822,47,Delivered
12823,2020-06-21,790,2,Delivered
12824,2020-12-31,655,11,Inprogress
12825,2020-09-07,13,49,Delivered
12826,2020-05-14,625,36,Inprogress
12828,2023-07-28,186,37,Shipped
12829,2021-04-23,194,18,Shipped
12830,2023-04-16,665,9,Delivered
12831,2022-06-23,239,5,Cancelled
12832,2021-07-26,550,30,Shipped
12833,2021-06-02,878,54,Inprogress
12834,2023-09-02,626,43,Shipped
12835,2021-06-22,633,5,Delivered
12836,2022-06-13,887,5,Shipped
12837,2023-12-20,5,43,Inprogress
12838,2020-11-10,172,26,Inprogress
12839,2022-10-31,16,23,Delivered
12840,2023-02-16,672,51,Delivered
12841,2023-08-01,562,27,Delivered
12842,2022-08-22,771,4,Delivered
12843,2023-08-24,889,17,Delivered
12844,2020-07-31,166,8,Shipped
12845,2021-05-11,495,21,Delivered
12846,2021-10-03,641,5,Delivered
12847,2020-03-16,221,28,Inprogress
12848,2020-08-18,755,33,Delivered
12849,2022-08-04,174,44,Delivered
12850,2022-09-08,303,6,Shipped
12851,2023-05-30,413,22,Shipped
12852,2023-07-17,69,17,Delivered
12853,2020-01-21,402,19,Delivered
12854,2022-03-24,479,22,Cancelled
12855,2020-01-29,179,41,Inprogress
12856,2022-11-09,375,33,Delivered
12857,2021-09-11,433,54,Delivered
12858,2022-12-15,147,2,Delivered
12859,2022-11-18,843,1,Delivered
12860,2023-08-21,95,6,Delivered
12861,2022-07-26,770,23,Delivered
12862,2021-06-12,406,27,Delivered
12863,2022-08-25,236,1,Delivered
12864,2020-05-04,769,52,Delivered
12865,2021-08-28,93,36,Delivered
12866,2021-09-21,849,50,Delivered
12867,2020-03-16,134,41,Delivered
12868,2021-05-31,103,39,Shipped
12869,2023-04-05,762,46,Cancelled
12870,2023-02-02,169,48,Delivered
12871,2020-09-19,432,31,Delivered
12872,2021-12-15,697,46,Delivered
12873,2020-06-29,1,35,Delivered
12874,2023-08-03,446,27,Delivered
12875,2023-09-13,662,43,Delivered
12876,2020-09-01,6,32,Delivered
12877,2020-03-28,407,23,Shipped
12878,2020-01-09,167,14,Cancelled
12879,2022-07-14,491,47,Delivered
12880,2020-03-18,475,7,Delivered
12881,2023-05-11,33,9,Inprogress
12882,2021-10-03,558,2,Delivered
12883,2023-11-23,480,20,Delivered
12884,2022-10-24,765,17,Delivered
12885,2022-07-20,26,9,Inprogress
12886,2020-03-27,349,9,Inprogress
12887,2022-05-15,610,44,Shipped
12888,2021-08-14,215,41,Delivered
12889,2023-05-24,84,36,Shipped
12890,2023-07-22,181,34,Inprogress
12891,2020-05-16,736,40,Delivered
12892,2020-10-13,508,23,Delivered
12893,2023-02-01,89,27,Delivered
12894,2020-07-12,714,22,Delivered
12895,2020-05-04,409,31,Delivered
12896,2021-08-10,461,47,Delivered
12897,2023-08-27,429,23,Shipped
12898,2021-02-25,237,22,Delivered
12899,2023-03-09,116,28,Cancelled
12900,2020-05-29,740,6,Delivered
12901,2023-07-17,634,8,Shipped
12902,2020-10-11,97,45,Delivered
12903,2021-06-26,491,33,Delivered
12904,2023-04-27,760,27,Delivered
12905,2021-04-24,243,17,Delivered
12906,2021-01-17,816,5,Delivered
12907,2021-03-07,426,50,Delivered
12908,2021-09-05,846,27,Delivered
12909,2023-11-27,872,49,Delivered
12910,2023-01-09,518,22,Returned
12911,2021-03-28,288,53,Inprogress
12912,2021-12-14,5,44,Delivered
12913,2023-11-23,532,46,Delivered
12914,2020-12-02,69,3,Returned
12915,2023-05-10,873,51,Delivered
12916,2020-01-01,13,51,Delivered
12917,2022-12-31,130,49,Inprogress
12918,2022-02-07,391,31,Cancelled
12919,2023-03-03,688,14,Delivered
12920,2022-06-11,349,34,Returned
12921,2022-10-28,890,38,Delivered
12922,2020-10-07,505,42,Delivered
12923,2021-04-05,389,7,Delivered
12924,2023-07-14,290,11,Delivered
12925,2021-05-05,565,27,Shipped
12926,2022-01-17,236,42,Delivered
12927,2021-02-08,527,3,Delivered
12928,2023-05-01,462,51,Delivered
12929,2020-10-08,778,33,Inprogress
12930,2022-12-01,143,3,Cancelled
12931,2021-04-30,716,50,Delivered
12932,2023-01-10,896,3,Delivered
12933,2022-11-07,143,28,Inprogress
12934,2021-09-12,581,47,Inprogress
12935,2021-04-26,566,10,Delivered
12936,2023-03-08,164,42,Cancelled
12937,2021-07-04,494,1,Delivered
12938,2020-05-19,417,53,Delivered
12939,2020-02-03,61,45,Inprogress
12940,2021-06-19,290,48,Shipped
12941,2023-07-23,876,47,Delivered
12942,2020-09-18,429,33,Inprogress
12943,2023-03-06,33,54,Cancelled
12944,2021-06-12,398,13,Delivered
12945,2023-03-08,533,4,Cancelled
12946,2020-08-13,659,27,Shipped
12947,2021-08-03,81,14,Delivered
12948,2020-05-19,533,41,Delivered
12949,2023-10-01,340,14,Shipped
12950,2023-12-21,169,45,Delivered
12951,2022-05-20,787,44,Delivered
12952,2021-04-29,525,24,Inprogress
12953,2021-04-07,6,31,Shipped
12954,2022-08-11,850,9,Inprogress
12955,2022-05-05,97,51,Cancelled
12956,2022-03-27,75,23,Shipped
12957,2021-07-23,44,9,Delivered
12958,2020-12-23,636,7,Inprogress
12959,2021-11-26,113,15,Inprogress
12960,2020-10-08,371,9,Shipped
12961,2021-07-15,563,19,Inprogress
12962,2021-09-25,229,45,Shipped
12963,2022-10-15,30,39,Returned
12964,2021-05-29,514,24,Delivered
12965,2020-05-10,193,54,Delivered
12966,2022-01-25,817,31,Cancelled
12967,2020-08-07,557,40,Delivered
12968,2023-04-04,483,9,Delivered
12969,2020-01-10,394,37,Shipped
12970,2023-02-11,653,11,Delivered
12971,2021-01-01,317,17,Delivered
12972,2020-06-20,815,51,Shipped
12973,2022-05-20,473,40,Returned
12974,2022-11-13,97,41,Delivered
12975,2021-09-26,343,5,Inprogress
12976,2022-04-30,425,26,Delivered
12977,2023-05-14,802,35,Delivered
12978,2020-09-12,445,48,Shipped
12979,2021-08-28,847,49,Shipped
12980,2021-08-14,2,19,Inprogress
12981,2023-11-21,745,36,Inprogress
12982,2021-08-31,502,48,Delivered
12983,2020-12-24,875,38,Cancelled
12984,2021-03-28,331,30,Delivered
12985,2022-04-29,494,41,Delivered
12986,2023-10-06,155,3,Delivered
12987,2020-02-08,762,34,Delivered
12988,2022-02-16,255,3,Delivered
12989,2021-02-15,599,4,Delivered
12990,2022-08-16,750,7,Delivered
12991,2022-11-05,799,51,Delivered
12992,2021-03-30,210,50,Shipped
12993,2020-07-04,215,41,Delivered
12994,2022-04-30,62,14,Delivered
12995,2021-02-15,591,48,Delivered
12996,2023-05-19,176,26,Returned
12997,2023-03-27,162,48,Delivered
12998,2022-03-16,222,25,Delivered
12999,2022-10-29,639,42,Delivered
13000,2022-12-11,401,2,Inprogress
13001,2021-03-31,40,20,Delivered
13002,2021-09-10,153,9,Delivered
13003,2020-11-05,332,22,Cancelled
13004,2023-09-27,695,38,Delivered
13005,2021-01-03,268,40,Delivered
13006,2021-09-30,381,51,Inprogress
13007,2021-11-16,807,39,Delivered
13008,2020-12-09,93,14,Cancelled
13009,2020-12-09,132,6,Delivered
13010,2022-04-30,623,11,Delivered
13011,2021-03-28,599,31,Shipped
13012,2020-12-17,653,49,Delivered
13013,2020-05-08,243,32,Delivered
13014,2021-08-28,747,17,Cancelled
13015,2021-11-01,711,22,Cancelled
13016,2021-04-24,339,16,Delivered
13017,2021-11-23,671,25,Shipped
13018,2020-06-10,487,51,Delivered
13019,2023-09-07,461,16,Cancelled
13020,2020-08-26,546,5,Delivered
13021,2020-07-21,123,26,Delivered
13022,2022-10-16,605,44,Delivered
13023,2021-04-25,498,50,Delivered
13024,2021-03-02,558,12,Shipped
13025,2021-09-27,75,34,Shipped
13026,2020-05-26,195,35,Delivered
13027,2022-04-29,447,51,Delivered
13028,2022-01-30,863,8,Delivered
13029,2021-08-08,284,6,Delivered
13030,2023-10-27,458,26,Delivered
13031,2023-05-15,147,19,Delivered
13032,2020-04-04,568,26,Delivered
13033,2021-03-09,275,47,Cancelled
13034,2023-02-23,313,53,Shipped
13035,2023-04-07,287,53,Delivered
13036,2021-05-11,320,53,Delivered
13037,2023-12-09,876,4,Inprogress
13038,2021-04-24,186,1,Delivered
13039,2023-03-25,726,44,Delivered
13040,2022-08-08,799,16,Inprogress
13041,2023-07-23,220,46,Shipped
13042,2020-02-09,848,24,Delivered
13043,2021-03-14,420,51,Delivered
13044,2020-03-21,408,10,Inprogress
13045,2023-06-13,815,33,Delivered
13046,2022-10-01,781,27,Inprogress
13047,2020-12-20,390,26,Shipped
13048,2020-10-19,228,21,Delivered
13049,2023-07-14,667,38,Delivered
13050,2020-08-01,406,24,Delivered
13051,2021-06-19,103,6,Inprogress
13052,2022-10-20,256,18,Cancelled
13053,2023-02-01,22,4,Delivered
13054,2023-01-23,650,1,Delivered
13055,2022-07-02,202,7,Delivered
13056,2021-05-02,682,3,Delivered
13057,2022-09-29,289,1,Shipped
13058,2020-05-18,570,21,Returned
13059,2023-09-06,701,36,Cancelled
13060,2023-05-19,330,1,Delivered
13061,2020-12-03,599,3,Delivered
13062,2020-04-02,426,30,Shipped
13063,2022-12-19,54,6,Delivered
13064,2020-08-08,176,42,Delivered
13065,2022-01-02,240,6,Cancelled
13066,2023-08-24,530,54,Cancelled
13067,2020-01-09,171,18,Delivered
13068,2023-09-18,696,4,Shipped
13069,2023-07-07,895,19,Delivered
13070,2023-06-26,201,4,Inprogress
13071,2021-12-28,212,20,Shipped
13072,2022-08-01,242,18,Shipped
13073,2020-04-05,172,18,Delivered
13074,2020-12-21,622,5,Inprogress
13075,2023-05-26,303,42,Shipped
13076,2021-12-02,35,41,Delivered
13077,2021-01-22,674,9,Delivered
13078,2023-10-03,832,28,Delivered
13079,2022-10-25,521,32,Inprogress
13080,2023-03-22,362,4,Shipped
13081,2021-12-05,754,19,Delivered
13082,2021-10-02,141,12,Shipped
13083,2020-06-21,49,9,Shipped
13084,2023-05-30,284,36,Delivered
13085,2020-09-03,605,29,Delivered
13086,2022-05-19,420,46,Inprogress
13087,2022-03-15,137,14,Shipped
13088,2022-09-11,374,3,Delivered
13089,2023-05-09,634,52,Delivered
13090,2021-01-28,497,40,Shipped
13091,2020-05-26,161,27,Delivered
13092,2020-12-18,506,49,Cancelled
13093,2021-02-03,437,10,Delivered
13094,2020-06-25,14,23,Delivered
13095,2023-09-15,162,35,Inprogress
13096,2023-01-25,148,2,Shipped
13097,2023-02-08,159,32,Delivered
13098,2022-04-22,790,13,Delivered
13099,2022-09-02,345,41,Delivered
13101,2022-04-24,234,31,Shipped
13102,2022-06-05,756,46,Inprogress
13103,2022-07-08,273,28,Delivered
13104,2022-06-18,674,52,Delivered
13105,2021-07-02,128,15,Shipped
13106,2022-10-24,535,46,Delivered
13107,2020-07-06,693,11,Delivered
13108,2021-08-13,867,28,Cancelled
13109,2022-05-29,699,49,Shipped
13110,2021-04-12,141,47,Shipped
13111,2023-12-03,444,14,Delivered
13112,2021-08-29,865,34,Shipped
13113,2021-06-18,435,33,Delivered
13114,2023-10-02,481,10,Shipped
13115,2021-10-28,181,38,Delivered
13116,2022-07-05,789,1,Inprogress
13117,2022-12-05,702,1,Shipped
13118,2020-09-29,17,54,Delivered
13119,2021-11-04,431,40,Shipped
13120,2023-07-21,402,19,Delivered
13121,2020-08-28,689,14,Shipped
13122,2023-03-05,276,46,Inprogress
13123,2022-10-31,337,15,Shipped
13124,2023-12-02,530,28,Delivered
13125,2020-12-27,747,44,Inprogress
13126,2021-08-06,691,53,Delivered
13127,2023-01-03,482,40,Returned
13128,2022-07-07,565,35,Shipped
13129,2023-08-08,49,26,Delivered
13130,2022-07-22,19,1,Delivered
13131,2021-06-10,866,51,Delivered
13132,2020-02-15,160,53,Shipped
13133,2023-12-04,429,29,Inprogress
13134,2021-12-04,281,2,Returned
13135,2023-06-08,138,6,Delivered
13136,2022-02-24,240,13,Delivered
13137,2021-11-04,639,38,Inprogress
13138,2021-08-04,195,32,Cancelled
13139,2023-07-02,812,11,Inprogress
13140,2021-01-18,180,48,Delivered
13141,2022-02-27,335,11,Delivered
13142,2022-11-30,860,47,Delivered
13143,2020-08-17,89,45,Inprogress
13144,2020-01-22,733,24,Delivered
13145,2020-10-05,323,27,Inprogress
13146,2021-02-19,597,40,Inprogress
13147,2022-09-06,635,30,Delivered
13148,2022-04-14,501,30,Delivered
13149,2021-07-11,765,12,Delivered
13150,2022-11-01,599,27,Delivered
13151,2021-03-13,498,41,Delivered
13152,2021-07-28,728,5,Cancelled
13153,2020-02-04,147,9,Delivered
13154,2021-02-25,440,31,Inprogress
13155,2023-09-01,497,54,Delivered
13156,2022-02-03,145,45,Delivered
13157,2023-05-13,549,12,Delivered
13158,2022-03-01,630,13,Shipped
13159,2021-05-30,108,33,Shipped
13160,2021-11-01,896,37,Cancelled
13161,2020-09-24,153,14,Cancelled
13162,2021-03-14,85,50,Delivered
13163,2020-12-11,736,32,Shipped
13164,2020-03-06,107,1,Delivered
13165,2021-10-06,872,13,Delivered
13166,2020-02-10,548,42,Delivered
13167,2021-08-13,609,8,Delivered
13168,2023-04-20,689,46,Delivered
13169,2022-09-26,174,35,Delivered
13170,2020-06-13,846,27,Shipped
13171,2022-07-15,778,33,Delivered
13172,2021-01-07,728,31,Shipped
13173,2020-02-12,385,36,Delivered
13174,2023-01-13,232,20,Delivered
13175,2021-07-01,253,52,Delivered
13176,2020-04-19,767,29,Inprogress
13177,2023-11-13,900,3,Shipped
13178,2021-07-26,383,6,Delivered
13179,2021-02-15,773,42,Delivered
13180,2023-11-17,126,4,Shipped
13181,2023-07-30,315,49,Shipped
13182,2022-07-31,111,20,Delivered
13183,2023-02-02,404,30,Cancelled
13184,2022-07-28,600,31,Delivered
13185,2023-10-24,133,22,Delivered
13186,2023-10-24,532,23,Delivered
13187,2020-08-20,639,16,Inprogress
13188,2020-11-23,551,25,Delivered
13189,2020-02-01,265,44,Inprogress
13190,2022-11-15,667,11,Delivered
13191,2023-04-05,245,49,Shipped
13192,2022-07-10,861,29,Shipped
13193,2020-05-11,535,14,Shipped
13194,2021-08-07,391,28,Inprogress
13195,2023-07-18,11,27,Shipped
13196,2021-08-22,318,16,Shipped
13197,2022-04-30,726,28,Shipped
13198,2023-03-18,107,12,Inprogress
13199,2021-03-30,689,47,Shipped
13200,2022-05-24,405,33,Delivered
13201,2022-03-22,204,38,Shipped
13202,2022-04-06,67,12,Delivered
13203,2021-01-25,809,9,Inprogress
13204,2022-02-27,549,31,Delivered
13205,2020-04-14,665,44,Inprogress
13206,2021-09-23,15,28,Delivered
13207,2020-01-19,799,38,Shipped
13208,2023-07-18,337,15,Shipped
13209,2022-06-25,256,23,Delivered
13210,2022-09-07,580,35,Delivered
13211,2023-06-17,391,6,Shipped
13212,2022-01-05,582,2,Cancelled
13213,2020-09-06,440,26,Delivered
13214,2020-11-07,213,19,Delivered
13215,2023-01-16,247,33,Delivered
13216,2021-01-28,765,53,Shipped
13217,2020-11-28,720,29,Delivered
13218,2020-02-13,392,10,Shipped
13219,2022-08-28,520,6,Returned
13220,2020-06-20,148,12,Delivered
13221,2021-10-16,795,32,Inprogress
13222,2021-01-07,79,24,Delivered
13223,2020-03-15,254,44,Inprogress
13224,2020-03-03,131,25,Shipped
13225,2023-02-09,831,42,Delivered
13226,2020-03-22,801,5,Delivered
13227,2020-03-07,321,37,Inprogress
13228,2022-10-09,308,47,Delivered
13229,2022-05-09,334,45,Returned
13230,2022-03-20,506,26,Delivered
13231,2022-05-10,440,37,Delivered
13232,2020-04-17,622,40,Delivered
13233,2023-04-14,304,41,Shipped
13234,2022-09-12,459,21,Delivered
13235,2023-07-15,162,32,Delivered
13236,2023-08-02,281,44,Cancelled
13237,2020-06-01,511,16,Delivered
13238,2022-09-28,173,44,Delivered
13239,2021-07-11,422,44,Delivered
13240,2022-06-04,93,23,Delivered
13241,2022-10-16,362,33,Delivered
13242,2020-05-04,788,49,Delivered
13243,2023-02-25,647,51,Shipped
13244,2021-05-19,438,36,Shipped
13245,2021-02-16,15,22,Delivered
13246,2022-12-30,293,36,Delivered
13247,2021-01-28,293,29,Cancelled
13248,2023-05-03,129,7,Delivered
13249,2022-02-17,859,48,Shipped
13250,2020-12-24,743,43,Inprogress
13251,2023-02-01,311,44,Delivered
13252,2023-09-29,61,12,Delivered
13253,2023-11-13,176,10,Delivered
13254,2021-06-25,173,26,Delivered
13255,2022-11-22,744,42,Delivered
13256,2022-03-11,27,2,Delivered
13257,2023-01-01,317,36,Inprogress
13258,2020-07-15,514,36,Delivered
13259,2023-09-05,336,20,Cancelled
13260,2020-12-21,756,21,Inprogress
13261,2023-09-15,799,1,Delivered
13262,2020-05-27,813,32,Inprogress
13263,2021-06-26,302,13,Delivered
13264,2022-06-03,840,19,Delivered
13265,2020-05-31,816,14,Delivered
13266,2021-01-03,460,30,Delivered
13267,2021-06-15,479,9,Delivered
13268,2022-09-01,645,43,Shipped
13269,2021-10-05,299,32,Delivered
13270,2021-09-11,761,30,Shipped
13271,2021-02-16,623,17,Cancelled
13272,2023-06-10,609,3,Delivered
13273,2021-02-23,362,1,Inprogress
13274,2022-06-20,198,23,Delivered
13275,2022-06-03,615,14,Cancelled
13276,2023-10-09,469,53,Delivered
13277,2021-12-30,17,45,Inprogress
13278,2022-02-23,786,53,Inprogress
13279,2022-12-29,897,6,Delivered
13280,2021-11-05,429,3,Shipped
13281,2023-03-26,65,15,Delivered
13282,2023-10-06,68,21,Delivered
13283,2022-05-26,293,1,Delivered
13284,2020-11-03,752,6,Delivered
13285,2020-04-30,564,38,Shipped
13286,2022-07-22,461,3,Delivered
13287,2023-05-22,170,34,Delivered
13288,2023-12-10,520,48,Delivered
13289,2021-10-12,307,5,Inprogress
13290,2021-08-09,490,7,Delivered
13291,2022-01-09,112,37,Delivered
13292,2020-04-01,516,25,Delivered
13293,2023-09-24,122,33,Delivered
13294,2020-11-17,565,11,Delivered
13295,2022-05-16,709,12,Delivered
13296,2023-01-20,597,3,Delivered
13297,2020-11-05,748,31,Delivered
13298,2022-05-07,168,26,Delivered
13299,2020-05-10,662,3,Delivered
13300,2023-08-31,551,30,Delivered
13301,2021-05-01,715,13,Cancelled
13302,2020-12-17,622,16,Shipped
13303,2021-02-22,87,46,Delivered
13304,2020-03-21,797,5,Shipped
13305,2021-05-02,108,28,Delivered
13306,2021-02-09,326,14,Delivered
13307,2022-04-08,856,35,Inprogress
13308,2023-12-12,695,50,Delivered
13309,2020-03-30,314,4,Delivered
13310,2020-06-05,437,50,Delivered
13311,2022-07-24,71,5,Shipped
13312,2022-04-22,290,25,Inprogress
13313,2022-08-27,258,47,Delivered
13314,2021-05-25,352,33,Inprogress
13315,2022-10-12,824,46,Returned
13316,2021-10-25,153,44,Delivered
13317,2023-06-04,859,10,Shipped
13318,2020-08-04,415,40,Delivered
13319,2020-02-27,838,16,Delivered
13320,2020-01-29,536,53,Delivered
13321,2021-05-08,104,35,Shipped
13322,2021-06-03,99,39,Cancelled
13323,2022-11-18,35,25,Delivered
13324,2022-02-15,228,46,Delivered
13325,2023-05-29,427,35,Delivered
13326,2021-07-29,855,8,Cancelled
13327,2021-03-16,335,32,Delivered
13328,2020-06-28,524,32,Inprogress
13329,2023-04-06,476,54,Delivered
13330,2022-04-19,237,7,Inprogress
13331,2020-02-19,730,20,Inprogress
13332,2020-12-31,354,37,Cancelled
13333,2022-10-06,750,23,Delivered
13334,2022-01-26,721,33,Shipped
13335,2021-01-11,180,34,Inprogress
13336,2022-11-09,312,19,Delivered
13337,2022-10-30,840,51,Delivered
13338,2023-02-20,654,48,Delivered
13339,2023-07-04,74,33,Inprogress
13340,2022-08-26,655,3,Delivered
13341,2022-08-12,413,49,Inprogress
13342,2021-11-16,339,22,Cancelled
13343,2023-10-26,265,13,Delivered
13344,2020-10-16,10,18,Shipped
13345,2021-09-09,27,31,Delivered
13346,2023-11-13,411,35,Delivered
13347,2020-12-14,697,5,Shipped
13348,2022-04-20,682,23,Shipped
13349,2022-11-17,528,3,Delivered
13350,2023-02-03,415,6,Inprogress
13351,2022-04-23,89,31,Delivered
13352,2020-10-03,179,15,Delivered
13353,2020-08-20,398,23,Delivered
13354,2022-09-01,745,14,Delivered
13355,2021-06-05,844,49,Returned
13356,2021-04-14,630,38,Delivered
13357,2020-11-06,752,12,Shipped
13358,2021-01-14,679,49,Delivered
13359,2022-04-03,551,11,Cancelled
13360,2020-07-28,173,43,Delivered
13361,2023-02-11,886,29,Delivered
13362,2023-02-19,390,7,Inprogress
13363,2023-11-25,128,45,Delivered
13364,2022-10-28,58,15,Inprogress
13365,2020-06-19,605,21,Delivered
13366,2021-01-04,83,3,Cancelled
13367,2022-07-03,649,2,Inprogress
13368,2021-10-13,281,52,Shipped
13369,2022-02-06,102,34,Shipped
13370,2020-06-08,72,33,Delivered
13371,2020-08-12,162,27,Delivered
13372,2020-01-12,798,19,Delivered
13373,2022-10-22,652,3,Inprogress
13374,2023-05-14,715,51,Cancelled
13375,2020-10-22,755,32,Cancelled
13376,2022-07-15,51,30,Delivered
13377,2021-11-03,166,40,Delivered
13378,2023-01-24,839,26,Delivered
13379,2020-06-17,489,54,Delivered
13380,2021-12-22,750,14,Cancelled
13381,2021-06-07,504,12,Delivered
13382,2023-03-19,317,44,Inprogress
13383,2023-11-23,709,12,Delivered
13384,2023-09-06,329,26,Delivered
13386,2022-06-28,851,27,Delivered
13387,2023-09-23,43,14,Delivered
13388,2020-05-25,246,17,Inprogress
13389,2022-03-21,792,48,Cancelled
13390,2021-09-02,383,33,Inprogress
13391,2022-03-01,673,54,Delivered
13392,2020-03-19,287,36,Delivered
13393,2022-07-25,695,43,Delivered
13394,2021-10-03,864,44,Delivered
13395,2020-02-24,477,52,Delivered
13396,2020-05-28,803,44,Delivered
13397,2021-10-12,472,34,Delivered
13398,2020-08-28,597,40,Shipped
13399,2021-06-11,876,21,Delivered
13400,2020-11-06,444,51,Delivered
13401,2020-02-29,548,30,Shipped
13402,2021-09-21,452,14,Inprogress
13403,2023-11-20,380,3,Inprogress
13404,2020-06-02,607,20,Delivered
13405,2022-07-03,490,7,Delivered
13406,2021-08-30,875,53,Delivered
13407,2020-02-01,46,25,Delivered
13408,2020-07-25,358,40,Returned
13409,2021-07-04,352,43,Inprogress
13410,2022-12-19,766,49,Cancelled
13411,2021-08-14,199,19,Delivered
13412,2021-01-21,604,17,Delivered
13413,2022-02-23,124,23,Inprogress
13414,2021-03-11,279,4,Delivered
13415,2021-10-30,347,16,Delivered
13416,2021-04-01,37,53,Shipped
13417,2021-02-18,341,38,Delivered
13418,2021-06-04,808,50,Cancelled
13419,2021-09-04,599,29,Delivered
13420,2022-02-11,42,2,Delivered
13421,2023-05-16,874,45,Shipped
13422,2023-07-12,387,54,Delivered
13423,2022-05-31,419,4,Delivered
13424,2021-12-28,379,8,Delivered
13425,2020-03-24,303,32,Delivered
13426,2020-02-19,298,25,Delivered
13427,2023-08-31,746,4,Delivered
13428,2023-07-03,67,50,Cancelled
13429,2022-01-05,498,33,Delivered
13430,2021-05-15,261,52,Delivered
13431,2020-10-11,658,26,Delivered
13432,2020-05-07,460,26,Shipped
13433,2022-02-09,112,35,Shipped
13434,2020-04-23,399,38,Delivered
13435,2023-09-08,38,3,Delivered
13436,2020-08-25,225,29,Shipped
13437,2023-09-23,109,42,Delivered
13438,2020-11-18,117,40,Inprogress
13439,2021-01-30,233,39,Cancelled
13440,2022-09-20,386,48,Delivered
13441,2022-12-27,851,35,Shipped
13442,2022-09-14,286,7,Delivered
13443,2021-09-16,656,23,Delivered
13444,2021-03-17,279,43,Returned
13445,2022-12-02,700,28,Shipped
13446,2023-11-07,494,44,Delivered
13447,2022-08-28,568,19,Inprogress
13448,2023-06-24,844,10,Delivered
13449,2020-02-16,415,51,Shipped
13450,2021-04-17,522,17,Delivered
13451,2021-10-27,467,31,Delivered
13452,2020-11-17,806,17,Delivered
13453,2023-05-05,673,32,Shipped
13454,2022-04-06,436,47,Delivered
13455,2020-07-06,100,12,Cancelled
13456,2022-08-01,866,7,Delivered
13457,2021-09-29,96,11,Delivered
13458,2023-09-02,714,47,Inprogress
13459,2023-12-06,152,36,Delivered
13460,2023-10-22,22,1,Delivered
13461,2021-02-14,544,40,Cancelled
13462,2021-12-07,465,43,Inprogress
13463,2021-03-10,441,19,Cancelled
13464,2021-03-30,455,24,Inprogress
13465,2023-02-16,320,51,Delivered
13466,2022-11-28,525,18,Delivered
13467,2021-01-01,75,36,Delivered
13468,2022-04-01,428,32,Delivered
13469,2021-02-19,866,22,Shipped
13470,2023-07-26,519,15,Delivered
13471,2020-03-17,371,18,Delivered
13472,2021-03-04,735,17,Returned
13473,2020-06-02,153,54,Delivered
13474,2021-07-19,524,48,Shipped
13475,2023-12-13,17,12,Delivered
13476,2022-04-30,201,9,Delivered
13477,2022-06-13,171,2,Delivered
13478,2023-09-29,136,22,Delivered
13479,2022-05-29,620,34,Cancelled
13480,2022-09-18,495,21,Shipped
13481,2022-02-22,258,48,Delivered
13482,2023-05-31,366,14,Delivered
13483,2022-11-06,509,54,Delivered
13484,2022-09-30,543,53,Delivered
13485,2023-08-17,446,7,Shipped
13486,2022-05-17,171,1,Cancelled
13487,2022-09-27,821,20,Delivered
13488,2021-07-20,366,45,Shipped
13489,2023-12-12,438,38,Delivered
13490,2022-05-04,635,50,Shipped
13491,2021-08-04,858,48,Delivered
13492,2023-11-23,497,34,Inprogress
13493,2022-11-20,639,8,Delivered
13494,2021-10-13,298,25,Returned
13495,2020-12-13,698,25,Delivered
13496,2022-09-06,549,42,Delivered
13497,2021-07-02,770,27,Cancelled
13498,2023-04-27,883,16,Delivered
13499,2022-02-27,806,25,Inprogress
13500,2020-09-20,519,21,Delivered
13501,2023-01-15,193,26,Shipped
13502,2023-01-08,510,2,Delivered
13503,2023-05-22,126,4,Inprogress
13504,2021-06-08,457,8,Delivered
13505,2021-09-09,517,31,Returned
13506,2021-03-28,783,21,Delivered
13507,2021-01-20,491,13,Delivered
13508,2022-09-16,204,13,Shipped
13509,2022-01-19,578,29,Delivered
13510,2022-11-29,534,32,Shipped
13511,2022-04-17,861,31,Inprogress
13512,2023-11-24,875,28,Inprogress
13513,2023-03-08,599,30,Delivered
13514,2022-07-28,220,15,Delivered
13515,2022-12-16,779,15,Delivered
13516,2023-09-22,686,51,Delivered
13517,2022-09-07,662,46,Inprogress
13518,2023-12-07,778,25,Delivered
13519,2021-10-25,576,15,Delivered
13520,2023-07-18,33,3,Inprogress
13521,2021-06-08,896,14,Inprogress
13522,2020-08-26,472,12,Delivered
13523,2020-09-05,563,15,Delivered
13524,2021-11-17,185,48,Delivered
13525,2021-04-17,557,37,Cancelled
13526,2023-07-26,78,42,Shipped
13527,2020-10-28,311,48,Shipped
13528,2020-12-01,784,6,Delivered
13529,2023-06-19,842,15,Shipped
13530,2020-05-31,875,34,Delivered
13531,2022-07-25,475,26,Delivered
13532,2023-04-17,309,25,Delivered
13533,2021-06-07,661,14,Shipped
13534,2022-01-22,804,18,Delivered
13535,2023-10-29,258,29,Delivered
13536,2023-04-03,57,50,Cancelled
13537,2023-01-16,335,22,Inprogress
13538,2021-05-25,525,14,Delivered
13539,2022-12-29,81,35,Returned
13540,2023-04-24,331,52,Delivered
13541,2023-06-24,735,20,Shipped
13542,2023-10-13,536,32,Shipped
13543,2021-02-08,711,53,Delivered
13544,2020-07-07,646,16,Returned
13545,2020-12-02,310,34,Delivered
13546,2022-10-22,109,20,Delivered
13547,2023-04-14,582,53,Shipped
13548,2022-09-30,61,44,Delivered
13549,2020-02-03,649,17,Delivered
13550,2021-05-12,174,6,Shipped
13551,2021-09-13,208,10,Delivered
13552,2021-10-12,469,18,Shipped
13553,2020-09-12,229,8,Delivered
13554,2020-08-22,630,30,Delivered
13555,2022-06-05,296,49,Inprogress
13556,2020-01-03,93,23,Delivered
13557,2020-03-13,99,16,Shipped
13558,2023-06-23,717,9,Shipped
13559,2021-08-20,206,46,Cancelled
13560,2022-08-06,832,30,Shipped
13561,2022-12-05,812,49,Delivered
13562,2023-12-02,454,19,Shipped
13563,2023-11-01,824,13,Delivered
13564,2021-11-24,474,45,Shipped
13565,2022-10-01,840,50,Delivered
13566,2022-01-02,483,4,Cancelled
13567,2022-12-06,49,8,Delivered
13568,2023-01-18,378,21,Shipped
13569,2020-02-16,833,34,Delivered
13570,2022-05-15,687,18,Delivered
13571,2022-07-06,356,6,Delivered
13572,2023-08-02,108,21,Delivered
13573,2021-03-13,762,13,Shipped
13574,2020-07-30,566,33,Delivered
13575,2021-02-14,735,46,Delivered
13576,2021-06-29,22,36,Delivered
13577,2021-09-08,845,22,Delivered
13578,2022-07-14,624,54,Delivered
13579,2022-10-19,395,1,Returned
13580,2022-04-16,485,23,Delivered
13581,2020-12-27,661,28,Inprogress
13582,2023-05-28,753,4,Delivered
13583,2022-12-12,587,34,Delivered
13584,2021-06-30,630,4,Delivered
13585,2020-06-07,438,51,Inprogress
13586,2022-06-15,337,6,Shipped
13587,2020-09-26,837,7,Delivered
13588,2023-04-15,70,54,Delivered
13589,2021-12-07,477,22,Inprogress
13590,2023-07-01,521,47,Inprogress
13591,2020-08-27,756,52,Shipped
13592,2022-01-19,461,28,Inprogress
13593,2020-01-09,725,9,Shipped
13594,2020-03-09,726,26,Delivered
13595,2023-03-05,355,14,Delivered
13596,2020-08-26,380,23,Delivered
13597,2020-10-23,333,4,Inprogress
13598,2023-03-24,716,47,Delivered
13599,2020-07-17,219,17,Inprogress
13600,2023-08-30,607,50,Shipped
13601,2022-08-09,821,9,Inprogress
13602,2023-08-16,387,35,Inprogress
13603,2022-06-13,501,12,Inprogress
13604,2023-02-26,60,33,Delivered
13605,2022-11-15,279,48,Delivered
13606,2021-01-30,175,31,Delivered
13607,2020-07-24,491,27,Inprogress
13608,2023-02-10,891,1,Shipped
13609,2021-12-16,283,48,Inprogress
13610,2023-07-15,809,37,Inprogress
13611,2022-12-28,715,1,Delivered
13612,2020-10-06,165,6,Shipped
13613,2021-09-27,863,22,Delivered
13614,2022-11-29,217,11,Delivered
13615,2022-02-25,749,23,Delivered
13616,2023-10-14,138,28,Delivered
13617,2023-01-03,543,49,Shipped
13618,2023-03-12,899,24,Shipped
13619,2021-03-08,461,36,Delivered
13620,2021-12-22,766,2,Shipped
13621,2023-06-15,772,9,Shipped
13622,2022-06-01,479,17,Shipped
13623,2021-10-07,795,5,Delivered
13624,2021-07-17,852,22,Delivered
13625,2020-08-01,85,51,Inprogress
13626,2023-10-07,304,54,Inprogress
13627,2021-07-07,336,19,Shipped
13628,2020-11-30,393,45,Delivered
13629,2020-03-07,147,53,Inprogress
13630,2021-01-23,842,17,Inprogress
13631,2022-09-13,196,15,Delivered
13632,2023-09-15,848,10,Delivered
13633,2021-02-16,23,23,Delivered
13634,2021-10-31,698,10,Inprogress
13635,2022-09-30,652,48,Delivered
13636,2022-01-04,543,11,Inprogress
13637,2021-11-24,112,40,Delivered
13638,2020-08-02,810,52,Delivered
13639,2023-04-19,601,48,Delivered
13640,2021-12-08,5,36,Shipped
13641,2023-06-13,312,22,Delivered
13642,2020-09-20,203,51,Shipped
13643,2020-01-20,719,10,Inprogress
13644,2021-01-13,421,42,Delivered
13645,2020-01-19,406,35,Delivered
13646,2022-11-06,33,45,Delivered
13647,2020-12-09,199,37,Delivered
13648,2022-07-27,394,52,Cancelled
13649,2022-01-10,18,4,Inprogress
13650,2022-10-08,264,53,Delivered
13651,2022-02-26,570,23,Delivered
13652,2022-12-29,755,15,Delivered
13654,2023-03-07,821,29,Inprogress
13655,2023-07-28,802,31,Shipped
13656,2020-05-17,378,52,Inprogress
13657,2022-03-31,121,19,Delivered
13658,2020-09-24,758,18,Inprogress
13659,2020-05-09,866,37,Delivered
13660,2021-05-07,440,53,Delivered
13661,2022-01-31,111,6,Delivered
13662,2021-06-15,537,40,Shipped
13663,2021-09-05,422,7,Shipped
13664,2021-10-20,657,25,Delivered
13665,2020-12-29,169,16,Shipped
13666,2023-07-27,85,28,Cancelled
13667,2021-08-01,309,34,Inprogress
13668,2021-12-19,605,11,Delivered
13669,2023-10-18,586,10,Delivered
13670,2020-11-28,79,7,Delivered
13671,2021-10-06,306,36,Delivered
13672,2023-11-04,654,10,Inprogress
13673,2021-07-18,92,14,Delivered
13674,2021-01-01,206,37,Delivered
13675,2021-05-27,803,37,Shipped
13676,2023-03-12,501,29,Delivered
13677,2023-07-09,527,10,Delivered
13678,2020-11-20,526,38,Delivered
13679,2021-09-01,896,2,Inprogress
13680,2020-03-13,738,27,Delivered
13681,2021-02-24,385,7,Delivered
13682,2021-12-15,142,5,Delivered
13683,2021-06-11,731,3,Delivered
13684,2021-11-03,436,25,Delivered
13685,2023-09-25,320,33,Shipped
13686,2021-11-06,630,53,Inprogress
13687,2020-01-11,532,44,Inprogress
13688,2020-01-15,328,30,Shipped
13689,2020-03-09,307,11,Delivered
13690,2020-10-27,520,28,Delivered
13691,2023-10-04,825,49,Delivered
13692,2021-07-07,209,11,Shipped
13693,2023-11-07,11,8,Cancelled
13694,2020-04-09,140,47,Delivered
13695,2022-02-01,877,27,Delivered
13696,2020-05-13,27,11,Delivered
13697,2023-06-04,153,28,Delivered
13698,2022-09-19,109,7,Inprogress
13699,2022-03-23,142,47,Shipped
13700,2022-11-19,237,34,Inprogress
13701,2021-11-18,420,13,Shipped
13702,2020-11-03,640,27,Shipped
13703,2022-11-14,154,37,Inprogress
13704,2022-11-13,95,2,Delivered
13705,2021-03-18,723,21,Returned
13706,2021-01-30,489,47,Delivered
13707,2021-11-24,563,1,Delivered
13708,2020-03-04,290,35,Delivered
13709,2022-04-01,230,31,Delivered
13710,2020-04-20,788,7,Inprogress
13711,2022-02-06,883,40,Delivered
13712,2023-11-26,350,10,Cancelled
13713,2023-03-18,326,44,Shipped
13714,2023-08-10,190,14,Shipped
13715,2020-12-28,587,22,Delivered
13716,2023-04-15,782,21,Inprogress
13717,2022-10-04,30,5,Shipped
13718,2023-04-10,544,12,Shipped
13719,2023-08-14,672,44,Delivered
13720,2021-08-31,854,46,Delivered
13721,2021-10-07,318,22,Cancelled
13722,2022-04-28,653,51,Delivered
13723,2021-04-27,762,12,Delivered
13724,2022-06-04,481,42,Shipped
13725,2020-11-06,391,42,Shipped
13726,2023-12-26,645,31,Delivered
13727,2021-08-02,252,52,Delivered
13728,2023-05-09,296,47,Delivered
13729,2022-03-11,69,35,Delivered
13730,2023-03-26,577,52,Delivered
13731,2022-10-02,395,29,Returned
13732,2023-06-04,352,50,Delivered
13733,2023-08-01,353,23,Delivered
13734,2020-05-04,440,53,Delivered
13735,2020-11-22,790,25,Delivered
13736,2022-01-15,636,18,Delivered
13737,2020-06-06,287,50,Delivered
13738,2020-03-19,101,9,Delivered
13739,2023-12-01,260,44,Delivered
13740,2023-10-30,581,38,Shipped
13741,2023-11-03,719,21,Shipped
13742,2020-10-07,780,33,Inprogress
13743,2020-07-06,579,19,Delivered
13744,2021-01-02,95,51,Delivered
13745,2020-11-11,626,27,Inprogress
13746,2022-05-04,82,7,Inprogress
13747,2021-11-04,162,32,Delivered
13748,2022-10-06,448,11,Delivered
13749,2023-01-02,493,43,Inprogress
13750,2023-01-21,731,14,Delivered
13751,2022-08-07,312,16,Delivered
13752,2023-10-19,638,5,Delivered
13753,2020-10-03,635,31,Inprogress
13754,2022-02-26,168,37,Delivered
13755,2023-12-17,200,13,Delivered
13756,2023-07-26,79,39,Shipped
13757,2022-07-08,241,23,Delivered
13758,2020-07-07,711,15,Delivered
13759,2022-07-01,16,6,Shipped
13760,2021-10-02,571,32,Delivered
13761,2020-06-03,120,34,Delivered
13762,2021-02-26,532,17,Delivered
13763,2023-10-15,843,15,Delivered
13764,2023-02-19,423,36,Delivered
13765,2020-07-26,718,22,Delivered
13766,2020-10-05,77,28,Shipped
13767,2021-08-04,417,49,Inprogress
13768,2021-04-25,836,46,Delivered
13769,2021-12-11,146,47,Shipped
13770,2023-12-27,646,37,Delivered
13771,2023-01-29,168,46,Returned
13772,2022-04-02,453,35,Delivered
13773,2021-10-14,297,28,Delivered
13774,2023-04-15,792,13,Cancelled
13775,2020-05-03,169,49,Delivered
13776,2023-07-20,429,54,Inprogress
13777,2020-05-04,742,37,Delivered
13778,2021-10-16,577,40,Delivered
13779,2023-06-22,343,8,Inprogress
13780,2023-02-23,479,21,Shipped
13781,2022-08-03,674,10,Inprogress
13782,2022-02-14,146,37,Delivered
13783,2021-01-28,821,3,Cancelled
13784,2022-03-22,852,19,Delivered
13785,2023-05-25,722,32,Inprogress
13786,2022-04-27,223,36,Shipped
13787,2020-04-10,370,49,Delivered
13788,2022-05-11,79,42,Shipped
13789,2020-06-09,879,12,Delivered
13790,2021-09-22,321,47,Shipped
13791,2022-01-19,217,6,Delivered
13792,2020-02-16,529,52,Delivered
13793,2022-03-01,103,36,Delivered
13794,2021-10-17,816,18,Shipped
13795,2022-06-11,841,12,Delivered
13796,2023-07-12,407,23,Delivered
13797,2023-09-02,310,20,Shipped
13798,2022-12-13,475,10,Inprogress
13799,2021-07-21,746,4,Cancelled
13800,2022-06-03,110,16,Inprogress
13801,2022-04-03,884,40,Delivered
13802,2023-01-17,764,41,Delivered
13803,2020-07-11,836,36,Delivered
13804,2022-06-09,23,40,Inprogress
13805,2021-11-27,797,21,Delivered
13806,2020-06-19,633,13,Delivered
13807,2021-05-21,159,9,Delivered
13808,2020-04-16,749,9,Delivered
13809,2022-12-24,404,46,Delivered
13810,2023-09-27,525,34,Delivered
13811,2021-07-27,648,51,Shipped
13812,2023-04-05,811,11,Inprogress
13813,2022-09-12,19,24,Delivered
13814,2023-10-06,255,31,Shipped
13815,2021-09-28,169,34,Delivered
13816,2023-02-11,96,14,Delivered
13817,2020-07-06,688,30,Delivered
13818,2022-08-16,788,24,Delivered
13819,2020-07-08,371,16,Shipped
13820,2020-11-17,56,39,Shipped
13821,2023-05-19,152,38,Delivered
13822,2020-04-04,101,27,Delivered
13823,2023-07-30,584,33,Shipped
13824,2023-11-22,404,6,Inprogress
13825,2022-07-01,369,37,Shipped
13826,2020-02-13,519,6,Delivered
13827,2021-10-19,438,50,Delivered
13828,2020-10-02,689,5,Shipped
13829,2021-04-05,429,29,Inprogress
13830,2022-06-11,445,36,Delivered
13831,2022-05-15,205,40,Shipped
13832,2021-05-26,255,51,Delivered
13833,2023-09-09,396,7,Returned
13834,2022-08-24,683,32,Delivered
13835,2020-03-07,623,47,Shipped
13836,2023-09-25,827,18,Delivered
13837,2022-04-02,156,46,Delivered
13838,2023-11-03,604,13,Delivered
13839,2020-11-08,16,46,Shipped
13840,2021-02-13,322,33,Delivered
13841,2021-07-17,56,21,Delivered
13842,2022-05-11,154,29,Shipped
13843,2021-10-29,853,33,Delivered
13844,2020-09-05,492,13,Delivered
13845,2021-01-10,379,41,Delivered
13846,2021-06-22,55,26,Delivered
13847,2022-10-27,781,19,Shipped
13848,2022-04-30,19,11,Delivered
13849,2021-08-04,898,27,Delivered
13850,2021-12-23,863,37,Delivered
13851,2021-06-02,68,30,Delivered
13852,2021-01-22,240,3,Delivered
13853,2021-03-21,421,41,Delivered
13854,2022-10-09,552,21,Delivered
13855,2022-02-25,784,32,Delivered
13856,2023-01-26,293,1,Delivered
13857,2022-08-21,499,42,Cancelled
13858,2021-03-07,486,45,Delivered
13859,2021-03-01,648,7,Delivered
13860,2023-04-29,732,51,Inprogress
13861,2020-06-16,241,19,Inprogress
13862,2020-04-25,637,21,Shipped
13863,2023-07-15,832,39,Delivered
13864,2020-03-08,655,4,Cancelled
13865,2021-04-05,874,43,Delivered
13866,2021-11-18,885,14,Delivered
13867,2021-09-01,63,2,Shipped
13868,2020-06-14,395,54,Delivered
13869,2020-02-17,503,22,Cancelled
13870,2021-04-10,398,38,Cancelled
13871,2023-03-10,794,36,Cancelled
13872,2020-12-01,498,48,Delivered
13873,2021-02-06,485,30,Shipped
13874,2021-09-01,198,20,Delivered
13875,2021-05-08,758,27,Inprogress
13876,2022-04-20,451,40,Cancelled
13877,2021-09-16,470,9,Delivered
13878,2023-08-06,887,31,Delivered
13879,2020-02-29,771,4,Delivered
13880,2020-02-17,108,39,Delivered
13881,2023-08-23,34,35,Delivered
13882,2022-01-10,766,19,Inprogress
13883,2021-06-27,176,17,Delivered
13884,2022-02-13,85,1,Delivered
13885,2021-07-18,221,2,Shipped
13886,2021-02-12,549,4,Delivered
13887,2023-08-16,496,32,Delivered
13888,2023-12-13,818,38,Inprogress
13889,2020-01-17,604,47,Shipped
13890,2023-07-12,8,25,Cancelled
13891,2020-03-07,890,46,Delivered
13892,2021-02-24,209,22,Delivered
13893,2020-01-08,167,30,Shipped
13894,2020-07-07,414,32,Delivered
13895,2021-02-18,785,36,Shipped
13896,2021-08-22,751,38,Delivered
13897,2023-06-11,644,12,Inprogress
13898,2023-10-09,226,12,Cancelled
13899,2021-05-17,574,46,Delivered
13900,2021-03-18,517,29,Cancelled
13901,2022-12-13,571,2,Delivered
13902,2022-12-11,485,42,Inprogress
13903,2021-06-29,284,4,Shipped
13904,2022-02-10,165,19,Delivered
13905,2021-10-23,390,22,Delivered
13906,2021-09-13,791,54,Cancelled
13907,2020-08-19,68,33,Delivered
13908,2020-09-08,460,52,Delivered
13909,2022-04-14,604,42,Delivered
13910,2022-11-05,559,4,Delivered
13911,2023-09-30,237,49,Delivered
13912,2023-04-12,737,18,Delivered
13913,2020-06-27,832,38,Inprogress
13914,2022-11-27,734,51,Delivered
13915,2020-03-30,344,34,Shipped
13916,2021-06-26,896,12,Delivered
13917,2023-08-27,71,44,Cancelled
13918,2022-06-30,389,32,Delivered
13919,2022-08-17,436,6,Shipped
13920,2023-04-14,21,43,Delivered
13921,2023-08-14,48,18,Cancelled
13922,2022-04-15,394,45,Delivered
13923,2020-08-29,744,26,Cancelled
13924,2023-08-20,182,52,Shipped
13925,2022-02-05,12,19,Shipped
13926,2022-05-11,425,7,Delivered
13927,2021-04-18,447,3,Inprogress
13928,2023-02-05,702,37,Delivered
13929,2021-07-04,83,20,Inprogress
13930,2023-09-18,48,8,Returned
13931,2023-10-24,355,15,Shipped
13932,2023-04-19,700,39,Cancelled
13933,2022-08-05,359,54,Inprogress
13934,2021-06-16,793,11,Shipped
13935,2023-07-17,250,53,Delivered
13936,2022-02-12,387,34,Inprogress
13937,2021-06-15,448,17,Inprogress
13938,2020-04-06,723,21,Delivered
13939,2020-03-16,3,50,Delivered
13940,2021-08-28,707,14,Delivered
13941,2021-05-03,454,49,Delivered
13942,2023-08-15,43,49,Delivered
13943,2021-08-12,587,47,Delivered
13944,2021-08-14,181,17,Inprogress
13945,2022-12-16,400,26,Delivered
13946,2023-10-24,402,32,Cancelled
13947,2023-06-25,507,8,Shipped
13948,2023-09-25,670,4,Inprogress
13949,2020-04-14,243,40,Shipped
13950,2022-03-28,827,38,Delivered
13951,2021-06-25,191,35,Cancelled
13952,2023-04-26,822,36,Shipped
13953,2022-05-01,222,25,Inprogress
13954,2021-03-10,763,54,Shipped
13955,2022-09-14,631,54,Inprogress
13956,2023-02-28,363,15,Shipped
13957,2021-03-17,599,30,Shipped
13958,2023-05-17,762,14,Delivered
13959,2020-10-14,374,8,Shipped
13960,2020-11-14,250,50,Delivered
13961,2022-03-13,169,22,Delivered
13962,2022-08-05,873,10,Delivered
13963,2020-01-13,562,3,Returned
13964,2022-02-08,184,27,Cancelled
13965,2020-07-16,747,23,Shipped
13966,2020-01-30,786,28,Delivered
13967,2020-10-12,397,28,Shipped
13968,2023-07-02,123,13,Inprogress
13969,2023-08-15,757,44,Delivered
13970,2022-03-30,254,29,Returned
13971,2021-11-30,243,32,Delivered
13972,2021-06-15,387,6,Delivered
13973,2022-09-11,242,25,Shipped
13974,2020-11-12,403,25,Delivered
13975,2022-03-28,10,36,Shipped
13976,2022-07-12,477,24,Delivered
13977,2023-02-28,422,12,Delivered
13978,2022-03-06,381,20,Delivered
13979,2020-09-22,813,22,Shipped
13980,2021-10-25,682,51,Delivered
13981,2022-03-29,240,5,Delivered
13982,2020-01-13,391,35,Delivered
13983,2021-05-14,43,46,Delivered
13984,2022-08-24,746,3,Returned
13985,2020-01-09,302,23,Shipped
13986,2020-05-28,608,23,Delivered
13987,2022-04-01,481,3,Shipped
13988,2022-07-02,409,48,Delivered
13989,2021-09-09,725,23,Delivered
13990,2021-08-05,396,4,Delivered
13991,2020-11-12,391,1,Delivered
13992,2023-06-02,226,7,Delivered
13993,2022-03-20,514,5,Returned
13994,2023-09-09,681,1,Shipped
13995,2020-07-21,508,15,Delivered
13996,2021-03-22,151,30,Delivered
13997,2022-11-19,230,33,Cancelled
13998,2021-04-27,817,20,Delivered
13999,2022-12-30,454,8,Shipped
14000,2022-09-18,647,37,Delivered
14001,2022-03-07,674,11,Inprogress
14002,2021-10-01,754,37,Inprogress
14003,2020-10-19,745,53,Delivered
14004,2021-07-27,852,1,Delivered
14005,2021-03-09,186,46,Inprogress
14006,2023-07-01,531,42,Delivered
14007,2023-04-09,250,21,Inprogress
14008,2021-01-26,122,11,Delivered
14009,2020-05-05,693,12,Delivered
14010,2020-01-25,292,1,Delivered
14011,2022-11-09,752,28,Shipped
14012,2023-12-06,895,39,Cancelled
14013,2020-03-17,807,31,Returned
14014,2020-09-16,603,38,Delivered
14015,2021-04-05,626,46,Delivered
14016,2020-10-16,625,34,Shipped
14017,2021-01-01,206,18,Delivered
14018,2023-12-01,612,12,Shipped
14019,2022-08-29,613,14,Delivered
14020,2022-04-25,182,16,Delivered
14021,2023-01-17,322,3,Delivered
14022,2022-11-01,288,17,Inprogress
14023,2021-08-16,51,42,Cancelled
14024,2021-01-11,511,50,Shipped
14025,2022-11-29,805,45,Shipped
14026,2022-10-09,689,41,Shipped
14027,2023-07-23,750,39,Delivered
14028,2020-11-23,187,32,Delivered
14029,2020-10-11,571,37,Inprogress
14030,2023-02-03,282,9,Delivered
14031,2021-07-17,363,28,Inprogress
14032,2020-01-04,784,20,Delivered
14033,2022-06-12,697,36,Delivered
14034,2021-11-17,3,24,Shipped
14035,2022-12-06,48,13,Inprogress
14036,2020-09-05,34,32,Delivered
14037,2020-07-14,196,11,Delivered
14038,2022-07-14,509,4,Delivered
14039,2023-10-07,267,47,Inprogress
14040,2021-06-03,18,16,Inprogress
14041,2023-06-29,403,49,Inprogress
14042,2022-01-11,318,17,Shipped
14043,2021-07-03,271,27,Inprogress
14044,2021-06-13,512,52,Returned
14045,2023-11-20,458,23,Delivered
14046,2022-04-14,730,11,Inprogress
14047,2023-08-13,761,48,Delivered
14048,2021-07-30,867,38,Inprogress
14049,2023-01-24,593,32,Delivered
14050,2022-09-15,897,18,Shipped
14051,2022-06-09,31,52,Delivered
14052,2022-12-11,841,54,Delivered
14053,2020-05-09,60,23,Shipped
14054,2021-04-25,532,50,Delivered
14055,2022-06-09,17,31,Cancelled
14056,2020-12-15,185,29,Delivered
14057,2023-03-11,51,39,Shipped
14058,2023-01-08,1,21,Delivered
14059,2022-11-13,157,40,Inprogress
14060,2021-12-24,290,50,Delivered
14061,2021-06-10,644,23,Cancelled
14062,2021-05-23,586,18,Delivered
14063,2023-04-15,38,24,Shipped
14064,2022-09-03,719,12,Delivered
14065,2022-10-08,639,8,Inprogress
14066,2022-02-11,194,35,Shipped
14067,2020-11-10,714,12,Delivered
14068,2022-01-28,861,48,Delivered
14069,2023-07-19,189,9,Cancelled
14070,2021-10-07,471,2,Delivered
14071,2021-08-24,749,19,Delivered
14072,2022-12-02,659,24,Inprogress
14073,2022-05-17,877,54,Delivered
14074,2023-07-18,324,31,Delivered
14075,2023-05-08,397,4,Delivered
14076,2020-11-06,342,39,Cancelled
14077,2023-03-12,53,49,Cancelled
14078,2021-04-30,40,10,Delivered
14079,2020-12-27,192,41,Shipped
14080,2023-06-09,787,44,Delivered
14081,2022-06-25,25,48,Delivered
14082,2020-06-25,691,45,Delivered
14083,2022-01-13,801,46,Shipped
14084,2022-06-15,898,48,Inprogress
14085,2020-10-06,801,23,Delivered
14086,2023-09-27,827,3,Cancelled
14087,2022-03-27,418,41,Delivered
14088,2020-10-28,814,36,Inprogress
14089,2021-10-18,470,16,Delivered
14090,2022-07-07,489,4,Cancelled
14091,2020-07-10,279,26,Delivered
14092,2021-11-22,235,2,Inprogress
14093,2022-08-14,895,51,Delivered
14094,2020-07-27,705,20,Returned
14095,2022-09-29,383,33,Shipped
14096,2020-01-17,779,13,Delivered
14097,2020-07-19,224,15,Delivered
14098,2023-09-21,595,30,Inprogress
14099,2023-05-13,416,31,Delivered
14100,2022-01-09,483,23,Delivered
14101,2021-12-15,289,47,Delivered
14102,2021-06-19,161,39,Delivered
14103,2021-01-16,595,18,Shipped
14104,2021-07-27,17,24,Delivered
14105,2021-01-23,179,41,Shipped
14106,2022-04-01,759,52,Delivered
14107,2023-07-01,424,32,Delivered
14108,2020-05-01,717,4,Delivered
14109,2023-05-05,83,51,Inprogress
14110,2023-03-16,165,21,Shipped
14111,2021-03-13,368,28,Shipped
14112,2023-09-07,431,2,Delivered
14113,2020-07-24,98,9,Cancelled
14114,2020-04-19,777,45,Delivered
14115,2023-06-12,629,7,Inprogress
14116,2023-02-07,556,16,Delivered
14117,2023-09-05,372,15,Shipped
14118,2022-05-15,564,15,Cancelled
14119,2020-01-03,492,19,Shipped
14120,2021-01-01,758,33,Delivered
14121,2021-01-26,139,6,Delivered
14122,2022-05-08,442,12,Delivered
14123,2022-09-29,442,1,Delivered
14124,2022-03-20,851,48,Inprogress
14125,2021-12-01,652,4,Delivered
14126,2020-11-05,718,30,Delivered
14127,2023-02-01,354,3,Inprogress
14128,2022-10-21,664,14,Shipped
14129,2020-12-16,123,7,Delivered
14130,2020-08-28,501,45,Shipped
14131,2020-09-09,118,31,Delivered
14132,2023-02-02,803,3,Delivered
14133,2023-03-31,717,18,Shipped
14134,2023-09-04,772,15,Delivered
14135,2020-06-06,806,35,Shipped
14136,2023-02-15,780,5,Delivered
14137,2022-12-16,671,13,Inprogress
14138,2022-01-29,461,29,Delivered
14139,2022-02-14,403,15,Delivered
14140,2023-12-30,132,1,Inprogress
14141,2021-06-24,336,22,Shipped
14142,2021-02-10,891,16,Inprogress
14143,2021-10-12,353,30,Inprogress
14144,2020-07-21,236,38,Inprogress
14145,2020-07-07,116,33,Delivered
14146,2021-07-10,207,40,Delivered
14147,2023-09-13,240,27,Shipped
14148,2020-11-16,501,42,Inprogress
14149,2022-04-09,710,3,Delivered
14150,2022-03-31,437,39,Shipped
14151,2020-06-10,17,15,Delivered
14152,2020-02-26,4,32,Delivered
14153,2020-11-27,201,40,Inprogress
14154,2022-03-14,42,31,Cancelled
14155,2020-06-06,716,12,Inprogress
14156,2023-11-21,703,11,Shipped
14157,2023-02-20,571,20,Delivered
14158,2021-10-08,271,42,Shipped
14159,2020-02-17,466,11,Delivered
14160,2020-06-04,102,54,Delivered
14161,2020-08-23,731,12,Shipped
14162,2020-01-30,644,18,Delivered
14163,2023-12-05,560,42,Shipped
14164,2021-10-14,514,46,Delivered
14165,2020-12-21,410,7,Returned
14166,2022-02-12,631,11,Shipped
14167,2021-01-20,193,40,Delivered
14168,2022-09-19,533,47,Delivered
14169,2022-06-04,501,49,Delivered
14170,2021-09-25,539,16,Inprogress
14171,2020-04-28,756,36,Cancelled
14172,2021-10-09,863,1,Delivered
14173,2020-08-15,890,51,Inprogress
14174,2021-05-20,628,47,Delivered
14175,2020-01-13,768,39,Shipped
14176,2020-09-02,595,43,Shipped
14177,2022-07-20,90,43,Inprogress
14178,2021-01-21,505,3,Inprogress
14179,2022-07-09,487,26,Cancelled
14180,2021-08-24,452,37,Delivered
14181,2020-08-16,170,16,Inprogress
14182,2022-01-11,65,25,Shipped
14183,2021-02-01,319,15,Inprogress
14184,2021-07-03,319,31,Delivered
14185,2021-03-17,90,21,Inprogress
14186,2020-04-16,725,23,Delivered
14187,2020-02-16,316,39,Delivered
14188,2022-03-09,2,24,Delivered
14189,2022-04-12,581,19,Inprogress
14190,2020-09-15,401,16,Delivered
14191,2023-05-18,127,12,Delivered
14192,2023-01-25,59,1,Delivered
14193,2023-01-16,182,33,Shipped
14194,2022-08-30,763,54,Shipped
14195,2021-12-05,26,8,Delivered
14196,2022-07-09,728,22,Delivered
14197,2020-06-09,371,39,Delivered
14198,2021-04-12,490,54,Delivered
14199,2021-10-01,628,53,Delivered
14200,2022-12-08,82,23,Cancelled
14201,2022-01-15,659,50,Inprogress
14202,2022-07-12,453,41,Delivered
14203,2020-01-08,751,46,Shipped
14204,2023-03-13,133,34,Delivered
14205,2021-01-13,460,46,Delivered
14206,2023-04-06,67,5,Delivered
14207,2022-10-02,477,34,Delivered
14208,2020-01-03,693,50,Delivered
14209,2023-03-16,493,49,Inprogress
14210,2023-01-06,518,10,Delivered
14211,2021-08-17,351,16,Shipped
14212,2023-05-24,754,41,Delivered
14213,2023-12-10,828,9,Delivered
14214,2023-04-10,160,8,Delivered
14215,2021-04-18,352,18,Delivered
14216,2020-09-26,861,11,Shipped
14217,2021-01-15,448,17,Shipped
14218,2020-02-15,842,14,Delivered
14219,2023-09-29,12,29,Delivered
14220,2021-01-26,205,23,Shipped
14221,2021-11-05,94,35,Returned
14222,2021-01-13,705,33,Delivered
14223,2020-08-13,582,7,Delivered
14224,2020-11-06,214,54,Delivered
14225,2021-01-16,386,53,Inprogress
14226,2021-05-09,112,33,Cancelled
14227,2020-02-29,380,15,Delivered
14228,2023-08-30,710,15,Cancelled
14229,2020-10-02,828,31,Returned
14230,2021-08-18,819,16,Inprogress
14231,2022-07-15,208,47,Delivered
14232,2022-08-10,676,53,Delivered
14233,2023-07-20,157,6,Shipped
14234,2023-04-22,45,5,Shipped
14235,2021-10-18,69,53,Inprogress
14236,2023-08-13,753,50,Shipped
14237,2022-12-04,514,42,Shipped
14238,2021-09-24,818,42,Shipped
14239,2023-11-06,18,30,Inprogress
14240,2020-08-01,862,43,Shipped
14241,2021-02-02,735,29,Delivered
14242,2021-01-31,348,16,Shipped
14243,2022-07-05,47,36,Inprogress
14244,2022-09-23,639,42,Shipped
14245,2023-07-21,318,45,Delivered
14246,2020-07-01,174,32,Inprogress
14247,2020-04-25,62,41,Inprogress
14248,2020-07-19,857,48,Cancelled
14249,2023-03-27,742,39,Delivered
14250,2022-06-03,348,17,Delivered
14251,2020-05-03,559,30,Delivered
14252,2022-06-26,241,6,Delivered
14253,2023-04-20,440,43,Shipped
14254,2022-01-07,688,5,Delivered
14255,2022-05-14,467,45,Delivered
14256,2023-03-03,197,35,Delivered
14257,2023-10-16,148,31,Delivered
14258,2022-06-21,244,33,Delivered
14259,2022-05-09,289,9,Delivered
14260,2021-01-21,336,35,Delivered
14261,2020-11-30,683,35,Delivered
14262,2021-04-01,697,33,Delivered
14263,2020-09-18,760,46,Delivered
14264,2022-09-28,181,13,Delivered
14265,2021-07-20,649,27,Delivered
14266,2022-11-09,166,31,Delivered
14267,2023-12-21,352,34,Inprogress
14268,2020-06-09,640,29,Delivered
14269,2023-05-21,885,44,Delivered
14270,2020-06-16,68,14,Inprogress
14271,2022-06-18,660,37,Delivered
14272,2020-02-04,790,34,Delivered
14273,2022-05-17,27,26,Delivered
14274,2020-12-25,60,28,Delivered
14275,2021-05-01,539,15,Shipped
14276,2022-01-18,840,6,Inprogress
14277,2022-12-30,68,53,Shipped
14278,2021-12-13,886,5,Delivered
14279,2022-02-12,248,7,Delivered
14280,2022-08-27,885,54,Delivered
14281,2022-10-06,462,31,Shipped
14282,2021-08-19,451,14,Delivered
14283,2022-04-22,488,49,Delivered
14284,2020-02-22,597,20,Cancelled
14285,2022-12-05,128,28,Cancelled
14286,2023-12-26,537,21,Inprogress
14287,2021-05-01,789,53,Delivered
14288,2020-08-17,327,48,Delivered
14289,2023-07-16,363,13,Delivered
14290,2020-02-11,487,7,Inprogress
14291,2023-04-24,5,18,Delivered
14292,2023-07-15,231,38,Cancelled
14293,2020-09-26,1,36,Shipped
14294,2021-01-02,830,52,Delivered
14295,2022-03-19,706,38,Delivered
14296,2023-05-30,344,24,Delivered
14297,2020-05-08,161,35,Delivered
14298,2020-10-23,315,53,Inprogress
14299,2023-03-28,663,53,Delivered
14300,2022-07-13,119,21,Inprogress
14301,2022-01-21,356,25,Inprogress
14302,2021-05-08,893,9,Delivered
14303,2022-01-06,712,50,Inprogress
14304,2021-04-02,891,43,Delivered
14305,2020-08-27,874,44,Delivered
14306,2021-12-18,126,46,Delivered
14307,2022-12-01,407,27,Shipped
14308,2021-07-28,772,40,Delivered
14309,2021-08-26,584,26,Delivered
14310,2023-04-26,615,39,Shipped
14311,2023-05-14,885,36,Shipped
14312,2020-11-03,389,30,Inprogress
14313,2021-02-09,796,20,Shipped
14314,2020-03-12,125,34,Delivered
14315,2022-06-22,792,11,Delivered
14316,2020-08-05,593,1,Delivered
14317,2020-12-21,671,47,Cancelled
14318,2020-03-01,834,21,Inprogress
14319,2023-04-02,210,29,Inprogress
14320,2021-03-03,792,35,Shipped
14321,2023-06-21,541,17,Delivered
14322,2020-07-12,714,31,Delivered
14323,2023-08-23,854,17,Shipped
14324,2021-09-20,285,14,Delivered
14325,2023-03-05,58,16,Delivered
14326,2021-02-24,801,29,Delivered
14327,2022-01-10,835,28,Returned
14328,2020-09-14,872,16,Delivered
14329,2021-04-24,593,7,Delivered
14330,2023-04-01,347,15,Delivered
14331,2023-10-09,396,11,Delivered
14332,2023-11-19,44,30,Shipped
14333,2023-09-10,701,39,Delivered
14334,2023-10-17,587,10,Inprogress
14335,2021-11-19,514,4,Inprogress
14336,2020-01-24,782,50,Inprogress
14337,2022-05-10,815,4,Shipped
14338,2022-08-16,649,44,Inprogress
14339,2020-05-16,398,25,Shipped
14340,2022-08-07,320,17,Delivered
14341,2022-04-25,581,36,Inprogress
14342,2021-11-07,32,15,Delivered
14343,2023-12-19,687,6,Inprogress
14344,2022-05-15,281,22,Delivered
14345,2023-11-29,139,25,Delivered
14346,2023-01-27,522,14,Returned
14347,2023-11-04,618,23,Delivered
14348,2020-06-04,15,40,Delivered
14349,2021-10-08,591,25,Delivered
14350,2022-04-10,160,17,Delivered
14351,2020-01-26,678,15,Shipped
14352,2021-11-24,492,54,Delivered
14353,2022-05-23,487,35,Shipped
14354,2020-07-20,450,30,Shipped
14355,2023-08-10,84,39,Shipped
14356,2023-11-20,181,19,Delivered
14357,2021-10-19,311,44,Returned
14358,2023-11-12,142,48,Delivered
14359,2021-03-23,668,34,Delivered
14360,2022-09-09,155,39,Delivered
14361,2021-09-14,348,29,Delivered
14362,2023-01-10,3,1,Inprogress
14363,2023-08-29,378,2,Delivered
14364,2022-09-04,780,15,Shipped
14365,2022-09-04,141,18,Cancelled
14366,2023-12-14,398,47,Delivered
14367,2022-09-09,592,41,Delivered
14368,2022-10-08,551,35,Delivered
14369,2021-10-09,194,6,Inprogress
14370,2022-12-06,5,9,Inprogress
14371,2022-01-28,659,7,Delivered
14372,2021-09-15,738,19,Inprogress
14373,2022-03-09,51,9,Delivered
14374,2020-04-29,110,46,Inprogress
14375,2021-12-02,420,9,Shipped
14376,2020-10-01,60,50,Delivered
14377,2023-01-11,316,9,Delivered
14378,2023-10-06,549,5,Delivered
14379,2021-09-25,589,31,Delivered
14380,2020-07-26,288,38,Delivered
14381,2021-08-31,86,10,Returned
14382,2022-12-21,116,47,Delivered
14383,2023-03-13,376,36,Shipped
14384,2021-07-02,508,31,Shipped
14385,2021-02-09,23,1,Delivered
14386,2021-12-02,13,32,Delivered
14387,2021-09-29,515,46,Delivered
14388,2022-07-22,150,4,Delivered
14389,2020-08-11,265,31,Delivered
14390,2021-04-22,410,43,Delivered
14391,2020-01-11,788,17,Shipped
14392,2023-08-27,126,30,Delivered
14393,2021-07-13,274,33,Shipped
14394,2020-06-10,712,50,Delivered
14395,2021-05-22,498,10,Delivered
14396,2021-11-25,777,20,Cancelled
14397,2023-01-13,682,17,Delivered
14398,2020-12-06,211,39,Shipped
14399,2022-11-13,56,19,Delivered
14400,2022-06-11,635,40,Delivered
14401,2022-10-26,689,1,Delivered
14402,2021-08-07,329,52,Shipped
14403,2023-06-01,175,35,Delivered
14404,2020-06-20,487,41,Cancelled
14405,2023-04-29,497,48,Delivered
14406,2022-08-24,889,34,Inprogress
14407,2023-06-20,116,10,Shipped
14408,2021-04-04,632,11,Returned
14409,2023-06-08,483,30,Shipped
14410,2022-06-13,768,21,Delivered
14411,2023-07-27,657,18,Delivered
14412,2021-11-08,285,43,Delivered
14413,2020-03-09,457,41,Inprogress
14414,2020-01-24,94,4,Delivered
14415,2022-09-06,597,21,Cancelled
14416,2020-10-21,367,23,Delivered
14417,2023-06-17,347,48,Cancelled
14418,2020-06-07,93,8,Delivered
14419,2020-04-02,387,16,Shipped
14420,2021-07-03,66,15,Delivered
14421,2022-04-30,203,47,Shipped
14422,2023-04-10,633,10,Cancelled
14423,2022-08-03,35,52,Delivered
14424,2021-02-05,329,7,Shipped
14425,2021-01-05,459,50,Inprogress
14426,2021-02-02,412,31,Delivered
14427,2021-09-05,605,15,Inprogress
14428,2023-08-15,469,46,Delivered
14429,2023-07-09,212,31,Delivered
14430,2021-06-11,308,34,Shipped
14431,2021-03-02,782,43,Shipped
14432,2020-01-18,717,44,Inprogress
14433,2022-01-22,444,48,Cancelled
14434,2020-11-17,803,32,Shipped
14435,2023-12-23,251,25,Delivered
14436,2023-05-06,207,50,Delivered
14437,2020-02-16,452,52,Delivered
14438,2023-04-06,361,19,Delivered
14439,2023-12-10,186,22,Shipped
14440,2022-06-23,601,44,Delivered
14441,2021-03-22,428,53,Delivered
14442,2023-06-10,879,6,Delivered
14443,2022-03-16,462,42,Delivered
14444,2022-03-18,89,7,Delivered
14445,2021-08-16,694,35,Shipped
14446,2023-01-29,547,44,Delivered
14447,2022-08-23,843,8,Shipped
14448,2020-01-17,250,32,Shipped
14449,2022-11-26,103,32,Delivered
14450,2021-02-16,885,47,Delivered
14451,2022-08-10,579,14,Shipped
14452,2021-04-01,685,34,Delivered
14453,2022-09-14,646,25,Shipped
14454,2022-05-03,439,33,Shipped
14455,2020-03-31,314,52,Delivered
14456,2020-02-12,44,16,Delivered
14457,2021-11-20,795,24,Cancelled
14458,2021-01-12,452,12,Shipped
14459,2023-04-30,185,34,Delivered
14460,2020-10-19,17,36,Delivered
14461,2021-04-26,432,52,Inprogress
14462,2021-12-14,653,27,Shipped
14463,2022-09-13,874,5,Delivered
14464,2022-02-10,267,31,Delivered
14465,2022-11-13,100,53,Delivered
14466,2023-04-14,728,29,Shipped
14467,2022-02-28,284,35,Shipped
14468,2020-04-30,111,13,Delivered
14469,2020-04-13,807,42,Cancelled
14470,2021-02-24,165,30,Delivered
14471,2020-10-03,33,42,Inprogress
14472,2020-11-16,827,54,Inprogress
14473,2021-09-15,188,2,Delivered
14474,2021-06-06,358,36,Shipped
14475,2020-01-21,742,18,Shipped
14476,2021-12-08,135,6,Delivered
14477,2022-02-12,611,7,Shipped
14478,2021-04-21,269,30,Shipped
14479,2021-08-16,702,21,Delivered
14480,2020-05-19,869,19,Delivered
14481,2020-02-12,747,45,Delivered
14482,2022-07-06,799,10,Delivered
14483,2023-03-25,534,25,Delivered
14484,2021-08-18,527,21,Inprogress
14485,2020-12-09,783,29,Delivered
14486,2022-08-14,825,14,Inprogress
14487,2023-08-03,848,34,Cancelled
14488,2021-02-28,745,36,Delivered
14489,2023-07-17,88,26,Inprogress
14490,2020-02-25,863,5,Inprogress
14491,2023-07-22,807,45,Delivered
14492,2020-09-05,811,4,Delivered
14493,2023-08-28,429,46,Delivered
14494,2020-02-27,238,10,Inprogress
14495,2020-12-30,283,36,Delivered
14496,2020-09-28,524,40,Shipped
14497,2021-09-25,86,13,Inprogress
14498,2023-10-17,876,54,Shipped
14499,2023-02-08,815,53,Inprogress
14500,2022-03-25,755,30,Inprogress
14501,2023-09-19,317,2,Shipped
14502,2023-07-10,470,45,Shipped
14503,2020-10-15,776,45,Delivered
14504,2023-05-26,720,20,Delivered
14505,2023-08-04,479,35,Returned
14506,2022-01-17,281,30,Delivered
14507,2022-01-22,551,53,Delivered
14508,2022-06-11,228,17,Shipped
14509,2020-06-06,133,41,Shipped
14510,2021-01-24,288,15,Shipped
14511,2023-09-08,360,35,Delivered
14512,2020-05-06,584,54,Delivered
14513,2021-08-01,300,38,Delivered
14514,2023-10-21,716,16,Inprogress
14515,2020-12-16,819,51,Delivered
14516,2022-07-20,194,45,Delivered
14517,2023-08-12,103,51,Delivered
14518,2021-12-20,111,47,Delivered
14519,2022-05-29,864,8,Shipped
14520,2021-03-11,891,42,Delivered
14521,2021-01-20,267,19,Shipped
14522,2023-03-01,408,13,Delivered
14523,2023-01-03,827,14,Shipped
14524,2023-01-10,557,9,Inprogress
14525,2021-04-29,172,25,Delivered
14526,2022-02-12,249,50,Returned
14527,2021-10-21,635,21,Delivered
14528,2021-02-06,316,2,Delivered
14529,2023-10-04,131,49,Delivered
14530,2021-10-29,525,47,Cancelled
14531,2021-07-10,534,38,Shipped
14532,2020-11-21,886,8,Cancelled
14533,2021-09-24,545,25,Delivered
14534,2022-11-16,347,20,Delivered
14535,2023-11-10,516,23,Delivered
14536,2021-09-03,542,29,Delivered
14537,2020-06-07,169,31,Delivered
14538,2021-01-24,364,5,Delivered
14539,2022-06-25,156,36,Delivered
14540,2020-03-26,84,16,Delivered
14541,2023-03-03,194,41,Shipped
14542,2020-07-22,883,6,Returned
14543,2022-10-23,862,48,Cancelled
14544,2020-02-24,89,30,Delivered
14545,2022-03-29,84,37,Inprogress
14546,2023-02-19,403,20,Delivered
14547,2021-02-18,580,26,Shipped
14548,2020-11-08,507,6,Shipped
14549,2021-06-06,406,51,Inprogress
14550,2023-05-06,780,17,Delivered
14551,2023-09-25,754,52,Shipped
14552,2020-09-29,324,27,Delivered
14553,2021-12-01,440,7,Shipped
14554,2022-07-30,385,53,Delivered
14555,2023-10-15,151,23,Delivered
14556,2022-10-25,518,25,Shipped
14557,2023-12-31,274,16,Delivered
14558,2023-10-24,529,35,Shipped
14559,2021-05-02,611,32,Delivered
14560,2020-06-22,146,6,Cancelled
14561,2022-03-30,423,27,Cancelled
14562,2023-10-03,489,9,Shipped
14563,2023-08-13,602,18,Cancelled
14564,2023-03-01,53,30,Delivered
14565,2022-04-03,363,20,Shipped
14566,2022-02-08,606,17,Delivered
14567,2021-08-28,71,22,Delivered
14568,2020-08-27,434,3,Delivered
14569,2021-07-23,797,20,Shipped
14570,2021-11-08,758,19,Shipped
14571,2022-10-21,753,46,Shipped
14572,2023-12-16,620,16,Delivered
14573,2023-03-30,95,24,Delivered
14574,2022-06-29,103,8,Delivered
14575,2020-06-03,667,2,Shipped
14576,2023-12-27,502,26,Delivered
14577,2021-09-10,557,36,Inprogress
14578,2021-12-15,542,5,Delivered
14579,2020-08-17,32,54,Delivered
14580,2022-07-18,283,25,Inprogress
14581,2022-12-04,641,17,Delivered
14582,2022-11-18,45,54,Delivered
14583,2020-10-02,427,21,Delivered
14584,2021-04-22,492,28,Cancelled
14585,2023-10-30,567,14,Delivered
14586,2021-04-03,551,20,Inprogress
14587,2023-01-19,414,8,Shipped
14588,2021-09-20,45,31,Inprogress
14589,2022-07-19,470,39,Shipped
14590,2022-02-19,721,39,Delivered
14591,2020-11-22,486,27,Cancelled
14592,2020-09-27,517,22,Shipped
14593,2020-05-20,479,41,Delivered
14594,2021-11-17,644,3,Shipped
14595,2021-06-26,469,45,Shipped
14596,2021-07-07,200,36,Delivered
14597,2022-05-28,584,32,Shipped
14598,2021-05-19,487,1,Delivered
14599,2020-09-21,479,9,Shipped
14600,2022-12-13,408,13,Delivered
14601,2023-01-25,777,3,Delivered
14602,2021-03-22,321,50,Delivered
14603,2023-01-28,187,28,Delivered
14604,2022-03-25,647,41,Delivered
14605,2022-10-15,647,30,Shipped
14606,2021-04-11,482,53,Inprogress
14607,2020-12-11,476,23,Shipped
14608,2020-05-24,839,48,Delivered
14609,2021-07-07,533,50,Inprogress
14610,2023-12-11,493,16,Delivered
14611,2020-04-26,250,37,Inprogress
14612,2023-09-09,510,30,Shipped
14613,2020-06-11,683,1,Delivered
14614,2020-08-14,64,16,Inprogress
14615,2021-01-01,633,35,Shipped
14616,2022-08-30,597,42,Delivered
14617,2022-03-01,354,40,Delivered
14618,2023-03-24,821,47,Shipped
14619,2021-03-01,165,31,Delivered
14620,2020-05-16,445,13,Cancelled
14621,2020-03-13,893,20,Shipped
14622,2022-11-06,766,1,Inprogress
14623,2023-07-23,500,26,Shipped
14624,2022-05-26,617,48,Delivered
14625,2023-06-29,62,3,Delivered
14626,2020-06-20,840,32,Shipped
14627,2020-12-25,224,39,Delivered
14628,2021-09-28,650,50,Shipped
14629,2020-03-06,757,35,Cancelled
14630,2022-09-17,462,29,Delivered
14631,2022-09-15,567,15,Cancelled
14632,2023-06-18,627,47,Delivered
14633,2020-08-24,194,30,Delivered
14634,2020-02-15,422,20,Cancelled
14635,2023-12-23,358,44,Shipped
14636,2021-05-02,859,11,Delivered
14637,2022-07-15,394,19,Delivered
14638,2021-01-26,440,21,Delivered
14639,2022-04-05,834,6,Returned
14640,2022-10-25,823,46,Delivered
14641,2022-01-29,410,40,Delivered
14642,2020-10-01,595,54,Delivered
14643,2020-03-11,731,21,Returned
14644,2021-12-13,128,9,Cancelled
14645,2023-06-30,749,28,Inprogress
14646,2021-10-31,79,11,Inprogress
14647,2022-02-07,153,45,Delivered
14648,2022-04-07,131,41,Delivered
14649,2021-10-03,795,22,Returned
14650,2023-06-08,226,46,Shipped
14651,2021-06-07,556,51,Delivered
14652,2020-11-17,828,12,Delivered
14653,2020-06-25,739,1,Delivered
14654,2022-11-04,594,15,Delivered
14655,2022-12-13,615,19,Delivered
14656,2023-06-06,81,2,Delivered
14657,2023-01-21,298,44,Delivered
14658,2021-08-31,514,3,Delivered
14659,2022-11-04,552,1,Shipped
14660,2023-03-11,505,18,Delivered
14661,2022-07-27,408,52,Returned
14662,2023-07-16,324,14,Shipped
14663,2020-02-18,882,21,Inprogress
14664,2021-06-13,704,35,Delivered
14665,2022-10-22,100,27,Delivered
14666,2023-01-13,322,6,Delivered
14667,2021-06-21,36,2,Delivered
14668,2021-10-15,642,35,Delivered
14669,2020-04-08,128,29,Delivered
14670,2023-04-17,677,15,Delivered
14671,2020-04-13,246,23,Delivered
14672,2022-05-28,900,5,Inprogress
14673,2022-07-10,709,25,Delivered
14674,2022-01-26,49,50,Inprogress
14675,2022-03-14,134,47,Delivered
14676,2022-09-26,85,37,Delivered
14677,2021-08-31,613,51,Delivered
14678,2023-11-29,833,17,Delivered
14679,2021-07-04,634,13,Inprogress
14680,2023-09-02,251,23,Delivered
14681,2020-12-02,559,40,Delivered
14682,2022-06-22,755,14,Delivered
14683,2022-02-21,222,44,Inprogress
14684,2020-12-09,709,25,Shipped
14685,2020-06-03,776,21,Delivered
14686,2023-06-18,768,22,Delivered
14687,2022-12-06,361,4,Delivered
14688,2022-03-15,848,17,Delivered
14689,2020-08-03,867,4,Delivered
14690,2020-09-15,813,21,Inprogress
14691,2021-03-27,320,37,Shipped
14692,2023-02-12,843,15,Inprogress
14693,2020-10-15,445,23,Delivered
14694,2020-10-06,243,23,Inprogress
14695,2022-03-12,817,45,Delivered
14696,2023-04-09,434,5,Shipped
14697,2022-08-26,62,26,Delivered
14698,2021-09-08,451,20,Delivered
14699,2021-08-10,857,54,Delivered
14700,2020-08-26,735,14,Inprogress
14701,2022-01-22,273,41,Delivered
14702,2023-05-27,572,33,Shipped
14703,2023-01-15,578,29,Delivered
14704,2020-01-18,420,51,Inprogress
14705,2022-12-30,459,23,Cancelled
14706,2022-06-26,478,32,Delivered
14707,2023-01-21,830,28,Delivered
14708,2020-07-19,35,8,Delivered
14709,2020-10-05,895,22,Shipped
14710,2023-02-04,757,31,Delivered
14711,2022-05-31,577,17,Delivered
14712,2020-11-21,52,41,Delivered
14713,2023-06-02,238,31,Inprogress
14714,2023-01-02,799,25,Delivered
14715,2023-08-02,577,41,Delivered
14716,2020-05-29,303,8,Inprogress
14717,2022-06-12,155,7,Delivered
14718,2022-09-22,484,48,Inprogress
14719,2023-04-19,36,20,Delivered
14720,2020-06-11,358,49,Delivered
14721,2022-10-28,71,11,Shipped
14722,2021-05-10,699,25,Delivered
14723,2021-10-28,406,25,Delivered
14724,2022-06-14,170,10,Delivered
14725,2021-11-07,429,45,Delivered
14726,2022-08-29,567,37,Inprogress
14727,2020-12-01,806,2,Delivered
14728,2021-01-07,424,28,Shipped
14729,2021-12-31,701,23,Shipped
14730,2023-11-15,551,26,Inprogress
14731,2021-01-26,375,38,Shipped
14732,2023-02-26,237,27,Cancelled
14733,2020-12-06,669,39,Returned
14734,2022-06-08,141,14,Shipped
14735,2022-03-01,343,43,Delivered
14736,2023-05-21,449,35,Delivered
14737,2021-01-11,115,6,Inprogress
14738,2022-05-02,86,53,Delivered
14739,2020-06-28,785,34,Delivered
14740,2022-06-11,847,35,Delivered
14741,2021-09-26,146,27,Delivered
14742,2020-05-14,204,20,Delivered
14743,2021-06-18,230,35,Shipped
14744,2020-08-15,800,24,Delivered
14745,2021-07-01,599,25,Delivered
14746,2022-03-01,415,48,Shipped
14747,2020-07-24,663,16,Delivered
14748,2022-10-29,179,6,Delivered
14749,2023-09-09,449,37,Delivered
14750,2022-04-22,54,42,Returned
14751,2023-06-08,416,27,Delivered
14752,2021-10-09,195,30,Delivered
14753,2023-09-28,206,49,Delivered
14754,2023-09-02,616,42,Delivered
14755,2023-08-28,121,42,Shipped
14756,2023-09-04,44,45,Shipped
14757,2023-12-05,298,36,Shipped
14758,2022-08-11,242,24,Inprogress
14759,2023-01-18,874,52,Delivered
14760,2023-08-04,595,52,Delivered
14761,2021-06-18,202,44,Delivered
14762,2020-07-22,532,20,Inprogress
14763,2020-06-19,336,7,Delivered
14764,2022-03-10,291,4,Inprogress
14765,2023-10-24,112,44,Delivered
14766,2022-12-10,793,27,Delivered
14767,2020-07-10,871,16,Delivered
14768,2022-01-03,883,34,Inprogress
14769,2020-07-22,872,40,Cancelled
14770,2020-11-12,409,46,Shipped
14771,2022-07-02,660,52,Delivered
14772,2022-09-22,798,43,Delivered
14773,2022-07-31,209,18,Delivered
14774,2020-07-18,467,54,Shipped
14775,2021-02-17,264,38,Inprogress
14776,2020-11-15,27,32,Delivered
14777,2021-11-28,833,48,Inprogress
14778,2022-12-18,518,28,Delivered
14779,2020-11-17,451,46,Delivered
14780,2022-07-22,808,34,Delivered
14781,2020-06-01,790,3,Cancelled
14782,2021-09-23,70,42,Delivered
14783,2022-10-27,860,28,Delivered
14784,2020-02-19,433,43,Shipped
14785,2021-01-13,384,2,Delivered
14786,2023-03-22,11,25,Delivered
14787,2022-11-25,555,41,Delivered
14788,2023-05-11,897,44,Delivered
14789,2021-05-24,420,49,Delivered
14790,2022-08-05,509,38,Delivered
14791,2023-06-07,485,20,Delivered
14792,2023-09-27,299,45,Delivered
14793,2021-02-19,785,51,Delivered
14794,2022-07-22,605,16,Delivered
14795,2022-09-26,40,31,Delivered
14796,2021-04-21,421,26,Delivered
14797,2023-02-03,142,27,Inprogress
14798,2020-06-18,542,16,Delivered
14799,2020-02-04,511,41,Delivered
14800,2022-08-22,728,46,Inprogress
14801,2020-07-06,293,32,Delivered
14802,2023-04-01,166,16,Delivered
14803,2020-04-27,24,32,Delivered
14804,2021-07-30,116,18,Delivered
14805,2023-12-15,152,25,Delivered
14806,2021-02-15,522,35,Inprogress
14807,2023-04-23,456,6,Delivered
14808,2020-09-21,144,39,Inprogress
14809,2021-03-29,751,42,Shipped
14810,2021-02-07,7,25,Delivered
14811,2021-10-16,405,8,Delivered
14812,2022-10-12,692,8,Delivered
14813,2022-02-18,777,44,Delivered
14814,2021-05-11,157,39,Delivered
14815,2022-04-10,515,21,Inprogress
14816,2020-08-09,645,44,Delivered
14817,2022-08-22,610,24,Delivered
14818,2023-11-22,859,27,Cancelled
14819,2022-01-08,238,21,Delivered
14820,2023-01-24,502,18,Shipped
14821,2020-01-01,591,50,Inprogress
14822,2021-08-10,883,53,Delivered
14823,2023-08-31,159,29,Returned
14824,2022-12-23,168,36,Inprogress
14825,2020-11-14,521,21,Inprogress
14826,2023-08-13,739,39,Delivered
14827,2023-06-22,886,32,Shipped
14828,2023-03-31,617,52,Shipped
14829,2021-12-07,365,34,Delivered
14830,2023-08-20,502,46,Delivered
14831,2022-03-07,525,18,Delivered
14832,2021-09-27,865,52,Delivered
14833,2023-01-21,681,3,Delivered
14834,2021-05-24,566,21,Cancelled
14835,2022-02-28,774,10,Returned
14836,2020-02-13,318,40,Cancelled
14837,2021-02-12,512,4,Delivered
14838,2023-06-13,155,14,Inprogress
14839,2023-04-25,824,13,Delivered
14840,2020-12-19,49,7,Inprogress
14841,2020-01-06,204,24,Delivered
14842,2023-02-04,613,1,Delivered
14843,2023-10-30,331,39,Inprogress
14844,2021-11-09,367,5,Returned
14845,2020-08-11,260,51,Inprogress
14846,2023-10-16,770,11,Shipped
14847,2023-02-16,675,43,Shipped
14848,2021-11-27,559,4,Delivered
14849,2020-08-17,381,15,Shipped
14850,2023-12-22,838,53,Delivered
14851,2022-09-21,24,7,Shipped
14852,2020-10-05,346,26,Shipped
14853,2020-10-15,581,26,Delivered
14854,2020-10-13,454,46,Delivered
14855,2023-03-23,871,33,Shipped
14856,2021-03-17,784,26,Shipped
14857,2021-05-24,567,37,Delivered
14858,2022-01-29,91,42,Inprogress
14859,2020-10-04,11,6,Delivered
14860,2021-04-11,494,51,Shipped
14861,2021-02-14,11,30,Delivered
14862,2021-10-15,313,16,Shipped
14863,2023-05-10,496,43,Shipped
14864,2023-05-31,74,28,Delivered
14865,2020-06-20,661,19,Shipped
14866,2022-10-12,812,22,Delivered
14867,2020-04-06,686,38,Delivered
14868,2020-06-12,301,28,Cancelled
14869,2020-12-03,436,25,Delivered
14870,2023-11-02,414,40,Delivered
14871,2022-11-09,345,25,Inprogress
14872,2020-08-01,280,4,Inprogress
14873,2023-06-24,140,28,Delivered
14874,2020-07-26,806,29,Delivered
14875,2022-10-09,345,25,Shipped
14876,2020-02-22,566,29,Shipped
14877,2021-02-25,606,54,Delivered
14878,2020-11-20,620,54,Delivered
14879,2022-12-19,448,42,Shipped
14880,2020-06-25,897,17,Delivered
14881,2020-05-06,759,10,Delivered
14882,2021-03-31,597,41,Delivered
14883,2023-03-08,715,25,Inprogress
14884,2020-09-02,38,47,Delivered
14885,2021-08-11,54,28,Delivered
14886,2020-09-13,314,47,Delivered
14887,2021-10-19,522,39,Delivered
14888,2020-11-17,181,18,Delivered
14889,2023-09-29,733,15,Shipped
14890,2022-06-18,131,41,Delivered
14891,2021-02-03,338,51,Inprogress
14892,2021-04-19,208,10,Delivered
14893,2021-12-10,795,24,Delivered
14894,2023-07-09,354,43,Shipped
14895,2022-12-21,640,51,Delivered
14896,2022-04-19,192,17,Delivered
14897,2022-07-25,757,54,Delivered
14898,2023-05-28,821,30,Shipped
14899,2023-03-07,594,41,Delivered
14900,2020-02-04,787,45,Cancelled
14901,2021-03-10,52,40,Delivered
14902,2020-06-30,122,31,Delivered
14903,2020-03-05,135,3,Shipped
14904,2022-06-03,475,18,Delivered
14905,2020-07-15,854,16,Shipped
14906,2020-11-29,126,49,Delivered
14907,2022-05-20,544,49,Delivered
14908,2020-12-31,582,26,Shipped
14909,2023-01-12,674,4,Delivered
14910,2022-06-11,707,50,Shipped
14911,2020-06-18,247,34,Delivered
14912,2023-11-28,646,43,Inprogress
14913,2020-12-05,468,20,Delivered
14914,2021-03-08,253,26,Shipped
14915,2021-03-02,162,5,Shipped
14916,2021-10-28,851,3,Shipped
14917,2021-07-12,527,32,Delivered
14918,2021-04-19,214,47,Shipped
14919,2021-04-30,81,27,Inprogress
14920,2021-05-13,857,54,Delivered
14921,2020-08-28,610,54,Returned
14922,2023-09-17,552,42,Shipped
14923,2020-11-23,438,1,Inprogress
14924,2020-12-07,691,45,Delivered
14925,2020-11-12,523,17,Delivered
14926,2021-10-21,329,11,Shipped
14927,2023-06-14,578,7,Delivered
14928,2020-08-24,584,7,Shipped
14929,2023-09-29,695,31,Shipped
14930,2023-09-09,92,39,Shipped
14931,2020-09-08,215,53,Delivered
14932,2020-02-27,306,20,Shipped
14933,2021-03-21,36,39,Inprogress
14934,2023-12-20,444,52,Delivered
14935,2022-03-20,778,8,Delivered
14936,2023-12-22,777,48,Delivered
14937,2021-05-27,839,1,Shipped
14938,2021-03-13,830,34,Inprogress
14939,2022-06-17,644,17,Shipped
14940,2023-09-17,18,26,Shipped
14941,2021-04-07,150,14,Shipped
14942,2022-02-19,403,18,Cancelled
14943,2020-05-22,217,7,Delivered
14944,2022-10-20,402,50,Inprogress
14945,2020-03-27,123,26,Delivered
14946,2021-06-10,163,11,Inprogress
14947,2023-03-08,619,36,Delivered
14948,2023-12-25,333,53,Delivered
14949,2020-01-21,102,9,Delivered
14950,2023-10-23,221,40,Delivered
14951,2021-06-18,665,32,Shipped
14952,2022-01-13,696,12,Shipped
14953,2021-10-03,711,4,Inprogress
14954,2023-12-06,411,24,Returned
14955,2022-10-29,716,41,Delivered
14956,2023-05-28,476,11,Delivered
14957,2022-03-17,853,14,Shipped
14958,2022-07-27,29,54,Shipped
14959,2022-02-05,26,18,Delivered
14960,2023-03-02,786,28,Shipped
14961,2022-07-15,283,42,Shipped
14962,2022-08-29,59,17,Delivered
14963,2020-11-02,428,40,Shipped
14964,2020-02-05,532,28,Delivered
14965,2022-05-15,83,8,Delivered
14966,2023-09-30,518,3,Delivered
14967,2021-01-30,148,7,Delivered
14968,2021-11-20,408,45,Delivered
14969,2020-08-31,505,41,Delivered
14970,2020-11-06,245,41,Delivered
14971,2023-07-18,551,16,Delivered
14972,2023-01-03,250,45,Delivered
14973,2023-05-07,311,41,Delivered
14974,2021-10-15,785,34,Delivered
14975,2023-12-10,760,51,Shipped
14976,2020-02-23,265,43,Shipped
14977,2022-09-15,433,54,Delivered
14978,2020-03-16,724,39,Shipped
14979,2020-05-21,437,30,Delivered
14980,2022-05-27,531,13,Cancelled
14981,2022-08-07,113,1,Shipped
14982,2023-12-19,765,16,Delivered
14983,2021-02-25,523,11,Shipped
14984,2021-12-01,231,34,Shipped
14985,2020-12-06,603,37,Shipped
14986,2021-02-17,145,35,Returned
14987,2023-10-20,661,51,Delivered
14988,2020-11-01,477,10,Delivered
14989,2021-01-29,621,8,Delivered
14990,2021-06-03,305,36,Inprogress
14991,2021-06-08,535,24,Shipped
14992,2021-05-31,613,10,Delivered
14993,2022-07-09,766,27,Inprogress
14994,2022-12-16,373,30,Delivered
14995,2020-09-02,442,16,Inprogress
14996,2022-05-01,684,10,Cancelled
14997,2020-10-09,470,44,Cancelled
14998,2020-04-05,781,54,Shipped
14999,2021-06-08,783,32,Inprogress
15000,2020-03-05,533,51,Shipped
15001,2021-08-28,704,26,Inprogress
15002,2022-02-21,796,30,Delivered
15003,2023-03-26,801,26,Shipped
15004,2021-05-17,399,48,Shipped
15005,2022-12-24,392,9,Inprogress
15006,2022-08-28,188,45,Cancelled
15007,2022-08-13,251,2,Delivered
15008,2022-01-24,8,6,Delivered
15009,2022-01-29,637,36,Delivered
15010,2020-01-29,166,44,Returned
15011,2022-07-02,573,36,Delivered
15012,2022-06-19,251,40,Inprogress
15013,2022-08-26,273,3,Delivered
15014,2020-10-24,431,51,Delivered
15015,2020-05-23,274,14,Delivered
15016,2022-07-25,842,45,Shipped
15017,2020-09-29,177,27,Shipped
15018,2021-03-20,290,25,Delivered
15019,2022-06-23,595,49,Delivered
15020,2023-12-18,614,42,Delivered
15021,2020-12-26,768,36,Inprogress
15022,2021-08-06,333,27,Delivered
15023,2020-05-03,738,26,Delivered
15024,2020-11-26,692,21,Delivered
15025,2021-10-18,145,13,Cancelled
15026,2021-06-20,574,40,Inprogress
15027,2023-10-22,518,41,Shipped
15028,2022-03-21,208,30,Shipped
15029,2022-05-13,246,2,Delivered
15030,2022-12-21,318,5,Delivered
15031,2023-07-10,555,10,Delivered
15032,2021-01-10,289,3,Inprogress
15033,2020-09-26,695,26,Shipped
15034,2021-02-23,536,11,Delivered
15035,2022-03-18,21,37,Shipped
15036,2021-09-16,864,3,Delivered
15037,2023-12-03,339,45,Delivered
15038,2022-04-08,288,45,Cancelled
15039,2021-05-08,224,3,Delivered
15040,2023-07-29,76,44,Delivered
15041,2023-02-07,524,44,Returned
15042,2020-11-28,253,35,Delivered
15043,2022-12-14,372,47,Shipped
15044,2023-10-14,667,49,Shipped
15045,2021-03-05,113,16,Cancelled
15046,2023-04-28,823,6,Delivered
15047,2020-01-25,648,14,Delivered
15048,2023-12-03,408,25,Shipped
15049,2020-08-08,161,4,Delivered
15050,2021-04-07,166,7,Delivered
15051,2022-08-02,681,2,Shipped
15052,2022-10-15,641,43,Delivered
15053,2022-04-02,244,13,Delivered
15054,2020-03-23,885,41,Delivered
15055,2022-04-19,50,23,Shipped
15056,2021-07-09,160,10,Delivered
15057,2023-12-16,352,46,Delivered
15058,2022-10-04,246,35,Delivered
15059,2021-06-30,16,36,Delivered
15060,2022-02-01,520,5,Cancelled
15061,2022-12-07,606,40,Delivered
15062,2021-11-23,737,17,Returned
15063,2023-01-09,100,4,Delivered
15064,2021-02-03,481,39,Delivered
15065,2022-04-15,678,6,Inprogress
15066,2022-12-30,596,42,Delivered
15067,2022-01-22,556,34,Shipped
15068,2021-04-13,777,13,Inprogress
15069,2022-09-09,455,24,Shipped
15070,2021-04-22,74,26,Delivered
15071,2022-10-16,823,6,Cancelled
15072,2023-03-19,839,49,Inprogress
15073,2021-09-26,208,6,Shipped
15074,2023-06-04,698,52,Shipped
15075,2020-10-01,890,31,Inprogress
15076,2020-11-15,244,53,Delivered
15077,2022-02-16,235,48,Shipped
15078,2021-05-13,655,45,Shipped
15079,2023-02-25,20,42,Shipped
15080,2021-11-19,55,28,Shipped
15081,2021-04-20,408,39,Delivered
15082,2022-04-25,222,21,Shipped
15083,2021-06-04,506,6,Returned
15084,2023-11-29,521,7,Cancelled
15085,2022-12-29,637,46,Delivered
15086,2023-05-31,782,14,Shipped
15087,2021-11-14,372,35,Delivered
15088,2023-08-23,495,52,Delivered
15089,2023-04-24,7,45,Delivered
15090,2023-09-12,369,20,Delivered
15091,2021-09-23,810,3,Inprogress
15092,2020-07-11,666,9,Delivered
15093,2020-04-08,11,30,Delivered
15094,2021-03-09,309,29,Delivered
15095,2023-07-27,852,20,Delivered
15096,2020-06-09,683,29,Returned
15097,2022-02-18,485,15,Shipped
15098,2023-09-08,581,10,Inprogress
15099,2022-08-06,299,10,Shipped
15100,2023-01-24,73,54,Shipped
15101,2020-08-30,482,54,Delivered
15102,2023-07-17,871,34,Delivered
15103,2023-06-24,459,36,Inprogress
15104,2021-08-15,530,36,Delivered
15105,2020-03-27,350,16,Delivered
15106,2021-08-31,293,24,Delivered
15107,2020-03-24,271,21,Delivered
15108,2020-03-31,200,13,Shipped
15109,2021-06-14,358,16,Inprogress
15110,2021-08-11,739,37,Delivered
15111,2022-11-19,420,17,Delivered
15112,2020-01-30,270,29,Delivered
15113,2021-12-21,318,34,Delivered
15114,2021-08-15,106,38,Cancelled
15115,2020-10-10,819,14,Delivered
15116,2022-04-04,377,53,Delivered
15117,2020-11-03,894,4,Delivered
15118,2020-02-10,148,49,Delivered
15119,2020-10-18,120,20,Returned
15120,2023-04-17,257,4,Delivered
15121,2021-02-14,750,21,Delivered
15122,2020-09-06,180,29,Delivered
15123,2022-10-06,428,38,Delivered
15124,2020-11-23,869,9,Delivered
15125,2022-09-13,606,8,Inprogress
15126,2020-03-30,867,39,Inprogress
15127,2021-07-11,562,27,Delivered
15128,2020-07-18,199,6,Delivered
15129,2022-09-26,363,26,Shipped
15130,2020-06-03,88,34,Delivered
15131,2020-09-13,843,28,Delivered
15132,2022-01-28,33,50,Inprogress
15133,2021-11-21,41,26,Delivered
15134,2020-11-14,298,34,Delivered
15135,2020-05-21,39,32,Delivered
15136,2023-01-29,815,22,Shipped
15137,2023-10-15,612,35,Delivered
15138,2021-06-24,43,28,Delivered
15139,2020-06-30,800,50,Delivered
15140,2021-03-19,811,41,Delivered
15141,2020-01-21,506,24,Delivered
15142,2023-08-19,532,20,Delivered
15143,2020-07-22,351,24,Inprogress
15144,2023-04-08,1,54,Delivered
15145,2023-07-08,177,13,Inprogress
15146,2023-10-24,358,8,Inprogress
15147,2021-11-12,817,15,Shipped
15148,2021-04-20,153,46,Inprogress
15149,2023-11-02,550,10,Delivered
15150,2020-01-09,849,3,Delivered
15151,2021-05-12,895,11,Inprogress
15152,2021-02-13,106,45,Delivered
15153,2020-11-01,189,45,Delivered
15154,2022-10-10,238,53,Delivered
15155,2023-08-24,445,7,Delivered
15156,2021-03-20,377,24,Delivered
15157,2021-11-24,556,10,Delivered
15158,2021-07-28,865,13,Delivered
15159,2020-11-06,738,3,Delivered
15160,2023-05-06,697,10,Delivered
15161,2021-02-05,250,48,Returned
15162,2022-02-07,446,15,Inprogress
15163,2020-12-17,634,19,Shipped
15164,2020-04-03,82,8,Delivered
15165,2021-12-01,719,27,Delivered
15166,2020-12-07,839,43,Delivered
15167,2020-02-11,666,36,Delivered
15168,2020-12-07,773,1,Shipped
15169,2023-12-28,377,19,Delivered
15170,2022-09-01,36,21,Delivered
15171,2022-05-31,100,24,Delivered
15172,2022-02-24,521,16,Inprogress
15173,2023-06-12,595,6,Delivered
15174,2021-08-13,632,6,Cancelled
15175,2022-09-19,598,27,Shipped
15176,2021-03-14,119,6,Delivered
15177,2023-01-30,290,11,Shipped
15178,2021-09-05,598,32,Delivered
15179,2020-01-05,234,24,Shipped
15180,2021-08-30,188,46,Inprogress
15181,2020-07-14,16,8,Delivered
15182,2021-06-05,17,4,Delivered
15183,2021-05-12,97,36,Delivered
15184,2021-01-19,478,1,Cancelled
15185,2023-05-22,850,44,Cancelled
15186,2022-06-27,873,13,Cancelled
15187,2023-04-08,486,19,Returned
15188,2023-08-17,215,49,Cancelled
15189,2023-07-15,856,3,Inprogress
15190,2021-08-15,557,10,Inprogress
15191,2021-06-03,829,50,Inprogress
15192,2021-02-08,16,36,Shipped
15193,2022-03-02,766,51,Shipped
15194,2023-03-02,324,13,Shipped
15195,2022-09-13,391,37,Inprogress
15196,2020-04-17,5,53,Delivered
15197,2020-04-04,507,52,Delivered
15198,2023-05-10,24,45,Delivered
15199,2021-08-01,481,13,Delivered
15200,2021-11-08,369,21,Cancelled
15201,2021-12-12,783,38,Cancelled
15202,2020-07-10,287,28,Delivered
15203,2022-01-08,858,26,Delivered
15204,2022-06-10,838,12,Delivered
15205,2023-06-28,729,12,Delivered
15206,2020-01-28,595,49,Delivered
15207,2021-10-06,326,2,Delivered
15208,2022-10-23,526,28,Delivered
15209,2022-05-31,538,6,Inprogress
15210,2021-01-04,134,22,Delivered
15211,2023-09-28,800,16,Delivered
15212,2022-03-27,181,32,Shipped
15213,2022-05-12,788,23,Delivered
15214,2020-11-08,10,9,Inprogress
15215,2023-08-03,515,41,Delivered
15216,2022-03-02,495,21,Delivered
15217,2021-06-06,661,31,Delivered
15218,2020-08-24,91,39,Delivered
15219,2021-03-29,13,46,Delivered
15220,2021-11-24,774,16,Delivered
15221,2020-03-26,312,52,Delivered
15222,2023-09-10,588,29,Delivered
15223,2021-07-23,609,54,Inprogress
15224,2021-04-02,272,38,Delivered
15225,2021-12-11,546,30,Cancelled
15226,2023-08-19,405,14,Inprogress
15227,2022-01-19,341,27,Inprogress
15228,2022-04-01,258,14,Delivered
15229,2021-04-10,69,40,Shipped
15230,2020-07-01,15,30,Delivered
15231,2020-05-27,346,1,Delivered
15232,2022-10-31,161,32,Inprogress
15233,2022-02-23,791,34,Delivered
15234,2022-05-20,404,49,Shipped
15235,2021-10-09,648,53,Delivered
15236,2023-10-15,145,15,Shipped
15237,2021-10-12,54,9,Delivered
15238,2021-10-08,266,36,Shipped
15239,2021-10-19,499,29,Delivered
15240,2022-05-10,684,44,Delivered
15241,2020-10-13,181,49,Delivered
15242,2020-01-05,71,6,Shipped
15243,2020-11-12,608,41,Cancelled
15244,2020-08-01,900,25,Delivered
15245,2023-06-19,597,33,Inprogress
15246,2020-05-08,110,38,Delivered
15247,2020-09-30,95,30,Delivered
15248,2023-12-08,644,25,Delivered
15249,2022-04-08,710,39,Delivered
15250,2023-12-28,861,25,Delivered
15251,2021-12-07,476,41,Delivered
15252,2022-02-27,220,32,Shipped
15253,2020-06-21,19,20,Cancelled
15254,2022-05-04,387,11,Delivered
15255,2023-01-18,566,3,Delivered
15256,2022-02-02,107,22,Inprogress
15257,2020-11-22,149,34,Delivered
15258,2023-01-27,211,30,Delivered
15259,2022-11-24,177,15,Delivered
15260,2021-08-04,425,14,Delivered
15261,2021-08-12,546,23,Inprogress
15262,2022-05-27,796,50,Shipped
15263,2023-11-20,451,39,Cancelled
15264,2020-06-01,654,9,Delivered
15265,2021-12-08,808,18,Shipped
15266,2020-08-20,141,53,Shipped
15267,2022-04-12,352,19,Delivered
15268,2021-04-26,210,15,Inprogress
15269,2022-02-02,821,32,Inprogress
15270,2022-10-25,900,21,Inprogress
15271,2020-07-06,568,36,Delivered
15272,2023-09-15,34,47,Delivered
15273,2021-12-19,527,48,Cancelled
15274,2022-08-13,713,15,Delivered
15275,2020-02-01,600,49,Shipped
15276,2023-07-24,508,27,Delivered
15277,2020-12-23,879,12,Returned
15278,2023-11-29,417,17,Delivered
15279,2022-10-23,854,44,Delivered
15280,2022-01-31,734,19,Delivered
15281,2021-11-03,279,16,Delivered
15282,2021-08-11,342,23,Delivered
15283,2022-08-17,703,1,Cancelled
15284,2023-07-06,760,31,Delivered
15285,2021-11-08,601,6,Shipped
15286,2022-06-25,726,12,Shipped
15287,2023-04-08,445,30,Delivered
15288,2023-09-14,591,19,Shipped
15289,2020-04-15,879,54,Delivered
15290,2022-11-19,670,26,Delivered
15291,2022-05-31,457,53,Delivered
15292,2022-11-22,421,27,Inprogress
15293,2021-07-29,23,15,Shipped
15294,2022-09-27,610,4,Delivered
15295,2023-09-08,255,30,Delivered
15296,2021-06-19,755,25,Delivered
15297,2021-11-11,92,28,Delivered
15298,2021-11-04,113,30,Delivered
15299,2022-06-12,493,35,Delivered
15300,2020-02-22,164,2,Delivered
15301,2020-03-05,461,30,Inprogress
15302,2022-12-15,115,36,Cancelled
15303,2021-05-15,295,40,Inprogress
15304,2022-05-17,708,22,Shipped
15305,2023-10-04,38,51,Delivered
15306,2021-10-06,367,4,Shipped
15307,2023-01-27,596,45,Delivered
15308,2023-10-16,888,8,Delivered
15309,2021-03-31,403,41,Delivered
15310,2021-11-26,556,46,Delivered
15311,2023-01-11,485,38,Shipped
15312,2022-12-12,696,2,Delivered
15313,2022-10-20,134,2,Delivered
15314,2020-10-28,45,3,Shipped
15315,2022-08-20,413,31,Delivered
15316,2022-11-01,586,38,Delivered
15317,2020-04-23,614,35,Shipped
15318,2022-05-17,673,49,Delivered
15319,2020-04-28,222,43,Shipped
15320,2022-05-24,337,44,Delivered
15321,2022-04-07,137,40,Delivered
15322,2021-07-30,471,18,Delivered
15323,2020-05-19,355,1,Cancelled
15324,2020-09-03,736,34,Delivered
15325,2022-11-10,428,32,Delivered
15326,2021-07-23,174,44,Delivered
15327,2022-10-22,219,18,Inprogress
15328,2023-03-14,493,44,Cancelled
15329,2021-06-11,102,43,Delivered
15330,2023-02-25,193,42,Shipped
15331,2022-11-13,192,6,Shipped
15332,2021-03-02,605,42,Inprogress
15333,2020-06-22,403,17,Delivered
15334,2020-05-07,156,39,Cancelled
15335,2023-11-24,341,29,Delivered
15336,2023-04-08,763,23,Delivered
15337,2021-02-24,636,32,Inprogress
15338,2020-02-06,627,49,Delivered
15339,2022-10-04,868,35,Cancelled
15340,2023-09-11,345,37,Inprogress
15341,2021-11-02,484,11,Delivered
15342,2020-06-20,404,3,Shipped
15343,2021-08-15,183,1,Delivered
15344,2020-03-08,179,33,Delivered
15345,2020-01-06,54,26,Shipped
15346,2023-07-04,177,1,Delivered
15347,2022-11-23,530,39,Delivered
15348,2022-05-11,664,19,Shipped
15349,2022-11-29,238,54,Inprogress
15350,2023-12-22,52,44,Inprogress
15351,2021-01-03,552,7,Shipped
15352,2022-06-30,686,45,Shipped
15353,2023-12-02,590,44,Shipped
15354,2022-02-28,669,31,Inprogress
15355,2021-04-04,313,28,Delivered
15356,2023-03-26,850,8,Shipped
15357,2021-03-30,570,14,Delivered
15358,2021-11-14,6,30,Shipped
15359,2022-05-07,687,40,Delivered
15360,2021-05-30,719,44,Delivered
15361,2021-10-23,114,15,Shipped
15362,2022-04-30,822,38,Inprogress
15363,2023-01-21,739,25,Delivered
15364,2020-08-28,224,38,Shipped
15365,2022-10-12,338,32,Returned
15366,2022-08-14,586,12,Delivered
15367,2023-06-21,587,22,Shipped
15368,2023-10-08,529,7,Shipped
15369,2021-06-29,588,48,Delivered
15370,2021-11-16,165,13,Delivered
15371,2022-04-12,687,3,Delivered
15372,2021-08-21,139,30,Delivered
15373,2021-07-27,99,47,Shipped
15374,2021-08-19,372,49,Delivered
15375,2020-02-16,360,47,Inprogress
15376,2023-08-20,566,23,Delivered
15377,2020-05-10,136,18,Delivered
15378,2021-11-17,126,33,Delivered
15379,2023-10-01,79,31,Delivered
15380,2023-03-23,113,31,Delivered
15381,2022-08-06,409,24,Delivered
15382,2022-03-25,127,31,Delivered
15383,2023-06-27,705,2,Shipped
15384,2023-05-10,272,31,Delivered
15385,2021-05-20,395,40,Delivered
15386,2023-10-08,647,21,Delivered
15387,2022-10-27,419,4,Delivered
15388,2022-01-20,41,8,Delivered
15389,2022-03-03,617,6,Shipped
15390,2021-05-31,384,37,Delivered
15391,2021-05-25,803,8,Delivered
15392,2021-08-24,564,11,Delivered
15393,2020-09-17,861,4,Delivered
15394,2020-07-29,801,28,Delivered
15395,2020-08-02,863,39,Delivered
15396,2020-02-01,392,4,Delivered
15397,2023-04-24,488,32,Delivered
15398,2021-10-24,821,42,Delivered
15399,2022-06-15,409,18,Delivered
15400,2023-10-29,771,5,Inprogress
15401,2023-08-10,274,5,Inprogress
15402,2023-11-16,558,53,Shipped
15403,2023-02-16,392,19,Inprogress
15404,2021-02-07,872,33,Delivered
15405,2021-07-12,412,27,Delivered
15406,2023-11-09,466,53,Shipped
15407,2023-01-12,466,45,Delivered
15408,2021-07-06,515,54,Returned
15409,2021-02-27,137,41,Shipped
15410,2023-11-21,304,23,Delivered
15411,2023-03-23,674,36,Delivered
15412,2020-06-18,171,47,Delivered
15413,2023-07-18,552,53,Delivered
15414,2022-09-21,193,32,Inprogress
15415,2021-02-10,159,18,Inprogress
15416,2020-10-16,741,42,Shipped
15417,2023-09-28,793,30,Delivered
15418,2023-07-22,88,28,Shipped
15419,2023-02-28,378,38,Delivered
15420,2022-07-05,364,50,Delivered
15421,2023-04-01,379,23,Delivered
15422,2020-04-01,734,25,Returned
15423,2023-08-01,554,54,Delivered
15424,2021-12-07,771,18,Delivered
15425,2020-04-15,808,18,Delivered
15426,2023-11-18,117,6,Delivered
15427,2022-12-27,642,12,Delivered
15428,2022-08-21,213,18,Delivered
15429,2021-12-30,809,19,Delivered
15430,2023-09-19,468,35,Shipped
15431,2023-03-20,261,19,Shipped
15432,2021-03-11,258,45,Delivered
15433,2023-04-25,666,45,Shipped
15434,2023-06-16,157,27,Delivered
15435,2021-01-06,282,36,Delivered
15436,2022-12-17,415,17,Cancelled
15437,2023-01-27,671,8,Inprogress
15438,2022-07-12,422,43,Delivered
15439,2020-05-13,542,43,Shipped
15440,2020-06-24,328,30,Inprogress
15441,2022-04-26,747,9,Shipped
15442,2021-04-09,814,19,Delivered
15443,2022-10-11,412,3,Delivered
15444,2022-12-21,490,13,Delivered
15445,2023-06-06,105,24,Shipped
15446,2021-01-23,709,43,Delivered
15447,2021-06-28,610,25,Delivered
15448,2023-11-25,405,34,Delivered
15449,2021-09-08,293,51,Delivered
15450,2023-06-25,20,28,Cancelled
15451,2023-10-14,565,53,Inprogress
15452,2021-11-03,787,36,Inprogress
15453,2021-12-16,90,53,Inprogress
15454,2021-03-11,673,41,Delivered
15455,2021-06-03,309,29,Delivered
15456,2020-02-22,432,54,Inprogress
15457,2021-02-17,340,17,Inprogress
15458,2020-12-24,228,12,Cancelled
15459,2021-12-26,320,44,Delivered
15460,2022-09-25,825,53,Inprogress
15461,2022-11-13,882,22,Shipped
15462,2022-11-20,743,30,Delivered
15463,2023-05-06,338,9,Inprogress
15464,2020-01-26,319,26,Returned
15465,2023-11-09,48,3,Cancelled
15466,2022-04-12,107,15,Delivered
15467,2023-12-16,48,49,Delivered
15468,2023-01-02,20,46,Delivered
15469,2022-05-16,524,33,Returned
15470,2020-02-08,179,10,Shipped
15471,2020-09-15,60,4,Shipped
15472,2023-07-13,145,35,Delivered
15473,2023-11-20,633,49,Inprogress
15474,2023-04-21,576,10,Delivered
15475,2023-10-22,40,9,Delivered
15476,2023-09-06,605,36,Delivered
15477,2023-11-12,26,5,Cancelled
15478,2020-10-05,13,51,Delivered
15479,2022-01-28,571,51,Inprogress
15480,2023-06-26,446,48,Delivered
15481,2021-11-24,82,11,Inprogress
15482,2023-04-06,68,18,Shipped
15483,2023-05-04,9,6,Shipped
15484,2021-11-04,833,11,Delivered
15485,2022-01-03,732,6,Inprogress
15486,2021-11-30,199,17,Delivered
15487,2023-07-14,613,2,Inprogress
15488,2021-12-16,189,49,Delivered
15489,2021-03-17,147,5,Delivered
15490,2021-08-11,99,51,Delivered
15491,2021-08-25,22,46,Delivered
15492,2023-09-15,139,19,Shipped
15493,2023-02-19,847,7,Delivered
15494,2021-07-20,829,49,Delivered
15495,2021-02-16,391,21,Shipped
15496,2022-06-08,348,6,Delivered
15497,2020-12-01,445,18,Inprogress
15498,2021-02-15,617,54,Delivered
15499,2023-03-27,662,29,Delivered
15500,2022-12-24,418,31,Shipped
15501,2020-04-21,844,42,Delivered
15502,2020-09-05,75,8,Delivered
15503,2021-01-08,119,39,Delivered
15504,2020-09-15,557,39,Delivered
15505,2022-08-27,235,54,Delivered
15506,2022-07-22,807,11,Delivered
15507,2021-12-23,192,41,Delivered
15508,2023-09-28,133,5,Delivered
15509,2020-08-25,602,50,Shipped
15510,2022-01-08,244,50,Delivered
15511,2021-04-29,32,15,Delivered
15512,2022-04-06,751,24,Delivered
15513,2022-08-27,875,33,Inprogress
15514,2021-05-12,121,35,Delivered
15515,2022-03-20,316,7,Inprogress
15516,2023-07-09,723,3,Inprogress
15517,2023-11-28,242,52,Delivered
15518,2021-03-28,41,52,Delivered
15519,2022-10-01,117,38,Inprogress
15520,2021-02-04,654,26,Delivered
15521,2021-06-10,377,54,Delivered
15522,2020-09-04,694,48,Delivered
15523,2021-11-04,661,34,Cancelled
15524,2022-01-01,172,38,Delivered
15525,2023-09-19,378,36,Shipped
15526,2020-05-28,297,47,Shipped
15527,2020-06-01,761,23,Delivered
15528,2020-08-08,547,5,Delivered
15529,2020-05-14,204,47,Shipped
15530,2023-09-15,513,51,Delivered
15531,2021-08-22,108,30,Inprogress
15532,2021-10-10,21,39,Cancelled
15533,2022-10-26,83,38,Delivered
15534,2022-11-15,100,18,Delivered
15535,2022-02-10,755,48,Inprogress
15536,2023-10-17,199,49,Delivered
15537,2023-10-23,275,26,Delivered
15538,2021-10-25,698,44,Shipped
15539,2021-06-09,622,30,Delivered
15540,2020-11-11,562,8,Inprogress
15541,2022-09-18,268,25,Inprogress
15542,2023-08-18,517,40,Shipped
15543,2023-11-30,112,53,Delivered
15544,2022-02-10,196,38,Inprogress
15545,2023-08-15,755,7,Shipped
15546,2021-03-31,739,28,Delivered
15547,2020-05-01,548,38,Inprogress
15548,2022-09-04,220,26,Returned
15549,2021-08-29,120,14,Cancelled
15550,2020-03-31,494,33,Shipped
15551,2023-03-05,548,50,Delivered
15552,2020-05-10,511,29,Delivered
15553,2022-10-21,547,6,Cancelled
15554,2022-08-07,386,41,Inprogress
15555,2023-04-14,638,1,Delivered
15556,2021-07-07,533,17,Inprogress
15557,2021-03-04,340,54,Returned
15558,2021-11-21,395,37,Cancelled
15559,2023-01-10,447,2,Delivered
15560,2022-03-13,451,32,Delivered
15561,2020-08-19,695,7,Delivered
15562,2023-05-19,722,11,Delivered
15563,2023-07-21,163,14,Delivered
15564,2023-02-18,209,52,Delivered
15565,2021-01-13,639,39,Shipped
15566,2022-06-24,593,51,Delivered
15567,2021-01-02,353,53,Delivered
15568,2023-03-18,769,21,Delivered
15569,2021-04-15,612,54,Shipped
15570,2022-11-12,168,18,Inprogress
15571,2020-01-31,132,46,Delivered
15572,2020-10-12,845,28,Delivered
15573,2022-05-31,310,8,Cancelled
15574,2022-08-04,712,41,Shipped
15575,2022-02-26,63,14,Delivered
15576,2022-10-02,748,14,Shipped
15577,2020-11-08,104,51,Inprogress
15578,2023-04-16,230,50,Shipped
15579,2020-08-19,873,45,Shipped
15580,2023-01-04,563,15,Delivered
15581,2020-05-02,456,30,Delivered
15582,2022-11-14,369,48,Inprogress
15583,2022-08-27,154,5,Delivered
15584,2020-06-04,267,26,Delivered
15585,2022-05-25,109,23,Shipped
15586,2021-06-07,869,36,Delivered
15587,2020-06-23,496,43,Delivered
15588,2021-08-14,657,51,Shipped
15589,2020-02-14,510,9,Inprogress
15590,2023-01-11,384,17,Cancelled
15591,2023-09-30,249,34,Delivered
15592,2022-04-17,323,24,Inprogress
15593,2022-08-25,560,27,Cancelled
15594,2023-04-04,769,10,Delivered
15595,2020-02-15,105,30,Inprogress
15596,2023-10-31,95,2,Cancelled
15597,2020-07-27,519,22,Delivered
15598,2020-12-20,624,2,Delivered
15599,2023-10-01,160,21,Cancelled
15600,2020-03-27,10,46,Inprogress
15601,2023-01-10,391,25,Cancelled
15602,2022-01-24,425,44,Delivered
15603,2022-02-25,283,14,Delivered
15604,2023-02-08,349,45,Inprogress
15605,2021-03-06,47,39,Delivered
15606,2021-08-03,680,12,Delivered
15607,2023-06-28,819,10,Returned
15608,2020-08-09,625,41,Delivered
15609,2022-10-25,790,7,Delivered
15610,2022-11-12,762,36,Delivered
15611,2021-11-05,589,21,Delivered
15612,2020-01-21,594,35,Cancelled
15614,2021-07-07,336,48,Cancelled
15615,2022-06-11,390,50,Shipped
15616,2022-11-10,488,42,Shipped
15617,2023-12-21,32,30,Inprogress
15618,2023-06-24,608,24,Cancelled
15619,2021-11-07,245,44,Inprogress
15620,2022-04-07,685,11,Cancelled
15621,2020-12-20,281,36,Shipped
15622,2022-07-10,361,4,Delivered
15623,2020-11-24,58,3,Shipped
15624,2020-07-24,99,30,Delivered
15625,2020-09-25,146,14,Inprogress
15626,2021-01-21,709,22,Inprogress
15627,2021-12-13,165,45,Inprogress
15628,2022-05-22,317,52,Delivered
15629,2021-07-24,354,30,Shipped
15630,2020-10-12,193,15,Delivered
15631,2023-05-06,390,36,Inprogress
15632,2023-08-27,278,47,Delivered
15633,2021-09-17,45,50,Delivered
15634,2021-01-17,5,51,Delivered
15635,2023-04-30,41,43,Shipped
15636,2023-04-26,538,18,Delivered
15637,2022-07-26,790,30,Delivered
15638,2022-04-02,778,34,Shipped
15639,2021-06-29,805,49,Delivered
15640,2023-10-05,23,22,Inprogress
15641,2020-07-05,113,29,Delivered
15642,2021-10-02,431,8,Delivered
15643,2022-01-02,213,38,Shipped
15644,2023-02-02,442,42,Delivered
15645,2022-01-10,322,50,Inprogress
15646,2023-07-29,295,28,Shipped
15647,2021-04-11,704,36,Delivered
15648,2021-06-08,867,50,Delivered
15649,2021-10-02,382,8,Shipped
15650,2023-02-24,29,6,Delivered
15651,2021-08-31,546,35,Cancelled
15652,2023-11-19,584,27,Delivered
15653,2021-04-24,642,5,Delivered
15654,2023-03-06,385,51,Shipped
15655,2020-09-25,2,22,Delivered
15656,2021-01-19,677,7,Inprogress
15657,2020-10-17,25,15,Inprogress
15658,2020-11-07,529,41,Cancelled
15659,2020-02-27,141,32,Delivered
15660,2021-09-05,249,13,Delivered
15661,2021-10-17,318,26,Shipped
15662,2023-05-23,749,14,Inprogress
15663,2023-02-09,739,24,Shipped
15664,2022-08-01,828,12,Inprogress
15665,2021-05-07,725,28,Cancelled
15666,2021-07-04,154,20,Delivered
15667,2022-12-18,898,38,Inprogress
15668,2020-01-09,888,12,Inprogress
15669,2021-04-22,585,47,Delivered
15670,2022-10-12,477,35,Shipped
15671,2020-09-13,308,21,Inprogress
15672,2021-09-24,213,40,Delivered
15673,2020-01-08,753,40,Shipped
15674,2020-03-21,68,20,Shipped
15675,2022-04-12,261,16,Shipped
15676,2021-03-06,806,45,Shipped
15677,2020-02-27,230,23,Delivered
15678,2021-04-25,870,15,Delivered
15679,2022-11-16,180,38,Inprogress
15680,2022-09-20,866,40,Delivered
15681,2021-11-22,657,8,Delivered
15682,2022-09-26,360,27,Delivered
15683,2021-06-22,620,7,Delivered
15684,2020-11-23,582,47,Delivered
15685,2020-06-12,694,36,Inprogress
15686,2021-12-19,260,29,Delivered
15687,2021-09-06,658,47,Delivered
15688,2020-10-11,215,15,Delivered
15689,2022-01-06,46,35,Delivered
15690,2020-04-08,756,30,Delivered
15691,2022-10-07,98,52,Delivered
15692,2023-07-30,556,48,Delivered
15693,2020-11-28,401,21,Delivered
15694,2023-03-22,888,40,Returned
15695,2020-08-04,854,34,Delivered
15696,2022-10-11,718,52,Inprogress
15697,2023-03-04,418,51,Returned
15698,2021-04-27,508,8,Cancelled
15699,2023-03-04,261,14,Inprogress
15700,2021-01-20,296,24,Shipped
15701,2022-03-22,682,37,Delivered
15702,2022-12-26,880,13,Inprogress
15703,2022-08-08,8,50,Delivered
15704,2020-08-18,176,51,Shipped
15705,2021-07-06,283,50,Cancelled
15706,2020-09-19,405,49,Inprogress
15707,2020-11-02,706,41,Shipped
15708,2023-06-03,647,11,Inprogress
15709,2021-03-28,383,15,Shipped
15710,2022-11-18,826,42,Delivered
15711,2023-09-04,408,3,Shipped
15712,2021-08-29,63,32,Delivered
15713,2020-11-22,675,48,Delivered
15714,2022-10-11,106,38,Delivered
15715,2021-11-21,799,13,Returned
15716,2021-11-29,675,39,Shipped
15717,2020-04-14,770,18,Delivered
15718,2023-03-06,878,28,Shipped
15719,2021-04-20,811,35,Delivered
15720,2020-01-17,55,16,Delivered
15721,2021-09-19,689,25,Shipped
15722,2021-01-15,142,36,Delivered
15723,2020-05-26,97,5,Delivered
15724,2023-05-18,543,16,Delivered
15725,2022-05-13,851,5,Delivered
15726,2023-12-27,204,52,Delivered
15727,2022-01-30,485,3,Inprogress
15728,2021-03-06,78,8,Inprogress
15729,2021-05-10,872,34,Delivered
15730,2021-08-27,305,22,Delivered
15731,2022-05-08,828,18,Cancelled
15732,2022-09-27,427,7,Delivered
15733,2021-02-26,739,52,Delivered
15734,2020-11-14,104,4,Inprogress
15735,2020-02-23,273,48,Delivered
15736,2021-06-30,718,23,Delivered
15737,2021-10-03,63,43,Delivered
15738,2023-02-01,60,33,Inprogress
15739,2021-12-04,465,17,Delivered
15740,2020-11-21,447,9,Delivered
15741,2020-11-28,228,19,Delivered
15742,2021-09-10,560,40,Inprogress
15743,2021-09-14,557,21,Inprogress
15744,2023-03-17,857,25,Shipped
15745,2020-12-11,371,39,Delivered
15746,2023-04-29,298,34,Delivered
15747,2023-03-08,312,6,Inprogress
15748,2023-09-03,486,28,Delivered
15749,2022-02-14,213,25,Shipped
15750,2020-08-21,439,3,Delivered
15751,2021-04-13,293,22,Delivered
15752,2020-11-23,461,48,Shipped
15753,2021-08-30,545,6,Delivered
15754,2021-04-06,861,20,Inprogress
15755,2021-01-17,628,37,Delivered
15756,2023-07-16,417,42,Cancelled
15757,2020-07-15,317,13,Delivered
15758,2021-10-04,341,32,Inprogress
15759,2022-09-14,533,34,Shipped
15760,2022-05-02,578,41,Shipped
15761,2020-01-05,507,36,Shipped
15762,2021-10-06,754,37,Delivered
15763,2022-02-04,541,3,Shipped
15764,2023-12-23,150,51,Shipped
15765,2023-01-23,103,49,Inprogress
15766,2021-11-03,266,12,Delivered
15767,2020-09-10,784,24,Inprogress
15768,2021-11-30,757,44,Inprogress
15769,2021-08-28,685,33,Delivered
15770,2022-02-21,593,26,Delivered
15771,2022-03-16,677,35,Delivered
15772,2021-11-18,811,44,Shipped
15773,2022-11-03,312,43,Shipped
15774,2022-04-30,235,9,Delivered
15775,2023-03-14,533,14,Shipped
15776,2021-04-27,558,42,Inprogress
15777,2021-09-07,101,2,Delivered
15778,2023-05-23,486,31,Inprogress
15779,2023-05-06,830,47,Cancelled
15780,2021-08-04,479,38,Shipped
15781,2022-05-24,466,33,Delivered
15782,2021-11-25,610,44,Shipped
15783,2023-08-15,327,21,Delivered
15784,2021-07-16,871,22,Delivered
15785,2020-03-19,437,47,Delivered
15786,2022-01-05,441,3,Returned
15787,2022-06-30,54,16,Cancelled
15788,2021-01-03,83,52,Delivered
15789,2021-03-20,778,2,Shipped
15790,2022-09-16,325,53,Delivered
15791,2022-09-05,16,38,Shipped
15792,2022-02-02,376,20,Shipped
15793,2020-01-03,589,33,Returned
15794,2020-11-08,611,11,Inprogress
15795,2022-03-09,357,44,Delivered
15796,2021-03-29,691,4,Inprogress
15797,2021-02-21,250,6,Delivered
15798,2023-01-09,813,38,Delivered
15799,2022-11-25,818,37,Inprogress
15800,2022-09-10,656,14,Inprogress
15801,2021-02-26,899,17,Shipped
15802,2023-06-15,12,32,Inprogress
15803,2020-11-20,638,26,Returned
15804,2022-06-15,232,22,Delivered
15805,2022-06-02,434,10,Shipped
15806,2023-12-18,885,21,Inprogress
15807,2020-11-19,669,13,Delivered
15808,2023-04-13,682,51,Delivered
15809,2023-01-31,468,38,Cancelled
15810,2020-09-15,219,49,Shipped
15811,2020-08-12,254,15,Cancelled
15812,2021-02-23,605,45,Shipped
15813,2020-08-14,734,4,Shipped
15814,2023-03-28,358,46,Delivered
15815,2022-09-01,884,37,Delivered
15816,2020-09-29,212,35,Delivered
15817,2022-07-22,675,23,Delivered
15818,2020-08-01,596,40,Inprogress
15819,2023-01-18,410,28,Delivered
15820,2022-08-19,694,9,Delivered
15821,2021-01-17,213,53,Delivered
15822,2023-11-03,295,15,Shipped
15823,2020-12-08,643,22,Delivered
15824,2022-03-11,182,48,Delivered
15825,2022-07-18,872,52,Inprogress
15826,2023-04-30,323,54,Delivered
15827,2022-11-25,610,24,Delivered
15828,2020-03-07,566,35,Shipped
15829,2021-11-26,160,37,Delivered
15830,2023-03-31,110,11,Delivered
15831,2023-10-07,124,7,Inprogress
15832,2020-02-14,453,29,Delivered
15833,2021-12-23,256,8,Shipped
15834,2020-03-04,135,22,Delivered
15835,2023-09-14,509,45,Delivered
15836,2021-10-18,808,6,Delivered
15837,2022-11-13,134,29,Delivered
15838,2023-11-24,208,3,Delivered
15839,2020-07-01,843,14,Delivered
15840,2020-01-18,297,34,Inprogress
15841,2021-02-12,343,16,Delivered
15842,2023-10-12,819,28,Delivered
15843,2022-09-28,313,51,Delivered
15844,2021-05-17,867,1,Delivered
15845,2021-08-02,610,27,Delivered
15846,2023-03-25,25,14,Inprogress
15847,2023-02-28,541,6,Shipped
15848,2020-10-18,54,12,Shipped
15849,2021-02-04,271,45,Inprogress
15850,2023-12-28,34,48,Inprogress
15851,2022-02-03,16,40,Shipped
15852,2020-09-10,695,2,Delivered
15853,2020-08-03,750,37,Delivered
15854,2020-05-10,568,52,Shipped
15855,2022-05-10,868,45,Delivered
15856,2021-08-05,172,40,Delivered
15857,2021-02-15,97,46,Cancelled
15858,2021-08-07,779,30,Returned
15859,2020-09-28,149,13,Delivered
15860,2023-09-23,722,32,Delivered
15861,2023-08-17,650,51,Delivered
15862,2022-04-22,615,42,Delivered
15863,2020-10-08,830,48,Inprogress
15864,2020-05-26,639,36,Shipped
15865,2020-02-22,596,4,Delivered
15866,2022-12-15,515,33,Shipped
15867,2023-02-15,578,39,Delivered
15868,2020-08-15,178,48,Delivered
15869,2020-04-21,649,33,Delivered
15870,2022-06-07,545,34,Shipped
15871,2021-01-28,625,7,Returned
15872,2023-05-21,700,39,Inprogress
15873,2020-09-26,632,54,Cancelled
15874,2021-08-19,683,4,Delivered
15875,2021-11-09,276,46,Delivered
15876,2021-06-08,124,3,Delivered
15877,2020-07-13,622,40,Delivered
15878,2020-09-25,220,15,Delivered
15879,2022-03-31,739,52,Shipped
15880,2020-12-18,612,32,Delivered
15881,2023-09-05,212,32,Inprogress
15882,2023-07-23,597,44,Delivered
15883,2023-01-23,211,41,Delivered
15884,2022-02-27,865,41,Delivered
15885,2020-06-24,788,21,Returned
15886,2023-10-22,51,50,Delivered
15887,2021-12-02,259,2,Delivered
15888,2021-04-10,26,39,Delivered
15889,2022-06-14,221,43,Delivered
15890,2022-05-25,463,12,Inprogress
15891,2022-05-08,209,26,Delivered
15892,2021-10-05,812,32,Inprogress
15893,2020-06-28,331,32,Delivered
15894,2022-11-02,881,53,Inprogress
15895,2022-12-27,106,37,Delivered
15896,2020-08-20,675,27,Returned
15897,2021-11-04,350,14,Delivered
15898,2021-06-08,468,29,Inprogress
15899,2022-08-10,86,2,Delivered
15900,2020-01-27,545,17,Shipped
15901,2020-03-29,713,22,Delivered
15902,2023-10-23,547,51,Cancelled
15903,2020-06-25,518,30,Delivered
15904,2022-12-12,675,53,Inprogress
15905,2023-05-09,13,3,Shipped
15906,2021-09-09,274,34,Delivered
15907,2023-11-04,777,12,Delivered
15908,2022-08-04,524,35,Cancelled
15909,2020-11-17,427,3,Delivered
15910,2020-10-30,308,11,Delivered
15911,2021-07-02,335,43,Delivered
15912,2023-01-19,151,46,Shipped
15913,2022-06-28,326,46,Cancelled
15914,2020-09-06,30,47,Delivered
15915,2020-10-30,749,49,Returned
15916,2022-10-09,889,41,Shipped
15917,2020-12-26,635,26,Shipped
15918,2022-05-03,387,14,Shipped
15919,2021-04-20,529,45,Shipped
15920,2020-02-07,557,15,Delivered
15921,2021-01-06,184,13,Delivered
15922,2020-02-22,30,30,Inprogress
15923,2023-04-09,280,31,Inprogress
15924,2023-07-30,117,39,Delivered
15925,2021-05-28,263,23,Inprogress
15926,2022-11-23,819,4,Shipped
15927,2023-08-12,723,44,Delivered
15928,2021-06-06,567,50,Delivered
15929,2022-09-01,886,16,Inprogress
15930,2023-10-22,32,4,Inprogress
15931,2023-10-23,24,44,Delivered
15932,2022-07-08,422,34,Delivered
15933,2022-01-17,688,3,Delivered
15934,2022-08-26,34,19,Cancelled
15935,2020-11-19,505,1,Delivered
15936,2021-02-24,832,21,Delivered
15937,2021-07-16,16,50,Shipped
15938,2022-11-15,348,31,Shipped
15939,2020-09-01,875,2,Delivered
15940,2020-06-09,58,5,Inprogress
15941,2022-07-16,528,4,Cancelled
15942,2022-10-27,18,29,Delivered
15943,2020-05-17,842,11,Delivered
15944,2022-03-06,825,15,Delivered
15945,2021-03-26,414,15,Inprogress
15946,2023-02-20,606,48,Shipped
15947,2021-01-27,284,54,Delivered
15948,2022-10-27,449,44,Delivered
15949,2021-11-14,658,19,Inprogress
15950,2023-05-07,553,39,Delivered
15951,2023-02-22,516,3,Delivered
15952,2022-12-17,440,19,Delivered
15953,2022-01-29,187,6,Delivered
15954,2022-04-04,786,31,Delivered
15955,2022-01-06,483,48,Delivered
15956,2023-07-27,33,46,Inprogress
15957,2022-07-31,228,14,Inprogress
15958,2023-01-08,603,46,Delivered
15959,2020-06-02,228,19,Delivered
15960,2020-06-11,279,17,Delivered
15961,2020-12-11,623,7,Shipped
15962,2022-10-13,25,12,Delivered
15963,2020-11-14,601,18,Shipped
15964,2021-09-07,272,6,Delivered
15965,2023-02-02,733,45,Delivered
15966,2022-08-17,197,38,Delivered
15967,2022-04-01,430,52,Inprogress
15968,2021-07-08,124,53,Delivered
15969,2021-06-14,5,29,Shipped
15970,2022-05-23,784,23,Shipped
15971,2022-05-17,265,8,Shipped
15972,2023-07-05,135,54,Shipped
15973,2021-08-28,847,40,Delivered
15974,2022-08-19,248,2,Delivered
15975,2022-06-21,358,23,Shipped
15976,2022-02-12,499,18,Cancelled
15977,2020-06-14,638,51,Delivered
15978,2022-04-11,354,33,Delivered
15979,2023-11-25,731,30,Delivered
15980,2022-04-21,533,17,Delivered
15981,2021-05-07,866,42,Shipped
15982,2021-06-29,17,9,Delivered
15983,2023-06-12,241,18,Shipped
15984,2023-10-20,615,49,Delivered
15985,2023-07-03,806,5,Returned
15986,2022-03-23,396,26,Inprogress
15987,2022-09-16,691,35,Inprogress
15988,2020-12-30,733,54,Shipped
15989,2020-07-17,480,36,Delivered
15990,2020-09-01,260,16,Returned
15991,2021-01-14,333,33,Shipped
15992,2021-12-12,566,5,Delivered
15993,2020-09-07,772,14,Delivered
15994,2022-05-25,883,38,Delivered
15995,2022-06-10,802,6,Inprogress
15996,2021-04-12,697,42,Delivered
15997,2022-10-11,470,4,Delivered
15998,2020-11-22,142,11,Shipped
15999,2021-08-12,193,44,Delivered
16000,2022-03-23,477,43,Delivered
16001,2021-03-17,797,40,Delivered
16002,2020-03-08,581,18,Delivered
16003,2020-02-22,225,27,Delivered
16004,2021-02-01,814,13,Inprogress
16005,2022-10-07,321,11,Delivered
16006,2022-03-07,867,45,Shipped
16007,2022-01-06,230,54,Delivered
16008,2023-12-28,177,3,Delivered
16009,2023-10-28,288,16,Delivered
16010,2022-05-22,680,22,Shipped
16011,2022-01-12,3,24,Delivered
16012,2020-01-02,369,53,Cancelled
16013,2023-02-14,315,49,Delivered
16014,2020-12-19,548,15,Delivered
16015,2020-03-24,457,23,Delivered
16016,2023-09-16,731,29,Delivered
16017,2020-02-09,836,53,Delivered
16018,2021-09-14,459,29,Shipped
16019,2021-05-06,498,54,Shipped
16020,2023-02-24,548,9,Delivered
16021,2020-07-01,444,45,Delivered
16022,2023-07-29,835,34,Delivered
16023,2021-06-26,419,11,Delivered
16024,2022-03-03,42,31,Inprogress
16025,2020-10-11,326,46,Shipped
16026,2023-05-09,312,32,Delivered
16027,2020-01-22,313,31,Shipped
16028,2020-06-10,889,6,Delivered
16029,2021-01-12,51,24,Shipped
16030,2023-07-26,109,27,Delivered
16031,2022-05-21,220,1,Delivered
16032,2021-05-28,464,46,Delivered
16033,2022-12-17,507,12,Delivered
16034,2022-08-24,696,19,Delivered
16035,2020-01-05,339,6,Shipped
16036,2021-12-09,535,15,Delivered
16037,2023-08-24,592,18,Delivered
16038,2023-11-30,337,24,Inprogress
16039,2020-08-29,425,16,Delivered
16040,2022-08-12,813,36,Inprogress
16041,2023-09-25,62,27,Delivered
16042,2020-06-10,526,25,Delivered
16043,2022-07-02,173,7,Delivered
16044,2021-03-05,896,15,Inprogress
16045,2022-01-01,422,37,Delivered
16046,2022-05-07,193,6,Delivered
16047,2022-01-15,494,19,Delivered
16048,2020-08-15,70,24,Delivered
16049,2021-04-15,542,31,Delivered
16050,2020-12-25,860,7,Delivered
16051,2020-03-05,508,24,Cancelled
16052,2023-02-22,35,9,Cancelled
16053,2023-07-08,638,24,Delivered
16054,2023-12-10,111,41,Delivered
16055,2020-11-05,335,13,Delivered
16056,2020-02-28,381,14,Inprogress
16057,2020-11-20,377,13,Delivered
16058,2022-10-09,125,23,Shipped
16059,2023-10-14,88,18,Delivered
16060,2020-10-28,500,32,Shipped
16061,2020-06-21,633,5,Delivered
16062,2022-07-14,798,34,Delivered
16063,2023-03-29,386,31,Shipped
16064,2022-12-20,264,18,Delivered
16065,2023-02-12,275,23,Delivered
16066,2020-07-30,695,22,Delivered
16067,2020-02-09,164,19,Shipped
16068,2023-09-10,705,37,Delivered
16069,2021-01-19,428,13,Delivered
16070,2023-12-29,66,50,Cancelled
16071,2023-07-22,847,43,Delivered
16072,2023-12-31,191,5,Cancelled
16073,2020-08-30,413,11,Inprogress
16074,2021-11-11,895,2,Shipped
16075,2023-09-16,900,42,Delivered
16076,2022-01-12,383,33,Delivered
16077,2023-11-04,524,4,Shipped
16078,2020-03-17,802,22,Delivered
16079,2020-03-27,278,3,Cancelled
16080,2021-05-01,680,51,Delivered
16081,2022-02-08,723,17,Cancelled
16082,2020-02-24,640,36,Delivered
16083,2021-08-01,474,19,Delivered
16084,2022-09-20,20,20,Cancelled
16085,2020-12-31,806,39,Inprogress
16086,2023-09-21,486,12,Delivered
16087,2023-01-08,250,49,Delivered
16088,2022-07-07,164,14,Delivered
16089,2021-08-27,743,51,Delivered
16090,2022-11-10,229,13,Shipped
16091,2023-10-25,800,48,Inprogress
16092,2023-12-19,630,1,Inprogress
16093,2020-03-11,476,50,Shipped
16094,2023-04-27,861,13,Delivered
16095,2020-06-17,112,35,Inprogress
16096,2023-08-14,597,3,Shipped
16097,2023-03-05,112,34,Cancelled
16098,2022-03-03,2,45,Delivered
16099,2023-10-31,739,4,Delivered
16100,2021-06-13,467,28,Shipped
16101,2023-09-27,762,37,Delivered
16102,2020-10-04,325,25,Delivered
16103,2021-12-06,26,10,Delivered
16104,2021-05-02,805,9,Delivered
16105,2020-08-04,385,33,Delivered
16106,2022-10-07,179,26,Delivered
16107,2021-08-01,55,1,Delivered
16108,2021-10-22,477,16,Shipped
16109,2020-10-26,848,34,Delivered
16110,2023-04-22,191,10,Delivered
16111,2023-02-10,873,1,Delivered
16112,2021-02-22,868,38,Delivered
16113,2021-03-14,399,26,Inprogress
16114,2021-02-19,765,15,Delivered
16115,2021-03-23,849,45,Delivered
16116,2022-04-05,829,7,Delivered
16117,2023-01-11,752,5,Shipped
16118,2023-04-24,450,51,Delivered
16119,2022-07-07,442,31,Delivered
16120,2022-01-05,67,48,Delivered
16121,2020-09-26,217,14,Shipped
16122,2020-06-28,374,22,Shipped
16123,2021-09-08,639,29,Inprogress
16124,2023-05-20,589,54,Shipped
16125,2023-03-04,214,1,Delivered
16126,2020-09-22,505,54,Delivered
16127,2023-11-10,787,21,Inprogress
16128,2023-04-24,816,27,Delivered
16129,2021-12-02,613,39,Delivered
16130,2020-11-05,423,17,Inprogress
16131,2021-10-27,564,33,Delivered
16132,2020-01-27,486,41,Delivered
16133,2021-07-26,456,28,Shipped
16134,2022-08-09,326,44,Delivered
16135,2022-05-16,570,2,Delivered
16136,2021-12-16,595,51,Delivered
16137,2021-10-02,56,6,Delivered
16138,2023-10-28,686,16,Delivered
16139,2023-10-16,501,23,Inprogress
16140,2020-11-12,291,2,Inprogress
16141,2022-12-11,298,1,Delivered
16142,2023-12-12,450,20,Shipped
16143,2022-07-19,425,7,Inprogress
16144,2020-10-12,420,37,Delivered
16145,2020-03-10,249,15,Delivered
16146,2023-04-02,504,12,Shipped
16147,2021-08-06,478,44,Delivered
16148,2020-05-30,838,52,Delivered
16149,2020-02-24,884,17,Delivered
16150,2021-09-03,896,14,Inprogress
16151,2021-07-01,474,36,Delivered
16152,2020-04-23,496,21,Delivered
16153,2021-07-22,683,53,Shipped
16154,2020-08-18,896,18,Inprogress
16155,2021-01-24,25,36,Delivered
16156,2021-11-22,735,26,Shipped
16157,2023-09-27,425,45,Shipped
16158,2020-09-10,652,36,Inprogress
16159,2021-01-16,620,42,Delivered
16160,2020-01-28,375,32,Delivered
16161,2022-08-20,348,22,Inprogress
16162,2021-11-06,134,8,Shipped
16163,2022-09-11,611,21,Inprogress
16164,2022-08-19,503,46,Delivered
16165,2022-10-30,768,13,Delivered
16166,2022-12-05,366,14,Delivered
16167,2020-11-02,193,53,Delivered
16168,2022-05-05,692,28,Cancelled
16169,2023-11-23,841,54,Delivered
16170,2021-07-29,516,52,Shipped
16171,2021-03-12,888,1,Shipped
16172,2020-01-12,501,23,Delivered
16173,2023-04-17,240,23,Shipped
16174,2023-06-29,837,52,Delivered
16175,2022-03-21,518,34,Delivered
16176,2021-11-16,188,53,Delivered
16177,2021-01-01,542,41,Inprogress
16178,2020-10-24,303,49,Inprogress
16179,2022-10-07,375,6,Delivered
16180,2021-07-14,319,26,Inprogress
16181,2022-12-28,838,49,Shipped
16182,2020-09-05,272,17,Delivered
16183,2020-04-11,282,46,Delivered
16184,2023-07-28,564,16,Delivered
16185,2021-05-15,608,12,Shipped
16186,2023-02-07,815,19,Delivered
16187,2020-03-26,216,23,Delivered
16188,2020-10-26,145,2,Inprogress
16189,2021-05-14,74,52,Delivered
16190,2020-12-14,719,36,Delivered
16191,2022-08-05,711,10,Shipped
16192,2020-05-09,57,35,Inprogress
16193,2020-02-26,601,34,Delivered
16194,2022-08-28,750,11,Delivered
16195,2021-08-12,329,1,Delivered
16196,2020-03-05,897,20,Returned
16197,2023-09-04,550,9,Delivered
16198,2022-11-23,577,44,Shipped
16199,2023-04-18,810,24,Delivered
16200,2020-03-19,395,7,Shipped
16201,2021-06-29,606,34,Delivered
16202,2021-03-18,358,30,Shipped
16203,2020-01-30,227,10,Delivered
16204,2020-05-19,260,49,Shipped
16205,2020-12-09,271,45,Delivered
16206,2020-12-16,290,34,Shipped
16207,2020-09-09,550,34,Delivered
16208,2021-07-15,48,25,Delivered
16209,2023-04-27,503,32,Shipped
16210,2021-11-25,670,15,Delivered
16211,2023-03-31,300,28,Delivered
16212,2022-04-20,278,28,Delivered
16213,2022-06-09,31,34,Delivered
16214,2022-09-30,558,23,Shipped
16215,2022-04-19,150,21,Inprogress
16216,2023-10-27,496,21,Delivered
16217,2023-11-11,555,4,Delivered
16218,2021-08-26,88,45,Delivered
16219,2020-04-23,551,34,Delivered
16220,2022-04-13,577,34,Shipped
16221,2020-06-04,147,53,Delivered
16222,2023-11-08,750,15,Returned
16223,2022-11-10,41,43,Delivered
16224,2020-12-30,216,49,Delivered
16225,2020-09-10,637,12,Delivered
16226,2023-07-13,305,32,Delivered
16227,2020-05-03,23,12,Inprogress
16228,2021-11-07,307,37,Delivered
16229,2023-02-28,806,10,Delivered
16230,2023-10-05,122,24,Delivered
16231,2023-10-12,594,37,Cancelled
16232,2023-12-23,405,32,Delivered
16233,2021-12-31,22,35,Delivered
16234,2023-06-13,756,51,Inprogress
16235,2020-05-10,253,47,Delivered
16236,2023-09-19,775,45,Shipped
16237,2021-06-06,665,45,Delivered
16238,2021-03-06,565,48,Shipped
16239,2022-05-01,834,18,Shipped
16240,2021-02-05,197,42,Delivered
16241,2022-11-18,59,22,Delivered
16242,2020-02-04,668,47,Shipped
16243,2020-06-19,315,10,Delivered
16244,2023-06-15,608,7,Delivered
16245,2021-08-12,602,39,Shipped
16246,2021-08-07,453,37,Inprogress
16247,2022-08-12,771,15,Shipped
16248,2022-02-02,20,45,Delivered
16249,2021-12-24,391,47,Delivered
16250,2023-04-04,187,39,Delivered
16251,2023-03-17,156,22,Inprogress
16252,2023-05-29,375,54,Cancelled
16253,2020-01-05,163,1,Delivered
16254,2020-07-18,798,37,Delivered
16255,2021-12-09,861,36,Shipped
16256,2023-01-18,856,41,Shipped
16257,2022-10-04,42,43,Delivered
16258,2022-09-05,169,39,Delivered
16259,2022-09-30,761,46,Inprogress
16260,2020-11-08,730,28,Delivered
16261,2020-02-07,395,18,Shipped
16262,2021-06-04,604,22,Delivered
16263,2022-05-24,161,26,Cancelled
16264,2021-04-10,13,22,Delivered
16265,2021-03-22,504,7,Delivered
16266,2023-08-03,68,35,Shipped
16267,2022-01-30,179,18,Shipped
16268,2023-12-27,527,12,Inprogress
16269,2021-09-10,343,21,Inprogress
16270,2020-12-21,833,20,Shipped
16271,2020-02-23,313,23,Delivered
16272,2022-11-17,528,46,Shipped
16273,2022-07-12,671,40,Returned
16274,2022-09-30,248,22,Delivered
16275,2020-04-23,534,39,Delivered
16276,2020-03-10,832,16,Delivered
16277,2023-11-23,382,28,Delivered
16278,2020-12-12,644,38,Inprogress
16279,2023-04-16,455,36,Shipped
16280,2021-06-14,600,20,Shipped
16281,2022-10-21,805,46,Delivered
16282,2020-07-19,400,51,Delivered
16283,2021-04-05,306,32,Delivered
16284,2021-05-17,679,52,Delivered
16285,2022-07-02,352,23,Delivered
16286,2020-12-07,524,30,Inprogress
16287,2020-08-01,549,27,Shipped
16288,2021-06-22,498,39,Delivered
16289,2022-03-18,282,44,Cancelled
16290,2023-12-12,428,26,Inprogress
16291,2023-09-17,146,49,Shipped
16292,2020-11-25,79,9,Shipped
16293,2022-03-15,345,13,Shipped
16294,2020-02-25,834,13,Cancelled
16295,2022-12-24,795,25,Delivered
16296,2021-10-25,730,39,Delivered
16297,2023-11-01,366,50,Delivered
16298,2021-05-09,396,45,Shipped
16299,2022-02-07,435,16,Inprogress
16300,2020-03-21,655,6,Inprogress
16301,2020-11-21,479,6,Inprogress
16302,2023-07-19,758,50,Delivered
16303,2020-08-07,101,44,Inprogress
16304,2021-09-27,236,41,Cancelled
16305,2023-07-28,34,21,Delivered
16306,2020-01-22,147,14,Delivered
16307,2021-09-02,452,11,Shipped
16308,2021-02-26,72,12,Cancelled
16309,2022-02-21,639,14,Delivered
16310,2021-05-20,563,46,Delivered
16311,2021-11-17,692,38,Cancelled
16312,2023-04-10,309,7,Delivered
16313,2023-01-29,740,41,Delivered
16314,2021-12-24,621,25,Delivered
16315,2022-05-01,822,29,Shipped
16316,2022-08-11,716,43,Delivered
16317,2021-10-31,345,19,Delivered
16318,2022-04-19,712,6,Delivered
16319,2022-03-27,613,35,Delivered
16320,2022-08-16,522,32,Inprogress
16321,2020-07-04,234,12,Delivered
16322,2021-10-20,703,31,Shipped
16323,2023-07-14,95,27,Delivered
16324,2022-12-17,263,18,Delivered
16325,2021-05-12,746,11,Delivered
16326,2021-12-16,120,18,Shipped
16327,2022-09-21,77,38,Inprogress
16328,2020-09-08,551,4,Delivered
16329,2021-06-01,199,25,Delivered
16330,2021-02-22,796,14,Inprogress
16331,2021-03-29,14,30,Shipped
16332,2023-01-23,582,17,Shipped
16333,2021-04-03,257,29,Shipped
16334,2022-01-07,653,36,Shipped
16335,2022-06-14,727,41,Delivered
16336,2020-09-08,279,7,Delivered
16337,2022-10-07,242,11,Delivered
16338,2020-05-03,798,23,Delivered
16339,2021-12-27,531,23,Delivered
16340,2022-06-17,793,14,Delivered
16341,2023-07-08,527,49,Shipped
16342,2020-03-25,295,17,Shipped
16343,2021-09-07,18,45,Delivered
16344,2023-08-08,794,37,Delivered
16345,2022-02-10,628,1,Cancelled
16346,2022-02-27,172,18,Delivered
16347,2023-10-12,80,5,Delivered
16348,2022-08-11,242,1,Shipped
16349,2020-03-29,87,9,Inprogress
16350,2020-01-07,197,8,Shipped
16351,2021-07-07,290,53,Delivered
16352,2020-11-08,389,51,Shipped
16353,2021-02-03,99,19,Shipped
16354,2021-11-21,480,29,Delivered
16355,2023-12-04,863,38,Shipped
16356,2022-04-20,776,47,Delivered
16357,2023-09-13,801,29,Inprogress
16358,2022-03-10,288,28,Delivered
16359,2021-12-13,81,12,Inprogress
16360,2021-09-03,526,4,Delivered
16361,2022-10-09,674,4,Inprogress
16362,2021-12-10,2,39,Delivered
16363,2021-05-27,573,52,Delivered
16364,2020-04-07,608,17,Shipped
16365,2022-05-23,833,50,Inprogress
16366,2021-03-10,864,13,Shipped
16367,2023-12-13,434,44,Delivered
16368,2023-11-28,639,3,Delivered
16369,2020-12-25,13,28,Returned
16370,2023-03-27,829,50,Shipped
16371,2021-06-05,518,8,Inprogress
16372,2023-01-13,151,34,Delivered
16373,2020-11-02,891,31,Shipped
16374,2022-02-20,813,35,Delivered
16375,2022-04-16,44,37,Inprogress
16376,2023-02-09,847,47,Inprogress
16377,2023-09-24,667,36,Delivered
16378,2021-07-13,72,38,Shipped
16379,2022-12-19,892,47,Delivered
16380,2021-01-23,197,41,Inprogress
16381,2023-03-02,41,10,Returned
16382,2020-12-18,867,33,Delivered
16383,2023-09-22,754,23,Delivered
16384,2021-12-23,476,3,Shipped
16385,2022-01-24,67,5,Inprogress
16386,2021-06-11,40,30,Delivered
16387,2023-11-30,395,16,Cancelled
16388,2021-02-13,812,25,Inprogress
16389,2022-06-10,561,6,Delivered
16390,2021-01-30,741,33,Delivered
16391,2022-09-29,286,16,Delivered
16392,2021-04-21,514,39,Delivered
16393,2022-09-19,673,32,Shipped
16394,2020-08-03,711,18,Inprogress
16395,2022-04-10,514,4,Shipped
16396,2020-08-05,328,49,Inprogress
16397,2020-10-09,569,30,Delivered
16398,2021-03-06,296,44,Delivered
16399,2020-07-27,709,41,Delivered
16400,2022-05-03,739,9,Shipped
16401,2022-10-27,373,42,Cancelled
16402,2022-08-27,266,21,Delivered
16403,2023-08-25,729,43,Delivered
16404,2020-01-19,440,29,Delivered
16405,2022-05-17,493,41,Cancelled
16406,2021-01-20,418,16,Inprogress
16407,2023-09-12,703,37,Returned
16408,2023-05-31,687,8,Shipped
16409,2023-03-27,564,40,Delivered
16410,2020-11-05,519,44,Delivered
16411,2023-04-07,457,31,Delivered
16412,2022-01-06,343,30,Delivered
16413,2020-01-20,712,54,Delivered
16414,2022-07-11,896,25,Delivered
16415,2021-01-15,2,22,Inprogress
16416,2021-11-17,537,24,Delivered
16417,2020-09-29,381,16,Shipped
16418,2021-06-20,430,16,Cancelled
16419,2022-08-22,866,36,Delivered
16420,2020-04-04,300,48,Delivered
16421,2022-03-17,423,34,Cancelled
16422,2021-01-27,789,27,Delivered
16423,2020-05-05,673,32,Shipped
16424,2020-03-11,209,47,Delivered
16425,2023-03-27,445,38,Delivered
16426,2022-08-04,796,20,Delivered
16427,2021-06-11,385,14,Delivered
16428,2020-09-07,315,23,Shipped
16429,2023-12-26,796,6,Delivered
16430,2023-08-11,858,47,Delivered
16431,2022-04-19,291,38,Delivered
16432,2023-02-09,496,44,Returned
16433,2023-03-06,320,48,Shipped
16434,2020-03-21,587,12,Delivered
16435,2022-02-13,886,49,Delivered
16436,2021-01-15,268,49,Delivered
16437,2020-03-04,876,54,Inprogress
16438,2021-01-09,888,9,Delivered
16439,2020-10-03,459,7,Cancelled
16440,2022-06-18,678,27,Delivered
16441,2020-11-24,459,30,Inprogress
16442,2020-12-05,402,35,Delivered
16443,2020-01-20,344,21,Delivered
16444,2020-05-26,435,13,Shipped
16445,2020-07-31,707,9,Delivered
16446,2023-03-27,212,24,Inprogress
16447,2021-06-29,477,7,Delivered
16448,2023-08-16,142,16,Cancelled
16449,2023-08-01,701,13,Shipped
16450,2021-02-18,696,4,Shipped
16451,2020-02-11,595,1,Inprogress
16452,2020-02-26,811,25,Delivered
16453,2020-09-03,45,12,Shipped
16454,2022-09-04,333,45,Inprogress
16455,2022-05-21,286,28,Shipped
16456,2023-09-09,120,28,Shipped
16457,2023-01-11,204,49,Shipped
16458,2022-02-22,154,11,Returned
16459,2023-03-08,29,3,Delivered
16460,2020-03-01,246,31,Delivered
16461,2020-06-09,482,41,Shipped
16462,2023-06-25,178,53,Delivered
16463,2020-10-06,487,25,Delivered
16464,2021-12-09,288,49,Delivered
16465,2020-11-30,797,34,Inprogress
16466,2020-06-23,806,44,Delivered
16467,2022-05-11,776,1,Inprogress
16468,2020-10-28,224,49,Delivered
16469,2023-11-25,233,10,Delivered
16470,2020-04-19,101,46,Shipped
16471,2021-10-18,20,7,Delivered
16472,2023-04-30,252,37,Delivered
16473,2023-08-08,286,26,Shipped
16474,2023-12-04,727,28,Shipped
16475,2022-05-21,699,46,Cancelled
16476,2023-06-05,435,6,Inprogress
16477,2021-07-21,760,11,Delivered
16478,2020-06-02,717,34,Delivered
16479,2022-08-03,648,13,Delivered
16480,2021-02-05,374,54,Shipped
16481,2023-07-17,296,2,Shipped
16482,2020-05-22,845,2,Delivered
16483,2022-01-30,792,15,Delivered
16484,2022-08-23,525,40,Cancelled
16485,2020-05-07,431,54,Delivered
16486,2023-03-17,838,23,Cancelled
16487,2022-06-07,19,32,Delivered
16488,2021-07-20,60,3,Cancelled
16489,2023-02-11,742,50,Delivered
16490,2020-08-09,846,22,Inprogress
16491,2021-03-12,574,19,Delivered
16492,2020-10-02,196,20,Shipped
16493,2023-10-06,295,38,Delivered
16494,2021-03-29,519,46,Shipped
16495,2021-06-19,41,50,Inprogress
16496,2022-06-02,814,9,Inprogress
16497,2023-12-22,251,36,Cancelled
16498,2020-06-01,634,8,Delivered
16499,2021-10-25,742,26,Cancelled
16500,2020-10-22,653,54,Shipped
16501,2021-01-23,899,5,Returned
16502,2023-11-26,448,40,Cancelled
16503,2021-05-15,807,16,Delivered
16504,2021-02-17,257,26,Shipped
16505,2023-05-10,499,15,Delivered
16506,2022-11-16,272,18,Delivered
16507,2023-04-15,503,36,Returned
16508,2023-02-03,529,19,Delivered
16509,2021-07-23,156,28,Delivered
16510,2021-04-17,51,13,Cancelled
16511,2022-12-19,744,38,Delivered
16512,2020-12-02,28,7,Delivered
16513,2022-03-20,437,8,Inprogress
16514,2020-10-25,483,21,Delivered
16515,2021-05-09,110,38,Delivered
16516,2023-09-07,317,7,Delivered
16517,2023-05-18,794,17,Shipped
16518,2022-03-01,434,36,Inprogress
16519,2020-01-14,273,7,Delivered
16520,2021-07-12,40,16,Delivered
16521,2021-11-12,762,19,Delivered
16522,2020-06-24,701,22,Returned
16523,2022-11-23,824,54,Delivered
16524,2023-03-06,388,43,Delivered
16525,2023-04-04,29,41,Shipped
16526,2021-12-02,156,16,Shipped
16527,2022-11-08,45,49,Delivered
16528,2023-12-07,281,53,Delivered
16529,2021-11-04,737,27,Delivered
16530,2020-10-05,503,47,Delivered
16531,2022-01-09,235,2,Cancelled
16532,2020-07-06,536,39,Shipped
16533,2020-01-28,707,39,Returned
16534,2020-03-06,187,1,Shipped
16535,2020-03-20,373,44,Cancelled
16536,2022-08-06,728,39,Delivered
16537,2023-06-19,342,54,Delivered
16538,2021-01-16,289,46,Inprogress
16539,2021-04-21,573,51,Delivered
16540,2020-06-03,861,50,Inprogress
16541,2022-10-08,743,28,Delivered
16542,2020-12-14,441,24,Delivered
16543,2022-06-25,604,48,Delivered
16544,2020-03-04,53,1,Delivered
16545,2022-06-28,597,42,Delivered
16546,2022-05-28,741,23,Delivered
16547,2020-12-30,568,44,Inprogress
16548,2020-05-31,742,39,Delivered
16549,2021-05-27,75,38,Cancelled
16550,2022-10-19,84,39,Inprogress
16551,2021-09-22,91,30,Shipped
16552,2022-01-12,141,18,Delivered
16553,2021-09-15,280,43,Delivered
16554,2021-11-13,857,18,Delivered
16555,2020-05-24,156,22,Shipped
16556,2020-11-09,184,47,Delivered
16557,2021-01-20,554,43,Delivered
16558,2023-02-28,785,8,Cancelled
16559,2022-01-02,226,4,Inprogress
16560,2020-07-02,318,47,Inprogress
16561,2020-05-21,675,10,Delivered
16562,2022-11-19,337,29,Returned
16563,2021-03-25,633,18,Delivered
16564,2023-03-26,592,14,Delivered
16565,2023-08-04,131,19,Inprogress
16566,2022-01-26,879,11,Delivered
16567,2022-02-08,500,50,Shipped
16568,2021-02-08,608,27,Shipped
16569,2020-04-30,695,25,Delivered
16570,2021-07-24,818,51,Delivered
16571,2023-07-18,810,32,Delivered
16572,2021-09-10,592,33,Delivered
16573,2023-08-03,113,54,Cancelled
16574,2021-05-18,418,30,Shipped
16575,2021-11-20,628,43,Returned
16576,2023-09-23,629,3,Inprogress
16577,2020-06-12,724,52,Delivered
16578,2022-01-26,151,37,Delivered
16579,2023-06-18,650,21,Delivered
16580,2021-04-25,597,32,Delivered
16581,2022-05-14,498,36,Delivered
16582,2021-11-24,212,50,Shipped
16583,2021-07-20,749,4,Shipped
16584,2021-11-26,520,31,Delivered
16585,2021-05-02,773,50,Inprogress
16586,2021-07-24,207,14,Delivered
16587,2023-01-14,449,45,Delivered
16588,2020-05-26,294,49,Inprogress
16589,2023-02-05,476,17,Delivered
16590,2022-10-30,299,21,Cancelled
16591,2020-12-10,539,50,Shipped
16592,2022-05-15,751,2,Delivered
16593,2023-10-05,94,54,Shipped
16594,2020-09-04,205,2,Shipped
16595,2023-06-08,884,10,Delivered
16596,2023-01-29,336,15,Inprogress
16597,2022-03-13,582,44,Inprogress
16598,2023-02-16,469,38,Delivered
16599,2021-07-18,107,51,Delivered
16600,2020-03-04,123,4,Shipped
16601,2022-11-17,348,15,Delivered
16602,2023-04-05,892,7,Inprogress
16603,2022-12-20,476,48,Delivered
16604,2020-09-21,728,13,Shipped
16605,2022-10-13,888,24,Delivered
16606,2020-10-02,415,2,Inprogress
16607,2023-10-29,443,39,Inprogress
16608,2021-03-06,64,38,Delivered
16609,2023-10-31,238,13,Delivered
16610,2023-12-08,347,3,Delivered
16611,2021-03-17,217,39,Delivered
16612,2022-07-26,890,2,Returned
16613,2022-02-13,728,51,Delivered
16614,2020-05-27,542,11,Returned
16615,2023-11-26,551,1,Cancelled
16616,2023-03-29,428,3,Shipped
16617,2021-11-27,126,8,Shipped
16618,2020-07-29,160,23,Delivered
16619,2022-05-13,582,39,Delivered
16620,2023-06-07,861,29,Shipped
16621,2020-07-07,577,32,Inprogress
16622,2022-11-22,179,2,Delivered
16623,2023-11-19,642,5,Shipped
16624,2021-07-16,802,39,Delivered
16625,2023-12-19,470,18,Delivered
16626,2021-03-03,477,9,Delivered
16627,2021-09-24,546,20,Delivered
16628,2021-05-26,156,9,Delivered
16629,2023-05-23,793,33,Shipped
16630,2022-05-22,82,34,Shipped
16631,2021-01-22,649,47,Delivered
16632,2021-06-18,12,30,Delivered
16633,2023-06-11,269,4,Returned
16634,2023-07-03,329,36,Shipped
16635,2020-05-15,406,20,Shipped
16636,2020-01-16,731,6,Delivered
16637,2022-04-25,57,12,Delivered
16638,2023-03-14,391,52,Delivered
16639,2021-07-24,771,19,Delivered
16640,2021-06-03,552,49,Shipped
16641,2021-08-11,11,17,Shipped
16642,2022-12-03,610,16,Delivered
16643,2021-02-18,884,3,Delivered
16644,2020-05-26,537,48,Inprogress
16645,2020-03-10,223,22,Delivered
16646,2020-11-11,543,42,Delivered
16647,2023-08-08,345,18,Delivered
16648,2021-05-21,852,10,Inprogress
16649,2022-07-05,730,34,Returned
16650,2022-02-16,80,38,Inprogress
16651,2021-02-15,216,8,Delivered
16652,2022-05-25,323,13,Delivered
16653,2023-03-22,506,29,Shipped
16654,2022-04-06,278,6,Delivered
16655,2023-03-23,63,20,Delivered
16656,2020-04-11,423,43,Delivered
16657,2022-11-23,892,37,Inprogress
16658,2020-06-04,45,36,Inprogress
16659,2020-02-18,118,5,Inprogress
16660,2021-02-01,84,20,Inprogress
16661,2022-01-04,286,17,Delivered
16662,2023-11-02,222,17,Shipped
16663,2020-10-02,383,3,Inprogress
16664,2020-11-20,140,34,Delivered
16665,2020-08-13,783,28,Inprogress
16666,2021-02-08,46,27,Delivered
16667,2021-10-07,264,8,Delivered
16668,2021-06-19,490,16,Delivered
16669,2021-07-16,652,46,Cancelled
16670,2020-07-05,213,48,Delivered
16671,2021-01-12,673,33,Inprogress
16672,2020-09-20,155,54,Shipped
16673,2020-05-17,12,26,Delivered
16674,2022-01-22,639,36,Delivered
16675,2021-04-03,421,44,Delivered
16676,2022-02-18,362,29,Delivered
16677,2021-06-14,342,51,Delivered
16678,2023-08-31,295,28,Shipped
16679,2020-10-29,784,48,Delivered
16680,2022-03-06,35,26,Delivered
16681,2022-03-12,89,47,Delivered
16682,2021-02-02,800,54,Delivered
16683,2021-04-25,451,19,Returned
16684,2020-11-28,65,11,Shipped
16685,2022-07-07,311,37,Delivered
16686,2020-08-11,612,51,Delivered
16687,2021-05-03,135,42,Delivered
16688,2022-03-10,109,9,Delivered
16689,2020-02-11,100,36,Delivered
16690,2022-11-03,175,24,Delivered
16691,2022-10-06,43,42,Cancelled
16692,2020-08-26,619,19,Delivered
16693,2022-04-27,193,14,Delivered
16694,2022-01-21,356,47,Inprogress
16695,2021-12-25,694,15,Cancelled
16696,2022-07-13,262,44,Inprogress
16697,2020-07-25,415,6,Delivered
16698,2020-02-04,527,25,Delivered
16699,2023-06-08,333,14,Cancelled
16700,2022-11-08,787,25,Delivered
16701,2022-05-18,339,48,Delivered
16702,2022-05-30,639,9,Cancelled
16703,2022-02-11,658,47,Cancelled
16704,2022-08-04,346,29,Delivered
16705,2023-05-30,216,26,Delivered
16706,2021-07-11,380,33,Inprogress
16707,2022-09-15,822,23,Delivered
16708,2020-04-03,877,18,Inprogress
16709,2020-04-22,487,12,Delivered
16710,2022-07-31,626,2,Shipped
16711,2022-03-07,521,3,Delivered
16712,2023-05-26,824,31,Shipped
16713,2023-01-15,129,35,Shipped
16714,2021-12-29,540,45,Shipped
16715,2020-06-06,500,17,Delivered
16716,2022-10-01,56,19,Delivered
16717,2023-08-30,202,53,Inprogress
16718,2023-04-16,617,12,Delivered
16719,2021-11-12,867,15,Delivered
16720,2020-10-29,611,52,Delivered
16721,2020-07-05,87,2,Delivered
16722,2021-06-04,837,33,Inprogress
16723,2022-01-01,8,43,Delivered
16724,2021-05-06,484,32,Delivered
16725,2021-12-23,849,44,Inprogress
16726,2023-10-22,388,46,Delivered
16727,2022-03-25,188,3,Inprogress
16728,2021-05-25,723,54,Inprogress
16729,2020-11-21,615,54,Delivered
16730,2020-03-21,605,46,Delivered
16731,2022-08-01,23,47,Delivered
16732,2023-02-01,45,7,Cancelled
16733,2021-04-04,740,1,Inprogress
16734,2020-08-24,435,39,Inprogress
16735,2021-08-09,405,14,Delivered
16736,2021-10-16,33,6,Delivered
16737,2023-07-14,274,34,Delivered
16739,2023-01-08,505,49,Inprogress
16740,2022-07-19,624,1,Delivered
16741,2021-06-29,180,41,Delivered
16742,2022-12-13,69,8,Delivered
16743,2022-01-23,700,38,Delivered
16744,2023-11-16,352,6,Inprogress
16745,2022-02-06,623,46,Shipped
16746,2022-10-11,375,7,Delivered
16747,2022-12-04,195,19,Delivered
16748,2023-03-17,268,4,Delivered
16749,2020-10-06,155,14,Inprogress
16750,2022-01-15,761,3,Shipped
16751,2021-08-23,353,2,Delivered
16752,2023-10-20,681,39,Inprogress
16753,2022-12-09,878,24,Inprogress
16754,2020-03-16,870,28,Cancelled
16755,2023-10-02,278,1,Delivered
16756,2023-06-21,556,48,Delivered
16757,2022-04-20,655,10,Delivered
16758,2023-03-18,417,31,Delivered
16759,2021-05-10,277,3,Delivered
16760,2020-01-12,596,25,Delivered
16761,2022-08-05,25,49,Delivered
16762,2020-01-21,53,37,Delivered
16763,2022-01-06,176,8,Delivered
16764,2021-01-05,795,20,Delivered
16765,2022-02-23,277,34,Shipped
16766,2022-01-20,722,8,Inprogress
16767,2023-10-21,102,22,Delivered
16768,2023-10-08,874,13,Inprogress
16769,2022-05-16,377,8,Shipped
16770,2023-04-15,231,49,Shipped
16771,2022-05-19,297,35,Inprogress
16772,2021-02-21,176,2,Delivered
16773,2021-06-02,479,46,Delivered
16774,2020-06-15,275,33,Delivered
16775,2023-06-05,251,49,Shipped
16776,2020-01-13,544,1,Delivered
16777,2023-10-05,886,14,Inprogress
16778,2020-02-20,511,15,Returned
16779,2023-10-20,280,36,Shipped
16780,2022-08-11,8,12,Shipped
16781,2022-10-31,396,39,Shipped
16782,2022-11-22,335,34,Cancelled
16783,2021-12-26,863,17,Shipped
16784,2023-06-19,598,26,Delivered
16785,2023-09-13,646,7,Delivered
16786,2021-02-05,671,49,Delivered
16787,2020-08-21,764,3,Inprogress
16788,2023-08-27,737,27,Delivered
16789,2023-02-16,457,31,Delivered
16790,2021-06-13,216,37,Inprogress
16791,2020-05-07,300,29,Delivered
16792,2021-10-29,856,43,Inprogress
16793,2020-10-13,774,28,Delivered
16794,2022-07-23,628,24,Returned
16795,2021-01-02,658,34,Shipped
16796,2023-11-21,813,18,Delivered
16797,2021-12-25,94,9,Delivered
16798,2021-01-09,44,20,Delivered
16799,2023-07-21,108,27,Inprogress
16800,2022-01-02,565,33,Delivered
16801,2021-10-16,230,52,Cancelled
16802,2021-11-06,667,2,Inprogress
16803,2020-01-07,695,17,Delivered
16804,2022-06-20,827,13,Delivered
16805,2020-06-23,219,54,Inprogress
16806,2020-09-06,864,43,Delivered
16807,2020-01-28,683,23,Delivered
16808,2021-07-20,619,8,Delivered
16809,2022-01-18,115,47,Inprogress
16810,2020-10-03,655,43,Shipped
16811,2022-08-19,747,12,Inprogress
16812,2021-03-11,341,32,Delivered
16813,2022-02-19,884,50,Cancelled
16814,2021-05-15,638,29,Shipped
16815,2023-02-07,227,48,Inprogress
16816,2022-03-17,513,32,Returned
16817,2021-02-18,146,8,Shipped
16818,2020-06-19,9,51,Delivered
16819,2022-10-23,876,28,Delivered
16820,2021-05-12,505,42,Delivered
16821,2021-06-14,118,24,Shipped
16822,2023-08-23,469,12,Cancelled
16823,2022-04-10,341,27,Delivered
16824,2023-04-07,793,20,Delivered
16825,2023-07-19,785,24,Inprogress
16826,2020-07-30,632,23,Delivered
16827,2021-02-07,364,12,Delivered
16828,2023-01-09,5,15,Delivered
16829,2022-07-14,286,35,Inprogress
16830,2022-10-14,470,26,Inprogress
16831,2023-07-11,830,15,Delivered
16832,2020-04-28,636,18,Delivered
16833,2021-09-28,586,28,Delivered
16834,2022-04-24,885,41,Inprogress
16835,2021-10-22,751,10,Delivered
16836,2021-04-25,326,38,Inprogress
16837,2023-04-13,603,30,Delivered
16838,2020-08-05,264,38,Delivered
16839,2022-01-09,377,25,Shipped
16840,2021-05-21,730,19,Delivered
16841,2021-07-19,85,51,Shipped
16842,2022-01-12,854,46,Delivered
16843,2020-02-15,595,35,Inprogress
16844,2021-04-11,210,49,Delivered
16845,2020-08-20,96,51,Delivered
16846,2022-12-28,228,40,Shipped
16847,2020-11-17,685,27,Delivered
16848,2020-10-01,559,34,Cancelled
16849,2020-04-12,687,39,Delivered
16850,2023-11-20,716,24,Delivered
16851,2021-12-01,509,39,Delivered
16852,2022-06-11,143,17,Delivered
16853,2023-03-08,662,42,Returned
16854,2021-09-17,320,11,Delivered
16855,2020-10-14,389,52,Delivered
16856,2023-07-29,366,35,Shipped
16857,2023-03-26,31,7,Delivered
16858,2020-10-26,598,36,Shipped
16859,2021-07-12,95,19,Delivered
16860,2022-05-15,577,53,Inprogress
16861,2023-01-25,431,33,Inprogress
16862,2022-05-20,494,30,Inprogress
16863,2021-01-21,397,42,Delivered
16864,2022-07-13,496,14,Inprogress
16865,2021-02-26,329,35,Delivered
16866,2021-01-17,620,40,Delivered
16867,2020-12-08,195,24,Delivered
16868,2023-07-08,116,39,Cancelled
16870,2021-01-07,132,3,Delivered
16871,2022-03-03,57,9,Delivered
16872,2022-03-30,648,6,Shipped
16873,2020-09-29,618,36,Delivered
16874,2023-12-23,303,42,Delivered
16875,2021-11-02,716,53,Delivered
16876,2021-06-19,575,25,Inprogress
16877,2021-06-15,886,29,Delivered
16878,2022-07-13,636,41,Delivered
16879,2022-09-23,446,51,Inprogress
16880,2021-05-08,492,27,Shipped
16881,2022-10-19,302,48,Shipped
16882,2022-01-10,798,18,Delivered
16883,2022-10-13,671,39,Delivered
16884,2020-01-25,571,3,Shipped
16885,2020-03-09,675,15,Returned
16886,2021-07-19,56,39,Shipped
16887,2023-10-27,605,28,Delivered
16888,2020-11-09,458,42,Delivered
16889,2022-06-13,237,5,Delivered
16890,2022-12-01,5,13,Inprogress
16891,2022-05-03,618,3,Shipped
16892,2023-12-04,851,21,Cancelled
16893,2021-06-05,261,1,Delivered
16894,2023-05-26,327,21,Inprogress
16895,2021-06-27,555,49,Delivered
16896,2022-05-29,233,51,Cancelled
16897,2022-11-03,503,38,Delivered
16898,2020-01-10,116,21,Delivered
16899,2021-10-29,713,24,Cancelled
16900,2023-08-01,369,8,Shipped
16901,2020-11-09,139,8,Delivered
16902,2023-08-24,324,53,Delivered
16903,2020-08-03,492,17,Delivered
16904,2020-09-15,72,13,Cancelled
16905,2021-04-11,140,2,Delivered
16906,2023-02-25,891,13,Returned
16907,2023-07-29,318,52,Shipped
16908,2023-10-10,572,6,Delivered
16909,2023-09-05,426,46,Delivered
16910,2021-02-02,271,16,Shipped
16911,2023-11-04,3,49,Shipped
16912,2022-04-05,805,10,Delivered
16913,2020-07-06,739,38,Shipped
16914,2021-07-02,851,17,Shipped
16915,2023-03-27,368,12,Cancelled
16916,2021-05-02,664,2,Delivered
16917,2020-03-30,388,36,Delivered
16918,2022-05-11,137,4,Delivered
16919,2021-09-01,883,42,Inprogress
16920,2021-11-27,191,30,Delivered
16921,2023-03-06,314,53,Cancelled
16922,2022-02-12,705,26,Delivered
16923,2021-04-20,530,30,Inprogress
16924,2022-08-26,738,18,Delivered
16925,2022-01-02,877,45,Cancelled
16926,2022-06-02,812,48,Inprogress
16927,2023-12-08,54,45,Delivered
16928,2022-01-19,558,25,Delivered
16929,2020-11-24,56,6,Delivered
16930,2021-07-23,568,6,Delivered
16931,2021-01-05,601,25,Delivered
16932,2021-06-27,276,48,Delivered
16933,2022-05-13,764,46,Delivered
16934,2022-09-12,9,43,Delivered
16935,2020-08-22,493,22,Inprogress
16936,2022-09-28,598,51,Delivered
16937,2022-11-26,900,6,Delivered
16938,2023-07-22,345,15,Delivered
16939,2021-06-05,613,13,Delivered
16940,2022-10-11,216,36,Shipped
16941,2022-03-06,743,33,Cancelled
16942,2022-04-08,388,13,Shipped
16943,2021-04-24,406,27,Delivered
16944,2022-02-26,95,29,Delivered
16945,2021-08-23,478,3,Shipped
16946,2023-01-21,783,33,Delivered
16947,2023-10-17,280,51,Delivered
16948,2022-02-13,889,7,Inprogress
16949,2023-04-09,862,32,Inprogress
16950,2022-02-22,239,46,Delivered
16951,2020-12-21,279,35,Delivered
16952,2023-04-29,640,42,Delivered
16953,2021-06-01,555,50,Cancelled
16954,2021-02-07,179,23,Shipped
16955,2022-11-28,818,48,Inprogress
16956,2023-12-16,458,14,Delivered
16957,2023-03-16,340,16,Shipped
16958,2021-06-26,106,50,Delivered
16959,2021-02-21,256,30,Delivered
16960,2020-06-11,754,6,Inprogress
16961,2022-05-22,151,11,Delivered
16962,2023-02-14,701,40,Delivered
16963,2022-11-07,146,1,Delivered
16964,2022-07-20,383,42,Shipped
16965,2022-04-06,678,20,Delivered
16966,2023-12-31,723,52,Delivered
16967,2020-09-25,534,21,Shipped
16968,2021-06-14,627,8,Delivered
16969,2023-06-25,768,35,Delivered
16970,2023-12-02,494,44,Shipped
16971,2021-08-22,271,32,Shipped
16972,2022-10-24,572,46,Shipped
16973,2020-04-13,503,46,Cancelled
16974,2020-05-05,174,21,Delivered
16975,2020-11-29,42,35,Inprogress
16976,2020-03-22,777,54,Shipped
16977,2020-12-02,186,30,Inprogress
16978,2022-01-12,864,12,Shipped
16979,2022-11-08,492,23,Delivered
16980,2021-09-14,359,34,Shipped
16981,2022-11-06,444,19,Delivered
16982,2021-10-27,4,17,Returned
16983,2023-09-24,558,43,Shipped
16984,2020-04-29,109,18,Inprogress
16985,2022-07-24,505,8,Delivered
16986,2020-08-26,49,48,Cancelled
16987,2023-11-08,602,8,Delivered
16988,2022-01-27,344,32,Delivered
16989,2020-08-29,758,44,Delivered
16990,2021-11-01,74,25,Delivered
16991,2020-02-21,319,11,Delivered
16992,2023-10-11,636,3,Delivered
16993,2022-06-21,780,27,Delivered
16994,2023-06-21,734,50,Shipped
16995,2023-09-01,738,30,Delivered
16996,2023-09-21,6,19,Delivered
16997,2020-11-29,345,16,Delivered
16998,2022-10-18,245,28,Delivered
16999,2023-06-13,518,49,Shipped
17000,2022-01-10,741,6,Delivered
17001,2020-12-14,427,18,Delivered
17002,2020-11-02,374,1,Shipped
17003,2023-06-07,588,34,Inprogress
17004,2023-02-09,182,2,Shipped
17005,2020-04-28,719,45,Delivered
17006,2023-11-18,441,37,Shipped
17007,2021-10-15,542,4,Cancelled
17008,2022-11-13,51,30,Delivered
17009,2021-03-30,733,5,Delivered
17010,2022-05-06,92,27,Inprogress
17011,2022-10-03,497,45,Delivered
17012,2021-08-01,44,2,Delivered
17013,2023-12-04,535,9,Shipped
17014,2023-09-01,572,21,Delivered
17015,2020-09-14,166,54,Delivered
17016,2023-01-10,18,4,Shipped
17017,2022-10-10,175,54,Shipped
17018,2020-03-10,423,4,Cancelled
17019,2020-05-06,23,40,Inprogress
17020,2021-09-06,159,38,Delivered
17021,2023-04-03,633,13,Inprogress
17022,2021-06-18,438,14,Shipped
17023,2022-03-30,833,54,Delivered
17024,2022-05-12,833,6,Delivered
17025,2023-01-12,711,45,Shipped
17026,2022-04-26,635,50,Cancelled
17027,2020-07-12,871,21,Delivered
17028,2020-12-14,56,54,Shipped
17029,2021-05-17,757,18,Cancelled
17030,2022-04-21,642,14,Shipped
17031,2021-07-21,293,53,Delivered
17032,2020-06-26,46,2,Delivered
17033,2023-02-02,758,12,Cancelled
17034,2023-04-01,641,53,Cancelled
17035,2022-08-29,52,4,Delivered
17036,2021-09-09,699,32,Delivered
17037,2022-10-12,40,38,Shipped
17038,2022-06-18,234,48,Delivered
17039,2021-07-26,472,20,Cancelled
17040,2023-04-23,439,50,Inprogress
17041,2020-03-08,50,18,Delivered
17042,2020-03-17,237,39,Cancelled
17043,2021-09-16,440,20,Inprogress
17044,2021-09-25,424,49,Shipped
17045,2022-12-01,335,46,Shipped
17046,2020-05-02,542,30,Inprogress
17047,2023-10-10,355,9,Shipped
17048,2020-03-27,603,42,Inprogress
17049,2020-09-04,762,45,Delivered
17050,2022-10-04,81,3,Delivered
17051,2020-05-24,439,3,Inprogress
17052,2023-06-23,575,4,Inprogress
17053,2021-11-15,441,21,Delivered
17054,2022-05-18,177,25,Delivered
17055,2022-09-22,883,8,Delivered
17056,2020-05-28,121,10,Inprogress
17057,2023-12-24,850,34,Shipped
17058,2023-05-16,98,26,Shipped
17059,2023-06-02,518,43,Delivered
17060,2022-01-04,815,50,Delivered
17061,2023-09-16,656,34,Delivered
17062,2023-09-04,373,8,Cancelled
17063,2022-11-26,376,45,Returned
17064,2021-10-01,407,53,Delivered
17065,2021-11-06,777,46,Delivered
17066,2023-02-20,583,41,Shipped
17067,2023-12-18,82,38,Delivered
17068,2023-01-22,694,17,Delivered
17069,2021-06-27,745,17,Delivered
17070,2021-06-24,737,32,Delivered
17071,2020-02-29,411,16,Shipped
17072,2023-06-03,605,28,Delivered
17073,2021-04-04,118,51,Inprogress
17074,2023-04-20,398,48,Delivered
17075,2020-08-24,325,6,Delivered
17076,2021-08-10,661,1,Shipped
17077,2023-11-01,247,34,Delivered
17078,2021-10-06,738,6,Inprogress
17079,2022-11-10,711,4,Shipped
17080,2020-08-01,184,15,Delivered
17081,2020-08-15,513,52,Delivered
17082,2020-04-08,274,5,Inprogress
17083,2020-06-22,343,33,Delivered
17084,2022-03-01,239,22,Inprogress
17085,2022-08-18,124,48,Shipped
17086,2020-12-29,881,43,Inprogress
17087,2023-06-28,802,24,Delivered
17088,2023-08-22,132,28,Delivered
17089,2020-08-07,377,1,Shipped
17090,2020-05-27,378,3,Delivered
17091,2020-11-20,447,20,Shipped
17092,2021-07-17,725,21,Delivered
17093,2023-03-13,408,19,Inprogress
17094,2020-02-13,374,15,Delivered
17095,2021-05-24,535,7,Delivered
17096,2023-08-16,728,7,Cancelled
17097,2023-01-05,345,49,Inprogress
17098,2020-07-03,532,2,Delivered
17099,2021-02-22,858,20,Delivered
17100,2023-08-27,287,50,Shipped
17101,2022-01-08,689,54,Delivered
17102,2021-04-12,193,52,Delivered
17103,2021-12-06,175,33,Returned
17104,2021-10-22,183,9,Shipped
17105,2023-03-11,886,54,Shipped
17106,2023-05-06,340,49,Delivered
17107,2023-04-04,878,23,Shipped
17108,2022-09-22,522,36,Cancelled
17109,2023-07-14,644,7,Delivered
17110,2020-10-23,703,19,Inprogress
17111,2023-01-15,888,13,Cancelled
17112,2023-09-05,61,7,Delivered
17113,2022-02-28,819,44,Delivered
17114,2022-03-04,512,19,Delivered
17115,2023-03-17,779,47,Delivered
17116,2022-06-20,388,5,Delivered
17117,2020-11-08,865,16,Delivered
17118,2023-09-24,716,47,Inprogress
17119,2023-05-24,288,49,Shipped
17120,2022-11-11,678,36,Inprogress
17121,2020-01-04,470,44,Delivered
17122,2022-11-23,579,7,Delivered
17123,2020-10-02,741,2,Shipped
17124,2020-03-21,572,52,Delivered
17125,2023-06-24,334,37,Shipped
17126,2022-07-23,138,22,Returned
17127,2020-12-18,738,35,Delivered
17128,2023-08-18,148,42,Delivered
17129,2021-06-25,135,50,Delivered
17130,2022-04-30,52,9,Delivered
17131,2023-10-12,719,49,Inprogress
17132,2022-02-01,61,32,Delivered
17133,2023-07-27,519,13,Shipped
17134,2023-07-20,11,42,Shipped
17135,2023-05-20,620,47,Shipped
17136,2020-08-23,262,47,Shipped
17137,2021-05-07,403,46,Delivered
17138,2022-11-15,506,4,Shipped
17139,2022-08-25,331,8,Delivered
17140,2021-01-13,652,37,Cancelled
17141,2023-08-03,596,38,Delivered
17142,2021-01-02,473,21,Shipped
17143,2021-06-09,171,34,Delivered
17144,2020-06-29,412,17,Delivered
17145,2021-06-10,192,47,Shipped
17146,2020-01-09,237,32,Inprogress
17147,2022-05-30,523,35,Inprogress
17148,2023-05-25,449,8,Delivered
17149,2022-03-03,522,18,Delivered
17150,2022-06-03,747,19,Delivered
17151,2022-12-09,596,2,Shipped
17152,2022-03-17,359,36,Shipped
17153,2020-12-10,789,17,Delivered
17154,2020-08-31,400,23,Shipped
17155,2020-11-29,252,36,Delivered
17156,2022-07-05,516,43,Delivered
17157,2021-02-12,82,4,Delivered
17158,2021-05-16,215,32,Shipped
17159,2021-06-10,761,14,Delivered
17160,2020-07-24,68,53,Inprogress
17161,2023-12-23,368,31,Delivered
17162,2021-03-20,646,26,Shipped
17163,2023-12-08,843,1,Delivered
17164,2023-03-12,879,54,Delivered
17165,2022-07-31,334,42,Delivered
17166,2023-07-21,750,16,Delivered
17167,2022-03-09,281,32,Inprogress
17168,2023-07-31,784,41,Shipped
17169,2022-03-06,543,27,Delivered
17170,2020-05-06,519,23,Shipped
17171,2023-09-26,147,30,Delivered
17172,2023-03-30,142,40,Delivered
17173,2022-12-12,78,11,Cancelled
17174,2020-10-09,18,9,Cancelled
17175,2022-04-03,527,37,Delivered
17176,2023-07-28,252,14,Delivered
17177,2023-06-11,498,42,Inprogress
17178,2022-04-03,135,29,Shipped
17179,2022-01-25,440,42,Cancelled
17180,2022-11-07,183,16,Delivered
17181,2021-06-28,878,16,Cancelled
17182,2023-05-06,100,9,Delivered
17183,2021-02-05,743,17,Delivered
17184,2021-08-08,815,18,Returned
17185,2021-09-07,149,23,Delivered
17186,2022-12-09,286,8,Delivered
17187,2022-06-22,169,14,Delivered
17188,2020-07-25,202,11,Shipped
17189,2021-11-10,624,32,Delivered
17190,2023-12-28,147,41,Cancelled
17191,2022-08-10,774,29,Shipped
17192,2020-08-11,344,16,Cancelled
17193,2022-01-29,226,43,Cancelled
17194,2023-12-21,822,31,Shipped
17195,2023-05-21,194,53,Delivered
17196,2023-09-18,137,8,Delivered
17197,2021-09-24,859,48,Inprogress
17198,2020-03-05,630,36,Delivered
17199,2020-09-15,784,13,Delivered
17200,2020-12-15,56,51,Delivered
17201,2022-08-07,108,29,Shipped
17202,2023-10-04,249,3,Delivered
17203,2023-07-22,716,31,Shipped
17204,2021-03-31,714,29,Delivered
17205,2020-07-17,879,36,Inprogress
17206,2021-01-24,300,31,Delivered
17207,2020-04-15,458,4,Delivered
17208,2023-08-01,457,14,Delivered
17209,2023-06-29,390,49,Delivered
17210,2022-05-01,793,34,Cancelled
17211,2022-09-21,273,42,Delivered
17212,2023-12-20,615,17,Shipped
17213,2021-03-23,121,22,Delivered
17214,2022-03-30,732,54,Delivered
17215,2022-11-21,320,2,Delivered
17216,2021-04-07,310,43,Delivered
17217,2022-09-23,156,9,Delivered
17218,2020-10-26,497,29,Delivered
17219,2022-09-13,474,16,Delivered
17220,2022-04-15,497,17,Delivered
17221,2022-12-20,657,32,Delivered
17222,2022-08-24,150,29,Delivered
17223,2020-12-15,515,26,Shipped
17224,2022-04-19,836,43,Delivered
17225,2020-02-21,502,21,Inprogress
17226,2020-01-24,407,51,Inprogress
17227,2021-12-10,352,7,Delivered
17228,2022-05-14,163,6,Cancelled
17229,2023-07-24,151,44,Delivered
17230,2020-12-26,341,24,Delivered
17231,2021-01-13,799,25,Delivered
17232,2023-07-16,473,33,Cancelled
17233,2022-06-03,28,28,Delivered
17234,2023-01-23,453,21,Returned
17235,2020-06-30,165,18,Shipped
17236,2022-10-14,82,6,Delivered
17237,2022-08-31,686,16,Inprogress
17238,2022-06-27,781,49,Delivered
17239,2021-12-18,744,9,Delivered
17240,2023-12-07,613,8,Delivered
17241,2021-08-02,35,45,Inprogress
17242,2023-11-28,528,15,Delivered
17243,2022-01-22,562,52,Delivered
17244,2022-10-06,282,5,Shipped
17245,2022-07-03,561,27,Delivered
17246,2020-04-02,345,46,Delivered
17247,2022-01-07,359,31,Inprogress
17248,2020-04-29,106,23,Inprogress
17249,2023-08-07,478,9,Delivered
17250,2023-11-01,550,46,Shipped
17251,2020-12-05,479,38,Delivered
17252,2022-03-22,794,44,Inprogress
17253,2022-09-19,64,20,Delivered
17254,2022-05-26,23,17,Delivered
17255,2022-10-23,671,19,Cancelled
17256,2021-04-14,749,41,Delivered
17257,2020-10-03,295,49,Delivered
17258,2022-12-11,395,44,Delivered
17259,2020-05-27,466,12,Delivered
17260,2021-05-13,265,43,Delivered
17261,2022-02-07,765,28,Delivered
17262,2021-12-20,190,8,Delivered
17263,2023-02-23,273,25,Delivered
17264,2020-12-09,283,16,Inprogress
17265,2022-03-10,563,41,Shipped
17266,2020-03-20,61,3,Shipped
17267,2022-10-06,99,46,Inprogress
17268,2023-04-19,807,51,Delivered
17269,2022-06-09,362,37,Cancelled
17270,2021-01-02,286,15,Delivered
17271,2023-02-27,76,29,Returned
17272,2023-06-03,750,31,Returned
17273,2021-07-11,40,36,Shipped
17274,2020-04-26,22,50,Cancelled
17275,2020-12-06,640,40,Delivered
17276,2020-02-19,253,30,Delivered
17277,2022-08-01,639,40,Inprogress
17278,2022-05-02,147,4,Shipped
17279,2020-02-07,554,26,Delivered
17280,2021-04-24,69,32,Delivered
17281,2020-03-11,733,28,Cancelled
17282,2021-08-08,650,5,Delivered
17283,2023-01-14,478,49,Delivered
17284,2021-05-12,120,39,Delivered
17285,2022-01-23,7,47,Returned
17286,2022-10-06,462,23,Cancelled
17287,2021-09-30,642,50,Inprogress
17288,2021-05-17,860,16,Delivered
17289,2020-07-26,334,20,Inprogress
17290,2020-08-29,144,48,Cancelled
17291,2021-04-25,253,54,Delivered
17292,2022-08-27,652,26,Shipped
17293,2023-12-23,822,1,Delivered
17294,2022-06-13,308,14,Shipped
17295,2020-10-04,105,19,Delivered
17296,2020-04-29,892,36,Returned
17297,2021-01-13,134,26,Delivered
17298,2020-08-11,203,50,Delivered
17299,2020-01-19,281,32,Delivered
17300,2020-01-28,637,23,Delivered
17301,2023-08-05,785,36,Shipped
17302,2020-05-17,335,3,Shipped
17303,2020-12-06,57,15,Inprogress
17304,2022-07-10,765,18,Delivered
17305,2022-09-11,732,48,Shipped
17306,2022-01-08,260,11,Cancelled
17307,2020-01-02,424,3,Shipped
17308,2021-12-31,429,15,Delivered
17309,2023-08-18,1,22,Shipped
17310,2021-02-17,897,36,Inprogress
17311,2022-07-26,561,19,Delivered
17312,2020-08-11,401,51,Delivered
17313,2021-09-06,259,21,Inprogress
17314,2022-12-15,448,9,Delivered
17315,2020-04-15,781,42,Cancelled
17316,2022-08-29,645,8,Cancelled
17317,2021-12-09,43,8,Delivered
17318,2021-09-18,474,18,Delivered
17319,2022-06-23,601,9,Cancelled
17320,2020-03-08,128,11,Delivered
17321,2020-01-05,731,21,Shipped
17322,2021-01-29,580,29,Delivered
17323,2021-12-05,431,18,Delivered
17324,2021-05-31,415,45,Delivered
17325,2020-12-13,298,14,Shipped
17326,2023-12-08,261,43,Shipped
17327,2023-10-22,797,30,Shipped
17328,2021-04-08,15,16,Delivered
17329,2020-12-29,253,26,Delivered
17330,2023-08-16,442,33,Delivered
17331,2023-10-12,718,7,Inprogress
17332,2020-03-13,722,42,Shipped
17333,2023-12-13,888,30,Delivered
17334,2021-07-04,119,7,Inprogress
17335,2020-01-19,147,16,Shipped
17336,2021-09-09,71,34,Inprogress
17337,2020-03-18,271,19,Inprogress
17338,2023-08-29,676,13,Inprogress
17339,2021-07-25,521,30,Delivered
17340,2021-05-13,146,24,Shipped
17341,2021-03-21,204,5,Delivered
17342,2020-11-13,16,40,Delivered
17343,2023-02-20,527,28,Delivered
17344,2023-12-01,26,36,Inprogress
17345,2021-09-21,653,30,Delivered
17346,2021-12-05,71,31,Shipped
17347,2021-09-02,626,27,Delivered
17348,2021-12-12,838,19,Returned
17349,2023-04-26,16,44,Delivered
17350,2020-01-10,248,2,Delivered
17351,2020-10-18,868,42,Delivered
17352,2022-09-26,362,25,Delivered
17353,2022-10-24,691,22,Delivered
17354,2023-03-16,4,42,Inprogress
17355,2023-12-18,504,30,Inprogress
17356,2021-08-25,662,43,Delivered
17357,2021-09-03,682,28,Delivered
17358,2022-10-18,324,30,Delivered
17359,2020-11-08,735,18,Delivered
17360,2021-05-10,89,6,Delivered
17361,2021-09-28,556,31,Delivered
17362,2023-06-29,432,22,Delivered
17363,2023-05-09,220,16,Delivered
17364,2023-08-15,523,47,Delivered
17365,2021-01-31,608,26,Inprogress
17366,2021-01-14,861,25,Delivered
17367,2023-04-28,536,6,Delivered
17368,2021-12-05,605,21,Shipped
17369,2020-03-09,791,44,Delivered
17370,2022-08-17,693,13,Shipped
17371,2023-12-20,881,4,Delivered
17372,2022-07-29,450,5,Delivered
17373,2020-06-27,754,44,Delivered
17374,2021-06-18,166,19,Delivered
17375,2021-01-25,452,27,Inprogress
17376,2022-05-15,249,38,Shipped
17377,2022-08-14,410,16,Returned
17378,2021-08-08,404,18,Delivered
17379,2023-05-12,358,45,Delivered
17380,2020-09-30,682,11,Cancelled
17381,2022-03-03,8,33,Delivered
17382,2022-02-01,499,19,Inprogress
17383,2022-04-24,579,4,Shipped
17384,2023-03-16,1,13,Delivered
17385,2023-08-15,336,17,Shipped
17386,2020-08-10,386,1,Delivered
17387,2020-11-02,329,31,Shipped
17388,2023-03-25,641,31,Delivered
17389,2022-10-22,146,36,Delivered
17390,2023-10-14,156,8,Shipped
17391,2023-04-11,607,48,Returned
17392,2022-03-01,491,4,Delivered
17393,2020-04-04,845,19,Shipped
17394,2023-08-06,653,10,Delivered
17395,2020-12-30,371,37,Delivered
17396,2022-04-30,714,7,Shipped
17397,2022-10-26,624,3,Shipped
17398,2020-06-25,805,35,Shipped
17399,2022-12-31,288,53,Delivered
17400,2022-11-26,451,32,Delivered
17401,2021-11-28,880,47,Cancelled
17402,2023-06-14,640,53,Delivered
17403,2020-01-17,793,23,Delivered
17404,2022-07-13,746,1,Shipped
17405,2020-01-11,683,10,Cancelled
17406,2020-01-15,425,24,Shipped
17407,2021-10-06,615,4,Cancelled
17408,2021-10-13,433,51,Shipped
17409,2020-11-19,680,51,Inprogress
17410,2021-11-06,180,1,Shipped
17411,2023-01-11,855,24,Delivered
17412,2023-10-17,573,46,Delivered
17413,2021-05-18,602,46,Inprogress
17414,2023-01-26,286,39,Delivered
17415,2022-07-06,805,11,Shipped
17416,2021-11-23,841,30,Shipped
17417,2021-05-31,247,16,Delivered
17418,2023-07-10,294,46,Inprogress
17419,2022-11-03,488,49,Returned
17420,2020-10-21,382,14,Delivered
17421,2022-03-31,340,34,Cancelled
17422,2021-08-07,112,32,Delivered
17423,2020-03-21,817,34,Inprogress
17424,2023-06-09,272,7,Delivered
17425,2021-09-11,533,32,Delivered
17426,2020-06-24,502,18,Delivered
17427,2020-07-13,355,3,Inprogress
17428,2022-01-08,451,13,Delivered
17429,2021-08-21,593,15,Delivered
17430,2023-05-06,321,49,Delivered
17431,2020-08-25,345,17,Shipped
17432,2020-11-23,813,11,Shipped
17433,2022-07-05,144,6,Delivered
17434,2022-07-10,673,41,Delivered
17435,2021-06-14,844,19,Shipped
17436,2021-02-18,820,42,Shipped
17437,2021-04-12,417,22,Delivered
17438,2021-10-18,764,50,Cancelled
17439,2021-07-14,598,20,Delivered
17440,2021-03-07,364,37,Delivered
17441,2022-02-11,670,17,Delivered
17442,2022-04-30,709,35,Delivered
17443,2021-05-27,894,25,Shipped
17444,2021-01-25,150,42,Delivered
17445,2020-06-16,890,40,Delivered
17446,2020-05-25,158,4,Delivered
17447,2021-08-12,646,52,Delivered
17448,2023-08-26,357,43,Shipped
17449,2020-10-20,82,43,Delivered
17450,2022-02-11,243,3,Shipped
17451,2022-12-19,329,19,Delivered
17452,2023-06-20,744,48,Inprogress
17453,2020-05-27,733,35,Shipped
17454,2021-10-13,445,3,Delivered
17455,2020-12-08,577,36,Inprogress
17456,2022-03-21,58,9,Delivered
17457,2023-11-08,40,23,Delivered
17458,2021-06-17,830,24,Shipped
17459,2022-02-15,508,13,Delivered
17460,2021-07-23,383,53,Inprogress
17461,2021-06-21,419,6,Shipped
17462,2023-03-11,389,32,Delivered
17463,2023-08-28,536,49,Delivered
17464,2020-11-05,493,39,Delivered
17465,2020-12-22,100,31,Shipped
17466,2023-02-19,210,31,Shipped
17467,2020-11-18,205,10,Delivered
17468,2020-02-06,144,36,Shipped
17469,2021-01-31,815,47,Cancelled
17470,2020-01-25,877,27,Shipped
17471,2022-05-11,186,16,Shipped
17472,2023-11-29,381,52,Delivered
17473,2020-04-14,152,20,Returned
17474,2020-12-27,455,31,Inprogress
17475,2021-04-05,134,5,Delivered
17476,2023-09-20,304,23,Delivered
17477,2023-01-29,10,34,Delivered
17478,2020-07-02,298,36,Shipped
17479,2023-08-31,612,23,Delivered
17480,2023-05-15,654,41,Delivered
17481,2021-07-11,98,41,Delivered
17482,2020-05-22,735,47,Inprogress
17483,2021-11-03,266,43,Shipped
17484,2023-04-17,714,54,Returned
17485,2023-10-15,592,13,Delivered
17486,2022-10-27,558,1,Shipped
17487,2020-01-07,503,7,Shipped
17488,2023-10-23,337,44,Cancelled
17489,2021-01-31,404,22,Delivered
17490,2023-07-10,881,12,Shipped
17491,2020-08-31,719,29,Delivered
17492,2022-10-11,55,22,Shipped
17493,2020-03-19,56,23,Inprogress
17494,2023-10-03,208,33,Delivered
17495,2021-06-23,893,5,Inprogress
17496,2020-07-12,192,38,Delivered
17497,2021-09-27,41,37,Inprogress
17498,2021-03-11,530,24,Delivered
17499,2020-05-19,59,12,Delivered
17500,2023-03-06,161,25,Cancelled
17501,2021-01-21,645,7,Shipped
17502,2020-10-06,133,19,Delivered
17503,2020-09-30,613,8,Delivered
17504,2023-03-23,713,28,Delivered
17505,2022-02-03,885,53,Cancelled
17506,2020-06-23,681,54,Inprogress
17507,2022-10-27,775,18,Shipped
17508,2022-05-12,500,24,Delivered
17509,2021-05-29,21,41,Shipped
17510,2023-09-03,738,47,Delivered
17511,2021-07-17,53,52,Shipped
17512,2022-02-09,78,41,Delivered
17513,2022-05-09,582,1,Delivered
17514,2020-04-06,523,18,Inprogress
17515,2020-06-01,282,24,Delivered
17516,2023-11-28,868,49,Delivered
17517,2022-08-12,611,26,Shipped
17518,2021-12-30,555,31,Returned
17519,2021-05-16,649,23,Shipped
17520,2022-11-24,93,41,Delivered
17521,2021-04-09,223,17,Delivered
17522,2023-01-04,517,40,Inprogress
17523,2022-02-25,63,19,Inprogress
17524,2021-08-01,191,39,Delivered
17525,2020-12-23,758,15,Delivered
17526,2021-09-14,713,15,Delivered
17527,2023-10-10,359,38,Delivered
17528,2020-07-02,193,32,Delivered
17529,2020-08-25,870,26,Delivered
17530,2023-09-25,539,41,Cancelled
17531,2023-08-22,438,22,Inprogress
17532,2022-02-01,796,36,Delivered
17533,2022-12-09,136,13,Delivered
17534,2020-07-08,110,44,Delivered
17535,2022-07-28,475,6,Delivered
17536,2023-05-18,706,33,Shipped
17537,2022-07-04,111,25,Shipped
17538,2020-07-28,388,34,Shipped
17539,2023-12-03,104,21,Shipped
17540,2023-08-20,815,23,Cancelled
17541,2022-03-28,353,21,Inprogress
17542,2021-03-30,107,38,Inprogress
17543,2020-11-12,442,54,Shipped
17544,2022-04-28,428,30,Delivered
17545,2020-12-22,870,6,Delivered
17546,2023-01-15,350,50,Delivered
17547,2020-04-01,289,24,Shipped
17548,2022-02-23,547,38,Shipped
17549,2020-11-12,57,39,Delivered
17550,2022-05-12,526,24,Inprogress
17551,2020-12-09,464,1,Inprogress
17552,2020-02-16,784,54,Shipped
17553,2021-10-15,194,23,Shipped
17554,2021-09-17,298,1,Delivered
17555,2020-11-02,116,24,Cancelled
17556,2022-01-14,5,38,Shipped
17557,2022-01-01,670,24,Delivered
17558,2022-02-21,705,47,Delivered
17559,2021-10-12,136,25,Inprogress
17560,2023-05-18,103,37,Delivered
17561,2021-05-09,617,14,Delivered
17562,2020-12-26,816,23,Delivered
17563,2020-04-21,339,32,Inprogress
17564,2021-09-04,665,31,Delivered
17566,2020-06-04,438,21,Delivered
17567,2023-07-20,684,12,Shipped
17568,2021-06-07,143,21,Delivered
17569,2021-07-07,856,9,Delivered
17570,2021-02-13,796,11,Inprogress
17571,2023-09-24,76,31,Shipped
17572,2020-04-09,786,40,Delivered
17573,2020-09-12,658,23,Shipped
17574,2020-11-27,310,51,Shipped
17575,2023-11-10,676,27,Shipped
17576,2020-03-21,140,22,Delivered
17577,2020-10-03,485,25,Cancelled
17578,2020-05-18,336,34,Delivered
17579,2023-09-23,806,21,Inprogress
17580,2020-07-28,809,19,Delivered
17581,2022-03-30,709,22,Delivered
17582,2021-04-26,816,16,Delivered
17583,2021-03-02,379,48,Inprogress
17584,2021-03-27,374,2,Delivered
17585,2021-11-22,699,28,Delivered
17586,2021-08-05,29,39,Delivered
17587,2023-10-12,182,39,Delivered
17588,2020-02-28,624,13,Delivered
17589,2022-09-28,320,9,Delivered
17590,2022-07-18,566,27,Inprogress
17591,2023-10-22,148,48,Inprogress
17592,2021-01-19,142,20,Inprogress
17593,2023-11-07,150,53,Returned
17594,2021-04-10,180,36,Shipped
17595,2022-12-02,11,33,Shipped
17596,2022-07-27,715,49,Delivered
17597,2021-03-15,170,1,Delivered
17598,2022-12-07,412,48,Delivered
17599,2022-02-09,469,13,Delivered
17600,2023-11-24,29,33,Delivered
17601,2021-11-13,880,45,Shipped
17602,2022-09-19,734,51,Delivered
17603,2022-12-18,837,18,Delivered
17604,2020-11-06,478,27,Delivered
17605,2023-08-04,473,50,Delivered
17606,2023-02-20,177,38,Inprogress
17607,2023-06-09,628,2,Delivered
17608,2021-12-06,793,11,Delivered
17609,2022-07-11,643,29,Shipped
17610,2022-04-04,219,48,Inprogress
17611,2021-06-03,596,39,Delivered
17612,2022-02-26,575,50,Delivered
17613,2021-11-10,803,2,Delivered
17614,2022-07-19,710,38,Delivered
17615,2020-03-03,49,42,Shipped
17616,2020-01-22,403,11,Delivered
17617,2023-09-03,277,10,Shipped
17618,2020-08-26,837,1,Delivered
17619,2023-09-02,56,20,Inprogress
17620,2023-03-13,605,27,Delivered
17621,2021-02-16,218,41,Inprogress
17622,2023-05-07,620,52,Delivered
17623,2020-04-29,527,11,Delivered
17624,2022-08-26,425,28,Cancelled
17625,2021-07-06,264,38,Inprogress
17626,2023-09-04,882,53,Shipped
17627,2022-02-03,469,6,Delivered
17628,2023-11-10,440,30,Delivered
17629,2021-02-25,656,23,Inprogress
17630,2023-11-22,102,54,Delivered
17631,2023-12-14,719,29,Delivered
17632,2023-08-09,292,35,Delivered
17633,2020-09-09,22,23,Inprogress
17634,2020-04-05,328,33,Returned
17635,2021-02-07,597,5,Shipped
17636,2020-04-17,467,2,Delivered
17637,2020-03-15,590,15,Delivered
17638,2022-12-22,789,10,Delivered
17639,2021-12-05,54,37,Delivered
17640,2020-11-18,658,26,Delivered
17641,2023-09-08,611,45,Delivered
17642,2023-04-08,603,1,Shipped
17643,2022-06-04,123,29,Delivered
17644,2023-09-16,857,47,Shipped
17645,2020-11-03,876,5,Shipped
17646,2021-11-22,259,4,Inprogress
17647,2023-08-25,847,19,Shipped
17648,2023-04-18,59,47,Delivered
17649,2020-11-07,884,1,Delivered
17650,2023-11-25,602,53,Delivered
17651,2022-02-12,652,23,Delivered
17652,2021-02-22,459,35,Shipped
17653,2021-08-27,171,9,Delivered
17654,2020-01-23,671,45,Shipped
17655,2023-01-07,49,10,Inprogress
17656,2021-11-13,501,1,Delivered
17657,2023-02-27,783,8,Delivered
17658,2023-05-13,674,19,Shipped
17659,2022-11-30,357,12,Delivered
17660,2021-10-09,613,9,Delivered
17661,2020-09-08,870,7,Shipped
17662,2022-11-18,226,15,Shipped
17663,2020-03-26,786,8,Shipped
17664,2021-02-27,469,7,Delivered
17665,2022-06-27,409,9,Inprogress
17666,2020-09-24,849,14,Delivered
17667,2021-08-17,598,40,Delivered
17668,2023-04-15,66,13,Inprogress
17669,2022-05-08,76,51,Delivered
17670,2021-05-19,864,12,Delivered
17671,2022-03-20,422,36,Delivered
17672,2020-08-18,17,25,Delivered
17673,2023-11-24,399,42,Delivered
17674,2021-09-13,363,52,Delivered
17675,2020-05-13,278,26,Shipped
17676,2020-11-06,149,28,Inprogress
17677,2021-03-05,706,54,Delivered
17678,2020-03-25,605,10,Delivered
17679,2021-07-23,760,42,Delivered
17680,2022-11-05,235,50,Shipped
17681,2022-08-22,154,42,Cancelled
17682,2023-09-04,801,43,Delivered
17683,2020-04-07,26,8,Delivered
17684,2020-02-25,462,29,Shipped
17685,2021-07-27,604,44,Delivered
17686,2021-08-17,273,46,Delivered
17687,2023-02-19,424,31,Delivered
17688,2021-07-05,449,2,Delivered
17689,2023-10-25,698,38,Delivered
17690,2023-08-29,384,31,Delivered
17691,2023-04-23,827,35,Delivered
17692,2020-01-30,429,2,Returned
17693,2021-09-26,668,14,Delivered
17694,2023-05-26,310,22,Shipped
17695,2023-12-14,375,50,Delivered
17696,2023-05-04,671,18,Inprogress
17697,2020-07-08,744,28,Delivered
17698,2023-11-14,556,40,Returned
17699,2022-02-12,305,11,Delivered
17700,2020-07-16,576,44,Delivered
17701,2022-09-29,835,10,Delivered
17702,2021-08-21,233,18,Shipped
17703,2023-04-18,89,36,Inprogress
17704,2021-03-18,55,27,Cancelled
17705,2020-07-12,430,14,Delivered
17706,2020-05-26,213,41,Delivered
17707,2023-04-23,111,23,Delivered
17708,2020-05-26,608,49,Delivered
17709,2021-04-07,310,19,Delivered
17710,2021-06-25,172,53,Delivered
17711,2023-06-27,208,45,Delivered
17712,2021-07-27,38,25,Shipped
17713,2023-09-17,615,31,Shipped
17714,2021-07-07,877,51,Delivered
17715,2023-12-31,226,25,Inprogress
17716,2020-09-24,826,4,Inprogress
17717,2021-03-26,196,44,Inprogress
17718,2021-06-18,758,35,Delivered
17719,2022-06-09,244,4,Cancelled
17720,2023-03-24,601,16,Shipped
17721,2022-08-01,233,9,Shipped
17722,2021-12-23,5,44,Delivered
17723,2020-08-30,334,20,Shipped
17724,2023-04-03,514,54,Delivered
17725,2021-07-19,566,39,Inprogress
17726,2021-01-23,804,21,Delivered
17727,2023-11-25,532,52,Delivered
17728,2023-10-24,531,24,Shipped
17729,2023-10-02,140,11,Delivered
17730,2020-08-11,841,54,Delivered
17731,2022-08-18,176,5,Shipped
17732,2023-05-18,458,6,Cancelled
17733,2021-09-05,241,42,Delivered
17734,2022-11-14,747,10,Delivered
17735,2020-10-18,639,19,Delivered
17736,2020-04-19,717,8,Inprogress
17737,2020-07-31,51,20,Shipped
17738,2023-11-05,40,9,Inprogress
17739,2020-12-24,261,24,Delivered
17740,2020-08-28,209,15,Delivered
17741,2023-03-29,489,28,Cancelled
17742,2021-12-11,105,16,Delivered
17743,2022-08-22,434,34,Delivered
17744,2020-09-09,488,21,Delivered
17745,2020-08-22,101,4,Inprogress
17746,2020-04-09,808,50,Cancelled
17747,2021-01-24,836,26,Shipped
17748,2022-05-18,171,49,Shipped
17749,2020-09-23,733,29,Delivered
17750,2022-07-26,436,21,Inprogress
17751,2021-10-04,581,14,Shipped
17752,2023-02-03,323,47,Shipped
17753,2021-07-17,573,12,Delivered
17754,2023-01-30,894,48,Delivered
17755,2020-07-09,101,8,Delivered
17756,2021-02-28,12,35,Delivered
17757,2021-08-18,766,24,Inprogress
17758,2020-09-24,515,9,Delivered
17759,2023-03-25,19,19,Delivered
17760,2021-10-23,669,15,Returned
17761,2022-08-18,883,28,Shipped
17762,2023-10-12,652,13,Returned
17763,2022-03-08,550,46,Shipped
17764,2021-05-02,760,14,Shipped
17765,2020-09-16,254,37,Delivered
17766,2020-10-16,703,38,Delivered
17767,2022-01-07,24,39,Inprogress
17768,2023-07-07,577,51,Delivered
17769,2022-01-26,368,14,Delivered
17770,2022-10-12,139,50,Shipped
17771,2020-07-22,135,24,Delivered
17772,2023-03-03,819,8,Inprogress
17773,2022-06-13,691,1,Shipped
17774,2021-08-15,77,44,Delivered
17775,2021-09-13,247,40,Cancelled
17776,2021-03-13,60,33,Shipped
17777,2020-10-02,804,52,Delivered
17778,2022-10-08,264,15,Inprogress
17779,2020-02-04,569,30,Inprogress
17780,2021-12-08,591,45,Cancelled
17781,2020-03-11,43,5,Delivered
17782,2023-09-22,469,25,Delivered
17783,2022-05-14,334,21,Shipped
17784,2021-10-04,253,40,Delivered
17785,2020-01-12,56,26,Delivered
17786,2022-11-19,621,19,Inprogress
17787,2020-12-19,742,31,Shipped
17788,2021-05-19,721,43,Delivered
17789,2023-07-01,757,17,Delivered
17790,2022-04-27,293,31,Inprogress
17791,2021-09-25,19,35,Delivered
17792,2020-04-17,436,10,Delivered
17793,2022-09-05,313,47,Delivered
17794,2020-03-03,449,19,Delivered
17795,2021-10-06,152,42,Inprogress
17796,2020-11-03,499,17,Shipped
17797,2023-05-09,420,33,Delivered
17798,2021-11-15,188,31,Cancelled
17799,2020-10-12,94,50,Shipped
17800,2020-02-05,299,17,Delivered
17801,2022-03-11,89,20,Shipped
17802,2020-05-09,553,12,Delivered
17803,2023-03-25,66,29,Delivered
17804,2021-04-18,620,30,Delivered
17805,2023-01-21,486,16,Inprogress
17806,2023-11-01,56,15,Delivered
17807,2021-02-23,359,9,Shipped
17808,2022-08-02,533,22,Delivered
17809,2023-11-13,839,49,Shipped
17810,2021-05-03,400,50,Delivered
17811,2020-04-19,90,45,Delivered
17812,2021-08-27,718,24,Delivered
17813,2022-02-16,826,12,Delivered
17814,2020-05-04,807,11,Inprogress
17815,2022-09-08,81,30,Shipped
17816,2022-03-19,405,34,Delivered
17817,2022-04-19,776,52,Cancelled
17818,2022-05-31,249,38,Inprogress
17819,2023-01-23,381,41,Delivered
17820,2021-05-13,756,46,Shipped
17821,2020-09-11,382,19,Shipped
17822,2021-12-28,548,7,Shipped
17823,2022-12-01,818,10,Delivered
17824,2021-12-15,370,12,Returned
17825,2020-05-26,686,5,Inprogress
17826,2022-03-11,523,50,Inprogress
17827,2023-11-19,55,5,Shipped
17828,2021-05-05,333,19,Inprogress
17829,2022-06-23,880,2,Inprogress
17830,2023-10-10,415,13,Delivered
17831,2020-03-30,412,7,Delivered
17832,2022-06-27,282,32,Delivered
17833,2021-10-21,332,46,Delivered
17834,2023-11-02,86,12,Inprogress
17835,2022-09-14,481,42,Shipped
17836,2020-03-09,492,39,Delivered
17837,2023-04-11,814,7,Delivered
17838,2020-06-10,725,36,Delivered
17839,2020-10-16,524,4,Delivered
17840,2022-03-09,783,54,Delivered
17841,2021-10-03,302,33,Delivered
17842,2023-12-28,108,44,Delivered
17843,2023-09-11,820,28,Shipped
17844,2021-03-09,22,24,Delivered
17845,2020-10-08,769,11,Inprogress
17846,2020-06-10,136,36,Delivered
17847,2023-03-10,543,19,Delivered
17848,2022-08-07,302,50,Cancelled
17849,2021-02-12,572,52,Shipped
17850,2022-09-30,245,18,Delivered
17851,2022-03-03,743,8,Inprogress
17852,2021-08-26,145,19,Delivered
17853,2020-01-11,390,45,Shipped
17854,2020-03-04,519,51,Cancelled
17855,2020-01-11,88,52,Delivered
17856,2021-02-01,604,18,Shipped
17857,2021-06-08,419,12,Delivered
17858,2020-12-07,399,35,Shipped
17859,2022-03-26,382,41,Delivered
17860,2022-08-21,425,2,Returned
17861,2021-01-25,554,48,Cancelled
17862,2022-07-11,133,41,Shipped
17863,2022-05-21,203,25,Inprogress
17864,2021-11-09,651,23,Returned
17865,2020-09-05,884,22,Delivered
17866,2022-12-07,255,17,Shipped
17867,2020-11-25,114,37,Cancelled
17868,2021-07-18,885,15,Delivered
17869,2020-07-18,773,34,Inprogress
17870,2021-05-06,878,6,Shipped
17871,2022-07-30,256,52,Delivered
17872,2020-10-30,10,5,Delivered
17873,2020-10-20,487,49,Delivered
17874,2023-12-05,731,21,Delivered
17875,2023-11-19,194,6,Shipped
17876,2022-07-17,592,51,Shipped
17877,2023-01-12,780,53,Inprogress
17878,2022-11-18,571,54,Delivered
17879,2023-03-05,53,18,Inprogress
17880,2021-10-05,226,30,Delivered
17881,2023-02-06,687,54,Inprogress
17882,2021-08-27,470,9,Delivered
17883,2023-03-31,692,28,Inprogress
17884,2022-02-17,460,47,Delivered
17885,2022-12-17,653,53,Shipped
17886,2023-10-23,413,34,Inprogress
17887,2020-02-28,209,35,Shipped
17888,2020-06-19,813,23,Shipped
17889,2023-05-19,714,39,Inprogress
17890,2020-02-18,614,21,Shipped
17891,2020-01-22,131,48,Shipped
17892,2023-08-05,327,44,Delivered
17893,2020-02-29,550,32,Inprogress
17894,2021-03-07,676,10,Inprogress
17895,2022-12-17,321,33,Shipped
17896,2020-07-11,814,4,Inprogress
17897,2020-08-14,351,23,Delivered
17898,2023-04-26,296,11,Delivered
17899,2022-05-21,422,5,Inprogress
17900,2023-06-08,44,33,Delivered
17901,2023-10-03,830,23,Delivered
17902,2023-08-22,416,54,Shipped
17903,2022-10-05,37,22,Returned
17904,2023-08-01,298,44,Shipped
17905,2021-07-18,699,23,Shipped
17906,2023-01-06,692,22,Delivered
17907,2022-06-22,487,7,Delivered
17908,2021-12-21,167,42,Delivered
17909,2020-05-23,290,50,Delivered
17910,2023-04-03,640,8,Delivered
17911,2022-03-04,589,31,Delivered
17912,2023-12-10,794,53,Delivered
17913,2020-01-31,240,27,Delivered
17914,2022-07-14,231,8,Inprogress
17915,2021-02-17,388,14,Delivered
17916,2021-08-27,483,14,Cancelled
17917,2021-02-17,757,34,Delivered
17918,2023-10-20,180,5,Delivered
17919,2021-12-16,524,36,Shipped
17920,2023-11-04,562,20,Inprogress
17921,2021-09-05,512,35,Delivered
17922,2021-06-15,856,26,Delivered
17923,2023-09-02,236,11,Inprogress
17924,2020-04-08,305,5,Delivered
17925,2020-07-16,796,1,Shipped
17926,2020-07-06,643,46,Shipped
17927,2022-02-16,435,34,Inprogress
17928,2023-11-23,802,31,Delivered
17929,2022-09-30,863,46,Cancelled
17930,2020-09-12,202,31,Inprogress
17931,2022-06-24,843,5,Delivered
17932,2021-10-03,772,16,Inprogress
17933,2023-12-24,267,29,Shipped
17934,2023-01-11,325,38,Delivered
17935,2021-08-30,863,37,Delivered
17936,2022-07-22,88,14,Delivered
17937,2020-08-12,45,50,Inprogress
17938,2020-05-13,319,44,Inprogress
17939,2022-02-13,834,48,Delivered
17940,2020-01-26,801,24,Delivered
17941,2020-12-24,350,29,Cancelled
17942,2022-03-13,547,31,Delivered
17943,2021-12-11,705,1,Shipped
17944,2020-06-08,750,41,Inprogress
17945,2023-02-12,435,20,Shipped
17946,2023-11-09,584,22,Shipped
17947,2020-01-18,544,9,Delivered
17948,2022-11-30,665,26,Cancelled
17949,2020-11-04,841,7,Shipped
17950,2020-05-31,589,4,Shipped
17951,2020-04-17,850,24,Delivered
17952,2023-01-26,582,11,Cancelled
17953,2023-07-23,355,26,Inprogress
17954,2021-09-16,781,44,Delivered
17955,2023-08-10,748,4,Delivered
17956,2021-08-19,132,50,Shipped
17957,2020-01-24,19,9,Delivered
17958,2020-11-07,182,52,Delivered
17959,2022-06-16,888,44,Delivered
17960,2023-06-20,286,48,Delivered
17961,2021-02-07,520,28,Delivered
17962,2023-12-12,71,19,Inprogress
17963,2020-01-23,498,54,Inprogress
17964,2023-10-22,185,37,Inprogress
17965,2022-08-23,143,30,Delivered
17966,2021-02-10,502,16,Delivered
17967,2022-05-18,127,44,Delivered
17968,2020-02-14,300,46,Inprogress
17969,2022-02-06,864,1,Delivered
17970,2023-04-30,520,14,Shipped
17971,2020-02-22,62,23,Delivered
17972,2021-04-16,526,20,Delivered
17973,2023-10-31,419,17,Delivered
17974,2022-05-02,252,51,Delivered
17975,2020-11-24,501,33,Delivered
17976,2022-09-14,355,19,Shipped
17977,2022-12-22,721,50,Cancelled
17978,2023-01-01,381,35,Delivered
17979,2023-01-18,142,7,Shipped
17980,2021-04-23,220,27,Delivered
17981,2022-06-10,756,33,Delivered
17982,2021-11-28,461,29,Shipped
17983,2020-02-02,334,30,Shipped
17984,2022-07-28,75,50,Delivered
17985,2023-03-24,157,1,Delivered
17986,2021-07-22,13,48,Inprogress
17987,2021-01-23,563,17,Delivered
17988,2020-10-12,793,31,Delivered
17989,2022-02-01,450,38,Shipped
17990,2020-05-26,338,15,Delivered
17991,2022-01-31,845,22,Cancelled
17992,2021-10-13,330,9,Cancelled
17993,2021-11-26,636,15,Shipped
17994,2023-06-30,588,11,Shipped
17995,2023-07-10,178,13,Delivered
17996,2022-03-12,233,13,Inprogress
17997,2021-05-19,700,41,Delivered
17998,2022-10-24,828,13,Inprogress
17999,2021-05-27,493,28,Delivered
18000,2022-01-10,299,47,Shipped
18001,2023-02-26,480,21,Cancelled
18002,2021-02-10,300,9,Delivered
18003,2023-10-28,207,18,Shipped
18004,2023-08-29,707,6,Cancelled
18005,2022-04-06,560,27,Delivered
18006,2021-01-06,484,4,Shipped
18007,2022-11-20,756,51,Delivered
18008,2021-01-24,32,20,Delivered
18009,2022-08-12,831,48,Delivered
18010,2020-04-03,444,1,Delivered
18011,2022-09-01,524,29,Inprogress
18012,2022-03-10,459,3,Shipped
18013,2020-02-01,225,25,Shipped
18014,2023-08-17,765,53,Shipped
18015,2023-11-23,311,35,Inprogress
18016,2022-02-23,875,14,Delivered
18017,2020-06-08,145,33,Shipped
18018,2020-01-26,664,25,Delivered
18019,2022-05-11,64,40,Delivered
18020,2021-05-05,429,48,Delivered
18021,2023-12-24,871,2,Delivered
18022,2021-06-01,188,51,Shipped
18023,2023-06-28,630,39,Cancelled
18024,2021-01-25,263,41,Shipped
18025,2020-04-11,636,9,Delivered
18026,2020-11-09,609,5,Shipped
18027,2020-01-12,99,11,Shipped
18028,2020-07-13,780,34,Delivered
18029,2020-09-10,187,13,Shipped
18030,2021-11-30,631,1,Returned
18031,2022-01-09,98,38,Cancelled
18032,2021-08-24,109,28,Delivered
18033,2021-03-31,56,5,Shipped
18034,2023-07-14,552,31,Delivered
18035,2020-09-09,414,31,Cancelled
18036,2023-09-27,768,37,Delivered
18037,2023-03-19,360,33,Delivered
18038,2022-04-08,388,20,Delivered
18039,2022-01-01,761,46,Shipped
18040,2021-03-25,621,44,Inprogress
18041,2021-04-09,681,35,Delivered
18042,2021-10-14,139,10,Delivered
18043,2021-03-29,721,24,Shipped
18044,2022-02-24,166,31,Inprogress
18045,2021-11-28,518,32,Inprogress
18046,2020-10-13,827,20,Delivered
18047,2021-08-28,612,13,Inprogress
18048,2021-09-16,340,40,Delivered
18049,2020-08-02,142,35,Cancelled
18050,2020-11-17,800,2,Delivered
18051,2023-12-06,56,35,Cancelled
18052,2022-12-25,790,28,Delivered
18053,2022-10-15,263,27,Shipped
18054,2020-06-16,668,8,Delivered
18055,2021-08-15,627,44,Delivered
18056,2021-10-17,386,26,Inprogress
18057,2021-06-29,660,49,Shipped
18058,2020-10-26,364,54,Inprogress
18059,2022-01-13,876,34,Delivered
18060,2021-02-26,164,44,Shipped
18061,2021-07-06,723,40,Delivered
18062,2021-09-18,817,4,Delivered
18063,2021-05-13,173,25,Delivered
18064,2020-03-12,447,38,Shipped
18065,2020-10-15,632,24,Shipped
18066,2021-06-18,152,7,Delivered
18067,2020-08-21,332,1,Shipped
18068,2020-04-29,11,14,Delivered
18069,2022-01-05,198,17,Delivered
18070,2020-07-09,735,39,Delivered
18071,2021-11-01,889,2,Shipped
18072,2021-06-15,133,29,Cancelled
18073,2021-07-30,413,9,Cancelled
18074,2022-05-08,164,28,Inprogress
18075,2023-03-12,554,41,Inprogress
18076,2023-03-15,431,27,Returned
18077,2021-09-16,606,35,Inprogress
18078,2022-06-22,669,18,Cancelled
18079,2023-12-11,534,47,Delivered
18080,2020-09-29,31,49,Delivered
18081,2023-10-28,94,17,Inprogress
18082,2021-07-02,596,22,Delivered
18083,2020-06-16,215,24,Shipped
18084,2022-07-22,690,29,Delivered
18085,2020-11-03,861,53,Cancelled
18086,2023-12-07,309,7,Inprogress
18087,2021-12-06,801,45,Delivered
18088,2020-05-21,614,41,Delivered
18089,2021-10-27,666,53,Returned
18090,2023-01-12,75,39,Inprogress
18091,2021-08-11,125,33,Delivered
18092,2020-07-05,262,54,Cancelled
18093,2020-02-25,335,19,Delivered
18094,2020-08-09,406,28,Delivered
18095,2023-03-16,239,32,Delivered
18096,2020-04-03,302,21,Shipped
18097,2021-09-09,676,48,Delivered
18098,2020-09-26,773,2,Inprogress
18099,2022-05-05,645,41,Cancelled
18100,2023-06-13,515,50,Delivered
18101,2023-07-28,122,44,Shipped
18102,2023-10-25,8,30,Shipped
18103,2022-01-06,87,7,Delivered
18104,2020-02-13,594,12,Delivered
18105,2021-04-27,861,32,Shipped
18106,2020-11-08,841,34,Cancelled
18107,2020-12-11,251,43,Shipped
18108,2022-09-16,290,46,Delivered
18109,2022-08-23,870,37,Delivered
18110,2020-03-31,471,44,Cancelled
18111,2020-05-29,327,53,Cancelled
18112,2021-11-12,320,29,Returned
18113,2020-01-15,714,22,Delivered
18114,2022-09-11,370,3,Inprogress
18115,2021-06-10,43,44,Cancelled
18116,2021-06-26,665,48,Inprogress
18117,2022-11-07,898,22,Shipped
18118,2020-12-15,384,51,Delivered
18119,2023-08-17,402,23,Inprogress
18120,2023-04-16,592,34,Delivered
18121,2022-06-02,561,15,Returned
18122,2020-01-25,626,6,Shipped
18123,2021-03-24,79,50,Delivered
18124,2020-11-05,489,18,Returned
18125,2020-10-04,22,29,Delivered
18126,2020-09-24,489,30,Inprogress
18127,2022-08-27,214,35,Delivered
18128,2020-11-15,386,6,Inprogress
18129,2021-11-30,668,39,Delivered
18130,2021-04-21,317,33,Shipped
18131,2020-09-23,882,32,Delivered
18132,2021-12-08,182,21,Inprogress
18133,2023-05-11,837,44,Delivered
18134,2021-11-07,231,21,Delivered
18135,2023-01-12,265,1,Shipped
18136,2022-11-19,825,23,Cancelled
18137,2022-05-06,752,24,Delivered
18138,2020-05-26,339,21,Delivered
18139,2023-02-13,108,44,Shipped
18140,2021-12-11,478,20,Inprogress
18141,2020-05-05,476,31,Shipped
18142,2023-09-28,731,42,Returned
18143,2023-11-04,644,45,Delivered
18144,2023-05-25,824,44,Shipped
18145,2022-12-13,309,45,Delivered
18146,2023-08-20,758,36,Shipped
18147,2023-08-05,662,12,Delivered
18148,2021-10-06,56,12,Delivered
18149,2023-12-02,615,1,Delivered
18150,2020-04-11,410,52,Delivered
18151,2023-08-10,441,6,Delivered
18152,2021-05-24,100,26,Inprogress
18153,2021-03-23,498,34,Delivered
18154,2021-07-12,897,6,Delivered
18155,2022-04-13,424,49,Delivered
18156,2021-04-13,541,8,Cancelled
18157,2023-07-11,258,24,Delivered
18158,2021-03-09,267,10,Inprogress
18159,2020-11-11,872,34,Inprogress
18160,2023-08-28,55,38,Delivered
18161,2023-12-04,264,54,Delivered
18162,2020-06-05,705,14,Inprogress
18163,2022-09-22,872,6,Delivered
18164,2020-11-08,427,19,Cancelled
18165,2023-08-25,499,2,Shipped
18166,2022-04-04,307,28,Delivered
18167,2022-11-22,228,10,Shipped
18168,2023-10-07,871,17,Delivered
18169,2023-08-16,588,37,Inprogress
18170,2020-11-02,47,47,Delivered
18171,2020-07-20,447,31,Cancelled
18172,2022-08-25,569,50,Delivered
18173,2021-01-06,99,36,Delivered
18174,2021-11-06,494,19,Delivered
18175,2021-10-06,232,50,Delivered
18176,2022-10-16,899,6,Delivered
18177,2021-10-06,731,52,Returned
18178,2020-11-24,799,14,Returned
18179,2022-02-15,666,21,Returned
18180,2020-01-03,300,52,Shipped
18181,2020-10-09,691,10,Inprogress
18182,2020-06-11,827,52,Delivered
18183,2020-02-21,481,48,Shipped
18184,2023-01-24,29,36,Shipped
18185,2023-11-06,802,19,Cancelled
18186,2021-06-11,374,12,Delivered
18187,2023-04-22,392,45,Delivered
18188,2020-11-20,656,46,Shipped
18189,2020-02-16,793,23,Delivered
18190,2022-04-12,514,50,Delivered
18191,2021-03-22,707,34,Shipped
18192,2021-07-03,735,28,Inprogress
18193,2020-05-30,228,43,Delivered
18194,2021-04-13,131,36,Shipped
18195,2022-11-01,362,15,Delivered
18196,2020-12-20,648,29,Inprogress
18197,2022-05-31,94,49,Shipped
18198,2022-02-08,721,33,Delivered
18199,2021-06-13,569,3,Delivered
18200,2022-02-16,14,47,Inprogress
18201,2023-11-03,590,20,Delivered
18202,2021-12-02,878,26,Delivered
18203,2020-02-16,734,24,Delivered
18204,2021-10-22,472,40,Delivered
18205,2020-04-25,520,5,Shipped
18206,2021-08-15,218,43,Shipped
18207,2022-03-31,821,53,Delivered
18208,2023-02-11,505,51,Shipped
18209,2021-05-02,610,22,Delivered
18210,2020-02-27,687,39,Cancelled
18211,2022-07-21,457,45,Shipped
18212,2021-02-04,265,44,Shipped
18213,2023-06-09,593,24,Shipped
18214,2023-02-28,442,40,Delivered
18215,2023-09-07,94,27,Delivered
18216,2020-12-11,30,31,Delivered
18217,2022-01-09,726,27,Delivered
18218,2022-08-11,486,35,Delivered
18219,2023-10-20,787,9,Shipped
18220,2021-10-13,672,35,Delivered
18221,2022-11-07,148,54,Shipped
18222,2020-01-02,445,34,Delivered
18223,2021-02-07,207,51,Cancelled
18224,2021-02-16,875,30,Shipped
18225,2021-12-13,220,35,Inprogress
18226,2023-10-27,348,43,Delivered
18227,2023-04-10,723,44,Shipped
18228,2022-02-16,790,47,Delivered
18229,2021-11-13,126,4,Shipped
18230,2020-04-25,47,29,Shipped
18231,2020-08-14,677,46,Cancelled
18232,2020-08-18,104,40,Shipped
18233,2022-08-20,449,16,Inprogress
18234,2023-01-02,671,44,Delivered
18235,2021-01-03,450,15,Delivered
18236,2022-12-11,386,9,Inprogress
18237,2021-03-31,389,53,Inprogress
18238,2020-01-19,384,35,Cancelled
18239,2022-08-16,539,11,Inprogress
18240,2020-02-23,156,39,Shipped
18241,2023-11-21,396,15,Shipped
18242,2022-09-01,138,3,Delivered
18243,2023-09-18,382,2,Inprogress
18244,2023-03-15,341,50,Shipped
18245,2020-08-22,576,48,Inprogress
18246,2020-09-22,167,49,Delivered
18247,2021-09-10,783,10,Returned
18248,2022-10-01,865,36,Delivered
18249,2021-10-26,640,37,Shipped
18250,2021-06-11,426,37,Delivered
18251,2022-12-23,571,34,Inprogress
18252,2020-10-24,284,34,Delivered
18253,2021-12-23,464,41,Delivered
18254,2023-03-19,68,4,Inprogress
18255,2021-09-26,726,31,Shipped
18256,2020-03-12,504,36,Delivered
18257,2020-11-01,203,18,Delivered
18258,2021-03-22,720,14,Cancelled
18259,2022-10-13,690,1,Inprogress
18260,2020-10-04,606,29,Inprogress
18261,2021-07-31,337,53,Delivered
18262,2021-06-10,2,3,Shipped
18263,2023-05-18,556,5,Delivered
18264,2020-01-01,771,7,Cancelled
18265,2021-11-03,630,15,Delivered
18266,2022-04-05,807,34,Delivered
18267,2023-11-22,71,53,Shipped
18268,2020-01-04,100,45,Delivered
18269,2021-07-09,727,54,Shipped
18270,2021-10-05,9,4,Cancelled
18271,2021-12-23,606,42,Shipped
18272,2023-03-29,150,11,Inprogress
18273,2023-09-02,231,49,Delivered
18274,2021-06-01,547,48,Delivered
18275,2021-03-15,802,52,Delivered
18276,2023-10-15,618,36,Cancelled
18277,2021-07-31,439,1,Shipped
18278,2022-12-10,379,17,Delivered
18279,2023-09-07,529,46,Shipped
18280,2021-02-12,69,5,Delivered
18281,2021-05-16,362,26,Delivered
18282,2022-11-15,417,14,Delivered
18283,2022-04-04,524,32,Inprogress
18284,2023-12-09,516,17,Cancelled
18285,2023-08-15,475,31,Cancelled
18286,2023-03-08,319,27,Delivered
18287,2023-07-14,539,2,Returned
18288,2023-08-04,366,52,Cancelled
18289,2022-05-13,203,6,Cancelled
18290,2022-08-01,115,19,Cancelled
18291,2020-03-07,593,13,Inprogress
18292,2022-01-14,693,21,Cancelled
18293,2023-10-23,866,4,Delivered
18294,2022-09-18,193,45,Delivered
18295,2020-03-02,411,26,Delivered
18296,2020-02-09,119,33,Delivered
18297,2020-12-18,448,11,Delivered
18298,2022-01-16,795,18,Delivered
18299,2023-01-30,30,30,Delivered
18300,2021-02-02,21,38,Shipped
18301,2020-04-24,256,17,Delivered
18302,2021-12-26,384,10,Delivered
18303,2022-01-19,459,20,Delivered
18304,2023-06-03,214,18,Inprogress
18305,2020-05-15,472,7,Delivered
18306,2021-09-25,395,20,Shipped
18307,2023-12-24,321,28,Delivered
18308,2023-12-01,236,46,Delivered
18309,2021-08-25,554,39,Delivered
18310,2022-12-29,547,8,Inprogress
18311,2023-01-05,777,38,Inprogress
18312,2020-01-21,51,31,Delivered
18313,2021-04-04,230,39,Delivered
18314,2023-08-25,463,50,Cancelled
18315,2022-01-17,34,27,Shipped
18316,2022-01-20,205,45,Cancelled
18317,2023-09-14,648,49,Delivered
18318,2020-02-21,109,4,Delivered
18319,2023-11-04,405,46,Delivered
18320,2023-06-25,57,15,Delivered
18321,2020-11-19,123,37,Delivered
18322,2020-04-05,280,17,Shipped
18323,2022-09-02,654,53,Inprogress
18324,2021-04-10,139,13,Delivered
18325,2023-11-12,638,17,Delivered
18326,2021-04-09,747,43,Returned
18327,2021-03-13,199,32,Delivered
18328,2021-06-04,742,39,Delivered
18329,2022-04-11,341,19,Delivered
18330,2021-03-26,153,37,Delivered
18331,2020-12-30,285,44,Delivered
18332,2023-11-15,247,12,Delivered
18333,2022-04-15,720,32,Returned
18334,2023-10-28,398,20,Delivered
18335,2020-09-05,387,4,Delivered
18336,2023-10-07,259,13,Returned
18337,2020-09-30,617,17,Delivered
18338,2020-01-30,499,19,Delivered
18339,2022-01-18,270,11,Delivered
18340,2021-04-24,650,34,Shipped
18341,2022-05-17,726,9,Delivered
18342,2021-12-14,899,7,Shipped
18343,2021-01-31,217,44,Delivered
18344,2020-08-25,254,36,Shipped
18345,2020-05-26,805,23,Shipped
18346,2020-08-07,774,5,Delivered
18347,2022-08-01,533,44,Delivered
18348,2023-07-11,541,49,Delivered
18349,2022-11-16,647,48,Delivered
18350,2020-06-28,846,7,Delivered
18351,2022-07-13,808,47,Delivered
18352,2023-04-19,639,45,Shipped
18353,2023-10-11,873,54,Shipped
18354,2020-04-10,206,44,Delivered
18355,2020-05-25,17,39,Delivered
18356,2023-06-25,336,29,Shipped
18357,2020-04-08,377,32,Inprogress
18358,2022-09-06,580,6,Delivered
18359,2022-08-07,404,46,Delivered
18360,2020-10-01,790,22,Delivered
18361,2021-06-24,214,11,Inprogress
18362,2023-10-31,209,22,Delivered
18363,2020-05-19,142,25,Inprogress
18364,2021-12-16,787,3,Shipped
18365,2023-12-12,579,38,Delivered
18366,2020-06-03,493,49,Shipped
18367,2020-02-13,554,34,Cancelled
18368,2022-01-10,220,21,Delivered
18369,2022-10-07,799,46,Shipped
18370,2020-12-15,303,25,Returned
18371,2023-01-20,498,50,Delivered
18372,2020-09-19,794,14,Delivered
18373,2020-07-22,472,12,Cancelled
18374,2021-07-28,713,52,Delivered
18375,2022-01-25,119,44,Delivered
18376,2021-07-13,725,8,Delivered
18377,2021-05-11,328,5,Inprogress
18378,2021-12-01,489,38,Delivered
18379,2021-08-05,822,9,Shipped
18380,2022-07-23,574,3,Delivered
18381,2023-09-23,660,45,Shipped
18382,2022-02-19,57,42,Inprogress
18383,2020-08-24,110,46,Delivered
18384,2022-06-09,394,43,Delivered
18385,2020-12-07,22,52,Shipped
18386,2022-05-26,569,31,Delivered
18387,2023-03-02,640,6,Delivered
18388,2020-07-22,223,25,Shipped
18389,2020-12-03,759,20,Delivered
18390,2021-05-16,357,48,Delivered
18391,2021-06-26,304,45,Delivered
18392,2022-03-24,738,1,Delivered
18393,2020-12-19,452,32,Cancelled
18394,2020-01-09,320,27,Delivered
18395,2022-08-22,426,1,Inprogress
18396,2023-02-12,74,45,Delivered
18397,2022-05-15,9,7,Delivered
18398,2023-02-07,6,50,Shipped
18399,2021-02-13,274,13,Inprogress
18400,2022-02-11,58,12,Delivered
18401,2023-03-05,415,20,Delivered
18402,2022-10-19,128,16,Delivered
18403,2021-04-17,554,21,Shipped
18404,2020-09-07,268,50,Inprogress
18405,2020-01-30,13,8,Delivered
18406,2021-02-12,600,8,Delivered
18407,2023-02-03,724,6,Inprogress
18408,2023-09-04,602,30,Delivered
18409,2023-01-18,860,53,Shipped
18410,2021-02-22,585,10,Delivered
18411,2023-04-07,767,38,Delivered
18412,2020-12-27,155,37,Delivered
18413,2022-12-16,439,48,Delivered
18414,2020-09-05,790,27,Returned
18415,2020-12-07,443,17,Delivered
18416,2023-05-14,718,52,Delivered
18417,2022-02-24,198,23,Inprogress
18418,2023-06-15,782,9,Delivered
18419,2022-03-12,846,26,Delivered
18420,2022-06-08,809,29,Shipped
18421,2022-02-27,538,6,Inprogress
18422,2022-07-05,9,43,Delivered
18423,2022-08-30,325,31,Delivered
18424,2021-09-30,634,20,Delivered
18425,2021-03-11,843,35,Inprogress
18426,2023-03-01,550,26,Inprogress
18427,2023-04-02,796,1,Delivered
18428,2023-03-21,766,43,Delivered
18429,2022-08-18,469,44,Inprogress
18430,2022-04-22,403,10,Delivered
18431,2023-01-19,43,17,Shipped
18432,2023-12-14,38,8,Inprogress
18433,2021-07-10,286,12,Shipped
18434,2022-04-24,526,51,Inprogress
18435,2021-08-11,117,26,Inprogress
18436,2023-06-02,256,40,Delivered
18437,2022-10-25,884,31,Delivered
18438,2020-05-09,4,15,Shipped
18439,2023-07-21,685,42,Delivered
18440,2021-09-27,894,12,Inprogress
18441,2021-01-20,863,52,Inprogress
18442,2020-06-18,135,35,Delivered
18443,2021-07-22,521,54,Delivered
18444,2023-08-02,231,21,Shipped
18445,2023-09-20,617,53,Delivered
18446,2023-04-10,581,46,Shipped
18447,2022-02-04,324,18,Shipped
18448,2020-07-17,347,38,Inprogress
18449,2020-09-11,273,40,Shipped
18450,2021-12-04,512,7,Cancelled
18451,2021-09-26,355,9,Delivered
18452,2023-07-21,558,23,Delivered
18453,2020-10-21,208,3,Delivered
18454,2023-03-28,439,29,Cancelled
18455,2021-09-25,278,39,Delivered
18456,2020-06-04,326,24,Delivered
18457,2023-07-18,702,52,Delivered
18458,2020-07-15,293,21,Shipped
18459,2023-04-06,152,16,Inprogress
18460,2020-11-22,357,48,Shipped
18461,2022-05-24,126,1,Inprogress
18462,2022-02-19,157,23,Delivered
18463,2020-07-02,724,1,Delivered
18464,2020-04-29,541,49,Inprogress
18465,2022-04-09,468,34,Inprogress
18466,2023-12-16,198,3,Delivered
18467,2022-07-15,627,21,Delivered
18468,2021-08-04,599,6,Delivered
18469,2023-08-23,239,12,Inprogress
18470,2021-07-30,226,31,Inprogress
18471,2020-12-23,136,15,Delivered
18472,2022-09-07,599,41,Delivered
18473,2020-05-22,754,20,Inprogress
18474,2022-03-28,245,1,Delivered
18475,2022-05-30,670,51,Shipped
18476,2023-06-06,83,17,Delivered
18477,2022-10-26,342,26,Inprogress
18478,2020-04-19,159,54,Delivered
18479,2020-06-07,296,15,Delivered
18480,2021-03-12,530,8,Shipped
18481,2021-11-28,85,44,Inprogress
18482,2020-07-23,409,10,Returned
18483,2021-12-27,129,38,Delivered
18484,2020-09-16,779,9,Delivered
18485,2022-07-05,360,49,Shipped
18486,2020-05-09,824,44,Delivered
18487,2023-07-05,873,38,Shipped
18488,2020-02-03,241,47,Shipped
18489,2021-11-12,276,38,Inprogress
18490,2021-07-10,874,16,Delivered
18491,2022-01-04,808,21,Inprogress
18492,2020-07-20,99,24,Delivered
18493,2023-12-18,131,39,Shipped
18494,2020-12-27,472,21,Delivered
18495,2021-09-04,290,35,Delivered
18496,2023-02-04,582,18,Delivered
18497,2023-01-27,111,1,Delivered
18498,2021-10-26,44,21,Shipped
18499,2020-08-16,481,36,Delivered
18500,2023-02-26,700,44,Delivered
18501,2020-08-17,677,37,Delivered
18502,2023-05-12,268,24,Shipped
18503,2021-07-20,716,29,Delivered
18504,2022-04-25,771,8,Delivered
18505,2021-05-27,386,20,Delivered
18506,2022-08-16,314,13,Delivered
18507,2021-10-03,873,17,Shipped
18508,2023-11-22,620,40,Delivered
18509,2022-10-09,860,14,Inprogress
18510,2021-04-30,655,35,Shipped
18511,2023-07-03,334,33,Delivered
18512,2021-03-17,175,19,Inprogress
18513,2023-03-19,309,50,Delivered
18514,2021-06-07,43,12,Delivered
18515,2022-12-04,729,45,Delivered
18516,2023-12-16,194,36,Shipped
18517,2021-03-22,688,7,Delivered
18518,2022-07-02,279,24,Delivered
18519,2023-06-11,145,12,Delivered
18520,2023-11-20,190,33,Delivered
18521,2021-10-14,550,26,Delivered
18522,2021-05-25,724,2,Shipped
18523,2020-03-10,525,48,Cancelled
18524,2023-03-07,41,23,Delivered
18525,2020-06-30,835,31,Shipped
18526,2020-02-18,271,32,Shipped
18527,2023-03-14,770,42,Delivered
18528,2020-10-11,595,12,Shipped
18529,2021-04-17,614,54,Inprogress
18530,2021-06-08,836,4,Delivered
18531,2022-02-03,478,9,Shipped
18532,2022-01-17,311,25,Returned
18533,2022-11-30,686,44,Delivered
18534,2021-10-13,851,44,Shipped
18535,2020-11-11,350,19,Delivered
18536,2021-11-11,344,7,Inprogress
18537,2023-09-16,123,13,Delivered
18538,2021-08-11,480,28,Delivered
18539,2023-07-06,408,28,Inprogress
18540,2023-01-07,576,26,Inprogress
18541,2023-06-28,434,43,Delivered
18542,2023-05-30,278,18,Cancelled
18543,2020-01-03,571,39,Delivered
18544,2022-06-12,501,21,Delivered
18545,2022-09-14,52,45,Delivered
18546,2020-06-17,266,51,Delivered
18547,2021-06-07,522,15,Cancelled
18549,2020-07-04,98,12,Inprogress
18550,2023-11-01,704,43,Delivered
18551,2020-05-21,474,38,Delivered
18552,2020-07-22,806,34,Delivered
18553,2021-04-24,345,5,Delivered
18554,2020-06-19,276,23,Inprogress
18555,2021-08-07,198,20,Shipped
18556,2023-08-30,857,18,Delivered
18557,2021-09-26,170,18,Delivered
18558,2023-05-24,62,36,Delivered
18559,2021-07-09,51,42,Delivered
18560,2020-12-20,760,43,Delivered
18561,2022-07-25,898,39,Shipped
18562,2020-10-18,608,10,Delivered
18563,2022-09-13,430,54,Returned
18564,2020-02-02,164,54,Delivered
18565,2020-07-26,494,23,Inprogress
18566,2020-10-12,778,54,Delivered
18567,2023-09-18,179,30,Delivered
18568,2020-07-06,370,38,Delivered
18569,2023-03-20,149,52,Inprogress
18570,2021-07-03,478,7,Inprogress
18571,2020-10-03,349,2,Cancelled
18572,2020-03-15,330,10,Shipped
18573,2022-09-09,223,9,Delivered
18574,2022-01-16,249,16,Delivered
18575,2022-01-20,99,38,Inprogress
18576,2021-05-19,515,45,Shipped
18577,2020-07-29,476,14,Shipped
18578,2022-01-05,742,28,Cancelled
18579,2023-08-07,542,17,Shipped
18580,2022-12-11,636,38,Shipped
18581,2023-10-30,13,45,Delivered
18582,2022-12-06,276,36,Delivered
18583,2022-01-04,339,7,Shipped
18584,2020-09-01,141,47,Delivered
18585,2022-12-26,408,14,Shipped
18586,2021-08-31,479,33,Delivered
18587,2023-03-23,702,47,Inprogress
18588,2020-12-15,723,30,Inprogress
18589,2022-07-28,545,32,Delivered
18590,2021-09-25,673,13,Delivered
18591,2022-04-11,37,35,Delivered
18592,2022-03-09,318,21,Shipped
18593,2020-02-29,40,32,Shipped
18594,2020-04-18,195,30,Delivered
18595,2021-06-29,533,20,Shipped
18596,2023-10-14,220,26,Inprogress
18597,2021-11-23,392,19,Shipped
18598,2021-10-17,377,31,Inprogress
18599,2020-11-29,633,27,Delivered
18600,2020-03-04,391,53,Shipped
18601,2023-03-01,748,9,Inprogress
18602,2023-11-02,455,50,Cancelled
18603,2023-03-05,96,8,Inprogress
18604,2023-12-11,655,43,Delivered
18605,2023-12-14,877,53,Shipped
18606,2021-01-07,101,3,Delivered
18607,2020-07-09,434,46,Inprogress
18608,2020-03-08,81,44,Delivered
18609,2022-08-24,338,21,Delivered
18610,2022-07-06,295,42,Delivered
18611,2023-11-14,58,37,Inprogress
18612,2021-05-09,130,51,Shipped
18613,2022-10-27,215,8,Delivered
18614,2020-07-20,159,5,Delivered
18615,2021-10-02,350,43,Delivered
18616,2022-06-29,120,42,Shipped
18617,2020-07-04,393,29,Inprogress
18618,2020-02-12,887,42,Cancelled
18619,2023-01-08,135,21,Delivered
18620,2020-05-18,202,21,Delivered
18621,2021-12-28,535,41,Cancelled
18622,2023-12-07,43,16,Delivered
18623,2023-09-26,665,27,Delivered
18624,2020-10-24,116,37,Delivered
18625,2022-09-16,518,18,Delivered
18626,2022-02-12,418,52,Delivered
18627,2023-06-14,812,38,Shipped
18628,2021-08-15,682,2,Delivered
18629,2022-09-20,864,19,Delivered
18630,2021-03-10,379,10,Inprogress
18631,2023-05-15,672,21,Shipped
18632,2023-10-08,720,23,Cancelled
18633,2022-08-14,160,37,Inprogress
18634,2021-11-07,421,35,Cancelled
18635,2022-03-29,666,36,Cancelled
18636,2020-01-14,222,9,Delivered
18637,2022-08-13,586,10,Delivered
18638,2021-09-08,721,19,Delivered
18639,2021-02-28,249,7,Shipped
18640,2023-06-09,146,24,Delivered
18641,2020-10-18,13,11,Delivered
18642,2023-02-16,655,1,Delivered
18643,2021-02-09,236,30,Delivered
18644,2022-02-04,80,52,Delivered
18645,2023-07-12,819,47,Delivered
18646,2021-06-15,679,24,Delivered
18647,2020-11-11,418,16,Delivered
18648,2023-03-19,257,49,Delivered
18649,2020-11-02,160,39,Inprogress
18650,2023-04-22,267,31,Cancelled
18651,2023-08-31,510,25,Inprogress
18652,2022-02-04,277,52,Shipped
18653,2021-03-19,151,24,Delivered
18654,2023-12-05,342,36,Shipped
18655,2020-11-29,71,46,Delivered
18656,2021-10-02,888,47,Cancelled
18657,2020-02-29,701,42,Delivered
18658,2022-10-03,436,30,Inprogress
18659,2020-11-12,659,13,Delivered
18660,2020-10-22,325,34,Shipped
18661,2021-10-11,666,49,Shipped
18662,2021-01-25,251,48,Shipped
18663,2020-10-10,21,53,Delivered
18664,2020-07-26,672,2,Shipped
18665,2020-10-07,511,9,Delivered
18666,2020-07-15,99,25,Delivered
18667,2020-04-21,351,39,Delivered
18668,2021-11-06,180,2,Delivered
18669,2021-11-17,45,50,Shipped
18670,2021-03-08,781,47,Cancelled
18671,2022-05-22,733,52,Delivered
18672,2023-04-29,589,35,Inprogress
18673,2022-06-20,145,49,Delivered
18674,2023-06-15,849,25,Delivered
18675,2023-10-11,234,10,Delivered
18676,2022-09-06,41,9,Delivered
18677,2023-09-13,238,40,Shipped
18678,2021-08-13,567,3,Inprogress
18679,2020-01-25,445,18,Delivered
18680,2020-09-09,77,22,Delivered
18681,2021-04-22,588,23,Shipped
18682,2023-07-24,180,23,Shipped
18683,2020-12-14,774,16,Inprogress
18684,2023-05-23,450,28,Delivered
18685,2023-12-04,220,13,Delivered
18686,2023-06-30,189,34,Delivered
18687,2022-02-15,713,50,Cancelled
18688,2023-05-19,813,6,Delivered
18689,2020-08-13,700,8,Delivered
18690,2020-01-19,505,10,Delivered
18691,2020-01-11,67,28,Delivered
18692,2023-01-10,482,37,Delivered
18693,2021-03-03,876,37,Shipped
18694,2022-08-20,363,48,Delivered
18695,2022-10-18,219,48,Delivered
18696,2020-06-03,586,11,Delivered
18697,2021-11-11,648,47,Delivered
18698,2021-11-23,722,36,Delivered
18699,2023-04-08,709,6,Inprogress
18700,2023-10-18,229,33,Delivered
18701,2020-08-04,737,4,Delivered
18702,2020-12-13,205,39,Delivered
18703,2022-06-07,37,37,Delivered
18704,2023-03-08,196,54,Delivered
18705,2022-03-15,35,16,Delivered
18706,2022-11-10,624,10,Delivered
18707,2022-04-21,259,25,Inprogress
18708,2020-09-29,527,20,Cancelled
18709,2023-10-11,190,38,Delivered
18710,2022-10-06,78,13,Inprogress
18711,2022-11-04,84,38,Delivered
18712,2020-09-08,262,39,Shipped
18713,2020-04-07,792,52,Delivered
18714,2020-09-04,824,35,Delivered
18715,2023-11-27,586,21,Cancelled
18716,2020-01-27,621,52,Delivered
18717,2023-03-24,676,21,Shipped
18718,2021-11-19,256,6,Delivered
18719,2021-08-16,406,52,Delivered
18720,2022-07-27,6,49,Delivered
18721,2021-09-19,366,53,Inprogress
18722,2023-09-13,761,28,Delivered
18723,2020-11-11,159,33,Delivered
18724,2022-08-05,675,41,Delivered
18725,2023-02-27,589,3,Delivered
18726,2022-12-06,688,52,Delivered
18727,2020-08-05,734,43,Delivered
18728,2023-10-18,136,44,Delivered
18729,2022-06-23,48,43,Shipped
18730,2022-04-25,441,36,Shipped
18731,2023-12-09,403,48,Inprogress
18732,2020-09-04,228,45,Delivered
18733,2021-05-12,601,30,Delivered
18734,2022-04-09,422,10,Delivered
18735,2021-12-23,266,18,Shipped
18736,2020-04-15,60,25,Delivered
18737,2023-10-09,829,23,Delivered
18738,2021-03-24,96,44,Delivered
18739,2023-05-20,691,16,Delivered
18740,2021-12-29,523,31,Delivered
18741,2022-04-24,576,39,Shipped
18742,2021-08-12,503,45,Shipped
18743,2021-05-05,658,20,Delivered
18744,2021-04-15,277,11,Shipped
18745,2020-06-27,800,6,Cancelled
18746,2023-02-05,287,9,Delivered
18747,2023-07-28,363,15,Delivered
18748,2023-01-24,714,47,Shipped
18749,2023-12-13,189,16,Delivered
18750,2022-06-11,468,34,Inprogress
18751,2023-09-17,810,51,Inprogress
18752,2020-07-13,891,14,Inprogress
18753,2021-10-08,650,14,Delivered
18754,2021-07-04,220,2,Shipped
18755,2021-02-23,628,30,Inprogress
18756,2022-05-04,806,46,Delivered
18757,2023-01-27,714,16,Delivered
18758,2023-12-13,808,26,Inprogress
18759,2020-03-10,345,31,Shipped
18760,2020-01-24,297,46,Delivered
18761,2021-02-24,547,17,Shipped
18762,2022-07-17,570,42,Returned
18763,2021-07-29,301,37,Delivered
18764,2021-11-27,602,4,Inprogress
18765,2022-04-15,71,37,Cancelled
18766,2022-04-25,715,23,Delivered
18767,2020-06-18,59,9,Cancelled
18768,2020-03-26,461,49,Shipped
18769,2021-11-23,126,33,Delivered
18770,2022-07-28,848,47,Shipped
18771,2022-08-31,545,8,Delivered
18772,2022-03-27,329,46,Delivered
18773,2021-10-16,670,30,Shipped
18774,2023-05-02,11,8,Delivered
18775,2022-12-12,821,51,Inprogress
18776,2020-03-14,463,5,Delivered
18777,2023-01-29,697,45,Shipped
18778,2022-01-06,727,8,Delivered
18779,2022-03-26,9,17,Inprogress
18780,2020-03-10,745,48,Cancelled
18781,2021-03-10,358,30,Inprogress
18782,2021-12-28,41,30,Shipped
18783,2021-04-21,708,26,Shipped
18784,2020-07-11,296,44,Inprogress
18785,2023-05-16,74,50,Delivered
18786,2021-10-11,621,54,Delivered
18787,2020-07-17,635,42,Delivered
18788,2020-12-14,200,52,Delivered
18789,2023-05-12,201,47,Delivered
18790,2021-11-20,706,15,Delivered
18791,2022-08-14,58,11,Delivered
18792,2020-11-08,358,11,Delivered
18793,2020-12-24,85,25,Delivered
18794,2023-07-27,389,37,Delivered
18795,2022-05-11,890,44,Delivered
18796,2023-05-17,233,21,Shipped
18797,2020-02-26,399,13,Shipped
18798,2023-04-13,369,44,Delivered
18799,2022-04-08,442,17,Returned
18800,2022-09-10,39,27,Delivered
18801,2023-05-06,436,4,Shipped
18802,2021-10-08,81,9,Shipped
18803,2020-06-01,56,30,Delivered
18804,2022-11-12,546,21,Delivered
18805,2021-06-04,686,32,Delivered
18806,2020-01-29,887,41,Delivered
18807,2023-05-15,589,40,Returned
18808,2022-05-18,257,31,Delivered
18809,2020-09-13,799,41,Inprogress
18810,2021-06-15,808,5,Inprogress
18811,2022-01-17,662,26,Shipped
18812,2020-05-18,198,32,Delivered
18813,2022-07-18,806,4,Delivered
18814,2023-03-04,418,35,Delivered
18815,2022-02-18,184,5,Delivered
18816,2023-07-11,595,18,Delivered
18817,2022-04-23,445,49,Delivered
18818,2023-07-08,230,34,Delivered
18819,2022-01-30,81,47,Shipped
18820,2022-11-03,685,21,Shipped
18821,2023-04-23,230,24,Delivered
18822,2023-10-11,758,33,Delivered
18823,2020-03-19,419,33,Cancelled
18824,2022-03-15,320,44,Delivered
18825,2020-11-13,303,33,Inprogress
18826,2022-10-13,329,53,Delivered
18827,2021-06-12,335,7,Cancelled
18828,2022-11-25,559,20,Delivered
18829,2023-06-20,650,18,Inprogress
18830,2021-05-15,197,28,Shipped
18831,2022-09-03,662,42,Shipped
18832,2020-02-22,51,14,Cancelled
18833,2022-10-06,252,43,Delivered
18834,2020-01-14,618,1,Shipped
18835,2021-01-03,729,7,Delivered
18836,2021-07-06,263,20,Delivered
18837,2023-04-22,243,50,Delivered
18838,2022-08-08,703,37,Delivered
18839,2022-05-04,556,7,Shipped
18840,2020-11-02,793,47,Delivered
18841,2022-03-18,120,16,Delivered
18842,2020-03-26,756,11,Inprogress
18843,2022-01-04,396,38,Delivered
18844,2021-05-10,406,5,Delivered
18845,2020-09-02,765,7,Shipped
18846,2022-01-30,39,10,Inprogress
18847,2022-09-19,672,22,Delivered
18848,2022-08-18,155,45,Inprogress
18849,2023-11-12,407,30,Shipped
18850,2023-05-01,450,14,Delivered
18851,2022-05-12,326,44,Shipped
18852,2023-08-07,62,12,Cancelled
18853,2022-06-04,19,3,Delivered
18854,2021-06-04,256,54,Delivered
18855,2023-01-23,863,7,Cancelled
18856,2023-02-10,502,40,Returned
18857,2023-06-04,714,54,Delivered
18858,2023-03-20,265,29,Shipped
18859,2022-05-11,289,4,Delivered
18860,2021-04-25,893,17,Shipped
18861,2020-07-13,127,34,Shipped
18862,2022-06-10,840,36,Inprogress
18863,2023-09-07,863,42,Delivered
18864,2022-12-03,768,21,Delivered
18865,2023-04-22,594,43,Inprogress
18866,2023-05-01,841,49,Shipped
18867,2022-05-30,205,48,Delivered
18868,2021-06-12,831,37,Delivered
18869,2021-06-16,798,6,Inprogress
18870,2022-10-23,362,21,Shipped
18871,2021-11-07,757,11,Delivered
18872,2023-01-04,649,11,Shipped
18873,2020-03-16,786,40,Shipped
18874,2022-03-09,729,32,Delivered
18875,2022-03-23,169,45,Cancelled
18876,2022-03-02,812,44,Shipped
18877,2022-05-29,723,22,Inprogress
18878,2021-01-09,316,23,Delivered
18879,2022-05-05,220,47,Shipped
18880,2023-06-10,512,2,Delivered
18881,2021-11-09,203,54,Returned
18882,2023-03-16,100,3,Delivered
18883,2021-11-22,713,47,Delivered
18884,2021-07-05,263,26,Cancelled
18885,2023-05-24,436,50,Delivered
18886,2022-04-07,804,12,Delivered
18887,2021-01-28,232,4,Delivered
18888,2023-03-31,823,9,Delivered
18889,2020-03-16,304,13,Inprogress
18890,2023-06-15,880,27,Inprogress
18891,2022-05-27,465,39,Shipped
18892,2022-06-26,441,28,Shipped
18893,2021-04-11,506,3,Returned
18894,2020-10-17,740,46,Delivered
18895,2023-12-14,890,10,Delivered
18896,2022-08-14,700,43,Delivered
18897,2022-04-02,45,45,Shipped
18898,2022-05-11,251,36,Delivered
18899,2021-03-26,832,14,Inprogress
18900,2023-05-16,835,44,Shipped
18901,2021-02-10,761,30,Inprogress
18902,2022-10-30,766,24,Inprogress
18903,2020-09-07,747,22,Delivered
18904,2021-02-22,19,12,Inprogress
18905,2022-08-28,755,29,Inprogress
18906,2021-05-30,887,40,Inprogress
18907,2020-07-27,506,37,Delivered
18908,2020-02-14,378,11,Delivered
18909,2022-04-14,708,34,Shipped
18910,2020-04-14,454,33,Inprogress
18911,2022-07-09,219,19,Shipped
18912,2021-04-20,478,28,Shipped
18913,2022-02-11,153,1,Shipped
18914,2023-03-24,735,3,Delivered
18915,2023-02-14,186,6,Delivered
18916,2020-10-16,788,53,Delivered
18917,2020-11-19,734,25,Inprogress
18918,2023-03-14,153,18,Shipped
18919,2020-11-06,738,52,Delivered
18920,2022-12-08,770,14,Inprogress
18921,2022-11-07,325,44,Shipped
18922,2023-06-19,12,8,Delivered
18923,2021-07-04,739,43,Delivered
18924,2022-02-14,58,43,Delivered
18925,2021-09-18,882,47,Shipped
18926,2022-09-13,592,30,Shipped
18927,2021-06-15,100,7,Returned
18928,2021-05-12,186,27,Delivered
18929,2022-01-05,73,7,Delivered
18930,2020-12-31,672,44,Delivered
18931,2023-01-01,142,25,Returned
18932,2022-08-27,176,3,Cancelled
18933,2023-11-14,515,26,Delivered
18934,2022-11-08,734,26,Shipped
18935,2020-08-09,411,50,Inprogress
18936,2020-10-28,334,13,Delivered
18937,2022-10-02,196,51,Delivered
18938,2023-07-24,211,18,Delivered
18939,2022-11-26,204,49,Delivered
18940,2023-10-26,672,50,Delivered
18941,2021-03-11,32,32,Delivered
18942,2022-11-12,634,30,Inprogress
18943,2022-05-30,306,25,Shipped
18944,2023-05-24,706,18,Delivered
18945,2021-07-25,678,18,Delivered
18946,2020-04-12,725,28,Shipped
18947,2023-11-19,842,20,Delivered
18948,2020-11-03,624,30,Inprogress
18949,2021-09-26,844,19,Cancelled
18950,2023-08-14,359,43,Inprogress
18951,2020-10-09,617,3,Delivered
18952,2021-12-27,408,17,Shipped
18953,2020-12-28,200,19,Delivered
18954,2022-07-09,728,20,Delivered
18955,2021-08-12,840,19,Delivered
18956,2021-10-31,673,41,Delivered
18957,2023-04-20,781,44,Delivered
18958,2020-01-13,652,15,Delivered
18959,2020-09-21,744,20,Shipped
18960,2022-12-24,322,46,Delivered
18961,2023-11-15,808,35,Shipped
18962,2020-12-22,31,10,Delivered
18963,2020-12-23,252,13,Shipped
18964,2023-01-27,491,45,Delivered
18965,2021-08-02,645,51,Delivered
18966,2021-04-21,85,43,Delivered
18967,2022-06-27,624,44,Delivered
18968,2020-12-26,771,49,Inprogress
18969,2023-11-15,19,24,Shipped
18970,2023-07-13,24,45,Delivered
18971,2021-03-29,748,38,Shipped
18972,2020-10-16,588,3,Inprogress
18973,2020-09-21,490,5,Delivered
18974,2020-12-22,167,13,Delivered
18975,2022-01-31,656,52,Inprogress
18976,2020-04-23,510,29,Delivered
18977,2022-11-05,625,6,Shipped
18978,2021-10-16,887,10,Delivered
18979,2022-11-13,137,2,Inprogress
18980,2023-02-26,611,28,Delivered
18981,2020-05-13,237,16,Shipped
18982,2022-12-17,402,34,Inprogress
18983,2021-05-16,847,12,Delivered
18984,2023-05-04,768,34,Delivered
18985,2022-09-28,403,33,Inprogress
18986,2020-02-22,363,6,Returned
18987,2021-11-08,408,33,Delivered
18988,2022-10-18,889,30,Inprogress
18989,2022-12-18,239,48,Delivered
18990,2023-09-19,320,48,Shipped
18991,2021-10-26,743,35,Inprogress
18992,2021-11-09,629,17,Delivered
18993,2022-12-09,66,33,Inprogress
18994,2020-04-13,20,52,Delivered
18995,2022-10-26,701,54,Delivered
18996,2021-11-06,312,35,Shipped
18997,2021-09-11,480,36,Inprogress
18998,2023-05-02,670,27,Delivered
18999,2020-06-07,795,52,Delivered
19000,2022-12-19,442,37,Inprogress
19001,2021-06-25,716,7,Shipped
19002,2022-11-27,546,8,Delivered
19003,2023-06-22,819,45,Shipped
19004,2023-01-28,812,21,Delivered
19005,2021-09-02,205,40,Delivered
19006,2023-03-02,182,14,Delivered
19007,2020-06-05,467,11,Shipped
19008,2021-06-26,663,10,Returned
19009,2021-05-25,741,2,Cancelled
19010,2021-10-14,718,10,Shipped
19011,2020-11-15,781,18,Inprogress
19012,2020-11-02,664,53,Inprogress
19013,2020-12-20,865,30,Inprogress
19014,2023-04-20,50,48,Delivered
19015,2022-05-05,446,46,Inprogress
19016,2023-10-29,829,5,Delivered
19017,2020-03-24,665,3,Inprogress
19018,2023-12-16,432,7,Shipped
19019,2023-08-27,483,49,Shipped
19020,2021-09-26,769,40,Inprogress
19021,2020-05-14,468,1,Inprogress
19022,2020-06-13,300,38,Delivered
19023,2020-06-20,202,41,Delivered
19024,2020-12-20,337,51,Delivered
19025,2020-06-22,552,38,Shipped
19026,2021-12-18,656,30,Shipped
19027,2021-06-06,137,47,Shipped
19028,2020-06-22,836,38,Delivered
19029,2021-02-26,828,50,Inprogress
19030,2023-02-01,63,38,Returned
19031,2023-10-05,407,28,Delivered
19032,2020-12-15,714,16,Shipped
19033,2021-06-11,449,29,Inprogress
19034,2020-12-08,804,12,Shipped
19035,2021-06-25,223,15,Inprogress
19036,2022-05-16,652,52,Delivered
19037,2021-10-02,867,33,Shipped
19038,2023-08-23,185,4,Delivered
19039,2020-04-30,816,40,Delivered
19040,2023-01-31,111,34,Shipped
19041,2020-05-24,331,50,Delivered
19042,2023-11-06,502,28,Delivered
19043,2020-09-07,370,44,Shipped
19044,2021-10-20,328,15,Delivered
19045,2023-11-06,566,27,Cancelled
19046,2020-05-15,725,31,Inprogress
19047,2022-12-15,695,31,Delivered
19048,2021-12-24,854,37,Shipped
19049,2021-02-26,454,32,Inprogress
19050,2021-10-11,229,12,Delivered
19051,2023-09-10,582,39,Delivered
19052,2023-07-17,617,22,Inprogress
19053,2020-07-28,202,18,Delivered
19054,2022-06-01,809,5,Shipped
19055,2022-01-11,572,42,Delivered
19056,2023-10-02,559,34,Delivered
19057,2020-07-11,669,34,Delivered
19058,2020-01-21,576,26,Delivered
19059,2022-01-22,78,12,Inprogress
19060,2021-10-16,78,53,Delivered
19061,2022-07-23,882,17,Delivered
19062,2022-11-28,124,40,Inprogress
19063,2023-07-22,300,26,Delivered
19064,2022-04-28,654,49,Shipped
19065,2020-01-24,243,27,Delivered
19066,2022-04-16,775,25,Delivered
19067,2023-09-05,550,36,Shipped
19068,2022-06-29,653,36,Delivered
19069,2021-11-18,561,4,Delivered
19070,2023-01-20,797,23,Delivered
19071,2023-12-05,538,54,Delivered
19072,2023-05-31,568,19,Delivered
19073,2021-03-31,545,3,Shipped
19074,2023-01-17,516,21,Delivered
19075,2020-05-14,142,46,Inprogress
19076,2020-07-22,10,3,Delivered
19077,2022-11-22,77,4,Delivered
19078,2020-09-18,153,10,Inprogress
19079,2023-04-14,485,49,Inprogress
19080,2021-04-01,80,35,Delivered
19081,2022-11-06,133,36,Inprogress
19082,2021-05-25,135,52,Cancelled
19083,2022-05-28,210,15,Cancelled
19084,2021-06-05,388,44,Delivered
19085,2023-08-17,384,45,Delivered
19086,2023-02-04,733,22,Inprogress
19087,2020-10-08,116,53,Delivered
19088,2023-09-23,852,33,Inprogress
19089,2022-07-31,5,23,Delivered
19090,2022-12-29,58,9,Shipped
19091,2020-09-09,475,16,Returned
19092,2023-06-19,88,37,Delivered
19093,2022-12-02,398,52,Delivered
19094,2021-08-28,107,16,Delivered
19095,2020-10-14,685,17,Shipped
19096,2022-08-16,321,48,Delivered
19097,2020-02-15,143,41,Inprogress
19098,2022-02-12,387,2,Delivered
19099,2023-11-22,275,52,Delivered
19100,2022-07-18,443,45,Shipped
19101,2022-11-02,211,28,Cancelled
19102,2022-08-07,661,47,Inprogress
19103,2022-12-18,192,38,Shipped
19104,2020-07-24,138,20,Inprogress
19105,2020-03-18,636,48,Delivered
19106,2022-10-13,498,11,Delivered
19107,2023-04-18,442,45,Delivered
19108,2023-08-27,500,29,Returned
19109,2020-07-10,393,54,Delivered
19110,2022-08-14,626,13,Shipped
19111,2021-12-06,757,50,Cancelled
19112,2020-10-18,824,48,Shipped
19113,2021-09-28,216,17,Inprogress
19114,2023-11-15,349,44,Cancelled
19115,2021-07-15,357,23,Inprogress
19116,2023-08-16,81,1,Delivered
19117,2021-05-19,659,3,Delivered
19118,2022-03-03,566,10,Delivered
19119,2022-08-28,87,33,Delivered
19120,2022-10-20,107,33,Inprogress
19121,2023-12-31,804,52,Delivered
19122,2021-06-13,671,44,Delivered
19123,2022-07-25,586,50,Delivered
19124,2023-02-17,32,31,Delivered
19125,2023-08-04,657,32,Shipped
19126,2020-01-22,621,51,Shipped
19127,2023-09-22,744,11,Delivered
19128,2023-11-13,361,7,Cancelled
19129,2021-10-18,740,17,Delivered
19130,2021-07-17,181,20,Delivered
19131,2021-04-14,885,13,Inprogress
19132,2020-06-30,864,30,Delivered
19133,2023-06-28,868,30,Shipped
19134,2023-08-08,510,27,Inprogress
19135,2021-04-16,349,40,Delivered
19136,2020-09-12,888,35,Shipped
19137,2023-12-17,63,18,Inprogress
19138,2023-08-31,94,31,Cancelled
19139,2022-11-19,205,19,Delivered
19140,2022-06-27,331,51,Cancelled
19141,2020-12-30,760,21,Delivered
19142,2022-03-18,308,37,Delivered
19143,2020-11-22,113,37,Delivered
19144,2020-02-12,209,1,Delivered
19145,2023-07-04,527,4,Inprogress
19146,2020-10-31,365,29,Delivered
19147,2020-06-20,301,15,Inprogress
19148,2021-01-31,794,44,Delivered
19149,2020-03-08,494,50,Delivered
19150,2020-05-22,586,51,Delivered
19151,2020-11-01,8,17,Cancelled
19152,2020-04-08,467,39,Shipped
19153,2021-06-11,774,19,Returned
19154,2022-03-06,686,21,Inprogress
19155,2023-12-11,292,24,Inprogress
19156,2020-09-16,517,43,Delivered
19157,2022-01-18,436,26,Shipped
19158,2022-04-20,604,44,Delivered
19159,2023-04-14,811,37,Delivered
19160,2023-07-24,219,38,Cancelled
19161,2023-01-29,132,18,Delivered
19162,2021-09-08,719,54,Delivered
19163,2022-11-15,801,27,Inprogress
19164,2021-02-05,46,8,Delivered
19165,2021-02-23,636,44,Cancelled
19166,2022-02-20,322,28,Delivered
19167,2023-04-13,763,32,Delivered
19168,2023-11-22,572,40,Delivered
19169,2023-09-01,468,27,Delivered
19170,2020-12-15,762,53,Delivered
19171,2021-06-15,89,12,Shipped
19172,2023-11-24,319,18,Shipped
19173,2023-08-25,326,48,Cancelled
19174,2021-01-22,365,5,Delivered
19175,2022-05-22,581,36,Delivered
19176,2023-09-13,1,8,Inprogress
19177,2021-02-06,571,23,Delivered
19178,2020-10-29,370,52,Delivered
19179,2023-09-21,15,37,Cancelled
19180,2023-06-07,480,37,Shipped
19181,2022-12-15,848,5,Delivered
19182,2020-11-21,21,11,Delivered
19183,2020-08-30,223,42,Delivered
19184,2020-02-27,16,32,Delivered
19185,2023-11-02,238,13,Delivered
19186,2020-03-21,656,1,Cancelled
19187,2022-01-23,719,33,Delivered
19188,2020-07-26,186,52,Shipped
19189,2022-07-29,816,44,Delivered
19190,2021-02-24,587,34,Shipped
19191,2022-10-05,224,44,Delivered
19192,2021-04-16,590,25,Inprogress
19193,2020-08-18,858,8,Delivered
19194,2022-08-24,573,47,Shipped
19195,2022-09-12,873,1,Inprogress
19196,2022-10-19,691,34,Inprogress
19197,2022-06-02,749,35,Delivered
19198,2021-03-22,238,38,Delivered
19199,2022-09-03,439,31,Inprogress
19200,2023-10-13,236,10,Delivered
19201,2023-05-30,647,27,Cancelled
19202,2023-02-02,448,40,Shipped
19203,2020-04-02,432,3,Delivered
19204,2020-07-31,382,4,Inprogress
19205,2022-06-26,251,1,Delivered
19206,2022-05-15,52,14,Cancelled
19207,2021-05-03,231,38,Delivered
19208,2021-08-30,103,41,Delivered
19209,2023-01-12,234,52,Returned
19210,2021-10-19,712,5,Delivered
19211,2023-03-06,386,24,Delivered
19212,2023-04-24,434,6,Delivered
19213,2022-02-19,22,6,Shipped
19214,2022-04-20,685,53,Inprogress
19215,2022-03-20,696,39,Shipped
19216,2020-08-20,770,48,Shipped
19217,2021-05-02,456,35,Delivered
19218,2020-11-01,89,53,Inprogress
19219,2022-08-02,402,15,Delivered
19220,2021-10-19,188,41,Delivered
19221,2021-02-17,867,39,Delivered
19222,2022-11-02,18,3,Shipped
19223,2020-08-22,102,9,Shipped
19224,2022-05-27,608,5,Inprogress
19225,2023-08-16,568,4,Shipped
19226,2021-06-06,811,29,Inprogress
19227,2023-11-07,553,31,Returned
19228,2023-10-05,140,47,Delivered
19229,2020-02-26,322,41,Shipped
19230,2021-01-31,384,43,Shipped
19231,2023-03-22,321,6,Delivered
19232,2022-10-25,268,4,Returned
19233,2023-09-09,125,42,Delivered
19234,2023-06-24,731,11,Delivered
19235,2022-05-13,681,40,Delivered
19236,2021-05-19,64,52,Delivered
19237,2020-01-13,477,43,Inprogress
19238,2020-05-09,57,8,Delivered
19239,2020-12-04,272,5,Delivered
19240,2021-06-22,8,7,Delivered
19241,2023-05-30,680,15,Delivered
19242,2021-11-30,653,12,Inprogress
19243,2022-03-24,5,37,Delivered
19244,2022-02-02,704,27,Delivered
19245,2020-05-05,782,5,Shipped
19246,2020-05-30,883,22,Delivered
19247,2020-07-23,522,37,Delivered
19248,2021-11-22,512,19,Shipped
19249,2022-12-09,150,11,Returned
19250,2023-06-05,433,20,Delivered
19251,2021-10-12,291,44,Cancelled
19252,2021-10-19,521,19,Inprogress
19253,2022-02-22,711,51,Delivered
19254,2020-03-25,681,40,Cancelled
19255,2022-01-20,855,28,Delivered
19256,2020-11-01,63,36,Delivered
19257,2023-04-08,145,17,Delivered
19258,2022-10-16,873,4,Delivered
19259,2021-05-14,844,45,Inprogress
19260,2021-03-15,99,18,Delivered
19261,2021-11-03,546,17,Delivered
19262,2023-07-27,500,24,Inprogress
19263,2020-08-26,207,24,Returned
19264,2023-09-03,661,41,Shipped
19265,2023-03-19,489,39,Delivered
19266,2021-05-08,455,32,Delivered
19267,2022-07-23,712,2,Delivered
19268,2020-09-15,484,32,Inprogress
19269,2022-11-28,70,54,Delivered
19270,2020-04-23,208,22,Cancelled
19271,2021-02-04,303,9,Shipped
19272,2021-09-26,804,46,Inprogress
19273,2021-11-14,879,48,Shipped
19274,2023-03-20,331,17,Inprogress
19275,2020-03-23,483,4,Delivered
19276,2022-11-20,42,10,Delivered
19277,2020-04-07,370,52,Delivered
19278,2022-09-27,71,6,Delivered
19279,2023-01-08,581,20,Shipped
19280,2020-11-29,707,33,Delivered
19281,2021-06-21,52,26,Shipped
19282,2020-11-13,817,21,Shipped
19283,2021-01-27,153,13,Inprogress
19284,2023-10-26,606,30,Delivered
19285,2021-06-17,812,26,Delivered
19286,2022-03-31,266,3,Shipped
19287,2023-02-25,699,35,Shipped
19288,2023-07-10,184,43,Shipped
19289,2020-11-24,699,15,Delivered
19290,2021-05-15,207,44,Shipped
19291,2020-06-29,9,31,Delivered
19292,2020-07-23,93,12,Delivered
19293,2022-10-24,806,14,Delivered
19294,2023-05-12,548,22,Delivered
19295,2022-03-24,254,18,Delivered
19296,2021-05-10,141,22,Delivered
19297,2023-07-21,218,47,Delivered
19298,2020-06-13,776,44,Shipped
19299,2020-05-31,175,45,Delivered
19300,2021-11-12,560,29,Delivered
19301,2020-04-04,415,20,Delivered
19302,2022-08-25,557,7,Inprogress
19303,2023-09-19,135,36,Shipped
19304,2021-06-05,587,53,Inprogress
19305,2022-02-02,654,12,Delivered
19306,2022-12-18,362,20,Delivered
19307,2021-08-17,348,5,Delivered
19308,2021-06-23,570,44,Delivered
19309,2022-07-25,161,16,Delivered
19310,2021-01-09,874,15,Inprogress
19311,2022-12-22,487,20,Delivered
19312,2020-12-14,812,10,Cancelled
19313,2021-05-19,303,18,Shipped
19314,2022-09-27,552,45,Delivered
19315,2023-12-19,127,30,Shipped
19316,2023-10-18,900,3,Delivered
19317,2022-09-11,787,48,Delivered
19318,2020-01-05,636,44,Delivered
19319,2021-01-11,393,29,Delivered
19320,2020-02-15,470,47,Inprogress
19321,2023-04-26,424,15,Inprogress
19322,2022-11-13,12,44,Cancelled
19323,2021-12-18,530,28,Inprogress
19324,2023-03-11,366,16,Delivered
19325,2023-10-31,78,33,Delivered
19326,2022-07-19,337,16,Shipped
19327,2023-03-21,806,16,Cancelled
19328,2021-11-25,279,23,Delivered
19329,2022-07-17,583,4,Shipped
19330,2021-08-02,788,8,Delivered
19331,2023-07-25,874,32,Cancelled
19332,2023-06-23,813,4,Inprogress
19333,2023-05-04,391,13,Shipped
19334,2022-09-27,603,32,Shipped
19335,2023-07-16,676,14,Shipped
19336,2021-09-30,622,1,Shipped
19337,2021-12-27,817,11,Delivered
19338,2022-12-23,511,52,Delivered
19339,2023-01-08,43,25,Inprogress
19340,2023-12-08,306,39,Returned
19341,2021-11-16,661,16,Shipped
19342,2023-07-08,198,36,Delivered
19343,2020-06-28,380,27,Delivered
19344,2022-07-28,456,24,Delivered
19345,2021-04-11,637,33,Delivered
19346,2022-07-02,259,11,Delivered
19347,2023-10-18,428,4,Shipped
19348,2021-12-20,46,9,Inprogress
19349,2022-03-26,595,5,Shipped
19350,2020-11-12,260,27,Shipped
19351,2020-02-22,251,46,Delivered
19352,2023-12-30,449,48,Delivered
19353,2023-11-27,20,23,Shipped
19354,2022-12-26,400,33,Shipped
19355,2020-01-13,741,1,Shipped
19356,2021-02-21,549,40,Shipped
19357,2023-06-22,315,2,Inprogress
19358,2021-06-01,713,21,Delivered
19359,2022-04-04,586,28,Delivered
19360,2023-08-07,319,51,Cancelled
19361,2020-08-24,279,53,Delivered
19362,2021-11-06,602,42,Delivered
19363,2021-06-11,850,51,Returned
19364,2020-05-29,703,13,Delivered
19365,2020-06-25,87,33,Delivered
19366,2023-01-22,289,29,Delivered
19367,2023-12-20,208,52,Delivered
19368,2021-01-18,878,28,Delivered
19369,2020-09-10,319,51,Shipped
19370,2020-05-23,789,48,Inprogress
19371,2020-09-09,744,34,Inprogress
19372,2021-12-26,822,25,Inprogress
19373,2021-02-17,553,38,Delivered
19374,2021-04-20,519,32,Delivered
19375,2020-01-21,833,15,Delivered
19376,2022-04-12,156,17,Delivered
19377,2022-10-09,283,25,Shipped
19378,2020-06-11,860,35,Delivered
19379,2023-05-14,99,19,Shipped
19380,2020-11-08,612,3,Shipped
19381,2020-01-25,768,43,Inprogress
19382,2020-01-27,420,41,Delivered
19383,2020-10-25,409,2,Delivered
19384,2022-06-01,868,11,Delivered
19385,2021-06-06,242,33,Delivered
19386,2023-10-25,298,9,Delivered
19387,2021-11-04,517,7,Delivered
19388,2020-11-09,582,23,Cancelled
19389,2020-12-27,784,49,Shipped
19390,2021-03-16,647,27,Delivered
19391,2023-10-21,263,47,Delivered
19392,2022-11-25,304,22,Delivered
19393,2023-03-09,332,9,Returned
19394,2022-12-28,523,8,Delivered
19395,2021-07-06,265,36,Inprogress
19396,2023-08-10,510,6,Delivered
19397,2022-05-27,871,27,Delivered
19398,2021-09-03,645,47,Shipped
19399,2023-01-28,749,1,Delivered
19400,2022-10-11,367,35,Shipped
19401,2020-06-16,514,2,Returned
19402,2021-08-03,782,26,Delivered
19403,2021-08-27,269,15,Shipped
19404,2021-05-01,143,53,Inprogress
19405,2020-04-09,828,42,Delivered
19406,2021-02-11,427,7,Delivered
19407,2020-04-01,105,45,Shipped
19408,2021-09-25,335,26,Delivered
19409,2020-02-24,210,8,Delivered
19410,2021-07-08,319,35,Cancelled
19411,2020-07-17,18,32,Shipped
19412,2020-04-13,631,51,Inprogress
19413,2020-03-14,289,36,Delivered
19414,2023-11-23,162,35,Shipped
19415,2021-06-27,645,39,Delivered
19416,2023-01-30,309,17,Delivered
19417,2023-03-05,372,21,Delivered
19418,2023-05-10,656,39,Shipped
19419,2020-04-30,604,40,Inprogress
19420,2021-02-09,418,6,Delivered
19421,2020-04-27,344,39,Delivered
19422,2020-07-03,804,14,Delivered
19423,2021-12-29,623,31,Shipped
19424,2022-05-26,360,52,Delivered
19425,2020-11-19,409,47,Inprogress
19426,2023-10-19,467,3,Inprogress
19427,2021-05-28,419,40,Delivered
19428,2021-01-07,679,45,Shipped
19429,2023-02-06,840,6,Shipped
19430,2020-07-24,452,22,Delivered
19431,2022-02-23,89,54,Delivered
19432,2021-10-30,450,37,Delivered
19433,2022-08-09,189,38,Shipped
19434,2023-09-21,716,50,Delivered
19435,2022-09-21,477,29,Delivered
19436,2021-08-12,263,23,Shipped
19437,2023-02-18,517,34,Delivered
19438,2023-03-19,740,5,Delivered
19439,2021-11-11,763,40,Inprogress
19440,2023-08-04,291,20,Delivered
19441,2020-01-16,662,42,Delivered
19442,2020-09-08,799,25,Delivered
19443,2020-11-04,648,34,Inprogress
19444,2023-09-14,532,21,Delivered
19445,2022-02-21,597,16,Shipped
19446,2020-02-07,530,35,Delivered
19447,2022-06-02,9,13,Delivered
19448,2020-07-21,729,47,Inprogress
19449,2022-09-08,46,10,Delivered
19450,2021-05-03,688,43,Delivered
19451,2020-04-18,545,29,Delivered
19452,2021-01-22,619,24,Delivered
19453,2023-04-19,333,9,Shipped
19454,2021-04-12,273,43,Returned
19455,2023-07-09,215,52,Delivered
19456,2023-12-29,739,46,Shipped
19457,2021-03-08,49,24,Delivered
19458,2021-08-10,179,14,Cancelled
19459,2023-10-09,739,53,Delivered
19460,2023-12-18,144,41,Cancelled
19461,2023-12-15,11,28,Inprogress
19462,2021-10-09,452,34,Delivered
19463,2020-03-11,27,28,Shipped
19464,2020-03-21,697,21,Delivered
19465,2022-11-18,881,28,Shipped
19466,2021-05-28,738,10,Delivered
19467,2021-10-03,856,13,Delivered
19468,2023-07-02,736,20,Returned
19469,2020-11-19,333,35,Delivered
19470,2023-02-25,17,38,Delivered
19471,2023-07-23,864,38,Shipped
19472,2021-03-31,407,15,Delivered
19473,2020-03-18,106,43,Inprogress
19474,2020-07-22,432,41,Delivered
19475,2020-06-18,405,54,Shipped
19476,2022-03-09,784,14,Shipped
19477,2021-11-04,548,7,Delivered
19478,2021-10-20,820,31,Delivered
19479,2021-02-13,758,5,Delivered
19480,2022-09-06,840,39,Inprogress
19481,2022-12-01,649,20,Delivered
19482,2021-12-17,289,36,Delivered
19483,2021-12-03,645,27,Delivered
19484,2023-07-29,877,50,Delivered
19485,2021-09-16,73,49,Cancelled
19486,2023-10-28,441,20,Delivered
19487,2023-05-30,871,47,Shipped
19488,2021-03-04,508,11,Delivered
19489,2022-08-03,213,22,Delivered
19490,2020-08-18,361,16,Cancelled
19491,2022-01-18,656,1,Inprogress
19492,2023-07-20,47,39,Inprogress
19493,2020-04-03,85,16,Delivered
19494,2022-08-11,762,6,Inprogress
19495,2020-06-16,676,44,Shipped
19496,2023-06-22,626,11,Inprogress
19497,2020-06-26,281,4,Delivered
19498,2020-02-08,243,43,Delivered
19499,2023-01-06,136,10,Delivered
19500,2023-02-28,654,19,Shipped
19501,2022-09-03,16,37,Delivered
19502,2022-11-05,95,3,Shipped
19503,2020-12-11,357,28,Shipped
19504,2021-04-09,840,16,Cancelled
19505,2021-10-13,819,3,Delivered
19506,2023-03-07,512,5,Inprogress
19507,2022-02-09,345,34,Inprogress
19508,2020-03-11,749,22,Delivered
19509,2022-03-11,658,41,Shipped
19510,2022-09-11,888,4,Shipped
19511,2020-04-30,349,21,Returned
19512,2022-06-18,415,43,Delivered
19513,2023-07-01,828,6,Delivered
19514,2022-06-14,195,33,Delivered
19515,2021-09-30,91,50,Delivered
19516,2022-03-01,876,51,Cancelled
19517,2020-03-10,376,31,Delivered
19518,2022-11-26,244,14,Delivered
19519,2020-03-23,844,19,Delivered
19520,2023-03-29,746,37,Delivered
19521,2023-11-23,691,39,Shipped
19522,2020-05-30,539,46,Shipped
19523,2023-02-11,776,28,Inprogress
19524,2020-02-14,787,29,Delivered
19525,2023-01-26,371,49,Shipped
19526,2022-02-09,512,54,Cancelled
19527,2020-12-02,227,50,Delivered
19528,2022-06-20,724,21,Inprogress
19529,2023-11-14,779,50,Inprogress
19530,2021-08-24,704,32,Shipped
19531,2022-03-28,591,43,Inprogress
19532,2022-10-28,3,13,Shipped
19533,2023-07-19,877,32,Inprogress
19534,2021-02-06,131,8,Delivered
19535,2022-02-22,77,6,Delivered
19536,2022-02-01,155,48,Returned
19537,2022-10-22,303,30,Shipped
19538,2023-03-28,95,36,Delivered
19539,2022-03-01,325,15,Delivered
19540,2023-07-18,95,33,Shipped
19541,2023-09-28,587,46,Delivered
19542,2023-07-04,226,27,Inprogress
19543,2021-08-06,104,48,Inprogress
19544,2020-07-10,421,30,Shipped
19545,2020-04-16,156,16,Delivered
19546,2023-06-05,115,38,Shipped
19547,2021-12-13,560,7,Delivered
19548,2023-02-21,647,51,Shipped
19549,2020-04-08,33,10,Delivered
19550,2022-12-09,890,48,Delivered
19551,2021-03-25,788,31,Delivered
19552,2023-07-17,352,7,Delivered
19553,2023-12-05,471,17,Inprogress
19554,2020-10-26,498,12,Delivered
19555,2021-12-20,805,5,Cancelled
19556,2022-02-21,676,48,Shipped
19557,2023-10-08,354,36,Shipped
19558,2022-08-08,387,28,Inprogress
19559,2023-02-05,465,36,Shipped
19560,2020-07-07,601,4,Delivered
19561,2020-05-10,710,42,Cancelled
19562,2020-03-11,580,35,Shipped
19563,2020-04-30,541,21,Delivered
19564,2022-09-10,773,52,Delivered
19565,2023-10-23,778,22,Shipped
19566,2022-11-10,873,3,Delivered
19567,2020-10-11,87,42,Delivered
19568,2022-07-01,219,6,Delivered
19569,2021-01-09,634,25,Delivered
19570,2023-01-07,670,26,Delivered
19571,2022-11-08,238,42,Shipped
19572,2023-08-22,332,42,Cancelled
19573,2021-02-13,78,2,Delivered
19574,2020-06-08,467,25,Inprogress
19575,2021-06-18,423,6,Cancelled
19576,2023-05-09,714,23,Delivered
19577,2020-10-09,780,17,Delivered
19578,2020-04-13,831,51,Delivered
19579,2023-07-20,643,25,Shipped
19580,2023-08-20,126,19,Shipped
19581,2023-01-28,696,53,Delivered
19582,2023-04-30,715,34,Shipped
19583,2021-07-01,626,24,Shipped
19584,2021-03-07,127,15,Shipped
19585,2023-09-05,450,10,Delivered
19586,2022-09-04,679,16,Delivered
19587,2022-12-31,142,47,Returned
19588,2020-10-10,706,23,Inprogress
19589,2023-04-14,802,7,Inprogress
19590,2022-03-08,760,23,Delivered
19591,2020-11-22,73,2,Delivered
19592,2021-07-18,347,26,Delivered
19593,2023-05-20,374,47,Delivered
19594,2022-09-10,427,43,Returned
19595,2023-11-28,801,21,Delivered
19596,2022-01-05,111,44,Delivered
19597,2020-02-23,418,5,Shipped
19598,2022-11-09,148,20,Delivered
19599,2022-11-21,409,27,Delivered
19600,2023-09-06,196,14,Delivered
19601,2021-06-03,570,22,Delivered
19602,2021-12-21,815,51,Inprogress
19603,2021-06-21,162,26,Inprogress
19604,2023-01-02,650,17,Delivered
19605,2023-03-29,416,28,Delivered
19606,2021-10-14,90,44,Returned
19607,2020-12-16,580,39,Delivered
19608,2021-03-02,625,3,Shipped
19609,2022-02-20,900,51,Returned
19610,2021-12-05,604,3,Delivered
19611,2021-07-25,546,50,Delivered
19612,2022-09-11,325,8,Inprogress
19613,2021-10-25,384,5,Delivered
19614,2021-10-16,446,6,Delivered
19615,2021-03-02,192,9,Delivered
19616,2020-06-27,304,39,Delivered
19617,2023-04-28,78,34,Delivered
19618,2021-11-06,434,1,Delivered
19619,2020-08-19,582,22,Delivered
19620,2023-07-31,761,21,Delivered
19621,2023-01-23,179,36,Delivered
19622,2022-01-24,820,27,Delivered
19623,2023-01-07,344,54,Delivered
19624,2023-10-12,172,47,Shipped
19625,2020-11-13,5,10,Delivered
19626,2021-04-19,432,51,Delivered
19627,2023-06-01,147,9,Delivered
19628,2023-05-19,206,30,Cancelled
19629,2023-06-21,210,11,Delivered
19630,2023-06-26,407,18,Delivered
19631,2022-05-29,20,33,Inprogress
19632,2020-04-29,58,36,Shipped
19633,2022-01-07,636,17,Cancelled
19634,2020-07-20,72,31,Shipped
19635,2020-11-12,742,21,Delivered
19636,2023-12-24,871,54,Returned
19637,2021-06-27,89,24,Inprogress
19638,2022-01-17,801,1,Shipped
19639,2020-05-29,51,45,Delivered
19640,2023-01-01,490,18,Delivered
19641,2022-12-31,608,54,Cancelled
19642,2021-01-17,385,18,Delivered
19643,2022-01-24,567,10,Delivered
19644,2020-06-26,624,42,Shipped
19645,2020-08-08,661,51,Returned
19646,2023-06-03,822,42,Delivered
19647,2023-09-06,198,14,Delivered
19648,2021-08-23,356,49,Delivered
19649,2023-09-10,897,31,Delivered
19650,2021-04-12,607,3,Shipped
19651,2023-04-19,359,46,Delivered
19652,2022-03-15,511,42,Delivered
19653,2022-02-24,123,6,Delivered
19654,2023-06-19,305,37,Delivered
19655,2021-11-04,162,40,Shipped
19656,2021-10-23,377,49,Cancelled
19657,2021-05-23,465,18,Cancelled
19658,2021-06-11,771,9,Delivered
19659,2022-01-23,899,51,Delivered
19660,2023-10-23,406,30,Cancelled
19661,2021-11-03,247,6,Delivered
19662,2020-02-21,279,44,Inprogress
19663,2023-10-14,759,11,Delivered
19664,2021-03-07,482,14,Delivered
19665,2022-02-06,52,31,Delivered
19666,2023-01-16,452,20,Delivered
19667,2020-11-07,593,40,Shipped
19668,2021-12-26,79,13,Delivered
19669,2021-08-22,544,19,Cancelled
19670,2022-11-29,657,43,Delivered
19671,2020-06-12,419,28,Delivered
19672,2021-04-10,481,27,Delivered
19673,2020-10-14,337,45,Cancelled
19674,2022-06-25,472,5,Cancelled
19675,2023-03-21,843,46,Inprogress
19676,2023-05-17,663,53,Delivered
19677,2023-04-06,476,27,Shipped
19678,2022-10-20,405,1,Cancelled
19679,2021-01-04,10,54,Delivered
19680,2021-11-22,854,43,Delivered
19681,2020-02-04,771,25,Delivered
19682,2020-09-10,737,44,Shipped
19683,2021-09-29,101,2,Shipped
19684,2021-03-20,180,33,Returned
19685,2021-07-07,78,9,Shipped
19686,2020-02-04,534,29,Delivered
19687,2021-03-09,24,5,Inprogress
19688,2022-03-13,12,9,Shipped
19689,2021-04-07,74,8,Delivered
19690,2020-06-01,105,36,Inprogress
19691,2020-06-03,64,4,Delivered
19692,2022-08-30,126,29,Inprogress
19693,2023-09-27,37,5,Delivered
19694,2022-11-20,713,29,Shipped
19695,2023-08-12,345,26,Delivered
19696,2022-04-30,368,26,Shipped
19697,2022-03-30,342,50,Shipped
19698,2020-06-05,34,39,Shipped
19699,2020-02-05,98,16,Delivered
19700,2020-11-28,627,30,Shipped
19701,2023-06-22,671,41,Delivered
19702,2021-10-24,672,44,Delivered
19703,2021-11-09,496,14,Inprogress
19704,2021-06-07,43,46,Delivered
19705,2023-01-12,400,24,Delivered
19706,2023-10-17,376,14,Delivered
19707,2022-09-09,36,16,Inprogress
19708,2023-11-26,277,32,Inprogress
19709,2022-08-21,186,17,Inprogress
19710,2023-08-23,679,41,Delivered
19711,2023-02-12,170,45,Delivered
19712,2023-03-24,615,22,Delivered
19713,2022-11-05,754,41,Delivered
19714,2021-04-22,569,2,Delivered
19715,2021-01-28,774,36,Delivered
19716,2023-10-16,895,39,Delivered
19717,2022-11-27,782,48,Delivered
19718,2020-04-17,600,19,Inprogress
19719,2021-12-02,162,7,Shipped
19720,2020-04-13,172,47,Inprogress
19721,2021-04-11,274,25,Delivered
19722,2021-03-02,884,16,Delivered
19723,2022-06-26,392,51,Delivered
19724,2022-06-24,162,6,Inprogress
19725,2022-07-06,170,52,Shipped
19726,2021-02-18,680,41,Delivered
19727,2022-11-20,177,33,Returned
19728,2020-12-31,191,32,Shipped
19729,2023-10-12,610,51,Shipped
19730,2022-06-30,127,35,Delivered
19731,2020-09-30,274,3,Delivered
19732,2021-04-13,305,14,Shipped
19733,2021-02-17,596,22,Delivered
19734,2020-03-07,759,15,Delivered
19735,2023-11-23,821,48,Shipped
19736,2021-07-04,551,52,Shipped
19737,2022-05-23,476,43,Returned
19738,2023-03-29,156,37,Shipped
19739,2022-02-02,173,12,Delivered
19740,2021-05-27,607,18,Shipped
19741,2023-10-26,625,15,Delivered
19742,2023-05-01,701,44,Delivered
19743,2022-03-11,246,2,Delivered
19744,2022-09-03,260,20,Delivered
19745,2021-12-16,590,44,Cancelled
19746,2023-06-09,262,32,Delivered
19747,2022-06-13,544,42,Delivered
19748,2020-12-27,899,46,Delivered
19749,2020-07-22,641,27,Cancelled
19750,2022-03-01,298,37,Inprogress
19751,2023-11-08,148,51,Inprogress
19752,2023-08-22,716,43,Shipped
19753,2021-12-27,204,40,Inprogress
19754,2020-11-10,479,34,Delivered
19755,2020-10-27,483,35,Returned
19756,2022-05-21,696,26,Delivered
19757,2023-03-15,546,17,Delivered
19758,2022-11-11,762,22,Delivered
19759,2020-03-14,599,54,Delivered
19760,2020-10-20,211,4,Cancelled
19761,2022-08-01,867,31,Shipped
19762,2022-04-01,532,6,Shipped
19763,2023-01-19,460,22,Delivered
19764,2023-04-26,516,42,Delivered
19765,2020-02-23,679,18,Delivered
19766,2021-09-22,249,7,Delivered
19767,2021-07-05,27,5,Shipped
19768,2022-10-07,156,50,Delivered
19769,2020-06-01,332,13,Inprogress
19770,2023-08-03,551,18,Delivered
19771,2020-01-29,583,16,Shipped
19772,2020-04-12,591,42,Delivered
19773,2023-05-09,469,53,Cancelled
19774,2023-02-04,195,9,Delivered
19775,2021-09-10,43,14,Inprogress
19776,2023-02-23,549,23,Returned
19777,2023-12-22,326,19,Delivered
19778,2023-09-21,290,4,Delivered
19779,2021-08-21,583,44,Delivered
19780,2021-08-18,55,44,Delivered
19781,2022-05-08,778,35,Returned
19782,2022-04-18,442,37,Shipped
19783,2022-02-19,807,12,Delivered
19784,2020-02-10,658,32,Shipped
19785,2020-03-21,819,27,Delivered
19786,2020-04-30,176,30,Inprogress
19787,2023-12-16,628,50,Delivered
19788,2020-05-24,378,28,Inprogress
19789,2021-04-02,552,53,Delivered
19790,2022-04-13,721,49,Delivered
19791,2020-04-24,404,28,Shipped
19792,2023-04-29,244,34,Delivered
19793,2022-08-24,597,11,Delivered
19794,2023-01-16,286,29,Delivered
19795,2021-03-27,226,24,Cancelled
19796,2021-06-21,802,43,Delivered
19797,2023-03-24,357,51,Delivered
19798,2023-12-20,753,31,Shipped
19799,2021-12-24,746,20,Delivered
19800,2021-12-23,57,18,Delivered
19801,2020-07-22,425,23,Delivered
19802,2020-05-24,800,47,Delivered
19803,2022-09-01,748,16,Delivered
19804,2021-05-14,661,26,Delivered
19805,2022-09-11,308,45,Returned
19806,2022-12-18,618,53,Delivered
19807,2022-03-16,851,35,Inprogress
19808,2020-11-23,507,2,Delivered
19809,2021-10-23,339,29,Delivered
19810,2023-10-09,389,20,Shipped
19811,2023-09-19,33,13,Delivered
19812,2022-10-16,754,42,Delivered
19813,2020-06-06,816,41,Shipped
19814,2022-07-07,106,23,Inprogress
19815,2020-04-30,568,11,Delivered
19816,2020-01-28,655,44,Inprogress
19817,2021-07-22,45,47,Delivered
19818,2021-04-18,756,23,Delivered
19819,2020-08-23,722,49,Shipped
19820,2023-04-08,314,53,Delivered
19821,2020-05-21,846,52,Inprogress
19822,2020-12-03,102,4,Inprogress
19823,2023-02-09,417,42,Inprogress
19824,2020-09-18,497,40,Delivered
19825,2023-12-16,223,5,Shipped
19826,2020-06-25,125,54,Delivered
19827,2021-04-25,679,6,Delivered
19828,2022-12-11,141,24,Delivered
19829,2023-10-25,568,12,Shipped
19830,2021-01-06,170,21,Delivered
19831,2022-09-09,220,12,Inprogress
19832,2021-10-02,406,15,Delivered
19833,2022-03-02,842,47,Delivered
19834,2022-09-11,67,26,Delivered
19835,2022-11-20,310,41,Delivered
19836,2020-01-02,773,1,Delivered
19837,2022-11-20,810,34,Inprogress
19838,2021-01-07,70,46,Inprogress
19839,2022-08-18,105,36,Delivered
19840,2020-05-25,353,11,Shipped
19841,2022-11-30,237,16,Delivered
19842,2023-04-09,372,23,Inprogress
19843,2020-07-12,416,34,Delivered
19844,2022-10-27,559,1,Delivered
19845,2021-03-14,894,15,Delivered
19846,2022-04-14,476,13,Shipped
19847,2022-01-28,468,37,Delivered
19848,2021-01-29,801,12,Delivered
19849,2022-11-28,553,49,Delivered
19850,2020-09-29,649,22,Inprogress
19851,2023-09-20,524,30,Shipped
19852,2021-12-09,702,7,Delivered
19853,2021-03-04,643,45,Delivered
19854,2022-12-27,765,32,Shipped
19855,2021-12-02,87,16,Inprogress
19856,2023-04-04,16,39,Cancelled
19857,2020-07-08,84,3,Delivered
19858,2023-10-03,493,20,Delivered
19859,2023-07-07,14,23,Delivered
19860,2023-07-12,393,35,Delivered
19861,2020-07-05,708,10,Delivered
19862,2023-05-13,492,8,Delivered
19863,2022-07-15,393,44,Inprogress
19864,2020-05-01,417,5,Delivered
19865,2023-12-18,694,14,Delivered
19866,2022-01-04,435,54,Delivered
19867,2022-03-24,299,34,Delivered
19868,2023-04-16,324,42,Delivered
19869,2022-11-01,800,8,Inprogress
19870,2022-12-04,576,17,Delivered
19871,2021-06-04,104,47,Shipped
19872,2022-03-04,121,14,Delivered
19873,2021-01-23,31,49,Delivered
19874,2020-01-29,859,31,Delivered
19875,2021-05-21,181,2,Shipped
19876,2022-03-31,678,43,Shipped
19877,2023-11-11,64,6,Delivered
19878,2020-01-02,696,18,Delivered
19879,2022-10-19,736,43,Delivered
19880,2020-10-22,784,28,Shipped
19881,2021-03-10,197,33,Delivered
19882,2023-05-01,170,53,Shipped
19883,2020-10-03,841,8,Shipped
19884,2023-03-04,759,5,Shipped
19885,2020-05-13,11,2,Shipped
19886,2021-05-10,581,9,Shipped
19887,2023-10-18,709,25,Delivered
19888,2020-07-05,420,25,Delivered
19889,2021-01-11,302,18,Delivered
19890,2021-01-17,483,40,Delivered
19891,2021-10-12,883,23,Delivered
19892,2022-03-20,276,12,Delivered
19893,2023-05-09,848,28,Inprogress
19894,2023-02-07,163,6,Delivered
19895,2021-12-13,540,4,Shipped
19896,2021-05-21,130,23,Inprogress
19897,2022-10-13,113,3,Inprogress
19898,2021-08-20,749,31,Inprogress
19899,2021-12-18,539,37,Delivered
19900,2020-02-28,177,43,Shipped
19901,2022-06-14,407,8,Delivered
19902,2021-03-15,649,22,Inprogress
19903,2023-01-23,243,41,Shipped
19904,2020-04-26,900,10,Delivered
19905,2022-06-20,179,11,Shipped
19906,2020-03-01,614,31,Delivered
19907,2023-03-13,343,32,Inprogress
19908,2023-11-03,782,47,Inprogress
19909,2021-06-27,190,4,Delivered
19910,2020-04-09,449,29,Cancelled
19911,2020-08-09,840,31,Delivered
19912,2021-03-03,781,35,Shipped
19913,2020-06-24,51,38,Shipped
19914,2022-06-05,464,52,Shipped
19915,2022-11-23,66,8,Delivered
19916,2020-03-21,754,43,Delivered
19917,2023-11-14,74,39,Shipped
19918,2021-07-21,785,39,Inprogress
19919,2022-09-14,235,17,Inprogress
19920,2021-04-07,202,32,Delivered
19921,2022-05-02,368,13,Shipped
19922,2022-07-03,370,26,Shipped
19923,2023-09-15,102,32,Delivered
19924,2021-03-20,80,41,Delivered
19925,2023-03-03,217,7,Shipped
19926,2022-06-30,764,34,Delivered
19927,2021-08-01,790,2,Delivered
19928,2022-01-05,358,3,Inprogress
19929,2023-05-31,846,9,Inprogress
19930,2022-06-15,847,38,Delivered
19931,2020-12-02,813,28,Shipped
19932,2023-01-14,283,26,Inprogress
19933,2021-06-11,353,22,Inprogress
19934,2023-05-19,392,43,Delivered
19935,2022-04-02,364,52,Delivered
19936,2023-01-27,142,30,Cancelled
19937,2022-03-02,830,50,Cancelled
19938,2020-01-19,63,54,Returned
19939,2022-11-11,503,13,Inprogress
19940,2020-05-26,530,16,Inprogress
19941,2020-04-24,166,34,Inprogress
19942,2022-11-04,209,23,Inprogress
19943,2020-09-19,581,2,Inprogress
19944,2023-02-09,299,37,Inprogress
19945,2021-05-11,352,1,Inprogress
19946,2021-05-16,227,25,Delivered
19947,2022-12-13,82,11,Inprogress
19948,2021-07-30,820,15,Inprogress
19949,2021-05-02,652,38,Delivered
19950,2022-04-06,18,51,Inprogress
19951,2023-08-09,648,31,Returned
19952,2023-05-22,270,30,Delivered
19953,2023-10-17,821,21,Shipped
19954,2020-02-14,592,54,Cancelled
19955,2021-12-05,419,1,Shipped
19956,2023-02-15,860,17,Delivered
19957,2021-06-25,394,33,Delivered
19958,2023-09-10,792,42,Inprogress
19959,2023-12-01,151,28,Shipped
19960,2020-06-11,674,3,Shipped
19961,2021-10-07,832,29,Delivered
19962,2020-04-30,653,13,Inprogress
19963,2022-04-18,481,4,Delivered
19964,2022-08-31,72,34,Shipped
19965,2020-10-07,662,24,Delivered
19966,2023-06-30,69,38,Delivered
19967,2023-02-21,743,18,Delivered
19968,2021-01-23,483,16,Returned
19969,2020-03-21,898,52,Inprogress
19970,2023-12-25,531,29,Inprogress
19971,2022-01-20,705,49,Delivered
19972,2023-05-19,214,27,Shipped
19973,2021-07-07,315,49,Delivered
19974,2022-03-17,552,51,Delivered
19975,2023-09-15,658,52,Inprogress
19976,2022-07-08,569,24,Cancelled
19977,2022-04-07,342,32,Delivered
19978,2020-07-03,302,1,Inprogress
19979,2020-11-28,599,30,Inprogress
19980,2022-12-04,609,14,Cancelled
19981,2020-06-12,152,29,Delivered
19982,2023-09-12,707,38,Shipped
19983,2020-06-29,586,38,Delivered
19984,2023-05-07,849,45,Delivered
19985,2020-09-09,236,35,Inprogress
19986,2021-01-08,726,7,Delivered
19987,2023-06-07,202,41,Delivered
19988,2020-01-01,167,48,Inprogress
19989,2020-01-15,66,31,Inprogress
19990,2020-02-28,353,12,Delivered
19991,2022-04-12,1,42,Inprogress
19992,2021-05-02,65,16,Returned
19993,2023-05-23,143,21,Delivered
19994,2020-01-26,14,39,Delivered
19995,2022-09-15,724,41,Delivered
19996,2023-12-17,437,38,Returned
19997,2021-01-31,79,25,Returned
19998,2021-05-15,612,34,Delivered
19999,2022-04-06,788,5,Delivered
20000,2020-03-12,196,38,Cancelled
20001,2023-09-12,835,48,Delivered
20002,2023-02-11,138,38,Delivered
20003,2021-03-06,213,39,Cancelled
20004,2022-10-08,642,29,Delivered
20005,2020-04-04,514,22,Delivered
20006,2021-08-02,485,43,Inprogress
20007,2023-03-12,292,22,Shipped
20008,2023-06-21,248,1,Delivered
20009,2020-01-09,604,28,Inprogress
20010,2022-02-01,649,46,Shipped
20011,2022-02-02,797,27,Delivered
20012,2021-05-19,412,14,Delivered
20013,2023-09-06,402,28,Shipped
20014,2020-03-15,336,42,Cancelled
20015,2023-04-01,216,1,Delivered
20016,2020-01-22,783,43,Delivered
20017,2023-09-27,84,28,Delivered
20018,2020-06-20,260,34,Delivered
20019,2020-08-07,352,3,Shipped
20020,2020-05-07,765,46,Delivered
20021,2022-03-07,452,44,Delivered
20022,2021-08-07,841,8,Delivered
20023,2021-04-24,313,10,Delivered
20024,2023-07-31,474,9,Shipped
20025,2023-09-02,723,44,Delivered
20026,2020-07-18,336,3,Inprogress
20027,2021-09-06,882,20,Inprogress
20028,2022-08-15,454,26,Delivered
20029,2023-08-18,678,53,Shipped
20030,2021-05-16,27,50,Inprogress
20031,2020-08-17,521,36,Inprogress
20032,2021-11-17,881,16,Cancelled
20033,2023-06-22,703,48,Shipped
20034,2020-02-26,835,23,Delivered
20035,2021-07-13,493,51,Delivered
20036,2023-12-18,762,10,Shipped
20037,2022-01-31,698,18,Delivered
20038,2023-04-21,825,8,Delivered
20039,2020-11-09,690,4,Delivered
20040,2020-05-01,41,49,Delivered
20041,2023-05-17,599,50,Delivered
20042,2023-12-09,196,54,Delivered
20043,2022-10-13,395,31,Delivered
20044,2023-06-18,25,11,Inprogress
20045,2022-11-07,824,11,Delivered
20046,2021-07-09,625,17,Delivered
20047,2020-09-15,403,46,Delivered
20048,2021-02-27,196,2,Delivered
20049,2022-01-28,300,1,Shipped
20050,2023-10-02,118,36,Delivered
20051,2021-12-31,693,12,Delivered
20052,2023-12-06,357,46,Cancelled
20053,2023-01-12,795,40,Shipped
20054,2021-09-27,689,20,Delivered
20055,2023-12-23,495,33,Shipped
20056,2020-04-09,492,34,Shipped
20057,2020-03-14,841,13,Delivered
20058,2021-05-15,447,30,Delivered
20059,2023-09-29,662,2,Delivered
20060,2021-08-04,340,46,Delivered
20061,2022-05-23,3,50,Delivered
20062,2020-08-24,803,29,Delivered
20063,2023-11-20,671,17,Delivered
20064,2023-03-01,769,48,Inprogress
20065,2021-08-15,874,14,Delivered
20066,2022-01-31,886,26,Shipped
20067,2020-02-28,658,5,Shipped
20068,2020-02-29,427,35,Delivered
20069,2023-11-07,845,42,Inprogress
20070,2020-05-25,215,1,Shipped
20071,2023-10-04,686,28,Delivered
20072,2020-08-11,497,48,Delivered
20073,2020-05-22,861,30,Shipped
20074,2023-07-14,112,31,Shipped
20075,2022-09-11,720,46,Shipped
20076,2021-03-26,225,54,Shipped
20077,2022-01-02,33,44,Delivered
20078,2023-09-30,811,4,Cancelled
20079,2020-03-04,417,16,Delivered
20080,2023-02-14,177,45,Delivered
20081,2020-12-04,117,1,Inprogress
20082,2022-08-16,633,40,Delivered
20083,2021-03-29,187,14,Cancelled
20084,2021-11-06,867,39,Shipped
20085,2020-12-20,70,34,Inprogress
20086,2023-01-13,391,47,Shipped
20087,2021-02-26,753,22,Delivered
20088,2021-06-20,249,16,Delivered
20089,2022-02-08,95,54,Inprogress
20090,2020-02-04,850,42,Delivered
20091,2020-10-01,795,21,Delivered
20092,2023-02-16,798,48,Delivered
20093,2020-08-10,403,14,Shipped
20094,2023-05-12,459,27,Shipped
20095,2022-12-19,634,16,Delivered
20096,2022-06-10,296,39,Delivered
20097,2021-01-28,42,32,Delivered
20098,2021-12-16,334,5,Inprogress
20099,2021-06-17,418,45,Delivered
20100,2023-03-22,499,39,Delivered
20101,2020-07-05,365,32,Delivered
20102,2022-12-24,527,25,Inprogress
20103,2023-11-01,641,20,Shipped
20104,2021-12-12,722,9,Delivered
20105,2023-01-30,390,18,Delivered
20106,2020-08-31,814,44,Delivered
20107,2022-03-30,224,30,Delivered
20108,2020-07-29,843,17,Delivered
20109,2023-10-23,159,14,Delivered
20110,2021-04-02,451,2,Cancelled
20111,2020-04-27,288,51,Delivered
20112,2021-01-03,423,51,Delivered
20113,2021-12-30,899,1,Shipped
20114,2023-05-27,732,6,Cancelled
20115,2021-09-23,62,19,Delivered
20116,2023-03-14,51,34,Delivered
20117,2021-01-22,481,37,Shipped
20118,2022-12-20,741,25,Delivered
20119,2022-06-29,498,23,Shipped
20120,2022-11-12,55,14,Delivered
20121,2020-04-27,177,13,Delivered
20122,2022-11-24,149,16,Delivered
20123,2023-01-15,425,4,Delivered
20124,2021-09-26,15,11,Returned
20125,2023-01-30,655,42,Delivered
20126,2020-09-30,759,44,Inprogress
20127,2023-06-17,288,51,Inprogress
20128,2021-11-17,696,5,Shipped
20129,2023-09-04,483,22,Delivered
20130,2021-06-14,467,24,Shipped
20131,2020-05-22,165,43,Delivered
20132,2023-07-17,257,11,Delivered
20133,2020-03-09,878,32,Shipped
20134,2020-10-12,33,17,Delivered
20135,2021-11-24,735,11,Delivered
20136,2020-01-04,501,33,Delivered
20137,2023-02-18,482,43,Cancelled
20138,2021-10-17,339,30,Delivered
20139,2021-10-26,276,53,Delivered
20140,2022-12-04,615,13,Delivered
20141,2020-09-03,350,49,Inprogress
20142,2023-09-07,420,51,Delivered
20143,2021-12-11,206,29,Delivered
20144,2022-09-06,120,54,Delivered
20145,2022-07-03,549,48,Delivered
20146,2020-08-03,52,25,Delivered
20147,2023-07-04,731,47,Shipped
20148,2022-09-09,751,31,Cancelled
20149,2021-11-09,563,13,Inprogress
20150,2021-04-01,419,4,Delivered
20151,2022-08-26,818,32,Delivered
20152,2021-01-12,671,33,Shipped
20153,2022-03-01,6,8,Delivered
20154,2021-10-08,48,39,Delivered
20155,2020-07-18,707,41,Delivered
20156,2022-04-27,520,3,Returned
20157,2022-09-30,763,21,Delivered
20158,2022-07-25,528,18,Cancelled
20159,2020-07-14,314,51,Delivered
20160,2023-12-30,84,46,Delivered
20161,2020-02-17,397,39,Shipped
20162,2023-03-06,833,51,Inprogress
20163,2022-04-05,721,43,Cancelled
20164,2022-09-14,823,9,Delivered
20165,2021-03-03,747,6,Inprogress
20166,2020-07-18,222,48,Inprogress
20167,2021-07-26,295,23,Shipped
20168,2021-06-02,669,4,Shipped
20169,2022-03-13,703,4,Shipped
20170,2021-10-23,546,48,Shipped
20171,2023-05-14,754,34,Shipped
20172,2020-06-08,668,30,Delivered
20173,2020-08-02,622,29,Delivered
20174,2020-03-16,581,26,Delivered
20175,2022-07-31,524,35,Shipped
20176,2020-05-26,77,22,Delivered
20177,2022-06-28,895,27,Delivered
20178,2020-08-13,522,51,Delivered
20179,2022-06-17,297,39,Inprogress
20180,2023-03-26,494,42,Shipped
20181,2022-02-27,658,19,Delivered
20182,2021-07-20,535,26,Delivered
20183,2023-03-26,610,39,Delivered
20184,2020-07-31,824,43,Shipped
20185,2022-07-26,1,18,Delivered
20186,2023-10-13,289,54,Delivered
20187,2022-04-06,638,12,Delivered
20188,2021-12-15,789,36,Shipped
20189,2021-05-16,430,20,Delivered
20190,2023-12-29,862,22,Delivered
20191,2021-03-29,506,26,Delivered
20192,2022-05-08,443,6,Delivered
20193,2022-02-06,391,26,Delivered
20194,2023-08-29,140,41,Inprogress
20195,2021-10-31,396,15,Delivered
20196,2022-01-21,77,34,Delivered
20197,2023-04-09,743,18,Delivered
20198,2021-01-04,799,29,Shipped
20199,2022-12-17,131,39,Inprogress
20200,2023-03-27,216,51,Cancelled
20201,2021-11-10,51,44,Inprogress
20202,2020-09-06,34,5,Delivered
20203,2020-10-27,20,19,Delivered
20204,2022-03-12,528,11,Inprogress
20205,2023-01-09,393,33,Returned
20206,2023-05-13,269,14,Delivered
20207,2021-03-03,218,4,Delivered
20208,2021-06-23,41,20,Shipped
20209,2021-12-28,612,35,Cancelled
20210,2022-09-27,454,20,Delivered
20211,2022-06-22,161,16,Delivered
20212,2021-02-07,166,23,Delivered
20213,2021-11-07,281,33,Delivered
20214,2020-11-21,643,47,Delivered
20215,2021-04-15,754,18,Delivered
20217,2021-10-26,91,10,Delivered
20218,2023-04-23,306,51,Delivered
20219,2020-05-03,772,52,Shipped
20220,2020-01-08,858,14,Delivered
20221,2022-03-22,343,11,Delivered
20222,2020-09-13,863,40,Delivered
20223,2023-02-04,732,39,Delivered
20224,2023-06-06,724,52,Returned
20225,2021-12-04,460,17,Delivered
20226,2020-12-22,26,12,Delivered
20227,2020-12-13,186,5,Inprogress
20228,2021-10-05,406,6,Delivered
20229,2020-05-12,89,18,Cancelled
20230,2021-02-22,879,30,Delivered
20231,2021-05-06,169,29,Delivered
20232,2021-03-28,488,18,Delivered
20233,2022-12-18,814,33,Delivered
20234,2023-09-25,65,49,Inprogress
20235,2023-06-27,304,1,Shipped
20236,2020-10-29,897,12,Inprogress
20237,2020-01-15,552,41,Shipped
20238,2022-10-17,46,38,Shipped
20239,2022-09-25,711,25,Delivered
20240,2022-12-26,217,46,Delivered
20241,2021-01-03,8,32,Inprogress
20242,2022-07-30,37,1,Delivered
20243,2022-08-06,681,14,Delivered
20244,2022-04-14,780,26,Delivered
20245,2023-11-11,59,51,Delivered
20246,2021-11-11,133,27,Shipped
20247,2023-11-11,776,15,Shipped
20248,2023-08-11,226,34,Inprogress
20249,2022-08-28,522,30,Delivered
20250,2022-09-14,268,26,Shipped
20251,2022-07-11,649,36,Shipped
20252,2023-01-12,383,21,Delivered
20253,2022-03-27,476,26,Shipped
20254,2021-08-01,732,37,Cancelled
20255,2022-07-26,258,5,Delivered
20256,2023-07-23,189,26,Cancelled
20257,2021-11-06,230,7,Delivered
20258,2020-04-06,854,1,Delivered
20259,2021-07-02,649,9,Returned
20260,2023-10-16,542,34,Cancelled
20261,2020-11-22,238,50,Shipped
20262,2022-01-26,708,8,Delivered
20263,2021-11-07,867,13,Inprogress
20264,2023-08-11,30,3,Delivered
20265,2022-09-16,121,18,Delivered
20266,2022-08-21,344,13,Delivered
20267,2020-05-08,354,24,Shipped
20268,2020-09-08,556,21,Shipped
20269,2020-02-08,118,17,Delivered
20270,2020-10-14,754,51,Delivered
20271,2020-04-10,523,37,Cancelled
20272,2023-04-27,157,23,Delivered
20273,2021-02-26,563,3,Shipped
20274,2022-09-06,556,33,Inprogress
20275,2023-05-14,621,36,Returned
20276,2022-10-29,850,26,Delivered
20277,2022-02-07,143,3,Delivered
20278,2023-01-09,65,16,Delivered
20279,2023-02-23,35,11,Delivered
20280,2022-04-15,590,54,Shipped
20281,2021-08-20,175,15,Cancelled
20282,2022-09-15,567,33,Delivered
20283,2022-05-14,28,51,Inprogress
20284,2023-11-04,507,47,Delivered
20285,2023-11-17,454,22,Inprogress
20286,2022-09-21,440,22,Shipped
20287,2021-07-29,817,34,Delivered
20288,2022-05-31,537,34,Cancelled
20289,2020-04-24,576,15,Delivered
20290,2020-11-12,475,5,Delivered
20291,2023-12-15,867,15,Delivered
20292,2021-02-27,848,47,Inprogress
20293,2020-08-02,882,49,Delivered
20294,2021-04-29,146,17,Returned
20295,2020-03-09,756,52,Returned
20296,2021-01-03,87,19,Delivered
20297,2022-08-30,339,11,Delivered
20298,2022-04-29,626,18,Delivered
20299,2020-02-23,869,21,Delivered
20300,2020-05-12,745,29,Delivered
20301,2020-07-26,107,50,Delivered
20302,2020-04-24,520,26,Inprogress
20303,2023-06-06,521,52,Delivered
20304,2020-08-30,649,25,Delivered
20305,2023-09-04,251,1,Delivered
20306,2020-03-10,270,11,Shipped
20307,2022-01-04,479,20,Delivered
20308,2023-11-18,734,26,Delivered
20309,2021-09-08,197,13,Delivered
20310,2020-03-05,101,39,Delivered
20311,2020-11-27,540,14,Delivered
20312,2020-10-02,732,51,Delivered
20313,2021-06-11,240,23,Delivered
20314,2020-04-11,640,10,Delivered
20315,2022-03-20,492,19,Delivered
20316,2021-04-30,808,15,Inprogress
20317,2020-12-16,656,31,Delivered
20318,2022-06-16,680,32,Delivered
20319,2021-07-09,499,25,Shipped
20320,2020-06-22,122,6,Delivered
20321,2020-08-12,70,2,Delivered
20322,2022-05-08,64,17,Delivered
20323,2020-10-03,195,4,Delivered
20324,2022-05-13,724,11,Inprogress
20325,2022-12-29,695,44,Delivered
20326,2022-03-28,680,30,Delivered
20327,2022-10-03,663,16,Delivered
20328,2021-09-23,402,32,Delivered
20329,2021-10-29,660,53,Delivered
20330,2023-10-08,817,38,Delivered
20331,2021-03-14,861,3,Delivered
20332,2021-04-20,875,41,Shipped
20333,2020-12-11,231,30,Shipped
20334,2020-06-27,483,28,Delivered
20335,2023-12-03,680,19,Inprogress
20336,2020-08-04,865,23,Delivered
20337,2020-09-12,751,50,Delivered
20338,2022-11-16,536,12,Delivered
20339,2022-07-31,810,5,Delivered
20340,2021-02-20,826,51,Inprogress
20341,2021-07-29,564,42,Delivered
20342,2021-12-08,516,27,Cancelled
20343,2021-01-16,850,27,Shipped
20344,2023-04-25,291,36,Delivered
20345,2022-07-12,701,21,Inprogress
20346,2021-06-29,564,13,Delivered
20347,2022-04-02,203,1,Delivered
20348,2020-03-10,420,3,Delivered
20349,2023-04-08,83,33,Cancelled
20350,2020-01-14,650,21,Delivered
20351,2021-01-16,571,11,Delivered
20352,2021-08-05,309,21,Inprogress
20353,2022-04-16,535,17,Cancelled
20354,2022-07-05,210,13,Delivered
20355,2022-03-14,139,4,Delivered
20356,2023-08-10,750,16,Cancelled
20357,2022-07-18,122,50,Returned
20358,2022-08-31,840,5,Inprogress
20359,2022-02-14,242,4,Delivered
20360,2023-12-24,860,5,Delivered
20361,2023-12-13,646,18,Delivered
20362,2021-08-01,743,10,Delivered
20363,2023-05-04,889,27,Inprogress
20364,2021-11-25,225,36,Delivered
20365,2023-09-26,141,28,Inprogress
20366,2023-12-29,166,3,Shipped
20367,2022-09-05,195,39,Returned
20368,2022-11-27,496,49,Inprogress
20369,2023-10-06,664,12,Shipped
20370,2023-10-14,59,7,Shipped
20371,2021-03-28,623,19,Shipped
20372,2023-12-17,485,43,Shipped
20373,2020-08-06,852,45,Delivered
20374,2022-02-06,42,1,Shipped
20375,2023-02-23,542,36,Inprogress
20376,2021-01-22,20,9,Cancelled
20377,2021-07-04,310,4,Delivered
20378,2020-05-07,17,39,Inprogress
20379,2020-08-11,232,14,Cancelled
20380,2023-08-07,619,21,Shipped
20381,2020-05-06,136,51,Returned
20382,2021-12-26,723,42,Shipped
20383,2020-09-19,374,14,Delivered
20384,2023-05-22,465,4,Delivered
20385,2023-07-11,614,9,Shipped
20386,2020-05-10,408,46,Delivered
20387,2022-08-22,259,14,Returned
20388,2022-02-10,576,45,Returned
20389,2020-02-09,722,31,Delivered
20390,2020-07-27,352,53,Returned
20391,2023-07-23,429,9,Delivered
20392,2021-01-02,203,22,Delivered
20393,2022-05-11,635,13,Inprogress
20394,2021-05-28,553,34,Inprogress
20395,2021-03-07,408,43,Delivered
20396,2020-07-28,98,31,Delivered
20397,2021-08-06,67,22,Delivered
20398,2021-08-16,387,29,Delivered
20399,2023-10-02,136,8,Delivered
20400,2020-01-31,672,19,Delivered
20401,2022-02-14,366,32,Delivered
20402,2020-09-02,323,34,Inprogress
20403,2023-08-11,772,23,Inprogress
20404,2020-09-30,466,22,Delivered
20405,2020-04-07,447,19,Cancelled
20406,2020-01-16,597,27,Delivered
20407,2022-07-05,87,11,Delivered
20408,2023-08-08,217,24,Inprogress
20409,2021-02-19,601,30,Delivered
20410,2020-12-10,257,2,Inprogress
20411,2020-05-05,151,51,Delivered
20412,2020-08-17,47,6,Delivered
20413,2020-11-04,806,35,Delivered
20414,2020-11-21,711,50,Cancelled
20415,2020-01-01,146,37,Delivered
20416,2021-07-04,268,41,Shipped
20417,2022-10-09,158,25,Delivered
20418,2022-12-06,429,46,Delivered
20419,2023-11-02,111,40,Delivered
20420,2022-04-08,140,1,Delivered
20421,2020-05-06,152,28,Delivered
20422,2021-01-29,300,22,Delivered
20423,2020-03-07,129,28,Delivered
20424,2023-10-15,587,29,Delivered
20425,2022-04-26,7,6,Delivered
20426,2022-06-06,683,28,Delivered
20427,2022-04-28,374,12,Delivered
20428,2023-04-28,371,22,Delivered
20429,2022-11-30,35,39,Delivered
20430,2020-04-17,166,9,Shipped
20431,2021-06-07,620,48,Delivered
20432,2021-10-03,65,5,Inprogress
20433,2020-09-21,265,47,Delivered
20434,2022-02-01,39,7,Delivered
20435,2023-01-22,763,42,Delivered
20436,2021-05-08,105,34,Delivered
20437,2022-01-05,173,34,Delivered
20438,2022-09-16,205,18,Inprogress
20439,2020-09-15,2,10,Shipped
20440,2021-06-25,788,13,Delivered
20441,2021-08-22,473,34,Inprogress
20442,2021-09-21,499,8,Returned
20443,2021-05-11,638,47,Delivered
20444,2020-07-28,618,38,Inprogress
20445,2022-11-28,270,37,Inprogress
20446,2021-04-15,41,16,Inprogress
20447,2020-11-16,767,32,Shipped
20448,2023-08-07,466,3,Delivered
20449,2020-03-07,417,32,Delivered
20450,2021-08-10,64,8,Delivered
20451,2020-01-09,899,37,Shipped
20452,2020-04-11,702,28,Delivered
20453,2020-05-14,627,21,Delivered
20454,2022-11-27,371,26,Delivered
20455,2020-02-25,168,25,Cancelled
20456,2021-11-21,731,47,Delivered
20457,2022-12-13,728,50,Delivered
20458,2020-03-30,863,45,Delivered
20459,2020-07-02,8,3,Delivered
20460,2020-12-05,99,49,Cancelled
20461,2020-07-08,125,53,Delivered
20462,2022-03-14,469,20,Shipped
20463,2020-12-23,547,32,Shipped
20464,2020-10-14,415,40,Delivered
20465,2022-07-12,444,30,Delivered
20466,2022-07-08,890,5,Inprogress
20467,2020-07-10,403,5,Inprogress
20468,2022-04-15,343,6,Delivered
20469,2021-01-10,294,35,Delivered
20470,2023-09-29,661,11,Shipped
20471,2021-11-21,795,7,Delivered
20472,2022-11-01,192,22,Inprogress
20473,2021-01-04,457,45,Delivered
20474,2021-04-16,248,35,Shipped
20475,2022-01-24,284,37,Inprogress
20476,2023-09-01,150,48,Delivered
20477,2021-09-05,391,21,Delivered
20478,2021-05-22,170,50,Delivered
20479,2020-05-11,180,19,Delivered
20480,2023-10-19,196,3,Delivered
20481,2022-08-05,70,54,Inprogress
20482,2021-03-21,293,16,Inprogress
20483,2023-06-29,476,31,Shipped
20484,2023-02-24,417,18,Delivered
20485,2022-05-25,234,24,Shipped
20486,2021-12-06,354,11,Inprogress
20487,2021-05-05,537,48,Inprogress
20488,2020-11-20,73,29,Delivered
20489,2022-04-25,122,27,Returned
20490,2023-03-05,351,49,Delivered
20491,2021-06-28,539,51,Delivered
20492,2022-07-02,249,19,Delivered
20493,2022-11-14,354,29,Cancelled
20494,2022-09-13,152,9,Delivered
20495,2022-03-23,152,23,Inprogress
20496,2023-04-03,796,45,Delivered
20497,2021-08-18,3,38,Delivered
20498,2023-08-12,729,35,Delivered
20499,2023-03-26,806,15,Delivered
20500,2022-02-12,711,53,Delivered
20501,2022-10-26,729,13,Delivered
20502,2023-04-01,197,36,Inprogress
20503,2023-03-26,143,26,Delivered
20504,2023-12-11,461,21,Delivered
20505,2020-11-17,292,20,Shipped
20506,2021-04-21,701,8,Inprogress
20507,2022-09-29,190,38,Delivered
20508,2023-02-12,477,17,Delivered
20509,2022-07-06,151,43,Shipped
20510,2023-08-24,273,5,Delivered
20511,2022-05-30,212,11,Delivered
20512,2022-02-06,157,18,Delivered
20513,2021-06-27,577,22,Inprogress
20514,2022-10-16,713,26,Delivered
20515,2021-02-18,731,38,Inprogress
20516,2020-11-21,388,20,Shipped
20517,2022-11-30,651,22,Shipped
20518,2023-12-09,636,46,Cancelled
20519,2021-11-11,648,33,Delivered
20520,2022-04-27,228,42,Delivered
20521,2020-01-01,271,14,Delivered
20522,2023-09-26,314,53,Delivered
20523,2021-06-02,793,36,Delivered
20524,2021-04-26,642,41,Inprogress
20525,2022-08-15,236,11,Shipped
20526,2020-06-28,493,16,Shipped
20527,2022-09-19,290,34,Delivered
20528,2020-10-01,415,7,Shipped
20529,2021-03-28,774,26,Delivered
20530,2023-12-22,341,40,Delivered
20531,2021-06-15,690,9,Shipped
20532,2021-09-17,837,35,Delivered
20533,2023-06-12,602,44,Delivered
20534,2020-08-14,664,21,Shipped
20535,2023-08-22,201,5,Returned
20536,2021-04-25,230,21,Inprogress
20537,2023-02-10,627,40,Shipped
20538,2022-01-09,743,50,Shipped
20539,2023-05-24,502,7,Shipped
20540,2020-07-03,232,18,Delivered
20541,2023-01-16,839,38,Delivered
20542,2023-03-08,43,12,Delivered
20543,2022-11-01,619,14,Inprogress
20544,2020-09-29,2,23,Delivered
20545,2020-11-22,313,29,Delivered
20546,2020-04-06,833,31,Shipped
20547,2023-07-31,350,34,Delivered
20548,2022-02-12,363,46,Cancelled
20549,2020-12-29,784,9,Shipped
20550,2021-11-22,690,48,Delivered
20551,2023-07-29,70,22,Inprogress
20552,2020-12-02,531,19,Delivered
20553,2021-09-17,193,10,Shipped
20554,2023-11-19,618,12,Inprogress
20555,2020-03-27,593,5,Delivered
20556,2021-03-10,765,19,Delivered
20557,2023-01-26,348,54,Delivered
20558,2021-03-15,176,8,Delivered
20559,2023-06-13,471,9,Delivered
20560,2021-10-27,493,41,Inprogress
20561,2022-02-24,872,47,Inprogress
20562,2020-10-06,571,32,Delivered
20563,2020-10-14,145,41,Delivered
20564,2022-04-21,521,53,Delivered
20565,2020-07-14,864,5,Inprogress
20566,2020-07-21,535,48,Inprogress
20567,2020-09-14,83,53,Delivered
20568,2023-06-09,521,5,Inprogress
20569,2020-06-07,459,14,Delivered
20570,2020-09-16,897,43,Inprogress
20571,2021-11-17,841,34,Delivered
20572,2021-07-29,490,43,Delivered
20573,2021-03-25,817,21,Delivered
20574,2022-08-29,73,52,Shipped
20575,2022-05-04,219,53,Delivered
20576,2023-07-30,17,52,Inprogress
20577,2020-05-21,566,7,Cancelled
20578,2020-06-26,431,40,Delivered
20579,2022-05-06,840,38,Delivered
20580,2022-06-04,782,45,Inprogress
20581,2023-08-23,825,43,Delivered
20582,2020-02-16,341,37,Shipped
20583,2022-12-15,218,17,Inprogress
20584,2021-07-01,454,31,Delivered
20585,2020-05-28,554,53,Delivered
20586,2020-10-27,630,46,Returned
20587,2023-08-21,721,6,Cancelled
20588,2021-04-27,583,45,Delivered
20589,2021-12-11,895,9,Delivered
20590,2020-02-07,161,18,Shipped
20591,2020-04-13,886,37,Inprogress
20592,2020-02-20,684,43,Delivered
20593,2021-04-09,892,3,Shipped
20594,2021-04-19,144,23,Shipped
20595,2021-11-27,774,40,Inprogress
20596,2023-12-15,699,13,Delivered
20597,2023-08-28,724,32,Delivered
20598,2022-08-29,559,43,Delivered
20599,2020-01-12,868,3,Delivered
20600,2023-03-25,455,8,Delivered
20601,2021-10-24,781,51,Shipped
20602,2022-04-14,818,11,Delivered
20603,2021-02-23,329,10,Inprogress
20604,2021-09-23,327,49,Cancelled
20605,2021-09-30,635,48,Delivered
20606,2021-05-14,898,21,Delivered
20607,2021-06-13,478,8,Cancelled
20608,2022-11-02,639,36,Delivered
20609,2022-04-19,454,35,Inprogress
20610,2021-06-18,519,9,Delivered
20611,2023-08-22,644,6,Delivered
20612,2021-01-17,493,28,Cancelled
20613,2020-05-29,435,48,Cancelled
20614,2021-03-19,518,14,Shipped
20615,2021-02-20,870,52,Delivered
20616,2022-12-12,325,3,Cancelled
20617,2020-12-05,345,33,Inprogress
20618,2021-11-01,662,18,Delivered
20619,2021-06-16,310,18,Shipped
20620,2020-09-20,105,9,Returned
20621,2022-10-16,695,8,Delivered
20622,2021-05-21,80,46,Delivered
20623,2020-03-19,52,19,Delivered
20624,2023-06-11,387,43,Shipped
20625,2020-01-29,829,45,Delivered
20626,2022-05-06,140,51,Cancelled
20627,2023-02-12,432,47,Cancelled
20628,2022-01-16,630,22,Inprogress
20629,2020-12-24,412,52,Delivered
20630,2022-03-24,651,4,Shipped
20631,2022-11-17,733,45,Delivered
20632,2023-10-09,247,38,Delivered
20633,2021-11-23,507,43,Shipped
20634,2021-11-19,186,4,Delivered
20635,2020-03-05,90,47,Delivered
20636,2022-12-21,100,13,Shipped
20637,2020-02-02,180,37,Inprogress
20638,2023-11-24,780,36,Inprogress
20639,2020-07-15,687,24,Delivered
20640,2023-03-06,321,50,Delivered
20641,2021-11-24,289,53,Delivered
20642,2023-12-24,127,51,Shipped
20643,2020-02-09,190,29,Shipped
20644,2022-09-27,195,41,Delivered
20645,2023-07-19,851,50,Shipped
20646,2023-05-08,654,17,Returned
20647,2021-10-22,392,13,Delivered
20648,2021-08-05,27,4,Delivered
20649,2021-11-02,329,54,Delivered
20650,2023-10-23,514,4,Inprogress
20651,2022-08-10,273,46,Shipped
20652,2022-06-20,449,33,Delivered
20653,2023-11-01,504,27,Delivered
20654,2021-11-28,481,49,Shipped
20655,2020-04-28,58,38,Cancelled
20656,2021-12-24,312,34,Delivered
20657,2022-01-08,386,30,Delivered
20658,2022-11-29,841,20,Delivered
20659,2020-01-22,168,17,Delivered
20660,2022-05-12,84,9,Returned
20661,2021-05-16,597,4,Delivered
20662,2020-05-20,554,28,Delivered
20663,2023-05-31,371,25,Delivered
20664,2021-02-08,558,11,Delivered
20665,2022-12-13,261,4,Shipped
20666,2021-03-30,746,33,Inprogress
20667,2021-06-12,456,30,Delivered
20668,2022-10-01,479,3,Delivered
20669,2021-10-01,200,11,Shipped
20670,2020-03-08,126,15,Delivered
20671,2022-05-11,551,30,Delivered
20672,2021-05-01,169,27,Cancelled
20673,2023-09-03,179,44,Delivered
20674,2023-06-25,413,22,Shipped
20675,2021-01-24,348,10,Inprogress
20676,2020-03-05,233,10,Delivered
20677,2022-03-30,283,47,Shipped
20678,2021-01-23,230,40,Delivered
20679,2020-11-17,293,4,Delivered
20680,2022-08-17,48,16,Delivered
20681,2020-09-28,393,23,Shipped
20682,2021-05-11,204,45,Delivered
20683,2022-01-29,140,11,Delivered
20684,2023-03-30,26,9,Returned
20685,2021-06-05,143,9,Delivered
20686,2022-06-02,244,29,Delivered
20687,2023-03-05,613,9,Delivered
20688,2020-11-07,142,36,Inprogress
20689,2020-10-14,134,39,Inprogress
20690,2023-04-19,436,46,Shipped
20691,2021-12-30,104,20,Delivered
20692,2023-11-30,871,45,Delivered
20693,2022-07-23,515,11,Delivered
20694,2021-03-28,59,22,Shipped
20695,2022-05-09,123,48,Inprogress
20696,2023-09-06,20,54,Delivered
20697,2023-03-21,812,54,Cancelled
20698,2020-02-14,430,20,Shipped
20699,2022-04-05,245,3,Shipped
20700,2022-08-26,266,23,Delivered
20701,2022-02-12,56,32,Shipped
20702,2023-09-01,316,51,Shipped
20703,2021-01-18,218,18,Delivered
20704,2021-06-07,499,28,Shipped
20705,2021-02-07,367,4,Delivered
20706,2023-09-30,458,20,Delivered
20707,2022-12-02,236,36,Shipped
20708,2020-03-15,66,41,Delivered
20709,2021-05-21,854,12,Inprogress
20710,2022-02-10,771,35,Delivered
20711,2022-11-04,812,48,Delivered
20712,2020-06-14,398,7,Delivered
20713,2020-11-29,209,9,Shipped
20714,2022-06-12,712,50,Inprogress
20715,2023-04-09,348,37,Shipped
20716,2021-11-16,821,34,Delivered
20717,2023-06-28,759,23,Inprogress
20718,2021-08-16,82,50,Delivered
20719,2021-05-09,213,23,Delivered
20720,2022-03-19,508,1,Delivered
20721,2023-02-18,349,10,Delivered
20722,2022-10-05,779,18,Delivered
20723,2020-03-05,238,17,Shipped
20724,2020-07-09,36,34,Inprogress
20725,2022-01-06,512,15,Shipped
20726,2023-10-14,399,13,Inprogress
20727,2022-09-23,521,14,Shipped
20728,2020-06-05,520,5,Delivered
20729,2023-11-15,417,29,Delivered
20730,2022-03-16,362,9,Delivered
20731,2022-12-28,702,29,Delivered
20732,2020-08-26,431,16,Delivered
20733,2022-07-08,190,4,Shipped
20734,2022-06-01,549,8,Shipped
20735,2022-03-14,771,16,Delivered
20736,2022-01-05,428,3,Inprogress
20737,2021-04-19,234,32,Delivered
20738,2020-05-25,840,6,Shipped
20739,2022-10-10,263,43,Inprogress
20740,2022-05-29,734,33,Delivered
20741,2020-11-14,828,4,Delivered
20742,2020-03-19,74,32,Delivered
20743,2020-06-18,105,13,Delivered
20744,2021-07-05,626,21,Delivered
20745,2021-11-19,350,8,Shipped
20746,2020-08-19,871,52,Delivered
20747,2021-02-10,534,33,Delivered
20748,2023-06-23,523,44,Delivered
20749,2022-12-31,199,31,Delivered
20750,2023-05-13,788,13,Delivered
20751,2021-05-31,460,4,Inprogress
20752,2023-01-28,543,20,Inprogress
20753,2021-06-28,399,16,Shipped
20754,2022-09-22,375,48,Inprogress
20755,2023-02-11,416,3,Delivered
20756,2022-06-23,448,46,Delivered
20757,2021-04-14,424,36,Inprogress
20758,2023-01-30,641,44,Inprogress
20759,2023-05-06,870,45,Cancelled
20760,2022-05-24,693,28,Inprogress
20761,2020-11-14,666,12,Delivered
20762,2022-05-10,351,26,Delivered
20763,2023-09-15,441,33,Delivered
20764,2023-01-09,139,47,Delivered
20765,2022-03-14,211,5,Delivered
20766,2022-08-03,747,6,Delivered
20767,2022-01-17,61,22,Delivered
20768,2021-07-05,181,31,Inprogress
20770,2022-09-10,451,23,Delivered
20771,2022-07-13,327,10,Inprogress
20772,2022-02-11,890,45,Delivered
20773,2020-11-10,683,49,Inprogress
20774,2020-08-04,341,2,Shipped
20775,2023-11-13,882,5,Delivered
20776,2023-12-30,11,37,Delivered
20777,2022-01-11,106,45,Shipped
20778,2020-03-23,497,53,Delivered
20779,2023-07-05,583,54,Delivered
20780,2022-01-17,739,23,Delivered
20781,2020-08-10,759,46,Shipped
20782,2021-11-16,516,22,Inprogress
20783,2022-08-24,450,27,Cancelled
20784,2022-04-12,14,3,Delivered
20785,2021-03-29,866,3,Inprogress
20786,2023-03-20,682,47,Delivered
20787,2020-12-19,63,29,Delivered
20788,2023-05-21,806,24,Delivered
20789,2021-12-08,419,33,Delivered
20790,2021-08-08,864,1,Delivered
20791,2021-07-13,73,37,Delivered
20792,2023-11-01,894,9,Delivered
20793,2022-11-14,672,30,Delivered
20794,2020-06-16,245,31,Inprogress
20795,2021-07-02,704,15,Inprogress
20796,2022-07-04,846,7,Delivered
20797,2020-11-16,878,36,Delivered
20798,2021-05-27,388,38,Shipped
20799,2022-12-09,356,35,Inprogress
20800,2020-12-23,231,27,Shipped
20801,2020-06-15,650,3,Delivered
20802,2023-06-22,623,33,Delivered
20803,2022-12-13,324,30,Delivered
20804,2021-06-15,545,6,Inprogress
20805,2021-09-28,738,40,Delivered
20806,2022-05-15,117,53,Inprogress
20807,2022-02-16,369,39,Delivered
20808,2023-05-04,841,6,Inprogress
20809,2022-08-11,71,29,Inprogress
20810,2022-04-23,389,44,Inprogress
20811,2023-08-26,597,41,Cancelled
20812,2021-03-29,694,45,Shipped
20813,2020-03-15,279,4,Delivered
20814,2021-08-31,156,13,Shipped
20815,2020-08-13,794,52,Shipped
20816,2022-02-04,360,27,Delivered
20817,2021-10-26,60,13,Shipped
20818,2022-03-18,628,11,Inprogress
20819,2020-07-26,647,43,Returned
20820,2023-09-13,70,43,Delivered
20821,2022-06-13,70,28,Delivered
20822,2022-09-05,89,20,Delivered
20823,2022-10-23,188,34,Shipped
20824,2023-02-18,277,34,Inprogress
20825,2021-03-14,130,11,Delivered
20826,2020-12-09,412,21,Shipped
20827,2022-10-06,212,16,Inprogress
20828,2020-03-20,290,22,Delivered
20829,2023-12-31,565,41,Delivered
20830,2020-03-17,544,54,Delivered
20831,2021-04-16,536,48,Delivered
20832,2020-02-18,391,3,Delivered
20833,2022-07-21,849,16,Delivered
20834,2022-06-16,144,4,Delivered
20835,2022-06-05,501,20,Inprogress
20836,2020-01-20,633,48,Cancelled
20837,2020-11-24,496,41,Inprogress
20838,2021-06-08,684,8,Delivered
20839,2023-09-19,695,14,Inprogress
20840,2021-12-21,326,29,Shipped
20841,2023-12-04,502,31,Shipped
20842,2023-08-02,179,37,Delivered
20843,2023-09-04,800,9,Delivered
20844,2022-12-28,30,42,Delivered
20845,2023-12-26,542,40,Delivered
20846,2020-12-01,210,44,Shipped
20847,2023-09-19,548,49,Shipped
20848,2021-10-30,160,24,Shipped
20849,2020-01-23,18,46,Delivered
20850,2021-10-17,164,33,Delivered
20851,2020-04-09,582,23,Delivered
20852,2020-11-16,615,7,Delivered
20853,2021-10-28,601,50,Delivered
20854,2021-12-30,47,28,Delivered
20855,2022-01-29,788,54,Delivered
20856,2022-07-06,289,53,Delivered
20857,2022-06-17,68,50,Shipped
20858,2023-08-03,243,45,Delivered
20859,2020-04-08,196,33,Shipped
20860,2022-04-24,553,1,Delivered
20861,2023-08-16,210,40,Inprogress
20862,2020-06-17,825,23,Delivered
20863,2021-12-31,423,3,Delivered
20864,2020-06-01,310,2,Delivered
20865,2022-12-10,299,22,Delivered
20866,2020-03-27,177,31,Inprogress
20867,2021-06-05,699,35,Delivered
20868,2020-04-22,18,2,Shipped
20869,2021-11-22,779,15,Delivered
20870,2022-07-14,432,16,Returned
20871,2021-10-16,369,33,Delivered
20872,2020-01-09,474,12,Delivered
20873,2020-08-15,419,44,Delivered
20874,2022-01-30,84,7,Delivered
20875,2023-11-20,72,48,Shipped
20876,2022-03-08,593,52,Delivered
20877,2022-10-01,546,32,Delivered
20878,2020-05-06,762,45,Delivered
20879,2021-11-16,231,47,Inprogress
20880,2022-05-13,29,19,Shipped
20881,2022-02-27,661,20,Delivered
20882,2022-03-07,88,10,Delivered
20883,2023-10-02,532,4,Delivered
20884,2023-01-25,226,39,Returned
20885,2023-01-22,742,14,Delivered
20886,2021-08-09,620,52,Delivered
20887,2023-11-17,85,50,Delivered
20888,2023-09-20,199,32,Delivered
20889,2022-12-11,865,11,Inprogress
20890,2020-06-17,841,42,Delivered
20891,2021-08-28,406,43,Shipped
20892,2023-05-28,156,15,Cancelled
20893,2023-11-22,769,31,Inprogress
20894,2021-08-18,497,20,Shipped
20895,2022-11-19,280,3,Inprogress
20896,2021-11-16,352,45,Shipped
20897,2023-08-22,282,44,Delivered
20898,2021-06-01,104,10,Delivered
20899,2022-02-13,688,37,Delivered
20900,2020-04-20,14,27,Cancelled
20901,2021-02-25,55,49,Shipped
20902,2020-12-24,862,38,Inprogress
20903,2021-08-09,408,16,Shipped
20904,2020-07-08,483,35,Delivered
20905,2020-01-18,46,38,Shipped
20906,2023-01-21,250,16,Inprogress
20907,2020-01-13,432,31,Inprogress
20908,2023-10-05,437,33,Inprogress
20909,2021-03-27,739,32,Shipped
20910,2023-12-17,878,1,Shipped
20911,2023-12-10,214,36,Delivered
20912,2021-02-23,872,40,Inprogress
20913,2021-02-06,750,23,Shipped
20914,2023-07-26,440,44,Returned
20915,2022-10-10,747,24,Delivered
20916,2021-06-16,879,5,Inprogress
20917,2021-10-07,303,13,Delivered
20918,2022-11-04,277,21,Delivered
20919,2023-10-01,382,23,Delivered
20920,2022-06-08,439,22,Inprogress
20921,2023-10-02,96,16,Delivered
20922,2020-12-02,142,12,Delivered
20923,2022-01-18,201,51,Delivered
20924,2022-02-21,715,1,Delivered
20925,2023-10-11,152,17,Inprogress
20926,2020-08-11,518,29,Shipped
20927,2021-02-14,819,54,Shipped
20928,2020-10-25,48,21,Shipped
20929,2023-03-20,603,25,Delivered
20930,2020-03-06,50,7,Cancelled
20931,2020-11-09,112,24,Delivered
20932,2021-06-07,731,15,Shipped
20933,2020-03-29,722,39,Delivered
20934,2021-11-30,750,42,Delivered
20935,2020-06-15,889,47,Delivered
20936,2023-06-09,832,43,Delivered
20937,2021-10-26,801,46,Shipped
20938,2022-08-04,418,13,Inprogress
20939,2023-11-15,877,11,Delivered
20940,2022-02-03,53,26,Delivered
20941,2023-05-12,576,25,Shipped
20942,2020-01-20,302,33,Cancelled
20943,2023-08-20,228,2,Delivered
20944,2021-08-25,601,7,Delivered
20945,2020-12-21,558,34,Delivered
20946,2021-12-19,425,54,Cancelled
20947,2022-10-30,57,45,Shipped
20948,2022-07-25,252,18,Delivered
20949,2020-11-23,507,30,Delivered
20950,2020-12-07,322,11,Delivered
20951,2020-06-21,235,14,Shipped
20952,2022-10-18,91,22,Delivered
20953,2023-03-03,818,16,Shipped
20954,2021-02-21,246,38,Delivered
20955,2022-05-01,377,28,Delivered
20956,2023-04-24,366,8,Delivered
20957,2022-08-10,376,41,Delivered
20958,2022-10-22,900,33,Delivered
20959,2023-09-11,157,6,Delivered
20960,2020-01-19,717,19,Shipped
20961,2023-03-03,215,46,Shipped
20962,2022-02-11,451,26,Delivered
20963,2021-01-12,890,6,Delivered
20964,2022-11-15,238,54,Cancelled
20965,2022-12-06,879,50,Shipped
20966,2022-05-13,811,42,Shipped
20967,2023-04-08,142,25,Shipped
20968,2023-09-30,424,19,Delivered
20969,2023-02-21,784,41,Shipped
20970,2021-08-16,848,33,Delivered
20971,2022-09-18,143,24,Inprogress
20972,2021-02-06,538,38,Delivered
20973,2021-03-14,515,14,Shipped
20974,2020-11-21,422,40,Shipped
20975,2023-02-20,485,22,Delivered
20976,2023-11-28,627,25,Inprogress
20977,2021-01-27,177,24,Inprogress
20978,2020-06-26,295,36,Delivered
20979,2022-07-29,383,51,Inprogress
20980,2021-04-12,71,3,Shipped
20981,2023-02-09,537,31,Delivered
20982,2021-07-15,699,30,Delivered
20983,2023-04-12,484,5,Returned
20984,2021-12-10,760,27,Delivered
20985,2020-07-16,374,51,Shipped
20986,2020-10-26,644,45,Shipped
20987,2022-04-27,99,15,Delivered
20988,2023-10-27,116,26,Shipped
20989,2020-06-14,306,11,Shipped
20990,2022-07-11,644,2,Shipped
20991,2023-09-23,265,10,Delivered
20992,2022-05-22,16,2,Delivered
20993,2022-01-20,80,6,Delivered
20994,2020-06-29,127,24,Delivered
20995,2022-10-14,581,25,Shipped
20996,2020-03-31,617,53,Shipped
20997,2023-03-26,889,22,Cancelled
20998,2023-10-31,177,21,Delivered
20999,2022-02-02,64,14,Delivered
21000,2020-06-29,700,46,Delivered
21001,2023-09-15,693,17,Delivered
21002,2022-06-16,329,43,Inprogress
21003,2021-08-27,665,34,Inprogress
21004,2020-08-21,370,15,Delivered
21005,2020-10-02,59,1,Inprogress
21006,2023-10-24,793,13,Delivered
21007,2023-02-16,760,12,Inprogress
21008,2022-05-25,69,37,Delivered
21009,2022-10-06,190,2,Delivered
21010,2023-01-31,871,52,Delivered
21011,2022-03-08,215,24,Delivered
21012,2023-12-06,71,29,Delivered
21013,2020-12-09,552,3,Inprogress
21014,2022-01-10,403,52,Cancelled
21015,2021-06-24,750,5,Delivered
21016,2021-08-23,663,28,Delivered
21017,2020-11-30,152,30,Delivered
21018,2023-02-11,176,11,Delivered
21019,2022-12-01,420,24,Inprogress
21020,2021-04-10,210,51,Returned
21021,2022-01-25,629,3,Delivered
21022,2020-04-07,63,21,Shipped
21023,2021-02-07,366,27,Shipped
21024,2020-07-25,131,21,Shipped
21025,2022-08-31,290,36,Delivered
21026,2022-10-19,274,17,Delivered
21027,2023-03-07,671,26,Cancelled
21028,2020-08-03,646,17,Delivered
21029,2021-02-18,299,45,Delivered
21030,2022-02-03,131,5,Inprogress
21031,2020-12-31,337,3,Inprogress
21032,2021-11-19,19,16,Delivered
21033,2021-08-05,232,20,Cancelled
21034,2023-07-14,634,31,Shipped
21035,2023-08-17,682,17,Delivered
21036,2021-12-26,776,6,Delivered
21037,2020-06-02,234,6,Delivered
21038,2020-06-18,620,14,Delivered
21039,2021-10-02,246,6,Shipped
21040,2023-10-16,274,14,Inprogress
21041,2022-07-13,422,39,Shipped
21042,2023-06-04,96,5,Cancelled
21043,2023-11-28,617,35,Inprogress
21044,2020-05-22,222,9,Inprogress
21045,2020-01-09,589,13,Delivered
21046,2023-06-23,367,52,Delivered
21047,2020-04-19,239,11,Inprogress
21048,2023-08-23,737,50,Delivered
21049,2023-03-02,309,20,Cancelled
21050,2020-11-08,86,34,Delivered
21051,2022-04-18,895,2,Delivered
21052,2023-07-14,163,28,Delivered
21053,2023-04-09,275,8,Delivered
21054,2020-03-30,421,30,Shipped
21055,2021-01-11,113,51,Inprogress
21056,2022-05-01,830,23,Delivered
21057,2022-11-09,515,37,Shipped
21058,2020-04-18,115,9,Cancelled
21059,2022-07-20,416,1,Shipped
21060,2021-10-13,471,5,Delivered
21061,2023-01-06,358,50,Delivered
21062,2022-05-17,883,50,Delivered
21063,2021-11-14,41,31,Delivered
21064,2023-07-24,25,29,Delivered
21065,2022-06-09,578,3,Delivered
21066,2021-04-13,518,8,Delivered
21067,2023-11-14,689,45,Cancelled
21068,2023-07-12,141,14,Delivered
21069,2023-03-08,678,30,Delivered
21070,2022-06-11,723,17,Delivered
21071,2022-06-02,492,43,Inprogress
21072,2023-03-28,665,47,Delivered
21073,2021-11-22,135,9,Delivered
21074,2020-04-07,858,21,Delivered
21075,2021-05-16,5,11,Delivered
21076,2021-02-12,482,34,Inprogress
21077,2021-06-29,727,21,Shipped
21078,2020-09-30,8,16,Shipped
21079,2021-11-10,42,17,Inprogress
21080,2022-01-31,483,4,Inprogress
21081,2023-11-20,647,3,Delivered
21082,2021-05-02,165,27,Inprogress
21083,2023-03-07,18,54,Delivered
21084,2021-11-22,814,46,Inprogress
21085,2022-05-01,669,45,Inprogress
21086,2023-12-06,793,51,Delivered
21087,2021-06-21,533,39,Delivered
21088,2022-07-31,251,1,Delivered
21089,2020-01-14,47,37,Delivered
21090,2023-12-30,443,48,Delivered
21091,2020-01-07,78,33,Cancelled
21092,2021-08-06,255,15,Delivered
21093,2021-12-02,181,15,Cancelled
21094,2020-04-21,599,27,Delivered
21095,2023-12-20,403,37,Cancelled
21096,2023-11-06,84,46,Shipped
21097,2021-12-21,264,13,Inprogress
21098,2022-05-21,809,42,Shipped
21099,2021-09-05,896,47,Delivered
21100,2023-08-20,24,26,Cancelled
21101,2022-12-22,438,11,Delivered
21102,2023-12-15,498,47,Cancelled
21103,2020-07-21,605,33,Shipped
21104,2020-10-20,394,35,Inprogress
21105,2023-09-29,860,10,Cancelled
21106,2020-06-19,772,4,Shipped
21107,2022-03-31,44,49,Inprogress
21108,2023-01-19,11,15,Delivered
21109,2020-08-21,732,21,Cancelled
21110,2021-03-06,728,44,Inprogress
21111,2022-03-16,618,19,Cancelled
21112,2022-09-19,863,1,Delivered
21113,2023-06-21,124,54,Inprogress
21114,2020-03-30,301,26,Delivered
21115,2023-03-17,634,30,Shipped
21116,2023-12-29,305,29,Delivered
21117,2020-11-27,271,26,Inprogress
21118,2023-12-26,598,34,Cancelled
21119,2022-06-03,130,4,Delivered
21120,2021-05-13,808,35,Delivered
21121,2020-05-09,788,19,Shipped
21122,2022-01-08,395,53,Shipped
21123,2023-09-04,800,52,Returned
21124,2021-04-13,160,43,Cancelled
21125,2022-05-24,787,10,Delivered
21126,2020-05-31,243,3,Inprogress
21127,2020-06-30,659,11,Delivered
21128,2020-11-10,592,22,Cancelled
21129,2023-06-23,362,41,Delivered
21130,2023-10-14,643,27,Delivered
21131,2022-10-07,411,10,Delivered
21132,2021-05-22,611,42,Delivered
21133,2022-03-16,561,18,Delivered
21134,2020-05-29,314,20,Delivered
21135,2022-01-17,13,43,Inprogress
21136,2022-12-27,298,49,Cancelled
21137,2023-06-30,377,17,Delivered
21138,2022-12-01,669,51,Delivered
21139,2020-07-26,160,39,Inprogress
21140,2021-07-25,301,40,Delivered
21141,2021-02-13,233,46,Inprogress
21142,2020-11-24,387,41,Delivered
21143,2023-03-13,89,23,Delivered
21144,2022-03-08,539,15,Inprogress
21145,2022-01-13,470,23,Inprogress
21146,2023-12-06,75,40,Delivered
21147,2021-01-18,364,37,Delivered
21148,2023-03-01,878,31,Delivered
21149,2020-11-14,177,47,Delivered
21150,2021-08-29,138,35,Delivered
21151,2023-10-09,777,7,Delivered
21152,2023-06-08,278,52,Delivered
21153,2022-08-20,321,17,Shipped
21154,2023-10-01,694,41,Cancelled
21155,2023-12-21,519,39,Inprogress
21156,2020-02-23,23,50,Delivered
21157,2023-11-30,129,37,Shipped
21158,2021-04-06,653,50,Delivered
21159,2022-03-25,435,11,Shipped
21160,2020-07-23,109,53,Inprogress
21161,2023-10-10,381,5,Delivered
21162,2020-03-03,681,28,Delivered
21163,2023-12-15,684,22,Delivered
21164,2023-09-17,434,49,Shipped
21165,2020-12-27,712,18,Shipped
21166,2020-11-27,834,8,Delivered
21167,2023-07-04,101,54,Delivered
21168,2023-08-12,146,40,Delivered
21169,2023-05-02,59,11,Inprogress
21170,2022-04-26,206,21,Cancelled
21171,2022-07-18,504,52,Delivered
21172,2021-05-13,77,27,Delivered
21173,2022-01-03,263,47,Shipped
21174,2020-01-23,721,5,Delivered
21175,2020-01-25,230,50,Delivered
21176,2023-05-29,144,1,Shipped
21177,2021-11-24,170,52,Delivered
21178,2020-12-05,777,35,Shipped
21179,2023-02-03,877,52,Delivered
21180,2023-10-18,787,46,Delivered
21181,2023-03-25,747,8,Delivered
21182,2020-08-28,18,4,Delivered
21183,2022-01-04,547,27,Shipped
21184,2022-08-05,218,30,Shipped
21185,2021-12-20,601,11,Inprogress
21186,2020-07-22,204,43,Delivered
21187,2020-04-18,12,30,Delivered
21188,2023-07-24,365,20,Delivered
21189,2021-09-17,557,23,Delivered
21190,2022-08-16,225,43,Delivered
21191,2022-08-30,565,29,Delivered
21193,2022-10-15,361,20,Shipped
21194,2023-06-02,59,27,Delivered
21195,2022-05-02,56,49,Inprogress
21196,2021-08-15,43,16,Delivered
21197,2021-07-10,370,40,Inprogress
21198,2021-12-23,702,28,Cancelled
21199,2022-01-19,171,4,Delivered
21200,2023-02-19,446,26,Delivered
21201,2020-03-26,21,20,Delivered
21202,2020-12-12,568,5,Inprogress
21203,2023-04-03,91,12,Delivered
21204,2021-11-18,761,1,Shipped
21205,2021-09-06,17,15,Shipped
21206,2023-11-16,704,10,Delivered
21207,2021-10-19,831,34,Returned
21208,2022-10-31,667,46,Delivered
21209,2022-06-12,508,14,Shipped
21210,2020-04-20,800,46,Delivered
21211,2022-09-16,287,41,Inprogress
21212,2022-12-12,761,25,Delivered
21213,2023-08-31,18,45,Delivered
21214,2022-11-20,201,32,Delivered
21215,2022-04-08,730,19,Shipped
21216,2022-12-20,158,30,Shipped
21217,2022-06-14,173,15,Inprogress
21218,2022-08-19,848,46,Inprogress
21219,2021-12-18,647,44,Delivered
21220,2022-01-25,485,20,Delivered
21221,2022-01-11,280,17,Cancelled
21222,2021-12-10,370,37,Shipped
21223,2023-11-24,436,54,Delivered
21224,2020-02-27,156,51,Inprogress
21225,2021-01-12,434,40,Shipped
21226,2020-07-02,659,12,Delivered
21227,2021-04-02,202,17,Shipped
21228,2020-01-19,482,47,Shipped
21229,2020-07-15,178,54,Shipped
21230,2023-03-27,442,42,Delivered
21231,2022-09-02,358,49,Delivered
21232,2022-12-11,882,51,Delivered
21233,2022-07-02,128,17,Cancelled
21234,2023-12-16,461,24,Delivered
21235,2021-08-16,806,28,Delivered
21236,2020-12-14,236,37,Cancelled
21237,2022-03-04,493,36,Inprogress
21238,2021-05-21,57,3,Shipped
21239,2021-09-30,16,26,Delivered
21240,2020-07-26,831,43,Delivered
21241,2020-08-23,210,6,Shipped
21242,2022-02-05,183,17,Delivered
21243,2023-01-12,765,2,Delivered
21244,2023-03-15,207,44,Delivered
21245,2022-04-19,529,5,Delivered
21246,2022-02-26,596,42,Delivered
21247,2020-08-11,560,42,Delivered
21248,2021-08-12,581,15,Shipped
21249,2021-11-18,217,40,Delivered
21250,2021-08-04,451,28,Delivered
21251,2022-06-14,134,1,Inprogress
21252,2023-02-07,703,26,Delivered
21253,2021-01-21,607,21,Delivered
21254,2023-06-05,803,20,Inprogress
21255,2021-11-11,797,12,Delivered
21256,2021-07-23,768,50,Shipped
21257,2021-06-03,41,7,Delivered
21258,2022-08-21,761,5,Delivered
21259,2021-02-07,341,10,Inprogress
21260,2020-01-03,502,3,Shipped
21261,2021-10-13,784,52,Shipped
21262,2023-08-14,697,8,Cancelled
21263,2023-05-11,226,6,Shipped
21264,2023-08-24,477,35,Cancelled
21265,2021-11-06,790,39,Shipped
21266,2020-03-16,450,32,Returned
21267,2021-11-29,365,20,Inprogress
21268,2022-12-30,229,16,Delivered
21269,2023-01-29,723,1,Delivered
21270,2020-10-31,101,6,Delivered
21271,2023-12-26,561,49,Delivered
21272,2021-02-20,456,4,Cancelled
21273,2020-01-05,594,35,Delivered
21274,2023-03-03,568,3,Cancelled
21275,2022-01-13,27,1,Inprogress
21276,2021-04-11,224,17,Delivered
21277,2021-03-23,306,47,Delivered
21278,2020-06-08,371,14,Delivered
21279,2021-06-11,891,6,Inprogress
21280,2021-06-17,687,37,Shipped
21281,2023-07-11,667,48,Inprogress
21282,2022-08-11,232,37,Delivered
21283,2023-03-06,440,9,Shipped
21284,2021-09-11,759,15,Cancelled
21285,2021-10-11,84,40,Inprogress
21286,2021-10-09,616,3,Delivered
21287,2023-10-15,410,12,Cancelled
21288,2023-01-28,124,15,Inprogress
21289,2021-08-31,293,13,Delivered
21290,2023-11-25,475,4,Delivered
21291,2020-05-20,692,36,Delivered
21292,2022-12-06,717,32,Shipped
21293,2021-11-09,737,18,Delivered
21294,2023-07-20,865,1,Delivered
21295,2022-09-21,90,18,Delivered
21296,2021-06-14,517,2,Inprogress
21297,2022-11-16,58,51,Inprogress
21298,2020-09-20,746,18,Shipped
21299,2021-06-05,35,40,Shipped
21300,2021-01-12,93,49,Delivered
21301,2023-04-28,613,2,Shipped
21302,2023-10-23,456,24,Inprogress
21303,2020-05-19,709,31,Shipped
21304,2020-12-25,699,44,Delivered
21305,2022-11-17,375,47,Delivered
21306,2023-12-06,2,50,Returned
21307,2022-02-06,156,31,Delivered
21308,2020-12-13,738,54,Inprogress
21309,2020-08-13,113,53,Delivered
21310,2023-03-18,785,37,Delivered
21311,2022-09-15,273,22,Delivered
21312,2023-06-05,289,36,Delivered
21313,2020-10-22,830,4,Returned
21314,2022-05-14,360,1,Inprogress
21315,2023-05-01,499,44,Inprogress
21316,2020-05-20,164,52,Inprogress
21317,2023-06-10,26,25,Inprogress
21318,2020-11-05,505,44,Cancelled
21319,2023-08-06,264,31,Cancelled
21320,2021-01-29,623,10,Delivered
21321,2023-09-04,750,34,Delivered
21322,2022-01-10,143,29,Shipped
21323,2021-06-11,425,48,Delivered
21324,2023-09-24,133,42,Delivered
21325,2022-09-07,254,54,Delivered
21326,2023-07-28,586,48,Shipped
21327,2023-05-03,677,46,Shipped
21328,2022-08-14,469,18,Delivered
21329,2022-03-06,249,1,Delivered
21330,2021-06-22,28,27,Cancelled
21331,2021-06-04,766,36,Delivered
21332,2022-07-04,545,4,Delivered
21333,2022-12-08,782,51,Delivered
21334,2022-01-18,284,18,Returned
21335,2022-03-22,507,12,Delivered
21336,2021-03-03,205,24,Delivered
21337,2023-12-10,700,34,Delivered
21338,2022-08-17,665,5,Shipped
21339,2020-06-30,419,19,Delivered
21340,2023-04-28,131,48,Shipped
21341,2020-02-17,16,7,Shipped
21342,2021-05-12,338,52,Delivered
21343,2021-04-13,8,3,Shipped
21344,2023-09-30,589,19,Delivered
21345,2023-11-12,457,25,Shipped
21346,2023-03-03,3,22,Delivered
21347,2021-12-07,234,32,Delivered
21348,2022-11-30,687,30,Inprogress
21349,2020-04-19,202,45,Delivered
21350,2022-05-27,180,25,Shipped
21351,2023-10-15,33,23,Shipped
21352,2023-08-16,311,38,Shipped
21353,2022-04-27,881,40,Delivered
21354,2020-07-26,673,47,Shipped
21355,2021-02-27,880,27,Delivered
21356,2020-05-26,482,35,Delivered
21357,2022-08-21,110,35,Delivered
21358,2021-06-03,793,2,Delivered
21359,2022-06-23,353,31,Delivered
21360,2020-10-03,388,1,Shipped
21361,2021-07-18,460,5,Delivered
21362,2020-07-02,407,9,Delivered
21363,2023-08-07,884,13,Shipped
21364,2023-12-23,587,24,Delivered
21365,2023-07-13,763,36,Shipped
21366,2022-06-25,822,39,Delivered
21367,2023-03-17,120,11,Shipped
21368,2021-12-24,270,19,Shipped
21369,2022-11-28,171,11,Shipped
21370,2023-06-06,498,25,Delivered
21371,2021-11-02,449,20,Delivered
21372,2020-01-21,851,54,Shipped
21373,2023-08-19,56,36,Delivered
21374,2020-05-13,277,43,Cancelled
21375,2020-03-15,327,46,Delivered
21376,2021-12-18,317,1,Delivered
21377,2023-02-21,236,46,Shipped
21378,2023-03-20,600,43,Delivered
21379,2022-05-11,596,42,Returned
21380,2022-11-28,520,53,Shipped
21381,2022-04-11,414,20,Shipped
21382,2020-07-05,501,48,Inprogress
21383,2022-06-27,283,48,Delivered
21384,2020-06-28,806,44,Delivered
21385,2021-12-14,366,32,Delivered
21386,2021-01-08,714,15,Delivered
21387,2023-03-08,42,29,Delivered
21388,2023-12-22,598,4,Delivered
21389,2023-05-16,701,34,Delivered
21390,2020-12-14,117,34,Inprogress
21391,2023-02-17,666,47,Shipped
21392,2022-06-15,453,39,Cancelled
21393,2023-12-04,467,6,Delivered
21394,2022-01-06,72,54,Inprogress
21395,2021-03-26,291,25,Cancelled
21396,2020-10-18,278,38,Inprogress
21397,2020-10-01,783,22,Delivered
21398,2020-04-07,468,17,Delivered
21399,2020-09-24,884,41,Shipped
21400,2021-04-25,350,38,Delivered
21401,2023-07-04,470,4,Delivered
21402,2022-08-24,319,44,Delivered
21403,2022-07-21,145,47,Shipped
21404,2021-04-20,339,23,Inprogress
21405,2023-12-11,515,47,Inprogress
21406,2023-12-06,545,4,Shipped
21407,2022-06-02,164,2,Delivered
21408,2022-04-18,620,21,Delivered
21409,2022-08-22,305,2,Cancelled
21410,2022-04-29,257,34,Delivered
21411,2020-06-14,493,27,Cancelled
21412,2021-06-06,172,37,Delivered
21413,2020-10-13,703,19,Cancelled
21414,2023-08-07,555,42,Shipped
21415,2022-06-03,699,8,Delivered
21416,2020-01-22,797,12,Inprogress
21417,2020-04-21,662,20,Shipped
21418,2021-10-03,900,21,Inprogress
21419,2023-11-08,685,27,Delivered
21420,2020-09-11,747,23,Inprogress
21421,2021-07-03,274,12,Delivered
21422,2023-07-20,249,15,Delivered
21423,2020-05-21,24,38,Delivered
21424,2021-03-25,71,40,Shipped
21425,2022-09-29,733,51,Delivered
21426,2020-06-02,407,44,Delivered
21427,2023-03-28,743,31,Delivered
21428,2021-07-11,365,53,Shipped
21429,2022-11-27,515,38,Returned
21430,2021-05-07,771,40,Delivered
21431,2021-06-06,618,45,Inprogress
21432,2023-05-29,481,19,Delivered
21433,2023-07-08,811,39,Inprogress
21434,2023-07-23,522,54,Delivered
21435,2022-04-02,563,27,Inprogress
21436,2021-10-11,428,8,Cancelled
21437,2021-05-27,330,16,Delivered
21438,2020-01-24,306,46,Delivered
21439,2023-06-25,866,19,Shipped
21440,2020-05-11,436,20,Cancelled
21441,2020-08-03,107,34,Returned
21442,2020-02-10,660,30,Delivered
21443,2020-04-30,220,10,Delivered
21444,2021-12-05,479,34,Inprogress
21445,2023-12-11,155,41,Delivered
21446,2022-01-15,491,54,Inprogress
21447,2022-11-21,889,24,Shipped
21448,2021-12-06,260,32,Shipped
21449,2021-01-22,102,36,Delivered
21450,2020-03-05,201,10,Shipped
21451,2020-09-01,133,46,Cancelled
21452,2021-06-19,551,5,Inprogress
21453,2022-02-11,242,5,Delivered
21454,2021-07-05,77,27,Inprogress
21455,2021-05-31,408,45,Delivered
21456,2021-08-02,392,29,Delivered
21457,2022-09-01,355,51,Delivered
21458,2023-05-08,833,21,Cancelled
21459,2021-09-22,440,10,Delivered
21460,2020-02-21,208,43,Shipped
21461,2022-04-11,798,16,Delivered
21462,2023-01-25,582,9,Delivered
21463,2022-09-13,826,15,Shipped
21464,2020-07-26,446,54,Delivered
21465,2023-10-15,656,30,Shipped
21466,2020-11-23,13,29,Returned
21467,2020-03-20,375,8,Delivered
21468,2022-01-11,191,24,Shipped
21469,2020-04-01,817,33,Delivered
21470,2021-03-20,8,8,Returned
21471,2023-07-04,289,41,Delivered
21472,2022-11-12,657,42,Cancelled
21473,2023-08-25,189,23,Delivered
21474,2022-04-08,735,43,Delivered
21475,2021-10-10,20,32,Delivered
21476,2023-02-02,265,5,Delivered
21477,2021-01-18,355,47,Delivered
21478,2021-10-19,352,5,Inprogress
21479,2022-01-10,210,52,Inprogress
21480,2022-03-26,505,50,Inprogress
21481,2022-06-09,484,42,Shipped
21482,2022-03-02,501,54,Shipped
21483,2023-12-31,12,44,Delivered
21484,2023-06-15,338,48,Shipped
21485,2022-12-13,381,6,Shipped
21486,2023-07-02,5,29,Shipped
21487,2023-01-11,496,45,Delivered
21488,2020-03-14,157,23,Shipped
21489,2023-06-30,185,28,Returned
21490,2021-08-14,135,14,Shipped
21491,2021-08-03,650,21,Cancelled
21492,2022-08-24,807,16,Delivered
21493,2023-04-13,305,42,Inprogress
21494,2021-06-19,753,15,Delivered
21495,2023-09-17,7,24,Inprogress
21496,2022-09-18,390,8,Inprogress
21497,2020-09-28,568,46,Inprogress
21498,2022-07-11,347,34,Delivered
21499,2022-02-18,569,11,Shipped
21500,2020-10-24,127,23,Delivered
21501,2022-12-02,494,50,Shipped
21502,2021-01-26,50,4,Shipped
21503,2022-01-04,330,1,Delivered
21504,2022-08-06,501,53,Shipped
21505,2023-05-14,296,43,Shipped
21506,2023-02-04,565,18,Shipped
21507,2021-12-30,875,46,Shipped
21508,2023-05-05,839,47,Delivered
21509,2023-12-28,154,2,Inprogress
21510,2023-11-12,707,37,Cancelled
21511,2023-04-19,53,42,Shipped
21512,2021-11-23,544,49,Shipped
21513,2020-10-07,573,7,Delivered
21514,2020-11-03,719,49,Delivered
21515,2023-05-27,40,46,Delivered
21516,2021-10-06,7,45,Inprogress
21517,2023-09-20,411,22,Delivered
21518,2020-08-27,100,48,Delivered
21519,2023-11-01,722,22,Inprogress
21520,2020-03-03,457,37,Shipped
21521,2023-06-21,839,34,Delivered
21522,2023-12-10,22,28,Shipped
21523,2023-08-22,449,3,Cancelled
21524,2020-06-11,756,35,Cancelled
21525,2022-10-23,472,19,Shipped
21526,2023-07-05,477,47,Shipped
21527,2021-11-03,567,53,Shipped
21528,2021-04-02,867,29,Inprogress
21529,2023-10-11,25,48,Delivered
21530,2023-08-30,483,32,Shipped
21531,2021-06-20,859,9,Returned
21532,2023-03-14,568,16,Delivered
21533,2022-02-15,278,26,Delivered
21534,2021-05-28,543,47,Delivered
21535,2021-08-07,78,40,Shipped
21536,2020-08-28,110,13,Delivered
21537,2021-06-08,359,44,Delivered
21538,2022-02-24,707,22,Shipped
21539,2022-11-04,702,1,Delivered
21540,2023-02-07,420,42,Shipped
21541,2023-08-08,602,53,Delivered
21542,2022-06-17,179,14,Delivered
21543,2022-11-01,860,26,Delivered
21544,2021-10-04,531,37,Delivered
21545,2021-09-05,845,30,Delivered
21546,2020-08-27,218,10,Shipped
21547,2020-11-15,431,9,Shipped
21548,2021-09-17,455,1,Delivered
21549,2021-12-31,297,11,Cancelled
21550,2021-03-05,121,3,Returned
21551,2021-03-14,204,27,Shipped
21552,2022-12-19,209,5,Inprogress
21553,2021-01-11,85,36,Shipped
21554,2021-12-26,815,44,Shipped
21555,2020-01-30,704,23,Delivered
21556,2023-07-02,618,30,Shipped
21557,2020-04-08,305,33,Shipped
21558,2020-12-07,381,24,Delivered
21559,2022-06-24,615,43,Inprogress
21560,2020-05-12,196,10,Delivered
21561,2020-08-02,290,13,Returned
21562,2020-03-06,47,48,Delivered
21563,2021-07-04,471,50,Delivered
21564,2021-10-20,67,30,Delivered
21565,2022-04-13,787,40,Delivered
21566,2020-04-20,842,14,Returned
21567,2022-04-12,620,35,Delivered
21568,2021-08-24,463,21,Delivered
21569,2023-04-13,841,11,Delivered
21570,2023-04-23,388,20,Delivered
21571,2022-08-08,694,48,Returned
21572,2021-08-04,732,21,Inprogress
21573,2022-07-24,746,51,Cancelled
21574,2021-12-21,697,26,Delivered
21575,2023-05-10,761,35,Delivered
21576,2023-04-17,520,15,Shipped
21577,2020-01-15,835,21,Delivered
21578,2020-04-28,15,49,Inprogress
21579,2021-10-15,199,9,Delivered
21580,2021-03-19,681,48,Delivered
21581,2023-03-23,34,46,Cancelled
21582,2021-12-15,371,23,Shipped
21583,2020-10-20,510,34,Inprogress
21584,2020-02-12,79,1,Shipped
21585,2021-12-18,299,11,Cancelled
21586,2022-05-15,33,25,Delivered
21587,2020-12-30,171,33,Inprogress
21588,2022-12-15,644,50,Inprogress
21589,2022-05-15,354,10,Delivered
21590,2023-02-26,358,42,Delivered
21591,2021-09-15,361,13,Delivered
21592,2020-04-11,14,22,Shipped
21593,2020-01-09,527,52,Delivered
21594,2022-05-25,888,8,Delivered
21595,2023-07-08,490,37,Delivered
21596,2022-09-17,46,48,Delivered
21597,2022-03-21,216,52,Inprogress
21598,2023-04-05,366,45,Delivered
21599,2023-09-30,382,44,Inprogress
21600,2020-06-21,387,3,Delivered
21601,2021-11-10,369,50,Delivered
21602,2021-03-16,770,39,Shipped
21603,2021-03-02,105,25,Delivered
21604,2023-11-25,636,19,Delivered
21605,2023-08-13,799,21,Inprogress
21606,2023-04-05,417,19,Delivered
21607,2022-10-24,610,28,Delivered
21608,2020-04-06,761,6,Inprogress
21609,2022-03-19,105,22,Shipped
21610,2021-06-16,279,20,Shipped
21611,2021-11-30,744,5,Inprogress
21612,2022-02-08,525,45,Cancelled
21613,2023-09-11,814,18,Shipped
21614,2021-04-19,26,13,Cancelled
21615,2023-09-24,354,16,Delivered
21616,2021-08-19,709,17,Delivered
21617,2022-08-02,130,6,Shipped
21618,2023-06-06,352,10,Delivered
21619,2023-08-13,547,21,Cancelled
21620,2020-12-27,564,21,Delivered
21621,2022-01-12,445,9,Delivered
21622,2020-12-30,62,44,Inprogress
21623,2020-02-15,496,1,Inprogress
21624,2023-04-15,298,37,Shipped
21625,2021-03-06,352,54,Delivered
21626,2021-11-20,387,27,Delivered
21627,2022-05-31,59,51,Delivered
21628,2021-09-29,153,5,Delivered
21629,2020-04-19,726,38,Delivered
