payment_id,order_id,payment_date,payment_status
26,10807,2022-05-13,Payment Failed
41,11572,2020-04-07,Payment Failed
58,12342,2020-01-27,Payment Failed
82,5375,2021-07-04,Payment Failed
85,3413,2021-11-21,Payment Failed
99,14942,2022-02-19,Payment Failed
134,20613,2020-05-30,Payment Failed
20,17184,2021-08-09,Refunded
74,11117,2021-07-16,Refunded
3,4118,2023-05-09,Payment Successed
10,5176,2023-04-12,Payment Successed
11,10565,2022-07-31,Payment Successed
12,16673,2020-05-18,Payment Successed
13,1892,2020-04-24,Payment Successed
14,12228,2021-03-05,Payment Successed
15,4761,2021-04-29,Payment Successed
16,1272,2023-11-01,Payment Successed
631,4942,2022-02-06,Refunded
17,21388,2023-12-22,Payment Successed
19,5707,2021-06-08,Payment Successed
21,6404,2022-01-16,Payment Successed
22,2939,2020-09-30,Payment Successed
23,21329,2022-03-07,Payment Successed
24,19549,2020-04-08,Payment Successed
27,4885,2021-05-16,Payment Successed
28,16855,2020-10-14,Payment Successed
29,21567,2022-04-14,Payment Successed
30,4941,2020-07-06,Payment Successed
33,20338,2022-11-18,Payment Successed
34,10090,2021-03-26,Payment Successed
35,11447,2021-08-14,Payment Successed
36,19778,2023-09-22,Payment Successed
38,3779,2020-01-09,Payment Successed
965,12752,2022-06-05,Refunded
39,11205,2020-03-19,Payment Successed
40,8309,2023-07-18,Payment Successed
46,15878,2020-09-26,Payment Successed
47,204,2021-11-01,Payment Successed
48,21125,2022-05-24,Payment Successed
49,9467,2022-07-13,Payment Successed
50,10612,2022-07-11,Payment Successed
1293,2430,2021-09-17,Refunded
51,12097,2023-02-26,Payment Successed
53,18743,2021-05-05,Payment Successed
57,5001,2023-02-19,Payment Successed
59,17081,2020-08-16,Payment Successed
60,14935,2022-03-20,Payment Successed
61,16624,2021-07-16,Payment Successed
63,12152,2022-10-04,Payment Successed
64,7749,2023-01-22,Payment Successed
67,2901,2023-09-16,Payment Successed
68,8055,2023-03-01,Payment Successed
69,5979,2023-12-13,Payment Successed
75,1919,2023-01-09,Payment Successed
76,6789,2021-08-06,Payment Successed
79,15682,2022-09-27,Payment Successed
80,2715,2020-08-29,Payment Successed
81,5223,2020-07-02,Payment Successed
83,11163,2021-05-28,Payment Successed
84,1277,2023-05-10,Payment Successed
86,18412,2020-12-28,Payment Successed
87,20320,2020-06-22,Payment Successed
88,18163,2022-09-22,Payment Successed
89,1802,2020-11-08,Payment Successed
98,6553,2022-06-21,Payment Successed
100,8220,2023-06-15,Payment Successed
101,6046,2020-01-16,Payment Successed
102,17124,2020-03-21,Payment Successed
103,1853,2021-02-08,Payment Successed
104,9026,2021-11-05,Payment Successed
105,14664,2021-06-15,Payment Successed
106,7066,2023-08-21,Payment Successed
107,21114,2020-04-01,Payment Successed
108,17420,2020-10-22,Payment Successed
109,15688,2020-10-12,Payment Successed
115,20885,2023-01-24,Payment Successed
119,5285,2020-12-12,Payment Successed
2,16220,2022-04-15,Payment Pending
4,18842,2020-03-26,Payment Pending
5,7729,2023-07-30,Payment Pending
6,4033,2021-06-08,Payment Pending
7,8270,2022-11-19,Payment Pending
8,550,2020-12-28,Payment Pending
9,1703,2022-05-27,Payment Pending
18,2583,2023-09-18,Payment Pending
25,9203,2023-08-03,Payment Pending
31,2282,2021-10-22,Payment Pending
32,1155,2023-02-26,Payment Pending
37,15851,2022-02-03,Payment Pending
42,10500,2023-05-19,Payment Pending
43,5623,2022-07-16,Payment Pending
44,19608,2021-03-04,Payment Pending
45,20162,2023-03-07,Payment Pending
52,1225,2021-03-22,Payment Pending
54,19602,2021-12-21,Payment Pending
55,9698,2021-05-11,Payment Pending
56,15674,2020-03-22,Payment Pending
62,18090,2023-01-13,Payment Pending
65,1140,2023-06-02,Payment Pending
66,2878,2020-02-14,Payment Pending
70,19929,2023-06-01,Payment Pending
71,11828,2023-03-09,Payment Pending
72,14690,2020-09-15,Payment Pending
73,8297,2021-10-08,Payment Pending
77,2128,2021-05-21,Payment Pending
78,1222,2023-02-16,Payment Pending
90,17365,2021-02-02,Payment Pending
91,787,2023-09-18,Payment Pending
92,15728,2021-03-08,Payment Pending
93,7574,2020-04-07,Payment Pending
94,7255,2021-11-30,Payment Pending
95,143,2020-03-27,Payment Pending
96,9813,2020-07-05,Payment Pending
97,18446,2023-04-12,Payment Pending
110,5041,2023-06-26,Payment Pending
111,16880,2021-05-08,Payment Pending
112,14156,2023-11-21,Payment Pending
113,17550,2022-05-12,Payment Pending
114,19975,2023-09-16,Payment Pending
116,2070,2023-03-25,Payment Pending
117,15195,2022-09-14,Payment Pending
118,20432,2021-10-05,Payment Pending
122,9607,2021-01-25,Payment Pending
126,14244,2022-09-24,Payment Pending
129,10860,2022-04-07,Payment Pending
4228,11681,2022-03-01,Refunded
131,18306,2021-09-26,Payment Pending
135,17396,2022-04-30,Payment Pending
805,2515,2021-06-23,Payment Pending
807,10185,2022-09-05,Payment Pending
811,5948,2022-08-23,Payment Pending
120,9927,2023-12-06,Payment Successed
121,8383,2021-03-10,Payment Successed
123,7734,2023-09-29,Payment Successed
137,1504,2021-01-28,Payment Failed
163,15913,2022-06-29,Payment Failed
172,1845,2021-06-25,Payment Failed
187,19114,2023-11-15,Payment Failed
212,1662,2020-09-19,Payment Failed
222,1165,2023-06-02,Payment Failed
270,8195,2020-03-27,Payment Failed
161,4793,2021-11-06,Refunded
177,1552,2022-12-02,Refunded
235,10111,2022-04-14,Refunded
124,7940,2021-11-08,Payment Successed
125,3133,2022-04-13,Payment Successed
127,4365,2021-09-08,Payment Successed
128,15845,2021-08-03,Payment Successed
130,1111,2021-03-30,Payment Successed
132,11346,2022-03-01,Payment Successed
133,11905,2022-05-13,Payment Successed
136,20464,2020-10-14,Payment Successed
139,13569,2020-02-17,Payment Successed
140,17295,2020-10-06,Payment Successed
143,4931,2021-05-30,Payment Successed
147,12033,2020-10-29,Payment Successed
148,20397,2021-08-08,Payment Successed
150,19515,2021-09-30,Payment Successed
151,632,2021-05-08,Payment Successed
153,20829,2024-01-02,Payment Successed
154,1125,2020-03-17,Payment Successed
155,62,2020-01-14,Payment Successed
156,6079,2021-04-30,Payment Successed
162,19714,2021-04-23,Payment Successed
164,16595,2023-06-09,Payment Successed
166,15466,2022-04-12,Payment Successed
167,13518,2023-12-07,Payment Successed
169,6557,2020-07-02,Payment Successed
170,6938,2022-01-30,Payment Successed
174,12704,2022-08-29,Payment Successed
175,8351,2023-08-14,Payment Successed
176,13844,2020-09-06,Payment Successed
178,18821,2023-04-24,Payment Successed
179,17169,2022-03-07,Payment Successed
181,11836,2023-12-06,Payment Successed
182,14123,2022-09-30,Payment Successed
185,15394,2020-07-31,Payment Successed
5993,5407,2023-06-18,Payment Failed
186,20453,2020-05-16,Payment Successed
189,13832,2021-05-28,Payment Successed
190,16009,2023-10-29,Payment Successed
194,2802,2023-10-25,Payment Successed
198,492,2022-12-26,Payment Successed
199,3518,2021-11-27,Payment Successed
201,5287,2020-02-10,Payment Successed
202,4566,2021-09-06,Payment Successed
203,9019,2021-07-17,Payment Successed
204,19701,2023-06-24,Payment Successed
205,17724,2023-04-03,Payment Successed
206,11008,2021-08-27,Payment Successed
207,11528,2023-06-28,Payment Successed
208,2176,2020-02-21,Payment Successed
209,3069,2020-06-24,Payment Successed
211,3120,2021-06-07,Payment Successed
213,7880,2021-07-23,Payment Successed
214,16580,2021-04-25,Payment Successed
215,5262,2020-12-17,Payment Successed
216,18704,2023-03-09,Payment Successed
218,18070,2020-07-10,Payment Successed
219,18933,2023-11-14,Payment Successed
220,9020,2023-08-24,Payment Successed
221,18331,2020-12-31,Payment Successed
223,18725,2023-02-28,Payment Successed
225,20350,2020-01-16,Payment Successed
226,8178,2021-10-31,Payment Successed
227,11468,2022-01-16,Payment Successed
229,1495,2023-09-29,Payment Successed
230,18020,2021-05-07,Payment Successed
232,10559,2022-07-01,Payment Successed
234,19676,2023-05-17,Payment Successed
812,13959,2020-10-16,Payment Pending
815,21341,2020-02-18,Payment Pending
1049,21406,2023-12-06,Payment Pending
1050,20554,2023-11-20,Payment Pending
1051,15657,2020-10-19,Payment Pending
1054,1900,2022-11-01,Payment Pending
1055,7412,2022-10-31,Payment Pending
1057,17415,2022-07-07,Payment Pending
1060,13746,2022-05-06,Payment Pending
1064,4422,2021-02-21,Payment Pending
7653,19536,2022-02-03,Refunded
1066,17799,2020-10-13,Payment Pending
1068,19985,2020-09-09,Payment Pending
1070,18548,2022-12-29,Payment Pending
1077,10048,2022-08-24,Payment Pending
1080,9799,2023-01-23,Payment Pending
1084,16180,2021-07-15,Payment Pending
1088,15065,2022-04-15,Payment Pending
138,14894,2023-07-09,Payment Pending
141,19677,2023-04-06,Payment Pending
142,19503,2020-12-13,Payment Pending
144,8373,2023-05-31,Payment Pending
145,15270,2022-10-25,Payment Pending
146,2549,2023-04-24,Payment Pending
149,954,2021-04-20,Payment Pending
152,19333,2023-05-05,Payment Pending
157,8167,2023-11-19,Payment Pending
158,1093,2022-02-04,Payment Pending
159,3851,2021-02-10,Payment Pending
160,399,2021-07-03,Payment Pending
8326,894,2021-04-17,Refunded
165,18322,2020-04-05,Payment Pending
168,19521,2023-11-24,Payment Pending
171,10964,2021-06-05,Payment Pending
173,12044,2022-08-14,Payment Pending
180,6490,2021-05-07,Payment Pending
8718,1877,2022-11-01,Refunded
183,18352,2023-04-21,Payment Pending
184,20365,2023-09-26,Payment Pending
188,14211,2021-08-17,Payment Pending
191,18184,2023-01-24,Payment Pending
8866,10591,2021-04-27,Refunded
192,2634,2023-04-05,Payment Pending
193,13814,2023-10-08,Payment Pending
195,8588,2020-09-22,Payment Pending
196,606,2022-11-11,Payment Pending
197,6854,2022-03-04,Payment Pending
200,19443,2020-11-06,Payment Pending
210,5486,2023-04-10,Payment Pending
9164,20156,2022-04-27,Refunded
217,13037,2023-12-11,Payment Pending
224,7167,2021-09-10,Payment Pending
228,9684,2020-01-10,Payment Pending
231,13560,2022-08-07,Payment Pending
233,1861,2021-01-27,Payment Pending
237,10156,2022-04-06,Payment Pending
238,19571,2022-11-10,Payment Pending
239,9786,2021-05-28,Payment Pending
240,18528,2020-10-12,Payment Pending
290,10786,2023-11-09,Payment Failed
299,18238,2020-01-21,Payment Failed
306,18542,2023-05-31,Payment Failed
340,18314,2023-08-27,Payment Failed
344,8308,2020-08-15,Payment Failed
361,748,2023-07-14,Payment Failed
281,2894,2021-03-14,Refunded
296,4214,2023-09-18,Refunded
332,5230,2020-02-12,Refunded
353,14381,2021-09-02,Refunded
364,18142,2023-09-30,Refunded
236,18149,2023-12-04,Payment Successed
242,2640,2020-08-10,Payment Successed
248,13316,2021-10-26,Payment Successed
249,1412,2021-06-28,Payment Successed
250,1022,2021-10-07,Payment Successed
251,1148,2021-12-23,Payment Successed
252,16034,2022-08-26,Payment Successed
253,8132,2021-02-01,Payment Successed
256,12727,2023-08-30,Payment Successed
257,11593,2023-12-10,Payment Successed
258,11604,2020-12-02,Payment Successed
259,14798,2020-06-20,Payment Successed
260,18286,2023-03-10,Payment Successed
261,2341,2022-11-04,Payment Successed
264,15507,2021-12-24,Payment Successed
265,1632,2022-12-20,Payment Successed
266,14687,2022-12-06,Payment Successed
268,1908,2021-03-31,Payment Successed
273,12908,2021-09-05,Payment Successed
274,4585,2020-12-13,Payment Successed
275,14399,2022-11-14,Payment Successed
276,1230,2022-03-15,Payment Successed
279,3934,2021-09-27,Payment Successed
282,3878,2020-11-26,Payment Successed
283,20051,2022-01-02,Payment Successed
285,2882,2022-01-25,Payment Successed
288,3755,2022-03-31,Payment Successed
289,9547,2022-08-18,Payment Successed
294,12931,2021-04-30,Payment Successed
297,17153,2020-12-10,Payment Successed
298,238,2022-12-27,Payment Successed
301,18713,2020-04-08,Payment Successed
303,17198,2020-03-05,Payment Successed
307,18817,2022-04-23,Payment Successed
308,20786,2023-03-22,Payment Successed
314,17116,2022-06-22,Payment Successed
315,19107,2023-04-20,Payment Successed
316,13762,2021-02-26,Payment Successed
319,13245,2021-02-17,Payment Successed
320,11169,2020-08-25,Payment Successed
323,15832,2020-02-16,Payment Successed
326,8075,2021-09-12,Payment Successed
327,1346,2022-05-27,Payment Successed
328,1931,2022-03-26,Payment Successed
331,10822,2020-07-23,Payment Successed
333,2366,2023-06-13,Payment Successed
334,12385,2022-12-31,Payment Successed
335,3562,2023-02-02,Payment Successed
336,13035,2023-04-07,Payment Successed
338,13360,2020-07-28,Payment Successed
339,5399,2021-10-14,Payment Successed
342,6674,2020-08-15,Payment Successed
348,10102,2020-12-11,Payment Successed
349,19576,2023-05-11,Payment Successed
350,13807,2021-05-21,Payment Successed
351,10620,2021-06-16,Payment Successed
354,10082,2022-12-16,Payment Successed
356,6246,2023-07-08,Payment Successed
357,14435,2023-12-23,Payment Successed
359,10290,2020-04-13,Payment Successed
362,10729,2023-07-31,Payment Successed
241,6103,2023-01-22,Payment Pending
243,21547,2020-11-16,Payment Pending
244,2235,2022-08-30,Payment Pending
245,218,2023-03-30,Payment Pending
246,4457,2023-12-29,Payment Pending
247,20171,2023-05-14,Payment Pending
254,17305,2022-09-13,Payment Pending
255,2082,2021-11-03,Payment Pending
262,9104,2023-12-20,Payment Pending
263,1922,2023-08-09,Payment Pending
267,17834,2023-11-02,Payment Pending
269,17946,2023-11-10,Payment Pending
271,8606,2023-12-20,Payment Pending
11835,19587,2023-01-01,Refunded
272,11574,2020-02-11,Payment Pending
4743,4436,2023-03-19,Payment Pending
4745,3045,2021-12-30,Payment Pending
4747,16320,2022-08-17,Payment Pending
4748,6613,2021-02-05,Payment Pending
4749,1895,2020-05-05,Payment Pending
4750,3501,2021-10-20,Payment Pending
4755,21057,2022-11-11,Payment Pending
4757,14734,2022-06-09,Payment Pending
4759,7960,2022-11-07,Payment Pending
4760,17486,2022-10-27,Payment Pending
5143,8631,2020-07-05,Payment Pending
5145,5177,2023-09-07,Payment Pending
5146,21490,2021-08-16,Payment Pending
5149,17962,2023-12-14,Payment Pending
5151,271,2021-06-06,Payment Pending
12411,3488,2020-03-17,Refunded
5154,13218,2020-02-15,Payment Pending
5159,8637,2020-05-09,Payment Pending
277,4763,2021-12-04,Payment Pending
278,17982,2021-11-28,Payment Pending
280,4924,2023-03-08,Payment Pending
284,19059,2022-01-22,Payment Pending
286,20253,2022-03-28,Payment Pending
287,10419,2022-03-28,Payment Pending
291,4688,2022-07-13,Payment Pending
292,13800,2022-06-03,Payment Pending
293,17822,2021-12-29,Payment Pending
295,17646,2021-11-22,Payment Pending
300,2688,2023-10-12,Payment Pending
302,14243,2022-07-07,Payment Pending
304,14650,2023-06-10,Payment Pending
305,4890,2021-03-29,Payment Pending
309,12552,2021-11-15,Payment Pending
310,7532,2021-07-10,Payment Pending
311,14341,2022-04-25,Payment Pending
312,9759,2022-12-20,Payment Pending
313,16480,2021-02-05,Payment Pending
317,737,2023-03-25,Payment Pending
318,5985,2020-07-14,Payment Pending
321,7722,2021-12-14,Payment Pending
322,5694,2023-12-18,Payment Pending
324,1835,2023-12-18,Payment Pending
411,10322,2020-02-26,Payment Failed
474,14055,2022-06-11,Payment Failed
490,234,2021-05-15,Payment Failed
507,4791,2021-05-07,Payment Failed
530,3838,2020-01-15,Payment Failed
448,20983,2023-04-12,Refunded
489,17348,2021-12-12,Refunded
544,6300,2021-02-21,Refunded
366,15533,2022-10-27,Payment Successed
367,21073,2021-11-22,Payment Successed
369,18657,2020-03-01,Payment Successed
370,18100,2023-06-15,Payment Successed
371,10096,2020-08-20,Payment Successed
375,18455,2021-09-26,Payment Successed
376,20622,2021-05-21,Payment Successed
378,777,2022-06-16,Payment Successed
379,94,2021-07-12,Payment Successed
380,7229,2020-01-23,Payment Successed
381,2922,2022-12-15,Payment Successed
383,16183,2020-04-12,Payment Successed
384,15710,2022-11-20,Payment Successed
385,18084,2022-07-22,Payment Successed
387,5815,2021-08-14,Payment Successed
388,4063,2020-06-11,Payment Successed
389,8326,2023-11-25,Payment Successed
390,15274,2022-08-13,Payment Successed
391,8970,2020-05-30,Payment Successed
396,4928,2023-05-02,Payment Successed
398,12923,2021-04-07,Payment Successed
399,15820,2022-08-21,Payment Successed
400,10334,2022-06-14,Payment Successed
401,680,2021-12-14,Payment Successed
402,2216,2023-02-11,Payment Successed
403,4743,2020-10-11,Payment Successed
404,1809,2023-11-24,Payment Successed
406,408,2023-10-27,Payment Successed
408,8322,2020-10-06,Payment Successed
14463,12820,2020-02-14,Refunded
414,20077,2022-01-04,Payment Successed
416,16709,2020-04-24,Payment Successed
417,2927,2021-01-10,Payment Successed
418,9775,2022-10-13,Payment Successed
422,16296,2021-10-27,Payment Successed
423,6749,2020-12-12,Payment Successed
424,3237,2020-02-11,Payment Successed
425,11209,2023-09-18,Payment Successed
426,7166,2020-04-14,Payment Successed
427,19039,2020-04-30,Payment Successed
428,11764,2023-07-09,Payment Successed
429,945,2022-08-27,Payment Successed
431,17129,2021-06-26,Payment Successed
434,19881,2021-03-11,Payment Successed
435,21355,2021-02-28,Payment Successed
436,13166,2020-02-12,Payment Successed
437,6672,2022-11-24,Payment Successed
15079,12413,2023-03-24,Refunded
438,11493,2023-09-27,Payment Successed
440,4109,2022-08-20,Payment Successed
441,4472,2022-03-15,Payment Successed
444,21607,2022-10-25,Payment Successed
450,17701,2022-09-30,Payment Successed
451,9464,2020-08-14,Payment Successed
453,4569,2023-12-29,Payment Successed
456,19481,2022-12-02,Payment Successed
457,11844,2022-04-05,Payment Successed
458,430,2023-04-13,Payment Successed
459,1327,2023-10-15,Payment Successed
460,6666,2023-11-08,Payment Successed
464,543,2022-11-26,Payment Successed
465,3068,2021-05-13,Payment Successed
15370,9208,2020-11-20,Refunded
466,12313,2021-11-30,Payment Successed
467,11784,2020-07-03,Payment Successed
468,6138,2023-11-13,Payment Successed
472,20978,2020-06-26,Payment Successed
325,8593,2023-11-21,Payment Pending
329,20366,2023-12-31,Payment Pending
330,12745,2020-11-28,Payment Pending
337,17416,2021-11-25,Payment Pending
341,20394,2021-05-29,Payment Pending
343,4902,2020-12-28,Payment Pending
345,20074,2023-07-15,Payment Pending
346,19456,2023-12-30,Payment Pending
347,17888,2020-06-21,Payment Pending
352,8800,2021-04-27,Payment Pending
355,16967,2020-09-27,Payment Pending
358,17397,2022-10-28,Payment Pending
360,10042,2020-01-15,Payment Pending
363,3727,2023-07-14,Payment Pending
365,7386,2022-01-07,Payment Pending
16057,8276,2020-07-23,Payment Failed
368,14147,2023-09-15,Payment Pending
372,14990,2021-06-05,Payment Pending
373,6660,2020-01-21,Payment Pending
374,8940,2022-04-19,Payment Pending
377,1246,2023-04-10,Payment Pending
382,15074,2023-06-05,Payment Pending
386,20976,2023-11-30,Payment Pending
392,1535,2020-07-02,Payment Pending
393,13196,2021-08-24,Payment Pending
394,7103,2023-01-26,Payment Pending
395,19335,2023-07-16,Payment Pending
397,17642,2023-04-09,Payment Pending
405,14150,2022-03-31,Payment Pending
407,6411,2020-10-28,Payment Pending
5160,6668,2023-08-04,Payment Pending
5161,21227,2021-04-03,Payment Pending
5162,11755,2020-07-14,Payment Pending
5164,13221,2021-10-18,Payment Pending
5165,9694,2023-07-17,Payment Pending
5167,13552,2021-10-14,Payment Pending
7043,9214,2022-08-11,Payment Pending
7047,12573,2022-12-03,Payment Pending
7048,3963,2020-12-16,Payment Pending
7049,2194,2022-07-29,Payment Pending
7053,4409,2021-07-18,Payment Pending
7054,17849,2021-02-14,Payment Pending
7055,21520,2020-03-04,Payment Pending
409,14034,2021-11-19,Payment Pending
410,1750,2023-09-04,Payment Pending
412,15631,2023-05-06,Payment Pending
413,21522,2023-12-11,Payment Pending
415,20861,2023-08-18,Payment Pending
419,16158,2020-09-10,Payment Pending
420,10537,2022-01-17,Payment Pending
421,7474,2023-09-10,Payment Pending
430,6225,2023-01-04,Payment Pending
432,10779,2022-06-29,Payment Pending
433,13541,2023-06-24,Payment Pending
439,21504,2022-08-08,Payment Pending
442,8675,2022-03-11,Payment Pending
443,12684,2023-12-17,Payment Pending
445,13753,2020-10-04,Payment Pending
546,10876,2022-11-06,Payment Failed
549,3156,2022-12-29,Payment Failed
573,8971,2020-10-06,Payment Failed
578,15201,2021-12-14,Payment Failed
580,8538,2021-06-19,Payment Failed
592,11862,2022-06-14,Payment Failed
633,19209,2023-01-12,Refunded
597,8459,2020-11-15,Payment Failed
601,14631,2022-09-15,Payment Failed
602,18078,2022-06-22,Payment Failed
608,13864,2020-03-08,Payment Failed
610,15253,2020-06-21,Payment Failed
665,13505,2021-09-10,Refunded
622,12361,2022-05-10,Payment Failed
473,16849,2020-04-13,Payment Successed
629,9988,2023-04-14,Payment Failed
632,13857,2022-08-21,Payment Failed
667,5762,2023-06-22,Payment Failed
477,9285,2021-10-25,Payment Successed
480,11130,2020-10-11,Payment Successed
481,17424,2023-06-11,Payment Successed
482,21133,2022-03-16,Payment Successed
484,9096,2020-07-18,Payment Successed
486,3338,2023-06-03,Payment Successed
487,5913,2020-07-30,Payment Successed
491,10529,2023-10-14,Payment Successed
492,18327,2021-03-14,Payment Successed
493,13026,2020-05-27,Payment Successed
494,20473,2021-01-05,Payment Successed
497,9516,2020-04-15,Payment Successed
499,18443,2021-07-22,Payment Successed
500,21052,2023-07-14,Payment Successed
18389,12963,2022-10-15,Refunded
501,10522,2022-04-05,Payment Successed
503,5474,2022-02-03,Payment Successed
504,1299,2021-02-09,Payment Successed
505,12575,2021-10-01,Payment Successed
510,13838,2023-11-05,Payment Successed
512,9742,2023-04-11,Payment Successed
513,20359,2022-02-14,Payment Successed
514,1633,2022-05-06,Payment Successed
515,490,2021-06-07,Payment Successed
518,17677,2021-03-06,Payment Successed
519,4891,2020-03-12,Payment Successed
520,7681,2023-07-05,Payment Successed
522,15218,2020-08-26,Payment Successed
524,449,2020-05-25,Payment Successed
525,9521,2022-09-03,Payment Successed
531,6019,2023-06-16,Payment Successed
535,90,2020-10-09,Payment Successed
537,20468,2022-04-16,Payment Successed
538,4316,2023-12-28,Payment Successed
540,2578,2021-09-08,Payment Successed
541,20740,2022-05-31,Payment Successed
542,14600,2022-12-15,Payment Successed
545,21457,2022-09-02,Payment Successed
547,8291,2020-09-01,Payment Successed
548,18774,2023-05-03,Payment Successed
551,3662,2023-08-17,Payment Successed
552,12286,2021-05-19,Payment Successed
553,19966,2023-06-30,Payment Successed
555,16477,2021-07-22,Payment Successed
556,8712,2023-07-04,Payment Successed
557,70,2022-03-05,Payment Successed
558,16228,2021-11-08,Payment Successed
19430,5929,2021-01-27,Refunded
559,6209,2021-12-19,Payment Successed
561,16997,2020-12-01,Payment Successed
563,13136,2022-02-24,Payment Successed
564,9196,2023-04-22,Payment Successed
565,19185,2023-11-02,Payment Successed
568,19375,2020-01-21,Payment Successed
570,5908,2021-09-28,Payment Successed
577,14255,2022-05-14,Payment Successed
579,1033,2021-08-08,Payment Successed
581,1902,2021-01-18,Payment Successed
582,13582,2023-05-29,Payment Successed
583,13002,2021-09-12,Payment Successed
585,15378,2021-11-17,Payment Successed
586,10424,2023-06-03,Payment Successed
446,7310,2022-03-22,Payment Pending
447,8072,2020-12-23,Payment Pending
449,11829,2022-05-11,Payment Pending
452,16465,2020-12-01,Payment Pending
454,13953,2022-05-01,Payment Pending
455,4934,2022-07-29,Payment Pending
461,2311,2020-11-10,Payment Pending
462,16490,2020-08-11,Payment Pending
463,21218,2022-08-21,Payment Pending
469,8926,2021-10-29,Payment Pending
470,7152,2020-12-23,Payment Pending
471,21380,2022-11-28,Payment Pending
475,3448,2022-10-02,Payment Pending
476,7291,2020-02-13,Payment Pending
478,10352,2023-09-21,Payment Pending
479,16206,2020-12-16,Payment Pending
483,13527,2020-10-28,Payment Pending
485,9187,2021-09-03,Payment Pending
488,851,2022-11-03,Payment Pending
495,4252,2020-07-30,Payment Pending
496,17119,2023-05-25,Payment Pending
498,18861,2020-07-15,Payment Pending
502,15668,2020-01-11,Payment Pending
506,12464,2020-05-06,Payment Pending
508,2115,2021-04-21,Payment Pending
509,19492,2023-07-21,Payment Pending
511,5195,2021-07-25,Payment Pending
20425,14013,2020-03-17,Refunded
516,8172,2022-01-08,Payment Pending
517,18485,2022-07-05,Payment Pending
521,17517,2022-08-13,Payment Pending
523,9962,2023-11-15,Payment Pending
526,19565,2023-10-23,Payment Pending
527,18033,2021-03-31,Payment Pending
528,13612,2020-10-07,Payment Pending
529,15292,2022-11-22,Payment Pending
532,5027,2020-11-02,Payment Pending
533,20237,2020-01-17,Payment Pending
534,3854,2020-07-15,Payment Pending
536,5988,2022-04-17,Payment Pending
539,4243,2023-06-19,Payment Pending
543,21552,2022-12-21,Payment Pending
7058,18681,2021-04-24,Payment Pending
7060,19807,2022-03-17,Payment Pending
7061,17022,2021-06-18,Payment Pending
7062,10277,2020-12-16,Payment Pending
7063,15431,2023-03-21,Payment Pending
7065,7104,2020-03-20,Payment Pending
7066,21497,2020-09-29,Payment Pending
7068,14182,2022-01-11,Payment Pending
7071,7471,2021-06-24,Payment Pending
688,18635,2022-03-30,Payment Failed
745,8224,2021-08-07,Payment Failed
21362,6352,2021-03-24,Refunded
746,21287,2023-10-17,Payment Failed
755,21411,2020-06-14,Payment Failed
787,18780,2020-03-11,Payment Failed
722,11457,2020-12-02,Refunded
790,805,2023-04-22,Payment Failed
733,9048,2022-06-16,Refunded
758,4775,2020-03-16,Refunded
799,8799,2020-05-07,Refunded
809,12173,2021-06-19,Refunded
808,1078,2023-11-27,Payment Failed
587,8579,2022-06-04,Payment Successed
590,15002,2022-02-22,Payment Successed
591,21401,2023-07-04,Payment Successed
593,400,2023-06-27,Payment Successed
816,13066,2023-08-24,Payment Failed
594,6067,2022-01-01,Payment Successed
596,20361,2023-12-15,Payment Successed
598,7943,2022-11-22,Payment Successed
599,15652,2023-11-21,Payment Successed
600,4553,2023-05-05,Payment Successed
604,12005,2023-03-08,Payment Successed
605,2437,2023-07-26,Payment Successed
606,13926,2022-05-11,Payment Successed
607,5440,2022-10-18,Payment Successed
609,20639,2020-07-15,Payment Successed
611,17813,2022-02-17,Payment Successed
613,14206,2023-04-07,Payment Successed
614,9736,2021-07-26,Payment Successed
615,19483,2021-12-04,Payment Successed
616,3766,2020-04-08,Payment Successed
617,674,2021-07-23,Payment Successed
618,2570,2020-11-08,Payment Successed
619,16309,2022-02-21,Payment Successed
620,15790,2022-09-16,Payment Successed
621,19057,2020-07-12,Payment Successed
624,739,2022-12-12,Payment Successed
625,7624,2021-10-13,Payment Successed
626,11385,2021-06-18,Payment Successed
630,5313,2022-08-08,Payment Successed
634,5553,2023-06-18,Payment Successed
637,2,2020-08-18,Payment Successed
638,15329,2021-06-13,Payment Successed
639,13356,2021-04-14,Payment Successed
640,5270,2020-07-06,Payment Successed
644,5842,2020-07-07,Payment Successed
645,5919,2023-10-21,Payment Successed
646,5976,2021-10-28,Payment Successed
648,6653,2023-06-03,Payment Successed
649,1591,2020-09-04,Payment Successed
650,4281,2021-07-21,Payment Successed
651,2200,2023-07-27,Payment Successed
652,7808,2021-05-11,Payment Successed
653,14924,2020-12-08,Payment Successed
655,1069,2023-09-08,Payment Successed
656,19592,2021-07-19,Payment Successed
659,1016,2022-12-12,Payment Successed
660,9119,2023-11-15,Payment Successed
661,10827,2022-05-06,Payment Successed
663,2384,2021-01-04,Payment Successed
664,6601,2022-08-23,Payment Successed
666,9414,2020-07-17,Payment Successed
668,6017,2021-12-28,Payment Successed
7072,14353,2022-05-24,Payment Pending
8285,7421,2023-06-05,Payment Pending
550,5379,2022-01-17,Payment Pending
554,2600,2021-07-31,Payment Pending
560,15772,2021-11-19,Payment Pending
562,4740,2022-03-12,Payment Pending
566,330,2023-08-02,Payment Pending
567,1577,2021-05-08,Payment Pending
569,2281,2022-02-14,Payment Pending
571,14570,2021-11-08,Payment Pending
572,11082,2020-12-13,Payment Pending
574,13070,2023-06-28,Payment Pending
575,16113,2021-03-14,Payment Pending
576,18477,2022-10-27,Payment Pending
584,6839,2020-08-09,Payment Pending
588,4450,2023-06-10,Payment Pending
589,15077,2022-02-17,Payment Pending
595,13195,2023-07-19,Payment Pending
603,14477,2022-02-14,Payment Pending
612,16843,2020-02-15,Payment Pending
623,7237,2022-01-15,Payment Pending
627,15912,2023-01-21,Payment Pending
628,11571,2021-11-17,Payment Pending
635,20019,2020-08-09,Payment Pending
636,12544,2020-10-18,Payment Pending
641,2320,2021-11-17,Payment Pending
642,16750,2022-01-16,Payment Pending
643,20980,2021-04-14,Payment Pending
647,10196,2023-11-15,Payment Pending
654,13925,2022-02-06,Payment Pending
657,12498,2023-12-14,Payment Pending
658,5331,2020-07-30,Payment Pending
662,19495,2020-06-16,Payment Pending
669,21602,2021-03-17,Payment Pending
671,9932,2021-05-03,Payment Pending
672,18583,2022-01-05,Payment Pending
673,18101,2023-07-29,Payment Pending
675,1485,2022-05-21,Payment Pending
676,12166,2021-05-01,Payment Pending
677,15789,2021-03-20,Payment Pending
679,18262,2021-06-10,Payment Pending
8288,15069,2022-09-10,Payment Pending
8295,252,2020-10-05,Payment Pending
8296,9193,2020-09-24,Payment Pending
8297,13072,2022-08-01,Payment Pending
11016,544,2020-11-06,Payment Pending
12512,10098,2023-06-25,Payment Pending
13856,1009,2021-10-30,Payment Pending
13857,1865,2020-01-30,Payment Pending
13858,19034,2020-12-08,Payment Pending
13860,8953,2021-06-30,Payment Pending
13862,18487,2023-07-07,Payment Pending
13865,9510,2021-02-04,Payment Pending
13866,12376,2020-10-30,Payment Pending
13867,10969,2020-01-24,Payment Pending
13869,12341,2021-06-18,Payment Pending
13872,21039,2021-10-03,Payment Pending
13873,6760,2021-11-10,Payment Pending
15094,13867,2021-09-03,Payment Pending
15097,7807,2023-10-27,Payment Pending
16037,2138,2021-11-25,Payment Pending
16038,9117,2023-04-13,Payment Pending
16042,5533,2022-06-30,Payment Pending
817,8769,2023-08-12,Payment Failed
870,498,2022-01-14,Refunded
906,3707,2021-03-06,Refunded
930,7337,2021-12-14,Refunded
933,156,2020-07-30,Refunded
951,8889,2021-12-23,Refunded
819,1517,2021-07-07,Payment Failed
670,9043,2023-04-29,Payment Successed
674,13960,2020-11-15,Payment Successed
837,1254,2022-06-20,Payment Failed
678,10002,2021-06-23,Payment Successed
871,8204,2022-05-13,Payment Failed
895,9326,2021-06-29,Payment Failed
899,2892,2021-11-25,Payment Failed
911,1797,2021-05-14,Payment Failed
680,6179,2022-05-14,Payment Successed
925,7501,2020-10-20,Payment Failed
934,21154,2023-10-03,Payment Failed
941,20548,2022-02-14,Payment Failed
681,3213,2020-07-01,Payment Successed
682,14866,2022-10-12,Payment Successed
683,18062,2021-09-20,Payment Successed
943,13428,2023-07-05,Payment Failed
684,11443,2020-08-07,Payment Successed
685,2395,2020-08-01,Payment Successed
687,19162,2021-09-08,Payment Successed
693,20556,2021-03-10,Payment Successed
698,3415,2021-12-31,Payment Successed
700,3406,2021-03-31,Payment Successed
701,13858,2021-03-08,Payment Successed
703,15066,2022-12-30,Payment Successed
704,16840,2021-05-21,Payment Successed
706,10180,2021-03-23,Payment Successed
707,15594,2023-04-04,Payment Successed
710,17967,2022-05-19,Payment Successed
712,701,2022-07-23,Payment Successed
713,1726,2023-02-17,Payment Successed
714,4985,2023-10-08,Payment Successed
720,1018,2022-01-17,Payment Successed
721,19619,2020-08-19,Payment Successed
723,65,2020-10-19,Payment Successed
725,5620,2020-04-30,Payment Successed
726,7407,2021-08-20,Payment Successed
727,1742,2020-03-30,Payment Successed
728,10645,2023-01-24,Payment Successed
731,10590,2022-01-23,Payment Successed
734,16883,2022-10-15,Payment Successed
740,8552,2020-12-30,Payment Successed
741,8915,2023-12-25,Payment Successed
744,17442,2022-04-30,Payment Successed
747,12631,2023-09-19,Payment Successed
750,19446,2020-02-09,Payment Successed
751,14601,2023-01-25,Payment Successed
753,21515,2023-05-27,Payment Successed
760,18418,2023-06-16,Payment Successed
761,793,2022-12-30,Payment Successed
762,2038,2021-07-08,Payment Successed
763,3894,2020-05-01,Payment Successed
764,4674,2021-04-02,Payment Successed
765,4470,2020-09-12,Payment Successed
766,18557,2021-09-28,Payment Successed
768,1889,2023-10-29,Payment Successed
772,7987,2022-06-11,Payment Successed
774,6584,2023-02-09,Payment Successed
775,8982,2021-06-15,Payment Successed
776,18530,2021-06-09,Payment Successed
777,20364,2021-11-26,Payment Successed
779,19243,2022-03-26,Payment Successed
780,19071,2023-12-05,Payment Successed
783,949,2023-12-18,Payment Successed
785,3693,2021-06-15,Payment Successed
786,7614,2020-11-03,Payment Successed
788,14873,2023-06-25,Payment Successed
792,19238,2020-05-09,Payment Successed
793,1405,2023-02-25,Payment Successed
16043,19136,2020-09-14,Payment Pending
16045,10031,2023-06-01,Payment Pending
16047,14140,2023-12-31,Payment Pending
686,2199,2023-01-09,Payment Pending
689,198,2023-12-03,Payment Pending
690,21076,2021-02-12,Payment Pending
691,3902,2021-05-26,Payment Pending
692,15643,2022-01-02,Payment Pending
694,5652,2023-09-30,Payment Pending
695,18056,2021-10-18,Payment Pending
696,5565,2022-06-13,Payment Pending
697,4879,2021-03-02,Payment Pending
699,7493,2023-09-10,Payment Pending
702,17105,2023-03-13,Payment Pending
705,10463,2023-11-07,Payment Pending
708,17870,2021-05-07,Payment Pending
709,6761,2023-11-20,Payment Pending
711,14425,2021-01-06,Payment Pending
715,16100,2021-06-15,Payment Pending
716,1195,2023-08-23,Payment Pending
717,1184,2021-08-06,Payment Pending
718,3928,2023-05-05,Payment Pending
719,11873,2021-08-11,Payment Pending
724,1432,2020-11-06,Payment Pending
729,2698,2022-08-31,Payment Pending
730,2019,2020-01-11,Payment Pending
732,6014,2020-08-15,Payment Pending
735,16191,2022-08-05,Payment Pending
736,13824,2023-11-24,Payment Pending
737,370,2021-08-07,Payment Pending
738,12887,2022-05-16,Payment Pending
739,3972,2023-04-12,Payment Pending
742,7549,2021-01-01,Payment Pending
743,1285,2022-07-24,Payment Pending
748,4702,2022-06-26,Payment Pending
749,17010,2022-05-08,Payment Pending
752,15810,2020-09-16,Payment Pending
754,16286,2020-12-08,Payment Pending
756,16278,2020-12-12,Payment Pending
757,13740,2023-11-01,Payment Pending
759,19067,2023-09-05,Payment Pending
767,5496,2020-11-12,Payment Pending
769,5878,2022-01-10,Payment Pending
770,14109,2023-05-07,Payment Pending
771,7929,2020-02-20,Payment Pending
773,11959,2022-08-06,Payment Pending
778,5952,2023-01-18,Payment Pending
781,15214,2020-11-08,Payment Pending
782,3812,2020-06-03,Payment Pending
784,6348,2022-01-11,Payment Pending
789,8077,2023-03-28,Payment Pending
791,4766,2020-06-29,Payment Pending
796,6856,2023-10-11,Payment Pending
963,3616,2023-11-17,Payment Failed
978,5173,2020-03-18,Payment Failed
984,15071,2022-10-16,Payment Failed
985,6712,2022-04-19,Payment Failed
975,15607,2023-06-30,Refunded
988,371,2022-10-12,Payment Failed
999,4870,2021-09-24,Refunded
995,14836,2020-02-14,Payment Failed
1027,10563,2020-08-11,Refunded
1082,12321,2023-03-11,Refunded
794,5766,2022-07-19,Payment Successed
795,15777,2021-09-08,Payment Successed
798,19250,2023-06-05,Payment Successed
801,13007,2021-11-16,Payment Successed
1003,13536,2023-04-05,Payment Failed
806,7907,2020-10-25,Payment Successed
810,13013,2020-05-10,Payment Successed
1006,14560,2020-06-24,Payment Failed
1010,17867,2020-11-27,Payment Failed
813,14666,2023-01-14,Payment Successed
814,13704,2022-11-14,Payment Successed
1013,11561,2022-03-29,Payment Failed
818,10953,2023-03-30,Payment Successed
1015,19009,2021-05-26,Payment Failed
825,5372,2020-06-06,Payment Successed
1031,8395,2023-04-11,Payment Failed
828,16831,2023-07-13,Payment Successed
1033,12725,2021-01-22,Payment Failed
1046,7953,2020-08-14,Payment Failed
1053,11114,2021-05-01,Payment Failed
830,6824,2020-10-26,Payment Successed
1061,20137,2023-02-19,Payment Failed
831,5624,2021-05-03,Payment Successed
832,165,2021-06-02,Payment Successed
833,7094,2023-02-12,Payment Successed
835,15960,2020-06-13,Payment Successed
1062,2846,2020-02-03,Payment Failed
1074,21612,2022-02-09,Payment Failed
836,17503,2020-09-30,Payment Successed
1075,13138,2021-08-04,Payment Failed
838,16757,2022-04-21,Payment Successed
842,11676,2022-06-20,Payment Successed
844,13386,2022-06-30,Payment Successed
846,8243,2022-04-18,Payment Successed
847,3964,2023-11-13,Payment Successed
850,11213,2023-02-13,Payment Successed
852,20181,2022-02-27,Payment Successed
853,11013,2023-03-03,Payment Successed
854,15258,2023-01-28,Payment Successed
858,2453,2021-07-05,Payment Successed
859,3224,2022-09-06,Payment Successed
860,11831,2021-06-04,Payment Successed
861,18397,2022-05-15,Payment Successed
862,14904,2022-06-04,Payment Successed
863,6630,2022-02-15,Payment Successed
865,20766,2022-08-05,Payment Successed
866,545,2020-07-11,Payment Successed
797,1612,2023-06-19,Payment Pending
800,17950,2020-05-31,Payment Pending
802,11218,2020-05-01,Payment Pending
803,13368,2021-10-14,Payment Pending
804,20910,2023-12-19,Payment Pending
820,14592,2020-09-27,Payment Pending
821,20534,2020-08-15,Payment Pending
822,13769,2021-12-11,Payment Pending
823,14847,2023-02-17,Payment Pending
824,941,2021-11-29,Payment Pending
826,9543,2021-05-03,Payment Pending
827,18096,2020-04-03,Payment Pending
829,3875,2021-09-13,Payment Pending
834,16919,2021-09-03,Payment Pending
839,2862,2020-02-01,Payment Pending
840,7654,2021-06-20,Payment Pending
841,5279,2023-09-12,Payment Pending
843,5649,2020-02-16,Payment Pending
845,8424,2023-02-24,Payment Pending
848,20333,2020-12-13,Payment Pending
849,10315,2020-09-04,Payment Pending
851,17385,2023-08-15,Payment Pending
855,2999,2021-11-16,Payment Pending
856,4551,2023-05-23,Payment Pending
857,6117,2022-10-01,Payment Pending
864,1813,2020-10-26,Payment Pending
869,13601,2022-08-11,Payment Pending
874,11253,2021-04-27,Payment Pending
875,20824,2023-02-20,Payment Pending
877,10062,2021-07-15,Payment Pending
879,3011,2021-05-21,Payment Pending
880,1163,2021-08-05,Payment Pending
883,4794,2023-05-29,Payment Pending
885,18801,2023-05-08,Payment Pending
888,16470,2020-04-19,Payment Pending
890,17702,2021-08-22,Payment Pending
893,9899,2023-03-19,Payment Pending
897,14502,2023-07-11,Payment Pending
900,5060,2023-10-14,Payment Pending
902,1273,2023-02-16,Payment Pending
904,1086,2020-07-11,Payment Pending
910,13335,2021-01-11,Payment Pending
912,18135,2023-01-14,Payment Pending
924,10130,2021-06-02,Payment Pending
932,15361,2021-10-24,Payment Pending
937,19283,2021-01-29,Payment Pending
940,5002,2022-12-23,Payment Pending
942,2850,2020-05-06,Payment Pending
945,4345,2023-09-01,Payment Pending
947,2130,2020-10-09,Payment Pending
949,11906,2021-11-22,Payment Pending
16048,19782,2022-04-18,Payment Pending
16451,11004,2022-08-29,Payment Pending
16452,12682,2022-08-07,Payment Pending
16455,10305,2021-05-23,Payment Pending
16456,15082,2022-04-25,Payment Pending
16457,15574,2022-08-06,Payment Pending
20253,14472,2020-11-17,Payment Pending
20254,5586,2023-05-05,Payment Pending
20255,6286,2021-04-22,Payment Pending
20257,2477,2020-07-03,Payment Pending
20260,320,2020-01-08,Payment Pending
21185,9960,2022-07-06,Payment Pending
21187,14993,2022-07-11,Payment Pending
21189,6983,2021-01-05,Payment Pending
21191,7432,2020-08-17,Payment Pending
21193,8550,2023-08-22,Payment Pending
21194,16744,2023-11-18,Payment Pending
953,6468,2020-08-26,Payment Pending
1109,5764,2021-07-03,Payment Failed
1142,3824,2020-03-30,Payment Failed
1149,15038,2022-04-08,Payment Failed
1152,16531,2022-01-09,Payment Failed
1157,1692,2020-02-21,Payment Failed
1163,19173,2023-08-27,Payment Failed
1189,82,2023-08-24,Payment Failed
1207,14285,2022-12-06,Payment Failed
1106,13219,2022-08-29,Refunded
1122,12706,2022-05-16,Refunded
1126,21566,2020-04-22,Refunded
1131,17824,2021-12-17,Refunded
1153,11946,2023-05-28,Refunded
1174,9167,2021-10-14,Refunded
867,11870,2023-10-14,Payment Successed
868,11759,2021-02-27,Payment Successed
872,3827,2022-05-07,Payment Successed
873,19220,2021-10-21,Payment Successed
876,16276,2020-03-12,Payment Successed
878,7789,2022-04-02,Payment Successed
881,13770,2023-12-29,Payment Successed
882,14412,2021-11-09,Payment Successed
884,16748,2023-03-19,Payment Successed
886,17913,2020-02-01,Payment Successed
887,20863,2022-01-02,Payment Successed
889,14068,2022-01-28,Payment Successed
891,1005,2020-11-30,Payment Successed
892,18347,2022-08-01,Payment Successed
894,9016,2020-07-15,Payment Successed
896,12055,2020-03-27,Payment Successed
898,8271,2023-06-07,Payment Successed
901,5780,2023-03-26,Payment Successed
903,1040,2022-04-20,Payment Successed
905,54,2023-12-08,Payment Successed
907,5093,2022-06-18,Payment Successed
908,6090,2023-11-07,Payment Successed
909,7542,2021-05-05,Payment Successed
913,19832,2021-10-02,Payment Successed
914,7547,2020-06-04,Payment Successed
915,1673,2022-08-19,Payment Successed
916,9370,2020-03-20,Payment Successed
917,15622,2022-07-11,Payment Successed
918,7641,2022-08-29,Payment Successed
919,4188,2023-12-26,Payment Successed
920,12670,2023-09-29,Payment Successed
921,6522,2021-03-09,Payment Successed
922,5263,2022-05-30,Payment Successed
923,4072,2023-04-02,Payment Successed
926,359,2023-12-08,Payment Successed
927,10406,2023-01-09,Payment Successed
928,14308,2021-07-29,Payment Successed
929,15248,2023-12-09,Payment Successed
931,2780,2020-02-22,Payment Successed
935,13287,2023-05-23,Payment Successed
936,2539,2021-04-05,Payment Successed
938,16338,2020-05-05,Payment Successed
939,1677,2021-03-30,Payment Successed
944,5218,2021-07-11,Payment Successed
946,8597,2023-04-01,Payment Successed
948,4649,2021-06-11,Payment Successed
950,9864,2020-02-16,Payment Successed
952,6870,2023-05-24,Payment Successed
954,10707,2021-12-03,Payment Successed
955,12741,2023-09-27,Payment Successed
956,15412,2020-06-18,Payment Successed
958,17612,2022-02-26,Payment Successed
960,5955,2020-01-07,Payment Successed
962,19748,2020-12-29,Payment Successed
957,18531,2022-02-03,Payment Pending
959,8252,2020-01-07,Payment Pending
961,7619,2021-06-14,Payment Pending
964,15919,2021-04-22,Payment Pending
966,11414,2020-06-05,Payment Pending
967,2212,2021-11-01,Payment Pending
968,14406,2022-08-26,Payment Pending
969,2256,2023-03-11,Payment Pending
970,2072,2020-05-12,Payment Pending
972,10324,2020-11-24,Payment Pending
973,16256,2023-01-20,Payment Pending
977,16780,2022-08-13,Payment Pending
979,10864,2021-05-18,Payment Pending
981,15351,2021-01-04,Payment Pending
983,3773,2021-07-28,Payment Pending
987,14729,2021-12-31,Payment Pending
992,10380,2023-06-16,Payment Pending
994,18366,2020-06-03,Payment Pending
996,9640,2022-07-10,Payment Pending
997,8890,2020-07-14,Payment Pending
998,11610,2020-02-27,Payment Pending
1002,9522,2023-05-08,Payment Pending
1009,9529,2023-11-17,Payment Pending
1012,8056,2023-12-26,Payment Pending
1014,7353,2022-06-26,Payment Pending
1016,13432,2020-05-07,Payment Pending
1017,14079,2020-12-28,Payment Pending
1018,7136,2023-06-17,Payment Pending
1019,3474,2023-05-28,Payment Pending
1020,655,2021-01-12,Payment Pending
1022,4359,2022-05-07,Payment Pending
1023,1951,2022-02-06,Payment Pending
1024,1573,2023-01-05,Payment Pending
1032,13741,2023-11-03,Payment Pending
1035,21283,2023-03-06,Payment Pending
1036,12231,2021-09-14,Payment Pending
1039,6360,2023-07-12,Payment Pending
1044,17142,2021-01-04,Payment Pending
1089,15100,2023-01-24,Payment Pending
1090,9804,2022-01-29,Payment Pending
1091,5066,2022-05-03,Payment Pending
1092,19115,2021-07-17,Payment Pending
1094,13873,2021-02-06,Payment Pending
1096,21183,2022-01-05,Payment Pending
1103,17943,2021-12-12,Payment Pending
1104,17728,2023-10-26,Payment Pending
1105,8789,2022-09-29,Payment Pending
1108,20754,2022-09-23,Payment Pending
1110,9352,2020-09-14,Payment Pending
1113,16341,2023-07-09,Payment Pending
1114,11729,2022-12-14,Payment Pending
1115,9524,2020-01-28,Payment Pending
1117,14115,2023-06-14,Payment Pending
1118,18909,2022-04-15,Payment Pending
1119,7679,2023-01-12,Payment Pending
1125,16170,2021-07-31,Payment Pending
1128,14756,2023-09-05,Payment Pending
1133,7212,2020-11-10,Payment Pending
1249,10174,2023-12-22,Payment Failed
1251,6313,2023-03-14,Payment Failed
1306,21198,2021-12-25,Payment Failed
1321,10060,2023-09-01,Payment Failed
1331,18823,2020-03-21,Payment Failed
1334,6303,2022-06-06,Payment Failed
1336,17281,2020-03-12,Payment Failed
1339,22,2023-05-17,Payment Failed
971,11327,2023-09-10,Payment Successed
974,14744,2020-08-15,Payment Successed
976,15024,2020-11-27,Payment Successed
980,18317,2023-09-16,Payment Successed
982,17819,2023-01-24,Payment Successed
986,10845,2022-02-01,Payment Successed
989,20299,2020-02-24,Payment Successed
990,8046,2020-06-08,Payment Successed
991,10509,2022-06-19,Payment Successed
993,6336,2020-10-24,Payment Successed
1000,10004,2023-05-29,Payment Successed
1001,2771,2020-10-03,Payment Successed
1004,1439,2022-10-03,Payment Successed
1005,6091,2023-09-25,Payment Successed
1007,4597,2021-06-26,Payment Successed
1008,284,2021-12-17,Payment Successed
1011,10371,2023-05-21,Payment Successed
1021,12516,2022-01-24,Payment Successed
1025,1092,2023-02-27,Payment Successed
1026,9457,2023-02-11,Payment Successed
1028,17528,2020-07-02,Payment Successed
1029,21426,2020-06-02,Payment Successed
1030,1362,2021-10-08,Payment Successed
1034,7850,2021-01-27,Payment Successed
1037,6137,2020-11-14,Payment Successed
1038,2023,2023-03-31,Payment Successed
1040,14578,2021-12-16,Payment Successed
1041,17586,2021-08-07,Payment Successed
1042,1232,2023-09-08,Payment Successed
1043,834,2023-07-13,Payment Successed
1045,3182,2020-02-04,Payment Successed
1047,19547,2021-12-13,Payment Successed
1048,3921,2023-08-02,Payment Successed
1052,8217,2021-11-09,Payment Successed
1056,20929,2023-03-22,Payment Successed
1058,16064,2022-12-22,Payment Successed
1059,15490,2021-08-11,Payment Successed
1063,12919,2023-03-04,Payment Successed
1065,4822,2023-01-02,Payment Successed
1067,10220,2023-01-07,Payment Successed
1069,20888,2023-09-22,Payment Successed
1071,4467,2020-03-26,Payment Successed
1072,991,2020-09-09,Payment Successed
1073,8047,2023-07-04,Payment Successed
1076,10475,2021-09-21,Payment Successed
1078,20434,2022-02-02,Payment Successed
1079,16889,2022-06-15,Payment Successed
1081,10461,2021-12-04,Payment Successed
1083,8825,2022-05-20,Payment Successed
1085,1789,2022-10-25,Payment Successed
1086,6768,2020-06-23,Payment Successed
1087,15196,2020-04-18,Payment Successed
1093,20412,2020-08-19,Payment Successed
1095,12241,2023-02-14,Payment Successed
1097,19338,2022-12-24,Payment Successed
1098,1342,2021-01-04,Payment Successed
1099,14760,2023-08-05,Payment Successed
1100,19022,2020-06-15,Payment Successed
1101,19150,2020-05-22,Payment Successed
1102,5329,2020-09-13,Payment Successed
1134,21559,2022-06-25,Payment Pending
1135,1736,2021-09-07,Payment Pending
1136,16739,2023-01-08,Payment Pending
1137,3885,2023-07-05,Payment Pending
1139,6828,2021-11-23,Payment Pending
1140,17301,2023-08-06,Payment Pending
1143,11381,2022-09-15,Payment Pending
1147,14916,2021-10-30,Payment Pending
1161,6161,2022-11-11,Payment Pending
1162,20752,2023-01-29,Payment Pending
1164,5761,2023-07-23,Payment Pending
1169,19157,2022-01-19,Payment Pending
1173,4999,2022-04-11,Payment Pending
1175,17776,2021-03-13,Payment Pending
1176,3886,2023-10-03,Payment Pending
1179,7644,2020-09-09,Payment Pending
1182,12165,2023-11-09,Payment Pending
1184,1808,2022-12-27,Payment Pending
1185,7258,2021-06-15,Payment Pending
1186,6436,2023-03-10,Payment Pending
1190,21263,2023-05-13,Payment Pending
1192,2938,2021-11-05,Payment Pending
1194,20524,2021-04-26,Payment Pending
1195,13390,2021-09-04,Payment Pending
1196,5457,2022-09-19,Payment Pending
1197,8020,2021-02-09,Payment Pending
1198,8604,2022-09-11,Payment Pending
1209,18950,2023-08-14,Payment Pending
1211,18122,2020-01-27,Payment Pending
1215,14548,2020-11-09,Payment Pending
1216,10401,2023-06-01,Payment Pending
1219,5045,2023-01-30,Payment Pending
1222,17134,2023-07-22,Payment Pending
1224,19356,2021-02-23,Payment Pending
21197,11191,2023-09-03,Payment Pending
21200,15286,2022-06-25,Payment Pending
21202,580,2021-11-22,Payment Pending
21203,16911,2023-11-05,Payment Pending
21209,10212,2022-04-07,Payment Pending
21212,16733,2021-04-05,Payment Pending
1227,303,2020-09-11,Payment Pending
1228,16900,2023-08-02,Payment Pending
1229,21141,2021-02-14,Payment Pending
1231,6454,2023-06-12,Payment Pending
1233,4489,2023-05-09,Payment Pending
1237,19180,2023-06-08,Payment Pending
1239,8012,2021-06-07,Payment Pending
1240,7773,2022-06-27,Payment Pending
1241,19145,2023-07-06,Payment Pending
1243,4390,2020-11-08,Payment Pending
1244,15073,2021-09-27,Payment Pending
1245,18730,2022-04-26,Payment Pending
1252,6534,2022-04-06,Payment Pending
1253,13568,2023-01-20,Payment Pending
1254,13262,2020-05-28,Payment Pending
1255,20513,2021-06-29,Payment Pending
1256,9890,2023-03-20,Payment Pending
1261,7454,2022-01-30,Payment Pending
1262,11053,2022-06-25,Payment Pending
1263,11405,2020-05-01,Payment Pending
1264,16245,2021-08-14,Payment Pending
1363,7792,2021-02-18,Payment Failed
1380,21118,2023-12-26,Payment Failed
1403,10032,2022-09-18,Payment Failed
1414,9144,2022-06-25,Payment Failed
1448,2916,2021-03-08,Payment Failed
1463,13301,2021-05-03,Payment Failed
1467,13906,2021-09-13,Payment Failed
1368,1858,2022-10-30,Refunded
1386,938,2022-06-03,Refunded
1438,20535,2023-08-22,Refunded
1487,20388,2022-02-12,Refunded
1107,7646,2022-05-08,Payment Successed
1111,3730,2020-02-21,Payment Successed
1112,15510,2022-01-10,Payment Successed
1116,7898,2020-08-31,Payment Successed
1120,19534,2021-02-08,Payment Successed
1121,5493,2022-04-25,Payment Successed
1123,9900,2022-11-05,Payment Successed
1124,17318,2021-09-19,Payment Successed
1127,13914,2022-11-28,Payment Successed
1129,18170,2020-11-03,Payment Successed
1130,9125,2022-01-18,Payment Successed
1132,10263,2020-10-27,Payment Successed
1138,8293,2020-06-21,Payment Successed
1141,9834,2021-10-11,Payment Successed
1144,6505,2023-05-26,Payment Successed
1145,5845,2021-02-12,Payment Successed
1146,755,2022-10-27,Payment Successed
1148,20202,2020-09-08,Payment Successed
1150,3701,2021-04-19,Payment Successed
1151,3982,2022-05-03,Payment Successed
1154,12677,2020-07-06,Payment Successed
1155,3862,2021-04-04,Payment Successed
1156,4393,2020-06-18,Payment Successed
1158,18543,2020-01-04,Payment Successed
1159,3075,2020-06-10,Payment Successed
1160,11783,2022-12-31,Payment Successed
1165,9726,2021-08-24,Payment Successed
1166,13477,2022-06-13,Payment Successed
1167,18153,2021-03-23,Payment Successed
1168,12314,2020-09-16,Payment Successed
1170,6763,2023-03-14,Payment Successed
1171,15874,2021-08-19,Payment Successed
1172,21616,2021-08-21,Payment Successed
1177,5984,2022-05-01,Payment Successed
1178,17494,2023-10-04,Payment Successed
1180,12986,2023-10-08,Payment Successed
1181,19874,2020-01-31,Payment Successed
1183,19477,2021-11-06,Payment Successed
1187,10572,2020-10-04,Payment Successed
1188,10971,2020-06-03,Payment Successed
1191,1136,2021-02-27,Payment Successed
1193,2535,2021-09-22,Payment Successed
1199,16735,2021-08-10,Payment Successed
1200,8051,2021-04-28,Payment Successed
1201,16340,2022-06-17,Payment Successed
1267,7519,2020-02-02,Payment Pending
1268,6899,2023-06-30,Payment Pending
1271,15495,2021-02-17,Payment Pending
1273,21348,2022-12-01,Payment Pending
1274,4041,2023-05-30,Payment Pending
1276,15414,2022-09-22,Payment Pending
1277,3315,2021-04-10,Payment Pending
1279,2123,2021-09-17,Payment Pending
1280,4839,2020-08-05,Payment Pending
1283,15177,2023-01-30,Payment Pending
1288,1000,2022-12-25,Payment Pending
1290,3381,2023-05-06,Payment Pending
1296,16332,2023-01-24,Payment Pending
1297,6369,2020-12-16,Payment Pending
1299,16879,2022-09-23,Payment Pending
1307,11867,2022-05-23,Payment Pending
1308,11433,2023-07-05,Payment Pending
1314,831,2020-09-01,Payment Pending
1315,17537,2022-07-04,Payment Pending
1323,17647,2023-08-27,Payment Pending
1324,5744,2020-07-23,Payment Pending
1325,14984,2021-12-01,Payment Pending
1326,5409,2023-06-21,Payment Pending
1327,13779,2023-06-22,Payment Pending
1328,7245,2022-09-07,Payment Pending
1330,5591,2020-08-20,Payment Pending
1332,12017,2022-12-23,Payment Pending
1333,1923,2020-08-22,Payment Pending
1338,13511,2022-04-17,Payment Pending
1349,13663,2021-09-05,Payment Pending
1350,2511,2023-04-30,Payment Pending
1351,6904,2022-03-18,Payment Pending
1356,12259,2021-12-27,Payment Pending
1358,11521,2021-05-01,Payment Pending
1359,1964,2022-08-24,Payment Pending
1360,11042,2020-03-30,Payment Pending
21213,14057,2023-03-12,Payment Pending
21215,7347,2020-06-22,Payment Pending
21216,18440,2021-09-29,Payment Pending
21217,14128,2022-10-22,Payment Pending
1361,2904,2023-09-13,Payment Pending
1362,6041,2022-10-26,Payment Pending
1373,3146,2023-10-11,Payment Pending
1375,15881,2023-09-07,Payment Pending
1377,8364,2020-01-10,Payment Pending
1379,13307,2022-04-08,Payment Pending
1383,17694,2023-05-26,Payment Pending
1385,3999,2021-08-13,Payment Pending
1391,13133,2023-12-06,Payment Pending
1392,6953,2022-07-20,Payment Pending
1393,15451,2023-10-15,Payment Pending
1397,16380,2021-01-24,Payment Pending
1399,745,2022-02-05,Payment Pending
1400,130,2023-12-15,Payment Pending
1402,16945,2021-08-24,Payment Pending
1404,14372,2021-09-15,Payment Pending
1405,1644,2020-09-07,Payment Pending
1408,3966,2023-04-18,Payment Pending
1410,20674,2023-06-26,Payment Pending
1411,8103,2021-03-30,Payment Pending
1420,1144,2020-05-24,Payment Pending
1422,21115,2023-03-17,Payment Pending
1428,14985,2020-12-07,Payment Pending
1429,239,2021-02-05,Payment Pending
1430,6385,2021-05-09,Payment Pending
1434,11265,2022-01-08,Payment Pending
1436,15418,2023-07-22,Payment Pending
1439,3114,2021-02-05,Payment Pending
1440,12292,2021-05-08,Payment Pending
1441,2388,2020-12-16,Payment Pending
1444,3913,2021-01-12,Payment Pending
1445,6039,2022-09-12,Payment Pending
1447,5555,2021-12-31,Payment Pending
1511,8179,2021-09-18,Payment Failed
1563,13455,2020-07-07,Payment Failed
1579,16294,2020-02-26,Payment Failed
1603,14415,2022-09-08,Payment Failed
1614,6779,2023-08-24,Payment Failed
1617,18288,2023-08-04,Payment Failed
1529,13579,2022-10-19,Refunded
1550,7886,2021-02-24,Refunded
1625,1440,2023-09-16,Refunded
1202,12798,2020-01-27,Payment Successed
1203,15,2023-08-07,Payment Successed
1204,7688,2021-12-03,Payment Successed
1205,14604,2022-03-26,Payment Successed
1206,13292,2020-04-02,Payment Successed
1208,3703,2023-11-14,Payment Successed
1210,19488,2021-03-04,Payment Successed
1212,17651,2022-02-14,Payment Successed
1213,21305,2022-11-17,Payment Successed
1214,16789,2023-02-16,Payment Successed
1217,15363,2023-01-22,Payment Successed
1218,4807,2023-01-19,Payment Successed
1220,13299,2020-05-10,Payment Successed
1221,19541,2023-09-29,Payment Successed
1223,9806,2021-12-14,Payment Successed
1225,18812,2020-05-19,Payment Successed
1226,7192,2023-02-04,Payment Successed
1230,2615,2023-03-24,Payment Successed
1232,2532,2022-11-20,Payment Successed
1234,495,2020-04-23,Payment Successed
1235,4524,2022-12-27,Payment Successed
1236,7184,2021-10-14,Payment Successed
1238,7415,2020-01-30,Payment Successed
1242,11834,2020-08-03,Payment Successed
1246,15459,2021-12-27,Payment Successed
1247,3101,2021-01-28,Payment Successed
1248,6056,2023-07-15,Payment Successed
1250,2057,2021-11-19,Payment Successed
1257,15296,2021-06-19,Payment Successed
1258,5514,2020-11-06,Payment Successed
1259,19440,2023-08-05,Payment Successed
1260,10615,2023-03-14,Payment Successed
1265,8409,2021-04-25,Payment Successed
1266,6787,2023-08-15,Payment Successed
1269,18148,2021-10-06,Payment Successed
1270,5042,2023-07-28,Payment Successed
1272,20842,2023-08-04,Payment Successed
1275,17150,2022-06-03,Payment Successed
1278,7410,2021-08-11,Payment Successed
1281,12630,2020-07-06,Payment Successed
1282,2287,2021-05-19,Payment Successed
1284,10628,2020-03-14,Payment Successed
1285,5703,2020-07-30,Payment Successed
1286,10988,2020-09-28,Payment Successed
1287,7489,2021-04-22,Payment Successed
1289,18886,2022-04-07,Payment Successed
1291,4615,2021-08-15,Payment Successed
1292,14305,2020-08-27,Payment Successed
1294,18113,2020-01-16,Payment Successed
1450,12264,2022-04-13,Payment Pending
1454,7623,2020-01-12,Payment Pending
1456,21013,2020-12-10,Payment Pending
1459,8848,2021-06-17,Payment Pending
1460,3922,2022-08-19,Payment Pending
1464,17883,2023-04-02,Payment Pending
1468,21260,2020-01-03,Payment Pending
1476,14127,2023-02-02,Payment Pending
1478,16771,2022-05-20,Payment Pending
1479,406,2023-02-13,Payment Pending
1483,14628,2021-09-29,Payment Pending
1484,11332,2021-11-15,Payment Pending
1489,4009,2020-08-23,Payment Pending
1491,16876,2021-06-20,Payment Pending
1495,13820,2020-11-17,Payment Pending
1497,14851,2022-09-23,Payment Pending
1498,18012,2022-03-10,Payment Pending
1501,3279,2020-07-05,Payment Pending
1509,6964,2022-12-23,Payment Pending
1513,4254,2020-01-10,Payment Pending
1514,8001,2022-08-14,Payment Pending
1515,8352,2021-07-07,Payment Pending
1519,16663,2020-10-02,Payment Pending
1520,2870,2020-07-10,Payment Pending
1521,20601,2021-10-26,Payment Pending
1525,6259,2023-07-10,Payment Pending
1526,5383,2021-02-27,Payment Pending
1527,7558,2021-04-02,Payment Pending
1528,1890,2022-07-03,Payment Pending
1531,20809,2022-08-12,Payment Pending
1532,8586,2021-01-24,Payment Pending
1533,11124,2020-08-08,Payment Pending
1536,12881,2023-05-13,Payment Pending
1537,2021,2023-12-02,Payment Pending
1541,12979,2021-08-29,Payment Pending
1543,3986,2023-12-12,Payment Pending
1545,16121,2020-09-28,Payment Pending
1547,6297,2020-09-14,Payment Pending
1549,10024,2021-09-21,Payment Pending
1561,18077,2021-09-16,Payment Pending
1565,10172,2022-01-19,Payment Pending
1567,8156,2022-07-08,Payment Pending
1570,11874,2020-12-16,Payment Pending
1574,21275,2022-01-14,Payment Pending
1576,6170,2023-07-08,Payment Pending
1577,15168,2020-12-09,Payment Pending
1581,8989,2020-12-25,Payment Pending
1583,9654,2023-06-01,Payment Pending
1586,15293,2021-07-30,Payment Pending
1587,15330,2023-02-27,Payment Pending
1588,20251,2022-07-11,Payment Pending
1595,716,2020-05-23,Payment Pending
1597,7760,2022-01-09,Payment Pending
1598,12917,2023-01-02,Payment Pending
1599,12803,2022-05-25,Payment Pending
1601,2376,2022-08-01,Payment Pending
1602,3271,2020-05-18,Payment Pending
1604,19939,2022-11-13,Payment Pending
1605,9707,2021-12-17,Payment Pending
1612,12100,2020-11-30,Payment Pending
1613,2434,2020-10-16,Payment Pending
1619,19190,2021-02-26,Payment Pending
1622,5178,2022-09-05,Payment Pending
1623,6426,2021-06-18,Payment Pending
1626,20808,2023-05-06,Payment Pending
1627,10265,2023-12-09,Payment Pending
1632,14307,2022-12-02,Payment Pending
1295,11900,2020-04-28,Payment Successed
1298,16001,2021-03-19,Payment Successed
1300,12274,2023-08-30,Payment Successed
1301,21150,2021-08-29,Payment Successed
1650,20930,2020-03-07,Payment Failed
1652,13648,2022-07-29,Payment Failed
1676,325,2020-02-26,Payment Failed
1696,14365,2022-09-05,Payment Failed
1715,3776,2020-11-10,Payment Failed
1733,10950,2022-05-07,Payment Failed
1735,13917,2023-08-27,Payment Failed
1742,7562,2021-04-14,Payment Failed
1744,6773,2021-07-12,Payment Failed
1759,11509,2021-01-17,Payment Failed
1649,4356,2021-04-01,Refunded
1663,4943,2023-03-07,Refunded
1691,10087,2022-02-17,Refunded
1706,18247,2021-09-11,Refunded
1302,13623,2021-10-07,Payment Successed
1303,20039,2020-11-11,Payment Successed
1304,16030,2023-07-27,Payment Successed
1305,12417,2022-05-22,Payment Successed
1309,452,2023-12-10,Payment Successed
1310,8891,2021-06-10,Payment Successed
1311,11267,2020-02-12,Payment Successed
1312,18668,2021-11-07,Payment Successed
1313,8912,2022-12-03,Payment Successed
1316,10761,2021-01-17,Payment Successed
1317,13167,2021-08-15,Payment Successed
1318,12434,2020-07-27,Payment Successed
1319,13005,2021-01-05,Payment Successed
1320,21177,2021-11-24,Payment Successed
1322,15861,2023-08-18,Payment Successed
1329,6480,2022-05-21,Payment Successed
1335,2561,2021-12-04,Payment Successed
1337,20671,2022-05-11,Payment Successed
1340,15049,2020-08-10,Payment Successed
1341,19307,2021-08-19,Payment Successed
1342,11654,2022-08-31,Payment Successed
1343,5233,2023-02-11,Payment Successed
1344,8038,2023-12-09,Payment Successed
1345,838,2020-04-21,Payment Successed
1346,8822,2023-01-22,Payment Successed
1347,12613,2020-03-12,Payment Successed
1348,17525,2020-12-23,Payment Successed
1352,4145,2022-11-05,Payment Successed
1353,19986,2021-01-09,Payment Successed
1354,14763,2020-06-20,Payment Successed
1355,21544,2021-10-04,Payment Successed
1357,12907,2021-03-08,Payment Successed
1364,584,2022-04-14,Payment Successed
1365,10589,2023-06-26,Payment Successed
1366,6911,2023-09-17,Payment Successed
1367,5288,2021-09-07,Payment Successed
1369,1110,2022-06-13,Payment Successed
1370,18226,2023-10-27,Payment Successed
1371,18785,2023-05-16,Payment Successed
1372,11910,2023-01-24,Payment Successed
1374,18217,2022-01-10,Payment Successed
1376,9663,2023-09-08,Payment Successed
1378,12734,2022-01-21,Payment Successed
1636,2757,2022-09-13,Payment Pending
1637,12532,2021-09-08,Payment Pending
1643,4106,2022-04-15,Payment Pending
1645,11534,2021-02-15,Payment Pending
1646,2612,2023-02-24,Payment Pending
1647,14043,2021-07-05,Payment Pending
1648,2586,2022-08-03,Payment Pending
1659,4874,2022-05-12,Payment Pending
1660,3564,2023-11-28,Payment Pending
1664,20044,2023-06-19,Payment Pending
1666,9898,2021-02-19,Payment Pending
1670,13512,2023-11-26,Payment Pending
1680,17923,2023-09-02,Payment Pending
1681,9534,2023-01-03,Payment Pending
1686,15055,2022-04-20,Payment Pending
1689,7838,2020-02-29,Payment Pending
1690,16620,2023-06-09,Payment Pending
1692,10651,2021-05-18,Payment Pending
1694,13586,2022-06-17,Payment Pending
1698,19171,2021-06-17,Payment Pending
1699,9463,2022-05-02,Payment Pending
1701,21241,2020-08-23,Payment Pending
1704,2134,2021-10-28,Payment Pending
1708,983,2022-03-01,Payment Pending
1712,10747,2022-05-12,Payment Pending
1713,18489,2021-11-12,Payment Pending
1716,18845,2020-09-02,Payment Pending
1718,15926,2022-11-24,Payment Pending
1719,17644,2023-09-18,Payment Pending
1721,5864,2023-07-31,Payment Pending
1722,12975,2021-09-27,Payment Pending
1723,11455,2022-11-17,Payment Pending
1724,12009,2021-09-08,Payment Pending
1725,1186,2022-03-13,Payment Pending
1726,19192,2021-04-17,Payment Pending
1730,14684,2020-12-11,Payment Pending
1731,6089,2023-06-17,Payment Pending
1739,259,2021-07-30,Payment Pending
1740,8905,2020-10-23,Payment Pending
1745,19043,2020-09-07,Payment Pending
1746,5227,2021-11-05,Payment Pending
1747,16714,2021-12-29,Payment Pending
1749,8196,2023-04-05,Payment Pending
1751,18340,2021-04-26,Payment Pending
1755,8454,2020-07-07,Payment Pending
1756,10856,2020-03-26,Payment Pending
1768,3974,2021-12-16,Payment Pending
1381,3828,2023-12-06,Payment Successed
1382,6560,2020-12-29,Payment Successed
1384,994,2023-08-19,Payment Successed
1387,11238,2021-09-27,Payment Successed
1388,8119,2021-07-26,Payment Successed
1389,8936,2022-12-28,Payment Successed
1390,9887,2020-03-13,Payment Successed
1394,12984,2021-03-29,Payment Successed
1395,631,2023-10-17,Payment Successed
1396,5554,2022-01-19,Payment Successed
1398,1734,2022-06-29,Payment Successed
1401,11720,2022-10-02,Payment Successed
1406,2456,2023-06-04,Payment Successed
1407,19289,2020-11-26,Payment Successed
1409,10273,2021-08-11,Payment Successed
1412,12557,2023-02-21,Payment Successed
1413,12514,2020-02-22,Payment Successed
1415,18325,2023-11-13,Payment Successed
1416,7190,2022-06-28,Payment Successed
1417,4401,2020-06-08,Payment Successed
1418,18863,2023-09-07,Payment Successed
1419,1683,2022-01-28,Payment Successed
1421,13329,2023-04-08,Payment Successed
1423,11585,2023-04-09,Payment Successed
1793,9967,2022-07-17,Payment Failed
1799,288,2020-10-10,Payment Failed
1834,471,2023-08-28,Payment Failed
1835,946,2023-07-07,Payment Failed
1866,7553,2020-06-26,Payment Failed
1872,19628,2023-05-20,Payment Failed
1883,2121,2021-03-04,Payment Failed
1810,9981,2020-06-02,Refunded
1811,8319,2023-01-03,Refunded
1825,12771,2022-05-30,Refunded
1858,8275,2020-02-16,Refunded
1887,5013,2022-07-15,Refunded
1901,2346,2023-03-27,Refunded
1424,11636,2020-03-24,Payment Successed
1425,10020,2021-11-21,Payment Successed
1426,20059,2023-09-29,Payment Successed
1427,9685,2020-09-18,Payment Successed
1431,19085,2023-08-18,Payment Successed
1432,8088,2023-11-02,Payment Successed
1433,10228,2021-12-27,Payment Successed
1435,9662,2022-03-25,Payment Successed
1437,3190,2021-08-18,Payment Successed
1442,18614,2020-07-21,Payment Successed
1443,17220,2022-04-15,Payment Successed
1446,19835,2022-11-21,Payment Successed
1449,5792,2021-06-14,Payment Successed
1451,14801,2020-07-06,Payment Successed
1452,810,2022-01-14,Payment Successed
1453,14186,2020-04-16,Payment Successed
1455,20742,2020-03-21,Payment Successed
1457,15701,2022-03-24,Payment Successed
1458,20994,2020-06-29,Payment Successed
1461,10719,2022-01-20,Payment Successed
1462,16354,2021-11-21,Payment Successed
1465,8966,2021-06-10,Payment Successed
1466,1048,2022-12-04,Payment Successed
1469,19550,2022-12-10,Payment Successed
1470,8418,2023-07-31,Payment Successed
1471,15428,2022-08-23,Payment Successed
1472,12543,2020-02-13,Payment Successed
1473,13652,2022-12-30,Payment Successed
1474,9317,2021-07-14,Payment Successed
1475,5816,2021-01-30,Payment Successed
1477,15725,2022-05-14,Payment Successed
1480,17297,2021-01-15,Payment Successed
1481,13680,2020-03-15,Payment Successed
1482,13789,2020-06-11,Payment Successed
1485,11033,2020-10-23,Payment Successed
1486,1012,2022-08-12,Payment Successed
1488,10808,2022-12-11,Payment Successed
1490,3407,2020-09-10,Payment Successed
1492,20233,2022-12-18,Payment Successed
1772,17435,2021-06-14,Payment Pending
1776,18433,2021-07-12,Payment Pending
1780,20951,2020-06-22,Payment Pending
1781,12614,2022-06-03,Payment Pending
1782,194,2023-12-13,Payment Pending
1785,635,2021-01-04,Payment Pending
1789,18664,2020-07-27,Payment Pending
1792,5095,2020-09-21,Payment Pending
1795,12446,2020-10-20,Payment Pending
1796,13603,2022-06-15,Payment Pending
1798,15452,2021-11-04,Payment Pending
1802,2068,2021-07-07,Payment Pending
1804,10895,2020-05-22,Payment Pending
1805,10444,2021-02-26,Payment Pending
1807,14236,2023-08-14,Payment Pending
1812,3649,2020-12-29,Payment Pending
1814,3750,2021-06-19,Payment Pending
1816,9213,2020-10-19,Payment Pending
1818,3222,2023-10-23,Payment Pending
1820,16817,2021-02-18,Payment Pending
1823,16635,2020-05-15,Payment Pending
1826,5415,2021-05-28,Payment Pending
1828,18105,2021-04-29,Payment Pending
1830,18074,2022-05-10,Payment Pending
1833,1313,2022-05-16,Payment Pending
1836,15103,2023-06-26,Payment Pending
1848,7082,2023-11-23,Payment Pending
1849,6510,2021-04-16,Payment Pending
1851,7702,2020-01-17,Payment Pending
1852,20385,2023-07-13,Payment Pending
1854,18283,2022-04-04,Payment Pending
1859,10192,2022-01-23,Payment Pending
1860,13462,2021-12-09,Payment Pending
1865,2556,2021-03-09,Payment Pending
1875,3105,2022-06-15,Payment Pending
1876,5589,2023-06-13,Payment Pending
1879,5942,2020-04-18,Payment Pending
1886,12388,2021-05-23,Payment Pending
1889,18627,2023-06-14,Payment Pending
1893,14784,2020-02-21,Payment Pending
1894,12962,2021-09-26,Payment Pending
1895,40,2023-02-10,Payment Pending
1896,20170,2021-10-23,Payment Pending
1899,12491,2021-03-15,Payment Pending
1903,18029,2020-09-12,Payment Pending
1493,5677,2023-09-03,Payment Successed
1494,11712,2021-10-16,Payment Successed
1496,6746,2020-01-10,Payment Successed
1499,7991,2020-01-29,Payment Successed
1500,21487,2023-01-12,Payment Successed
1502,14566,2022-02-10,Payment Successed
1503,6942,2023-06-04,Payment Successed
1504,5605,2023-12-29,Payment Successed
1505,14160,2020-06-05,Payment Successed
1506,18313,2021-04-04,Payment Successed
1507,7872,2023-03-14,Payment Successed
1508,15029,2022-05-13,Payment Successed
1510,1529,2022-05-19,Payment Successed
1512,15300,2020-02-23,Payment Successed
1516,14087,2022-03-28,Payment Successed
1517,11446,2023-02-19,Payment Successed
1518,13053,2023-02-01,Payment Successed
1522,20399,2023-10-03,Payment Successed
1523,21339,2020-07-02,Payment Successed
1524,15996,2021-04-13,Payment Successed
1530,11542,2021-10-20,Payment Successed
1534,10633,2021-02-02,Payment Successed
1535,20792,2023-11-01,Payment Successed
1538,403,2020-11-07,Payment Successed
1539,9059,2023-08-13,Payment Successed
1540,20017,2023-09-29,Payment Successed
1542,14972,2023-01-05,Payment Successed
1544,10249,2021-06-07,Payment Successed
1546,16324,2022-12-18,Payment Successed
1548,19852,2021-12-11,Payment Successed
1933,13366,2021-01-04,Payment Failed
1943,8084,2023-05-21,Payment Failed
1967,12945,2023-03-09,Payment Failed
1975,2996,2023-09-04,Payment Failed
1986,1064,2022-01-21,Payment Failed
1996,8549,2021-01-16,Payment Failed
2007,7902,2021-06-06,Payment Failed
2010,9907,2021-12-09,Payment Failed
2013,18670,2021-03-09,Payment Failed
2016,20672,2021-05-02,Payment Failed
2019,13342,2021-11-18,Payment Failed
2037,10748,2021-10-02,Payment Failed
1965,18112,2021-11-14,Refunded
2000,4108,2023-09-23,Refunded
2034,19153,2021-06-13,Refunded
1551,11626,2021-09-28,Payment Successed
1552,19803,2022-09-01,Payment Successed
1553,9403,2021-11-19,Payment Successed
1554,12454,2022-05-14,Payment Successed
1555,13029,2021-08-08,Payment Successed
1556,16521,2021-11-12,Payment Successed
1557,1688,2022-06-25,Payment Successed
1558,18157,2023-07-11,Payment Successed
1559,7803,2023-11-15,Payment Successed
1560,15308,2023-10-17,Payment Successed
1562,16017,2020-02-11,Payment Successed
1564,6799,2020-11-16,Payment Successed
1566,18160,2023-08-30,Payment Successed
1568,4584,2021-01-04,Payment Successed
1569,12101,2021-09-30,Payment Successed
1571,15527,2020-06-01,Payment Successed
1572,1415,2021-06-19,Payment Successed
1573,11482,2023-10-30,Payment Successed
1575,350,2023-02-26,Payment Successed
1578,9781,2021-07-17,Payment Successed
1580,12466,2022-01-12,Payment Successed
1582,21543,2022-11-01,Payment Successed
1584,9646,2022-10-07,Payment Successed
1585,9906,2023-03-31,Payment Successed
1589,12866,2021-09-21,Payment Successed
1590,4111,2021-04-01,Payment Successed
1591,8147,2021-04-05,Payment Successed
1592,133,2023-08-22,Payment Successed
1593,6126,2021-04-28,Payment Successed
1594,433,2022-08-08,Payment Successed
1596,1006,2022-02-14,Payment Successed
1600,4984,2023-04-25,Payment Successed
1606,9873,2022-10-22,Payment Successed
1607,19266,2021-05-10,Payment Successed
1608,2903,2020-07-27,Payment Successed
1609,15826,2023-05-01,Payment Successed
1610,12610,2020-12-07,Payment Successed
1611,5669,2023-02-12,Payment Successed
1615,13001,2021-04-02,Payment Successed
1616,6711,2021-03-01,Payment Successed
1618,19818,2021-04-20,Payment Successed
1620,1245,2020-01-09,Payment Successed
1621,482,2022-10-13,Payment Successed
1624,14392,2023-08-28,Payment Successed
1905,10266,2020-07-17,Payment Pending
1908,5634,2023-11-18,Payment Pending
1910,4544,2021-05-31,Payment Pending
1914,20637,2020-02-02,Payment Pending
1921,14915,2021-03-04,Payment Pending
1924,12521,2021-01-30,Payment Pending
1929,7420,2023-06-26,Payment Pending
1931,2940,2023-02-27,Payment Pending
1932,6254,2023-04-13,Payment Pending
1936,18013,2020-02-03,Payment Pending
1939,19922,2022-07-04,Payment Pending
1941,13192,2022-07-12,Payment Pending
1942,5035,2020-10-14,Payment Pending
1946,20645,2023-07-21,Payment Pending
1948,11461,2022-11-04,Payment Pending
1949,4609,2022-04-22,Payment Pending
1951,16280,2021-06-15,Payment Pending
1960,14721,2022-10-28,Payment Pending
1961,11678,2021-02-04,Payment Pending
1966,2673,2020-08-28,Payment Pending
1968,5000,2021-06-11,Payment Pending
1969,7863,2023-05-14,Payment Pending
1973,555,2020-11-24,Payment Pending
1974,3408,2020-05-04,Payment Pending
1978,17565,2021-01-31,Payment Pending
1983,17390,2023-10-15,Payment Pending
1984,913,2022-06-18,Payment Pending
1985,12258,2023-08-18,Payment Pending
1988,15163,2020-12-17,Payment Pending
1990,7187,2022-06-30,Payment Pending
1992,14919,2021-04-30,Payment Pending
1993,17680,2022-11-07,Payment Pending
1994,2394,2021-03-22,Payment Pending
1997,19095,2020-10-16,Payment Pending
2001,2947,2020-02-20,Payment Pending
2003,17970,2023-04-30,Payment Pending
2004,15828,2020-03-09,Payment Pending
2005,10803,2023-11-13,Payment Pending
2008,7653,2021-01-23,Payment Pending
2012,21439,2023-06-26,Payment Pending
2015,20227,2020-12-15,Payment Pending
2017,14523,2023-01-03,Payment Pending
2018,13698,2022-09-20,Payment Pending
2023,6676,2022-06-27,Payment Pending
2029,14531,2021-07-11,Payment Pending
2032,17277,2022-08-03,Payment Pending
2035,15718,2023-03-07,Payment Pending
1628,7557,2023-06-26,Payment Successed
1629,2312,2020-11-17,Payment Successed
1630,14331,2023-10-09,Payment Successed
1631,17041,2020-03-09,Payment Successed
1633,3142,2021-07-22,Payment Successed
1634,7660,2021-09-28,Payment Successed
1635,12316,2021-06-13,Payment Successed
1638,8086,2023-09-13,Payment Successed
1639,19930,2022-06-15,Payment Successed
1640,6488,2020-02-17,Payment Successed
1641,20185,2022-07-28,Payment Successed
1642,21415,2022-06-04,Payment Successed
1644,7904,2023-06-26,Payment Successed
1651,5723,2022-12-25,Payment Successed
1653,15910,2020-11-01,Payment Successed
1654,16726,2023-10-23,Payment Successed
1655,16647,2023-08-09,Payment Successed
1656,18234,2023-01-02,Payment Successed
1657,3313,2023-12-02,Payment Successed
1658,13853,2021-03-22,Payment Successed
1661,14506,2022-01-17,Payment Successed
1662,13097,2023-02-09,Payment Successed
1665,13473,2020-06-03,Payment Successed
2046,1017,2023-08-31,Payment Failed
2047,15698,2021-04-29,Payment Failed
2048,3512,2022-06-27,Payment Failed
2095,17173,2022-12-14,Payment Failed
2101,6707,2021-11-06,Payment Failed
2137,15573,2022-05-31,Payment Failed
2146,12423,2022-02-25,Payment Failed
2150,13497,2021-07-02,Payment Failed
2166,9936,2022-04-04,Payment Failed
2049,4826,2022-06-13,Refunded
2081,2636,2023-05-23,Refunded
2094,10504,2021-05-04,Refunded
2160,9247,2023-07-01,Refunded
1667,6607,2023-10-03,Payment Successed
1668,10253,2020-06-13,Payment Successed
1669,18714,2020-09-05,Payment Successed
1671,4171,2021-05-10,Payment Successed
1672,4514,2020-10-10,Payment Successed
1673,6713,2022-01-11,Payment Successed
1674,3393,2021-12-19,Payment Successed
1675,8472,2021-11-02,Payment Successed
1677,7246,2020-07-26,Payment Successed
1678,21094,2020-04-23,Payment Successed
1679,1106,2023-05-24,Payment Successed
1682,6979,2021-12-03,Payment Successed
1683,19887,2023-10-19,Payment Successed
1684,12629,2023-10-09,Payment Successed
1685,15037,2023-12-04,Payment Successed
1687,8151,2021-03-17,Payment Successed
1688,290,2023-05-29,Payment Successed
1693,7263,2020-02-04,Payment Successed
1695,6160,2020-12-21,Payment Successed
1697,16791,2020-05-09,Payment Successed
1700,19352,2024-01-01,Payment Successed
1702,10905,2023-09-11,Payment Successed
1703,21016,2021-08-23,Payment Successed
1705,7479,2023-12-16,Payment Successed
1707,8767,2020-09-12,Payment Successed
1709,19889,2021-01-13,Payment Successed
1710,9746,2022-06-06,Payment Successed
1711,20514,2022-10-18,Payment Successed
1714,12412,2020-06-14,Payment Successed
1717,18868,2021-06-14,Payment Successed
1720,19257,2023-04-09,Payment Successed
1727,7118,2022-08-26,Payment Successed
1728,14536,2021-09-04,Payment Successed
1729,19820,2023-04-10,Payment Successed
1732,5194,2021-04-03,Payment Successed
1734,7394,2020-11-25,Payment Successed
1736,4502,2022-03-21,Payment Successed
1737,3274,2022-12-13,Payment Successed
1738,18696,2020-06-04,Payment Successed
1741,19077,2022-11-24,Payment Successed
1743,17508,2022-05-13,Payment Successed
2041,17531,2023-08-23,Payment Pending
2051,177,2021-12-21,Payment Pending
2055,9308,2022-09-08,Payment Pending
2056,2797,2020-06-25,Payment Pending
2058,2879,2022-11-06,Payment Pending
2060,9730,2023-06-14,Payment Pending
2064,7982,2021-10-14,Payment Pending
2068,12972,2020-06-21,Payment Pending
2070,7822,2022-10-04,Payment Pending
2078,4834,2022-08-15,Payment Pending
2079,13547,2023-04-16,Payment Pending
2082,923,2023-08-22,Payment Pending
2083,15796,2021-03-31,Payment Pending
2087,4817,2020-03-08,Payment Pending
2089,9688,2023-04-23,Payment Pending
2091,20879,2021-11-17,Payment Pending
2093,21424,2021-03-27,Payment Pending
2096,8061,2022-06-16,Payment Pending
2097,10884,2023-09-06,Payment Pending
2100,4528,2021-08-28,Payment Pending
2103,17712,2021-07-28,Payment Pending
2107,8341,2020-04-08,Payment Pending
2108,2001,2021-11-01,Payment Pending
2109,4917,2023-04-12,Payment Pending
2118,1514,2022-03-14,Payment Pending
2122,16333,2021-04-03,Payment Pending
2123,20841,2023-12-05,Payment Pending
2125,3937,2021-08-09,Payment Pending
2126,14343,2023-12-20,Payment Pending
2129,1685,2023-08-04,Payment Pending
2131,6471,2021-11-09,Payment Pending
2132,1135,2020-03-08,Payment Pending
2133,12357,2020-10-25,Payment Pending
2134,9046,2022-11-03,Payment Pending
2136,4956,2023-10-28,Payment Pending
2138,10143,2021-11-11,Payment Pending
2140,14447,2022-08-24,Payment Pending
2143,5450,2021-01-19,Payment Pending
2148,10852,2022-10-28,Payment Pending
2155,17452,2023-06-22,Payment Pending
2156,13409,2021-07-05,Payment Pending
2164,12409,2023-03-28,Payment Pending
2165,16984,2020-04-30,Payment Pending
2169,11416,2023-07-01,Payment Pending
2170,4062,2023-01-30,Payment Pending
1748,20222,2020-09-14,Payment Successed
1750,699,2022-02-03,Payment Successed
1752,19422,2020-07-03,Payment Successed
1753,13720,2021-08-31,Payment Successed
1754,3620,2023-06-23,Payment Successed
1757,5328,2022-06-23,Payment Successed
1758,15105,2020-03-27,Payment Successed
1760,21591,2021-09-17,Payment Successed
1761,4660,2020-06-19,Payment Successed
1762,14261,2020-12-02,Payment Successed
1763,6549,2021-04-15,Payment Successed
1764,6372,2022-03-18,Payment Successed
1765,17859,2022-03-27,Payment Successed
1766,4504,2022-05-06,Payment Successed
1767,2646,2020-11-22,Payment Successed
1769,7816,2023-10-17,Payment Successed
1770,8422,2020-11-19,Payment Successed
1771,1722,2020-05-25,Payment Successed
1773,14222,2021-01-13,Payment Successed
1774,10943,2023-09-26,Payment Successed
1775,16523,2022-11-24,Payment Successed
1777,331,2021-11-08,Payment Successed
1778,9357,2021-09-04,Payment Successed
1779,2992,2023-08-23,Payment Successed
1783,4920,2023-10-03,Payment Successed
1784,7726,2021-06-02,Payment Successed
1786,16137,2021-10-04,Payment Successed
1787,877,2021-06-07,Payment Successed
1788,18878,2021-01-09,Payment Successed
1790,21021,2022-01-26,Payment Successed
2182,13783,2021-01-28,Payment Failed
2197,2095,2020-05-19,Payment Failed
2240,1954,2021-03-26,Payment Failed
2264,3473,2021-07-23,Payment Failed
2267,18004,2023-08-29,Payment Failed
2286,4306,2020-08-20,Payment Failed
2198,2458,2020-05-06,Refunded
2259,18333,2022-04-16,Refunded
2285,3549,2022-12-22,Refunded
1791,3528,2022-12-22,Payment Successed
1794,19995,2022-09-16,Payment Successed
1797,7331,2023-07-26,Payment Successed
1800,5181,2023-09-14,Payment Successed
1801,12364,2022-11-15,Payment Successed
1803,1406,2020-06-01,Payment Successed
1806,16912,2022-04-06,Payment Successed
1808,280,2022-02-25,Payment Successed
1809,19625,2020-11-15,Payment Successed
1813,17734,2022-11-15,Payment Successed
1815,5614,2023-08-16,Payment Successed
1817,21008,2022-05-25,Payment Successed
1819,17823,2022-12-01,Payment Successed
1821,605,2022-02-05,Payment Successed
1822,20886,2021-08-10,Payment Successed
1824,20269,2020-02-09,Payment Successed
1827,7422,2021-04-27,Payment Successed
1829,10596,2021-01-09,Payment Successed
1831,4102,2023-10-13,Payment Successed
1832,3192,2023-07-02,Payment Successed
1837,8050,2020-03-23,Payment Successed
1838,11736,2022-02-16,Payment Successed
1839,1236,2022-08-09,Payment Successed
1840,2428,2020-03-22,Payment Successed
1841,3057,2022-07-29,Payment Successed
1842,21045,2020-01-11,Payment Successed
1843,6208,2020-09-22,Payment Successed
1844,2889,2020-01-27,Payment Successed
1845,9108,2020-05-12,Payment Successed
1846,18061,2021-07-07,Payment Successed
1847,6818,2021-06-18,Payment Successed
1850,6113,2022-01-28,Payment Successed
1853,17871,2022-07-31,Payment Successed
1855,9919,2022-06-03,Payment Successed
1856,13465,2023-02-17,Payment Successed
1857,17206,2021-01-25,Payment Successed
1861,19449,2022-09-09,Payment Successed
1862,20296,2021-01-05,Payment Successed
1863,12995,2021-02-15,Payment Successed
1864,6265,2022-02-22,Payment Successed
1867,13803,2020-07-11,Payment Successed
1868,5224,2021-02-27,Payment Successed
1869,5708,2021-06-12,Payment Successed
1870,2136,2020-06-24,Payment Successed
1871,915,2021-09-10,Payment Successed
1873,569,2020-09-22,Payment Successed
1874,11771,2022-12-28,Payment Successed
1877,7638,2022-06-27,Payment Successed
2180,286,2020-02-28,Payment Pending
2183,21526,2023-07-05,Payment Pending
2185,1208,2021-09-27,Payment Pending
2186,7647,2020-09-13,Payment Pending
2189,12778,2021-06-21,Payment Pending
2192,15072,2023-03-20,Payment Pending
2194,767,2021-09-07,Payment Pending
2196,7682,2023-05-08,Payment Pending
2199,4865,2021-07-20,Payment Pending
2200,12081,2022-07-26,Payment Pending
2202,16567,2022-02-09,Payment Pending
2203,8009,2023-04-06,Payment Pending
2204,354,2023-06-18,Payment Pending
2206,14478,2021-04-21,Payment Pending
2211,715,2021-02-15,Payment Pending
2213,1091,2021-03-02,Payment Pending
2214,4239,2020-04-25,Payment Pending
2219,10983,2020-12-19,Payment Pending
2223,2224,2021-01-23,Payment Pending
2227,6619,2020-11-14,Payment Pending
2229,8723,2023-08-06,Payment Pending
2232,12348,2022-02-22,Payment Pending
2233,11274,2021-01-22,Payment Pending
2235,19199,2022-09-05,Payment Pending
2239,17570,2021-02-13,Payment Pending
2242,6958,2021-09-22,Payment Pending
2244,13095,2023-09-17,Payment Pending
2246,15971,2022-05-17,Payment Pending
2250,5082,2022-03-28,Payment Pending
2253,20638,2023-11-24,Payment Pending
2254,10110,2021-05-29,Payment Pending
2257,1260,2022-01-31,Payment Pending
2263,5034,2023-06-24,Payment Pending
2265,12512,2021-12-05,Payment Pending
2270,4888,2021-05-30,Payment Pending
2272,3363,2023-05-09,Payment Pending
2273,10202,2022-08-17,Payment Pending
2274,10149,2022-10-28,Payment Pending
2275,5125,2020-02-22,Payment Pending
2276,9773,2022-01-02,Payment Pending
2280,5577,2021-03-26,Payment Pending
2282,18588,2020-12-16,Payment Pending
2283,10915,2020-05-18,Payment Pending
2292,21327,2023-05-03,Payment Pending
2294,11194,2022-05-07,Payment Pending
2301,4160,2022-11-27,Payment Pending
2302,3442,2023-02-20,Payment Pending
2303,2915,2022-12-29,Payment Pending
2304,6524,2020-05-15,Payment Pending
2308,10692,2022-08-08,Payment Pending
2310,2900,2020-10-30,Payment Pending
1878,2423,2021-08-01,Payment Successed
1880,3876,2020-06-18,Payment Successed
1881,13060,2023-05-19,Payment Successed
1882,3782,2022-03-14,Payment Successed
1884,380,2021-11-18,Payment Successed
1885,5956,2021-10-11,Payment Successed
1888,18374,2021-07-28,Payment Successed
1890,164,2020-04-03,Payment Successed
1891,16742,2022-12-14,Payment Successed
1892,4945,2020-11-20,Payment Successed
1897,15522,2020-09-05,Payment Successed
1898,16503,2021-05-16,Payment Successed
1900,3881,2021-04-19,Payment Successed
1902,11128,2021-09-22,Payment Successed
1904,11973,2022-12-22,Payment Successed
1906,12252,2021-05-18,Payment Successed
1907,6120,2023-05-15,Payment Successed
1909,19168,2023-11-24,Payment Successed
1911,15344,2020-03-08,Payment Successed
1912,11121,2021-11-18,Payment Successed
1913,11984,2020-07-18,Payment Successed
2318,13923,2020-08-30,Payment Failed
2320,11415,2022-03-06,Payment Failed
2321,17179,2022-01-26,Payment Failed
2351,6156,2022-10-22,Payment Failed
2355,8706,2020-04-16,Payment Failed
2375,1014,2023-02-27,Payment Failed
2392,17505,2022-02-05,Payment Failed
2398,1581,2020-12-22,Payment Failed
2419,18708,2020-10-01,Payment Failed
2431,228,2021-01-09,Payment Failed
2432,18523,2020-03-11,Payment Failed
2435,18092,2020-07-06,Payment Failed
2344,4044,2020-07-18,Refunded
2350,15715,2021-11-23,Refunded
2371,16853,2023-03-08,Refunded
2393,7179,2022-10-18,Refunded
1915,12707,2021-07-24,Payment Successed
1916,4416,2021-01-27,Payment Successed
1917,13802,2023-01-18,Payment Successed
1918,17689,2023-10-25,Payment Successed
1919,8598,2023-11-04,Payment Successed
1920,20417,2022-10-09,Payment Successed
1922,17402,2023-06-15,Payment Successed
1923,3349,2022-10-01,Payment Successed
1925,11234,2023-12-14,Payment Successed
1926,7095,2023-08-17,Payment Successed
1927,13099,2022-09-03,Payment Successed
1928,17758,2020-09-25,Payment Successed
1930,21564,2021-10-22,Payment Successed
1934,9838,2021-12-23,Payment Successed
1935,1131,2022-08-29,Payment Successed
1937,269,2022-02-23,Payment Successed
1938,9408,2022-07-14,Payment Successed
1940,10979,2020-02-03,Payment Successed
1944,16412,2022-01-06,Payment Successed
1945,11581,2023-12-15,Payment Successed
1947,16631,2021-01-22,Payment Successed
1950,10306,2020-02-17,Payment Successed
1952,20035,2021-07-14,Payment Successed
1953,19300,2021-11-14,Payment Successed
1954,1329,2020-10-09,Payment Successed
1955,15022,2021-08-06,Payment Successed
1956,7561,2021-01-03,Payment Successed
1957,17912,2023-12-10,Payment Successed
1958,18059,2022-01-15,Payment Successed
1959,4604,2021-05-30,Payment Successed
1962,10239,2021-05-08,Payment Successed
1963,13751,2022-08-07,Payment Successed
1964,12616,2023-04-26,Payment Successed
1970,12092,2023-12-07,Payment Successed
1971,12401,2021-07-04,Payment Successed
1972,15484,2021-11-04,Payment Successed
1976,1520,2022-04-09,Payment Successed
1977,6544,2020-06-09,Payment Successed
1979,8918,2020-03-12,Payment Successed
1980,2003,2023-05-27,Payment Successed
1981,21344,2023-10-01,Payment Successed
1982,20151,2022-08-26,Payment Successed
1987,2617,2022-09-22,Payment Successed
1989,5833,2020-01-21,Payment Successed
1991,18389,2020-12-05,Payment Successed
1995,15087,2021-11-15,Payment Successed
2313,4624,2020-01-13,Payment Pending
2316,1565,2020-01-07,Payment Pending
2323,17501,2021-01-23,Payment Pending
2325,8332,2020-02-10,Payment Pending
2331,18353,2023-10-12,Payment Pending
2332,3692,2022-09-13,Payment Pending
2337,18458,2020-07-16,Payment Pending
2340,5141,2021-06-21,Payment Pending
2343,16923,2021-04-22,Payment Pending
2345,8585,2023-12-20,Payment Pending
2346,14486,2022-08-16,Payment Pending
2353,1961,2022-01-07,Payment Pending
2354,21322,2022-01-10,Payment Pending
2359,13485,2023-08-18,Payment Pending
2360,5389,2020-05-02,Payment Pending
2361,21485,2022-12-13,Payment Pending
2362,6325,2023-12-05,Payment Pending
2363,6703,2020-12-12,Payment Pending
2364,20769,2021-02-13,Payment Pending
2365,13622,2022-06-02,Payment Pending
2366,19224,2022-05-27,Payment Pending
2368,9275,2022-06-25,Payment Pending
2370,12126,2023-02-08,Payment Pending
2373,19202,2023-02-03,Payment Pending
2374,3853,2022-10-23,Payment Pending
2380,9068,2020-07-18,Payment Pending
2386,2167,2022-07-02,Payment Pending
2387,17609,2022-07-12,Payment Pending
2390,7980,2020-09-04,Payment Pending
2396,3186,2022-12-24,Payment Pending
2399,15143,2020-07-24,Payment Pending
2404,9449,2020-04-30,Payment Pending
2407,12801,2022-03-22,Payment Pending
2408,10842,2021-05-27,Payment Pending
2409,13609,2021-12-17,Payment Pending
2413,15969,2021-06-14,Payment Pending
2414,11911,2020-04-29,Payment Pending
2415,7325,2023-11-23,Payment Pending
2420,4697,2020-03-14,Payment Pending
2424,19137,2023-12-19,Payment Pending
2426,20236,2020-10-30,Payment Pending
2427,15406,2023-11-10,Payment Pending
2429,8451,2020-07-31,Payment Pending
2430,13011,2021-03-29,Payment Pending
2436,15800,2022-09-10,Payment Pending
2437,10441,2021-02-22,Payment Pending
2438,3097,2023-01-30,Payment Pending
2440,5872,2022-07-15,Payment Pending
2442,15802,2023-06-15,Payment Pending
2445,13742,2020-10-07,Payment Pending
1998,18793,2020-12-26,Payment Successed
1999,14559,2021-05-04,Payment Successed
2002,6057,2020-06-04,Payment Successed
2006,10299,2021-06-30,Payment Successed
2009,8174,2023-02-09,Payment Successed
2011,18966,2021-04-23,Payment Successed
2014,10606,2021-05-20,Payment Successed
2020,14356,2023-11-21,Payment Successed
2021,13179,2021-02-16,Payment Successed
2022,6888,2023-03-18,Payment Successed
2024,16167,2020-11-03,Payment Successed
2025,17349,2023-04-27,Payment Successed
2026,9047,2023-08-22,Payment Successed
2027,19946,2021-05-18,Payment Successed
2028,3207,2023-04-22,Payment Successed
2030,8490,2022-10-08,Payment Successed
2501,7188,2022-07-29,Payment Failed
2503,556,2022-10-30,Payment Failed
2514,15465,2023-11-11,Payment Failed
2545,1653,2023-03-09,Payment Failed
2551,11902,2020-10-03,Payment Failed
2554,17380,2020-10-02,Payment Failed
2572,8427,2020-05-13,Payment Failed
2552,15990,2020-09-02,Refunded
2553,1284,2023-08-23,Refunded
2031,3975,2021-03-19,Payment Successed
2033,14006,2023-07-01,Payment Successed
2036,2306,2023-01-14,Payment Successed
2038,18680,2020-09-10,Payment Successed
2039,18383,2020-08-24,Payment Successed
2040,3327,2020-03-24,Payment Successed
2042,14656,2023-06-08,Payment Successed
2043,17928,2023-11-23,Payment Successed
2044,9519,2022-09-26,Payment Successed
2045,14688,2022-03-17,Payment Successed
2050,20779,2023-07-06,Payment Successed
2052,21231,2022-09-04,Payment Successed
2053,19203,2020-04-03,Payment Successed
2054,11938,2023-04-10,Payment Successed
2057,2162,2021-03-28,Payment Successed
2059,17534,2020-07-09,Payment Successed
2061,19417,2023-03-07,Payment Successed
2062,10216,2021-01-01,Payment Successed
2063,6047,2022-12-27,Payment Successed
2065,17202,2023-10-05,Payment Successed
2066,15602,2022-01-25,Payment Successed
2067,21092,2021-08-07,Payment Successed
2069,11960,2022-06-12,Payment Successed
2071,4460,2023-08-10,Payment Successed
2072,9173,2021-10-04,Payment Successed
2073,18368,2022-01-11,Payment Successed
2074,19396,2023-08-10,Payment Successed
2075,6833,2022-03-14,Payment Successed
2076,15551,2023-03-05,Payment Successed
2077,18387,2023-03-03,Payment Successed
2080,13939,2020-03-16,Payment Successed
2084,906,2022-04-13,Payment Successed
2085,9724,2023-08-14,Payment Successed
2086,6118,2022-08-23,Payment Successed
2088,10489,2022-08-28,Payment Successed
2090,5831,2020-06-01,Payment Successed
2092,18835,2021-01-03,Payment Successed
2098,8210,2022-12-27,Payment Successed
2099,6365,2022-06-24,Payment Successed
2102,11178,2022-07-07,Payment Successed
2104,103,2023-05-15,Payment Successed
2105,16459,2023-03-08,Payment Successed
2106,3167,2022-01-17,Payment Successed
2110,9097,2020-01-12,Payment Successed
2450,9064,2022-05-19,Payment Pending
2453,12061,2021-01-02,Payment Pending
2454,1191,2022-08-18,Payment Pending
2457,10455,2023-04-15,Payment Pending
2458,10736,2022-04-19,Payment Pending
2461,5320,2023-06-16,Payment Pending
2462,7832,2023-04-17,Payment Pending
2464,19950,2022-04-08,Payment Pending
2466,21365,2023-07-14,Payment Pending
2468,2577,2022-01-06,Payment Pending
2469,18877,2022-05-30,Payment Pending
2475,14170,2021-09-27,Payment Pending
2479,16634,2023-07-05,Payment Pending
2480,1772,2020-04-07,Payment Pending
2481,5290,2020-02-22,Payment Pending
2482,21159,2022-03-27,Payment Pending
2483,16251,2023-03-17,Payment Pending
2485,10269,2022-07-19,Payment Pending
2487,8705,2020-01-12,Payment Pending
2488,5888,2021-10-16,Payment Pending
2490,10001,2021-01-08,Payment Pending
2492,18829,2023-06-21,Payment Pending
2494,15744,2023-03-17,Payment Pending
2505,8567,2023-09-22,Payment Pending
2506,20643,2020-02-09,Payment Pending
2507,3794,2020-07-08,Payment Pending
2510,19354,2022-12-26,Payment Pending
2519,5149,2022-08-25,Payment Pending
2528,21019,2022-12-01,Payment Pending
2531,3600,2021-11-04,Payment Pending
2534,4776,2021-09-22,Payment Pending
2539,12450,2020-08-12,Payment Pending
2544,19188,2020-07-28,Payment Pending
2547,19154,2022-03-08,Payment Pending
2556,8594,2021-07-18,Payment Pending
2558,19588,2020-10-10,Payment Pending
2559,19530,2021-08-25,Payment Pending
2561,21495,2023-09-18,Payment Pending
2568,9577,2021-11-04,Payment Pending
2571,20033,2023-06-22,Payment Pending
2576,14558,2023-10-26,Payment Pending
2579,16307,2021-09-02,Payment Pending
2580,6671,2020-08-07,Payment Pending
2581,5997,2020-07-23,Payment Pending
2582,5165,2021-03-15,Payment Pending
2583,15470,2020-02-10,Payment Pending
2111,20406,2020-01-17,Payment Successed
2112,11489,2022-12-01,Payment Successed
2113,18129,2021-12-02,Payment Successed
2114,17472,2023-12-01,Payment Successed
2115,10000,2020-06-10,Payment Successed
2116,4463,2020-03-15,Payment Successed
2117,20400,2020-02-02,Payment Successed
2119,11299,2022-08-11,Payment Successed
2120,17971,2020-02-22,Payment Successed
2121,19567,2020-10-13,Payment Successed
2124,17176,2023-07-30,Payment Successed
2127,1891,2023-01-10,Payment Successed
2128,2614,2021-06-25,Payment Successed
2130,13764,2023-02-19,Payment Successed
2135,6546,2021-10-02,Payment Successed
2139,2013,2020-11-15,Payment Successed
2141,2793,2021-12-30,Payment Successed
2142,6483,2022-07-10,Payment Successed
2144,3580,2021-08-05,Payment Successed
2145,10093,2023-11-12,Payment Successed
2147,16530,2020-10-05,Payment Successed
2149,1619,2022-04-25,Payment Successed
2151,20479,2020-05-11,Payment Successed
2152,6957,2021-11-15,Payment Successed
2153,15944,2022-03-06,Payment Successed
2154,7186,2021-05-07,Payment Successed
2157,9345,2022-08-29,Payment Successed
2158,9716,2023-03-11,Payment Successed
2159,196,2022-08-07,Payment Successed
2161,20693,2022-07-25,Payment Successed
2162,7447,2023-11-09,Payment Successed
2632,20000,2020-03-13,Payment Failed
2644,2536,2020-01-18,Payment Failed
2668,10683,2020-04-29,Payment Failed
2686,2196,2020-05-17,Payment Failed
2705,16921,2023-03-06,Payment Failed
2670,20295,2020-03-11,Refunded
2693,15985,2023-07-05,Refunded
2163,15907,2023-11-04,Payment Successed
2167,14329,2021-04-24,Payment Successed
2168,7156,2022-10-19,Payment Successed
2171,8438,2020-05-30,Payment Successed
2172,2190,2022-06-14,Payment Successed
2173,18517,2021-03-23,Payment Successed
2174,16482,2020-05-24,Payment Successed
2175,3275,2023-03-19,Payment Successed
2176,9448,2020-02-23,Payment Successed
2177,2053,2022-07-09,Payment Successed
2178,15399,2022-06-16,Payment Successed
2179,17361,2021-09-29,Payment Successed
2181,3617,2020-03-24,Payment Successed
2184,6440,2022-01-19,Payment Successed
2187,12615,2020-12-24,Payment Successed
2188,1594,2023-12-05,Payment Successed
2190,19470,2023-02-25,Payment Successed
2191,2990,2023-07-17,Payment Successed
2193,17204,2021-03-31,Payment Successed
2195,16788,2023-08-28,Payment Successed
2201,14535,2023-11-11,Payment Successed
2205,11020,2021-05-10,Payment Successed
2207,9863,2020-11-26,Payment Successed
2208,13660,2021-05-09,Payment Successed
2209,15859,2020-09-30,Payment Successed
2210,16566,2022-01-27,Payment Successed
2212,9229,2020-10-14,Payment Successed
2215,232,2023-12-06,Payment Successed
2216,2731,2022-08-21,Payment Successed
2217,15413,2023-07-19,Payment Successed
2218,20510,2023-08-26,Payment Successed
2220,2402,2023-08-23,Payment Successed
2221,15014,2020-10-24,Payment Successed
2222,1205,2021-11-30,Payment Successed
2224,1999,2022-03-13,Payment Successed
2225,565,2023-03-23,Payment Successed
2226,16989,2020-08-30,Payment Successed
2228,979,2022-08-21,Payment Successed
2230,17749,2020-09-24,Payment Successed
2231,3099,2022-04-07,Payment Successed
2234,18720,2022-07-29,Payment Successed
2236,9978,2023-05-11,Payment Successed
2237,11615,2023-04-19,Payment Successed
2238,10954,2023-01-19,Payment Successed
2241,14974,2021-10-16,Payment Successed
2243,20968,2023-10-02,Payment Successed
2585,18612,2021-05-10,Payment Pending
2587,18783,2021-04-21,Payment Pending
2591,14961,2022-07-15,Payment Pending
2593,20302,2020-04-24,Payment Pending
2596,13649,2022-01-11,Payment Pending
2600,2052,2020-08-29,Payment Pending
2602,21418,2021-10-03,Payment Pending
2603,16300,2020-03-21,Payment Pending
2604,2921,2020-12-12,Payment Pending
2605,1451,2020-05-05,Payment Pending
2608,4545,2023-05-18,Payment Pending
2614,17541,2022-03-29,Payment Pending
2615,14048,2021-07-30,Payment Pending
2617,20141,2020-09-04,Payment Pending
2623,15265,2021-12-08,Payment Pending
2633,15595,2020-02-17,Payment Pending
2636,3125,2020-12-11,Payment Pending
2638,17606,2023-02-22,Payment Pending
2645,3091,2021-09-18,Payment Pending
2647,17509,2021-05-30,Payment Pending
2650,15702,2022-12-27,Payment Pending
2651,17575,2023-11-12,Payment Pending
2652,1893,2021-08-12,Payment Pending
2657,8692,2021-08-02,Payment Pending
2661,14141,2021-06-24,Payment Pending
2663,14225,2021-01-16,Payment Pending
2665,15635,2023-05-01,Payment Pending
2669,18241,2023-11-21,Payment Pending
2674,17976,2022-09-16,Payment Pending
2675,14391,2020-01-11,Payment Pending
2676,360,2020-10-23,Payment Pending
2680,12192,2020-10-07,Payment Pending
2683,18507,2021-10-04,Payment Pending
2684,533,2023-10-30,Payment Pending
2685,9941,2020-11-21,Payment Pending
2689,10480,2020-11-02,Payment Pending
2691,15929,2022-09-01,Payment Pending
2692,6307,2023-10-02,Payment Pending
2697,11634,2022-05-25,Payment Pending
2698,16290,2023-12-13,Payment Pending
2703,15401,2023-08-12,Payment Pending
2704,21527,2021-11-04,Payment Pending
2710,17418,2023-07-10,Payment Pending
2713,12184,2021-12-12,Payment Pending
2714,12189,2021-05-06,Payment Pending
2715,7883,2020-09-30,Payment Pending
2719,3285,2021-12-19,Payment Pending
2720,253,2023-06-13,Payment Pending
2245,4451,2022-01-30,Payment Successed
2247,16529,2021-11-04,Payment Successed
2248,20934,2021-11-30,Payment Successed
2249,6555,2020-06-23,Payment Successed
2251,3140,2021-10-30,Payment Successed
2252,17449,2020-10-22,Payment Successed
2255,17707,2023-04-24,Payment Successed
2256,15127,2021-07-11,Payment Successed
2258,9338,2021-11-30,Payment Successed
2260,1817,2020-06-05,Payment Successed
2261,7359,2022-05-25,Payment Successed
2262,8426,2020-04-15,Payment Successed
2266,1706,2021-10-26,Payment Successed
2268,1120,2020-01-13,Payment Successed
2269,1399,2020-07-15,Payment Successed
2271,1527,2020-04-11,Payment Successed
2277,15053,2022-04-04,Payment Successed
2278,15788,2021-01-03,Payment Successed
2279,19686,2020-02-06,Payment Successed
2281,835,2023-12-01,Payment Successed
2284,10118,2023-04-05,Payment Successed
2287,10868,2020-03-04,Payment Successed
2288,15442,2021-04-11,Payment Successed
2289,6513,2021-04-27,Payment Successed
2290,14204,2023-03-15,Payment Successed
2291,1503,2021-12-27,Payment Successed
2293,8883,2022-06-01,Payment Successed
2295,7733,2023-11-11,Payment Successed
2296,8817,2022-02-25,Payment Successed
2723,7252,2020-10-24,Payment Failed
2724,6884,2020-09-24,Payment Failed
2760,3220,2021-11-22,Payment Failed
2762,11949,2022-12-22,Payment Failed
2794,11484,2020-05-15,Payment Failed
2810,3256,2020-10-19,Payment Failed
2838,7672,2021-07-23,Payment Failed
2747,11801,2022-10-08,Refunded
2750,11707,2020-08-04,Refunded
2796,9475,2022-04-22,Refunded
2797,8340,2023-04-16,Refunded
2297,6317,2023-08-28,Payment Successed
2298,18885,2023-05-25,Payment Successed
2299,17329,2020-12-31,Payment Successed
2300,4187,2021-06-28,Payment Successed
2305,726,2022-06-14,Payment Successed
2306,16434,2020-03-21,Payment Successed
2307,405,2020-05-28,Payment Successed
2309,7719,2021-08-29,Payment Successed
2311,14857,2021-05-26,Payment Successed
2312,3896,2022-06-28,Payment Successed
2314,19599,2022-11-22,Payment Successed
2315,5489,2022-09-03,Payment Successed
2317,3323,2021-08-15,Payment Successed
2319,11104,2020-05-12,Payment Successed
2322,15955,2022-01-06,Payment Successed
2324,13283,2022-05-27,Payment Successed
2326,12751,2020-05-18,Payment Successed
2327,2284,2023-07-15,Payment Successed
2328,19666,2023-01-18,Payment Successed
2329,8787,2023-09-16,Payment Successed
2330,17643,2022-06-04,Payment Successed
2333,6004,2022-11-04,Payment Successed
2334,11341,2023-04-22,Payment Successed
2335,12754,2022-02-05,Payment Successed
2336,2520,2023-06-23,Payment Successed
2338,9916,2021-10-23,Payment Successed
2339,17951,2020-04-18,Payment Successed
2341,15504,2020-09-17,Payment Successed
2342,13242,2020-05-05,Payment Successed
2347,19187,2022-01-23,Payment Successed
2348,4288,2021-08-18,Payment Successed
2349,15660,2021-09-06,Payment Successed
2352,10724,2021-09-18,Payment Successed
2356,765,2021-10-16,Payment Successed
2357,10121,2021-12-19,Payment Successed
2358,17695,2023-12-16,Payment Successed
2367,4858,2021-05-24,Payment Successed
2369,12147,2023-01-25,Payment Successed
2372,18478,2020-04-20,Payment Successed
2376,15213,2022-05-13,Payment Successed
2377,209,2020-12-31,Payment Successed
2378,7382,2023-11-15,Payment Successed
2379,17102,2021-04-14,Payment Successed
2381,11553,2023-09-05,Payment Successed
2382,1608,2022-08-11,Payment Successed
2383,15587,2020-06-23,Payment Successed
2384,18303,2022-01-20,Payment Successed
2385,14081,2022-06-26,Payment Successed
2721,18399,2021-02-15,Payment Pending
2725,6409,2020-11-19,Payment Pending
2730,2550,2023-07-13,Payment Pending
2731,16395,2022-04-12,Payment Pending
2735,1304,2023-04-06,Payment Pending
2736,11248,2022-02-15,Payment Pending
2738,9934,2020-05-08,Payment Pending
2741,12299,2023-12-25,Payment Pending
2744,17334,2021-07-04,Payment Pending
2749,4373,2021-06-18,Payment Pending
2753,4561,2021-08-18,Payment Pending
2757,9400,2023-06-04,Payment Pending
2759,8814,2021-01-03,Payment Pending
2761,15991,2021-01-14,Payment Pending
2765,10051,2020-05-25,Payment Pending
2766,8231,2020-02-10,Payment Pending
2767,3669,2022-06-07,Payment Pending
2769,7544,2022-05-19,Payment Pending
2770,15972,2023-07-07,Payment Pending
2771,19893,2023-05-10,Payment Pending
2775,12168,2023-03-29,Payment Pending
2777,15275,2020-02-01,Payment Pending
2779,17856,2021-02-03,Payment Pending
2780,5968,2023-04-23,Payment Pending
2782,3675,2020-07-18,Payment Pending
2784,21216,2022-12-20,Payment Pending
2789,6417,2023-06-15,Payment Pending
2793,12425,2021-04-15,Payment Pending
2801,11084,2020-12-28,Payment Pending
2802,9153,2022-02-01,Payment Pending
2804,10686,2023-08-16,Payment Pending
2808,17040,2023-04-25,Payment Pending
2812,13163,2020-12-12,Payment Pending
2814,8468,2020-09-05,Payment Pending
2816,2991,2023-09-14,Payment Pending
2819,8805,2022-11-09,Payment Pending
2820,14001,2022-03-07,Payment Pending
2821,2693,2021-07-26,Payment Pending
2828,14946,2021-06-10,Payment Pending
2829,14143,2021-10-12,Payment Pending
2833,7227,2020-05-12,Payment Pending
2834,2554,2020-05-11,Payment Pending
2835,16890,2022-12-03,Payment Pending
2836,3599,2022-09-07,Payment Pending
2839,9695,2020-01-02,Payment Pending
2842,18731,2023-12-10,Payment Pending
2844,12772,2022-03-23,Payment Pending
2847,11311,2022-09-19,Payment Pending
2848,9084,2022-09-04,Payment Pending
2851,7256,2020-01-08,Payment Pending
2855,18846,2022-02-01,Payment Pending
2856,9217,2022-04-17,Payment Pending
2388,955,2020-04-13,Payment Successed
2389,20923,2022-01-19,Payment Successed
2391,13677,2023-07-10,Payment Successed
2394,13682,2021-12-15,Payment Successed
2395,18215,2023-09-08,Payment Successed
2397,9487,2021-10-14,Payment Successed
2400,5266,2020-09-17,Payment Successed
2401,17638,2022-12-22,Payment Successed
2402,14804,2021-08-01,Payment Successed
2403,1258,2021-06-29,Payment Successed
2405,11951,2022-08-21,Payment Successed
2406,5498,2023-12-10,Payment Successed
2410,11351,2021-08-18,Payment Successed
2411,3094,2021-12-24,Payment Successed
2412,10069,2022-06-13,Payment Successed
2416,19517,2020-03-10,Payment Successed
2417,9708,2020-01-16,Payment Successed
2859,15225,2021-12-11,Payment Failed
2869,20209,2021-12-29,Payment Failed
2886,17469,2021-02-02,Payment Failed
2910,12983,2020-12-25,Payment Failed
2916,20783,2022-08-24,Payment Failed
2917,17026,2022-04-28,Payment Failed
2926,1957,2022-04-08,Payment Failed
2948,19575,2021-06-18,Payment Failed
2976,15908,2022-08-04,Payment Failed
2977,7431,2021-02-24,Payment Failed
2987,18650,2023-04-24,Payment Failed
2868,15803,2020-11-20,Refunded
2870,17272,2023-06-05,Refunded
2923,21379,2022-05-12,Refunded
2940,9112,2021-06-17,Refunded
2418,20944,2021-08-26,Payment Successed
2421,3631,2023-11-19,Payment Successed
2422,19358,2021-06-02,Payment Successed
2423,11423,2021-03-06,Payment Successed
2425,2496,2020-05-24,Payment Successed
2428,20257,2021-11-07,Payment Successed
2433,20392,2021-01-03,Payment Successed
2434,396,2022-08-10,Payment Successed
2439,4321,2020-02-13,Payment Successed
2441,16479,2022-08-03,Payment Successed
2443,8281,2023-11-10,Payment Successed
2444,9600,2021-09-21,Payment Successed
2446,7923,2023-09-17,Payment Successed
2447,10092,2021-06-05,Payment Successed
2448,11776,2023-02-11,Payment Successed
2449,2778,2021-01-01,Payment Successed
2451,8958,2023-08-07,Payment Successed
2452,7264,2023-11-23,Payment Successed
2455,1948,2023-08-31,Payment Successed
2456,13865,2021-04-06,Payment Successed
2459,7134,2023-09-13,Payment Successed
2460,1089,2021-10-11,Payment Successed
2463,3253,2020-04-10,Payment Successed
2465,10907,2020-10-15,Payment Successed
2467,10282,2023-09-23,Payment Successed
2470,13395,2020-02-24,Payment Successed
2471,18685,2023-12-04,Payment Successed
2472,7448,2022-02-23,Payment Successed
2473,9343,2020-04-10,Payment Successed
2474,11620,2020-06-08,Payment Successed
2476,12724,2022-07-10,Payment Successed
2477,18401,2023-03-05,Payment Successed
2478,19712,2023-03-25,Payment Successed
2484,17733,2021-09-06,Payment Successed
2486,14850,2023-12-23,Payment Successed
2489,16996,2023-09-23,Payment Successed
2491,4046,2020-12-19,Payment Successed
2493,2859,2022-06-13,Payment Successed
2495,1533,2020-04-02,Payment Successed
2496,16916,2021-05-04,Payment Successed
2497,15135,2020-05-23,Payment Successed
2860,3565,2020-05-14,Payment Pending
2865,5137,2020-06-13,Payment Pending
2871,6945,2023-01-20,Payment Pending
2874,19026,2021-12-20,Payment Pending
2877,4198,2021-02-12,Payment Pending
2880,18601,2023-03-01,Payment Pending
2882,18952,2021-12-29,Payment Pending
2888,10672,2022-12-10,Payment Pending
2892,4774,2021-09-02,Payment Pending
2893,17932,2021-10-03,Payment Pending
2895,16712,2023-05-27,Payment Pending
2897,19126,2020-01-22,Payment Pending
2899,1944,2021-05-21,Payment Pending
2901,3869,2021-02-26,Payment Pending
2902,14519,2022-05-29,Payment Pending
2903,8803,2022-09-13,Payment Pending
2904,17886,2023-10-23,Payment Pending
2906,651,2020-08-03,Payment Pending
2908,1380,2023-02-28,Payment Pending
2911,2381,2021-10-09,Payment Pending
2912,5943,2023-09-23,Payment Pending
2918,17267,2022-10-08,Payment Pending
2919,15654,2023-03-06,Payment Pending
2921,18926,2022-09-13,Payment Pending
2925,18102,2023-10-26,Payment Pending
2927,15600,2020-03-28,Payment Pending
2928,13557,2020-03-13,Payment Pending
2931,9818,2023-04-23,Payment Pending
2935,8073,2022-12-05,Payment Pending
2939,5807,2023-11-08,Payment Pending
2941,19027,2021-06-07,Payment Pending
2943,7528,2020-02-18,Payment Pending
2944,3567,2023-10-05,Payment Pending
2945,18754,2021-07-04,Payment Pending
2947,17879,2023-03-05,Payment Pending
2950,10551,2022-08-25,Payment Pending
2951,453,2022-08-15,Payment Pending
2953,4131,2021-01-18,Payment Pending
2954,13665,2020-12-30,Payment Pending
2961,8381,2022-10-17,Payment Pending
2966,9388,2022-02-18,Payment Pending
2967,19496,2023-06-24,Payment Pending
2979,10595,2021-05-04,Payment Pending
2980,18212,2021-02-04,Payment Pending
2989,4864,2020-10-31,Payment Pending
2498,6526,2022-02-01,Payment Successed
2499,3785,2023-04-23,Payment Successed
2500,5751,2022-03-23,Payment Successed
2502,5427,2022-10-24,Payment Successed
2504,21445,2023-12-12,Payment Successed
2508,9816,2021-08-22,Payment Successed
2509,9321,2022-11-20,Payment Successed
2511,16959,2021-02-23,Payment Successed
2512,11199,2022-06-15,Payment Successed
2513,3978,2021-07-11,Payment Successed
2515,14740,2022-06-13,Payment Successed
2516,6669,2020-08-05,Payment Successed
2517,19857,2020-07-10,Payment Successed
2518,20772,2022-02-13,Payment Successed
2520,15203,2022-01-08,Payment Successed
2521,20508,2023-02-14,Payment Successed
2522,20020,2020-05-08,Payment Successed
2523,8212,2023-10-25,Payment Successed
2524,1112,2020-01-06,Payment Successed
2525,3801,2021-01-22,Payment Successed
2526,5010,2020-09-26,Payment Successed
2527,13484,2022-10-02,Payment Successed
2529,17623,2020-04-29,Payment Successed
2530,19042,2023-11-06,Payment Successed
2532,3496,2020-08-14,Payment Successed
2533,20101,2020-07-07,Payment Successed
2535,14994,2022-12-16,Payment Successed
3014,14469,2020-04-15,Payment Failed
3025,13900,2021-03-20,Payment Failed
3026,1350,2022-06-24,Payment Failed
3027,7011,2022-10-26,Payment Failed
3040,285,2020-12-16,Payment Failed
3057,19773,2023-05-10,Payment Failed
3076,11174,2023-05-18,Payment Failed
3082,16012,2020-01-04,Payment Failed
3086,14284,2020-02-22,Payment Failed
3121,3225,2020-01-22,Payment Failed
3128,2117,2020-04-22,Payment Failed
3047,19737,2022-05-25,Refunded
3080,8791,2022-10-08,Refunded
3081,11774,2023-04-16,Refunded
3106,11083,2022-06-18,Refunded
3115,2774,2022-05-19,Refunded
3116,1984,2023-10-05,Refunded
3126,1684,2021-02-17,Refunded
2536,19668,2021-12-26,Payment Successed
2537,2545,2021-02-08,Payment Successed
2538,11647,2020-10-14,Payment Successed
2540,2708,2020-12-16,Payment Successed
2541,6183,2020-05-20,Payment Successed
2542,19359,2022-04-04,Payment Successed
2543,5120,2021-02-06,Payment Successed
2546,10974,2023-09-19,Payment Successed
2548,14397,2023-01-13,Payment Successed
2549,6949,2021-08-25,Payment Successed
2550,10072,2023-08-25,Payment Successed
2555,18606,2021-01-08,Payment Successed
2557,14227,2020-02-29,Payment Successed
2560,7658,2021-07-15,Payment Successed
2562,7240,2022-11-26,Payment Successed
2563,13891,2020-03-09,Payment Successed
2564,2746,2020-05-03,Payment Successed
2565,11883,2020-08-24,Payment Successed
2566,11113,2022-07-15,Payment Successed
2567,16005,2022-10-08,Payment Successed
2569,6679,2022-07-12,Payment Successed
2570,11120,2022-03-02,Payment Successed
2573,13404,2020-06-02,Payment Successed
2574,11825,2021-09-09,Payment Successed
2575,15309,2021-03-31,Payment Successed
2577,12130,2021-05-24,Payment Successed
2578,6291,2023-12-12,Payment Successed
2584,19122,2021-06-14,Payment Successed
2586,16164,2022-08-19,Payment Successed
2588,20562,2020-10-06,Payment Successed
2589,11027,2020-08-05,Payment Successed
2590,21004,2020-08-23,Payment Successed
2592,11747,2020-04-02,Payment Successed
2999,10811,2022-06-24,Payment Pending
3002,8187,2020-03-02,Payment Pending
3010,14369,2021-10-10,Payment Pending
3013,20777,2022-01-11,Payment Pending
3017,6042,2023-03-15,Payment Pending
3018,18132,2021-12-09,Payment Pending
3022,15727,2022-02-01,Payment Pending
3024,9069,2023-01-07,Payment Pending
3028,7768,2024-01-01,Payment Pending
3030,2078,2022-09-09,Payment Pending
3034,3077,2023-08-27,Payment Pending
3036,9190,2020-10-28,Payment Pending
3039,17574,2020-11-27,Payment Pending
3042,13367,2022-07-04,Payment Pending
3045,1654,2020-05-30,Payment Pending
3049,19846,2022-04-14,Payment Pending
3054,19248,2021-11-23,Payment Pending
3055,21528,2021-04-03,Payment Pending
3061,6449,2023-01-15,Payment Pending
3064,10921,2021-05-07,Payment Pending
3068,10769,2020-01-20,Payment Pending
3069,5721,2022-12-12,Payment Pending
3072,11915,2021-01-01,Payment Pending
3075,1295,2023-09-05,Payment Pending
3077,3637,2023-05-18,Payment Pending
3088,14926,2021-10-23,Payment Pending
3092,2700,2022-12-27,Payment Pending
3094,3014,2020-03-30,Payment Pending
3097,17654,2020-01-25,Payment Pending
3100,8641,2023-05-24,Payment Pending
3102,1424,2022-06-18,Payment Pending
3103,16504,2021-02-18,Payment Pending
3109,217,2020-02-04,Payment Pending
3110,11388,2022-10-11,Payment Pending
3114,15362,2022-04-30,Payment Pending
3117,3835,2020-01-10,Payment Pending
3119,5626,2023-05-13,Payment Pending
3123,417,2023-11-03,Payment Pending
3124,20566,2020-07-21,Payment Pending
3125,6596,2020-04-05,Payment Pending
2594,10963,2021-09-01,Payment Successed
2595,20082,2022-08-17,Payment Successed
2597,20987,2022-04-28,Payment Successed
2598,12447,2023-05-24,Payment Successed
2599,18976,2020-04-25,Payment Successed
2601,7825,2021-12-01,Payment Successed
2606,6016,2023-05-24,Payment Successed
2607,11926,2023-07-24,Payment Successed
2609,9947,2021-01-06,Payment Successed
2610,7046,2023-07-26,Payment Successed
2611,16125,2023-03-06,Payment Successed
2612,15093,2020-04-09,Payment Successed
2613,541,2021-10-24,Payment Successed
2616,16936,2022-09-30,Payment Successed
2618,21562,2020-03-06,Payment Successed
2619,5300,2021-01-28,Payment Successed
2620,16579,2023-06-18,Payment Successed
2621,14288,2020-08-19,Payment Successed
2622,8623,2023-05-04,Payment Successed
2624,11787,2022-02-19,Payment Successed
2625,19672,2021-04-10,Payment Successed
2626,10080,2023-12-09,Payment Successed
2627,1622,2021-01-19,Payment Successed
2628,9544,2021-10-30,Payment Successed
2629,19590,2022-03-08,Payment Successed
2630,17611,2021-06-05,Payment Successed
2631,2692,2021-09-29,Payment Successed
2634,21050,2020-11-10,Payment Successed
2635,21108,2023-01-19,Payment Successed
2637,13460,2023-10-22,Payment Successed
2639,127,2022-04-09,Payment Successed
2640,7195,2020-12-16,Payment Successed
2641,2289,2020-11-01,Payment Successed
2642,13793,2022-03-02,Payment Successed
2643,5170,2021-07-10,Payment Successed
3147,3001,2020-03-08,Payment Failed
3168,18290,2022-08-02,Payment Failed
3176,20158,2022-07-27,Payment Failed
3181,9360,2023-10-14,Payment Failed
3194,20577,2020-05-21,Payment Failed
3208,8002,2023-11-28,Payment Failed
3210,15941,2022-07-16,Payment Failed
3232,17681,2022-08-22,Payment Failed
3157,10435,2020-04-14,Refunded
3172,10940,2020-12-26,Refunded
3195,1609,2022-04-13,Refunded
3241,3233,2020-08-31,Refunded
2646,2197,2023-02-19,Payment Successed
2648,4488,2023-10-15,Payment Successed
2649,9734,2022-04-11,Payment Successed
2653,10017,2020-01-12,Payment Successed
2654,7569,2023-06-24,Payment Successed
2655,8230,2020-03-23,Payment Successed
2656,6751,2021-08-05,Payment Successed
2658,19747,2022-06-15,Payment Successed
2659,8387,2022-05-17,Payment Successed
2660,2075,2020-06-16,Payment Successed
2662,6215,2021-10-20,Payment Successed
2664,1002,2023-08-19,Payment Successed
2666,5401,2023-06-22,Payment Successed
2667,11803,2021-04-29,Payment Successed
2671,17213,2021-03-25,Payment Successed
2672,517,2022-08-26,Payment Successed
2673,14901,2021-03-12,Payment Successed
2677,10166,2022-09-05,Payment Successed
2678,17392,2022-03-03,Payment Successed
2679,507,2020-11-20,Payment Successed
2681,12058,2022-10-15,Payment Successed
2682,3623,2020-04-06,Payment Successed
2687,18907,2020-07-29,Payment Successed
2688,14886,2020-09-13,Payment Successed
2690,8673,2020-05-08,Payment Successed
2694,4176,2021-12-19,Payment Successed
2695,21529,2023-10-12,Payment Successed
2696,20599,2020-01-12,Payment Successed
2699,13854,2022-10-11,Payment Successed
2700,17504,2023-03-23,Payment Successed
2701,13255,2022-11-23,Payment Successed
2702,2362,2022-12-26,Payment Successed
2706,15906,2021-09-11,Payment Successed
2707,7893,2023-06-18,Payment Successed
2708,16927,2023-12-09,Payment Successed
2709,9431,2021-10-02,Payment Successed
2711,8166,2021-07-25,Payment Successed
2712,18794,2023-07-27,Payment Successed
2716,9763,2022-01-23,Payment Successed
2717,10122,2020-03-19,Payment Successed
2718,4233,2023-12-13,Payment Successed
2722,2360,2021-04-20,Payment Successed
2726,700,2021-02-10,Payment Successed
2727,7372,2022-12-22,Payment Successed
2728,8830,2023-06-24,Payment Successed
2729,10701,2021-05-28,Payment Successed
2732,1176,2021-08-29,Payment Successed
3129,8660,2023-05-28,Payment Pending
3135,11451,2023-07-18,Payment Pending
3138,21314,2022-05-15,Payment Pending
3140,1177,2022-09-27,Payment Pending
3146,11672,2020-10-19,Payment Pending
3149,8922,2021-09-13,Payment Pending
3151,7024,2023-07-24,Payment Pending
3155,17964,2023-10-22,Payment Pending
3156,8864,2021-09-07,Payment Pending
3158,8609,2022-09-16,Payment Pending
3159,2671,2020-09-13,Payment Pending
3160,18616,2022-06-30,Payment Pending
3161,1761,2023-06-17,Payment Pending
3163,17663,2020-03-27,Payment Pending
3165,11177,2022-12-02,Payment Pending
3169,8380,2021-04-03,Payment Pending
3179,4471,2021-01-12,Payment Pending
3180,18811,2022-01-19,Payment Pending
3182,6639,2022-02-17,Payment Pending
3184,14960,2023-03-04,Payment Pending
3185,13398,2020-08-29,Payment Pending
3186,5301,2023-05-05,Payment Pending
3187,21085,2022-05-01,Payment Pending
3188,18128,2020-11-15,Payment Pending
3189,9277,2021-04-28,Payment Pending
3190,21153,2022-08-20,Payment Pending
3191,20027,2021-09-08,Payment Pending
3198,15794,2020-11-08,Payment Pending
3199,7577,2023-03-02,Payment Pending
3203,18721,2021-09-19,Payment Pending
3204,16799,2023-07-21,Payment Pending
3207,11878,2021-10-10,Payment Pending
3215,17079,2022-11-11,Payment Pending
3221,12619,2022-12-19,Payment Pending
3223,6153,2022-09-23,Payment Pending
3230,19912,2021-03-04,Payment Pending
3233,833,2023-07-22,Payment Pending
3235,6071,2020-04-05,Payment Pending
3236,10320,2023-03-17,Payment Pending
3237,21557,2020-04-09,Payment Pending
3238,4022,2020-04-27,Payment Pending
3240,15764,2023-12-24,Payment Pending
3242,6287,2023-10-16,Payment Pending
3244,10100,2023-11-07,Payment Pending
3247,722,2021-01-14,Payment Pending
3251,17003,2023-06-08,Payment Pending
3253,11477,2023-03-16,Payment Pending
3254,10668,2021-02-15,Payment Pending
3255,694,2022-05-20,Payment Pending
3258,19274,2023-03-22,Payment Pending
3259,20103,2023-11-01,Payment Pending
2733,10413,2021-01-25,Payment Successed
2734,18803,2020-06-01,Payment Successed
2737,5346,2021-04-14,Payment Successed
2739,358,2022-06-04,Payment Successed
2740,15841,2021-02-12,Payment Successed
2742,3833,2022-04-08,Payment Successed
2743,20264,2023-08-11,Payment Successed
2745,14112,2023-09-08,Payment Successed
2746,1244,2021-01-10,Payment Successed
2748,19512,2022-06-19,Payment Successed
2751,10870,2021-01-26,Payment Successed
2752,19746,2023-06-11,Payment Successed
2754,1580,2020-10-10,Payment Successed
2755,13982,2020-01-15,Payment Successed
2756,14367,2022-09-09,Payment Successed
2758,5843,2020-09-03,Payment Successed
2763,3263,2022-09-04,Payment Successed
2764,3161,2023-02-26,Payment Successed
3276,15779,2023-05-08,Payment Failed
3281,8826,2023-12-29,Payment Failed
3312,11109,2022-06-06,Payment Failed
3316,3109,2023-08-04,Payment Failed
3321,6661,2023-10-04,Payment Failed
3326,19360,2023-08-09,Payment Failed
3328,20148,2022-09-09,Payment Failed
3331,20288,2022-06-01,Payment Failed
3356,8213,2022-01-04,Payment Failed
3369,18106,2020-11-08,Payment Failed
3376,10520,2023-08-25,Payment Failed
3378,9591,2023-09-12,Payment Failed
3390,20379,2020-08-12,Payment Failed
3397,7172,2020-08-30,Payment Failed
3287,13315,2022-10-13,Refunded
3339,15469,2022-05-16,Refunded
3392,7966,2022-05-31,Refunded
2768,7701,2022-02-01,Payment Successed
2772,17600,2023-11-24,Payment Successed
2773,16007,2022-01-07,Payment Successed
2774,3763,2023-10-08,Payment Successed
2776,5064,2023-04-21,Payment Successed
2778,16870,2021-01-09,Payment Successed
2781,2841,2021-05-15,Payment Successed
2783,4241,2022-03-27,Payment Successed
2785,21250,2021-08-06,Payment Successed
2786,11835,2021-04-18,Payment Successed
2787,2873,2021-07-16,Payment Successed
2788,17189,2021-11-10,Payment Successed
2790,757,2021-12-08,Payment Successed
2791,19306,2022-12-19,Payment Successed
2792,16022,2023-07-31,Payment Successed
2795,12672,2021-09-29,Payment Successed
2798,19233,2023-09-11,Payment Successed
2799,12964,2021-05-31,Payment Successed
2800,17499,2020-05-20,Payment Successed
2803,3314,2022-04-26,Payment Successed
2805,21438,2020-01-25,Payment Successed
2806,4664,2022-06-15,Payment Successed
2807,18978,2021-10-18,Payment Successed
2809,19615,2021-03-04,Payment Successed
2811,16689,2020-02-12,Payment Successed
2813,19450,2021-05-05,Payment Successed
2815,10624,2021-05-31,Payment Successed
2817,4201,2021-11-16,Payment Successed
2818,13150,2022-11-03,Payment Successed
2822,15888,2021-04-11,Payment Successed
2823,11081,2022-02-05,Payment Successed
2824,5841,2021-12-06,Payment Successed
2825,14215,2021-04-19,Payment Successed
2826,11519,2023-02-23,Payment Successed
2827,6686,2023-10-31,Payment Successed
2830,13806,2020-06-20,Payment Successed
2831,511,2020-08-21,Payment Successed
2832,3034,2023-03-27,Payment Successed
2837,20240,2022-12-28,Payment Successed
2840,4098,2020-05-11,Payment Successed
2841,19378,2020-06-13,Payment Successed
2843,17412,2023-10-18,Payment Successed
3268,5448,2023-02-05,Payment Pending
3269,219,2022-04-03,Payment Pending
3274,602,2023-11-27,Payment Pending
3275,10013,2023-02-23,Payment Pending
3277,2551,2023-07-07,Payment Pending
3285,18045,2021-11-30,Payment Pending
3288,5470,2020-03-14,Payment Pending
3290,20446,2021-04-15,Payment Pending
3291,19821,2020-05-23,Payment Pending
3293,3138,2023-01-02,Payment Pending
3294,14313,2021-02-09,Payment Pending
3296,19863,2022-07-15,Payment Pending
3297,17307,2020-01-02,Payment Pending
3299,18022,2021-06-03,Payment Pending
3303,4061,2022-04-13,Payment Pending
3304,528,2022-02-15,Payment Pending
3308,20595,2021-11-28,Payment Pending
3311,10598,2022-10-16,Payment Pending
3313,6858,2023-09-16,Payment Pending
3323,1212,2021-03-10,Payment Pending
3333,14746,2022-03-01,Payment Pending
3335,16766,2022-01-22,Payment Pending
3336,14730,2023-11-16,Payment Pending
3337,6604,2021-10-15,Payment Pending
3338,2519,2023-06-14,Payment Pending
3341,17326,2023-12-09,Payment Pending
3342,7704,2020-06-17,Payment Pending
3355,5490,2021-09-27,Payment Pending
3359,18272,2023-03-31,Payment Pending
3360,7759,2022-12-10,Payment Pending
3362,8436,2020-05-29,Payment Pending
3363,17979,2023-01-20,Payment Pending
3367,3640,2022-01-15,Payment Pending
3374,9582,2022-07-22,Payment Pending
3375,5025,2023-08-20,Payment Pending
3377,20995,2022-10-15,Payment Pending
3380,11172,2021-06-23,Payment Pending
3382,8669,2020-10-14,Payment Pending
3384,512,2021-04-14,Payment Pending
3385,10791,2022-04-29,Payment Pending
3387,11162,2020-09-08,Payment Pending
3389,4881,2023-01-02,Payment Pending
3391,20996,2020-04-01,Payment Pending
3393,19288,2023-07-12,Payment Pending
3395,11914,2022-07-19,Payment Pending
2845,19695,2023-08-12,Payment Successed
2846,11107,2023-11-16,Payment Successed
2849,17238,2022-06-27,Payment Successed
2850,1097,2021-08-10,Payment Successed
2852,16392,2021-04-21,Payment Successed
2853,8658,2021-08-24,Payment Successed
2854,272,2021-02-24,Payment Successed
2857,4525,2023-10-19,Payment Successed
2858,20864,2020-06-02,Payment Successed
2861,21166,2020-11-27,Payment Successed
2862,12143,2020-03-21,Payment Successed
2863,12546,2022-08-07,Payment Successed
2864,15142,2023-08-21,Payment Successed
2866,19956,2023-02-15,Payment Successed
2867,20225,2021-12-04,Payment Successed
2872,5354,2022-01-30,Payment Successed
2873,4710,2022-04-04,Payment Successed
2875,11894,2023-01-18,Payment Successed
2876,1839,2022-07-04,Payment Successed
2878,14250,2022-06-05,Payment Successed
2879,1542,2021-10-20,Payment Successed
2881,14877,2021-02-27,Payment Successed
2883,8026,2022-06-27,Payment Successed
2884,6321,2021-06-17,Payment Successed
2885,1717,2022-10-31,Payment Successed
3421,10618,2022-09-13,Payment Failed
3423,21458,2023-05-09,Payment Failed
3427,20964,2022-11-16,Payment Failed
3432,15302,2022-12-17,Payment Failed
3444,2509,2020-01-31,Payment Failed
3472,1481,2021-04-10,Payment Failed
3488,21221,2022-01-11,Payment Failed
3491,78,2021-04-08,Payment Failed
3511,16475,2022-05-21,Payment Failed
3536,19083,2022-05-30,Payment Failed
3420,8844,2023-08-09,Refunded
3422,20684,2023-03-31,Refunded
3489,19511,2020-04-30,Refunded
3515,13408,2020-07-27,Refunded
2887,21362,2020-07-04,Payment Successed
2889,335,2021-05-06,Payment Successed
2890,19967,2023-02-21,Payment Successed
2891,17347,2021-09-02,Payment Successed
2894,1307,2021-04-06,Payment Successed
2896,962,2021-10-17,Payment Successed
2898,3490,2022-07-04,Payment Successed
2900,3955,2023-11-03,Payment Successed
2905,19432,2021-11-01,Payment Successed
2907,770,2021-01-31,Payment Successed
2909,10307,2021-01-07,Payment Successed
2913,14213,2023-12-10,Payment Successed
2914,4521,2020-05-20,Payment Successed
2915,14703,2023-01-16,Payment Successed
2920,6299,2020-11-23,Payment Successed
2922,2898,2021-03-05,Payment Successed
2924,13908,2020-09-08,Payment Successed
2929,3598,2020-12-20,Payment Successed
2930,7009,2023-09-16,Payment Successed
2932,18138,2020-05-28,Payment Successed
2933,1359,2022-08-14,Payment Successed
2934,14030,2023-02-03,Payment Successed
2936,3162,2021-01-20,Payment Successed
2937,1462,2022-05-22,Payment Successed
2938,14830,2023-08-22,Payment Successed
2942,6367,2022-02-25,Payment Successed
2946,11185,2022-03-20,Payment Successed
2949,6182,2023-10-19,Payment Successed
2952,21331,2021-06-06,Payment Successed
2955,77,2021-10-02,Payment Successed
2956,7592,2021-04-16,Payment Successed
2957,13171,2022-07-17,Payment Successed
2958,12904,2023-04-29,Payment Successed
2959,2893,2021-12-26,Payment Successed
2960,17640,2020-11-18,Payment Successed
2962,19670,2022-11-29,Payment Successed
2963,12572,2020-12-30,Payment Successed
2964,8226,2021-05-25,Payment Successed
2965,10738,2022-07-12,Payment Successed
2968,5759,2021-02-04,Payment Successed
2969,9901,2020-03-19,Payment Successed
2970,19014,2023-04-21,Payment Successed
2971,2737,2020-11-08,Payment Successed
2972,13787,2020-04-10,Payment Successed
2973,1680,2022-07-23,Payment Successed
2974,19539,2022-03-03,Payment Successed
2975,20104,2021-12-13,Payment Successed
3405,7583,2021-12-05,Payment Pending
3409,4757,2023-03-25,Payment Pending
3410,18561,2022-07-27,Payment Pending
3413,16446,2023-03-28,Payment Pending
3416,2186,2022-05-03,Payment Pending
3429,15565,2021-01-13,Payment Pending
3430,17089,2020-08-07,Payment Pending
3431,7905,2023-09-28,Payment Pending
3434,761,2021-12-06,Payment Pending
3439,15940,2020-06-10,Payment Pending
3440,13875,2021-05-10,Payment Pending
3441,6734,2023-02-20,Payment Pending
3446,13328,2020-06-28,Payment Pending
3448,20067,2020-03-01,Payment Pending
3451,15288,2023-09-16,Payment Pending
3454,4911,2021-01-17,Payment Pending
3457,10038,2023-01-31,Payment Pending
3458,14155,2020-06-07,Payment Pending
3459,13931,2023-10-26,Payment Pending
3461,12222,2021-12-14,Payment Pending
3462,3399,2022-04-11,Payment Pending
3463,5579,2021-09-21,Payment Pending
3466,17862,2022-07-13,Payment Pending
3467,20906,2023-01-22,Payment Pending
3473,13936,2022-02-14,Payment Pending
3477,15075,2020-10-03,Payment Pending
3481,12261,2022-02-05,Payment Pending
3482,5592,2020-10-10,Payment Pending
3483,20628,2022-01-18,Payment Pending
3484,11505,2020-01-22,Payment Pending
3485,5659,2020-02-05,Payment Pending
3486,18244,2023-03-17,Payment Pending
3492,19522,2020-05-31,Payment Pending
3496,897,2021-02-09,Payment Pending
3498,21040,2023-10-18,Payment Pending
3500,15961,2020-12-13,Payment Pending
3502,14095,2022-10-01,Payment Pending
3504,3344,2021-11-10,Payment Pending
3508,11222,2021-10-18,Payment Pending
3510,1283,2021-07-22,Payment Pending
3513,20408,2023-08-08,Payment Pending
3514,6362,2022-03-31,Payment Pending
3517,9163,2022-05-31,Payment Pending
3518,21583,2020-10-20,Payment Pending
3520,9915,2020-03-17,Payment Pending
3521,15576,2022-10-03,Payment Pending
3527,5966,2020-03-21,Payment Pending
3532,12002,2022-11-22,Payment Pending
3533,17720,2023-03-24,Payment Pending
3534,15212,2022-03-28,Payment Pending
3535,16378,2021-07-14,Payment Pending
2978,2285,2023-11-28,Payment Successed
2981,6452,2021-07-17,Payment Successed
2982,13624,2021-07-17,Payment Successed
2983,3343,2022-09-25,Payment Successed
2984,13647,2020-12-10,Payment Successed
2985,14725,2021-11-09,Payment Successed
2986,16414,2022-07-11,Payment Successed
2988,14590,2022-02-19,Payment Successed
2990,13531,2022-07-26,Payment Successed
2991,6821,2023-06-28,Payment Successed
2992,14719,2023-04-20,Payment Successed
2993,10391,2021-10-02,Payment Successed
2994,15739,2021-12-05,Payment Successed
2995,14624,2022-05-26,Payment Successed
2996,1725,2022-01-16,Payment Successed
2997,9551,2023-09-11,Payment Successed
3544,14818,2023-11-24,Payment Failed
3555,8122,2023-10-09,Payment Failed
3572,8813,2023-01-14,Payment Failed
3581,17315,2020-04-17,Payment Failed
3589,19128,2023-11-15,Payment Failed
3592,21100,2023-08-21,Payment Failed
3595,12251,2020-05-10,Payment Failed
3598,7664,2020-10-03,Payment Failed
3605,6354,2022-08-18,Payment Failed
3612,11150,2021-05-16,Payment Failed
3632,16345,2022-02-11,Payment Failed
3638,2678,2022-12-05,Payment Failed
3645,2352,2020-06-30,Payment Failed
3654,6421,2020-11-08,Payment Failed
3543,6196,2023-11-20,Refunded
3567,17518,2021-12-31,Refunded
3661,12349,2020-07-20,Refunded
2998,10070,2021-02-06,Payment Successed
3000,17172,2023-03-31,Payment Successed
3001,6913,2021-07-31,Payment Successed
3003,4559,2023-01-24,Payment Successed
3004,4908,2022-02-23,Payment Successed
3005,9292,2020-01-16,Payment Successed
3006,17217,2022-09-24,Payment Successed
3007,14678,2023-11-29,Payment Successed
3008,2995,2023-04-18,Payment Successed
3009,16086,2023-09-21,Payment Successed
3011,5958,2022-05-04,Payment Successed
3012,19581,2023-01-29,Payment Successed
3015,7435,2020-06-13,Payment Successed
3016,15216,2022-03-04,Payment Successed
3019,18104,2020-02-13,Payment Successed
3020,3006,2020-10-28,Payment Successed
3021,473,2020-05-26,Payment Successed
3023,5720,2020-12-09,Payment Successed
3029,5511,2020-09-23,Payment Successed
3031,3230,2023-04-01,Payment Successed
3032,7085,2023-09-04,Payment Successed
3033,6820,2021-05-06,Payment Successed
3035,7857,2023-12-11,Payment Successed
3037,13489,2023-12-12,Payment Successed
3038,15630,2020-10-13,Payment Successed
3041,9839,2021-07-15,Payment Successed
3043,4407,2021-12-06,Payment Successed
3044,15735,2020-02-24,Payment Successed
3046,2486,2022-03-22,Payment Successed
3048,19649,2023-09-11,Payment Successed
3050,21188,2023-07-26,Payment Successed
3051,17627,2022-02-03,Payment Successed
3052,3373,2023-07-28,Payment Successed
3053,251,2023-11-25,Payment Successed
3056,13912,2023-04-12,Payment Successed
3058,20360,2023-12-26,Payment Successed
3059,16676,2022-02-19,Payment Successed
3060,179,2020-10-24,Payment Successed
3062,3607,2022-10-22,Payment Successed
3063,2370,2021-07-16,Payment Successed
3065,18203,2020-02-18,Payment Successed
3066,1188,2022-12-11,Payment Successed
3067,9673,2020-01-16,Payment Successed
3070,13709,2022-04-01,Payment Successed
3071,16087,2023-01-08,Payment Successed
3538,16270,2020-12-21,Payment Pending
3539,6008,2023-07-08,Payment Pending
3542,4040,2023-05-09,Payment Pending
3546,69,2022-11-29,Payment Pending
3550,16394,2020-08-05,Payment Pending
3558,15354,2022-03-01,Payment Pending
3559,4449,2022-07-19,Payment Pending
3561,2163,2022-12-16,Payment Pending
3564,12073,2022-07-13,Payment Pending
3565,7508,2022-06-23,Payment Pending
3570,7242,2022-03-09,Payment Pending
3571,16029,2021-01-14,Payment Pending
3574,6917,2021-10-27,Payment Pending
3578,13006,2021-09-30,Payment Pending
3582,16964,2022-07-22,Payment Pending
3597,15175,2022-09-21,Payment Pending
3600,5193,2020-12-24,Payment Pending
3601,1711,2020-10-11,Payment Pending
3602,7003,2023-11-03,Payment Pending
3606,17786,2022-11-20,Payment Pending
3610,16696,2022-07-15,Payment Pending
3611,20128,2021-11-17,Payment Pending
3614,19732,2021-04-13,Payment Pending
3615,13110,2021-04-14,Payment Pending
3617,11903,2023-05-26,Payment Pending
3619,664,2023-04-11,Payment Pending
3620,10731,2021-03-14,Payment Pending
3624,6827,2021-01-31,Payment Pending
3625,13100,2020-09-16,Payment Pending
3629,4937,2020-05-03,Payment Pending
3630,714,2021-08-01,Payment Pending
3633,8768,2021-11-22,Payment Pending
3637,488,2020-06-30,Payment Pending
3639,3965,2021-03-13,Payment Pending
3640,921,2022-08-14,Payment Pending
3642,13794,2021-10-18,Payment Pending
3643,13312,2022-04-22,Payment Pending
3648,870,2022-10-31,Payment Pending
3649,17889,2023-05-21,Payment Pending
3653,20847,2023-09-20,Payment Pending
3657,20989,2020-06-15,Payment Pending
3658,16555,2020-05-25,Payment Pending
3662,20250,2022-09-16,Payment Pending
3663,18434,2022-04-25,Payment Pending
3667,7795,2023-04-26,Payment Pending
3668,12766,2022-01-31,Payment Pending
3669,8991,2022-01-12,Payment Pending
3672,8494,2023-11-07,Payment Pending
3073,13846,2021-06-22,Payment Successed
3074,2784,2020-03-06,Payment Successed
3078,20890,2020-06-17,Payment Successed
3079,1047,2020-03-08,Payment Successed
3083,20174,2020-03-18,Payment Successed
3084,8892,2023-05-27,Payment Successed
3085,14585,2023-10-30,Payment Successed
3087,7751,2022-08-06,Payment Successed
3089,629,2023-05-19,Payment Successed
3090,4849,2020-09-10,Payment Successed
3091,2655,2020-05-21,Payment Successed
3093,4981,2020-06-02,Payment Successed
3095,17161,2023-12-25,Payment Successed
3096,17568,2021-06-08,Payment Successed
3098,19484,2023-07-30,Payment Successed
3099,9379,2022-12-02,Payment Successed
3101,11646,2023-07-04,Payment Successed
3104,1328,2022-12-26,Payment Successed
3105,18734,2022-04-11,Payment Successed
3719,1960,2022-03-08,Payment Failed
3731,1427,2022-11-11,Payment Failed
3740,7779,2023-05-21,Payment Failed
3753,12322,2023-04-19,Payment Failed
3758,9770,2021-02-04,Payment Failed
3772,21573,2022-07-26,Payment Failed
3780,13461,2021-02-14,Payment Failed
3799,9406,2021-09-29,Payment Failed
3685,2174,2021-05-16,Refunded
3706,2148,2023-08-14,Refunded
3771,21466,2020-11-24,Refunded
3107,483,2021-05-15,Payment Successed
3108,10502,2020-01-19,Payment Successed
3111,8576,2023-07-10,Payment Successed
3112,8591,2021-12-15,Payment Successed
3113,13737,2020-06-08,Payment Successed
3118,2183,2020-04-12,Payment Successed
3120,2151,2022-07-03,Payment Successed
3122,11019,2021-09-08,Payment Successed
3127,1289,2023-11-30,Payment Successed
3130,13722,2022-04-29,Payment Successed
3131,5087,2022-09-30,Payment Successed
3132,246,2023-12-31,Payment Successed
3133,15571,2020-02-02,Payment Successed
3134,18967,2022-06-28,Payment Successed
3136,15932,2022-07-09,Payment Successed
3137,7223,2023-12-03,Payment Successed
3139,6706,2020-02-28,Payment Successed
3141,6837,2020-07-25,Payment Successed
3142,1971,2022-07-10,Payment Successed
3143,7368,2022-01-27,Payment Successed
3144,21464,2020-07-28,Payment Successed
3145,20164,2022-09-14,Payment Successed
3148,8761,2020-05-27,Payment Successed
3150,11110,2022-05-08,Payment Successed
3152,12246,2023-02-25,Payment Successed
3153,17641,2023-09-08,Payment Successed
3154,15019,2022-06-24,Payment Successed
3162,19028,2020-06-23,Payment Successed
3164,18257,2020-11-02,Payment Successed
3166,19759,2020-03-16,Payment Successed
3167,8718,2020-01-18,Payment Successed
3170,18995,2022-10-28,Payment Successed
3171,1724,2023-01-13,Payment Successed
3173,5746,2020-10-17,Payment Successed
3174,19210,2021-10-20,Payment Successed
3175,2071,2022-05-20,Payment Successed
3177,6439,2021-03-17,Payment Successed
3178,486,2023-03-13,Payment Successed
3183,15376,2023-08-20,Payment Successed
3192,14249,2023-03-27,Payment Successed
3193,1949,2022-11-17,Payment Successed
3196,12562,2022-09-11,Payment Successed
3197,2932,2023-04-03,Payment Successed
3200,7472,2020-11-27,Payment Successed
3201,4855,2022-08-04,Payment Successed
3202,6591,2021-08-06,Payment Successed
3205,18228,2022-02-18,Payment Successed
3206,17924,2020-04-09,Payment Successed
3676,10040,2020-08-19,Payment Pending
3683,1831,2020-01-18,Payment Pending
3684,13339,2023-07-06,Payment Pending
3686,8925,2023-12-19,Payment Pending
3689,4944,2020-02-01,Payment Pending
3692,11462,2022-03-05,Payment Pending
3693,15711,2023-09-04,Payment Pending
3694,294,2020-01-18,Payment Pending
3697,2566,2021-09-06,Payment Pending
3698,6414,2023-05-31,Payment Pending
3699,1610,2022-04-06,Payment Pending
3703,12826,2020-05-15,Payment Pending
3707,15818,2020-08-02,Payment Pending
3708,15473,2023-11-21,Payment Pending
3712,686,2020-07-31,Payment Pending
3713,746,2020-04-30,Payment Pending
3715,6742,2020-11-04,Payment Pending
3716,8464,2020-08-09,Payment Pending
3717,15162,2022-02-09,Payment Pending
3720,11166,2021-07-04,Payment Pending
3721,14679,2021-07-05,Payment Pending
3724,5656,2023-02-05,Payment Pending
3727,2043,2022-10-19,Payment Pending
3730,21326,2023-07-28,Payment Pending
3732,3889,2023-07-04,Payment Pending
3733,20695,2022-05-10,Payment Pending
3735,4361,2023-09-23,Payment Pending
3739,17344,2023-12-02,Payment Pending
3743,12394,2020-10-13,Payment Pending
3744,13382,2023-03-20,Payment Pending
3748,21176,2023-05-30,Payment Pending
3751,12703,2023-12-04,Payment Pending
3752,20026,2020-07-18,Payment Pending
3759,10751,2021-12-12,Payment Pending
3761,2343,2023-06-27,Payment Pending
3762,6135,2022-10-19,Payment Pending
3764,7197,2021-02-17,Payment Pending
3766,18752,2020-07-14,Payment Pending
3770,5564,2021-05-04,Payment Pending
3779,1672,2022-01-26,Payment Pending
3781,14757,2023-12-05,Payment Pending
3782,10538,2021-11-15,Payment Pending
3783,9501,2021-02-22,Payment Pending
3784,6430,2021-04-11,Payment Pending
3786,11101,2020-10-09,Payment Pending
3787,1582,2023-11-27,Payment Pending
3789,7871,2023-11-22,Payment Pending
3790,6908,2023-02-08,Payment Pending
3794,12844,2020-08-01,Payment Pending
3795,20285,2023-11-18,Payment Pending
3800,12929,2020-10-08,Payment Pending
3209,13091,2020-05-28,Payment Successed
3211,10458,2022-10-07,Payment Successed
3212,3873,2023-11-03,Payment Successed
3213,6274,2023-03-13,Payment Successed
3214,2034,2023-08-26,Payment Successed
3216,13324,2022-02-15,Payment Successed
3217,16088,2022-07-07,Payment Successed
3218,4424,2020-10-08,Payment Successed
3219,5544,2021-04-15,Payment Successed
3220,2874,2023-04-25,Payment Successed
3222,14309,2021-08-26,Payment Successed
3224,9254,2021-10-18,Payment Successed
3225,19121,2024-01-02,Payment Successed
3226,5485,2020-04-01,Payment Successed
3227,16903,2020-08-03,Payment Successed
3228,17009,2021-03-31,Payment Successed
3229,16244,2023-06-15,Payment Successed
3231,324,2020-06-12,Payment Successed
3234,16159,2021-01-18,Payment Successed
3828,2258,2022-03-17,Payment Failed
3856,11406,2023-12-26,Payment Failed
3873,17140,2021-01-14,Payment Failed
3874,4343,2020-11-10,Payment Failed
3888,10341,2023-04-24,Payment Failed
3908,4811,2023-07-19,Payment Failed
3924,9184,2022-10-16,Payment Failed
3824,2097,2021-04-25,Refunded
3842,19645,2020-08-08,Refunded
3904,5799,2023-11-30,Refunded
3914,2838,2022-03-06,Refunded
3922,6972,2021-09-04,Refunded
3239,270,2021-01-18,Payment Successed
3243,15379,2023-10-03,Payment Successed
3245,1700,2020-08-21,Payment Successed
3246,17293,2023-12-25,Payment Successed
3248,847,2022-06-06,Payment Successed
3249,14187,2020-02-17,Payment Successed
3250,9570,2022-07-14,Payment Successed
3252,16065,2023-02-12,Payment Successed
3256,1404,2022-08-05,Payment Successed
3257,6081,2021-01-17,Payment Successed
3260,58,2021-05-27,Payment Successed
3261,15855,2022-05-12,Payment Successed
3262,6247,2023-12-11,Payment Successed
3263,8758,2022-04-07,Payment Successed
3264,6572,2021-08-03,Payment Successed
3265,17789,2023-07-01,Payment Successed
3266,1639,2021-08-30,Payment Successed
3267,3831,2021-12-13,Payment Successed
3270,1488,2020-04-12,Payment Successed
3271,11375,2021-11-22,Payment Successed
3272,5469,2023-03-17,Payment Successed
3273,3039,2020-08-14,Payment Successed
3278,12604,2022-12-26,Payment Successed
3279,12338,2022-06-07,Payment Successed
3280,13986,2020-05-28,Payment Successed
3282,11718,2023-10-30,Payment Successed
3283,2695,2020-11-17,Payment Successed
3284,16718,2023-04-18,Payment Successed
3286,3815,2022-01-05,Payment Successed
3289,12664,2020-01-16,Payment Successed
3292,12624,2021-07-24,Payment Successed
3295,1479,2023-01-21,Payment Successed
3298,18046,2020-10-15,Payment Successed
3300,9871,2021-01-22,Payment Successed
3301,8687,2020-07-08,Payment Successed
3302,10777,2020-01-04,Payment Successed
3305,375,2020-04-16,Payment Successed
3306,3907,2023-10-03,Payment Successed
3307,4527,2020-07-02,Payment Successed
3309,12030,2023-05-27,Payment Successed
3809,12828,2023-07-28,Payment Pending
3812,2602,2021-04-10,Payment Pending
3813,17154,2020-09-01,Payment Pending
3815,8358,2023-09-07,Payment Pending
3821,248,2022-02-11,Payment Pending
3823,7018,2021-04-02,Payment Pending
3825,5645,2022-08-28,Payment Pending
3831,5682,2022-08-18,Payment Pending
3833,17713,2023-09-19,Payment Pending
3834,21301,2023-04-30,Payment Pending
3838,12099,2023-11-27,Payment Pending
3841,17621,2021-02-18,Payment Pending
3844,18717,2023-03-24,Payment Pending
3845,5304,2020-04-17,Payment Pending
3846,9623,2020-07-17,Payment Pending
3851,17993,2021-11-28,Payment Pending
3857,15625,2020-09-26,Payment Pending
3859,17423,2020-03-22,Payment Pending
3871,10708,2020-10-05,Payment Pending
3872,15146,2023-10-24,Payment Pending
3877,13207,2020-01-19,Payment Pending
3881,14402,2021-08-07,Payment Pending
3882,16266,2023-08-04,Payment Pending
3885,17048,2020-03-29,Payment Pending
3891,307,2022-01-23,Payment Pending
3892,17085,2022-08-19,Payment Pending
3894,14065,2022-10-10,Payment Pending
3897,21259,2021-02-08,Payment Pending
3898,17925,2020-07-18,Payment Pending
3899,9494,2021-04-23,Payment Pending
3901,5303,2020-08-27,Payment Pending
3902,11354,2023-11-04,Payment Pending
3903,13618,2023-03-14,Payment Pending
3906,19290,2021-05-17,Payment Pending
3913,14039,2023-10-08,Payment Pending
3919,17037,2022-10-13,Payment Pending
3920,18491,2022-01-04,Payment Pending
3921,6469,2020-04-05,Payment Pending
3926,236,2021-12-02,Payment Pending
3928,2540,2023-10-30,Payment Pending
3930,16787,2020-08-22,Payment Pending
3931,13626,2023-10-08,Payment Pending
3932,10127,2023-02-21,Payment Pending
3936,9741,2020-07-08,Payment Pending
3943,2913,2021-02-11,Payment Pending
3310,6981,2022-10-25,Payment Successed
3314,7381,2020-02-17,Payment Successed
3315,20232,2021-03-30,Payment Successed
3317,12149,2023-05-15,Payment Successed
3318,15928,2021-06-08,Payment Successed
3319,6662,2021-05-27,Payment Successed
3320,6448,2021-06-29,Payment Successed
3322,3890,2023-11-02,Payment Successed
3324,14108,2020-05-02,Payment Successed
3325,10037,2020-03-19,Payment Successed
3327,5901,2021-07-18,Payment Successed
3329,18250,2021-06-12,Payment Successed
3330,6716,2022-06-25,Payment Successed
3332,20975,2023-02-22,Payment Successed
3334,5414,2022-09-04,Payment Successed
3340,7358,2023-03-02,Payment Successed
3343,12379,2022-11-02,Payment Successed
3344,14054,2021-04-27,Payment Successed
3345,3281,2020-06-16,Payment Successed
3346,11478,2021-08-31,Payment Successed
3347,16995,2023-09-01,Payment Successed
3348,7874,2022-05-25,Payment Successed
3349,1687,2023-08-29,Payment Successed
3350,17356,2021-08-25,Payment Successed
3351,822,2020-10-31,Payment Successed
3352,9657,2020-04-12,Payment Successed
3353,20328,2021-09-25,Payment Successed
3354,5621,2020-07-19,Payment Successed
3357,12776,2022-06-06,Payment Successed
3358,14507,2022-01-22,Payment Successed
3361,2006,2023-11-25,Payment Successed
3976,3553,2023-04-11,Payment Failed
3985,5532,2020-11-16,Payment Failed
4004,1566,2022-06-07,Payment Failed
4023,10632,2021-03-28,Payment Failed
4025,18316,2022-01-22,Payment Failed
4034,19678,2022-10-20,Payment Failed
4061,3295,2020-10-21,Payment Failed
3950,6327,2021-01-20,Refunded
3958,13355,2021-06-05,Refunded
3961,3177,2021-10-27,Refunded
3968,19401,2020-06-17,Refunded
3975,15365,2022-10-12,Refunded
4006,19340,2023-12-08,Refunded
3364,8439,2021-02-15,Payment Successed
3365,20391,2023-07-23,Payment Successed
3366,8328,2022-08-19,Payment Successed
3368,4744,2021-10-30,Payment Successed
3370,9589,2022-05-15,Payment Successed
3371,9155,2021-03-14,Payment Successed
3372,20621,2022-10-17,Payment Successed
3373,15770,2022-02-23,Payment Successed
3379,13140,2021-01-20,Payment Successed
3381,10468,2022-08-14,Payment Successed
3383,20242,2022-07-30,Payment Successed
3386,7112,2020-06-22,Payment Successed
3388,16207,2020-09-09,Payment Successed
3394,226,2020-06-07,Payment Successed
3396,7287,2020-03-27,Payment Successed
3398,18806,2020-01-31,Payment Successed
3399,7736,2021-02-08,Payment Successed
3400,11006,2020-05-31,Payment Successed
3401,5327,2022-10-18,Payment Successed
3402,14780,2022-07-24,Payment Successed
3403,16715,2020-06-07,Payment Successed
3404,16698,2020-02-06,Payment Successed
3406,9486,2020-09-11,Payment Successed
3407,10720,2021-05-07,Payment Successed
3408,18494,2020-12-28,Payment Successed
3411,9183,2023-06-09,Payment Successed
3412,18466,2023-12-16,Payment Successed
3414,10402,2022-09-04,Payment Successed
3415,4222,2020-08-01,Payment Successed
3417,5342,2020-09-20,Payment Successed
3418,17922,2021-06-15,Payment Successed
3419,19923,2023-09-17,Payment Successed
3424,20843,2023-09-04,Payment Successed
3425,15050,2021-04-08,Payment Successed
3426,3942,2023-09-30,Payment Successed
3428,19577,2020-10-10,Payment Successed
3433,1760,2020-10-10,Payment Successed
3435,11847,2023-01-20,Payment Successed
3949,9976,2023-12-20,Payment Pending
3953,1471,2021-12-06,Payment Pending
3957,1710,2022-01-12,Payment Pending
3959,20516,2020-11-22,Payment Pending
3964,17455,2020-12-10,Payment Pending
3967,12008,2020-06-18,Payment Pending
3969,17543,2020-11-14,Payment Pending
3973,7029,2022-04-13,Payment Pending
3980,13902,2022-12-12,Payment Pending
3981,20603,2021-02-23,Payment Pending
3983,15938,2022-11-16,Payment Pending
3989,1623,2021-06-24,Payment Pending
3991,13474,2021-07-21,Payment Pending
3994,14253,2023-04-21,Payment Pending
3996,14163,2023-12-05,Payment Pending
4001,776,2023-06-06,Payment Pending
4002,9223,2021-08-24,Payment Pending
4007,9664,2020-03-01,Payment Pending
4011,11570,2021-02-21,Payment Pending
4013,12511,2023-01-15,Payment Pending
4017,14545,2022-03-31,Payment Pending
4020,14277,2022-12-31,Payment Pending
4024,14267,2023-12-21,Payment Pending
4026,2816,2021-07-15,Payment Pending
4027,6585,2023-07-21,Payment Pending
4030,8828,2022-07-01,Payment Pending
4031,9877,2022-04-30,Payment Pending
4037,5944,2020-05-08,Payment Pending
4040,7277,2021-01-05,Payment Pending
4042,20324,2022-05-14,Payment Pending
4044,4430,2020-07-24,Payment Pending
4049,14595,2021-06-27,Payment Pending
4051,8255,2022-01-14,Payment Pending
4052,13699,2022-03-24,Payment Pending
4053,4721,2021-10-15,Payment Pending
4063,7686,2021-03-09,Payment Pending
4064,14827,2023-06-22,Payment Pending
4065,14843,2023-10-30,Payment Pending
4067,20990,2022-07-13,Payment Pending
4069,11682,2023-01-31,Payment Pending
4070,2105,2021-06-05,Payment Pending
4073,10327,2022-02-05,Payment Pending
4075,2861,2020-03-25,Payment Pending
4080,17237,2022-08-31,Payment Pending
3436,10742,2023-09-06,Payment Successed
3437,4838,2023-10-23,Payment Successed
3438,1539,2023-05-19,Payment Successed
3442,20788,2023-05-23,Payment Successed
3443,18956,2021-11-01,Payment Successed
3445,8834,2021-11-16,Payment Successed
3447,9511,2021-10-12,Payment Successed
3449,8759,2020-05-13,Payment Successed
3450,6562,2023-08-07,Payment Successed
3452,5643,2020-04-09,Payment Successed
3453,20189,2021-05-16,Payment Successed
3455,18041,2021-04-11,Payment Successed
3456,1638,2021-11-23,Payment Successed
3460,8775,2021-03-12,Payment Successed
3464,5573,2020-01-31,Payment Successed
3465,2856,2023-11-02,Payment Successed
3468,13969,2023-08-15,Payment Successed
3469,3770,2023-04-25,Payment Successed
3470,7520,2021-03-10,Payment Successed
3471,8581,2023-06-06,Payment Successed
3474,5131,2022-11-01,Payment Successed
3475,12124,2022-03-16,Payment Successed
3476,4329,2020-07-17,Payment Successed
3478,18268,2020-01-05,Payment Successed
3479,6527,2021-08-15,Payment Successed
3480,5114,2020-05-24,Payment Successed
3487,9641,2023-03-23,Payment Successed
3490,18568,2020-07-08,Payment Successed
3493,1887,2021-10-08,Payment Successed
3494,1114,2020-08-25,Payment Successed
3495,16762,2020-01-22,Payment Successed
3497,5810,2023-02-27,Payment Successed
4084,5353,2020-09-14,Payment Failed
4116,18285,2023-08-16,Payment Failed
4122,9362,2022-06-29,Payment Failed
4123,11810,2021-03-20,Payment Failed
4124,10658,2023-09-24,Payment Failed
4144,18932,2022-08-27,Payment Failed
4178,2568,2020-11-01,Payment Failed
4189,12523,2022-07-24,Payment Failed
4200,20604,2021-09-23,Payment Failed
4094,9041,2022-06-15,Refunded
4112,5892,2021-12-02,Refunded
4120,3296,2020-07-02,Refunded
4136,18927,2021-06-17,Refunded
3499,3752,2023-01-06,Payment Successed
3501,11359,2020-04-15,Payment Successed
3503,308,2020-11-06,Payment Successed
3505,66,2021-10-16,Payment Successed
3506,4440,2020-02-20,Payment Successed
3507,11876,2020-07-07,Payment Successed
3509,11812,2020-08-05,Payment Successed
3512,18125,2020-10-05,Payment Successed
3516,2245,2021-09-13,Payment Successed
3519,6941,2022-11-05,Payment Successed
3522,11054,2020-02-13,Payment Successed
3523,1668,2023-05-13,Payment Successed
3524,10129,2022-06-28,Payment Successed
3525,15369,2021-06-30,Payment Successed
3526,9134,2021-11-29,Payment Successed
3528,11692,2023-03-12,Payment Successed
3529,15891,2022-05-08,Payment Successed
3530,4438,2022-04-03,Payment Successed
3531,8027,2021-03-24,Payment Successed
3537,7323,2021-11-21,Payment Successed
3540,21357,2022-08-23,Payment Successed
3541,14096,2020-01-17,Payment Successed
3545,18666,2020-07-15,Payment Successed
3547,3362,2022-11-18,Payment Successed
3548,21252,2023-02-08,Payment Successed
3549,6714,2022-09-20,Payment Successed
3551,11512,2021-04-02,Payment Successed
3552,14811,2021-10-18,Payment Successed
3553,14259,2022-05-11,Payment Successed
3554,712,2022-05-15,Payment Successed
3556,18174,2021-11-06,Payment Successed
3557,16229,2023-03-02,Payment Successed
3560,16721,2020-07-06,Payment Successed
3562,13850,2021-12-24,Payment Successed
3563,3159,2022-04-08,Payment Successed
3566,19089,2022-07-31,Payment Successed
3568,18339,2022-01-19,Payment Successed
3569,17113,2022-03-02,Payment Successed
3573,9312,2020-01-28,Payment Successed
3575,8,2022-03-14,Payment Successed
3576,14882,2021-03-31,Payment Successed
3577,4398,2022-06-13,Payment Successed
3579,14790,2022-08-07,Payment Successed
3580,14613,2020-06-11,Payment Successed
3583,9717,2022-05-18,Payment Successed
3584,17417,2021-06-02,Payment Successed
3585,15230,2020-07-03,Payment Successed
3586,18365,2023-12-14,Payment Successed
3587,299,2023-09-28,Payment Successed
3588,13670,2020-11-28,Payment Successed
4083,4704,2022-01-26,Payment Pending
4086,21043,2023-11-30,Payment Pending
4089,5549,2022-03-21,Payment Pending
4092,351,2021-06-05,Payment Pending
4093,16644,2020-05-28,Payment Pending
4099,2779,2023-02-16,Payment Pending
4102,11731,2022-09-23,Payment Pending
4105,15743,2021-09-15,Payment Pending
4106,13593,2020-01-09,Payment Pending
4109,9432,2020-11-17,Payment Pending
4113,11648,2023-09-22,Payment Pending
4114,8626,2022-03-21,Payment Pending
4118,20894,2021-08-18,Payment Pending
4119,12538,2020-01-19,Payment Pending
4121,15638,2022-04-02,Payment Pending
4125,20926,2020-08-13,Payment Pending
4131,21345,2023-11-13,Payment Pending
4133,13302,2020-12-18,Payment Pending
4135,220,2020-10-31,Payment Pending
4139,15696,2022-10-11,Payment Pending
4143,20773,2020-11-11,Payment Pending
4146,5538,2020-12-06,Payment Pending
4148,4950,2023-08-26,Payment Pending
4152,6394,2023-06-29,Payment Pending
4153,21096,2023-11-07,Payment Pending
4154,3460,2022-01-10,Payment Pending
4156,5236,2020-10-05,Payment Pending
4157,18851,2022-05-12,Payment Pending
4158,13957,2021-03-18,Payment Pending
4159,15481,2021-11-26,Payment Pending
4161,10739,2020-12-08,Payment Pending
4169,1713,2020-08-18,Payment Pending
4170,223,2020-12-10,Payment Pending
4172,3292,2022-07-22,Payment Pending
4174,908,2021-07-01,Payment Pending
4176,10030,2020-01-16,Payment Pending
4177,7842,2020-03-25,Payment Pending
4179,4824,2021-08-03,Payment Pending
4184,17158,2021-05-16,Payment Pending
4186,16976,2020-03-22,Payment Pending
4187,11066,2021-11-15,Payment Pending
4191,2215,2023-08-20,Payment Pending
4194,8363,2022-08-21,Payment Pending
4197,2815,2023-10-08,Payment Pending
4198,20630,2022-03-25,Payment Pending
4199,18597,2021-11-25,Payment Pending
4202,14238,2021-09-26,Payment Pending
4204,20726,2023-10-16,Payment Pending
4205,17241,2021-08-04,Payment Pending
4206,17877,2023-01-14,Payment Pending
4209,2433,2020-04-04,Payment Pending
4210,5123,2023-02-22,Payment Pending
4214,1604,2022-03-22,Payment Pending
4216,3426,2022-03-28,Payment Pending
3590,2754,2020-07-23,Payment Successed
3591,5248,2022-06-20,Payment Successed
3593,9683,2020-07-18,Payment Successed
3594,12117,2021-12-05,Payment Successed
3596,5924,2023-02-16,Payment Successed
3599,6399,2021-03-05,Payment Successed
3603,4246,2023-07-17,Payment Successed
3604,3477,2023-09-02,Payment Successed
3607,9537,2020-11-11,Payment Successed
3608,6923,2020-09-20,Payment Successed
3609,18679,2020-01-26,Payment Successed
4307,2412,2020-01-16,Payment Failed
4329,11953,2022-08-28,Payment Failed
4346,9878,2023-09-25,Payment Failed
4245,34,2020-02-20,Refunded
4273,15793,2020-01-03,Refunded
3613,13265,2020-06-02,Payment Successed
3616,2476,2023-08-09,Payment Successed
3618,2690,2021-03-26,Payment Successed
3621,17101,2022-01-08,Payment Successed
3622,12893,2023-02-03,Payment Successed
3623,20278,2023-01-09,Payment Successed
3626,10588,2022-03-14,Payment Successed
3627,18396,2023-02-12,Payment Successed
3628,13248,2023-05-03,Payment Successed
3631,1671,2021-02-20,Payment Successed
3634,191,2021-08-13,Payment Successed
3635,7677,2022-08-05,Payment Successed
3636,12495,2023-08-24,Payment Successed
3641,4202,2020-12-19,Payment Successed
3644,16681,2022-03-14,Payment Successed
3646,20191,2021-03-30,Payment Successed
3647,10806,2020-09-11,Payment Successed
3650,3218,2022-10-01,Payment Successed
3651,4862,2021-04-08,Payment Successed
3652,9847,2023-07-24,Payment Successed
3655,16873,2020-10-01,Payment Successed
3656,21517,2023-09-20,Payment Successed
3659,659,2021-03-31,Payment Successed
3660,3087,2020-04-07,Payment Successed
3664,7598,2023-05-10,Payment Successed
3665,914,2022-07-25,Payment Successed
3666,19047,2022-12-17,Payment Successed
3670,2119,2022-01-06,Payment Successed
3671,11137,2022-02-09,Payment Successed
3673,5412,2023-09-11,Payment Successed
3674,9491,2022-07-12,Payment Successed
3675,8165,2021-03-05,Payment Successed
3677,20418,2022-12-07,Payment Successed
3678,2908,2022-11-27,Payment Successed
3679,16852,2022-06-13,Payment Successed
3680,9829,2023-06-30,Payment Successed
3681,21116,2023-12-29,Payment Successed
3682,14640,2022-10-27,Payment Successed
3687,13186,2023-10-26,Payment Successed
3688,10586,2021-07-04,Payment Successed
3690,20258,2020-04-08,Payment Successed
3691,12194,2022-08-29,Payment Successed
3695,18422,2022-07-07,Payment Successed
3696,11217,2023-01-08,Payment Successed
3700,1821,2021-07-10,Payment Successed
3701,8812,2021-09-22,Payment Successed
4217,9530,2020-08-10,Payment Pending
4222,14815,2022-04-11,Payment Pending
4224,9468,2023-09-25,Payment Pending
4230,13311,2022-07-26,Payment Pending
4233,4136,2023-01-21,Payment Pending
4234,17135,2023-05-22,Payment Pending
4235,19381,2020-01-27,Payment Pending
4236,7514,2022-01-07,Payment Pending
4239,11000,2022-10-26,Payment Pending
4241,15662,2023-05-24,Payment Pending
4247,1007,2023-09-20,Payment Pending
4248,3680,2020-07-16,Payment Pending
4250,17625,2021-07-06,Payment Pending
4251,6328,2020-04-19,Payment Pending
4253,17264,2020-12-10,Payment Pending
4257,11390,2021-08-29,Payment Pending
4258,14011,2022-11-11,Payment Pending
4263,14383,2023-03-14,Payment Pending
4264,3691,2021-01-10,Payment Pending
4266,19100,2022-07-20,Payment Pending
4267,14709,2020-10-06,Payment Pending
4272,8961,2022-05-14,Payment Pending
4274,2283,2023-03-14,Payment Pending
4276,9720,2022-09-06,Payment Pending
4283,17383,2022-04-25,Payment Pending
4285,15345,2020-01-08,Payment Pending
4288,13520,2023-07-20,Payment Pending
4294,4537,2023-02-12,Payment Pending
4299,3356,2020-07-26,Payment Pending
4301,10227,2022-05-27,Payment Pending
4302,7016,2022-05-27,Payment Pending
4305,18435,2021-08-12,Payment Pending
4308,747,2021-11-20,Payment Pending
4311,1834,2021-08-14,Payment Pending
4312,12365,2023-01-10,Payment Pending
4314,9451,2020-01-14,Payment Pending
4317,21317,2023-06-12,Payment Pending
4320,7537,2022-02-12,Payment Pending
4322,12115,2020-10-01,Payment Pending
4324,15482,2023-04-06,Payment Pending
4325,8173,2021-05-18,Payment Pending
4331,11833,2022-11-02,Payment Pending
4333,10393,2022-02-21,Payment Pending
4337,9822,2021-03-20,Payment Pending
4338,6241,2022-05-07,Payment Pending
4342,14524,2023-01-11,Payment Pending
4343,8794,2021-08-13,Payment Pending
4344,16153,2021-07-23,Payment Pending
4345,16745,2022-02-08,Payment Pending
3702,2523,2023-08-17,Payment Successed
3704,395,2021-05-03,Payment Successed
3705,5734,2022-08-19,Payment Successed
3709,5982,2022-01-02,Payment Successed
3710,9444,2022-10-31,Payment Successed
3711,8877,2022-01-26,Payment Successed
3714,11094,2020-03-28,Payment Successed
3718,1306,2021-05-09,Payment Successed
3722,18120,2023-04-16,Payment Successed
3723,2997,2020-05-13,Payment Successed
3725,4916,2020-11-24,Payment Successed
3726,3041,2020-12-20,Payment Successed
3728,176,2020-02-20,Payment Successed
3729,18048,2021-09-17,Payment Successed
3734,12647,2023-08-09,Payment Successed
3736,1651,2020-12-25,Payment Successed
3737,21063,2021-11-15,Payment Successed
3738,10593,2020-10-09,Payment Successed
3741,9384,2023-06-25,Payment Successed
3742,2088,2020-04-28,Payment Successed
3745,1390,2020-08-17,Payment Successed
3746,14837,2021-02-12,Payment Successed
3747,12140,2022-06-23,Payment Successed
3749,13232,2020-04-17,Payment Successed
3750,15047,2020-01-25,Payment Successed
3754,13657,2022-04-02,Payment Successed
3755,9022,2021-04-18,Payment Successed
3756,13446,2023-11-09,Payment Successed
3757,2606,2023-03-14,Payment Successed
4383,12207,2022-05-30,Payment Failed
4408,6752,2021-12-19,Payment Failed
4421,1268,2020-01-17,Payment Failed
4451,6370,2023-10-10,Payment Failed
4457,6342,2022-11-13,Payment Failed
4463,16311,2021-11-19,Payment Failed
4355,9199,2023-07-08,Refunded
4378,10987,2023-05-28,Refunded
4389,5918,2023-11-10,Refunded
4393,8164,2023-12-25,Refunded
4402,21313,2020-10-24,Refunded
4407,11246,2020-10-11,Refunded
4430,8170,2023-11-17,Refunded
3760,7140,2022-07-25,Payment Successed
3763,16917,2020-04-01,Payment Successed
3765,11357,2020-05-27,Payment Successed
3767,19744,2022-09-04,Payment Successed
3768,21234,2023-12-17,Payment Successed
3769,5855,2021-06-14,Payment Successed
3773,8327,2020-10-01,Payment Successed
3774,8171,2020-08-17,Payment Successed
3775,8832,2020-02-02,Payment Successed
3776,1958,2022-10-12,Payment Successed
3777,4598,2020-01-30,Payment Successed
3778,11496,2020-07-21,Payment Successed
3785,2295,2021-07-10,Payment Successed
3788,13836,2023-09-25,Payment Successed
3791,13911,2023-10-01,Payment Successed
3792,1557,2021-12-17,Payment Successed
3793,20062,2020-08-25,Payment Successed
3796,2863,2022-03-29,Payment Successed
3797,11565,2022-08-02,Payment Successed
3798,15489,2021-03-18,Payment Successed
3801,5784,2020-10-07,Payment Successed
3802,14518,2021-12-20,Payment Successed
3803,3733,2021-05-20,Payment Successed
3804,10410,2023-11-24,Payment Successed
3805,15781,2022-05-25,Payment Successed
3806,7014,2021-06-17,Payment Successed
3807,4771,2023-03-15,Payment Successed
3808,13338,2023-02-20,Payment Successed
3810,11741,2020-02-18,Payment Successed
3811,1947,2021-04-05,Payment Successed
3814,1129,2023-06-04,Payment Successed
3816,15164,2020-04-05,Payment Successed
3817,1985,2022-07-31,Payment Successed
3818,6677,2021-12-17,Payment Successed
3819,19402,2021-08-04,Payment Successed
3820,16472,2023-04-30,Payment Successed
3822,131,2021-05-26,Payment Successed
3826,14648,2022-04-07,Payment Successed
3827,6927,2023-03-13,Payment Successed
3829,7417,2022-04-29,Payment Successed
3830,5500,2022-07-13,Payment Successed
3832,5946,2023-11-30,Payment Successed
3835,21621,2022-01-12,Payment Successed
3836,3445,2022-10-26,Payment Successed
3837,695,2020-03-28,Payment Successed
4360,14031,2021-07-17,Payment Pending
4361,11763,2021-07-20,Payment Pending
4363,12397,2023-03-25,Payment Pending
4364,18230,2020-04-27,Payment Pending
4365,10394,2023-10-20,Payment Pending
4368,8531,2021-05-18,Payment Pending
4370,19882,2023-05-02,Payment Pending
4376,8023,2023-03-20,Payment Pending
4379,10922,2023-01-19,Payment Pending
4382,15005,2022-12-24,Payment Pending
4387,12121,2022-07-15,Payment Pending
4390,12429,2023-04-19,Payment Pending
4394,10068,2022-06-16,Payment Pending
4395,12198,2021-02-27,Payment Pending
4396,6954,2021-01-12,Payment Pending
4397,14335,2021-11-21,Payment Pending
4398,16227,2020-05-03,Payment Pending
4400,10869,2023-01-16,Payment Pending
4401,12634,2020-05-06,Payment Pending
4404,4983,2023-07-27,Payment Pending
4405,6324,2021-10-25,Payment Pending
4406,8930,2023-12-16,Payment Pending
4409,12774,2020-07-24,Payment Pending
4410,18493,2023-12-18,Payment Pending
4415,1449,2021-12-27,Payment Pending
4416,4940,2021-11-13,Payment Pending
4418,14702,2023-05-28,Payment Pending
4420,8206,2023-09-22,Payment Pending
4422,2058,2020-11-13,Payment Pending
4424,21405,2023-12-12,Payment Pending
4429,19546,2023-06-05,Payment Pending
4431,19947,2022-12-14,Payment Pending
4433,19959,2023-12-03,Payment Pending
4434,11558,2022-02-05,Payment Pending
4436,13965,2020-07-16,Payment Pending
4437,2467,2022-01-21,Payment Pending
4441,7348,2021-04-21,Payment Pending
4443,18576,2021-05-20,Payment Pending
4445,14178,2021-01-23,Payment Pending
4449,33,2023-05-27,Payment Pending
4450,8280,2020-09-21,Payment Pending
4455,1413,2020-06-05,Payment Pending
4464,14845,2020-08-11,Payment Pending
4466,10211,2023-11-11,Payment Pending
4467,20093,2020-08-12,Payment Pending
4468,12699,2022-03-01,Payment Pending
4469,3638,2022-04-08,Payment Pending
4471,16272,2022-11-18,Payment Pending
4472,8288,2023-11-09,Payment Pending
4476,15918,2022-05-05,Payment Pending
4484,3165,2022-05-10,Payment Pending
4488,18911,2022-07-10,Payment Pending
3839,4193,2022-04-07,Payment Successed
3840,20647,2021-10-23,Payment Successed
3843,4340,2021-10-09,Payment Successed
3847,17766,2020-10-17,Payment Successed
3848,8098,2022-02-20,Payment Successed
3849,4076,2022-05-08,Payment Successed
3850,16613,2022-02-13,Payment Successed
3852,1815,2023-10-03,Payment Successed
3853,15355,2021-04-04,Payment Successed
3854,11936,2020-08-14,Payment Successed
3855,7708,2020-06-02,Payment Successed
3858,16347,2023-10-13,Payment Successed
3860,16628,2021-05-28,Payment Successed
3861,21455,2021-05-31,Payment Successed
3862,20858,2023-08-04,Payment Successed
3863,9723,2022-01-13,Payment Successed
4498,1528,2023-04-27,Payment Failed
4502,8886,2023-11-07,Payment Failed
4505,10636,2021-07-14,Payment Failed
4520,1562,2022-05-08,Payment Failed
4534,4408,2022-01-14,Payment Failed
4582,587,2023-02-11,Payment Failed
4612,383,2020-02-22,Payment Failed
4620,16502,2023-11-28,Payment Failed
4491,3756,2023-10-25,Refunded
4539,14221,2021-11-07,Refunded
4547,5356,2021-09-25,Refunded
4580,19938,2020-01-19,Refunded
4624,7473,2020-06-05,Refunded
3864,19099,2023-11-22,Payment Successed
3865,6463,2021-06-20,Payment Successed
3866,18486,2020-05-10,Payment Successed
3867,7844,2020-08-09,Payment Successed
3868,1739,2021-06-14,Payment Successed
3869,14753,2023-09-29,Payment Successed
3870,12021,2022-08-25,Payment Successed
3875,14936,2023-12-22,Payment Successed
3876,18553,2021-04-24,Payment Successed
3878,3180,2020-03-11,Payment Successed
3879,14366,2023-12-14,Payment Successed
3880,20125,2023-01-30,Payment Successed
3883,20931,2020-11-10,Payment Successed
3884,13754,2022-02-26,Payment Successed
3886,18896,2022-08-14,Payment Successed
3887,7050,2021-05-11,Payment Successed
3889,806,2023-12-27,Payment Successed
3890,16386,2021-06-12,Payment Successed
3893,15205,2023-06-30,Payment Successed
3895,5779,2020-07-13,Payment Successed
3896,17792,2020-04-17,Payment Successed
3900,10706,2020-08-06,Payment Successed
3905,18193,2020-05-31,Payment Successed
3907,12290,2020-11-04,Payment Successed
3909,20048,2021-02-28,Payment Successed
3910,13284,2020-11-03,Payment Successed
3911,13795,2022-06-13,Payment Successed
3912,18499,2020-08-17,Payment Successed
3915,4536,2022-12-26,Payment Successed
3916,13215,2023-01-17,Payment Successed
3917,9331,2023-02-12,Payment Successed
3918,3029,2021-12-08,Payment Successed
3923,8954,2021-10-26,Payment Successed
3925,10084,2021-02-19,Payment Successed
3927,12083,2021-03-12,Payment Successed
3929,11395,2022-03-19,Payment Successed
3933,20341,2021-07-31,Payment Successed
3934,925,2023-07-28,Payment Successed
3935,14989,2021-01-29,Payment Successed
3937,1550,2023-05-30,Payment Successed
3938,13691,2023-10-04,Payment Successed
3939,6829,2023-03-04,Payment Successed
3940,6177,2020-02-13,Payment Successed
3941,6212,2022-07-07,Payment Successed
3942,4454,2023-12-21,Payment Successed
3944,15746,2023-04-29,Payment Successed
4494,19869,2022-11-02,Payment Pending
4495,15582,2022-11-14,Payment Pending
4497,21488,2020-03-14,Payment Pending
4506,14083,2022-01-13,Payment Pending
4508,3088,2023-02-18,Payment Pending
4509,9231,2023-02-21,Payment Pending
4510,3804,2022-04-21,Payment Pending
4511,16352,2020-11-10,Payment Pending
4512,11549,2022-08-08,Payment Pending
4513,9969,2023-10-18,Payment Pending
4515,13447,2022-08-28,Payment Pending
4518,15676,2021-03-06,Payment Pending
4521,17519,2021-05-18,Payment Pending
4522,904,2023-07-15,Payment Pending
4528,6543,2021-06-01,Payment Pending
4533,19252,2021-10-21,Payment Pending
4535,9465,2020-11-08,Payment Pending
4536,11800,2021-05-15,Payment Pending
4543,2293,2023-05-14,Payment Pending
4555,17398,2020-06-27,Payment Pending
4559,3336,2021-05-07,Payment Pending
4560,2786,2021-02-08,Payment Pending
4565,13154,2021-02-26,Payment Pending
4570,5277,2021-02-21,Payment Pending
4572,10882,2020-11-04,Payment Pending
4573,13433,2022-02-10,Payment Pending
4574,4558,2021-02-14,Payment Pending
4575,6767,2021-12-31,Payment Pending
4577,2404,2022-05-12,Payment Pending
4578,11632,2023-07-19,Payment Pending
4579,18488,2020-02-03,Payment Pending
4581,4069,2020-10-03,Payment Pending
4588,18971,2021-03-31,Payment Pending
4589,21377,2023-02-21,Payment Pending
4591,1854,2022-05-17,Payment Pending
4592,6575,2023-11-30,Payment Pending
4594,1132,2023-12-13,Payment Pending
4598,10293,2022-02-19,Payment Pending
4601,16593,2023-10-05,Payment Pending
4602,15617,2023-12-21,Payment Pending
4606,17904,2023-08-03,Payment Pending
4607,815,2023-10-27,Payment Pending
4609,19081,2022-11-06,Payment Pending
4611,21622,2020-12-30,Payment Pending
4613,11802,2022-08-07,Payment Pending
4614,591,2023-06-13,Payment Pending
4615,19204,2020-08-01,Payment Pending
4616,19372,2021-12-26,Payment Pending
4617,8457,2022-03-16,Payment Pending
4618,16400,2022-05-05,Payment Pending
4623,14016,2020-10-16,Payment Pending
3945,19105,2020-03-18,Payment Successed
3946,18091,2021-08-13,Payment Successed
3947,17974,2022-05-04,Payment Successed
3948,14107,2023-07-01,Payment Successed
3951,3332,2021-06-21,Payment Successed
3952,9079,2022-10-29,Payment Successed
3954,14831,2022-03-07,Payment Successed
3955,9300,2020-07-12,Payment Successed
3956,8354,2022-12-13,Payment Successed
3960,8407,2020-08-24,Payment Successed
3962,1667,2022-05-23,Payment Successed
3963,15076,2020-11-16,Payment Successed
3965,13922,2022-04-15,Payment Successed
3966,10705,2022-07-07,Payment Successed
3970,14724,2022-06-14,Payment Successed
3971,20480,2023-10-19,Payment Successed
3972,4539,2021-11-19,Payment Successed
4626,3288,2022-04-17,Payment Failed
4632,9074,2020-04-06,Payment Failed
4640,2670,2022-07-05,Payment Failed
4669,2405,2021-08-15,Payment Failed
4674,9143,2021-08-20,Payment Failed
4677,1133,2022-10-15,Payment Failed
4681,10962,2022-01-03,Payment Failed
4682,1647,2023-10-22,Payment Failed
4683,10847,2020-07-04,Payment Failed
4684,7620,2022-05-29,Payment Failed
4690,10643,2023-11-11,Payment Failed
4696,7588,2020-02-19,Payment Failed
4699,18745,2020-06-29,Payment Failed
4711,17290,2020-08-30,Payment Failed
4724,200,2022-06-10,Payment Failed
4732,15787,2022-07-02,Payment Failed
4744,18547,2021-06-09,Payment Failed
4630,5667,2020-03-10,Refunded
4638,20442,2021-09-21,Refunded
4700,8533,2021-05-12,Refunded
4715,5245,2020-06-17,Refunded
3974,11523,2023-04-30,Payment Successed
3977,18613,2022-10-28,Payment Successed
3978,18970,2023-07-13,Payment Successed
3979,3581,2024-01-02,Payment Successed
3982,17793,2022-09-06,Payment Successed
3984,11290,2020-06-09,Payment Successed
3986,1953,2022-11-14,Payment Successed
3987,14550,2023-05-08,Payment Successed
3988,15289,2020-04-16,Payment Successed
3990,3056,2022-12-20,Payment Successed
3992,8209,2022-12-03,Payment Successed
3993,12536,2022-06-27,Payment Successed
3995,8981,2020-04-15,Payment Successed
3997,19234,2023-06-25,Payment Successed
3998,8225,2023-08-14,Payment Successed
3999,17270,2021-01-04,Payment Successed
4000,3530,2020-11-06,Payment Successed
4003,14360,2022-09-09,Payment Successed
4005,12892,2020-10-13,Payment Successed
4008,9443,2020-10-24,Payment Successed
4009,12607,2022-11-01,Payment Successed
4010,21037,2020-06-04,Payment Successed
4012,3513,2022-07-10,Payment Successed
4014,20602,2022-04-16,Payment Successed
4015,3897,2022-04-05,Payment Successed
4016,4350,2020-08-29,Payment Successed
4018,3742,2021-01-10,Payment Successed
4019,21163,2023-12-16,Payment Successed
4021,14052,2022-12-13,Payment Successed
4022,1720,2021-11-27,Payment Successed
4028,19023,2020-06-22,Payment Successed
4029,5593,2023-11-05,Payment Successed
4032,3516,2021-09-21,Payment Successed
4625,12182,2023-10-16,Payment Pending
4627,9325,2021-12-23,Payment Pending
4033,18261,2021-07-31,Payment Successed
4629,12525,2021-11-28,Payment Pending
4634,10519,2020-05-28,Payment Pending
4636,21209,2022-06-14,Payment Pending
4641,12934,2021-09-12,Payment Pending
4035,6101,2022-08-15,Payment Successed
4036,19169,2023-09-03,Payment Successed
4038,8113,2022-04-11,Payment Successed
4039,15221,2020-03-28,Payment Successed
4645,10996,2021-07-09,Payment Pending
4041,157,2022-08-10,Payment Successed
4646,14547,2021-02-20,Payment Pending
4043,9235,2022-09-24,Payment Successed
4648,15461,2022-11-13,Payment Pending
4653,13919,2022-08-18,Payment Pending
4654,1207,2021-04-14,Payment Pending
4658,7267,2021-11-08,Payment Pending
4662,5158,2023-02-13,Payment Pending
4663,12320,2020-05-27,Payment Pending
4664,20988,2023-10-29,Payment Pending
4665,4498,2023-04-27,Payment Pending
4666,6810,2020-07-17,Payment Pending
4668,12474,2022-03-03,Payment Pending
4670,15125,2022-09-13,Payment Pending
4671,6709,2023-06-03,Payment Pending
4686,10246,2020-11-12,Payment Pending
4687,15471,2020-09-16,Payment Pending
4691,14497,2021-09-27,Payment Pending
4692,6625,2022-06-14,Payment Pending
4694,3346,2024-01-01,Payment Pending
4695,6157,2020-12-10,Payment Pending
4698,5687,2022-01-12,Payment Pending
4702,337,2021-11-01,Payment Pending
4703,8097,2020-11-05,Payment Pending
4704,8432,2022-05-10,Payment Pending
4705,5738,2021-10-26,Payment Pending
4709,9924,2021-11-02,Payment Pending
4712,18796,2023-05-18,Payment Pending
4713,5569,2023-09-30,Payment Pending
4718,7455,2020-10-06,Payment Pending
4720,19675,2023-03-23,Payment Pending
4721,80,2022-06-22,Payment Pending
4723,4760,2020-09-05,Payment Pending
4726,19147,2020-06-21,Payment Pending
4730,18300,2021-02-03,Payment Pending
4734,11001,2020-12-26,Payment Pending
4739,19134,2023-08-08,Payment Pending
4741,10364,2023-06-15,Payment Pending
4742,13710,2020-04-22,Payment Pending
4045,9428,2021-01-03,Payment Successed
4046,647,2022-08-30,Payment Successed
4047,2761,2020-04-04,Payment Successed
4048,18506,2022-08-18,Payment Successed
4050,9858,2023-03-05,Payment Successed
4054,13241,2022-10-17,Payment Successed
4055,16592,2022-05-16,Payment Successed
4056,15219,2021-03-30,Payment Successed
4057,2219,2020-08-19,Payment Successed
4058,2517,2022-09-08,Payment Successed
4059,20337,2020-09-13,Payment Successed
4060,14773,2022-08-02,Payment Successed
4062,9003,2020-08-12,Payment Successed
4066,10561,2023-05-20,Payment Successed
4068,17350,2020-01-10,Payment Successed
4071,12602,2020-10-31,Payment Successed
4072,9558,2021-01-13,Payment Successed
4074,17429,2021-08-22,Payment Successed
4076,14665,2022-10-24,Payment Successed
4077,13420,2022-02-13,Payment Successed
4078,11920,2023-10-01,Payment Successed
4079,7802,2020-06-13,Payment Successed
4081,13966,2020-02-01,Payment Successed
4766,231,2020-01-11,Payment Failed
4770,11337,2022-12-30,Payment Failed
4771,4383,2021-06-27,Payment Failed
4779,2764,2023-09-13,Payment Failed
4787,6141,2023-11-26,Payment Failed
4790,3249,2022-04-25,Payment Failed
4799,6193,2021-02-24,Payment Failed
4814,10923,2020-07-21,Payment Failed
4843,9789,2022-10-22,Payment Failed
4844,16535,2020-03-20,Payment Failed
4857,11207,2020-05-13,Payment Failed
4772,1645,2021-11-12,Refunded
4785,12660,2023-11-18,Refunded
4793,1031,2023-08-09,Refunded
4797,15277,2020-12-25,Refunded
4832,9211,2022-05-19,Refunded
4848,12235,2023-08-13,Refunded
4892,16507,2023-04-17,Refunded
4082,3347,2022-11-06,Payment Successed
4085,3951,2020-03-15,Payment Successed
4087,11302,2022-01-08,Payment Successed
4088,5338,2021-12-23,Payment Successed
4090,15804,2022-06-15,Payment Successed
4091,17462,2023-03-12,Payment Successed
4095,11793,2022-04-08,Payment Successed
4096,11072,2022-07-16,Payment Successed
4097,795,2020-06-14,Payment Successed
4098,7727,2020-02-01,Payment Successed
4100,18294,2022-09-19,Payment Successed
4101,12915,2023-05-12,Payment Successed
4103,6,2023-05-01,Payment Successed
4104,1872,2023-06-07,Payment Successed
4107,11402,2023-12-15,Payment Successed
4108,13370,2020-06-08,Payment Successed
4110,15419,2023-03-01,Payment Successed
4111,9870,2021-09-08,Payment Successed
4115,20040,2020-05-01,Payment Successed
4117,16776,2020-01-15,Payment Successed
4126,17236,2022-10-14,Payment Successed
4127,16107,2021-08-03,Payment Successed
4128,20825,2021-03-15,Payment Successed
4129,3661,2023-10-13,Payment Successed
4130,7083,2023-02-22,Payment Successed
4132,411,2022-10-01,Payment Successed
4134,19777,2023-12-22,Payment Successed
4137,13588,2023-04-17,Payment Successed
4138,18278,2022-12-10,Payment Successed
4140,13719,2023-08-14,Payment Successed
4141,7217,2022-01-24,Payment Successed
4142,14268,2020-06-11,Payment Successed
4145,20955,2022-05-03,Payment Successed
4147,12794,2021-05-16,Payment Successed
4149,19256,2020-11-03,Payment Successed
4767,19690,2020-06-02,Payment Pending
4776,18972,2020-10-18,Payment Pending
4778,9105,2022-02-17,Payment Pending
4780,920,2020-09-05,Payment Pending
4781,7669,2022-02-18,Payment Pending
4786,2687,2023-08-22,Payment Pending
4788,10935,2023-10-11,Payment Pending
4789,3715,2020-11-09,Payment Pending
4791,11921,2021-06-04,Payment Pending
4798,1751,2022-03-19,Payment Pending
4800,4121,2020-10-26,Payment Pending
4801,1053,2023-10-13,Payment Pending
4803,11596,2022-09-09,Payment Pending
4805,5478,2021-08-31,Payment Pending
4806,15747,2023-03-08,Payment Pending
4807,8544,2023-07-21,Payment Pending
4808,9421,2020-01-11,Payment Pending
4809,9220,2022-07-24,Payment Pending
4818,19088,2023-09-23,Payment Pending
4820,3377,2020-09-23,Payment Pending
4822,5129,2023-02-26,Payment Pending
4826,263,2023-01-13,Payment Pending
4827,17866,2022-12-07,Payment Pending
4830,14419,2020-04-03,Payment Pending
4835,8674,2020-12-01,Payment Pending
4845,11314,2020-08-15,Payment Pending
4847,4878,2023-03-02,Payment Pending
4850,14338,2022-08-18,Payment Pending
4851,11167,2020-01-08,Payment Pending
4852,12267,2020-01-05,Payment Pending
4866,21597,2022-03-22,Payment Pending
4867,2724,2022-05-23,Payment Pending
4870,15760,2022-05-02,Payment Pending
4874,7741,2023-07-08,Payment Pending
4878,19738,2023-03-29,Payment Pending
4881,18879,2022-05-06,Payment Pending
4882,6700,2021-12-08,Payment Pending
4883,15151,2021-05-12,Payment Pending
4888,21145,2022-01-14,Payment Pending
4889,20768,2021-07-06,Payment Pending
4895,5802,2021-09-30,Payment Pending
4896,7224,2022-10-23,Payment Pending
4150,10875,2023-02-06,Payment Successed
4151,16797,2021-12-27,Payment Successed
4155,5238,2020-03-06,Payment Successed
4160,17936,2022-07-24,Payment Successed
4162,16867,2020-12-10,Payment Successed
4163,6264,2023-12-27,Payment Successed
4164,7949,2022-01-26,Payment Successed
4165,8222,2021-04-22,Payment Successed
4166,16021,2020-07-01,Payment Successed
4167,17892,2023-08-05,Payment Successed
4168,6548,2023-07-03,Payment Successed
4171,9616,2020-08-06,Payment Successed
4173,20592,2020-02-22,Payment Successed
4175,6918,2022-05-16,Payment Successed
4180,5282,2020-09-05,Payment Successed
4181,8357,2022-02-21,Payment Successed
4182,9118,2020-10-02,Payment Successed
4183,21537,2021-06-09,Payment Successed
4185,7165,2020-02-04,Payment Successed
4188,5657,2020-03-23,Payment Successed
4190,18556,2023-09-01,Payment Successed
4192,5639,2021-04-10,Payment Successed
4193,6319,2021-03-11,Payment Successed
4195,21074,2020-04-07,Payment Successed
4196,5003,2020-10-05,Payment Successed
4201,3062,2020-11-30,Payment Successed
4203,4036,2023-08-28,Payment Successed
4207,16235,2020-05-11,Payment Successed
4208,19063,2023-07-24,Payment Successed
4211,5306,2021-09-22,Payment Successed
4212,11371,2020-08-16,Payment Successed
4897,14118,2022-05-17,Payment Failed
4910,20003,2021-03-06,Payment Failed
4942,4939,2021-03-26,Payment Failed
4994,6097,2023-10-12,Payment Failed
5010,6080,2023-09-04,Payment Failed
5024,13876,2022-04-22,Payment Failed
4924,13127,2023-01-04,Refunded
4937,5602,2022-04-15,Refunded
4952,21334,2022-01-18,Refunded
4979,9315,2021-08-24,Refunded
4213,17657,2023-02-28,Payment Successed
4215,1335,2022-05-31,Payment Successed
4218,4191,2021-09-04,Payment Successed
4219,10762,2021-07-02,Payment Successed
4220,3997,2022-06-19,Payment Successed
4221,4475,2022-08-09,Payment Successed
4223,5142,2021-05-25,Payment Successed
4225,2643,2023-01-17,Payment Successed
4226,12599,2021-06-05,Payment Successed
4227,21349,2020-04-21,Payment Successed
4229,6531,2021-02-27,Payment Successed
4231,14097,2020-07-20,Payment Successed
4232,16577,2020-06-13,Payment Successed
4237,13027,2022-04-29,Payment Successed
4238,4137,2023-11-08,Payment Successed
4240,3996,2023-08-01,Payment Successed
4242,7079,2023-03-04,Payment Successed
4243,13309,2020-03-30,Payment Successed
4244,20501,2022-10-26,Payment Successed
4246,19815,2020-04-30,Payment Successed
4249,14485,2020-12-09,Payment Successed
4252,3904,2021-01-15,Payment Successed
4254,1833,2021-09-07,Payment Successed
4255,12013,2023-01-01,Payment Successed
4256,10407,2020-11-25,Payment Successed
4259,8721,2021-12-31,Payment Successed
4260,9027,2021-06-16,Payment Successed
4261,5472,2020-03-06,Payment Successed
4262,14677,2021-08-31,Payment Successed
4265,16363,2021-05-29,Payment Successed
4268,14895,2022-12-22,Payment Successed
4269,7643,2022-04-23,Payment Successed
4270,17901,2023-10-04,Payment Successed
4271,5168,2020-06-08,Payment Successed
4275,3038,2023-12-04,Payment Successed
4277,14657,2023-01-22,Payment Successed
4278,11745,2021-05-13,Payment Successed
4279,20409,2021-02-20,Payment Successed
4903,5728,2020-10-03,Payment Pending
4905,1829,2021-10-10,Payment Pending
4907,17750,2022-07-26,Payment Pending
4911,10976,2022-03-15,Payment Pending
4912,11881,2022-12-24,Payment Pending
4918,12414,2020-03-15,Payment Pending
4919,19584,2021-03-09,Payment Pending
4929,20371,2021-03-29,Payment Pending
4933,6441,2021-12-04,Payment Pending
4935,3390,2022-09-17,Payment Pending
4940,20515,2021-02-18,Payment Pending
4941,11988,2022-11-21,Payment Pending
4944,899,2021-11-14,Payment Pending
4945,2563,2022-12-08,Payment Pending
4946,5084,2020-10-11,Payment Pending
4947,6189,2021-09-06,Payment Pending
4950,6242,2021-03-06,Payment Pending
4953,14050,2022-09-17,Payment Pending
4954,17021,2023-04-03,Payment Pending
4960,9252,2020-01-02,Payment Pending
4962,5934,2021-06-07,Payment Pending
4963,7314,2020-05-22,Payment Pending
4966,10411,2022-12-23,Payment Pending
4968,7667,2020-05-24,Payment Pending
4970,11131,2020-09-16,Payment Pending
4971,5704,2021-03-09,Payment Pending
4976,16177,2021-01-03,Payment Pending
4977,17751,2021-10-06,Payment Pending
4978,5767,2022-04-07,Payment Pending
4989,17514,2020-04-07,Payment Pending
4990,15145,2023-07-09,Payment Pending
4997,2664,2021-12-24,Payment Pending
4998,5390,2023-08-28,Payment Pending
4999,12255,2023-02-12,Payment Pending
5003,15242,2020-01-07,Payment Pending
5009,12956,2022-03-27,Payment Pending
5012,2934,2021-11-05,Payment Pending
5019,5705,2022-04-10,Payment Pending
5021,11080,2023-06-16,Payment Pending
5026,18039,2022-01-01,Payment Pending
5029,8556,2021-10-31,Payment Pending
5031,18575,2022-01-20,Payment Pending
4280,6743,2021-08-14,Payment Successed
4281,18636,2020-01-16,Payment Successed
4282,1943,2020-06-25,Payment Successed
4284,21412,2021-06-06,Payment Successed
4286,16922,2022-02-14,Payment Successed
4287,5151,2020-05-11,Payment Successed
4289,12522,2021-01-14,Payment Successed
4290,1857,2021-09-26,Payment Successed
4291,16265,2021-03-23,Payment Successed
4292,11670,2021-05-09,Payment Successed
4293,12967,2020-08-07,Payment Successed
4295,12767,2023-10-20,Payment Successed
4296,8646,2022-06-30,Payment Successed
4297,7367,2020-03-27,Payment Successed
4298,12123,2021-04-15,Payment Successed
4300,6521,2023-04-08,Payment Successed
4303,11727,2020-01-21,Payment Successed
4304,18518,2022-07-04,Payment Successed
4306,18009,2022-08-13,Payment Successed
4309,3308,2021-09-07,Payment Successed
4310,10316,2022-12-21,Payment Successed
4313,8717,2022-07-25,Payment Successed
4315,19909,2021-06-27,Payment Successed
4316,13837,2022-04-04,Payment Successed
4318,18295,2020-03-04,Payment Successed
4319,4542,2022-03-15,Payment Successed
4321,6143,2023-10-03,Payment Successed
4323,6252,2020-04-24,Payment Successed
4326,13942,2023-08-16,Payment Successed
4327,254,2023-02-08,Payment Successed
4328,4162,2022-07-10,Payment Successed
4330,14717,2022-06-12,Payment Successed
4332,17357,2021-09-05,Payment Successed
4334,17451,2022-12-21,Payment Successed
4335,21009,2022-10-07,Payment Successed
4336,14101,2021-12-15,Payment Successed
4339,15884,2022-03-01,Payment Successed
4340,20142,2023-09-08,Payment Successed
4341,4126,2021-02-25,Payment Successed
5042,23,2023-10-04,Payment Failed
5043,12367,2023-10-30,Payment Failed
5068,8144,2022-09-20,Payment Failed
5073,21093,2021-12-03,Payment Failed
5080,1418,2022-08-13,Payment Failed
5093,7453,2020-05-17,Payment Failed
5095,1178,2020-06-18,Payment Failed
5115,17848,2022-08-08,Payment Failed
5121,5598,2023-11-05,Payment Failed
5136,8410,2020-10-03,Payment Failed
5139,7699,2020-10-03,Payment Failed
5158,3269,2023-01-08,Payment Failed
5039,3427,2021-03-30,Refunded
5150,12270,2020-11-20,Refunded
5166,7243,2021-09-22,Refunded
4347,13188,2020-11-24,Payment Successed
4348,7873,2023-06-21,Payment Successed
4349,6721,2023-12-18,Payment Successed
4350,3154,2020-03-12,Payment Successed
4351,12565,2023-01-31,Payment Successed
4352,5421,2020-03-27,Payment Successed
4353,18718,2021-11-21,Payment Successed
4354,6075,2020-10-06,Payment Successed
4356,8476,2022-04-30,Payment Successed
4357,12941,2023-07-25,Payment Successed
4358,9248,2020-06-18,Payment Successed
4359,20220,2020-01-09,Payment Successed
4362,5921,2020-10-30,Payment Successed
4366,17628,2023-11-12,Payment Successed
4367,20963,2021-01-13,Payment Successed
4369,4706,2021-10-24,Payment Successed
4371,18647,2020-11-12,Payment Successed
4372,13676,2023-03-13,Payment Successed
4373,18874,2022-03-10,Payment Successed
4374,16536,2022-08-06,Payment Successed
4375,20211,2022-06-23,Payment Successed
4377,2260,2023-09-17,Payment Successed
4380,16258,2022-09-06,Payment Successed
4381,17544,2022-04-28,Payment Successed
4384,12817,2022-05-26,Payment Successed
4385,8058,2021-02-21,Payment Successed
4386,14093,2022-08-16,Payment Successed
4388,10965,2023-05-19,Payment Successed
4391,3792,2022-04-11,Payment Successed
4392,6961,2022-01-04,Payment Successed
4399,15173,2023-06-12,Payment Successed
4403,5366,2020-02-02,Payment Successed
4411,7540,2021-09-03,Payment Successed
4412,8074,2020-10-15,Payment Successed
4413,20500,2022-02-13,Payment Successed
5034,20363,2023-05-04,Payment Pending
4414,4185,2021-03-31,Payment Successed
5038,6685,2021-08-29,Payment Pending
5040,21396,2020-10-20,Payment Pending
4417,10998,2023-06-29,Payment Successed
4419,13336,2022-11-11,Payment Successed
5041,5837,2022-10-30,Payment Pending
5045,9310,2020-09-07,Payment Pending
4423,2449,2023-11-25,Payment Successed
4425,7521,2022-11-07,Payment Successed
5049,1606,2020-03-21,Payment Pending
4426,7231,2020-08-23,Payment Successed
4427,19658,2021-06-13,Payment Successed
4428,12721,2022-04-20,Payment Successed
5050,16926,2022-06-04,Payment Pending
5053,15403,2023-02-17,Payment Pending
5054,20694,2021-03-28,Payment Pending
5056,9166,2022-01-02,Payment Pending
4432,21273,2020-01-05,Payment Successed
5057,8524,2022-01-12,Payment Pending
5058,4719,2020-04-23,Payment Pending
5059,2103,2020-04-13,Payment Pending
4435,14389,2020-08-12,Payment Successed
5062,5220,2021-11-11,Payment Pending
5063,16188,2020-10-27,Payment Pending
5065,4142,2022-05-17,Payment Pending
5067,8269,2021-05-19,Payment Pending
5070,6489,2021-04-01,Payment Pending
5071,18683,2020-12-16,Payment Pending
5072,21624,2023-04-15,Payment Pending
5074,16091,2023-10-27,Payment Pending
5075,20335,2023-12-04,Payment Pending
5078,15456,2020-02-24,Payment Pending
5082,4783,2023-10-09,Payment Pending
5084,3681,2022-05-24,Payment Pending
5085,1196,2020-11-24,Payment Pending
5088,8284,2021-10-10,Payment Pending
5089,18342,2021-12-16,Payment Pending
5090,12810,2023-01-12,Payment Pending
5092,16496,2022-06-03,Payment Pending
5098,19925,2023-03-05,Payment Pending
5100,12090,2021-04-21,Payment Pending
5102,16173,2023-04-17,Payment Pending
5103,210,2020-04-16,Payment Pending
5104,3697,2022-04-16,Payment Pending
5108,9505,2022-09-26,Payment Pending
5109,9271,2020-03-16,Payment Pending
5112,8708,2022-01-26,Payment Pending
5113,11778,2021-02-02,Payment Pending
5122,11040,2023-04-19,Payment Pending
5127,13973,2022-09-12,Payment Pending
5129,7288,2021-06-23,Payment Pending
5130,19694,2022-11-20,Payment Pending
5131,12240,2022-01-02,Payment Pending
5132,20902,2020-12-26,Payment Pending
5134,9727,2020-07-24,Payment Pending
5137,13128,2022-07-09,Payment Pending
5141,4476,2020-06-17,Payment Pending
4438,8896,2021-10-10,Payment Successed
4439,1297,2022-09-23,Payment Successed
4440,14950,2023-10-23,Payment Successed
4442,17935,2021-08-31,Payment Successed
4444,18675,2023-10-11,Payment Successed
4446,5,2022-07-05,Payment Successed
4447,21194,2023-06-04,Payment Successed
4448,11693,2022-06-21,Payment Successed
4452,10885,2020-03-05,Payment Successed
4453,9984,2023-09-23,Payment Successed
4454,6730,2020-08-03,Payment Successed
4456,19390,2021-03-16,Payment Successed
4458,18766,2022-04-26,Payment Successed
4459,18198,2022-02-10,Payment Successed
4460,9322,2023-01-13,Payment Successed
4461,11560,2021-05-18,Payment Successed
4462,7812,2022-04-11,Payment Successed
4465,16226,2023-07-15,Payment Successed
4470,20663,2023-06-01,Payment Successed
4473,918,2020-12-03,Payment Successed
4474,10587,2020-12-10,Payment Successed
5194,4175,2023-06-23,Payment Failed
5198,20256,2023-07-25,Payment Failed
5208,10190,2020-11-19,Payment Failed
5210,2826,2023-06-10,Payment Failed
5221,5585,2020-07-17,Payment Failed
5236,3092,2023-08-17,Payment Failed
5244,16097,2023-03-06,Payment Failed
5257,11349,2023-07-15,Payment Failed
5266,2337,2022-12-31,Payment Failed
5272,20356,2023-08-12,Payment Failed
5274,2218,2022-05-10,Payment Failed
5287,15458,2020-12-24,Payment Failed
5214,6815,2022-09-08,Refunded
5233,3252,2022-12-24,Refunded
5288,13539,2022-12-29,Refunded
5290,5933,2021-04-27,Refunded
4475,11029,2020-01-08,Payment Successed
4477,10270,2020-03-05,Payment Successed
4478,17233,2022-06-04,Payment Successed
4479,2440,2021-06-23,Payment Successed
4480,12913,2023-11-23,Payment Successed
4481,19087,2020-10-09,Payment Successed
4482,14814,2021-05-13,Payment Successed
4483,7142,2020-07-18,Payment Successed
4485,20491,2021-06-30,Payment Successed
4486,7563,2020-01-07,Payment Successed
4487,4516,2021-02-10,Payment Successed
4489,21577,2020-01-16,Payment Successed
4490,5711,2022-04-28,Payment Successed
4492,15057,2023-12-16,Payment Successed
4493,4737,2020-03-23,Payment Successed
4496,17480,2023-05-15,Payment Successed
4499,19482,2021-12-18,Payment Successed
4500,4642,2021-06-15,Payment Successed
4501,16934,2022-09-13,Payment Successed
4503,12857,2021-09-11,Payment Successed
4504,13263,2021-06-28,Payment Successed
4507,8250,2021-05-26,Payment Successed
4514,5325,2022-11-06,Payment Successed
4516,13411,2021-08-15,Payment Successed
4517,12482,2020-04-28,Payment Successed
4519,21290,2023-11-25,Payment Successed
4523,1635,2020-11-01,Payment Successed
4524,1370,2021-08-29,Payment Successed
4525,2588,2021-10-02,Payment Successed
4526,15689,2022-01-07,Payment Successed
4527,14720,2020-06-11,Payment Successed
4529,15237,2021-10-14,Payment Successed
4530,20279,2023-02-24,Payment Successed
4531,13920,2023-04-15,Payment Successed
4532,6599,2020-05-19,Payment Successed
4537,7913,2023-07-30,Payment Successed
4538,17414,2023-01-28,Payment Successed
4540,12046,2021-05-26,Payment Successed
4541,18359,2022-08-09,Payment Successed
5169,3494,2023-08-18,Payment Pending
5172,11151,2022-04-25,Payment Pending
5175,1880,2022-11-07,Payment Pending
5176,14663,2020-02-20,Payment Pending
5183,2621,2021-02-27,Payment Pending
5184,11333,2022-10-26,Payment Pending
5185,8742,2022-07-07,Payment Pending
5190,1088,2023-06-12,Payment Pending
5192,18420,2022-06-08,Payment Pending
5204,5408,2023-03-10,Payment Pending
5205,8796,2021-02-10,Payment Pending
5209,10646,2020-06-17,Payment Pending
5211,20699,2022-04-05,Payment Pending
5213,5773,2020-09-12,Payment Pending
5223,16349,2020-03-30,Payment Pending
5226,2471,2023-08-27,Payment Pending
5235,11753,2021-10-19,Payment Pending
5237,9812,2022-06-06,Payment Pending
5240,14230,2021-08-19,Payment Pending
5242,5007,2022-08-17,Payment Pending
5249,20474,2021-04-17,Payment Pending
5251,11360,2020-12-04,Payment Pending
5255,21613,2023-09-13,Payment Pending
5258,2465,2023-10-03,Payment Pending
5259,537,2022-05-19,Payment Pending
5261,14135,2020-06-06,Payment Pending
5264,11969,2023-03-12,Payment Pending
5265,525,2023-09-21,Payment Pending
5267,428,2021-01-14,Payment Pending
5268,10607,2023-10-06,Payment Pending
5276,10440,2022-07-30,Payment Pending
5282,19412,2020-04-15,Payment Pending
5284,6074,2020-05-25,Payment Pending
5285,13492,2023-11-24,Payment Pending
5286,8416,2020-05-05,Payment Pending
5289,21144,2022-03-08,Payment Pending
5294,5345,2020-04-22,Payment Pending
5297,20470,2023-10-01,Payment Pending
5299,16415,2021-01-15,Payment Pending
5300,7745,2021-09-11,Payment Pending
5301,9532,2022-05-20,Payment Pending
5303,20837,2020-11-25,Payment Pending
5304,16660,2021-02-01,Payment Pending
4542,10301,2021-03-25,Payment Successed
4544,18798,2023-04-13,Payment Successed
4545,19952,2023-05-22,Payment Successed
4546,11143,2021-11-11,Payment Successed
4548,17988,2020-10-12,Payment Successed
4549,11515,2023-10-17,Payment Successed
4550,6727,2020-08-22,Payment Successed
4551,15343,2021-08-16,Payment Successed
4552,20532,2021-09-17,Payment Successed
4553,3394,2022-05-02,Payment Successed
4554,1447,2022-07-23,Payment Successed
4556,19834,2022-09-13,Payment Successed
4557,15046,2023-04-30,Payment Successed
4558,19723,2022-06-26,Payment Successed
4561,20212,2021-02-07,Payment Successed
4562,8238,2020-12-29,Payment Successed
4563,16135,2022-05-18,Payment Successed
4564,21328,2022-08-14,Payment Successed
4566,7322,2021-06-20,Payment Successed
4567,12632,2020-07-09,Payment Successed
4568,17666,2020-09-25,Payment Successed
4569,18281,2021-05-16,Payment Successed
4571,16105,2020-08-06,Payment Successed
4576,10073,2021-03-25,Payment Successed
4583,5361,2022-06-08,Payment Successed
4584,4177,2021-02-25,Payment Successed
4585,10878,2023-09-23,Payment Successed
4586,15058,2022-10-04,Payment Successed
4587,11324,2021-04-25,Payment Successed
4590,520,2021-02-08,Payment Successed
4593,17910,2023-04-03,Payment Successed
5316,11685,2020-02-29,Payment Failed
5320,11631,2020-05-30,Payment Failed
5321,749,2021-11-28,Payment Failed
5337,114,2020-12-20,Payment Failed
5356,5376,2021-12-30,Payment Failed
5391,21058,2020-04-18,Payment Failed
5394,5363,2023-06-02,Payment Failed
5413,15006,2022-08-28,Payment Failed
5415,19485,2021-09-17,Payment Failed
5417,7305,2020-09-22,Payment Failed
5427,4578,2021-11-23,Payment Failed
5325,9113,2021-03-23,Refunded
5335,12502,2021-02-14,Refunded
5355,8005,2021-02-21,Refunded
5375,17377,2022-08-14,Refunded
5379,4433,2020-11-13,Refunded
4595,12415,2022-12-16,Payment Successed
4596,7601,2023-01-15,Payment Successed
4597,1214,2020-04-09,Payment Successed
4599,13910,2022-11-05,Payment Successed
4600,3509,2023-07-20,Payment Successed
4603,16888,2020-11-11,Payment Successed
4604,11282,2021-12-17,Payment Successed
4605,4386,2020-08-31,Payment Successed
4608,4832,2021-06-27,Payment Successed
4610,1333,2020-07-07,Payment Successed
4619,1459,2021-01-01,Payment Successed
4621,17243,2022-01-22,Payment Successed
4622,21456,2021-08-03,Payment Successed
4628,16003,2020-02-22,Payment Successed
4631,3686,2023-09-23,Payment Successed
4633,4715,2021-02-18,Payment Successed
4635,13238,2022-09-30,Payment Successed
4637,12865,2021-08-30,Payment Successed
4639,19117,2021-05-19,Payment Successed
4642,4065,2021-09-21,Payment Successed
4643,20744,2021-07-07,Payment Successed
4644,4873,2020-10-19,Payment Successed
4647,1820,2022-06-29,Payment Successed
4649,8701,2021-12-29,Payment Successed
4650,16203,2020-01-30,Payment Successed
4651,16512,2020-12-03,Payment Successed
4652,1369,2023-10-01,Payment Successed
4655,18182,2020-06-12,Payment Successed
4656,18376,2021-07-15,Payment Successed
4657,3683,2022-12-17,Payment Successed
4659,10363,2022-02-28,Payment Successed
4660,16931,2021-01-06,Payment Successed
4661,9852,2021-04-12,Payment Successed
4667,3802,2023-02-21,Payment Successed
4672,1699,2021-02-17,Payment Successed
4673,1324,2021-08-08,Payment Successed
4675,12347,2021-12-12,Payment Successed
4676,2812,2020-03-11,Payment Successed
4678,17546,2023-01-16,Payment Successed
4679,16042,2020-06-12,Payment Successed
4680,422,2020-04-05,Payment Successed
4685,4208,2021-04-18,Payment Successed
5306,3397,2023-05-02,Payment Pending
5310,16814,2021-05-16,Payment Pending
5311,1377,2020-02-15,Payment Pending
5312,18114,2022-09-12,Payment Pending
5315,20208,2021-06-25,Payment Pending
5319,6641,2023-09-15,Payment Pending
5329,9242,2022-04-18,Payment Pending
5334,11093,2020-09-01,Payment Pending
5340,16040,2022-08-14,Payment Pending
5347,10134,2023-01-04,Payment Pending
5349,3425,2021-02-13,Payment Pending
5350,12946,2020-08-13,Payment Pending
5351,17310,2021-02-18,Payment Pending
5353,21428,2021-07-12,Payment Pending
5354,18860,2021-04-27,Payment Pending
5358,20688,2020-11-08,Payment Pending
5359,8537,2023-06-06,Payment Pending
5361,10513,2021-09-06,Payment Pending
5378,10871,2023-10-01,Payment Pending
5382,6984,2023-11-21,Payment Pending
5383,19632,2020-05-01,Payment Pending
5384,5716,2020-10-27,Payment Pending
5385,3081,2023-09-04,Payment Pending
5386,11453,2023-08-30,Payment Pending
5387,3718,2023-03-21,Payment Pending
5389,15238,2021-10-10,Payment Pending
5392,17745,2020-08-24,Payment Pending
5395,16659,2020-02-19,Payment Pending
5400,15194,2023-03-03,Payment Pending
5402,17247,2022-01-07,Payment Pending
5403,4662,2023-06-20,Payment Pending
5407,16607,2023-10-29,Payment Pending
5409,13724,2022-06-04,Payment Pending
5411,12855,2020-01-31,Payment Pending
5412,4563,2023-11-23,Payment Pending
5414,4991,2022-10-24,Payment Pending
5416,21480,2022-03-26,Payment Pending
5418,11508,2023-06-19,Payment Pending
5421,14364,2022-09-06,Payment Pending
5430,10116,2022-12-01,Payment Pending
5431,15252,2022-03-01,Payment Pending
5433,16330,2021-02-24,Payment Pending
5434,12959,2021-11-28,Payment Pending
5435,10016,2020-04-22,Payment Pending
5437,12748,2020-04-01,Payment Pending
5438,19090,2022-12-29,Payment Pending
5439,21381,2022-04-11,Payment Pending
4688,21629,2020-04-21,Payment Successed
4689,1262,2023-01-20,Payment Successed
4693,11966,2020-06-20,Payment Successed
4697,14715,2023-08-03,Payment Successed
4701,9951,2020-01-08,Payment Successed
4706,15333,2020-06-22,Payment Successed
4707,6895,2022-03-01,Payment Successed
4708,4599,2023-06-26,Payment Successed
4710,21011,2022-03-10,Payment Successed
4714,18828,2022-11-26,Payment Successed
4716,2672,2023-07-25,Payment Successed
4717,4875,2021-06-13,Payment Successed
4719,5124,2021-07-14,Payment Successed
4722,16175,2022-03-21,Payment Successed
4725,3355,2021-11-08,Payment Successed
4727,16253,2020-01-05,Payment Successed
4728,19770,2023-08-05,Payment Successed
4729,13269,2021-10-05,Payment Successed
4731,17585,2021-11-22,Payment Successed
4733,15299,2022-06-14,Payment Successed
4735,18097,2021-09-09,Payment Successed
4736,21453,2022-02-13,Payment Successed
5442,19201,2023-05-30,Payment Failed
5499,7853,2020-07-21,Payment Failed
5503,16405,2022-05-19,Payment Failed
5516,5396,2022-03-09,Payment Failed
5520,16418,2021-06-22,Payment Failed
5526,12930,2022-12-03,Payment Failed
5529,1586,2020-11-04,Payment Failed
5533,1194,2022-05-29,Payment Failed
5542,8273,2021-09-21,Payment Failed
5550,19633,2022-01-07,Payment Failed
5571,8577,2021-10-09,Payment Failed
5518,1938,2020-10-21,Refunded
5524,18177,2021-10-06,Refunded
4737,5439,2022-05-05,Payment Successed
4738,6922,2023-06-30,Payment Successed
4740,11630,2023-04-28,Payment Successed
4746,5203,2020-12-29,Payment Successed
4751,681,2023-03-14,Payment Successed
4752,14544,2020-02-26,Payment Successed
4753,15297,2021-11-13,Payment Successed
4754,16435,2022-02-13,Payment Successed
4756,922,2022-11-03,Payment Successed
4758,10446,2022-02-14,Payment Successed
4761,13107,2020-07-07,Payment Successed
4762,4876,2023-02-06,Payment Successed
4763,5026,2023-07-07,Payment Successed
4764,10558,2023-11-28,Payment Successed
4765,18168,2023-10-07,Payment Successed
4768,7645,2023-04-07,Payment Successed
4769,2979,2020-11-23,Payment Successed
4773,15449,2021-09-08,Payment Successed
4774,12938,2020-05-20,Payment Successed
4775,16462,2023-06-27,Payment Successed
4777,19699,2020-02-05,Payment Successed
4782,10086,2022-03-09,Payment Successed
4783,7318,2023-11-20,Payment Successed
4784,14786,2023-03-23,Payment Successed
4792,21149,2020-11-15,Payment Successed
4794,14931,2020-09-10,Payment Successed
4795,20047,2020-09-16,Payment Successed
4796,12530,2023-07-13,Payment Successed
4802,15110,2021-08-13,Payment Successed
4804,1561,2022-05-11,Payment Successed
4810,13055,2022-07-03,Payment Successed
4811,12758,2022-09-20,Payment Successed
4812,14878,2020-11-22,Payment Successed
4813,8841,2021-11-18,Payment Successed
4815,10357,2020-11-09,Payment Successed
4816,19554,2020-10-28,Payment Successed
4817,16524,2023-03-06,Payment Successed
4819,15426,2023-11-18,Payment Successed
4821,19843,2020-07-12,Payment Successed
4823,7763,2023-06-08,Payment Successed
4824,5823,2021-08-11,Payment Successed
4825,16190,2020-12-16,Payment Successed
4828,15534,2022-11-16,Payment Successed
4829,8937,2022-04-16,Payment Successed
4831,2424,2020-11-04,Payment Successed
4833,7535,2022-10-04,Payment Successed
4834,20046,2021-07-09,Payment Successed
4836,19044,2021-10-22,Payment Successed
4837,1882,2020-03-20,Payment Successed
5443,3241,2020-07-16,Payment Pending
5450,6880,2022-09-07,Payment Pending
5453,12045,2021-06-01,Payment Pending
5456,10137,2022-12-25,Payment Pending
5457,14549,2021-06-08,Payment Pending
5459,12042,2023-08-02,Payment Pending
5462,10715,2022-10-22,Payment Pending
5467,5358,2020-09-11,Payment Pending
5468,443,2021-01-13,Payment Pending
5469,16370,2023-03-27,Payment Pending
5470,12581,2020-01-30,Payment Pending
5478,20771,2022-07-15,Payment Pending
5479,14458,2021-01-14,Payment Pending
5485,5964,2023-06-03,Payment Pending
5488,9075,2020-04-18,Payment Pending
5493,16665,2020-08-13,Payment Pending
5494,9304,2022-12-03,Payment Pending
5496,3988,2023-09-19,Payment Pending
5502,19113,2021-09-29,Payment Pending
5506,10344,2023-02-10,Payment Pending
5508,2270,2021-08-09,Payment Pending
5511,15232,2022-11-01,Payment Pending
5512,7512,2023-06-17,Payment Pending
5513,21414,2023-08-09,Payment Pending
5514,15453,2021-12-17,Payment Pending
5515,11476,2022-07-01,Payment Pending
5517,4093,2022-02-10,Payment Pending
5521,3517,2021-01-16,Payment Pending
5523,19953,2023-10-18,Payment Pending
5525,5619,2021-07-25,Payment Pending
5527,14005,2021-03-10,Payment Pending
5530,9686,2020-10-28,Payment Pending
5531,8233,2022-08-30,Payment Pending
5539,4301,2022-10-28,Payment Pending
5543,10230,2023-04-07,Payment Pending
5544,15402,2023-11-18,Payment Pending
5547,7925,2022-04-16,Payment Pending
5549,3278,2022-08-10,Payment Pending
5556,15589,2020-02-14,Payment Pending
5557,6645,2020-02-28,Payment Pending
5560,2189,2021-12-05,Payment Pending
5562,14872,2020-08-02,Payment Pending
5563,7207,2023-06-21,Payment Pending
5565,20010,2022-02-03,Payment Pending
5566,17030,2022-04-22,Payment Pending
5567,17201,2022-08-08,Payment Pending
5568,1544,2020-12-11,Payment Pending
5569,13831,2022-05-16,Payment Pending
5574,8392,2023-03-06,Payment Pending
5575,17188,2020-07-27,Payment Pending
5576,2131,2023-12-06,Payment Pending
4838,4990,2022-07-05,Payment Successed
4839,16697,2020-07-25,Payment Successed
4840,21006,2023-10-26,Payment Successed
4841,18586,2021-08-31,Payment Successed
4842,12069,2022-06-08,Payment Successed
4846,6460,2021-08-15,Payment Successed
4849,567,2023-04-17,Payment Successed
4853,1970,2021-03-14,Payment Successed
4854,19200,2023-10-14,Payment Successed
4855,16956,2023-12-17,Payment Successed
4856,6164,2023-03-11,Payment Successed
4858,1218,2020-12-26,Payment Successed
4859,10375,2022-11-06,Payment Successed
4860,6322,2022-05-19,Payment Successed
4861,12247,2020-11-03,Payment Successed
4862,2674,2022-12-16,Payment Successed
4863,11176,2021-05-23,Payment Successed
5581,2443,2020-12-11,Payment Failed
5592,4200,2021-11-24,Payment Failed
5607,12869,2023-04-07,Payment Failed
5609,20281,2021-08-22,Payment Failed
5618,5106,2021-11-01,Payment Failed
5620,6467,2021-05-06,Payment Failed
5625,500,2021-06-26,Payment Failed
5641,16702,2022-06-01,Payment Failed
5655,14433,2022-01-22,Payment Failed
5657,15599,2023-10-01,Payment Failed
5624,20224,2023-06-06,Refunded
5681,4002,2020-01-13,Refunded
5688,509,2023-09-22,Refunded
5690,2272,2021-03-21,Refunded
5701,1934,2022-02-27,Refunded
4864,1024,2021-09-05,Payment Successed
4865,12994,2022-05-01,Payment Successed
4868,14089,2021-10-18,Payment Successed
4869,20395,2021-03-09,Payment Successed
4871,3420,2022-12-10,Payment Successed
4872,8021,2020-11-16,Payment Successed
4873,9416,2023-12-19,Payment Successed
4875,12709,2023-03-25,Payment Successed
4876,20329,2021-10-29,Payment Successed
4877,13422,2023-07-12,Payment Successed
4879,4949,2022-07-02,Payment Successed
4880,5425,2022-05-17,Payment Successed
4884,14145,2020-07-09,Payment Successed
4885,11817,2020-12-28,Payment Successed
4886,16257,2022-10-04,Payment Successed
4887,4494,2021-09-03,Payment Successed
4890,6849,2023-12-30,Payment Successed
4891,9836,2023-09-11,Payment Successed
4893,13606,2021-02-01,Payment Successed
4894,16833,2021-09-29,Payment Successed
4898,7530,2022-06-17,Payment Successed
4899,16310,2021-05-22,Payment Successed
4900,11281,2021-03-27,Payment Successed
4901,12816,2022-05-06,Payment Successed
4902,8301,2020-07-14,Payment Successed
4904,8847,2021-03-10,Payment Successed
4906,9911,2021-07-20,Payment Successed
4908,14085,2020-10-07,Payment Successed
4909,16851,2021-12-02,Payment Successed
4913,17520,2022-11-25,Payment Successed
4914,19221,2021-02-18,Payment Successed
4915,14126,2020-11-06,Payment Successed
4916,9171,2020-05-22,Payment Successed
4917,3189,2020-07-29,Payment Successed
4920,12107,2020-03-24,Payment Successed
4921,19868,2023-04-17,Payment Successed
4922,1351,2023-03-18,Payment Successed
4923,14152,2020-02-26,Payment Successed
4925,21615,2023-09-26,Payment Successed
4926,11918,2023-10-31,Payment Successed
4927,2806,2021-01-23,Payment Successed
4928,6124,2022-10-15,Payment Successed
4930,8999,2022-01-06,Payment Successed
5577,21340,2023-04-29,Payment Pending
5583,14551,2023-09-26,Payment Pending
5586,1068,2023-02-11,Payment Pending
5588,13947,2023-06-27,Payment Pending
5597,19229,2020-02-26,Payment Pending
5599,19940,2020-05-28,Payment Pending
5601,7452,2021-01-25,Payment Pending
5602,15554,2022-08-07,Payment Pending
5605,4825,2022-01-21,Payment Pending
5608,13199,2021-03-30,Payment Pending
5610,4863,2021-04-21,Payment Pending
5612,10491,2022-08-30,Payment Pending
5614,16910,2021-02-02,Payment Pending
5615,5685,2022-06-08,Payment Pending
5621,8682,2023-08-10,Payment Pending
5622,9860,2022-05-30,Payment Pending
5631,3007,2022-10-13,Payment Pending
5632,4067,2021-01-06,Payment Pending
5637,13047,2020-12-22,Payment Pending
5638,9713,2021-10-21,Payment Pending
5639,963,2023-02-18,Payment Pending
5643,20543,2022-11-03,Payment Pending
5645,18892,2022-06-28,Payment Pending
5646,3744,2020-05-12,Payment Pending
5650,5126,2023-09-21,Payment Pending
5651,16350,2020-01-08,Payment Pending
5656,16662,2023-11-02,Payment Pending
5659,18773,2021-10-17,Payment Pending
5660,15317,2020-04-23,Payment Pending
5661,19822,2020-12-04,Payment Pending
5665,16331,2021-03-29,Payment Pending
5670,18761,2021-02-25,Payment Pending
5672,21465,2023-10-15,Payment Pending
5673,10813,2022-10-04,Payment Pending
5675,2824,2020-08-17,Payment Pending
5676,15180,2021-08-30,Payment Pending
5677,18751,2023-09-19,Payment Pending
5679,1153,2021-01-17,Payment Pending
5682,561,2022-02-06,Payment Pending
5683,9259,2021-04-22,Payment Pending
5689,16980,2021-09-14,Payment Pending
5693,5608,2022-12-28,Payment Pending
5694,16214,2022-10-02,Payment Pending
5696,5753,2021-07-16,Payment Pending
5699,895,2020-05-29,Payment Pending
5708,17507,2022-10-27,Payment Pending
5711,5242,2020-03-15,Payment Pending
5712,21215,2022-04-08,Payment Pending
4931,19002,2022-11-28,Payment Successed
4932,1076,2021-02-26,Payment Successed
4934,4653,2021-11-25,Payment Successed
4936,20276,2022-10-29,Payment Successed
4938,14401,2022-10-28,Payment Successed
4939,16920,2021-11-29,Payment Successed
4943,7579,2023-01-05,Payment Successed
4948,11189,2022-10-28,Payment Successed
4949,19812,2022-10-16,Payment Successed
4951,11051,2022-07-12,Payment Successed
4955,155,2021-06-18,Payment Successed
4956,848,2021-01-31,Payment Successed
4957,12863,2022-08-26,Payment Successed
4958,6059,2022-08-24,Payment Successed
4959,14673,2022-07-12,Payment Successed
4961,18354,2020-04-12,Payment Successed
4964,19497,2020-06-28,Payment Successed
4965,19836,2020-01-04,Payment Successed
4967,7324,2023-06-23,Payment Successed
4969,7044,2021-09-25,Payment Successed
4972,14263,2020-09-18,Payment Successed
5725,10311,2023-06-16,Payment Failed
5731,13870,2021-04-10,Payment Failed
5735,7602,2020-12-28,Payment Failed
5737,15902,2023-10-23,Payment Failed
5739,1848,2023-03-21,Payment Failed
5742,6400,2020-07-28,Payment Failed
5757,7876,2022-08-26,Payment Failed
5766,9032,2023-04-16,Payment Failed
5770,11258,2023-02-21,Payment Failed
5780,18634,2021-11-09,Payment Failed
5785,18289,2022-05-13,Payment Failed
5786,6271,2023-03-15,Payment Failed
5788,3131,2023-06-19,Payment Failed
5805,8039,2022-11-12,Payment Failed
5810,13152,2021-07-29,Payment Failed
5814,9823,2020-02-19,Payment Failed
5817,8189,2023-01-29,Payment Failed
5822,20376,2021-01-22,Payment Failed
5843,1421,2020-10-03,Payment Failed
5745,6343,2024-01-02,Refunded
5834,15062,2021-11-24,Refunded
5837,9986,2023-06-24,Refunded
4973,18328,2021-06-05,Payment Successed
4974,10323,2022-11-14,Payment Successed
4975,12106,2023-12-02,Payment Successed
4980,4784,2021-10-11,Payment Successed
4981,4128,2020-09-25,Payment Successed
4982,11939,2021-06-15,Payment Successed
4983,11516,2020-12-07,Payment Successed
4984,21232,2022-12-13,Payment Successed
4985,20140,2022-12-05,Payment Successed
4986,1067,2022-12-26,Payment Successed
4987,1830,2020-06-29,Payment Successed
4988,7073,2022-11-19,Payment Successed
4991,3429,2021-02-06,Payment Successed
4992,16463,2020-10-08,Payment Successed
4993,10970,2020-10-30,Payment Successed
4995,13042,2020-02-11,Payment Successed
4996,14400,2022-06-12,Payment Successed
5000,21271,2023-12-28,Payment Successed
5001,2239,2022-04-25,Payment Successed
5002,5355,2021-12-17,Payment Successed
5004,18042,2021-10-15,Payment Successed
5005,14321,2023-06-22,Payment Successed
5006,18216,2020-12-13,Payment Successed
5007,16037,2023-08-24,Payment Successed
5008,4297,2022-05-16,Payment Successed
5011,11996,2021-04-20,Payment Successed
5013,20575,2022-05-04,Payment Successed
5014,5257,2023-05-02,Payment Successed
5015,21175,2020-01-25,Payment Successed
5016,957,2023-04-13,Payment Successed
5017,20764,2023-01-11,Payment Successed
5018,6245,2020-02-23,Payment Successed
5020,15112,2020-01-31,Payment Successed
5022,12139,2022-04-03,Payment Successed
5023,3016,2023-07-20,Payment Successed
5025,14805,2023-12-17,Payment Successed
5027,12739,2020-01-27,Payment Successed
5028,18028,2020-07-14,Payment Successed
5030,21560,2020-05-14,Payment Successed
5715,19838,2021-01-09,Payment Pending
5716,21609,2022-03-19,Payment Pending
5719,4477,2021-01-26,Payment Pending
5720,9058,2021-01-23,Payment Pending
5727,15078,2021-05-13,Payment Pending
5728,305,2022-08-08,Payment Pending
5729,3568,2020-05-10,Payment Pending
5732,10567,2020-04-14,Payment Pending
5733,19287,2023-02-27,Payment Pending
5744,12628,2022-05-13,Payment Pending
5749,13949,2020-04-16,Payment Pending
5750,17450,2022-02-11,Payment Pending
5756,12718,2021-07-12,Payment Pending
5758,4135,2021-03-13,Payment Pending
5759,15763,2022-02-05,Payment Pending
5768,13062,2020-04-03,Payment Pending
5771,19133,2023-06-28,Payment Pending
5777,14626,2020-06-20,Payment Pending
5782,1141,2021-09-17,Payment Pending
5783,16753,2022-12-10,Payment Pending
5790,4861,2022-12-11,Payment Pending
5792,9072,2022-06-28,Payment Pending
5794,20133,2020-03-11,Payment Pending
5795,3660,2023-03-20,Payment Pending
5797,20049,2022-01-29,Payment Pending
5798,15937,2021-07-16,Payment Pending
5802,15661,2021-10-17,Payment Pending
5803,5393,2021-07-04,Payment Pending
5807,14940,2023-09-17,Payment Pending
5808,9297,2021-08-11,Payment Pending
5816,6903,2023-06-16,Payment Pending
5819,4571,2021-06-19,Payment Pending
5820,4533,2020-04-20,Payment Pending
5830,19562,2020-03-11,Payment Pending
5831,5931,2022-06-06,Payment Pending
5836,14978,2020-03-16,Payment Pending
5838,15544,2022-02-11,Payment Pending
5839,4703,2021-09-12,Payment Pending
5841,1579,2020-04-06,Payment Pending
5842,5936,2022-12-30,Payment Pending
5844,16004,2021-02-02,Payment Pending
5848,12318,2022-05-28,Payment Pending
5032,16808,2021-07-21,Payment Successed
5033,8406,2022-06-07,Payment Successed
5035,11149,2023-07-29,Payment Successed
5036,6532,2020-12-24,Payment Successed
5037,12174,2023-12-27,Payment Successed
5044,17378,2021-08-09,Payment Successed
5046,10182,2022-09-29,Payment Successed
5047,16857,2023-03-26,Payment Successed
5048,16692,2020-08-28,Payment Successed
5051,21324,2023-09-25,Payment Successed
5052,463,2021-10-15,Payment Successed
5055,16687,2021-05-05,Payment Successed
5060,5183,2023-01-08,Payment Successed
5061,6503,2022-01-29,Payment Successed
5064,1431,2022-05-27,Payment Successed
5066,3834,2020-08-20,Payment Successed
5069,6924,2021-10-07,Payment Successed
5076,8996,2023-03-23,Payment Successed
5077,2977,2020-01-14,Payment Successed
5079,19311,2022-12-23,Payment Successed
5081,5821,2021-07-09,Payment Successed
5083,8202,2020-02-26,Payment Successed
5086,12465,2021-12-22,Payment Successed
5087,1455,2022-02-16,Payment Successed
5091,7209,2022-03-02,Payment Successed
5094,21558,2020-12-07,Payment Successed
5856,9644,2021-06-26,Payment Failed
5869,20078,2023-10-02,Payment Failed
5876,3144,2021-04-19,Payment Failed
5885,4161,2022-07-07,Payment Failed
5891,9669,2020-03-08,Payment Failed
5896,1851,2020-11-19,Payment Failed
5902,7914,2022-09-06,Payment Failed
5914,3489,2021-03-30,Payment Failed
5946,12675,2022-10-06,Payment Failed
5952,20254,2021-08-03,Payment Failed
5953,11813,2021-03-12,Payment Failed
5913,20660,2022-05-12,Refunded
5934,3449,2020-07-31,Refunded
5943,3467,2020-11-12,Refunded
5979,20489,2022-04-25,Refunded
5096,3723,2023-08-27,Payment Successed
5097,16186,2023-02-08,Payment Successed
5099,4146,2022-08-23,Payment Successed
5101,10075,2021-05-20,Payment Successed
5105,461,2020-02-02,Payment Successed
5106,7107,2021-08-15,Payment Successed
5107,12229,2020-08-16,Payment Successed
5110,17960,2023-06-21,Payment Successed
5111,14682,2022-06-24,Payment Successed
5114,13391,2022-03-03,Payment Successed
5116,5739,2023-06-11,Payment Successed
5117,15567,2021-01-02,Payment Successed
5118,18513,2023-03-20,Payment Successed
5119,21137,2023-07-02,Payment Successed
5120,1785,2023-11-25,Payment Successed
5123,16189,2021-05-16,Payment Successed
5124,10725,2022-08-22,Payment Successed
5125,7111,2022-12-01,Payment Successed
5126,14208,2020-01-04,Payment Successed
5128,19894,2023-02-08,Payment Successed
5133,20911,2023-12-10,Payment Successed
5135,17276,2020-02-21,Payment Successed
5138,8066,2020-10-06,Payment Successed
5140,7070,2023-10-21,Payment Successed
5142,15486,2021-12-01,Payment Successed
5144,21389,2023-05-16,Payment Successed
5147,2798,2022-04-12,Payment Successed
5148,19191,2022-10-05,Payment Successed
5152,995,2020-06-24,Payment Successed
5153,14184,2021-07-03,Payment Successed
5155,19343,2020-06-28,Payment Successed
5156,19618,2021-11-07,Payment Successed
5157,7101,2020-10-12,Payment Successed
5163,16240,2021-02-05,Payment Successed
5168,20567,2020-09-15,Payment Successed
5170,5561,2023-10-18,Payment Successed
5171,8240,2022-04-02,Payment Successed
5173,9780,2021-10-15,Payment Successed
5174,21425,2022-09-30,Payment Successed
5177,17569,2021-07-09,Payment Successed
5178,13998,2021-04-28,Payment Successed
5849,7730,2022-06-12,Payment Pending
5851,9920,2023-03-27,Payment Pending
5854,9929,2022-03-09,Payment Pending
5855,4209,2022-10-21,Payment Pending
5857,16790,2021-06-14,Payment Pending
5858,7523,2023-12-26,Payment Pending
5859,18086,2023-12-08,Payment Pending
5860,18465,2022-04-09,Payment Pending
5865,19798,2023-12-21,Payment Pending
5866,20286,2022-09-22,Payment Pending
5874,15033,2020-09-27,Payment Pending
5875,3451,2022-07-12,Payment Pending
5894,8300,2022-08-11,Payment Pending
5897,14912,2023-11-30,Payment Pending
5903,142,2021-02-15,Payment Pending
5904,8037,2022-02-25,Payment Pending
5905,7320,2021-03-30,Payment Pending
5906,8553,2023-05-16,Payment Pending
5908,16142,2023-12-12,Payment Pending
5909,9564,2023-03-11,Payment Pending
5920,18603,2023-03-06,Payment Pending
5922,9999,2023-05-26,Payment Pending
5926,20179,2022-06-17,Payment Pending
5928,10978,2021-05-12,Payment Pending
5930,12353,2021-12-17,Payment Pending
5931,11086,2022-04-04,Payment Pending
5932,4746,2021-10-18,Payment Pending
5933,21080,2022-01-31,Payment Pending
5935,17748,2022-05-19,Payment Pending
5936,5808,2021-06-12,Payment Pending
5956,14421,2022-05-02,Payment Pending
5961,5065,2022-02-24,Payment Pending
5963,20590,2020-02-09,Payment Pending
5965,5788,2021-10-23,Payment Pending
5966,18357,2020-04-09,Payment Pending
5967,7045,2022-05-15,Payment Pending
5969,9593,2020-05-09,Payment Pending
5971,9195,2022-04-04,Payment Pending
5974,21224,2020-02-29,Payment Pending
5976,21077,2021-06-29,Payment Pending
5978,8128,2020-07-14,Payment Pending
5980,153,2021-04-18,Payment Pending
5981,17895,2022-12-18,Payment Pending
5982,21578,2020-04-29,Payment Pending
5983,6967,2022-01-20,Payment Pending
5179,17686,2021-08-17,Payment Successed
5180,9587,2023-10-26,Payment Successed
5181,9179,2020-08-14,Payment Successed
5182,8863,2023-07-27,Payment Successed
5186,16985,2022-07-24,Payment Successed
5187,19598,2022-11-11,Payment Successed
5188,1648,2020-01-21,Payment Successed
5189,5679,2021-08-25,Payment Successed
5191,15691,2022-10-09,Payment Successed
5193,10556,2022-03-24,Payment Successed
5195,15432,2021-03-13,Payment Successed
5196,14799,2020-02-06,Payment Successed
5197,12644,2023-05-29,Payment Successed
5199,10314,2021-06-20,Payment Successed
5200,11777,2023-08-01,Payment Successed
5201,16014,2020-12-20,Payment Successed
5202,17810,2021-05-04,Payment Successed
5203,14199,2021-10-03,Payment Successed
5206,609,2022-03-01,Payment Successed
5207,16875,2021-11-04,Payment Successed
5212,25,2021-02-20,Payment Successed
5215,20090,2020-02-06,Payment Successed
5216,16339,2021-12-29,Payment Successed
5217,13750,2023-01-22,Payment Successed
5218,149,2023-11-10,Payment Successed
5219,18087,2021-12-06,Payment Successed
5220,1669,2023-03-17,Payment Successed
6002,4970,2020-05-17,Payment Failed
6025,19490,2020-08-20,Payment Failed
6038,5695,2022-03-12,Payment Failed
6044,15339,2022-10-06,Payment Failed
6050,10853,2022-11-01,Payment Failed
6053,13898,2023-10-10,Payment Failed
6068,16573,2023-08-03,Payment Failed
6070,11215,2022-09-28,Payment Failed
6078,5404,2022-06-22,Payment Failed
6094,14980,2022-05-29,Payment Failed
6104,126,2022-03-31,Payment Failed
6103,8903,2021-09-07,Refunded
5222,1894,2020-10-27,Payment Successed
5224,8904,2023-01-18,Payment Successed
5225,9080,2020-05-05,Payment Successed
5227,5070,2022-01-01,Payment Successed
5228,13392,2020-03-19,Payment Successed
5229,5828,2020-10-20,Payment Successed
5230,20686,2022-06-02,Payment Successed
5231,5077,2023-02-02,Payment Successed
5232,3434,2021-07-13,Payment Successed
5234,11846,2022-10-21,Payment Successed
5238,7080,2021-03-31,Payment Successed
5239,17011,2022-10-03,Payment Successed
5241,16082,2020-02-24,Payment Successed
5243,13298,2022-05-09,Payment Successed
5245,17422,2021-08-08,Payment Successed
5246,21309,2020-08-14,Payment Successed
5247,10498,2023-06-23,Payment Successed
5248,891,2022-01-25,Payment Successed
5250,3155,2023-01-28,Payment Successed
5252,9420,2021-05-05,Payment Successed
5253,1438,2023-04-02,Payment Successed
5254,14188,2022-03-11,Payment Successed
5256,2735,2022-10-22,Payment Successed
5260,14060,2021-12-24,Payment Successed
5262,12098,2021-05-13,Payment Successed
5263,14651,2021-06-09,Payment Successed
5269,20458,2020-03-31,Payment Successed
5270,7238,2022-06-04,Payment Successed
5271,7917,2020-06-04,Payment Successed
5273,12109,2022-11-08,Payment Successed
5275,21503,2022-01-06,Payment Successed
5277,11319,2021-12-21,Payment Successed
5278,967,2022-10-09,Payment Successed
5279,4665,2020-11-28,Payment Successed
5280,9922,2023-11-19,Payment Successed
5281,11711,2020-08-03,Payment Successed
5283,19865,2023-12-18,Payment Successed
5291,3619,2022-10-17,Payment Successed
5292,19478,2021-10-20,Payment Successed
5293,4133,2021-03-01,Payment Successed
5295,12175,2020-12-06,Payment Successed
5296,6167,2022-09-11,Payment Successed
5298,19520,2023-03-29,Payment Successed
5302,15737,2021-10-04,Payment Successed
5305,5330,2020-11-20,Payment Successed
5307,19060,2021-10-17,Payment Successed
5308,5182,2023-11-29,Payment Successed
5309,15388,2022-01-20,Payment Successed
5313,14529,2023-10-04,Payment Successed
5314,7896,2022-05-29,Payment Successed
5986,4482,2020-11-10,Payment Pending
5989,18605,2023-12-15,Payment Pending
5991,10010,2020-08-25,Payment Pending
5992,19461,2023-12-17,Payment Pending
5996,9525,2020-11-04,Payment Pending
6000,586,2020-01-30,Payment Pending
6001,1379,2021-06-26,Payment Pending
6005,8263,2021-10-14,Payment Pending
6006,15367,2023-06-21,Payment Pending
6008,4347,2022-03-04,Payment Pending
6009,4500,2021-11-20,Payment Pending
6010,1749,2022-05-11,Payment Pending
6014,6920,2021-04-20,Payment Pending
6016,3527,2020-01-17,Payment Pending
6017,7851,2023-10-16,Payment Pending
6020,1888,2023-04-25,Payment Pending
6024,3153,2021-04-13,Payment Pending
6027,13116,2022-07-05,Payment Pending
6029,12577,2023-04-11,Payment Pending
6031,19102,2022-08-07,Payment Pending
6033,17757,2021-08-20,Payment Pending
6036,10279,2021-10-12,Payment Pending
6037,20531,2021-06-17,Payment Pending
6039,11073,2022-04-10,Payment Pending
6040,20126,2020-10-01,Payment Pending
6043,5172,2023-05-27,Payment Pending
6045,8311,2023-12-19,Payment Pending
6046,13617,2023-01-04,Payment Pending
6051,2734,2020-07-30,Payment Pending
6054,13146,2021-02-21,Payment Pending
6056,21546,2020-08-29,Payment Pending
6058,20565,2020-07-16,Payment Pending
6059,17899,2022-05-23,Payment Pending
6060,20204,2022-03-14,Payment Pending
6064,19313,2021-05-19,Payment Pending
6069,15483,2023-05-04,Payment Pending
6072,13625,2020-08-03,Payment Pending
6074,17826,2022-03-11,Payment Pending
6075,15526,2020-05-28,Payment Pending
6077,13503,2023-05-23,Payment Pending
6092,11144,2022-10-22,Payment Pending
6097,7920,2021-06-28,Payment Pending
6098,21343,2021-04-15,Payment Pending
6107,3758,2022-05-01,Payment Pending
6108,15946,2023-02-20,Payment Pending
6109,11935,2022-02-22,Payment Pending
6110,258,2023-07-03,Payment Pending
6111,8227,2023-10-24,Payment Pending
6112,7316,2020-09-23,Payment Pending
6115,9973,2021-03-25,Payment Pending
6116,13759,2022-07-02,Payment Pending
5317,19568,2022-07-02,Payment Successed
5318,1850,2023-04-14,Payment Successed
5322,11005,2023-12-27,Payment Successed
5323,10749,2022-01-17,Payment Successed
5324,11225,2020-04-30,Payment Successed
5326,13175,2021-07-02,Payment Successed
5327,7724,2022-12-11,Payment Successed
5328,18787,2020-07-18,Payment Successed
5330,10772,2022-05-10,Payment Successed
5331,19406,2021-02-12,Payment Successed
5332,10288,2023-09-18,Payment Successed
5333,6027,2020-11-06,Payment Successed
5336,1876,2022-11-02,Payment Successed
5338,9114,2022-06-29,Payment Successed
5339,13093,2021-02-04,Payment Successed
5341,6000,2020-12-08,Payment Successed
5342,20305,2023-09-04,Payment Successed
6134,6184,2023-06-17,Payment Failed
6138,17741,2023-03-31,Payment Failed
6161,16669,2021-07-17,Payment Failed
6164,4157,2022-01-06,Payment Failed
6175,18115,2021-06-12,Payment Failed
6185,10436,2021-01-10,Payment Failed
6207,16448,2023-08-18,Payment Failed
6225,18072,2021-06-17,Payment Failed
6230,18656,2021-10-02,Payment Failed
6233,9803,2022-08-19,Payment Failed
6237,8125,2021-08-02,Payment Failed
6243,1714,2022-11-08,Payment Failed
6187,3200,2020-12-06,Refunded
6211,16982,2021-10-27,Refunded
6213,15896,2020-08-22,Refunded
5343,825,2021-03-14,Payment Successed
5344,7995,2021-05-01,Payment Successed
5345,5785,2022-09-19,Payment Successed
5346,7596,2022-09-25,Payment Successed
5348,116,2021-02-13,Payment Successed
5352,5206,2023-03-08,Payment Successed
5357,387,2020-03-04,Payment Successed
5360,11550,2022-03-03,Payment Successed
5362,5992,2023-05-29,Payment Successed
5363,3301,2020-07-08,Payment Successed
5364,12358,2021-02-07,Payment Successed
5365,12012,2020-05-14,Payment Successed
5366,14146,2021-07-11,Payment Successed
5367,21182,2020-08-29,Payment Successed
5368,20192,2022-05-08,Payment Successed
5369,5186,2022-08-03,Payment Successed
5370,11232,2022-03-06,Payment Successed
5371,11502,2021-09-26,Payment Successed
5372,21373,2023-08-21,Payment Successed
5373,109,2022-06-24,Payment Successed
5374,6702,2023-02-24,Payment Successed
5376,11744,2022-12-28,Payment Successed
5377,11811,2023-04-20,Payment Successed
5380,2102,2022-03-03,Payment Successed
5381,20355,2022-03-15,Payment Successed
5388,7215,2022-09-27,Payment Successed
5390,15948,2022-10-28,Payment Successed
5393,345,2022-05-07,Payment Successed
5396,11650,2021-04-08,Payment Successed
5397,5798,2020-03-07,Payment Successed
5398,5678,2021-08-14,Payment Successed
5399,20111,2020-04-29,Payment Successed
5401,11786,2022-06-26,Payment Successed
5404,1363,2020-09-23,Payment Successed
5405,4326,2022-02-11,Payment Successed
5406,13210,2022-09-08,Payment Successed
5408,17008,2022-11-14,Payment Successed
5410,8286,2020-01-31,Payment Successed
6127,6201,2020-08-17,Payment Pending
6128,104,2021-09-23,Payment Pending
6129,9966,2022-08-01,Payment Pending
6130,10945,2022-07-01,Payment Pending
6133,20580,2022-06-04,Payment Pending
6136,6804,2023-05-26,Payment Pending
6139,13607,2020-07-26,Payment Pending
6141,16574,2021-05-18,Payment Pending
6143,15226,2023-08-19,Payment Pending
6146,19543,2021-08-07,Payment Pending
6149,5265,2022-04-04,Payment Pending
6152,10980,2022-05-15,Payment Pending
6156,589,2023-05-16,Payment Pending
6157,19810,2023-10-09,Payment Pending
6158,11545,2022-01-01,Payment Pending
6162,20485,2022-05-26,Payment Pending
6168,12445,2023-05-21,Payment Pending
6170,12800,2022-06-09,Payment Pending
6182,13599,2020-07-17,Payment Pending
6184,5604,2022-09-18,Payment Pending
6186,7524,2020-06-23,Payment Pending
6188,20795,2021-07-04,Payment Pending
6191,5675,2020-08-02,Payment Pending
6193,869,2021-06-06,Payment Pending
6198,3329,2022-03-31,Payment Pending
6202,19347,2023-10-20,Payment Pending
6203,17443,2021-05-27,Payment Pending
6204,17905,2021-07-19,Payment Pending
6209,6200,2023-07-26,Payment Pending
6215,3110,2021-07-15,Payment Pending
6217,18015,2023-11-24,Payment Pending
6218,6051,2021-08-22,Payment Pending
6227,2304,2023-09-20,Payment Pending
6231,13656,2020-05-18,Payment Pending
6235,17652,2021-02-23,Payment Pending
6239,197,2020-03-20,Payment Pending
6240,21288,2023-01-29,Payment Pending
6248,12276,2020-11-24,Payment Pending
6251,14797,2023-02-04,Payment Pending
6252,11175,2020-01-15,Payment Pending
6253,15098,2023-09-09,Payment Pending
5419,13426,2020-02-20,Payment Successed
5420,20828,2020-03-22,Payment Successed
5422,14537,2020-06-07,Payment Successed
5423,16112,2021-02-23,Payment Successed
5424,12056,2020-07-25,Payment Successed
5425,18334,2023-10-30,Payment Successed
5426,2988,2022-06-28,Payment Successed
5428,6347,2021-01-16,Payment Successed
5429,6867,2021-12-01,Payment Successed
5432,7487,2023-07-14,Payment Successed
5436,17352,2022-09-26,Payment Successed
5440,4385,2023-07-27,Payment Successed
5441,18514,2021-06-09,Payment Successed
5444,18515,2022-12-05,Payment Successed
5445,13726,2023-12-28,Payment Successed
5446,9735,2022-04-12,Payment Successed
5447,19361,2020-08-25,Payment Successed
5448,774,2022-08-05,Payment Successed
5449,21036,2021-12-28,Payment Successed
5451,5419,2023-02-08,Payment Successed
5452,6885,2023-02-17,Payment Successed
5454,17183,2021-02-05,Payment Successed
5455,3164,2023-10-02,Payment Successed
5458,18474,2022-03-28,Payment Successed
5460,3790,2023-05-27,Payment Successed
5461,4231,2023-11-03,Payment Successed
5463,12819,2020-03-07,Payment Successed
5464,993,2023-11-11,Payment Successed
5465,12991,2022-11-05,Payment Successed
5466,10383,2023-09-05,Payment Successed
5471,19467,2021-10-04,Payment Successed
5472,13067,2020-01-09,Payment Successed
5473,1674,2022-02-15,Payment Successed
5474,14348,2020-06-04,Payment Successed
5475,20465,2022-07-14,Payment Successed
5476,8700,2021-10-13,Payment Successed
6280,6811,2021-05-31,Payment Failed
6287,13275,2022-06-03,Payment Failed
6289,12854,2022-03-26,Payment Failed
6298,18270,2021-10-06,Payment Failed
6303,6959,2023-04-19,Payment Failed
6308,424,2023-02-27,Payment Failed
6316,14396,2021-11-25,Payment Failed
6334,3566,2020-05-24,Payment Failed
6344,6512,2023-07-28,Payment Failed
6356,14487,2023-08-04,Payment Failed
6375,11606,2022-07-25,Payment Failed
6266,16614,2020-05-28,Refunded
6368,13544,2020-07-09,Refunded
6382,14229,2020-10-04,Refunded
5477,2781,2020-08-24,Payment Successed
5480,20954,2021-02-22,Payment Successed
5481,13981,2022-03-30,Payment Successed
5482,4871,2022-07-02,Payment Successed
5483,12635,2023-06-14,Payment Successed
5484,713,2021-06-13,Payment Successed
5486,5672,2022-04-16,Payment Successed
5487,6107,2022-01-10,Payment Successed
5489,11312,2023-02-01,Payment Successed
5490,1152,2020-10-17,Payment Successed
5491,8458,2021-06-21,Payment Successed
5492,7226,2022-03-09,Payment Successed
5495,12639,2023-02-13,Payment Successed
5497,20154,2021-10-09,Payment Successed
5498,16803,2020-01-08,Payment Successed
5500,16425,2023-03-28,Payment Successed
5501,2513,2022-01-16,Payment Successed
5504,3840,2022-09-15,Payment Successed
5505,8108,2021-12-29,Payment Successed
5507,18888,2023-04-02,Payment Successed
5509,952,2022-04-07,Payment Successed
5510,140,2022-01-03,Payment Successed
5519,11992,2020-07-18,Payment Successed
5522,18008,2021-01-25,Payment Successed
5528,6272,2020-11-20,Payment Successed
5532,780,2023-11-10,Payment Successed
5534,2848,2020-12-28,Payment Successed
5535,16796,2023-11-21,Payment Successed
5536,2403,2022-11-10,Payment Successed
5537,7279,2022-09-26,Payment Successed
5538,11887,2022-11-14,Payment Successed
5540,12043,2021-01-03,Payment Successed
5541,18150,2020-04-12,Payment Successed
5545,11379,2023-10-22,Payment Successed
5546,8820,2022-01-21,Payment Successed
5548,11826,2021-03-08,Payment Successed
5551,6722,2021-01-09,Payment Successed
5552,18791,2022-08-16,Payment Successed
5553,3277,2022-06-07,Payment Successed
5554,2886,2023-12-17,Payment Successed
5555,10223,2022-12-22,Payment Successed
5558,9273,2020-05-18,Payment Successed
5559,5763,2021-01-09,Payment Successed
5561,16442,2020-12-05,Payment Successed
5564,11428,2023-01-18,Payment Successed
6257,19825,2023-12-18,Payment Pending
6258,10215,2022-01-05,Payment Pending
6260,13934,2021-06-17,Payment Pending
6270,16375,2022-04-18,Payment Pending
6272,16550,2022-10-19,Payment Pending
6274,2048,2021-06-01,Payment Pending
6275,11364,2022-06-02,Payment Pending
6276,3098,2021-05-06,Payment Pending
6277,6150,2022-12-03,Payment Pending
6279,13278,2022-02-25,Payment Pending
6284,2185,2022-12-26,Payment Pending
6285,2685,2022-05-10,Payment Pending
6288,4159,2020-06-03,Payment Pending
6290,5199,2023-12-17,Payment Pending
6293,10417,2023-06-30,Payment Pending
6294,10077,2020-08-29,Payment Pending
6299,3642,2022-01-12,Payment Pending
6302,20517,2022-12-01,Payment Pending
6304,10029,2023-03-23,Payment Pending
6309,17876,2022-07-17,Payment Pending
6311,15540,2020-11-12,Payment Pending
6313,7180,2020-07-22,Payment Pending
6317,13105,2021-07-02,Payment Pending
6318,20013,2023-09-07,Payment Pending
6319,596,2023-05-06,Payment Pending
6326,11085,2022-04-24,Payment Pending
6327,19423,2021-12-30,Payment Pending
6328,5333,2021-08-20,Payment Pending
6330,4484,2020-09-18,Payment Pending
6331,18255,2021-09-26,Payment Pending
6332,14148,2020-11-16,Payment Pending
6338,20056,2020-04-09,Payment Pending
6341,8184,2021-03-21,Payment Pending
6343,18536,2021-11-13,Payment Pending
6345,9264,2022-11-11,Payment Pending
6346,19073,2021-04-01,Payment Pending
6348,7865,2020-10-21,Payment Pending
6355,11460,2020-06-07,Payment Pending
6358,5185,2020-04-02,Payment Pending
6361,19350,2020-11-12,Payment Pending
6364,18512,2021-03-17,Payment Pending
6369,3852,2023-04-04,Payment Pending
6370,9201,2020-09-07,Payment Pending
6372,20031,2020-08-19,Payment Pending
6380,10234,2022-04-03,Payment Pending
6385,4767,2020-08-20,Payment Pending
6388,19703,2021-11-10,Payment Pending
6389,956,2023-12-07,Payment Pending
5570,9110,2023-11-02,Payment Successed
5572,5638,2020-10-13,Payment Successed
5573,4434,2020-06-13,Payment Successed
5578,9015,2023-02-27,Payment Successed
5579,13397,2021-10-14,Payment Successed
5580,16080,2021-05-03,Payment Successed
5582,13415,2021-10-31,Payment Successed
5584,20730,2022-03-17,Payment Successed
5585,2234,2022-06-17,Payment Successed
5587,3837,2023-11-02,Payment Successed
5589,2243,2023-09-24,Payment Successed
5590,20326,2022-03-28,Payment Successed
5591,18349,2022-11-17,Payment Successed
5593,3096,2021-03-11,Payment Successed
5594,8366,2022-10-09,Payment Successed
5595,16118,2023-04-24,Payment Successed
5596,12648,2020-01-16,Payment Successed
5598,20882,2022-03-08,Payment Successed
5600,16837,2023-04-15,Payment Successed
5603,874,2020-03-28,Payment Successed
5604,14884,2020-09-04,Payment Successed
5606,13318,2020-08-06,Payment Successed
6401,17624,2022-08-27,Payment Failed
6426,600,2020-05-22,Payment Failed
6458,2286,2021-08-28,Payment Failed
6462,21109,2020-08-21,Payment Failed
6470,14769,2020-07-24,Payment Failed
6497,2026,2023-09-04,Payment Failed
6518,5249,2022-12-24,Payment Failed
6523,1519,2020-09-14,Payment Failed
6403,6345,2021-08-28,Refunded
6406,5801,2022-07-22,Refunded
6423,12702,2020-04-05,Refunded
6473,21470,2021-03-21,Refunded
6475,14505,2023-08-06,Refunded
6515,15871,2021-01-28,Refunded
5611,6857,2021-03-08,Payment Successed
5613,17873,2020-10-20,Payment Successed
5616,21320,2021-01-29,Payment Successed
5617,6656,2023-08-30,Payment Successed
5619,11529,2021-01-29,Payment Successed
5623,703,2020-12-25,Payment Successed
5626,3309,2020-01-05,Payment Successed
5627,6673,2022-06-15,Payment Successed
5628,16344,2023-08-08,Payment Successed
5629,14810,2021-02-07,Payment Successed
5630,14410,2022-06-14,Payment Successed
5633,4576,2023-02-12,Payment Successed
5634,9441,2022-05-04,Payment Successed
5635,21483,2024-01-01,Payment Successed
5636,9744,2023-07-25,Payment Successed
5640,20143,2021-12-12,Payment Successed
5642,17333,2023-12-13,Payment Successed
5644,4804,2023-09-23,Payment Successed
5647,11141,2021-09-21,Payment Successed
5648,1102,2021-11-09,Payment Successed
5649,1028,2020-06-20,Payment Successed
5652,8495,2020-06-02,Payment Successed
5653,19050,2021-10-13,Payment Successed
5654,5244,2020-07-06,Payment Successed
5658,16666,2021-02-09,Payment Successed
5662,12287,2022-11-22,Payment Successed
5663,15750,2020-08-23,Payment Successed
5664,3048,2021-09-04,Payment Successed
5666,11551,2021-01-24,Payment Successed
5667,17282,2021-08-10,Payment Successed
5668,10535,2022-02-17,Payment Successed
5669,17947,2020-01-18,Payment Successed
5671,55,2022-06-29,Payment Successed
5674,8625,2021-11-02,Payment Successed
5678,13575,2021-02-15,Payment Successed
5680,5088,2022-11-29,Payment Successed
5684,15197,2020-04-06,Payment Successed
6394,9631,2020-08-27,Payment Pending
6396,3282,2020-02-09,Payment Pending
6409,10702,2023-04-21,Payment Pending
6413,12391,2021-08-25,Payment Pending
6418,17835,2022-09-15,Payment Pending
6422,1974,2022-10-26,Payment Pending
6427,10183,2020-12-11,Payment Pending
6428,21463,2022-09-13,Payment Pending
6429,17538,2020-07-28,Payment Pending
6435,11320,2022-01-07,Payment Pending
6438,21103,2020-07-22,Payment Pending
6439,273,2023-01-14,Payment Pending
6440,1458,2022-10-14,Payment Pending
6441,18617,2020-07-05,Payment Pending
6446,14953,2021-10-05,Payment Pending
6450,2393,2022-05-06,Payment Pending
6452,1035,2023-12-14,Payment Pending
6455,17655,2023-01-09,Payment Pending
6456,13080,2023-03-23,Payment Pending
6457,13488,2021-07-21,Payment Pending
6460,8216,2022-10-31,Payment Pending
6463,2248,2022-03-12,Payment Pending
6464,19762,2022-04-02,Payment Pending
6467,15350,2023-12-23,Payment Pending
6468,3380,2023-02-27,Payment Pending
6478,729,2023-02-06,Payment Pending
6481,9161,2023-03-10,Payment Pending
6482,13537,2023-01-17,Payment Pending
6483,9450,2020-12-08,Payment Pending
6485,17151,2022-12-09,Payment Pending
6494,14407,2023-06-22,Payment Pending
6496,6610,2023-06-02,Payment Pending
6500,1453,2020-04-22,Payment Pending
6505,3960,2021-04-21,Payment Pending
6506,8885,2021-03-19,Payment Pending
6509,16532,2020-07-06,Payment Pending
6511,10041,2021-06-18,Payment Pending
6512,19419,2020-04-30,Payment Pending
6514,1729,2023-12-03,Payment Pending
6519,7449,2022-10-18,Payment Pending
6520,3980,2023-08-25,Payment Pending
6521,15026,2021-06-22,Payment Pending
6525,17945,2023-02-13,Payment Pending
5685,14893,2021-12-10,Payment Successed
5686,1243,2021-03-19,Payment Successed
5687,3893,2023-04-19,Payment Successed
5691,19648,2021-08-24,Payment Successed
5692,19513,2023-07-02,Payment Successed
5695,9869,2022-04-20,Payment Successed
5697,11056,2022-08-11,Payment Successed
5698,10319,2020-05-09,Payment Successed
5700,21230,2023-03-27,Payment Successed
5702,15491,2021-08-25,Payment Successed
5703,2844,2022-04-25,Payment Successed
5704,4622,2020-12-26,Payment Successed
5705,2155,2021-02-25,Payment Successed
5706,4353,2022-01-06,Payment Successed
5707,7781,2021-11-23,Payment Successed
5709,12594,2022-08-27,Payment Successed
5710,9709,2022-05-20,Payment Successed
5713,9975,2020-10-24,Payment Successed
5714,6772,2020-05-25,Payment Successed
5717,14964,2020-02-06,Payment Successed
5718,13543,2021-02-09,Payment Successed
5721,8816,2020-06-14,Payment Successed
5722,16511,2022-12-21,Payment Successed
5723,18716,2020-01-27,Payment Successed
5724,17231,2021-01-14,Payment Successed
5726,14020,2022-04-27,Payment Successed
5730,3283,2020-08-08,Payment Successed
5734,3250,2020-07-24,Payment Successed
5736,16277,2023-11-23,Payment Successed
5738,10078,2020-09-04,Payment Successed
5740,12797,2021-01-25,Payment Successed
5741,7154,2022-08-24,Payment Successed
5743,19680,2021-11-24,Payment Successed
6536,13799,2021-07-21,Payment Failed
6543,17042,2020-03-18,Payment Failed
6552,2659,2022-11-29,Payment Failed
6588,6894,2020-08-05,Payment Failed
6623,8391,2020-02-19,Payment Failed
6637,21581,2023-03-23,Payment Failed
6641,21409,2022-08-24,Payment Failed
6650,3297,2021-04-13,Payment Failed
6535,6559,2023-07-14,Refunded
6557,8417,2022-09-17,Refunded
6559,9356,2023-07-30,Refunded
6580,3514,2022-06-03,Refunded
6589,21266,2020-03-18,Refunded
6597,7280,2023-10-13,Refunded
6604,12680,2022-10-15,Refunded
6620,12383,2023-08-18,Refunded
6657,14661,2022-07-27,Refunded
5746,9886,2022-08-22,Payment Successed
5747,10308,2020-02-02,Payment Successed
5748,9502,2023-12-06,Payment Successed
5751,1707,2023-04-08,Payment Successed
5752,16804,2022-06-22,Payment Successed
5753,15543,2023-11-30,Payment Successed
5754,3611,2022-09-18,Payment Successed
5755,1004,2020-12-04,Payment Successed
5760,10439,2022-02-23,Payment Successed
5761,18562,2020-10-20,Payment Successed
5762,21018,2023-02-11,Payment Successed
5763,16854,2021-09-19,Payment Successed
5764,20729,2023-11-17,Payment Successed
5765,9557,2022-12-09,Payment Successed
5767,20850,2021-10-18,Payment Successed
5769,15443,2022-10-11,Payment Successed
5772,15740,2020-11-22,Payment Successed
5773,16951,2020-12-21,Payment Successed
5774,1762,2021-10-23,Payment Successed
5775,6485,2021-11-20,Payment Successed
5776,7025,2023-06-29,Payment Successed
5778,18335,2020-09-06,Payment Successed
5779,10569,2022-04-18,Payment Successed
5781,3435,2020-11-07,Payment Successed
5784,9766,2021-07-03,Payment Successed
5787,21120,2021-05-14,Payment Successed
5789,9752,2022-11-23,Payment Successed
5791,4639,2023-04-17,Payment Successed
5793,20877,2022-10-01,Payment Successed
5796,17997,2021-05-19,Payment Successed
5799,12815,2020-08-08,Payment Successed
5800,5660,2022-10-23,Payment Successed
5801,7959,2021-08-09,Payment Successed
5804,5413,2021-02-10,Payment Successed
5806,15111,2022-11-19,Payment Successed
5809,12874,2023-08-04,Payment Successed
5811,9169,2020-04-19,Payment Successed
6531,11203,2021-02-07,Payment Pending
6532,1201,2022-09-27,Payment Pending
6537,4531,2021-09-21,Payment Pending
6540,10511,2022-09-04,Payment Pending
6546,8944,2023-02-27,Payment Pending
6548,20495,2022-03-24,Payment Pending
6550,16056,2020-03-01,Payment Pending
6551,6289,2023-11-27,Payment Pending
6555,6540,2020-02-05,Payment Pending
6556,7976,2023-10-26,Payment Pending
6558,16261,2020-02-08,Payment Pending
6560,15995,2022-06-11,Payment Pending
6561,6545,2022-08-10,Payment Pending
6565,19062,2022-11-30,Payment Pending
6567,17539,2023-12-03,Payment Pending
6569,6708,2020-09-22,Payment Pending
6574,15592,2022-04-18,Payment Pending
6579,6371,2021-06-01,Payment Pending
6581,17583,2021-03-03,Payment Pending
6584,3124,2022-08-22,Payment Pending
6585,2262,2022-06-18,Payment Pending
6592,5072,2020-11-16,Payment Pending
6593,10937,2021-10-29,Payment Pending
6595,1541,2022-12-08,Payment Pending
6598,4300,2022-12-25,Payment Pending
6607,16406,2021-01-21,Payment Pending
6608,5049,2021-01-21,Payment Pending
6609,13,2022-06-17,Payment Pending
6612,1085,2020-09-12,Payment Pending
6617,5044,2021-01-21,Payment Pending
6618,12980,2021-08-16,Payment Pending
6619,18441,2021-01-20,Payment Pending
6622,2945,2023-05-20,Payment Pending
6626,15179,2020-01-05,Payment Pending
6634,10389,2023-06-17,Payment Pending
6638,21516,2021-10-06,Payment Pending
6639,12278,2022-11-10,Payment Pending
6642,19719,2021-12-02,Payment Pending
6644,5251,2022-01-29,Payment Pending
6647,12949,2023-10-01,Payment Pending
6648,20463,2020-12-23,Payment Pending
6653,21448,2021-12-07,Payment Pending
6654,12179,2022-06-29,Payment Pending
6662,8596,2022-02-25,Payment Pending
6663,9425,2023-07-10,Payment Pending
6664,13933,2022-08-05,Payment Pending
5812,19159,2023-04-15,Payment Successed
5813,9176,2023-05-14,Payment Successed
5815,4164,2020-12-10,Payment Successed
5818,21026,2022-10-19,Payment Successed
5821,4261,2021-01-06,Payment Successed
5823,8257,2020-01-24,Payment Successed
5824,19790,2022-04-15,Payment Successed
5825,630,2021-09-23,Payment Successed
5826,9507,2022-11-10,Payment Successed
5827,16761,2022-08-06,Payment Successed
5828,2914,2022-01-17,Payment Successed
5829,3636,2023-05-15,Payment Successed
5832,5204,2021-01-17,Payment Successed
5833,7459,2021-10-29,Payment Successed
5835,7236,2022-01-11,Payment Successed
5840,13094,2020-06-25,Payment Successed
5845,8831,2022-03-30,Payment Successed
5846,7351,2023-06-02,Payment Successed
5847,12226,2023-12-08,Payment Successed
5850,12188,2021-11-16,Payment Successed
5852,29,2020-11-07,Payment Successed
5853,8983,2021-11-11,Payment Successed
5861,8627,2021-10-29,Payment Successed
5862,14036,2020-09-05,Payment Successed
5863,4593,2022-11-15,Payment Successed
6668,21124,2021-04-15,Payment Failed
6680,2252,2020-07-04,Payment Failed
6721,8198,2020-09-12,Payment Failed
6728,9661,2021-11-04,Payment Failed
6736,987,2020-07-08,Payment Failed
6747,11805,2023-12-19,Payment Failed
6766,19910,2020-04-09,Payment Failed
6781,11049,2023-05-18,Payment Failed
6743,21489,2023-07-02,Refunded
6752,13993,2022-03-20,Refunded
6778,1545,2022-08-31,Refunded
5864,5545,2021-01-18,Payment Successed
5867,15240,2022-05-11,Payment Successed
5868,5380,2022-03-04,Payment Successed
5870,18437,2022-10-26,Payment Successed
5871,2238,2023-03-03,Payment Successed
5872,16160,2020-01-30,Payment Successed
5873,7371,2021-12-08,Payment Successed
5877,14274,2020-12-25,Payment Successed
5878,10195,2021-03-14,Payment Successed
5879,13113,2021-06-18,Payment Successed
5880,11930,2021-01-29,Payment Successed
5881,4221,2020-07-14,Payment Successed
5882,20112,2021-01-05,Payment Successed
5883,15572,2020-10-12,Payment Successed
5884,14418,2020-06-08,Payment Successed
5886,12441,2021-12-06,Payment Successed
5887,13778,2021-10-18,Payment Successed
5888,21604,2023-11-26,Payment Successed
5889,17785,2020-01-12,Payment Successed
5890,20770,2022-09-12,Payment Successed
5892,9755,2021-01-21,Payment Successed
5893,18573,2022-09-11,Payment Successed
5895,4242,2023-10-01,Payment Successed
5898,1154,2020-07-14,Payment Successed
5899,8356,2020-12-12,Payment Successed
5900,19963,2022-04-19,Payment Successed
5901,3401,2023-12-06,Payment Successed
5907,8560,2023-06-26,Payment Successed
5910,11715,2020-05-06,Payment Successed
5911,17074,2023-04-22,Payment Successed
5912,10592,2020-03-18,Payment Successed
5915,9985,2023-12-19,Payment Successed
5916,7271,2023-01-22,Payment Successed
5917,21476,2023-02-03,Payment Successed
5918,4486,2021-08-03,Payment Successed
5919,18895,2023-12-15,Payment Successed
5921,3541,2021-07-01,Payment Successed
5923,20411,2020-05-05,Payment Successed
5924,17958,2020-11-07,Payment Successed
5925,19681,2020-02-04,Payment Successed
5927,4228,2020-03-24,Payment Successed
5929,3843,2022-08-10,Payment Successed
5937,20331,2021-03-14,Payment Successed
5938,14593,2020-05-21,Payment Successed
5939,19600,2023-09-07,Payment Successed
5940,19207,2021-05-04,Payment Successed
5941,1419,2021-05-16,Payment Successed
5942,14574,2022-06-29,Payment Successed
5944,5596,2021-01-28,Payment Successed
5945,4050,2023-11-21,Payment Successed
5947,18686,2023-07-01,Payment Successed
6672,7891,2021-02-12,Payment Pending
6674,3,2020-10-12,Payment Pending
6679,13948,2023-09-25,Payment Pending
6683,9633,2023-07-03,Payment Pending
6684,12851,2023-05-30,Payment Pending
6685,12050,2020-08-10,Payment Pending
6686,21399,2020-09-24,Payment Pending
6691,9796,2023-06-11,Payment Pending
6692,10657,2021-06-18,Payment Pending
6693,7788,2022-07-04,Payment Pending
6700,944,2023-12-20,Payment Pending
6701,19339,2023-01-09,Payment Pending
6703,17553,2021-10-15,Payment Pending
6705,6258,2023-06-23,Payment Pending
6706,6960,2022-02-24,Payment Pending
6707,9867,2023-05-17,Payment Pending
6712,19752,2023-08-24,Payment Pending
6713,16600,2020-03-06,Payment Pending
6715,6376,2021-04-07,Payment Pending
6716,3486,2022-12-09,Payment Pending
6717,9423,2021-11-25,Payment Pending
6720,2896,2021-10-05,Payment Pending
6723,2799,2021-08-31,Payment Pending
6724,13811,2021-07-27,Payment Pending
6727,15519,2022-10-02,Payment Pending
6729,4699,2022-05-03,Payment Pending
6730,19304,2021-06-07,Payment Pending
6732,4786,2021-05-02,Payment Pending
6733,4512,2022-04-18,Payment Pending
6735,6283,2020-10-06,Payment Pending
6737,9824,2023-01-28,Payment Pending
6738,7148,2020-08-01,Payment Pending
6750,13967,2020-10-12,Payment Pending
6753,8836,2021-07-01,Payment Pending
6754,19823,2023-02-10,Payment Pending
6757,4565,2023-08-19,Payment Pending
6758,3072,2023-07-30,Payment Pending
6759,43,2021-09-24,Payment Pending
6761,5499,2022-09-29,Payment Pending
6762,6172,2023-09-09,Payment Pending
6764,7938,2020-12-04,Payment Pending
6769,959,2021-11-09,Payment Pending
6773,4546,2023-09-25,Payment Pending
6780,9830,2021-04-02,Payment Pending
6783,14963,2020-11-04,Payment Pending
6786,1319,2023-02-11,Payment Pending
6787,19970,2023-12-27,Payment Pending
6788,18081,2023-10-29,Payment Pending
6789,8536,2023-08-08,Payment Pending
6790,19001,2021-06-26,Payment Pending
6795,2142,2023-10-23,Payment Pending
6797,8093,2020-11-15,Payment Pending
6799,20857,2022-06-18,Payment Pending
6801,6114,2021-04-06,Payment Pending
5948,3212,2020-12-06,Payment Successed
5949,980,2023-06-09,Payment Successed
5950,18594,2020-04-19,Payment Successed
5951,6451,2021-09-06,Payment Successed
5954,21590,2023-02-27,Payment Successed
5955,16505,2023-05-10,Payment Successed
5957,15606,2021-08-05,Payment Successed
5958,7373,2023-01-22,Payment Successed
5959,6943,2023-11-26,Payment Successed
5960,10133,2020-07-07,Payment Successed
5962,11824,2022-11-06,Payment Successed
5964,8278,2020-04-03,Payment Successed
5968,144,2022-12-22,Payment Successed
6802,19937,2022-03-03,Payment Failed
6817,15593,2022-08-25,Payment Failed
6826,14404,2020-06-20,Payment Failed
6830,3032,2022-03-14,Payment Failed
6838,7477,2023-10-15,Payment Failed
6844,19936,2023-01-28,Payment Failed
6851,9,2021-03-07,Payment Failed
6863,3504,2022-12-25,Payment Failed
6810,3643,2021-03-10,Refunded
6816,16369,2020-12-27,Refunded
6864,10250,2022-07-17,Refunded
6915,4232,2022-11-29,Refunded
6936,14346,2023-01-27,Refunded
5970,20334,2020-06-27,Payment Successed
5972,6431,2023-11-11,Payment Successed
5973,12679,2022-10-08,Payment Successed
5975,15444,2022-12-23,Payment Successed
5977,4638,2022-07-14,Payment Successed
5984,17128,2023-08-19,Payment Successed
5985,18456,2020-06-05,Payment Successed
5987,10839,2021-06-15,Payment Successed
5988,20106,2020-09-01,Payment Successed
5990,2397,2023-07-13,Payment Successed
5994,5117,2021-03-25,Payment Successed
5995,19768,2022-10-09,Payment Successed
5997,7711,2021-04-25,Payment Successed
5998,18413,2022-12-16,Payment Successed
5999,5221,2022-09-02,Payment Successed
6003,15377,2020-05-12,Payment Successed
6004,19383,2020-10-25,Payment Successed
6007,16321,2020-07-05,Payment Successed
6011,6410,2023-06-07,Payment Successed
6012,12157,2020-06-15,Payment Successed
6013,7069,2021-01-17,Payment Successed
6015,12015,2021-02-11,Payment Successed
6018,2905,2022-05-22,Payment Successed
6019,13253,2023-11-14,Payment Successed
6021,13938,2020-04-06,Payment Successed
6022,13907,2020-08-19,Payment Successed
6023,12596,2023-04-22,Payment Successed
6026,7622,2021-07-24,Payment Successed
6028,20312,2020-10-02,Payment Successed
6030,11830,2022-05-05,Payment Successed
6032,3534,2023-11-29,Payment Successed
6034,4138,2021-11-25,Payment Successed
6035,978,2023-07-27,Payment Successed
6041,17437,2021-04-14,Payment Successed
6042,11099,2021-02-23,Payment Successed
6047,2919,2023-09-13,Payment Successed
6048,13763,2023-10-17,Payment Successed
6049,18673,2022-06-22,Payment Successed
6052,10351,2023-11-21,Payment Successed
6055,2933,2023-02-19,Payment Successed
6057,7503,2023-01-08,Payment Successed
6061,7564,2021-10-12,Payment Successed
6062,6806,2023-03-04,Payment Successed
6063,2580,2022-05-03,Payment Successed
6065,19472,2021-03-31,Payment Successed
6805,11827,2021-08-30,Payment Pending
6806,13233,2023-04-15,Payment Pending
6807,5876,2022-05-08,Payment Pending
6809,19919,2022-09-14,Payment Pending
6811,19989,2020-01-16,Payment Pending
6814,7837,2022-05-12,Payment Pending
6819,15970,2022-05-24,Payment Pending
6820,15091,2021-09-24,Payment Pending
6825,4932,2021-08-09,Payment Pending
6829,4081,2021-07-27,Payment Pending
6835,11184,2023-04-12,Payment Pending
6841,8304,2023-12-30,Payment Pending
6842,2133,2023-12-06,Payment Pending
6843,10059,2022-06-03,Payment Pending
6850,3395,2021-05-19,Payment Pending
6855,13888,2023-12-15,Payment Pending
6856,7053,2022-11-22,Payment Pending
6858,18797,2020-02-27,Payment Pending
6859,7071,2020-05-05,Payment Pending
6861,154,2023-05-18,Payment Pending
6862,9037,2021-05-09,Payment Pending
6865,3444,2023-04-27,Payment Pending
6867,3412,2023-09-21,Payment Pending
6868,19473,2020-03-20,Payment Pending
6869,2279,2023-12-04,Payment Pending
6870,18943,2022-06-01,Payment Pending
6871,12978,2020-09-13,Payment Pending
6874,12431,2020-01-15,Payment Pending
6875,287,2022-02-25,Payment Pending
6876,10205,2023-02-27,Payment Pending
6878,7429,2023-10-16,Payment Pending
6881,19771,2020-01-31,Payment Pending
6888,14587,2023-01-20,Payment Pending
6890,10244,2020-01-04,Payment Pending
6895,1624,2021-10-12,Payment Pending
6896,13321,2021-05-08,Payment Pending
6902,6774,2023-06-22,Payment Pending
6903,14622,2022-11-07,Payment Pending
6905,12137,2021-06-06,Payment Pending
6906,1305,2021-03-24,Payment Pending
6908,14124,2022-03-20,Payment Pending
6916,1629,2021-03-20,Payment Pending
6918,10176,2021-10-04,Payment Pending
6919,6504,2023-06-09,Payment Pending
6920,20798,2021-05-29,Payment Pending
6921,17051,2020-05-25,Payment Pending
6924,16864,2022-07-15,Payment Pending
6927,6276,2023-01-04,Payment Pending
6930,7956,2023-09-17,Payment Pending
6931,17145,2021-06-12,Payment Pending
6066,3542,2021-02-09,Payment Successed
6067,579,2022-11-07,Payment Successed
6071,11465,2021-09-22,Payment Successed
6073,11261,2022-05-31,Payment Successed
6076,14180,2021-08-25,Payment Successed
6079,15472,2023-07-15,Payment Successed
6080,7298,2023-03-08,Payment Successed
6081,4016,2021-12-02,Payment Successed
6082,15239,2021-10-21,Payment Successed
6083,20737,2021-04-19,Payment Successed
6084,20424,2023-10-16,Payment Successed
6085,15008,2022-01-26,Payment Successed
6086,16515,2021-05-10,Payment Successed
6087,138,2021-12-06,Payment Successed
6088,4583,2021-03-25,Payment Successed
6089,5696,2020-07-11,Payment Successed
6090,7931,2021-05-14,Payment Successed
6091,3949,2020-12-14,Payment Successed
6093,12026,2023-02-16,Payment Successed
6944,19140,2022-06-28,Payment Failed
6945,13065,2022-01-02,Payment Failed
6956,6807,2023-12-30,Payment Failed
6962,2242,2022-07-19,Payment Failed
6963,13525,2021-04-17,Payment Failed
6973,1465,2023-10-02,Payment Failed
7011,16289,2022-03-20,Payment Failed
7012,12570,2020-12-30,Payment Failed
7020,4754,2020-07-07,Payment Failed
7026,18832,2020-02-24,Payment Failed
7027,14090,2022-07-09,Payment Failed
7029,7261,2023-03-26,Payment Failed
7045,6260,2023-04-06,Payment Failed
6964,18799,2022-04-09,Refunded
7007,15187,2023-04-09,Refunded
7021,13930,2023-09-18,Refunded
7036,15786,2022-01-05,Refunded
7037,5179,2023-10-16,Refunded
6095,5454,2020-01-18,Payment Successed
6096,10717,2020-05-28,Payment Successed
6099,10575,2023-02-13,Payment Successed
6100,12291,2023-08-26,Payment Successed
6101,7283,2020-02-07,Payment Successed
6102,186,2020-11-06,Payment Successed
6105,6498,2020-11-21,Payment Successed
6106,16679,2020-10-29,Payment Successed
6113,16928,2022-01-20,Payment Successed
6114,12262,2020-01-24,Payment Successed
6117,563,2022-11-11,Payment Successed
6118,18772,2022-03-28,Payment Successed
6119,2837,2023-01-02,Payment Successed
6120,3788,2023-12-26,Payment Successed
6121,3759,2020-05-10,Payment Successed
6122,12125,2020-06-17,Payment Successed
6123,16498,2020-06-01,Payment Successed
6124,3441,2020-04-03,Payment Successed
6125,19135,2021-04-16,Payment Successed
6126,18788,2020-12-14,Payment Successed
6131,18898,2022-05-12,Payment Successed
6132,1402,2022-04-14,Payment Successed
6135,841,2021-06-11,Payment Successed
6137,17,2022-03-22,Payment Successed
6140,20722,2022-10-07,Payment Successed
6142,3639,2022-08-19,Payment Successed
6939,15849,2021-02-04,Payment Pending
6144,769,2022-07-20,Payment Successed
6145,3839,2021-06-17,Payment Successed
6942,4412,2022-05-09,Payment Pending
6943,3450,2022-09-28,Payment Pending
6946,3209,2023-08-07,Payment Pending
6147,13349,2022-11-19,Payment Successed
6148,18973,2020-09-21,Payment Successed
6150,18560,2020-12-20,Payment Successed
6947,2390,2020-07-27,Payment Pending
6949,18782,2021-12-28,Payment Pending
6951,118,2020-10-06,Payment Pending
6151,18938,2023-07-25,Payment Successed
6153,2572,2023-04-11,Payment Successed
6954,5154,2022-09-20,Payment Pending
6154,18496,2023-02-05,Payment Successed
6957,6792,2022-04-25,Payment Pending
6960,15922,2020-02-23,Payment Pending
6961,18516,2023-12-18,Payment Pending
6966,8933,2020-06-02,Payment Pending
6155,4684,2021-08-19,Payment Successed
6968,19465,2022-11-19,Payment Pending
6969,5893,2022-02-16,Payment Pending
6159,12750,2021-04-27,Payment Successed
6970,3807,2021-11-20,Payment Pending
6160,8529,2022-02-27,Payment Successed
6163,18776,2020-03-14,Payment Successed
6971,7750,2022-08-12,Payment Pending
6974,18221,2022-11-08,Payment Pending
6165,9578,2023-08-27,Payment Successed
6976,10936,2021-09-20,Payment Pending
6977,6606,2021-03-08,Payment Pending
6980,2357,2021-09-07,Payment Pending
6982,9942,2021-04-13,Payment Pending
6985,3433,2022-06-07,Payment Pending
6987,4229,2021-11-05,Payment Pending
6989,720,2023-04-26,Payment Pending
6991,10097,2023-03-04,Payment Pending
6992,2902,2021-05-21,Payment Pending
6994,4169,2022-03-23,Payment Pending
6997,18192,2021-07-04,Payment Pending
6998,2526,2023-05-04,Payment Pending
7000,15925,2021-05-28,Payment Pending
7002,1769,2020-09-19,Payment Pending
7006,625,2020-06-02,Payment Pending
7008,13344,2020-10-18,Payment Pending
7015,650,2022-11-13,Payment Pending
7017,11958,2022-09-25,Payment Pending
7018,9923,2021-03-09,Payment Pending
7019,9917,2023-10-15,Payment Pending
7023,9621,2023-02-22,Payment Pending
7024,13798,2022-12-14,Payment Pending
7025,9989,2020-08-10,Payment Pending
7030,21584,2020-02-12,Payment Pending
7031,10298,2020-02-26,Payment Pending
7035,18083,2020-06-18,Payment Pending
7042,20781,2020-08-11,Payment Pending
6166,14581,2022-12-05,Payment Successed
6167,7509,2020-09-22,Payment Successed
6169,7584,2020-07-30,Payment Successed
6171,1,2022-03-17,Payment Successed
6172,646,2021-05-17,Payment Successed
6173,3215,2021-03-27,Payment Successed
6174,11799,2020-10-27,Payment Successed
6176,15639,2021-07-01,Payment Successed
6177,17245,2022-07-04,Payment Successed
6178,9797,2023-07-08,Payment Successed
6179,7548,2021-11-11,Payment Successed
6180,21268,2023-01-01,Payment Successed
6181,4000,2021-08-04,Payment Successed
6183,9263,2020-05-19,Payment Successed
6189,6083,2022-04-27,Payment Successed
6190,14132,2023-02-04,Payment Successed
6192,7391,2021-12-27,Payment Successed
6194,10088,2021-12-05,Payment Successed
6195,926,2020-04-17,Payment Successed
6196,15116,2022-04-04,Payment Successed
6197,10291,2021-11-17,Payment Successed
6199,19620,2023-08-02,Payment Successed
6200,7804,2021-09-17,Payment Successed
6201,7559,2023-11-30,Payment Successed
6205,15499,2023-03-29,Payment Successed
6206,15968,2021-07-10,Payment Successed
6208,11726,2022-09-02,Payment Successed
7081,3348,2023-02-04,Payment Failed
7122,7684,2023-07-16,Payment Failed
7124,878,2023-02-27,Payment Failed
7128,6737,2021-08-25,Payment Failed
7168,2775,2023-03-06,Payment Failed
7170,2092,2023-05-29,Payment Failed
7172,4853,2022-10-08,Payment Failed
7179,17817,2022-04-20,Payment Failed
7181,13161,2020-09-25,Payment Failed
7187,15060,2022-02-02,Payment Failed
7205,13008,2020-12-11,Payment Failed
7208,18571,2020-10-04,Payment Failed
7138,7007,2020-10-15,Refunded
7200,18893,2021-04-11,Refunded
7209,3017,2022-05-09,Refunded
6210,16120,2022-01-07,Payment Successed
6212,12935,2021-04-26,Payment Successed
6214,20311,2020-11-27,Payment Successed
6216,19679,2021-01-05,Payment Successed
6219,4082,2021-10-22,Payment Successed
6220,21513,2020-10-09,Payment Successed
6221,8994,2021-03-02,Payment Successed
6222,17969,2022-02-07,Payment Successed
6223,3689,2023-11-12,Payment Successed
6224,20833,2022-07-23,Payment Successed
6226,2334,2023-03-11,Payment Successed
6228,17857,2021-06-08,Payment Successed
6229,16958,2021-06-27,Payment Successed
6232,8842,2021-11-20,Payment Successed
6234,11770,2021-07-22,Payment Successed
6236,88,2022-11-24,Payment Successed
6238,14633,2020-08-24,Payment Successed
6241,3536,2023-09-13,Payment Successed
6242,12272,2022-03-08,Payment Successed
6244,5465,2021-08-10,Payment Successed
6245,18025,2020-04-12,Payment Successed
6246,11722,2022-09-18,Payment Successed
6247,11999,2022-01-06,Payment Successed
6249,15141,2020-01-22,Payment Successed
6250,11413,2021-11-04,Payment Successed
6254,10057,2021-10-21,Payment Successed
6255,3262,2021-09-21,Payment Successed
6256,2484,2023-10-18,Payment Successed
6259,19066,2022-04-17,Payment Successed
6261,16655,2023-03-24,Payment Successed
6262,19386,2023-10-25,Payment Successed
6263,20667,2021-06-13,Payment Successed
6264,14342,2021-11-08,Payment Successed
6265,10145,2023-12-31,Payment Successed
6267,10367,2021-07-07,Payment Successed
6268,11820,2020-07-09,Payment Successed
6269,5945,2021-11-07,Payment Successed
6271,6335,2021-07-20,Payment Successed
6273,3582,2020-06-18,Payment Successed
6278,619,2023-07-19,Payment Successed
6281,4420,2021-06-17,Payment Successed
6282,15070,2021-04-23,Payment Successed
7076,8998,2021-02-21,Payment Pending
7078,8045,2020-10-07,Payment Pending
7083,21481,2022-06-09,Payment Pending
7086,10071,2022-02-16,Payment Pending
7087,20152,2021-01-12,Payment Pending
7088,7137,2022-01-01,Payment Pending
7090,6390,2020-02-28,Payment Pending
7097,18432,2023-12-16,Payment Pending
7098,9011,2022-03-21,Payment Pending
7100,1198,2023-02-06,Payment Pending
7102,12740,2021-02-10,Payment Pending
7103,2594,2023-05-02,Payment Pending
7105,2022,2020-07-11,Payment Pending
7107,8564,2020-11-30,Payment Pending
7111,15923,2023-04-11,Payment Pending
7116,4679,2021-01-04,Payment Pending
7123,11662,2020-06-20,Payment Pending
7129,9354,2023-01-29,Payment Pending
7133,9795,2022-11-09,Payment Pending
7134,12088,2023-07-30,Payment Pending
7135,11850,2022-09-20,Payment Pending
7141,7441,2022-02-13,Payment Pending
7142,1886,2020-09-04,Payment Pending
7144,14466,2023-04-15,Payment Pending
7147,9650,2021-05-10,Payment Pending
7149,8401,2023-09-06,Payment Pending
7150,9417,2023-08-28,Payment Pending
7151,17335,2020-01-21,Payment Pending
7153,2599,2020-02-11,Payment Pending
7156,14774,2020-07-20,Payment Pending
7158,10164,2020-03-18,Payment Pending
7162,8566,2023-05-19,Payment Pending
7169,4403,2022-10-12,Payment Pending
7171,1846,2023-05-20,Payment Pending
7175,2488,2020-08-04,Payment Pending
7177,17346,2021-12-07,Payment Pending
7183,7296,2022-04-01,Payment Pending
7185,7253,2022-08-15,Payment Pending
7186,20753,2021-06-28,Payment Pending
7193,13501,2023-01-16,Payment Pending
7197,6377,2022-02-09,Payment Pending
7199,15621,2020-12-21,Payment Pending
7202,10451,2022-08-26,Payment Pending
7206,786,2020-02-02,Payment Pending
7207,21098,2022-05-22,Payment Pending
6283,18665,2020-10-09,Payment Successed
6286,3258,2022-08-24,Payment Successed
6291,17878,2022-11-18,Payment Successed
6292,17999,2021-05-28,Payment Successed
6295,8318,2020-01-31,Payment Successed
6296,13744,2021-01-03,Payment Successed
6297,8149,2021-08-29,Payment Successed
6300,1682,2021-05-10,Payment Successed
6301,1423,2021-06-05,Payment Successed
6305,20139,2021-10-26,Payment Successed
6306,10795,2020-06-28,Payment Successed
6307,18195,2022-11-02,Payment Successed
6310,15726,2023-12-29,Payment Successed
6312,1354,2020-11-15,Payment Successed
6314,18837,2023-04-24,Payment Successed
6315,6109,2021-05-18,Payment Successed
6320,10405,2022-03-24,Payment Successed
6321,15860,2023-09-25,Payment Successed
6322,20943,2023-08-22,Payment Successed
6323,19385,2021-06-06,Payment Successed
6324,8229,2023-04-13,Payment Successed
6325,19704,2021-06-07,Payment Successed
6329,11772,2020-05-30,Payment Successed
6333,14452,2021-04-03,Payment Successed
6335,14302,2021-05-09,Payment Successed
6336,1436,2022-09-07,Payment Successed
6337,10796,2023-07-28,Payment Successed
7215,8680,2023-03-08,Payment Failed
7221,3455,2023-12-22,Payment Failed
7255,21128,2020-11-12,Payment Failed
7296,10169,2021-08-31,Payment Failed
7326,3877,2020-07-30,Payment Failed
7329,4248,2023-11-10,Payment Failed
7333,17992,2021-10-13,Payment Failed
7334,12626,2021-02-26,Payment Failed
7244,5897,2021-09-04,Refunded
6339,18256,2020-03-14,Payment Successed
6340,1051,2023-06-08,Payment Successed
6342,3337,2022-06-25,Payment Successed
6347,14426,2021-02-03,Payment Successed
6349,10721,2023-09-02,Payment Successed
6350,5932,2020-03-12,Payment Successed
6351,2961,2021-08-28,Payment Successed
6352,13077,2021-01-23,Payment Successed
6353,19177,2021-02-06,Payment Successed
6354,17682,2023-09-04,Payment Successed
6357,8434,2022-06-07,Payment Successed
6359,20691,2021-12-30,Payment Successed
6360,16174,2023-07-01,Payment Successed
6362,14099,2023-05-14,Payment Successed
6363,14647,2022-02-08,Payment Successed
6365,8774,2021-01-06,Payment Successed
6366,12410,2023-02-24,Payment Successed
6367,8941,2021-09-14,Payment Successed
6371,3199,2022-07-11,Payment Successed
6373,12329,2023-06-28,Payment Successed
6374,3609,2021-05-13,Payment Successed
6376,3093,2021-06-25,Payment Successed
6377,21143,2023-03-13,Payment Successed
6378,12787,2022-08-08,Payment Successed
6379,2747,2022-06-12,Payment Successed
6381,19848,2021-01-30,Payment Successed
6383,11879,2022-02-19,Payment Successed
6384,14853,2020-10-15,Payment Successed
6386,9005,2021-08-05,Payment Successed
6387,11601,2020-05-17,Payment Successed
6390,13990,2021-08-05,Payment Successed
6391,13220,2020-06-21,Payment Successed
6392,16897,2022-11-05,Payment Successed
6393,1308,2022-07-07,Payment Successed
6395,15427,2022-12-28,Payment Successed
6397,10011,2021-04-08,Payment Successed
6398,1253,2021-09-11,Payment Successed
6399,13427,2023-08-31,Payment Successed
6400,11410,2022-08-16,Payment Successed
6402,8664,2022-07-31,Payment Successed
6404,18747,2023-07-28,Payment Successed
6405,12876,2020-09-01,Payment Successed
6407,10790,2023-09-17,Payment Successed
6408,17897,2020-08-15,Payment Successed
6410,13504,2021-06-09,Payment Successed
6411,6494,2021-08-06,Payment Successed
6412,10365,2022-04-07,Payment Successed
6414,148,2023-02-07,Payment Successed
6415,5587,2021-04-16,Payment Successed
7210,14451,2022-08-11,Payment Pending
7212,14035,2022-12-07,Payment Pending
7222,8078,2022-09-01,Payment Pending
7223,8638,2020-05-10,Payment Pending
7225,16162,2021-11-06,Payment Pending
7226,14577,2021-09-12,Payment Pending
7227,13510,2022-12-01,Payment Pending
7230,10335,2021-07-30,Payment Pending
7232,12037,2020-08-13,Payment Pending
7233,8201,2023-05-26,Payment Pending
7238,12132,2020-01-22,Payment Pending
7240,6865,2021-05-27,Payment Pending
7242,13469,2021-02-21,Payment Pending
7248,6822,2021-09-26,Payment Pending
7254,3254,2020-11-26,Payment Pending
7256,9483,2020-07-25,Payment Pending
7257,17478,2020-07-02,Payment Pending
7258,17252,2022-03-24,Payment Pending
7259,9061,2022-08-14,Payment Pending
7262,19418,2023-05-10,Payment Pending
7263,3842,2020-12-04,Payment Pending
7266,5438,2022-09-04,Payment Pending
7267,15303,2021-05-15,Payment Pending
7271,620,2023-03-03,Payment Pending
7273,11014,2020-06-11,Payment Pending
7274,5588,2020-03-01,Payment Pending
7276,7742,2020-01-26,Payment Pending
7278,85,2021-02-18,Payment Pending
7282,7059,2020-12-16,Payment Pending
7293,7948,2021-12-27,Payment Pending
7294,20263,2021-11-07,Payment Pending
7298,18707,2022-04-22,Payment Pending
7299,4978,2022-10-30,Payment Pending
7302,9677,2023-03-18,Payment Pending
7303,14846,2023-10-16,Payment Pending
7305,4758,2020-08-19,Payment Pending
7306,3895,2022-12-07,Payment Pending
7307,7319,2022-05-13,Payment Pending
7308,3066,2020-05-05,Payment Pending
7309,13937,2021-06-17,Payment Pending
7310,15916,2022-10-10,Payment Pending
7322,17893,2020-03-01,Payment Pending
7327,14286,2023-12-28,Payment Pending
7332,750,2020-11-22,Payment Pending
7338,15000,2020-03-06,Payment Pending
7339,19540,2023-07-18,Payment Pending
7341,13533,2021-06-09,Payment Pending
7343,17926,2020-07-08,Payment Pending
7344,19948,2021-07-30,Payment Pending
7345,18461,2022-05-24,Payment Pending
6416,12284,2023-04-04,Payment Successed
6417,17464,2020-11-07,Payment Successed
6419,5103,2020-09-28,Payment Successed
6420,6429,2020-11-17,Payment Successed
6421,13440,2022-09-21,Payment Successed
6424,4892,2021-11-06,Payment Successed
6425,1670,2023-07-06,Payment Successed
6430,14540,2020-03-27,Payment Successed
6431,20314,2020-04-11,Payment Successed
6432,1200,2020-04-26,Payment Successed
6433,3382,2023-07-16,Payment Successed
6434,8815,2021-06-26,Payment Successed
6436,6644,2023-07-11,Payment Successed
6437,10993,2020-11-23,Payment Successed
6442,1525,2020-10-21,Payment Successed
6443,19444,2023-09-14,Payment Successed
6444,1869,2021-02-20,Payment Successed
6445,16427,2021-06-13,Payment Successed
6447,2649,2023-10-24,Payment Successed
6448,13434,2020-04-25,Payment Successed
6449,9078,2022-08-18,Payment Successed
6451,7366,2020-12-23,Payment Successed
6453,10794,2022-06-01,Payment Successed
7349,18073,2021-08-01,Payment Failed
7367,8306,2023-11-29,Payment Failed
7370,16848,2020-10-02,Payment Failed
7371,21233,2022-07-03,Payment Failed
7372,2154,2020-06-14,Payment Failed
7407,17255,2022-10-24,Payment Failed
7423,1844,2020-07-26,Payment Failed
7426,20014,2020-03-17,Payment Failed
7435,12323,2023-01-29,Payment Failed
7455,5910,2022-02-18,Payment Failed
7460,12757,2020-09-02,Payment Failed
7477,6007,2020-10-10,Payment Failed
7348,8153,2023-11-26,Refunded
7419,3502,2022-12-23,Refunded
7430,10340,2022-09-27,Refunded
6454,8397,2020-01-23,Payment Successed
6459,16824,2023-04-07,Payment Successed
6461,4592,2022-12-03,Payment Successed
6465,4295,2021-05-18,Payment Successed
6466,494,2021-07-07,Payment Successed
6469,1279,2020-08-12,Payment Successed
6471,16358,2022-03-10,Payment Successed
6472,14902,2020-06-30,Payment Successed
6474,3741,2021-09-10,Payment Successed
6476,14386,2021-12-02,Payment Successed
6477,15007,2022-08-13,Payment Successed
6479,14168,2022-09-20,Payment Successed
6480,2993,2020-03-14,Payment Successed
6484,17291,2021-04-25,Payment Successed
6486,14382,2022-12-22,Payment Successed
6487,2365,2021-09-16,Payment Successed
6488,21179,2023-02-03,Payment Successed
6489,14789,2021-05-24,Payment Successed
6490,10425,2021-06-03,Payment Successed
6491,19056,2023-10-03,Payment Successed
6492,14630,2022-09-18,Payment Successed
6493,10207,2020-03-06,Payment Successed
6495,497,2020-11-03,Payment Successed
6498,13435,2023-09-08,Payment Successed
6499,8683,2023-12-13,Payment Successed
6501,20598,2022-08-30,Payment Successed
6502,17955,2023-08-10,Payment Successed
6503,4959,2020-10-29,Payment Successed
6504,7393,2020-07-06,Payment Successed
6507,17622,2023-05-07,Payment Successed
6508,19244,2022-02-04,Payment Successed
7347,12609,2022-10-18,Payment Pending
7355,11961,2020-05-15,Payment Pending
7360,20941,2023-05-13,Payment Pending
7363,10478,2020-08-06,Payment Pending
7364,3265,2022-10-29,Payment Pending
7373,13790,2021-09-23,Payment Pending
7375,18570,2021-07-03,Payment Pending
7376,15768,2021-12-02,Payment Pending
7379,442,2021-07-06,Payment Pending
7380,15327,2022-10-24,Payment Pending
7386,5435,2020-11-02,Payment Pending
7392,11769,2021-08-16,Payment Pending
7401,15556,2021-07-07,Payment Pending
7403,12141,2022-10-28,Payment Pending
7405,13285,2020-05-02,Payment Pending
7408,14758,2022-08-12,Payment Pending
7410,20891,2021-08-28,Payment Pending
7414,7424,2021-07-24,Payment Pending
7415,2149,2021-01-31,Payment Pending
7420,9850,2023-08-03,Payment Pending
7428,9268,2022-04-13,Payment Pending
7431,7895,2021-03-20,Payment Pending
7434,18165,2023-08-27,Payment Pending
7438,8919,2023-12-30,Payment Pending
7441,3901,2023-01-27,Payment Pending
7448,4466,2020-05-01,Payment Pending
7449,11730,2021-05-06,Payment Pending
7457,6499,2022-06-21,Payment Pending
7464,18480,2021-03-12,Payment Pending
7466,19700,2020-11-29,Payment Pending
7469,13686,2021-11-07,Payment Pending
7476,1066,2021-08-06,Payment Pending
7480,4337,2022-08-01,Payment Pending
7481,11044,2021-12-06,Payment Pending
6510,9261,2020-01-09,Payment Successed
6513,16993,2022-06-22,Payment Successed
6516,17852,2021-08-28,Payment Successed
6517,508,2020-05-12,Payment Successed
6522,20045,2022-11-08,Payment Successed
6524,6475,2023-10-22,Payment Successed
6526,18723,2020-11-13,Payment Successed
6527,19743,2022-03-12,Payment Successed
6528,5727,2021-04-30,Payment Successed
6529,17597,2021-03-16,Payment Successed
6530,9671,2021-03-27,Payment Successed
6533,8450,2023-10-30,Payment Successed
6534,16622,2022-11-22,Payment Successed
6538,2098,2022-03-12,Payment Successed
6539,3383,2022-04-28,Payment Successed
6541,14689,2020-08-04,Payment Successed
6542,7332,2020-08-01,Payment Successed
6544,20728,2020-06-07,Payment Successed
6545,369,2022-04-01,Payment Successed
6547,15448,2023-11-25,Payment Successed
6549,5008,2023-12-30,Payment Successed
6553,15880,2020-12-20,Payment Successed
6554,6846,2021-10-19,Payment Successed
6562,15958,2023-01-08,Payment Successed
6563,17341,2021-03-22,Payment Successed
6564,6649,2021-03-23,Payment Successed
6566,7204,2020-12-02,Payment Successed
6568,5523,2021-10-08,Payment Successed
6570,5398,2023-09-03,Payment Successed
6571,13834,2022-08-26,Payment Successed
6572,12790,2021-08-24,Payment Successed
6573,8699,2020-04-22,Payment Successed
6575,16110,2023-04-22,Payment Successed
6576,7709,2020-09-22,Payment Successed
6577,1445,2023-10-18,Payment Successed
6578,19438,2023-03-20,Payment Successed
6582,17742,2021-12-11,Payment Successed
6583,18808,2022-05-20,Payment Successed
6586,7536,2020-12-17,Payment Successed
6587,9921,2020-02-02,Payment Successed
6590,9088,2020-04-17,Payment Successed
6591,21127,2020-06-30,Payment Successed
6594,9668,2022-07-12,Payment Successed
6596,20853,2021-10-30,Payment Successed
6599,18415,2020-12-08,Payment Successed
6600,7744,2022-12-15,Payment Successed
6601,4154,2021-12-18,Payment Successed
6602,18924,2022-02-15,Payment Successed
6603,5756,2023-07-06,Payment Successed
6605,14920,2021-05-15,Payment Successed
7483,3647,2023-08-09,Payment Failed
7536,14584,2021-04-22,Payment Failed
7555,16986,2020-08-26,Payment Failed
7556,1368,2023-08-31,Payment Failed
7598,10599,2023-06-12,Payment Failed
7601,10594,2020-12-03,Payment Failed
7593,9604,2021-09-30,Refunded
6606,10544,2023-11-22,Payment Successed
6610,9820,2023-09-20,Payment Successed
6611,19416,2023-01-31,Payment Successed
6613,10471,2021-02-21,Payment Successed
6614,1149,2021-01-24,Payment Successed
6615,11619,2020-03-02,Payment Successed
6616,20939,2023-11-15,Payment Successed
6621,15210,2021-01-05,Payment Successed
6624,9648,2020-09-25,Payment Successed
6625,19981,2020-06-12,Payment Successed
6627,3920,2020-05-22,Payment Successed
6628,2528,2020-01-09,Payment Successed
6629,5507,2022-12-18,Payment Successed
6630,4962,2022-11-23,Payment Successed
6631,11932,2021-01-06,Payment Successed
6632,18439,2023-07-21,Payment Successed
6633,9902,2020-03-24,Payment Successed
6635,4496,2021-03-10,Payment Successed
6636,7626,2020-11-09,Payment Successed
6640,3033,2021-11-18,Payment Successed
6643,8986,2020-07-02,Payment Successed
6645,17485,2023-10-15,Payment Successed
6646,11243,2021-06-01,Payment Successed
6649,18564,2020-02-02,Payment Successed
6651,17359,2020-11-10,Payment Successed
6652,3074,2023-02-25,Payment Successed
6655,9943,2020-04-15,Payment Successed
6656,21130,2023-10-16,Payment Successed
6658,547,2020-06-17,Payment Successed
6659,7566,2023-07-08,Payment Successed
6660,14167,2021-01-21,Payment Successed
6661,16323,2023-07-15,Payment Successed
6665,6146,2020-09-01,Payment Successed
6666,18080,2020-09-29,Payment Successed
6667,6985,2022-08-05,Payment Successed
6669,20899,2022-02-13,Payment Successed
6670,3784,2020-02-05,Payment Successed
6671,16760,2020-01-13,Payment Successed
6673,4749,2021-09-02,Payment Successed
6675,2970,2021-12-28,Payment Successed
6676,1392,2021-07-16,Payment Successed
6677,15384,2023-05-10,Payment Successed
6678,13296,2023-01-20,Payment Successed
6681,18864,2022-12-05,Payment Successed
6682,21321,2023-09-06,Payment Successed
6687,13690,2020-10-27,Payment Successed
6688,21387,2023-03-10,Payment Successed
6689,249,2021-06-19,Payment Successed
6690,17106,2023-05-08,Payment Successed
6694,4952,2020-07-09,Payment Successed
6695,11277,2021-08-03,Payment Successed
6696,19830,2021-01-08,Payment Successed
6697,18757,2023-01-27,Payment Successed
6698,20999,2022-02-03,Payment Successed
7484,16948,2022-02-14,Payment Pending
7487,435,2021-04-21,Payment Pending
7497,4302,2023-01-05,Payment Pending
7500,2501,2022-04-14,Payment Pending
7503,1996,2021-06-17,Payment Pending
7506,18918,2023-03-15,Payment Pending
7509,17191,2022-08-10,Payment Pending
7510,11657,2021-01-02,Payment Pending
7511,10027,2021-12-15,Payment Pending
7512,3614,2023-07-14,Payment Pending
7519,18425,2021-03-12,Payment Pending
7522,4088,2021-06-21,Payment Pending
7523,18403,2021-04-18,Payment Pending
7525,9542,2021-06-10,Payment Pending
7527,12503,2020-05-11,Payment Pending
7528,10744,2021-07-03,Payment Pending
7529,1226,2023-06-21,Payment Pending
7531,21084,2021-11-22,Payment Pending
7532,9438,2023-12-01,Payment Pending
7538,1537,2020-04-12,Payment Pending
7540,5420,2020-02-14,Payment Pending
7541,6069,2023-04-08,Payment Pending
7543,2753,2020-09-10,Payment Pending
7546,1511,2020-09-01,Payment Pending
7547,10025,2021-05-19,Payment Pending
7552,14824,2022-12-25,Payment Pending
7557,18429,2022-08-20,Payment Pending
7558,5332,2022-11-13,Payment Pending
7561,9979,2023-06-30,Payment Pending
7562,18910,2020-04-16,Payment Pending
7564,977,2023-04-15,Payment Pending
7565,3579,2022-05-16,Payment Pending
7569,3898,2021-12-12,Payment Pending
7570,4611,2023-01-16,Payment Pending
7571,10426,2020-01-08,Payment Pending
7572,20430,2020-04-17,Payment Pending
7575,6011,2021-01-18,Payment Pending
7577,1211,2023-01-10,Payment Pending
7579,19687,2021-03-10,Payment Pending
7583,2677,2022-09-23,Payment Pending
7586,2290,2022-10-18,Payment Pending
7587,13083,2020-06-22,Payment Pending
7588,18152,2021-05-26,Payment Pending
7589,4224,2021-01-26,Payment Pending
7594,6491,2020-08-05,Payment Pending
7596,7409,2021-05-17,Payment Pending
7597,11328,2022-04-27,Payment Pending
7599,12297,2023-05-11,Payment Pending
7603,18426,2023-03-01,Payment Pending
7607,8659,2023-09-05,Payment Pending
7610,16588,2020-05-28,Payment Pending
7611,12782,2022-07-07,Payment Pending
7613,8868,2022-11-07,Payment Pending
7615,5536,2022-01-22,Payment Pending
7616,8237,2021-01-10,Payment Pending
6699,12408,2023-11-05,Payment Successed
6702,13106,2022-10-24,Payment Successed
6704,20457,2022-12-14,Payment Successed
6708,16508,2023-02-03,Payment Successed
6709,18610,2022-07-07,Payment Successed
6710,10272,2021-03-06,Payment Successed
6711,166,2023-03-11,Payment Successed
6714,18155,2022-04-15,Payment Successed
6718,17304,2022-07-11,Payment Successed
6719,12843,2023-08-24,Payment Successed
6722,8838,2022-06-27,Payment Successed
6725,16487,2022-06-07,Payment Successed
6726,13616,2023-10-16,Payment Successed
6731,8384,2023-10-27,Payment Successed
6734,9879,2022-06-15,Payment Successed
7661,18210,2020-02-29,Payment Failed
7670,21523,2023-08-23,Payment Failed
7685,13921,2023-08-16,Payment Failed
7694,17316,2022-08-30,Payment Failed
7696,527,2022-09-19,Payment Failed
7710,2385,2022-09-15,Payment Failed
7711,15114,2021-08-16,Payment Failed
7713,14868,2020-06-12,Payment Failed
7716,16499,2021-10-25,Payment Failed
7719,4019,2021-10-08,Payment Failed
7732,4532,2021-02-07,Payment Failed
7740,4530,2021-04-03,Payment Failed
7742,6228,2023-06-24,Payment Failed
7748,17306,2022-01-09,Payment Failed
7749,14292,2023-07-17,Payment Failed
7700,2261,2020-10-11,Refunded
7729,4293,2022-02-25,Refunded
7741,1437,2020-02-21,Refunded
6739,2529,2022-07-09,Payment Successed
6740,9693,2022-08-23,Payment Successed
6741,1745,2021-07-01,Payment Successed
6742,4255,2023-07-22,Payment Successed
6744,15417,2023-09-29,Payment Successed
6745,3031,2020-12-22,Payment Successed
6746,3289,2023-12-26,Payment Successed
6748,4152,2021-03-25,Payment Successed
6749,20656,2021-12-24,Payment Successed
6751,21242,2022-02-07,Payment Successed
6755,8545,2021-05-09,Payment Successed
6756,7444,2023-12-24,Payment Successed
6760,16249,2021-12-24,Payment Successed
6763,8245,2021-06-18,Payment Successed
6765,10545,2021-09-22,Payment Successed
6767,7928,2022-06-05,Payment Successed
6768,5134,2022-09-04,Payment Successed
6770,6788,2021-12-15,Payment Successed
6771,12710,2021-01-26,Payment Successed
6772,15642,2021-10-03,Payment Successed
6774,8259,2020-12-30,Payment Successed
6775,8377,2021-07-12,Payment Successed
6776,2706,2022-01-05,Payment Successed
6777,4481,2021-02-16,Payment Successed
6779,16552,2022-01-13,Payment Successed
6782,531,2020-06-02,Payment Successed
6784,7346,2020-03-20,Payment Successed
6785,7531,2020-08-01,Payment Successed
6791,451,2020-03-24,Payment Successed
6792,19630,2023-06-26,Payment Successed
6793,15952,2022-12-19,Payment Successed
6794,15722,2021-01-15,Payment Successed
6796,11937,2022-12-24,Payment Successed
6798,3410,2021-03-28,Payment Successed
7619,19884,2023-03-04,Payment Pending
7622,6947,2023-01-07,Payment Pending
7623,21505,2023-05-14,Payment Pending
7625,19908,2023-11-05,Payment Pending
7629,6718,2022-04-09,Payment Pending
7630,1340,2021-02-01,Payment Pending
7634,3300,2023-01-25,Payment Pending
7635,11728,2023-12-07,Payment Pending
7637,16027,2020-01-24,Payment Pending
7640,17986,2021-07-23,Payment Pending
7643,658,2021-05-22,Payment Pending
7647,16373,2020-11-02,Payment Pending
7652,9928,2022-07-21,Payment Pending
7656,7408,2021-02-19,Payment Pending
7659,2206,2021-04-21,Payment Pending
7663,12400,2023-03-13,Payment Pending
7681,13585,2020-06-07,Payment Pending
7682,14941,2021-04-07,Payment Pending
7686,9807,2023-03-10,Payment Pending
7687,13270,2021-09-12,Payment Pending
7693,10532,2023-12-31,Payment Pending
7697,820,2021-05-07,Payment Pending
7698,792,2020-06-23,Payment Pending
7704,3158,2022-07-02,Payment Pending
7706,2956,2023-03-15,Payment Pending
7709,6739,2023-12-23,Payment Pending
7717,7637,2020-06-26,Payment Pending
7718,21403,2022-07-23,Payment Pending
7720,16035,2020-01-05,Payment Pending
7722,10151,2021-03-18,Payment Pending
7723,21540,2023-02-08,Payment Pending
7727,4616,2022-10-20,Payment Pending
7731,180,2020-08-20,Payment Pending
7735,20009,2020-01-10,Payment Pending
7737,2832,2023-10-01,Payment Pending
7739,11236,2023-09-05,Payment Pending
7744,933,2020-08-05,Payment Pending
7750,15917,2020-12-28,Payment Pending
6800,15882,2023-07-25,Payment Successed
6803,6374,2022-02-23,Payment Successed
6804,11467,2021-08-19,Payment Successed
6808,5503,2021-03-17,Payment Successed
6812,8379,2022-09-11,Payment Successed
6813,8034,2020-07-12,Payment Successed
6815,5904,2020-12-25,Payment Successed
6818,12579,2022-03-07,Payment Successed
6821,8168,2023-10-06,Payment Successed
6822,5747,2020-12-29,Payment Successed
6823,8114,2022-07-26,Payment Successed
6824,10248,2021-07-24,Payment Successed
6827,12759,2022-08-21,Payment Successed
6828,3724,2021-01-22,Payment Successed
6831,12484,2022-09-09,Payment Successed
6832,8681,2022-09-09,Payment Successed
6833,4035,2020-04-25,Payment Successed
6834,20611,2023-08-24,Payment Successed
6836,17481,2021-07-11,Payment Successed
6837,2514,2022-02-26,Payment Successed
6839,685,2022-12-06,Payment Successed
6840,3431,2023-10-12,Payment Successed
6845,11934,2021-11-05,Payment Successed
6846,17467,2020-11-19,Payment Successed
6847,8080,2023-08-09,Payment Successed
6848,15474,2023-04-22,Payment Successed
6849,19841,2022-12-01,Payment Successed
6852,4367,2023-12-18,Payment Successed
6853,1814,2023-02-23,Payment Successed
6854,15320,2022-05-25,Payment Successed
6857,132,2022-01-06,Payment Successed
6860,13567,2022-12-06,Payment Successed
6866,6034,2022-04-15,Payment Successed
6872,11683,2023-06-19,Payment Successed
6873,5004,2022-03-30,Payment Successed
6877,11401,2023-12-12,Payment Successed
6879,11679,2020-12-29,Payment Successed
6880,15085,2022-12-29,Payment Successed
7769,4079,2022-09-02,Payment Failed
7812,21091,2020-01-07,Payment Failed
7814,19165,2021-02-25,Payment Failed
7859,19856,2023-04-05,Payment Failed
7862,7612,2022-07-28,Payment Failed
7863,16231,2023-10-12,Payment Failed
7872,12899,2023-03-09,Payment Failed
7877,6234,2020-04-04,Payment Failed
7889,8214,2022-02-12,Payment Failed
7758,487,2022-03-26,Refunded
7761,616,2022-09-02,Refunded
7790,14327,2022-01-12,Refunded
7808,6556,2023-11-23,Refunded
7873,5090,2022-09-03,Refunded
7887,14044,2021-06-15,Refunded
6882,16785,2023-09-14,Payment Successed
6883,21172,2021-05-13,Payment Successed
6884,13738,2020-03-20,Payment Successed
6885,8691,2022-12-24,Payment Successed
6886,12708,2023-05-10,Payment Successed
6887,13899,2021-05-19,Payment Successed
6889,5278,2022-07-29,Payment Successed
6891,17616,2020-01-23,Payment Successed
6892,3979,2023-10-05,Payment Successed
6893,10255,2020-01-15,Payment Successed
6894,9571,2020-08-06,Payment Successed
6897,20079,2020-03-06,Payment Successed
6898,17180,2022-11-09,Payment Successed
6899,17678,2020-03-27,Payment Successed
6900,11348,2020-12-02,Payment Successed
6901,17366,2021-01-14,Payment Successed
6904,9635,2021-01-09,Payment Successed
6907,7403,2022-09-06,Payment Successed
6909,12325,2022-03-31,Payment Successed
6910,321,2021-01-16,Payment Successed
6911,21568,2021-08-25,Payment Successed
6912,20157,2022-10-02,Payment Successed
6913,16149,2020-02-24,Payment Successed
6914,4734,2020-09-09,Payment Successed
6917,7169,2020-11-19,Payment Successed
6922,13805,2021-11-28,Payment Successed
6923,14280,2022-08-27,Payment Successed
6925,11699,2021-02-24,Payment Successed
6926,17769,2022-01-26,Payment Successed
6928,16543,2022-06-25,Payment Successed
6929,20555,2020-03-29,Payment Successed
6932,18805,2021-06-05,Payment Successed
6933,1298,2023-07-10,Payment Successed
6934,18698,2021-11-24,Payment Successed
6935,7313,2023-01-20,Payment Successed
6937,5209,2021-10-30,Payment Successed
6938,4480,2021-09-11,Payment Successed
6940,7379,2022-03-03,Payment Successed
6941,18201,2023-11-04,Payment Successed
6948,12104,2023-11-12,Payment Successed
6950,9395,2022-09-02,Payment Successed
6952,2233,2023-11-05,Payment Successed
6953,3760,2022-01-11,Payment Successed
7754,10746,2023-10-10,Payment Pending
7756,7723,2022-12-25,Payment Pending
7759,14879,2022-12-21,Payment Pending
7763,1416,2021-01-28,Payment Pending
7766,796,2022-08-19,Payment Pending
7768,5443,2021-10-18,Payment Pending
7770,19914,2022-06-06,Payment Pending
7771,13143,2020-08-18,Payment Pending
7775,6550,2021-01-31,Payment Pending
7776,13915,2020-03-30,Payment Pending
7777,11322,2021-11-30,Payment Pending
7780,171,2021-08-16,Payment Pending
7781,4850,2021-06-22,Payment Pending
7783,21107,2022-03-31,Payment Pending
7785,10495,2022-05-13,Payment Pending
7788,1147,2020-12-27,Payment Pending
7791,182,2022-09-15,Payment Pending
7799,11240,2020-07-21,Payment Pending
7802,9597,2022-05-04,Payment Pending
7806,4976,2021-05-28,Payment Pending
7807,10704,2022-04-05,Payment Pending
7815,20893,2023-11-22,Payment Pending
7816,4655,2022-04-30,Payment Pending
7817,21126,2020-05-31,Payment Pending
7818,8135,2020-08-18,Payment Pending
7819,20840,2021-12-21,Payment Pending
7825,19944,2023-02-10,Payment Pending
7826,2530,2022-01-06,Payment Pending
7832,10951,2023-12-01,Payment Pending
7834,7856,2020-02-17,Payment Pending
7835,8908,2020-07-23,Payment Pending
7837,15706,2020-09-20,Payment Pending
7841,12824,2021-01-01,Payment Pending
7844,12471,2023-11-22,Payment Pending
7846,5957,2021-12-13,Payment Pending
7850,489,2023-07-07,Payment Pending
7855,7056,2023-01-07,Payment Pending
7857,7122,2020-01-23,Payment Pending
7860,5192,2022-06-26,Payment Pending
7864,11382,2023-12-31,Payment Pending
7865,7628,2021-12-24,Payment Pending
7866,568,2022-11-09,Payment Pending
7867,909,2020-06-26,Payment Pending
7880,7932,2020-08-06,Payment Pending
7882,4192,2023-05-30,Payment Pending
7883,19371,2020-09-09,Payment Pending
7884,6174,2020-11-06,Payment Pending
7886,3174,2020-02-02,Payment Pending
7888,676,2022-08-18,Payment Pending
6955,20071,2023-10-06,Payment Successed
6958,3863,2022-02-04,Payment Successed
6959,17157,2021-02-12,Payment Successed
6965,17693,2021-09-28,Payment Successed
6967,19265,2023-03-20,Payment Successed
6972,7869,2022-10-14,Payment Successed
6975,4240,2022-06-24,Payment Successed
6978,12082,2022-10-27,Payment Successed
6979,3592,2021-02-13,Payment Successed
6981,14295,2022-03-21,Payment Successed
6983,19973,2021-07-08,Payment Successed
6984,15102,2023-07-19,Payment Successed
6986,19716,2023-10-18,Payment Successed
6988,2675,2022-06-05,Payment Successed
6990,5247,2023-10-04,Payment Successed
6993,19754,2020-11-10,Payment Successed
6995,18769,2021-11-25,Payment Successed
6996,11257,2022-03-30,Payment Successed
6999,3521,2020-08-02,Payment Successed
7001,1697,2020-01-22,Payment Successed
7893,15436,2022-12-19,Payment Failed
7911,16488,2021-07-22,Payment Failed
7940,12587,2022-10-11,Payment Failed
7945,3532,2020-03-16,Payment Failed
7947,5424,2021-02-03,Payment Failed
7957,13375,2020-10-23,Payment Failed
7960,7210,2022-09-22,Payment Failed
7961,6419,2023-07-19,Payment Failed
7965,14422,2023-04-11,Payment Failed
7973,17018,2020-03-11,Payment Failed
7981,6235,2023-03-21,Payment Failed
8007,5250,2023-09-29,Payment Failed
8009,18687,2022-02-17,Payment Failed
8016,4223,2020-09-26,Payment Failed
7909,6076,2020-10-15,Refunded
7936,9700,2023-09-21,Refunded
7986,18532,2022-01-17,Refunded
7003,16743,2022-01-23,Payment Successed
7004,20419,2023-11-03,Payment Successed
7005,14231,2022-07-17,Payment Successed
7009,19899,2021-12-18,Payment Successed
7010,2569,2023-03-25,Payment Successed
7013,15666,2021-07-06,Payment Successed
7014,11629,2023-10-09,Payment Successed
7016,2750,2023-03-09,Payment Successed
7022,16410,2020-11-05,Payment Successed
7028,11762,2020-08-07,Payment Successed
7032,1271,2021-06-11,Payment Successed
7033,16506,2022-11-16,Payment Successed
7034,12558,2021-01-17,Payment Successed
7038,15819,2023-01-20,Payment Successed
7039,14533,2021-09-24,Payment Successed
7040,21086,2023-12-08,Payment Successed
7041,5524,2023-01-16,Payment Successed
7044,13256,2022-03-12,Payment Successed
7046,12095,2023-09-22,Payment Successed
7050,16447,2021-06-30,Payment Successed
7051,1381,2021-07-18,Payment Successed
7052,2958,2022-03-04,Payment Successed
7056,5040,2022-07-04,Payment Successed
7057,10297,2023-02-24,Payment Successed
7059,5074,2020-06-24,Payment Successed
7064,8740,2020-03-31,Payment Successed
7067,278,2023-01-11,Payment Successed
7069,4369,2020-11-01,Payment Successed
7070,13661,2022-01-31,Payment Successed
7073,2049,2020-06-04,Payment Successed
7074,15962,2022-10-14,Payment Successed
7075,6278,2020-08-19,Payment Successed
7077,8704,2021-08-19,Payment Successed
7079,7539,2023-05-26,Payment Successed
7080,1873,2020-08-22,Payment Successed
7082,3665,2023-07-20,Payment Successed
7084,4217,2021-11-28,Payment Successed
7085,3995,2022-06-22,Payment Successed
7089,3682,2023-11-01,Payment Successed
7091,12982,2021-09-01,Payment Successed
7092,16197,2023-09-04,Payment Successed
7093,16835,2021-10-23,Payment Successed
7094,8572,2021-02-16,Payment Successed
7095,6433,2021-12-16,Payment Successed
7096,5296,2022-06-29,Payment Successed
7890,20806,2022-05-17,Payment Pending
7891,15734,2020-11-15,Payment Pending
7894,15619,2021-11-09,Payment Pending
7896,15930,2023-10-24,Payment Pending
7898,4103,2023-05-19,Payment Pending
7899,20447,2020-11-16,Payment Pending
7904,18784,2020-07-13,Payment Pending
7905,13260,2020-12-23,Payment Pending
7908,14117,2023-09-05,Payment Pending
7915,818,2020-12-18,Payment Pending
7916,19523,2023-02-11,Payment Pending
7917,9017,2021-03-04,Payment Pending
7919,9638,2020-09-09,Payment Pending
7924,10397,2023-08-20,Payment Pending
7926,7213,2020-09-02,Payment Pending
7927,7650,2022-08-08,Payment Pending
7930,21204,2021-11-19,Payment Pending
7931,8727,2020-07-08,Payment Pending
7933,9514,2022-01-17,Payment Pending
7939,378,2023-07-10,Payment Pending
7946,17902,2023-08-23,Payment Pending
7950,7655,2023-11-01,Payment Pending
7951,17460,2021-07-25,Payment Pending
7952,10644,2020-08-07,Payment Pending
7956,1175,2023-06-25,Payment Pending
7963,974,2022-01-16,Payment Pending
7964,10507,2021-07-11,Payment Pending
7966,15513,2022-08-27,Payment Pending
7967,2682,2020-12-12,Payment Pending
7977,19728,2021-01-01,Payment Pending
7980,16777,2023-10-07,Payment Pending
7983,10859,2021-02-22,Payment Pending
7984,7303,2022-07-16,Payment Pending
7996,3722,2020-06-04,Payment Pending
7998,21354,2020-07-27,Payment Pending
7999,1267,2022-01-05,Payment Pending
8000,20669,2021-10-01,Payment Pending
8003,14731,2021-01-26,Payment Pending
8005,3284,2020-03-02,Payment Pending
8010,8860,2021-06-26,Payment Pending
8012,13766,2020-10-07,Payment Pending
8017,14998,2020-04-07,Payment Pending
8018,13101,2022-04-24,Payment Pending
8019,16713,2023-01-16,Payment Pending
8020,15311,2023-01-12,Payment Pending
8021,14865,2020-06-21,Payment Pending
8024,2637,2022-11-29,Payment Pending
8025,16694,2022-01-21,Payment Pending
7099,1013,2021-10-21,Payment Successed
7101,21253,2021-01-21,Payment Successed
7104,11541,2023-05-15,Payment Successed
7106,20589,2021-12-11,Payment Successed
7108,10675,2021-02-17,Payment Successed
7109,1434,2023-10-27,Payment Successed
7110,4049,2020-12-01,Payment Successed
7112,577,2022-01-22,Payment Successed
7113,7556,2023-12-26,Payment Successed
7114,18778,2022-01-08,Payment Successed
7115,7725,2020-01-21,Payment Successed
7117,7728,2023-08-07,Payment Successed
7118,12688,2021-01-18,Payment Successed
7119,17718,2021-06-18,Payment Successed
7120,4400,2020-11-19,Payment Successed
7121,21628,2021-09-29,Payment Successed
7125,11286,2023-04-20,Payment Successed
7126,3181,2020-05-18,Payment Successed
7127,455,2023-06-27,Payment Successed
8044,2301,2022-09-10,Payment Failed
8070,14530,2021-10-29,Payment Failed
8090,4473,2021-07-21,Payment Failed
8118,14417,2023-06-17,Payment Failed
8123,638,2023-02-04,Payment Failed
8132,21236,2020-12-16,Payment Failed
8143,1811,2020-10-28,Payment Failed
8156,5191,2023-09-29,Payment Failed
8095,11506,2020-01-25,Refunded
8114,4538,2023-09-14,Refunded
7130,5312,2022-07-27,Payment Successed
7131,4268,2022-01-12,Payment Successed
7132,3706,2022-10-13,Payment Successed
7136,11877,2021-01-01,Payment Successed
7137,6305,2020-03-16,Payment Successed
7139,20096,2022-06-11,Payment Successed
7140,16751,2021-08-24,Payment Successed
7143,16670,2020-07-05,Payment Successed
7145,20377,2021-07-04,Payment Successed
7146,13519,2021-10-25,Payment Successed
7148,7463,2022-04-28,Payment Successed
7152,10165,2023-02-20,Payment Successed
7154,6356,2020-01-05,Payment Successed
7155,19990,2020-03-01,Payment Successed
7157,16297,2023-11-03,Payment Successed
7159,13251,2023-02-02,Payment Successed
7160,392,2022-03-25,Payment Successed
7161,2835,2022-04-05,Payment Successed
7163,19292,2020-07-24,Payment Successed
7164,15396,2020-02-01,Payment Successed
7165,255,2023-03-04,Payment Successed
7166,8655,2022-06-25,Payment Successed
7167,11335,2021-09-10,Payment Successed
7173,20461,2020-07-08,Payment Successed
7174,16312,2023-04-12,Payment Successed
7176,16998,2022-10-18,Payment Successed
7178,4474,2020-01-21,Payment Successed
7180,14982,2023-12-19,Payment Successed
7182,21219,2021-12-20,Payment Successed
7184,16723,2022-01-02,Payment Successed
7188,13821,2023-05-21,Payment Successed
7189,12556,2023-10-19,Payment Successed
7190,7687,2021-09-24,Payment Successed
7191,306,2022-07-19,Payment Successed
7192,12078,2023-08-25,Payment Successed
7194,397,2021-11-13,Payment Successed
7195,21075,2021-05-18,Payment Successed
7196,4292,2020-09-07,Payment Successed
7198,10687,2022-08-23,Payment Successed
7201,9560,2023-07-19,Payment Successed
7203,5410,2021-09-14,Payment Successed
7204,2929,2022-10-03,Payment Successed
7211,15113,2021-12-23,Payment Successed
7213,12551,2023-04-30,Payment Successed
8027,17635,2021-02-09,Payment Pending
8028,10866,2023-12-05,Payment Pending
8034,468,2021-08-20,Payment Pending
8041,5865,2022-01-30,Payment Pending
8042,13526,2023-07-26,Payment Pending
8048,10112,2022-10-06,Payment Pending
8050,19370,2020-05-24,Payment Pending
8053,10448,2020-08-07,Payment Pending
8057,9908,2021-06-07,Payment Pending
8058,11112,2021-05-15,Payment Pending
8060,6148,2021-09-22,Payment Pending
8061,8810,2021-02-21,Payment Pending
8062,18781,2021-03-10,Payment Pending
8063,8580,2023-11-14,Payment Pending
8065,19709,2022-08-23,Payment Pending
8071,15132,2022-01-28,Payment Pending
8072,6580,2021-05-28,Payment Pending
8073,18044,2022-02-25,Payment Pending
8075,15813,2020-08-16,Payment Pending
8076,15675,2022-04-13,Payment Pending
8079,2244,2023-05-30,Payment Pending
8080,9474,2023-03-13,Payment Pending
8081,10198,2021-02-06,Payment Pending
8083,19692,2022-08-31,Payment Pending
8087,19582,2023-05-01,Payment Pending
8088,6801,2021-03-23,Payment Pending
8093,13044,2020-03-21,Payment Pending
8096,19286,2022-04-02,Payment Pending
8097,1981,2023-05-07,Payment Pending
8098,9283,2021-08-18,Payment Pending
8100,21297,2022-11-17,Payment Pending
8103,13348,2022-04-22,Payment Pending
8104,4396,2020-03-03,Payment Pending
8105,7586,2021-09-30,Payment Pending
8106,12686,2023-05-27,Payment Pending
8107,15353,2023-12-03,Payment Pending
8109,10431,2020-03-10,Payment Pending
8115,11687,2022-04-27,Payment Pending
8120,4869,2022-05-05,Payment Pending
8126,17938,2020-05-15,Payment Pending
8136,2399,2021-09-21,Payment Pending
8141,823,2023-09-04,Payment Pending
8142,14445,2021-08-18,Payment Pending
8146,14508,2022-06-12,Payment Pending
8155,13597,2020-10-25,Payment Pending
8157,14599,2020-09-22,Payment Pending
7214,9523,2021-09-29,Payment Successed
7216,13659,2020-05-11,Payment Successed
7217,12250,2021-05-08,Payment Successed
7218,10460,2020-10-10,Payment Successed
7219,11350,2022-10-31,Payment Successed
7220,20540,2020-07-04,Payment Successed
7224,5022,2022-09-11,Payment Successed
7228,5653,2021-04-13,Payment Successed
7229,20436,2021-05-08,Payment Successed
7231,6921,2023-03-03,Payment Successed
7234,11450,2020-10-06,Payment Successed
7235,13881,2023-08-23,Payment Successed
7236,17669,2022-05-09,Payment Successed
7237,17839,2020-10-17,Payment Successed
7239,10814,2020-05-30,Payment Successed
7241,12418,2022-10-25,Payment Successed
7243,18733,2021-05-14,Payment Successed
7245,16901,2020-11-11,Payment Successed
7246,19787,2023-12-18,Payment Successed
7247,2721,2022-08-19,Payment Successed
7249,15090,2023-09-14,Payment Successed
7250,1079,2022-03-22,Payment Successed
7251,9052,2020-05-09,Payment Successed
7252,18659,2020-11-12,Payment Successed
7253,20091,2020-10-02,Payment Successed
7260,19808,2020-11-23,Payment Successed
7261,14870,2023-11-02,Payment Successed
7264,17578,2020-05-19,Payment Successed
7265,20876,2022-03-09,Payment Successed
7268,13734,2020-05-06,Payment Successed
8204,19151,2020-11-03,Payment Failed
8235,19555,2021-12-22,Payment Failed
8256,17232,2023-07-17,Payment Failed
8266,6315,2020-01-10,Payment Failed
8277,18099,2022-05-06,Payment Failed
8278,19410,2021-07-10,Payment Failed
8168,8007,2021-12-11,Refunded
8257,8107,2021-05-16,Refunded
8259,17419,2022-11-04,Refunded
8264,13963,2020-01-14,Refunded
8286,21306,2023-12-08,Refunded
7269,7933,2020-05-11,Payment Successed
7270,3226,2023-06-07,Payment Successed
7272,11954,2022-11-06,Payment Successed
7275,7022,2021-01-09,Payment Successed
7277,18218,2022-08-13,Payment Successed
7279,14385,2021-02-11,Payment Successed
7280,6001,2022-05-24,Payment Successed
7281,3606,2020-01-11,Payment Successed
7283,11398,2020-01-31,Payment Successed
7284,10045,2023-10-02,Payment Successed
7285,1443,2022-09-25,Payment Successed
7286,14322,2020-07-12,Payment Successed
7287,13202,2022-04-07,Payment Successed
7288,13267,2021-06-15,Payment Successed
7289,1969,2022-06-15,Payment Successed
7290,18222,2020-01-03,Payment Successed
7291,8802,2022-03-15,Payment Successed
7292,3821,2021-04-29,Payment Successed
7295,510,2020-05-14,Payment Successed
7297,6197,2023-08-28,Payment Successed
7300,14440,2022-06-23,Payment Successed
7301,11896,2020-06-26,Payment Successed
7304,6077,2023-10-03,Payment Successed
7311,8748,2021-08-19,Payment Successed
7312,8036,2022-05-22,Payment Successed
7313,16478,2020-06-03,Payment Successed
7314,7567,2023-03-31,Payment Successed
7315,2462,2021-04-07,Payment Successed
7316,13054,2023-01-23,Payment Successed
7317,18763,2021-07-30,Payment Successed
7318,13935,2023-07-19,Payment Successed
7319,19505,2021-10-14,Payment Successed
7320,10512,2020-12-09,Payment Successed
7321,15729,2021-05-12,Payment Successed
7323,7027,2021-05-02,Payment Successed
7324,16389,2022-06-11,Payment Successed
7325,15220,2021-11-24,Payment Successed
7328,14539,2022-06-26,Payment Successed
7330,11880,2022-01-07,Payment Successed
7331,2865,2021-01-18,Payment Successed
7335,9290,2020-07-21,Payment Successed
7336,19499,2023-01-06,Payment Successed
7337,9556,2020-10-04,Payment Successed
7340,5912,2023-05-01,Payment Successed
7342,1290,2022-01-26,Payment Successed
8163,4277,2020-10-14,Payment Pending
7346,20605,2021-09-30,Payment Successed
8164,13187,2020-08-21,Payment Pending
7350,11616,2021-11-23,Payment Successed
7351,20705,2021-02-07,Payment Successed
7352,8408,2023-08-02,Payment Successed
7353,2948,2022-04-18,Payment Successed
7354,1836,2022-03-05,Payment Successed
7356,11716,2022-10-21,Payment Successed
8165,3775,2022-05-30,Payment Pending
8167,10418,2022-03-13,Payment Pending
8170,1987,2022-08-07,Payment Pending
8172,5735,2021-05-20,Payment Pending
8173,17086,2020-12-30,Payment Pending
8174,7937,2021-07-21,Payment Pending
8177,16884,2020-01-27,Payment Pending
8180,19320,2020-02-15,Payment Pending
8181,8893,2022-11-27,Payment Pending
8182,5146,2020-01-22,Payment Pending
8186,3228,2023-05-14,Payment Pending
8187,8440,2021-11-22,Payment Pending
8188,14301,2022-01-22,Payment Pending
8190,10745,2022-08-31,Payment Pending
8192,8085,2021-07-05,Payment Pending
8193,13068,2023-09-19,Payment Pending
8194,5447,2021-05-22,Payment Pending
8195,342,2023-04-08,Payment Pending
8199,16279,2023-04-17,Payment Pending
8201,21267,2021-11-30,Payment Pending
8202,18677,2023-09-15,Payment Pending
8205,7962,2020-01-25,Payment Pending
8207,13071,2021-12-30,Payment Pending
8209,6236,2021-07-28,Payment Pending
8210,19389,2020-12-27,Payment Pending
8215,14046,2022-04-14,Payment Pending
8220,8518,2020-03-23,Payment Pending
8222,1816,2023-02-10,Payment Pending
8225,2421,2021-08-15,Payment Pending
8226,8514,2020-04-12,Payment Pending
8228,20036,2023-12-18,Payment Pending
8229,8266,2023-07-08,Payment Pending
8230,9634,2020-09-27,Payment Pending
8231,11485,2022-06-23,Payment Pending
8232,13653,2021-12-31,Payment Pending
8233,16960,2020-06-11,Payment Pending
8239,3654,2020-09-11,Payment Pending
8241,7875,2020-02-27,Payment Pending
8244,13257,2023-01-03,Payment Pending
8246,17406,2020-01-16,Payment Pending
8248,167,2020-04-02,Payment Pending
8249,19298,2020-06-13,Payment Pending
8250,12868,2021-06-01,Payment Pending
8251,15375,2020-02-17,Payment Pending
8258,11518,2020-07-04,Payment Pending
8260,17814,2020-05-06,Payment Pending
8262,8180,2023-11-16,Payment Pending
8263,13829,2021-04-05,Payment Pending
8269,19900,2020-03-01,Payment Pending
8270,11868,2021-12-30,Payment Pending
8271,19216,2020-08-20,Payment Pending
8272,21420,2020-09-13,Payment Pending
8274,12958,2020-12-23,Payment Pending
8282,3326,2022-04-13,Payment Pending
8283,15331,2022-11-15,Payment Pending
7357,719,2022-02-24,Payment Successed
7358,13532,2023-04-19,Payment Successed
7359,10368,2022-04-02,Payment Successed
7361,2972,2022-04-08,Payment Successed
7362,4560,2020-12-20,Payment Successed
7365,19596,2022-01-07,Payment Successed
7366,10816,2021-02-04,Payment Successed
8306,2032,2022-07-31,Payment Failed
8310,3857,2022-09-26,Payment Failed
8325,10604,2020-11-04,Payment Failed
8330,8283,2020-10-30,Payment Failed
8339,7343,2021-04-19,Payment Failed
8352,6191,2023-03-25,Payment Failed
8380,10454,2020-12-02,Payment Failed
8382,18223,2021-02-09,Payment Failed
8394,12480,2020-01-07,Payment Failed
8407,15934,2022-08-27,Payment Failed
8413,8145,2022-06-29,Payment Failed
8420,20655,2020-04-28,Payment Failed
8424,9971,2021-06-12,Payment Failed
8429,5987,2023-01-04,Payment Failed
8430,12943,2023-03-08,Payment Failed
8327,3476,2021-01-03,Refunded
8361,12996,2023-05-19,Refunded
8409,2720,2022-09-13,Refunded
8422,12216,2021-10-22,Refunded
7368,14619,2021-03-03,Payment Successed
7369,16011,2022-01-13,Payment Successed
7374,9180,2023-06-18,Payment Successed
7377,6547,2021-01-20,Payment Successed
7378,19817,2021-07-22,Payment Successed
7381,858,2021-03-27,Payment Successed
7382,8662,2023-01-05,Payment Successed
7383,2268,2021-06-12,Payment Successed
7384,4503,2021-04-24,Payment Successed
7385,16438,2021-01-09,Payment Successed
7387,12253,2021-09-07,Payment Successed
7388,1649,2022-08-29,Payment Successed
7389,3635,2020-12-06,Payment Successed
7390,1986,2022-05-11,Payment Successed
7391,10287,2023-09-10,Payment Successed
7393,14075,2023-05-10,Payment Successed
7394,8884,2020-04-25,Payment Successed
7395,49,2021-09-23,Payment Successed
7396,10179,2021-07-31,Payment Successed
7397,2463,2021-08-06,Payment Successed
7398,10006,2022-08-18,Payment Successed
7399,20290,2020-11-13,Payment Successed
7400,13849,2021-08-05,Payment Successed
7402,17554,2021-09-18,Payment Successed
7404,17650,2023-11-26,Payment Successed
7406,19280,2020-11-30,Payment Successed
7409,6060,2023-08-02,Payment Successed
7411,17630,2023-11-24,Payment Successed
7412,12438,2020-09-19,Payment Successed
7413,2960,2022-08-15,Payment Successed
7416,2181,2022-05-07,Payment Successed
7417,4419,2020-04-09,Payment Successed
7418,12060,2021-12-13,Payment Successed
7421,20291,2023-12-15,Payment Successed
8298,13839,2020-11-10,Payment Pending
8299,4355,2023-06-06,Payment Pending
8305,10989,2020-03-31,Payment Pending
8307,20582,2020-02-16,Payment Pending
8309,11577,2020-10-20,Payment Pending
8312,15956,2023-07-29,Payment Pending
8315,3777,2022-06-26,Payment Pending
8316,12992,2021-03-30,Payment Pending
8319,21296,2021-06-15,Payment Pending
8323,19574,2020-06-08,Payment Pending
8328,16821,2021-06-16,Payment Pending
8329,5308,2021-02-15,Payment Pending
8332,7436,2023-02-02,Payment Pending
8335,8690,2022-03-07,Payment Pending
8336,67,2023-12-22,Payment Pending
8342,6969,2022-06-01,Payment Pending
8347,7385,2021-04-29,Payment Pending
8349,7119,2022-06-16,Payment Pending
8355,11605,2023-08-22,Payment Pending
8358,11088,2020-10-18,Payment Pending
8364,6378,2021-10-25,Payment Pending
8366,693,2022-01-13,Payment Pending
8368,2849,2021-12-27,Payment Pending
8384,7821,2022-05-23,Payment Pending
8385,20086,2023-01-14,Payment Pending
8389,5891,2020-02-28,Payment Pending
8391,12553,2023-11-14,Payment Pending
8398,5462,2022-09-14,Payment Pending
8399,8633,2020-05-15,Payment Pending
8404,17057,2023-12-25,Payment Pending
8408,6134,2023-08-07,Payment Pending
8412,3795,2020-01-31,Payment Pending
8414,13000,2022-12-12,Payment Pending
8416,8191,2023-04-19,Payment Pending
8418,11749,2023-03-13,Payment Pending
8419,14072,2022-12-04,Payment Pending
8423,3049,2020-08-08,Payment Pending
8426,985,2020-10-13,Payment Pending
8431,3361,2022-05-24,Payment Pending
7422,5836,2022-02-15,Payment Successed
7424,20793,2022-11-16,Payment Successed
7425,16554,2021-11-14,Payment Successed
7427,9705,2021-04-14,Payment Successed
7429,6477,2020-12-08,Payment Successed
7432,5115,2023-07-26,Payment Successed
7433,6366,2022-11-24,Payment Successed
7436,8851,2023-09-21,Payment Successed
7437,20037,2022-01-31,Payment Successed
7439,14197,2020-06-11,Payment Successed
7440,16961,2022-05-23,Payment Successed
7442,20129,2023-09-05,Payment Successed
7443,9583,2023-10-02,Payment Successed
7444,2760,2023-11-06,Payment Successed
7445,3887,2022-04-16,Payment Successed
7446,5395,2021-05-28,Payment Successed
7447,17872,2020-10-30,Payment Successed
7450,13365,2020-06-21,Payment Successed
7451,21235,2021-08-18,Payment Successed
7452,16431,2022-04-19,Payment Successed
7453,18007,2022-11-22,Payment Successed
7454,8901,2020-09-02,Payment Successed
7456,15636,2023-04-27,Payment Successed
7458,2345,2022-09-01,Payment Successed
7459,6092,2023-12-24,Payment Successed
7461,7013,2023-03-28,Payment Successed
7462,4591,2022-04-26,Payment Successed
7463,15411,2023-03-25,Payment Successed
7465,8921,2020-12-04,Payment Successed
7467,11077,2022-06-29,Payment Successed
7468,14697,2022-08-27,Payment Successed
7470,18626,2022-02-13,Payment Successed
7471,13182,2022-08-02,Payment Successed
7472,18974,2020-12-24,Payment Successed
7473,6573,2022-09-08,Payment Successed
8483,18171,2020-07-22,Payment Failed
8486,2000,2021-06-12,Payment Failed
8519,13869,2020-02-17,Payment Failed
8558,1838,2022-09-07,Payment Failed
8561,13871,2023-03-11,Payment Failed
8564,13997,2022-11-21,Payment Failed
8460,12363,2021-07-28,Refunded
8464,10449,2021-09-13,Refunded
8497,10756,2022-10-14,Refunded
8534,14823,2023-09-01,Refunded
8537,10142,2021-10-06,Refunded
7474,9243,2023-11-25,Payment Successed
7475,10883,2020-05-18,Payment Successed
7478,7889,2020-02-26,Payment Successed
7479,20448,2023-08-07,Payment Successed
7482,20523,2021-06-02,Payment Successed
7485,15837,2022-11-15,Payment Successed
7486,3574,2021-04-22,Payment Successed
7488,20004,2022-10-10,Payment Successed
7489,15360,2021-05-30,Payment Successed
7490,3421,2022-08-04,Payment Successed
7491,20300,2020-05-12,Payment Successed
7492,12970,2023-02-13,Payment Successed
7493,10663,2022-12-15,Payment Successed
7494,2459,2021-12-14,Payment Successed
7495,5611,2020-05-11,Payment Successed
7496,14437,2020-02-18,Payment Successed
7498,8258,2022-05-30,Payment Successed
7499,10716,2022-09-13,Payment Successed
7501,15624,2020-07-24,Payment Successed
7502,15133,2021-11-23,Payment Successed
7504,15973,2021-08-29,Payment Successed
7505,6002,2021-12-01,Payment Successed
7507,11843,2021-02-22,Payment Successed
7508,6031,2022-02-08,Payment Successed
7513,9831,2023-12-22,Payment Successed
7514,10767,2020-03-25,Payment Successed
7515,9202,2021-12-10,Payment Successed
7516,19269,2022-11-29,Payment Successed
7517,3259,2022-02-18,Payment Successed
7518,3418,2020-01-07,Payment Successed
7520,1765,2022-10-02,Payment Successed
7521,890,2021-07-29,Payment Successed
7524,21147,2021-01-18,Payment Successed
7526,5011,2022-04-29,Payment Successed
7530,5525,2022-11-26,Payment Successed
7533,3927,2020-11-04,Payment Successed
7534,9632,2020-01-24,Payment Successed
7535,3272,2020-05-16,Payment Successed
7537,17261,2022-02-09,Payment Successed
7539,21310,2023-03-19,Payment Successed
7542,5451,2022-04-16,Payment Successed
7544,6100,2023-10-30,Payment Successed
7545,439,2021-10-14,Payment Successed
7548,13157,2023-05-13,Payment Successed
8434,10332,2023-11-01,Payment Pending
8435,4627,2021-12-13,Payment Pending
8437,2327,2022-01-23,Payment Pending
8439,11342,2020-11-08,Payment Pending
8440,18662,2021-01-27,Payment Pending
8448,11096,2021-07-23,Payment Pending
8450,9023,2022-06-03,Payment Pending
8451,15068,2021-04-15,Payment Pending
8452,2177,2022-03-14,Payment Pending
8454,6218,2023-03-29,Payment Pending
8459,13897,2023-06-13,Payment Pending
8466,14777,2021-11-29,Payment Pending
8467,663,2022-05-09,Payment Pending
8468,4718,2020-11-09,Payment Pending
8473,4810,2023-03-17,Payment Pending
8475,16869,2020-11-21,Payment Pending
8477,8985,2023-07-11,Payment Pending
8478,2765,2021-01-13,Payment Pending
8489,7854,2020-12-11,Payment Pending
8490,19886,2021-05-11,Payment Pending
8493,19855,2021-12-04,Payment Pending
8499,14475,2020-01-23,Payment Pending
8500,17994,2023-07-02,Payment Pending
8502,7631,2021-04-23,Payment Pending
8507,18481,2021-11-29,Payment Pending
8508,18060,2021-02-27,Payment Pending
8512,889,2023-02-19,Payment Pending
8514,9476,2022-01-09,Payment Pending
8516,2165,2020-10-29,Payment Pending
8517,18381,2023-09-23,Payment Pending
8518,2923,2020-06-07,Payment Pending
8520,12747,2023-05-13,Payment Pending
8521,4812,2023-05-05,Payment Pending
8523,9148,2020-08-05,Payment Pending
8525,14142,2021-02-11,Payment Pending
8526,11370,2021-10-15,Payment Pending
8532,17028,2020-12-15,Payment Pending
8536,18777,2023-01-31,Payment Pending
8538,4628,2021-04-05,Payment Pending
8540,12225,2020-05-21,Payment Pending
8541,9363,2023-05-12,Payment Pending
8554,13788,2022-05-13,Payment Pending
8555,11420,2022-07-07,Payment Pending
8557,14007,2023-04-11,Payment Pending
8559,9398,2020-05-20,Payment Pending
8562,12813,2020-11-14,Payment Pending
8565,15679,2022-11-18,Payment Pending
8566,50,2021-09-22,Payment Pending
8569,20609,2022-04-19,Payment Pending
7549,17156,2022-07-06,Payment Successed
7550,11547,2022-06-29,Payment Successed
7551,21449,2021-01-22,Payment Successed
7553,18505,2021-05-29,Payment Successed
7554,2978,2022-09-02,Payment Successed
7559,6574,2022-05-18,Payment Successed
7560,13818,2022-08-18,Payment Successed
7563,6227,2021-07-04,Payment Successed
7566,18756,2022-05-05,Payment Successed
7567,5373,2023-03-04,Payment Successed
7568,4929,2020-04-29,Payment Successed
7573,13022,2022-10-17,Payment Successed
7574,2010,2020-08-15,Payment Successed
7576,7762,2020-03-30,Payment Successed
7578,18348,2023-07-13,Payment Successed
7580,11668,2022-12-19,Payment Successed
7581,19235,2022-05-14,Payment Successed
7582,5714,2023-09-18,Payment Successed
7584,7133,2023-11-27,Payment Successed
7585,14465,2022-11-15,Payment Successed
7590,8837,2020-04-27,Payment Successed
7591,19570,2023-01-08,Payment Successed
7592,5016,2022-03-07,Payment Successed
7595,19640,2023-01-02,Payment Successed
8574,13014,2021-08-29,Payment Failed
8575,10501,2023-12-14,Payment Failed
8577,8643,2020-02-24,Payment Failed
8603,20163,2022-04-06,Payment Failed
8608,13359,2022-04-04,Payment Failed
8610,17977,2022-12-24,Payment Failed
8621,21614,2021-04-19,Payment Failed
8628,13964,2022-02-09,Payment Failed
8670,18049,2020-08-02,Payment Failed
8674,2432,2020-02-14,Payment Failed
8695,10553,2023-06-01,Payment Failed
7600,15347,2022-11-23,Payment Successed
7602,6062,2021-11-11,Payment Successed
7604,8906,2023-08-15,Payment Successed
7605,339,2022-11-16,Payment Successed
7606,402,2023-05-12,Payment Successed
7608,20177,2022-06-29,Payment Successed
7609,18638,2021-09-08,Payment Successed
7612,4927,2023-02-04,Payment Successed
7614,14423,2022-08-05,Payment Successed
7617,2122,2020-05-02,Payment Successed
7618,18922,2023-06-21,Payment Successed
7620,562,2020-09-08,Payment Successed
7621,12155,2022-05-27,Payment Successed
7624,16729,2020-11-23,Payment Successed
7626,523,2023-07-28,Payment Successed
7627,17476,2023-09-20,Payment Successed
7628,7843,2022-05-18,Payment Successed
7631,17015,2020-09-16,Payment Successed
7632,19642,2021-01-18,Payment Successed
7633,21437,2021-05-28,Payment Successed
7636,7491,2022-05-24,Payment Successed
7638,8698,2022-02-26,Payment Successed
7639,17972,2021-04-17,Payment Successed
7641,802,2023-08-14,Payment Successed
7642,7784,2023-09-22,Payment Successed
7644,12791,2020-12-04,Payment Successed
7645,16134,2022-08-10,Payment Successed
7646,12835,2021-06-23,Payment Successed
7648,18402,2022-10-21,Payment Successed
7649,17353,2022-10-25,Payment Successed
7650,6561,2021-05-23,Payment Successed
7651,14867,2020-04-08,Payment Successed
7654,3725,2021-10-31,Payment Successed
7655,9958,2022-10-09,Payment Successed
7657,13320,2020-01-29,Payment Successed
7658,17072,2023-06-05,Payment Successed
7660,18176,2022-10-16,Payment Successed
7662,3936,2021-06-16,Payment Successed
7664,11071,2023-10-05,Payment Successed
7665,2266,2021-11-06,Payment Successed
7666,6006,2021-04-06,Payment Successed
7667,2079,2022-06-30,Payment Successed
7668,16642,2022-12-04,Payment Successed
7669,3059,2021-12-21,Payment Successed
7671,16271,2020-02-23,Payment Successed
7672,21243,2023-01-13,Payment Successed
7673,20862,2020-06-18,Payment Successed
7674,8747,2020-04-08,Payment Successed
7675,18462,2022-02-20,Payment Successed
7676,14642,2020-10-02,Payment Successed
7677,1099,2022-05-27,Payment Successed
7678,17322,2021-01-30,Payment Successed
7679,8473,2022-01-16,Payment Successed
8571,4119,2023-03-06,Payment Pending
8572,12171,2023-09-10,Payment Pending
8578,4868,2022-12-13,Payment Pending
8580,15269,2022-02-02,Payment Pending
8582,11614,2023-01-05,Payment Pending
8583,16348,2022-08-13,Payment Pending
8584,18525,2020-07-02,Payment Pending
8588,15172,2022-02-25,Payment Pending
8589,8487,2020-07-28,Payment Pending
8591,19682,2020-09-12,Payment Pending
8593,717,2022-05-09,Payment Pending
8596,7091,2021-06-25,Payment Pending
8597,11079,2021-09-14,Payment Pending
8600,11064,2021-08-10,Payment Pending
8602,2936,2020-04-01,Payment Pending
8609,16157,2023-09-29,Payment Pending
8612,5791,2020-11-21,Payment Pending
8617,16073,2020-08-31,Payment Pending
8619,12683,2021-07-27,Payment Pending
8624,12807,2022-02-24,Payment Pending
8627,11454,2021-11-01,Payment Pending
8630,8375,2020-10-09,Payment Pending
8632,21530,2023-08-31,Payment Pending
8635,6127,2020-07-04,Payment Pending
8637,16327,2022-09-23,Payment Pending
8641,16326,2021-12-16,Payment Pending
8643,9004,2022-05-04,Payment Pending
8646,6864,2023-12-28,Payment Pending
8653,4901,2023-11-28,Payment Pending
8654,971,2020-11-08,Payment Pending
8656,4756,2023-08-25,Payment Pending
8658,2427,2020-07-18,Payment Pending
8660,16538,2021-01-18,Payment Pending
8661,9246,2020-06-10,Payment Pending
8662,9968,2023-03-16,Payment Pending
8663,19698,2020-06-05,Payment Pending
8665,14355,2023-08-11,Payment Pending
8669,19580,2023-08-22,Payment Pending
8671,11893,2023-01-13,Payment Pending
8675,7818,2021-01-29,Payment Pending
8676,5927,2021-04-23,Payment Pending
8677,2271,2022-12-13,Payment Pending
8683,3678,2020-06-21,Payment Pending
8684,3587,2021-12-02,Payment Pending
8685,1878,2022-08-11,Payment Pending
8686,12655,2020-12-04,Payment Pending
8689,17294,2022-06-15,Payment Pending
8690,3745,2023-09-20,Payment Pending
8691,13590,2023-07-02,Payment Pending
8692,10894,2020-03-17,Payment Pending
8694,21122,2022-01-08,Payment Pending
8696,20007,2023-03-12,Payment Pending
8697,3080,2021-12-13,Payment Pending
7680,9874,2023-12-20,Payment Successed
7683,14340,2022-08-09,Payment Successed
7684,16068,2023-09-11,Payment Successed
7688,1460,2023-08-19,Payment Successed
7689,2845,2022-07-11,Payment Successed
7690,1448,2023-10-19,Payment Successed
7691,8205,2021-11-16,Payment Successed
7692,10173,2022-07-26,Payment Successed
7695,6996,2021-08-29,Payment Successed
7699,1472,2021-12-20,Payment Successed
7701,5508,2022-04-28,Payment Successed
7702,14522,2023-03-01,Payment Successed
7703,13556,2020-01-03,Payment Successed
7705,753,2022-11-13,Payment Successed
8707,3240,2020-08-25,Payment Failed
8712,17948,2022-11-30,Payment Failed
8716,4117,2021-02-08,Payment Failed
8742,6612,2023-02-27,Payment Failed
8767,6874,2022-04-18,Payment Failed
8780,10909,2022-09-25,Payment Failed
8786,16691,2022-10-08,Payment Failed
8806,11514,2022-06-30,Payment Failed
8811,11470,2020-07-07,Payment Failed
8833,4666,2020-09-16,Payment Failed
8726,3103,2020-09-19,Refunded
7707,13758,2020-07-08,Payment Successed
7708,1757,2022-11-07,Payment Successed
7712,865,2023-05-27,Payment Successed
7714,518,2020-07-08,Payment Successed
7715,15241,2020-10-14,Payment Successed
7721,15259,2022-11-24,Payment Successed
7724,14136,2023-02-17,Payment Successed
7725,18928,2021-05-12,Payment Successed
7726,7052,2021-11-11,Payment Successed
7728,12653,2021-02-19,Payment Successed
7730,15183,2021-05-12,Payment Successed
7733,10799,2023-04-28,Payment Successed
7734,14032,2020-01-05,Payment Successed
7736,11023,2021-10-18,Payment Successed
7738,4234,2020-03-29,Payment Successed
7743,5583,2020-02-11,Payment Successed
7745,6173,2021-07-23,Payment Successed
7746,14598,2021-05-20,Payment Successed
7747,14149,2022-04-11,Payment Successed
7751,4620,2023-10-12,Payment Successed
7752,16963,2022-11-07,Payment Successed
7753,14476,2021-12-10,Payment Successed
7755,15586,2021-06-09,Payment Successed
7757,12665,2023-02-27,Payment Successed
7760,19659,2022-01-24,Payment Successed
7762,2460,2021-03-10,Payment Successed
7764,12351,2022-01-08,Payment Successed
7765,9760,2022-05-09,Payment Successed
7767,16420,2020-04-05,Payment Successed
7772,18640,2023-06-09,Payment Successed
7773,15455,2021-06-04,Payment Successed
7774,14272,2020-02-05,Payment Successed
7778,13507,2021-01-20,Payment Successed
7779,1956,2022-12-28,Payment Successed
7782,1071,2021-09-17,Payment Successed
7784,15757,2020-07-17,Payment Successed
7786,1382,2021-12-10,Payment Successed
7787,9508,2021-03-07,Payment Successed
7789,5674,2023-05-14,Payment Successed
7792,9492,2020-04-19,Payment Successed
7793,12285,2020-01-07,Payment Successed
7794,2736,2022-10-01,Payment Successed
7795,1605,2021-07-02,Payment Successed
7796,17132,2022-02-01,Payment Successed
7797,7861,2021-02-12,Payment Successed
7798,6268,2021-04-12,Payment Successed
7800,17604,2020-11-06,Payment Successed
7801,11156,2022-05-07,Payment Successed
7803,1292,2023-01-23,Payment Successed
7804,13613,2021-09-28,Payment Successed
7805,7233,2023-01-25,Payment Successed
7809,15429,2022-01-01,Payment Successed
7810,18841,2022-03-18,Payment Successed
8708,10684,2023-08-31,Payment Pending
8713,14424,2021-02-06,Payment Pending
8714,11497,2022-02-11,Payment Pending
8719,11964,2021-12-21,Payment Pending
8723,11026,2023-11-01,Payment Pending
8724,5384,2023-09-23,Payment Pending
8729,1169,2022-03-04,Payment Pending
8736,16559,2022-01-04,Payment Pending
8738,14494,2020-02-27,Payment Pending
8739,642,2021-11-03,Payment Pending
8741,11435,2023-09-23,Payment Pending
8743,11095,2023-12-30,Payment Pending
8747,13716,2023-04-15,Payment Pending
8749,16299,2022-02-09,Payment Pending
8751,12263,2023-06-11,Payment Pending
8752,14775,2021-02-17,Payment Pending
8756,20280,2022-04-17,Payment Pending
8757,10477,2021-01-04,Payment Pending
8759,19537,2022-10-22,Payment Pending
8760,16133,2021-07-27,Payment Pending
8762,6687,2020-03-30,Payment Pending
8764,21352,2023-08-18,Payment Pending
8769,2447,2021-12-21,Payment Pending
8770,14871,2022-11-09,Payment Pending
8771,12076,2020-08-29,Payment Pending
8773,1168,2021-04-24,Payment Pending
8774,12403,2022-09-18,Payment Pending
8778,21044,2020-05-24,Payment Pending
8781,8543,2020-11-27,Payment Pending
8784,12535,2020-07-03,Payment Pending
8792,11751,2022-12-11,Payment Pending
8794,3047,2020-05-11,Payment Pending
8796,7570,2023-11-30,Payment Pending
8800,18144,2023-05-26,Payment Pending
8801,6096,2021-07-21,Payment Pending
8804,174,2023-01-11,Payment Pending
8805,18600,2020-03-05,Payment Pending
8807,4989,2022-11-14,Payment Pending
8809,10959,2022-02-26,Payment Pending
8810,16192,2020-05-11,Payment Pending
8812,17162,2021-03-20,Payment Pending
8818,21509,2023-12-30,Payment Pending
8820,16728,2021-05-26,Payment Pending
8825,7067,2020-07-09,Payment Pending
8826,3197,2021-07-21,Payment Pending
8827,4303,2022-04-17,Payment Pending
8829,1642,2020-08-22,Payment Pending
8830,614,2020-07-01,Payment Pending
8831,202,2021-03-10,Payment Pending
8832,2942,2021-01-15,Payment Pending
8834,13924,2023-08-21,Payment Pending
8835,10348,2022-11-11,Payment Pending
8838,3053,2023-04-15,Payment Pending
8840,12337,2021-04-18,Payment Pending
8841,4379,2020-01-28,Payment Pending
7811,14416,2020-10-21,Payment Successed
7813,20718,2021-08-18,Payment Successed
7820,20682,2021-05-12,Payment Successed
7821,17216,2021-04-07,Payment Successed
7822,6956,2022-12-30,Payment Successed
7823,18319,2023-11-04,Payment Successed
7824,11268,2023-03-08,Payment Successed
7827,17182,2023-05-07,Payment Successed
7828,6104,2021-02-05,Payment Successed
7829,4993,2021-04-21,Payment Successed
8849,13015,2021-11-03,Payment Failed
8867,7377,2023-12-14,Payment Failed
8898,3558,2020-10-27,Payment Failed
8931,7899,2021-05-27,Payment Failed
8940,4572,2020-06-28,Payment Failed
8952,17916,2021-08-27,Payment Failed
8956,15025,2021-10-18,Payment Failed
8885,4657,2023-02-01,Refunded
8899,20884,2023-01-25,Refunded
8913,11857,2020-03-19,Refunded
8965,2975,2021-07-08,Refunded
7830,21402,2022-08-26,Payment Successed
7831,3847,2021-08-01,Payment Successed
7833,14120,2021-01-01,Payment Successed
7836,15933,2022-01-18,Payment Successed
7838,17576,2020-03-21,Payment Successed
7839,8843,2023-06-04,Payment Successed
7840,7947,2023-06-22,Payment Successed
7842,10872,2021-10-06,Payment Successed
7843,6502,2020-10-10,Payment Successed
7845,338,2022-06-26,Payment Successed
7847,12906,2021-01-19,Payment Successed
7848,8744,2021-11-30,Payment Successed
7849,19614,2021-10-17,Payment Successed
7851,12230,2020-10-27,Payment Successed
7852,11358,2020-07-27,Payment Successed
7853,15139,2020-07-02,Payment Successed
7854,2722,2023-01-31,Payment Successed
7856,6186,2022-06-29,Payment Successed
7858,12737,2021-04-19,Payment Successed
7861,11251,2021-05-29,Payment Successed
7868,17711,2023-06-28,Payment Successed
7869,1339,2022-09-02,Payment Successed
7870,7903,2020-07-23,Payment Successed
7871,8749,2023-01-11,Payment Successed
7874,7878,2021-03-07,Payment Successed
7875,19867,2022-03-25,Payment Successed
7876,11916,2021-06-23,Payment Successed
7878,13274,2022-06-21,Payment Successed
7879,16786,2021-02-07,Payment Successed
7881,14772,2022-09-23,Payment Successed
7885,10727,2020-04-17,Payment Successed
7892,2869,2020-10-23,Payment Successed
7895,2425,2021-01-16,Payment Successed
7897,1347,2021-08-26,Payment Successed
7900,15575,2022-02-26,Payment Successed
7901,5321,2023-02-08,Payment Successed
7902,12190,2021-06-01,Payment Successed
7903,7484,2022-10-03,Payment Successed
7906,18700,2023-10-18,Payment Successed
7907,11408,2020-03-15,Payment Successed
7910,13478,2023-09-29,Payment Successed
8843,14275,2021-05-02,Payment Pending
8847,15515,2022-03-21,Payment Pending
8854,14713,2023-06-02,Payment Pending
8855,13158,2022-03-02,Payment Pending
8856,6564,2023-06-27,Payment Pending
8860,8931,2020-02-13,Payment Pending
8864,15761,2020-01-06,Payment Pending
8868,3245,2020-06-12,Payment Pending
8872,18873,2020-03-16,Payment Pending
8873,393,2022-11-08,Payment Pending
8874,10457,2022-08-02,Payment Pending
8880,21217,2022-06-16,Payment Pending
8881,11278,2021-02-02,Payment Pending
8883,1906,2023-08-09,Payment Pending
8884,8967,2023-11-08,Payment Pending
8886,10602,2020-04-11,Payment Pending
8889,1046,2022-08-04,Payment Pending
8895,17571,2023-09-25,Payment Pending
8896,19436,2021-08-13,Payment Pending
8902,7114,2020-09-23,Payment Pending
8903,12197,2020-07-31,Payment Pending
8906,10283,2022-04-24,Payment Pending
8907,11235,2020-11-22,Payment Pending
8908,10733,2022-10-07,Payment Pending
8911,15967,2022-04-01,Payment Pending
8917,1497,2021-05-14,Payment Pending
8919,8414,2020-08-20,Payment Pending
8928,18759,2020-03-10,Payment Pending
8930,7839,2022-07-24,Payment Pending
8933,14589,2022-07-19,Payment Pending
8934,9853,2023-06-22,Payment Pending
8937,12307,2020-10-14,Payment Pending
8939,3584,2020-06-15,Payment Pending
8944,2582,2020-06-17,Payment Pending
8946,20967,2023-04-09,Payment Pending
8947,9808,2020-11-12,Payment Pending
8948,9718,2020-01-31,Payment Pending
8954,11924,2022-02-08,Payment Pending
8958,20451,2020-01-11,Payment Pending
8959,5938,2023-12-23,Payment Pending
8961,11146,2022-12-15,Payment Pending
8962,4444,2022-01-15,Payment Pending
8968,295,2021-07-04,Payment Pending
8972,14645,2023-06-30,Payment Pending
8973,12809,2020-10-12,Payment Pending
8975,4798,2021-10-05,Payment Pending
7912,16755,2023-10-02,Payment Successed
7913,11432,2021-01-05,Payment Successed
7914,18332,2023-11-17,Payment Successed
7918,17256,2021-04-14,Payment Successed
7920,4299,2020-02-20,Payment Successed
7921,20138,2021-10-19,Payment Successed
7922,15887,2021-12-04,Payment Successed
7923,15868,2020-08-17,Payment Successed
7925,16224,2020-12-30,Payment Successed
7928,13905,2021-10-25,Payment Successed
7929,18154,2021-07-13,Payment Successed
7932,20873,2020-08-15,Payment Successed
7934,3583,2021-01-15,Payment Successed
7935,5698,2021-09-15,Payment Successed
7937,18463,2020-07-04,Payment Successed
7938,6651,2021-03-19,Payment Successed
7941,8855,2023-07-13,Payment Successed
7942,7877,2023-02-09,Payment Successed
7943,13098,2022-04-23,Payment Successed
7944,18590,2021-09-26,Payment Successed
7948,18351,2022-07-15,Payment Successed
7949,4778,2021-03-24,Payment Successed
7953,730,2022-05-28,Payment Successed
7954,10543,2020-09-30,Payment Successed
7955,17516,2023-11-28,Payment Successed
7958,1372,2021-08-23,Payment Successed
7959,1733,2023-11-25,Payment Successed
7962,20155,2020-07-19,Payment Successed
7968,3480,2022-09-21,Payment Successed
8993,16782,2022-11-23,Payment Failed
8994,20052,2023-12-07,Payment Failed
9014,7244,2022-10-27,Payment Failed
9025,16892,2023-12-06,Payment Failed
9045,20811,2023-08-27,Payment Failed
9066,3196,2021-04-27,Payment Failed
9097,260,2021-12-20,Payment Failed
8986,11285,2023-01-31,Refunded
8995,7274,2021-10-25,Refunded
9040,7689,2023-09-27,Refunded
9044,3577,2021-06-30,Refunded
9090,5228,2023-12-29,Refunded
9108,301,2023-09-04,Refunded
7969,11990,2023-02-20,Payment Successed
7970,14192,2023-01-26,Payment Successed
7971,8362,2021-07-30,Payment Successed
7972,12430,2020-02-05,Payment Successed
7974,13240,2022-06-04,Payment Successed
7975,3061,2023-07-01,Payment Successed
7976,794,2021-12-07,Payment Successed
7978,6207,2020-11-16,Payment Successed
7979,1384,2022-02-09,Payment Successed
7982,9458,2022-07-20,Payment Successed
7985,7944,2021-06-02,Payment Successed
7987,9305,2020-02-18,Payment Successed
7988,336,2022-04-24,Payment Successed
7989,19424,2022-05-27,Payment Successed
7990,21422,2023-07-20,Payment Successed
7991,17599,2022-02-11,Payment Successed
7992,7369,2020-07-27,Payment Successed
7993,4923,2023-09-13,Payment Successed
7994,20834,2022-06-17,Payment Successed
7995,5902,2021-05-04,Payment Successed
7997,18428,2023-03-21,Payment Successed
8001,18301,2020-04-26,Payment Successed
8002,13061,2020-12-05,Payment Successed
8004,3482,2021-11-09,Payment Successed
8006,8503,2020-09-13,Payment Successed
8008,5058,2022-09-23,Payment Successed
8011,10516,2023-04-03,Payment Successed
8013,13711,2022-02-07,Payment Successed
8014,16211,2023-04-02,Payment Successed
8015,17582,2021-04-28,Payment Successed
8022,13916,2021-06-27,Payment Successed
8023,1708,2023-01-14,Payment Successed
8026,10797,2023-08-08,Payment Successed
8029,6935,2022-06-28,Payment Successed
8030,5800,2022-09-27,Payment Successed
8031,15719,2021-04-22,Payment Successed
8979,5009,2023-09-06,Payment Pending
8980,8574,2023-03-09,Payment Pending
8984,12265,2023-05-06,Payment Pending
8998,17474,2020-12-29,Payment Pending
9003,8126,2023-01-22,Payment Pending
9006,3305,2022-05-02,Payment Pending
9010,12227,2020-07-09,Payment Pending
9012,15099,2022-08-08,Payment Pending
9013,14432,2020-01-18,Payment Pending
9015,4411,2022-02-26,Payment Pending
9018,1992,2020-04-26,Payment Pending
9019,872,2023-08-24,Payment Pending
9022,11978,2020-03-22,Payment Pending
9026,12489,2022-08-26,Payment Pending
9027,1731,2021-04-04,Payment Pending
9028,17138,2022-11-16,Payment Pending
9030,20593,2021-04-10,Payment Pending
9035,18003,2023-10-30,Payment Pending
9043,11409,2020-02-22,Payment Pending
9047,9415,2023-02-02,Payment Pending
9048,1145,2022-08-30,Payment Pending
9051,10642,2023-11-03,Payment Pending
9056,21363,2023-08-09,Payment Pending
9069,419,2020-06-04,Payment Pending
9073,5086,2022-12-22,Payment Pending
9078,17815,2022-09-08,Payment Pending
9079,9228,2022-01-17,Payment Pending
9080,7582,2022-08-10,Payment Pending
9082,18890,2023-06-16,Payment Pending
9083,5742,2022-05-15,Payment Pending
9084,7721,2020-02-14,Payment Pending
9085,3485,2021-04-09,Payment Pending
9086,21588,2022-12-16,Payment Pending
9087,3291,2023-10-23,Payment Pending
9088,17325,2020-12-14,Payment Pending
9089,3411,2020-11-12,Payment Pending
9092,13954,2021-03-11,Payment Pending
9096,18356,2023-06-25,Payment Pending
9098,15529,2020-05-14,Payment Pending
9101,18741,2022-04-26,Payment Pending
9106,18633,2022-08-16,Payment Pending
9107,10831,2023-10-06,Payment Pending
8032,852,2023-10-13,Payment Successed
8033,12584,2020-12-15,Payment Successed
8035,18958,2020-01-13,Payment Successed
8036,20687,2023-03-07,Payment Successed
8037,11760,2022-10-29,Payment Successed
8038,11011,2021-12-23,Payment Successed
8039,8563,2021-08-05,Payment Successed
8040,772,2020-08-09,Payment Successed
8043,1378,2023-07-30,Payment Successed
8045,17253,2022-09-21,Payment Successed
8046,6862,2023-01-28,Payment Successed
8047,20327,2022-10-04,Payment Successed
8049,8251,2023-04-03,Payment Successed
8051,2510,2021-03-22,Payment Successed
8052,1373,2020-04-13,Payment Successed
8054,10132,2023-06-25,Payment Successed
8055,20107,2022-03-30,Payment Successed
8056,6216,2022-03-01,Payment Successed
8059,19849,2022-11-30,Payment Successed
8064,14223,2020-08-15,Payment Successed
8066,6175,2022-07-05,Payment Successed
8067,16243,2020-06-20,Payment Successed
8068,15254,2022-05-04,Payment Successed
8069,357,2021-11-01,Payment Successed
8074,7758,2022-04-24,Payment Successed
8077,2083,2022-10-11,Payment Successed
8078,15821,2021-01-18,Payment Successed
8082,11400,2022-10-05,Payment Successed
8084,2444,2021-10-13,Payment Successed
8085,11135,2021-01-05,Payment Successed
8086,8159,2023-09-21,Payment Successed
8089,11384,2023-08-25,Payment Successed
8091,15641,2020-07-05,Payment Successed
8092,21492,2022-08-24,Payment Successed
8094,4797,2022-08-18,Payment Successed
8099,6537,2021-09-15,Payment Successed
9114,13890,2023-07-14,Payment Failed
9129,16079,2020-03-29,Payment Failed
9147,2094,2023-06-30,Payment Failed
9181,13052,2022-10-20,Payment Failed
9190,12554,2021-02-12,Payment Failed
9212,10256,2020-03-06,Payment Failed
9224,11981,2020-01-05,Payment Failed
9242,14561,2022-03-30,Payment Failed
9243,3404,2021-10-22,Payment Failed
9192,19594,2022-09-12,Refunded
8101,18552,2020-07-22,Payment Successed
8102,12568,2023-08-06,Payment Successed
8108,17744,2020-09-10,Payment Successed
8110,9649,2022-07-03,Payment Successed
8111,3058,2021-01-03,Payment Successed
8112,3064,2021-05-04,Payment Successed
8113,17020,2021-09-06,Payment Successed
8116,572,2022-10-30,Payment Successed
8117,10430,2022-03-21,Payment Successed
8119,13681,2021-02-25,Payment Successed
8121,622,2021-09-07,Payment Successed
8122,2620,2022-05-13,Payment Successed
8124,18692,2023-01-12,Payment Successed
8125,17196,2023-09-18,Payment Successed
8127,11556,2021-06-08,Payment Successed
8128,16844,2021-04-13,Payment Successed
8129,13760,2021-10-04,Payment Successed
8130,8188,2021-03-18,Payment Successed
8131,10665,2023-11-01,Payment Successed
8133,13387,2023-09-23,Payment Successed
8134,2642,2023-07-23,Payment Successed
8135,14269,2023-05-21,Payment Successed
8137,7800,2023-05-17,Payment Successed
8138,13452,2020-11-17,Payment Successed
8139,6392,2022-11-28,Payment Successed
8140,19926,2022-06-30,Payment Successed
8144,19408,2021-09-27,Payment Successed
8145,5512,2020-12-08,Payment Successed
8147,3935,2020-04-02,Payment Successed
8148,16937,2022-11-28,Payment Successed
8149,17032,2020-06-26,Payment Successed
8150,17978,2023-01-03,Payment Successed
8151,6798,2020-07-07,Payment Successed
8152,5417,2022-02-17,Payment Successed
8153,16601,2022-11-19,Payment Successed
8154,9729,2020-06-14,Payment Successed
8158,13467,2021-01-03,Payment Successed
8159,6802,2021-03-22,Payment Successed
8160,18069,2022-01-05,Payment Successed
9115,3687,2021-03-13,Payment Pending
9120,10932,2020-05-24,Payment Pending
9121,17787,2020-12-19,Payment Pending
9124,8507,2023-08-15,Payment Pending
9133,11628,2023-09-06,Payment Pending
9135,6748,2023-10-14,Payment Pending
9137,6416,2020-05-03,Payment Pending
9139,20094,2023-05-12,Payment Pending
9146,10857,2023-10-22,Payment Pending
9152,17829,2022-06-24,Payment Pending
9157,6988,2023-09-29,Payment Pending
9162,9815,2021-08-07,Payment Pending
9165,18377,2021-05-13,Payment Pending
9167,8104,2022-11-17,Payment Pending
9168,13702,2020-11-05,Payment Pending
9170,8028,2022-12-25,Payment Pending
9176,14300,2022-07-13,Payment Pending
9180,460,2020-04-10,Payment Pending
9182,18735,2021-12-23,Payment Pending
9186,3151,2022-01-04,Payment Pending
9189,7915,2020-12-22,Payment Pending
9194,7130,2021-06-17,Payment Pending
9195,3597,2021-08-25,Payment Pending
9202,7311,2023-05-10,Payment Pending
9203,12460,2022-07-04,Payment Pending
9204,2329,2021-08-26,Payment Pending
9205,10810,2022-05-25,Payment Pending
9211,12034,2022-08-07,Payment Pending
9213,14615,2021-01-02,Payment Pending
9214,21391,2023-02-19,Payment Pending
9216,5847,2023-11-17,Payment Pending
9219,3428,2023-07-27,Payment Pending
9222,19708,2023-11-27,Payment Pending
9233,2811,2022-05-27,Payment Pending
9235,11851,2022-06-17,Payment Pending
9240,12154,2020-08-27,Payment Pending
9241,7222,2023-07-26,Payment Pending
9246,5148,2020-06-11,Payment Pending
9247,4283,2021-12-27,Payment Pending
9248,14852,2020-10-06,Payment Pending
9249,11659,2021-07-19,Payment Pending
8161,8776,2023-05-28,Payment Successed
8162,9692,2022-06-05,Payment Successed
8166,12884,2022-10-24,Payment Successed
8169,12148,2023-12-19,Payment Successed
8171,19891,2021-10-12,Payment Successed
8175,15336,2023-04-08,Payment Successed
8176,13683,2021-06-12,Payment Successed
8178,12350,2022-03-07,Payment Successed
8179,2633,2023-05-31,Payment Successed
8183,17753,2021-07-19,Payment Successed
8184,10433,2023-08-30,Payment Successed
8185,1780,2020-12-18,Payment Successed
8189,7731,2021-09-03,Payment Successed
8191,12142,2020-08-01,Payment Successed
8196,17114,2022-03-04,Payment Successed
8197,7495,2023-09-24,Payment Successed
8198,139,2023-12-02,Payment Successed
8200,624,2021-01-08,Payment Successed
8203,18760,2020-01-26,Payment Successed
8206,20719,2021-05-10,Payment Successed
8208,6819,2021-08-18,Payment Successed
8211,1681,2023-12-02,Payment Successed
8212,636,2021-01-08,Payment Successed
8213,10377,2022-07-15,Payment Successed
8214,17088,2023-08-24,Payment Successed
8216,8661,2020-04-05,Payment Successed
8217,19652,2022-03-16,Payment Successed
8218,2627,2020-03-26,Payment Successed
8219,5922,2020-09-18,Payment Successed
8221,11164,2020-04-06,Payment Successed
8223,16519,2020-01-16,Payment Successed
8224,5546,2020-08-24,Payment Successed
8227,9997,2023-11-15,Payment Successed
8234,18410,2021-02-23,Payment Successed
8236,3247,2021-11-27,Payment Successed
8237,3203,2023-02-21,Payment Successed
8238,14751,2023-06-08,Payment Successed
8240,15181,2020-07-15,Payment Successed
8242,12947,2021-08-03,Payment Successed
8243,8614,2022-01-27,Payment Successed
9273,3386,2022-10-07,Payment Failed
9278,6571,2022-04-28,Payment Failed
9300,4230,2021-01-22,Payment Failed
9305,17929,2022-10-02,Payment Failed
9316,6973,2020-03-04,Payment Failed
9344,18367,2020-02-14,Payment Failed
9362,7975,2020-04-19,Payment Failed
9366,14086,2023-09-29,Payment Failed
9376,17798,2021-11-17,Payment Failed
9320,479,2022-07-31,Refunded
9331,4404,2023-05-24,Refunded
8245,12545,2021-10-05,Payment Successed
8247,11643,2020-10-02,Payment Successed
8252,15372,2021-08-22,Payment Successed
8253,8449,2020-05-24,Payment Successed
8254,2152,2022-11-19,Payment Successed
8255,5635,2021-02-06,Payment Successed
8261,12698,2022-09-24,Payment Successed
8265,12066,2020-04-02,Payment Successed
8267,8249,2020-06-25,Payment Successed
8268,5676,2023-06-04,Payment Successed
8273,21101,2022-12-23,Payment Successed
8275,13826,2020-02-13,Payment Successed
8276,8389,2023-11-02,Payment Successed
8279,7674,2021-08-23,Payment Successed
8280,13466,2022-11-28,Payment Successed
8281,8042,2021-09-25,Payment Successed
8284,14219,2023-10-01,Payment Successed
8287,3594,2020-09-22,Payment Successed
8289,8790,2022-02-22,Payment Successed
8290,13880,2020-02-17,Payment Successed
8291,18274,2021-06-01,Payment Successed
8292,17345,2021-09-23,Payment Successed
8293,11259,2021-05-04,Payment Successed
8294,12548,2020-03-07,Payment Successed
8300,14583,2020-10-02,Payment Successed
8301,2347,2020-11-09,Payment Successed
8302,1852,2023-03-03,Payment Successed
8303,18703,2022-06-07,Payment Successed
8304,20239,2022-09-26,Payment Successed
8308,2489,2023-05-06,Payment Successed
8311,17560,2023-05-18,Payment Successed
8313,20872,2020-01-10,Payment Successed
8314,15603,2022-02-26,Payment Successed
8317,7437,2021-03-06,Payment Successed
8318,178,2021-03-30,Payment Successed
8320,1955,2023-02-10,Payment Successed
8321,3573,2021-12-02,Payment Successed
8322,8382,2023-12-18,Payment Successed
8324,4349,2020-08-26,Payment Successed
8331,1087,2023-01-16,Payment Successed
8333,19535,2022-02-22,Payment Successed
8334,5071,2022-02-03,Payment Successed
8337,318,2020-03-02,Payment Successed
8338,3670,2021-02-20,Payment Successed
8340,12085,2021-07-23,Payment Successed
8341,15637,2022-07-26,Payment Successed
8343,20398,2021-08-17,Payment Successed
8344,9320,2020-07-04,Payment Successed
8345,5326,2022-07-19,Payment Successed
8346,385,2022-07-28,Payment Successed
9254,14133,2023-04-02,Payment Pending
9256,7972,2022-12-09,Payment Pending
9257,12832,2021-07-27,Payment Pending
9259,11535,2021-09-24,Payment Pending
9260,16242,2020-02-04,Payment Pending
9262,3216,2022-03-23,Payment Pending
9263,5180,2023-12-07,Payment Pending
9265,8622,2021-10-09,Payment Pending
9268,7476,2022-02-10,Payment Pending
9270,18834,2020-01-16,Payment Pending
9272,13785,2023-05-25,Payment Pending
9274,18206,2021-08-15,Payment Pending
9280,17668,2023-04-15,Payment Pending
9281,7695,2022-10-01,Payment Pending
9282,17168,2023-07-31,Payment Pending
9284,6620,2023-11-16,Payment Pending
9287,3836,2022-06-30,Payment Pending
9289,12398,2020-01-13,Payment Pending
9291,18075,2023-03-12,Payment Pending
9296,7755,2020-03-16,Payment Pending
9298,19897,2022-10-14,Payment Pending
9299,6311,2022-05-19,Payment Pending
9301,5970,2020-07-11,Payment Pending
9306,15492,2023-09-17,Payment Pending
9307,16259,2022-10-02,Payment Pending
9313,7615,2021-11-07,Payment Pending
9314,12468,2023-07-14,Payment Pending
9319,19196,2022-10-20,Payment Pending
9321,6078,2023-09-04,Payment Pending
9323,15780,2021-08-05,Payment Pending
9324,19697,2022-03-31,Payment Pending
9328,5683,2022-12-16,Payment Pending
9330,15349,2022-12-01,Payment Pending
9333,758,2021-02-12,Payment Pending
9339,8703,2020-01-28,Payment Pending
9340,19761,2022-08-03,Payment Pending
9341,17595,2022-12-04,Payment Pending
9342,7813,2020-09-09,Payment Pending
9343,3761,2021-03-22,Payment Pending
9345,2875,2022-03-03,Payment Pending
9348,2269,2022-04-18,Payment Pending
9351,20681,2020-09-28,Payment Pending
9353,16156,2021-11-24,Payment Pending
9356,5977,2020-10-21,Payment Pending
9361,12847,2020-03-17,Payment Pending
9364,8105,2020-05-09,Payment Pending
9368,16361,2022-10-11,Payment Pending
9369,690,2022-07-27,Payment Pending
9374,6024,2023-10-14,Payment Pending
9377,16815,2023-02-09,Payment Pending
9379,19769,2020-06-01,Payment Pending
9382,4358,2021-12-05,Payment Pending
8348,1411,2022-09-07,Payment Successed
8350,1866,2021-08-11,Payment Successed
8351,10221,2022-10-08,Payment Successed
8353,14266,2022-11-09,Payment Successed
8354,21311,2022-09-15,Payment Successed
8356,19212,2023-04-26,Payment Successed
8357,19811,2023-09-19,Payment Successed
8359,12442,2023-11-25,Payment Successed
8360,14608,2020-05-26,Payment Successed
8362,6412,2020-09-21,Payment Successed
8363,1316,2022-02-10,Payment Successed
8365,1265,2023-02-19,Payment Successed
8367,3318,2022-08-21,Payment Successed
8369,8668,2020-05-15,Payment Successed
8370,648,2022-11-08,Payment Successed
8371,738,2020-01-20,Payment Successed
8372,15678,2021-04-27,Payment Successed
9386,2590,2022-11-21,Payment Failed
9390,19657,2021-05-23,Payment Failed
9405,1142,2021-05-28,Payment Failed
9430,9473,2023-09-13,Payment Failed
9433,10432,2022-08-24,Payment Failed
9441,101,2022-09-22,Payment Failed
9454,7161,2023-05-10,Payment Failed
9476,16168,2022-05-05,Payment Failed
9483,15200,2021-11-09,Payment Failed
9452,8022,2020-10-14,Refunded
9459,21561,2020-08-02,Refunded
9460,12920,2022-06-13,Refunded
9475,20390,2020-07-29,Refunded
9478,8385,2022-03-15,Refunded
9490,12685,2022-02-10,Refunded
9503,18482,2020-07-25,Refunded
8373,846,2020-01-03,Payment Successed
8374,14379,2021-09-27,Payment Successed
8375,4382,2022-12-18,Payment Successed
8376,5188,2020-05-21,Payment Successed
8377,20265,2022-09-17,Payment Successed
8378,5467,2020-09-18,Payment Successed
8379,12422,2020-12-27,Payment Successed
8381,10722,2022-04-16,Payment Successed
8383,6588,2020-05-01,Payment Successed
8386,4508,2023-07-10,Payment Successed
8387,8733,2020-10-05,Payment Successed
8388,8907,2021-11-08,Payment Successed
8390,2438,2022-09-11,Payment Successed
8392,20802,2023-06-22,Payment Successed
8393,20025,2023-09-03,Payment Successed
8395,4027,2021-04-14,Payment Successed
8396,15425,2020-04-17,Payment Successed
8397,10865,2021-05-17,Payment Successed
8400,19123,2022-07-27,Payment Successed
8401,9940,2022-11-22,Payment Successed
8402,8942,2021-03-24,Payment Successed
8403,3201,2023-04-14,Payment Successed
8405,11909,2023-08-05,Payment Successed
8406,13641,2023-06-14,Payment Successed
8410,17911,2022-03-06,Payment Successed
8411,6220,2020-07-23,Payment Successed
8415,1569,2022-01-29,Payment Successed
8417,14279,2022-02-14,Payment Successed
8421,7281,2022-02-26,Payment Successed
8425,7285,2023-03-09,Payment Successed
8427,9956,2023-05-04,Payment Successed
8428,13120,2023-07-23,Payment Successed
8432,11644,2022-05-04,Payment Successed
8433,16707,2022-09-15,Payment Successed
8436,5655,2021-02-17,Payment Successed
8438,17909,2020-05-23,Payment Successed
8441,5150,2022-05-31,Payment Successed
8442,7499,2023-11-06,Payment Successed
9391,10525,2023-04-20,Payment Pending
9393,4462,2020-07-10,Payment Pending
9394,661,2023-07-28,Payment Pending
9395,14276,2022-01-20,Payment Pending
9401,20487,2021-05-07,Payment Pending
9403,4206,2020-10-08,Payment Pending
9406,10931,2020-08-27,Payment Pending
9409,16209,2023-04-29,Payment Pending
9411,4954,2022-03-27,Payment Pending
9416,14588,2021-09-22,Payment Pending
9417,19895,2021-12-13,Payment Pending
9419,16525,2023-04-06,Payment Pending
9422,15866,2022-12-16,Payment Pending
9424,19302,2022-08-25,Payment Pending
9425,10493,2020-07-08,Payment Pending
9427,6775,2022-03-02,Payment Pending
9432,20665,2022-12-15,Payment Pending
9437,16783,2021-12-28,Payment Pending
9439,14398,2020-12-06,Payment Pending
9445,9931,2023-08-02,Payment Pending
9451,13388,2020-05-27,Payment Pending
9457,106,2023-11-30,Payment Pending
9461,1832,2023-02-23,Payment Pending
9462,2976,2022-04-11,Payment Pending
9467,5043,2023-09-27,Payment Pending
9469,20733,2022-07-08,Payment Pending
9473,12777,2022-08-22,Payment Pending
9480,13317,2023-06-04,Payment Pending
9482,18839,2022-05-06,Payment Pending
9488,16293,2022-03-16,Payment Pending
9491,3229,2023-09-18,Payment Pending
9494,868,2023-07-23,Payment Pending
9497,2555,2020-04-25,Payment Pending
9500,9706,2023-11-02,Payment Pending
9501,13176,2020-04-20,Payment Pending
9504,10404,2022-04-28,Payment Pending
9505,18475,2022-06-01,Payment Pending
9506,12952,2021-05-01,Payment Pending
9507,12763,2023-08-11,Payment Pending
9508,8772,2022-10-30,Payment Pending
9509,16342,2020-03-27,Payment Pending
9510,17225,2020-02-23,Payment Pending
9511,6037,2021-02-10,Payment Pending
9512,9044,2020-03-14,Payment Pending
9518,17773,2022-06-15,Payment Pending
8443,6635,2023-06-05,Payment Successed
8444,742,2022-08-09,Payment Successed
8445,576,2023-05-13,Payment Successed
8446,17141,2023-08-04,Payment Successed
8447,1572,2020-05-04,Payment Successed
8449,9737,2021-02-27,Payment Successed
8453,9353,2023-10-19,Payment Successed
8455,282,2020-07-26,Payment Successed
8456,12667,2023-08-30,Payment Successed
8457,11471,2023-07-27,Payment Successed
8458,3866,2020-02-03,Payment Successed
8461,6582,2020-07-27,Payment Successed
8462,6695,2021-10-18,Payment Successed
8463,18629,2022-09-20,Payment Successed
8465,13406,2021-09-01,Payment Successed
8469,20304,2020-08-31,Payment Successed
8470,9373,2022-01-09,Payment Successed
8471,17587,2023-10-14,Payment Successed
8472,17739,2020-12-25,Payment Successed
8474,423,2023-12-31,Payment Successed
8476,17459,2022-02-16,Payment Successed
8479,14669,2020-04-08,Payment Successed
8480,21366,2022-06-26,Payment Successed
8481,12765,2023-04-25,Payment Successed
8482,10661,2021-08-09,Payment Successed
8484,20696,2023-09-06,Payment Successed
8485,15123,2022-10-06,Payment Successed
9524,6832,2022-11-29,Payment Failed
9538,9550,2021-01-22,Payment Failed
9539,611,2021-10-09,Payment Failed
9546,6066,2023-10-30,Payment Failed
9552,1663,2020-04-12,Payment Failed
9577,13236,2023-08-02,Payment Failed
9603,17269,2022-06-11,Payment Failed
9567,14733,2020-12-08,Refunded
9629,16633,2023-06-12,Refunded
9640,8630,2021-04-11,Refunded
8487,17726,2021-01-23,Payment Successed
8488,18643,2021-02-09,Payment Successed
8491,20325,2022-12-30,Payment Successed
8492,13381,2021-06-07,Payment Successed
8494,2387,2021-05-16,Payment Successed
8495,9386,2022-02-11,Payment Successed
8496,2766,2023-03-14,Payment Successed
8498,17833,2021-10-21,Payment Successed
8501,3749,2021-09-25,Payment Successed
8503,5803,2021-05-29,Payment Successed
8504,12472,2021-08-01,Payment Successed
8505,13840,2021-02-13,Payment Successed
8506,2198,2020-02-01,Payment Successed
8509,6914,2023-06-13,Payment Successed
8510,7580,2023-06-19,Payment Successed
8511,17477,2023-01-31,Payment Successed
8513,5445,2022-08-21,Payment Successed
8515,2339,2022-12-26,Payment Successed
8522,13877,2021-09-17,Payment Successed
8524,7618,2020-01-10,Payment Successed
8527,1486,2021-03-13,Payment Successed
8528,13639,2023-04-20,Payment Successed
8529,6682,2023-11-11,Payment Successed
8530,6992,2020-04-28,Payment Successed
8531,6195,2020-12-19,Payment Successed
8533,8548,2022-03-23,Payment Successed
8535,21152,2023-06-10,Payment Successed
8539,5940,2022-04-08,Payment Successed
8542,3905,2022-03-21,Payment Successed
8543,19427,2021-05-29,Payment Successed
8544,7185,2021-07-31,Payment Successed
8545,6495,2023-02-02,Payment Successed
8546,14727,2020-12-01,Payment Successed
8547,12204,2021-07-10,Payment Successed
8548,2626,2022-07-14,Payment Successed
8549,7997,2022-09-05,Payment Successed
8550,14654,2022-11-04,Payment Successed
8551,5719,2021-11-07,Payment Successed
8552,17403,2020-01-18,Payment Successed
8553,1070,2023-02-06,Payment Successed
8556,2567,2022-07-22,Payment Successed
8560,2398,2022-04-07,Payment Successed
8563,16514,2020-10-25,Payment Successed
8567,15876,2021-06-10,Payment Successed
8568,20215,2021-04-15,Payment Successed
8570,12642,2020-12-05,Payment Successed
8573,5819,2021-11-24,Payment Successed
8576,5085,2020-03-05,Payment Successed
8579,14358,2023-11-13,Payment Successed
8581,18066,2021-06-18,Payment Successed
9522,20707,2022-12-02,Payment Pending
9523,2322,2023-07-29,Payment Pending
9525,4459,2023-08-01,Payment Pending
9527,12169,2021-06-26,Payment Pending
9536,7440,2022-10-01,Payment Pending
9542,5343,2020-05-01,Payment Pending
9543,15192,2021-02-09,Payment Pending
9545,3071,2020-12-29,Payment Pending
9547,10336,2020-08-25,Payment Pending
9549,20081,2020-12-05,Payment Pending
9550,6353,2021-01-20,Payment Pending
9555,11448,2023-09-06,Payment Pending
9559,12582,2022-05-05,Payment Pending
9566,18959,2020-09-23,Payment Pending
9568,9974,2022-04-10,Payment Pending
9569,10555,2023-07-20,Payment Pending
9573,18116,2021-06-28,Payment Pending
9576,1116,2020-01-29,Payment Pending
9578,9660,2023-06-14,Payment Pending
9579,18311,2023-01-05,Payment Pending
9580,16671,2021-01-12,Payment Pending
9581,15261,2021-08-13,Payment Pending
9584,20866,2020-03-29,Payment Pending
9586,19786,2020-05-02,Payment Pending
9590,8453,2022-08-05,Payment Pending
9600,20467,2020-07-11,Payment Pending
9607,8177,2023-09-20,Payment Pending
9608,9351,2022-09-18,Payment Pending
9611,3141,2021-09-06,Payment Pending
9612,13334,2022-01-28,Payment Pending
9615,942,2020-01-21,Payment Pending
9618,7418,2020-08-09,Payment Pending
9619,15709,2021-03-29,Payment Pending
9620,14461,2021-04-27,Payment Pending
9621,4453,2022-09-30,Payment Pending
9623,16540,2020-06-03,Payment Pending
9626,19476,2022-03-11,Payment Pending
9627,21610,2021-06-18,Payment Pending
9628,16364,2020-04-07,Payment Pending
9631,9024,2023-10-24,Payment Pending
9633,19463,2020-03-12,Payment Pending
9634,5459,2020-12-07,Payment Pending
9639,4238,2021-11-29,Payment Pending
9643,16024,2022-03-05,Payment Pending
9644,6320,2022-05-07,Payment Pending
9645,1468,2020-12-30,Payment Pending
9648,398,2022-11-08,Payment Pending
9649,12773,2021-09-20,Payment Pending
9652,15801,2021-02-28,Payment Pending
9653,19110,2022-08-15,Payment Pending
9654,8878,2021-12-12,Payment Pending
9656,14474,2021-06-06,Payment Pending
9657,14862,2021-10-17,Payment Pending
8585,8148,2023-05-01,Payment Successed
8586,13855,2022-02-25,Payment Successed
8587,5460,2021-07-24,Payment Successed
8590,17656,2021-11-13,Payment Successed
8592,2982,2020-08-09,Payment Successed
8594,892,2020-04-25,Payment Successed
8595,16758,2023-03-20,Payment Successed
8598,20897,2023-08-24,Payment Successed
8599,4324,2023-05-20,Payment Successed
8601,5690,2020-12-21,Payment Successed
8604,11554,2021-03-10,Payment Successed
8605,17311,2022-07-27,Payment Successed
8606,9158,2023-12-23,Payment Successed
8607,15013,2022-08-27,Payment Successed
8611,9327,2022-08-16,Payment Successed
8613,6445,2020-07-09,Payment Successed
9679,17991,2022-02-01,Payment Failed
9684,19673,2020-10-15,Payment Failed
9701,16899,2021-10-29,Payment Failed
9717,3768,2020-02-29,Payment Failed
9724,1507,2023-12-19,Payment Failed
9726,4165,2021-06-03,Payment Failed
9747,18621,2021-12-29,Payment Failed
9756,5464,2021-08-27,Payment Failed
9760,3147,2023-10-26,Payment Failed
9767,21136,2022-12-29,Payment Failed
9775,10050,2021-02-22,Payment Failed
9779,6108,2021-08-12,Payment Failed
9658,16683,2021-04-25,Refunded
9659,11580,2022-09-14,Refunded
9664,18030,2021-12-02,Refunded
9674,276,2023-04-19,Refunded
9711,8138,2022-06-23,Refunded
9719,8338,2022-12-19,Refunded
8614,19276,2022-11-20,Payment Successed
8615,11486,2021-10-16,Payment Successed
8616,1912,2022-05-17,Payment Successed
8618,8650,2023-04-16,Payment Successed
8620,790,2022-03-19,Payment Successed
8622,1476,2022-06-13,Payment Successed
8623,20662,2020-05-22,Payment Successed
8625,13443,2021-09-18,Payment Successed
8626,4220,2020-10-29,Payment Successed
8629,16979,2022-11-10,Payment Successed
8631,11339,2020-04-15,Payment Successed
8633,18318,2020-02-23,Payment Successed
8634,16542,2020-12-14,Payment Successed
8636,8478,2021-10-27,Payment Successed
8638,5928,2022-09-17,Payment Successed
8639,20186,2023-10-13,Payment Successed
8640,2275,2021-06-18,Payment Successed
8642,5369,2021-07-23,Payment Successed
8644,14056,2020-12-15,Payment Successed
8645,18550,2023-11-03,Payment Successed
8647,14896,2022-04-21,Payment Successed
8648,7480,2021-02-10,Payment Successed
8649,16990,2021-11-01,Payment Successed
8650,9826,2023-10-19,Payment Successed
8651,17262,2021-12-21,Payment Successed
8652,19142,2022-03-20,Payment Successed
8655,13706,2021-02-01,Payment Successed
8657,18521,2021-10-16,Payment Successed
8659,2414,2023-11-28,Payment Successed
8664,20711,2022-11-04,Payment Successed
8666,18792,2020-11-10,Payment Successed
8667,17284,2021-05-12,Payment Successed
8668,13246,2022-12-31,Payment Successed
8672,12891,2020-05-16,Payment Successed
8673,14198,2021-04-12,Payment Successed
8678,16806,2020-09-08,Payment Successed
8679,10232,2023-05-09,Payment Successed
8680,15524,2022-01-02,Payment Successed
8681,16099,2023-11-01,Payment Successed
8682,14464,2022-02-11,Payment Successed
9660,14176,2020-09-04,Payment Pending
9666,4479,2022-01-03,Payment Pending
9668,4936,2023-08-03,Payment Pending
9676,10913,2021-10-01,Payment Pending
9677,11002,2023-08-02,Payment Pending
9678,881,2023-10-25,Payment Pending
9683,950,2020-01-12,Payment Pending
9685,8502,2020-01-04,Payment Pending
9689,8324,2021-10-18,Payment Pending
9690,16449,2023-08-03,Payment Pending
9691,15136,2023-01-31,Payment Pending
9693,9010,2021-11-01,Payment Pending
9694,18912,2021-04-20,Payment Pending
9696,18651,2023-09-01,Payment Pending
9704,4075,2022-11-13,Payment Pending
9707,10381,2022-05-08,Payment Pending
9712,5463,2021-02-16,Payment Pending
9713,9562,2020-04-15,Payment Pending
9714,7630,2022-07-28,Payment Pending
9715,15457,2021-02-18,Payment Pending
9716,9007,2022-07-14,Payment Pending
9722,11404,2023-09-29,Payment Pending
9723,9151,2020-06-22,Payment Pending
9729,17490,2023-07-11,Payment Pending
9731,11607,2022-04-07,Payment Pending
9732,8070,2021-05-17,Payment Pending
9740,14999,2021-06-10,Payment Pending
9741,13847,2022-10-28,Payment Pending
9743,21435,2022-04-04,Payment Pending
9744,21178,2020-12-05,Payment Pending
9745,1303,2023-12-13,Payment Pending
9748,3656,2023-09-13,Payment Pending
9753,1491,2022-12-21,Payment Pending
9769,19991,2022-04-12,Payment Pending
9773,1625,2023-07-20,Payment Pending
9774,13634,2021-11-01,Payment Pending
9776,15649,2021-10-04,Payment Pending
9778,3273,2023-07-23,Payment Pending
9781,16861,2023-01-25,Payment Pending
9783,11919,2021-08-29,Payment Pending
9784,5666,2020-05-22,Payment Pending
9785,11034,2023-03-10,Payment Pending
9786,13688,2020-01-15,Payment Pending
9788,14981,2022-08-08,Payment Pending
9792,19015,2022-05-07,Payment Pending
9793,5479,2021-03-20,Payment Pending
8687,13141,2022-03-01,Payment Successed
8688,7757,2020-05-04,Payment Successed
8693,763,2020-02-29,Payment Successed
8698,775,2022-11-06,Payment Successed
8699,15703,2022-08-10,Payment Successed
8700,16845,2020-08-20,Payment Successed
8701,17660,2021-10-11,Payment Successed
8702,3210,2023-09-26,Payment Successed
8703,10218,2020-12-07,Payment Successed
8704,7345,2021-09-22,Payment Successed
8705,18838,2022-08-09,Payment Successed
8706,19421,2020-04-27,Payment Successed
8709,18989,2022-12-18,Payment Successed
8710,4211,2021-11-28,Payment Successed
8711,20573,2021-03-25,Payment Successed
8715,10499,2023-05-25,Payment Successed
8717,438,2021-08-23,Payment Successed
8720,1202,2023-02-05,Payment Successed
8721,12501,2022-12-02,Payment Successed
8722,3317,2022-08-04,Payment Successed
8725,11127,2022-05-19,Payment Successed
8727,11743,2023-09-07,Payment Successed
8728,7705,2022-05-21,Payment Successed
9799,19179,2023-09-22,Payment Failed
9816,5237,2020-02-02,Payment Failed
9862,3556,2023-02-01,Payment Failed
9907,7998,2023-07-15,Payment Failed
9908,17775,2021-09-13,Payment Failed
9923,17111,2023-01-15,Payment Failed
9861,11858,2020-02-06,Refunded
8730,7989,2020-09-05,Payment Successed
8731,16564,2023-03-27,Payment Successed
8732,2454,2021-12-03,Payment Successed
8733,9757,2023-01-06,Payment Successed
8734,245,2020-04-07,Payment Successed
8735,8143,2022-10-14,Payment Successed
8737,1584,2021-11-18,Payment Successed
8740,18690,2020-01-21,Payment Successed
8744,19430,2020-07-24,Payment Successed
8745,10506,2023-10-06,Payment Successed
8746,2273,2020-08-03,Payment Successed
8748,9639,2022-07-28,Payment Successed
8750,3169,2021-03-26,Payment Successed
8753,17620,2023-03-13,Payment Successed
8754,2689,2020-12-14,Payment Successed
8755,15842,2023-10-12,Payment Successed
8758,4829,2022-02-22,Payment Successed
8761,2494,2022-06-27,Payment Successed
8763,5449,2023-08-12,Payment Successed
8765,3234,2022-05-29,Payment Successed
8766,19061,2022-07-24,Payment Successed
8768,18641,2020-10-18,Payment Successed
8772,11943,2022-12-20,Payment Successed
8775,14251,2020-05-03,Payment Successed
8776,1063,2022-09-17,Payment Successed
8777,3984,2023-12-11,Payment Successed
8779,5211,2020-12-31,Payment Successed
8782,12948,2020-05-19,Payment Successed
8783,11922,2021-06-17,Payment Successed
8785,16426,2022-08-05,Payment Successed
8787,698,2023-02-28,Payment Successed
8788,6595,2021-09-05,Payment Successed
8789,5506,2021-06-15,Payment Successed
8790,15723,2020-05-27,Payment Successed
8791,6803,2021-04-18,Payment Successed
8793,7919,2021-05-31,Payment Successed
8795,14874,2020-07-28,Payment Successed
8797,10392,2020-06-27,Payment Successed
8798,8181,2021-10-18,Payment Successed
8799,2909,2023-11-16,Payment Successed
8802,10826,2020-11-04,Payment Successed
8803,7005,2020-02-23,Payment Successed
8808,16356,2022-04-21,Payment Successed
8813,17230,2020-12-27,Payment Successed
9794,2435,2020-10-03,Payment Pending
9800,17136,2020-08-25,Payment Pending
9810,4421,2022-01-13,Payment Pending
9811,5743,2020-08-22,Payment Pending
9812,19883,2020-10-05,Payment Pending
9813,5994,2023-04-28,Payment Pending
9818,16672,2020-09-21,Payment Pending
9819,8019,2021-03-08,Payment Pending
9823,14821,2020-01-02,Payment Pending
9825,3820,2022-05-02,Payment Pending
9827,16178,2020-10-25,Payment Pending
9831,7010,2023-11-29,Payment Pending
9832,12661,2022-07-14,Payment Pending
9836,10904,2022-04-03,Payment Pending
9838,12517,2022-12-23,Payment Pending
9840,5520,2021-09-15,Payment Pending
9843,9319,2020-05-16,Payment Pending
9849,9849,2022-07-11,Payment Pending
9851,8329,2022-10-15,Payment Pending
9853,6623,2020-06-14,Payment Pending
9856,19688,2022-03-13,Payment Pending
9858,18245,2020-08-23,Payment Pending
9864,608,2021-08-02,Payment Pending
9865,7545,2021-06-21,Payment Pending
9867,18858,2023-03-20,Payment Pending
9870,3677,2020-01-06,Payment Pending
9872,2067,2020-09-07,Payment Pending
9877,6203,2023-01-26,Payment Pending
9878,12886,2020-03-27,Payment Pending
9880,10447,2022-02-20,Payment Pending
9881,5883,2021-12-11,Payment Pending
9883,16565,2023-08-04,Payment Pending
9886,8911,2023-02-08,Payment Pending
9888,13717,2022-10-04,Payment Pending
9892,20619,2021-06-18,Payment Pending
9894,6102,2021-10-17,Payment Pending
9898,14332,2023-11-21,Payment Pending
9912,5539,2022-12-11,Payment Pending
9913,20757,2021-04-14,Payment Pending
9914,14860,2021-04-13,Payment Pending
9918,20901,2021-02-26,Payment Pending
9921,17795,2021-10-06,Payment Pending
9925,17448,2023-08-28,Payment Pending
9927,14914,2021-03-08,Payment Pending
9928,18935,2020-08-09,Payment Pending
8814,1062,2020-04-26,Payment Successed
8815,14979,2020-05-22,Payment Successed
8816,17533,2022-12-10,Payment Successed
8817,21475,2021-10-10,Payment Successed
8819,6577,2022-09-07,Payment Successed
8821,5453,2023-01-21,Payment Successed
8822,2639,2020-02-09,Payment Successed
8823,10252,2021-02-04,Payment Successed
8824,15341,2021-11-02,Payment Successed
8828,1822,2022-10-18,Payment Successed
8836,20415,2020-01-02,Payment Successed
8837,13707,2021-11-26,Payment Successed
8839,1607,2022-04-25,Payment Successed
8842,12202,2023-03-31,Payment Successed
8844,19132,2020-07-01,Payment Successed
8845,866,2021-04-08,Payment Successed
8846,6568,2021-06-18,Payment Successed
8848,2573,2020-05-20,Payment Successed
8850,16847,2020-11-19,Payment Successed
8851,9925,2022-03-23,Payment Successed
8852,19566,2022-11-10,Payment Successed
8853,416,2020-06-01,Payment Successed
8857,9612,2021-10-06,Payment Successed
8858,6873,2023-07-15,Payment Successed
8859,17800,2020-02-06,Payment Successed
8861,6590,2020-07-20,Payment Successed
8862,3769,2023-05-26,Payment Successed
8863,2137,2020-10-31,Payment Successed
8865,26,2020-04-10,Payment Successed
8869,18330,2021-03-26,Payment Successed
8870,1026,2021-03-01,Payment Successed
8871,6587,2023-03-14,Payment Successed
8875,7961,2021-07-27,Payment Successed
8876,10552,2022-05-26,Payment Successed
8877,6796,2023-10-20,Payment Successed
9933,21413,2020-10-14,Payment Failed
9965,19388,2020-11-10,Payment Failed
10013,10726,2022-04-01,Payment Failed
10016,6764,2021-10-25,Payment Failed
10040,7334,2023-12-27,Payment Failed
10044,14732,2023-02-28,Payment Failed
9937,10603,2023-08-28,Refunded
9963,19232,2022-10-25,Refunded
9985,9262,2022-01-17,Refunded
9996,5983,2022-06-22,Refunded
10004,7015,2021-05-02,Refunded
10008,11009,2022-09-17,Refunded
10023,8561,2022-05-02,Refunded
10029,18762,2022-07-19,Refunded
10046,20124,2021-09-28,Refunded
8878,20262,2022-01-28,Payment Successed
8879,17298,2020-08-12,Payment Successed
8882,12592,2023-06-23,Payment Successed
8887,11018,2022-06-09,Payment Successed
8888,12324,2020-10-20,Payment Successed
8890,4550,2021-02-27,Payment Successed
8891,6375,2023-09-17,Payment Successed
8892,12309,2021-05-14,Payment Successed
8893,3227,2022-10-23,Payment Successed
8894,16918,2022-05-11,Payment Successed
8897,10890,2020-04-25,Payment Successed
8900,4543,2022-11-23,Payment Successed
8901,3716,2022-07-14,Payment Successed
8904,15555,2023-04-16,Payment Successed
8905,16763,2022-01-08,Payment Successed
8909,6583,2021-12-30,Payment Successed
8910,17117,2020-11-10,Payment Successed
8912,3070,2021-03-27,Payment Successed
8914,10824,2023-01-01,Payment Successed
8915,7189,2020-05-16,Payment Successed
8916,9371,2023-09-18,Payment Successed
8918,13739,2023-12-02,Payment Successed
8920,19148,2021-01-31,Payment Successed
8921,10917,2021-12-22,Payment Successed
8922,4491,2020-08-05,Payment Successed
8923,8895,2021-07-24,Payment Successed
8924,9946,2022-09-17,Payment Successed
8925,16351,2021-07-07,Payment Successed
8926,16981,2022-11-07,Payment Successed
8927,6459,2021-02-22,Payment Successed
8929,21001,2023-09-15,Payment Successed
8932,1758,2021-05-21,Payment Successed
8935,10503,2021-09-09,Payment Successed
8936,18980,2023-02-27,Payment Successed
8938,12845,2021-05-12,Payment Successed
8941,16061,2020-06-23,Payment Successed
8942,6838,2023-07-08,Payment Successed
8943,880,2023-06-26,Payment Successed
8945,4670,2023-07-12,Payment Successed
9931,7329,2023-11-10,Payment Pending
9932,10200,2021-12-01,Payment Pending
9935,16999,2023-06-15,Payment Pending
9938,16291,2023-09-17,Payment Pending
9940,10548,2023-08-02,Payment Pending
9943,21493,2023-04-13,Payment Pending
9949,409,2023-02-17,Payment Pending
9951,17747,2021-01-25,Payment Pending
9955,1011,2020-10-01,Payment Pending
9956,19355,2020-01-13,Payment Pending
9959,3814,2021-06-23,Payment Pending
9960,9855,2023-08-29,Payment Pending
9962,1841,2022-07-11,Payment Pending
9967,2354,2023-03-23,Payment Pending
9970,12493,2023-01-16,Payment Pending
9974,2564,2023-12-06,Payment Pending
9978,4431,2020-11-20,Payment Pending
9981,15840,2020-01-19,Payment Pending
9982,21054,2020-04-01,Payment Pending
9984,19237,2020-01-13,Payment Pending
9989,10549,2022-10-07,Payment Pending
9992,10673,2021-11-15,Payment Pending
9993,5442,2021-05-27,Payment Pending
9997,4429,2022-04-27,Payment Pending
9999,20745,2021-11-19,Payment Pending
10003,19445,2022-02-23,Payment Pending
10005,19223,2020-08-24,Payment Pending
10006,1874,2022-02-04,Payment Pending
10007,1603,2022-05-16,Payment Pending
10009,19510,2022-09-13,Payment Pending
10019,10667,2020-10-15,Payment Pending
10020,19268,2020-09-17,Payment Pending
10025,10247,2023-01-09,Payment Pending
10030,11190,2020-02-14,Payment Pending
10033,996,2022-03-06,Payment Pending
10034,21265,2021-11-08,Payment Pending
10035,21254,2023-06-06,Payment Pending
10036,19242,2021-11-30,Payment Pending
10042,14883,2023-03-08,Payment Pending
10043,3829,2020-09-26,Payment Pending
10045,18345,2020-05-26,Payment Pending
10047,16653,2023-03-23,Payment Pending
10049,15108,2020-03-31,Payment Pending
10053,5787,2021-08-18,Payment Pending
10055,13703,2022-11-16,Payment Pending
10056,20817,2021-10-27,Payment Pending
10061,17820,2021-05-14,Payment Pending
10065,18906,2021-05-30,Payment Pending
8949,2989,2023-04-01,Payment Successed
8950,10278,2022-09-19,Payment Successed
8951,2030,2021-02-27,Payment Successed
8953,1696,2023-03-16,Payment Successed
8955,1174,2023-03-22,Payment Successed
8957,11931,2023-05-13,Payment Successed
8960,3803,2021-09-11,Payment Successed
8963,15927,2023-08-12,Payment Successed
8964,21048,2023-08-23,Payment Successed
8966,11955,2022-04-10,Payment Successed
8967,12,2022-02-09,Payment Successed
8969,3002,2022-03-10,Payment Successed
8970,12722,2023-01-21,Payment Successed
8971,7798,2023-12-27,Payment Successed
8974,13084,2023-06-01,Payment Successed
8976,15808,2023-04-14,Payment Successed
8977,8360,2022-05-26,Payment Successed
8978,3720,2022-10-13,Payment Successed
8981,12637,2022-07-15,Payment Successed
8982,11552,2021-11-04,Payment Successed
8983,17513,2022-05-09,Payment Successed
8985,19647,2023-09-08,Payment Successed
10076,8221,2023-11-10,Payment Failed
10083,19572,2023-08-22,Payment Failed
10095,21319,2023-08-08,Payment Failed
10116,10325,2020-04-28,Payment Failed
10120,15614,2021-07-09,Payment Failed
10125,960,2021-12-28,Payment Failed
10137,2952,2021-08-31,Payment Failed
10150,20229,2020-05-13,Payment Failed
10154,19656,2021-10-25,Payment Failed
10158,10874,2021-07-04,Payment Failed
10169,8547,2021-12-15,Payment Failed
10186,15273,2021-12-21,Payment Failed
10195,1366,2020-12-31,Payment Failed
10197,7149,2021-11-30,Payment Failed
10107,1219,2022-12-12,Refunded
10109,2813,2022-08-09,Refunded
10118,16816,2022-03-17,Refunded
10119,4287,2022-06-15,Refunded
10133,9089,2020-10-24,Refunded
10161,17126,2022-07-25,Refunded
10174,9743,2023-06-04,Refunded
10180,19727,2022-11-22,Refunded
10196,19249,2022-12-10,Refunded
8987,11140,2021-02-05,Payment Successed
8988,18857,2023-06-06,Payment Successed
8989,11653,2023-04-07,Payment Successed
8990,7163,2021-07-22,Payment Successed
8991,13039,2023-03-25,Payment Successed
8992,16539,2021-04-21,Payment Successed
8996,1617,2020-01-19,Payment Successed
8997,19285,2021-06-17,Payment Successed
8999,5105,2021-10-15,Payment Successed
9000,14667,2021-06-23,Payment Successed
9001,21307,2022-02-08,Payment Successed
9002,19239,2020-12-04,Payment Successed
9004,20527,2022-09-20,Payment Successed
9005,16078,2020-03-17,Payment Successed
9007,19792,2023-04-30,Payment Successed
9008,564,2023-01-03,Payment Successed
9009,11202,2022-01-14,Payment Successed
9011,9053,2023-11-28,Payment Successed
9016,8068,2020-12-10,Payment Successed
9017,3872,2022-05-30,Payment Successed
9020,8116,2020-10-08,Payment Successed
9021,72,2023-03-15,Payment Successed
9023,17687,2023-02-20,Payment Successed
9024,3721,2021-05-20,Payment Successed
9029,14698,2021-09-10,Payment Successed
9031,21601,2021-11-10,Payment Successed
9032,16520,2021-07-12,Payment Successed
9033,2180,2023-08-27,Payment Successed
9034,9209,2023-07-15,Payment Successed
9036,18451,2021-09-26,Payment Successed
9037,15178,2021-09-05,Payment Successed
9038,4140,2023-05-07,Payment Successed
10066,6780,2023-06-03,Payment Pending
10067,10985,2021-05-24,Payment Pending
10072,12003,2022-10-04,Payment Pending
10073,15234,2022-05-21,Payment Pending
10075,18710,2022-10-07,Payment Pending
10078,12293,2023-09-18,Payment Pending
10082,3576,2020-10-25,Payment Pending
10084,2631,2023-12-19,Payment Pending
10086,1746,2023-12-21,Payment Pending
10090,4698,2022-07-03,Payment Pending
10093,170,2021-10-23,Payment Pending
10094,18917,2020-11-21,Payment Pending
10096,803,2023-05-04,Payment Pending
10097,19426,2023-10-19,Payment Pending
10098,14293,2020-09-28,Payment Pending
10099,15700,2021-01-20,Payment Pending
10105,1812,2022-10-22,Payment Pending
10110,3780,2021-08-27,Payment Pending
10112,6618,2023-02-22,Payment Pending
10113,4330,2022-09-03,Payment Pending
10114,17482,2020-05-22,Payment Pending
10117,1686,2021-11-13,Payment Pending
10121,1291,2021-10-03,Payment Pending
10122,7597,2022-03-28,Payment Pending
10128,9197,2022-04-24,Payment Pending
10141,5096,2023-04-20,Payment Pending
10144,14298,2020-10-25,Payment Pending
10147,21225,2021-01-13,Payment Pending
10155,113,2020-10-20,Payment Pending
10156,21121,2020-05-11,Payment Pending
10157,11641,2021-05-28,Payment Pending
10159,20717,2023-06-29,Payment Pending
10167,18985,2022-09-28,Payment Pending
10176,19553,2023-12-06,Payment Pending
10182,6723,2023-05-09,Payment Pending
10184,18849,2023-11-13,Payment Pending
10190,18876,2022-03-02,Payment Pending
10192,5702,2020-05-02,Payment Pending
10193,5202,2023-05-25,Payment Pending
10194,18961,2023-11-16,Payment Pending
10200,18979,2022-11-14,Payment Pending
9039,5360,2023-04-17,Payment Successed
9041,13901,2022-12-13,Payment Successed
9042,1524,2020-10-10,Payment Successed
9046,19246,2020-06-01,Payment Successed
9049,16403,2023-08-27,Payment Successed
9050,11638,2023-07-31,Payment Successed
9052,919,2020-08-09,Payment Successed
9053,6509,2021-08-01,Payment Successed
9054,13235,2023-07-15,Payment Successed
9055,5378,2023-05-11,Payment Successed
9057,14125,2021-12-03,Payment Successed
9058,11148,2020-05-09,Payment Successed
9059,7397,2023-12-17,Payment Successed
9060,10891,2022-03-09,Payment Successed
9061,4090,2021-12-18,Payment Successed
9062,4289,2021-08-05,Payment Successed
9063,5558,2022-05-05,Payment Successed
9064,5335,2022-04-18,Payment Successed
9065,19420,2021-02-11,Payment Successed
9067,21408,2022-04-20,Payment Successed
9068,8818,2023-07-26,Payment Successed
9070,21187,2020-04-18,Payment Successed
9071,15816,2020-09-29,Payment Successed
9072,4768,2022-08-16,Payment Successed
9074,8938,2020-02-15,Payment Successed
9075,4166,2023-03-04,Payment Successed
9076,10,2023-09-21,Payment Successed
9077,902,2021-01-05,Payment Successed
10204,5765,2022-11-13,Payment Failed
10216,15873,2020-09-27,Payment Failed
10221,20612,2021-01-17,Payment Failed
10230,736,2022-06-11,Payment Failed
10236,7181,2022-10-02,Payment Failed
10251,2618,2020-04-02,Payment Failed
10269,3791,2020-09-09,Payment Failed
10287,21274,2023-03-04,Payment Failed
10307,9349,2022-04-16,Payment Failed
10308,16549,2021-05-28,Payment Failed
10316,4998,2020-12-07,Payment Failed
10319,607,2022-06-05,Payment Failed
10320,8402,2022-09-29,Payment Failed
10332,13259,2023-09-06,Payment Failed
10217,6351,2023-03-10,Refunded
10218,9764,2020-08-07,Refunded
10252,12354,2022-12-26,Refunded
10270,6202,2023-07-06,Refunded
10303,17271,2023-03-01,Refunded
10325,2732,2023-02-11,Refunded
9081,11075,2022-05-31,Payment Successed
9091,1385,2021-04-02,Payment Successed
9093,8475,2020-10-19,Payment Successed
9094,3646,2022-04-18,Payment Successed
9095,21089,2020-01-16,Payment Successed
9099,4904,2021-09-20,Payment Successed
9100,4732,2023-10-17,Payment Successed
9102,2118,2020-12-22,Payment Successed
9103,1353,2022-10-08,Payment Successed
9104,2090,2021-12-16,Payment Successed
9105,1030,2021-09-14,Payment Successed
9109,7338,2020-06-07,Payment Successed
9110,21364,2023-12-23,Payment Successed
9111,21600,2020-06-23,Payment Successed
9112,13887,2023-08-18,Payment Successed
9113,20454,2022-11-27,Payment Successed
9116,7120,2021-05-18,Payment Successed
9117,11732,2021-05-21,Payment Successed
9118,15897,2021-11-06,Payment Successed
9119,361,2022-01-14,Payment Successed
9122,1939,2023-02-20,Payment Successed
9123,9311,2021-10-21,Payment Successed
9125,9240,2022-01-29,Payment Successed
9126,9983,2022-07-11,Payment Successed
9127,13514,2022-07-30,Payment Successed
9128,14082,2020-06-27,Payment Successed
9130,6095,2021-02-26,Payment Successed
9131,7942,2021-03-03,Payment Successed
9132,8642,2023-04-17,Payment Successed
9134,9399,2023-04-26,Payment Successed
9136,2107,2022-01-04,Payment Successed
9138,20936,2023-06-09,Payment Successed
9140,12605,2021-06-05,Payment Successed
9141,7513,2021-10-03,Payment Successed
9142,19205,2022-06-26,Payment Successed
9143,7127,2023-02-18,Payment Successed
9144,19319,2021-01-11,Payment Successed
9145,5255,2020-09-29,Payment Successed
9148,18566,2020-10-13,Payment Successed
10203,5777,2022-09-16,Payment Pending
10205,10906,2023-04-23,Payment Pending
10206,10650,2020-03-16,Payment Pending
10207,16467,2022-05-12,Payment Pending
10210,16092,2023-12-21,Payment Pending
10213,6539,2023-12-03,Payment Pending
10214,5052,2021-10-09,Payment Pending
10219,18053,2022-10-16,Payment Pending
10222,4694,2021-09-12,Payment Pending
10223,16366,2021-03-10,Payment Pending
10225,20698,2020-02-14,Payment Pending
10233,7575,2021-05-26,Payment Pending
10238,20175,2022-07-31,Payment Pending
10239,18592,2022-03-11,Payment Pending
10240,17287,2021-10-01,Payment Pending
10241,9872,2021-04-04,Payment Pending
10243,7333,2022-12-04,Payment Pending
10244,17573,2020-09-13,Payment Pending
10254,17044,2021-09-25,Payment Pending
10255,3798,2023-03-19,Payment Pending
10257,15126,2020-04-01,Payment Pending
10262,11708,2020-07-22,Payment Pending
10271,1238,2020-06-10,Payment Pending
10272,10063,2022-07-23,Payment Pending
10273,7939,2022-09-11,Payment Pending
10275,19500,2023-03-01,Payment Pending
10276,20701,2022-02-13,Payment Pending
10277,20977,2021-01-27,Payment Pending
10280,15209,2022-06-01,Payment Pending
10282,20800,2020-12-24,Payment Pending
10286,19064,2022-04-28,Payment Pending
10288,7419,2020-11-17,Payment Pending
10291,15615,2022-06-12,Payment Pending
10292,8902,2021-12-27,Payment Pending
10297,11559,2023-05-05,Payment Pending
10302,19040,2023-02-02,Payment Pending
10309,17619,2023-09-04,Payment Pending
10318,3417,2021-04-30,Payment Pending
10321,8337,2022-10-17,Payment Pending
10326,11463,2021-02-03,Payment Pending
10327,16526,2021-12-02,Payment Pending
10328,18539,2023-07-07,Payment Pending
10334,19558,2022-08-08,Payment Pending
10335,1563,2022-09-23,Payment Pending
10337,11417,2022-08-03,Payment Pending
9149,17806,2023-11-03,Payment Successed
9150,20945,2020-12-23,Payment Successed
9151,11325,2022-08-17,Payment Successed
9153,6632,2020-06-19,Payment Successed
9154,16988,2022-01-28,Payment Successed
9155,15207,2021-10-06,Payment Successed
9156,14196,2022-07-10,Payment Successed
9158,5629,2022-06-21,Payment Successed
9159,13290,2021-08-11,Payment Successed
9160,18391,2021-06-27,Payment Successed
9161,9538,2021-09-06,Payment Successed
9163,9721,2020-06-06,Payment Successed
9166,79,2020-06-05,Payment Successed
9169,13056,2021-05-03,Payment Successed
9171,20956,2023-04-26,Payment Successed
9172,1855,2022-01-07,Payment Successed
9173,11719,2023-09-25,Payment Successed
9174,313,2020-06-06,Payment Successed
9175,493,2023-09-06,Payment Successed
9177,6731,2021-02-21,Payment Successed
9178,13728,2023-05-11,Payment Successed
9179,11494,2023-07-21,Payment Successed
9183,7126,2023-06-24,Payment Successed
10387,3471,2020-11-15,Payment Failed
10388,2085,2022-09-14,Payment Failed
10438,7793,2023-09-17,Payment Failed
10440,4058,2023-06-27,Payment Failed
10391,21207,2021-10-21,Refunded
10404,18414,2020-09-07,Refunded
10410,1203,2021-05-06,Refunded
10461,4683,2020-11-15,Refunded
9184,19984,2023-05-07,Payment Successed
9185,14880,2020-06-27,Payment Successed
9187,18645,2023-07-13,Payment Successed
9188,9771,2021-09-29,Payment Successed
9191,8342,2021-07-14,Payment Successed
9193,3040,2022-09-28,Payment Successed
9196,2951,2021-02-01,Payment Successed
9197,18581,2023-10-30,Payment Successed
9198,14446,2023-01-30,Payment Successed
9199,1755,2023-07-01,Payment Successed
9200,14129,2020-12-18,Payment Successed
9201,4896,2020-03-10,Payment Successed
9206,4447,2020-09-15,Payment Successed
9207,19314,2022-09-28,Payment Successed
9208,10877,2020-02-02,Payment Successed
9209,20471,2021-11-23,Payment Successed
9210,9792,2022-03-28,Payment Successed
9215,11658,2020-09-16,Payment Successed
9217,17208,2023-08-02,Payment Successed
9218,4132,2021-08-25,Payment Successed
9220,5468,2020-10-27,Payment Successed
9221,7141,2020-02-26,Payment Successed
9223,8161,2022-10-31,Payment Successed
9225,9008,2022-06-20,Payment Successed
9226,11907,2021-04-15,Payment Successed
9227,9972,2022-07-12,Payment Successed
9228,13281,2023-03-27,Payment Successed
9229,11301,2020-07-17,Payment Successed
9230,3195,2022-06-10,Payment Successed
9231,9728,2021-11-01,Payment Successed
9232,1678,2023-02-28,Payment Successed
9234,14660,2023-03-12,Payment Successed
9236,3668,2020-12-04,Payment Successed
9237,13513,2023-03-09,Payment Successed
9238,539,2021-09-28,Payment Successed
9239,2330,2022-12-27,Payment Successed
9244,19308,2021-06-25,Payment Successed
9245,4621,2021-02-11,Payment Successed
9250,16704,2022-08-06,Payment Successed
9251,19464,2020-03-23,Payment Successed
9252,6413,2022-04-23,Payment Successed
10338,20165,2021-03-04,Payment Pending
10339,18948,2020-11-05,Payment Pending
10340,18669,2021-11-18,Payment Pending
10343,17556,2022-01-14,Payment Pending
10347,10484,2021-09-17,Payment Pending
10349,10329,2023-03-15,Payment Pending
10351,19851,2023-09-20,Payment Pending
10361,1546,2020-11-23,Payment Pending
10370,10295,2023-01-26,Payment Pending
10373,17736,2020-04-19,Payment Pending
10376,3236,2021-01-20,Payment Pending
10380,16384,2021-12-24,Payment Pending
10381,17927,2022-02-16,Payment Pending
10383,10333,2022-01-15,Payment Pending
10384,10802,2022-02-13,Payment Pending
10385,8163,2021-09-04,Payment Pending
10386,16781,2022-11-02,Payment Pending
10394,5160,2020-10-02,Payment Pending
10398,10975,2020-08-04,Payment Pending
10400,121,2020-05-27,Payment Pending
10402,1255,2022-08-23,Payment Pending
10403,21285,2021-10-12,Payment Pending
10406,8724,2021-01-07,Payment Pending
10407,2007,2020-02-20,Payment Pending
10412,9038,2023-11-21,Payment Pending
10414,9714,2022-08-12,Payment Pending
10415,21280,2021-06-17,Payment Pending
10416,11970,2022-04-08,Payment Pending
10420,15348,2022-05-13,Payment Pending
10422,19529,2023-11-15,Payment Pending
10423,11429,2020-03-04,Payment Pending
10427,16568,2021-02-08,Payment Pending
10428,18291,2020-03-09,Payment Pending
10431,9835,2023-07-18,Payment Pending
10432,16247,2022-08-13,Payment Pending
10434,12695,2020-07-03,Payment Pending
10439,11058,2020-11-28,Payment Pending
10444,9554,2022-06-21,Payment Pending
10448,18831,2022-09-04,Payment Pending
10455,10510,2022-09-02,Payment Pending
10456,683,2021-10-30,Payment Pending
10457,14498,2023-10-19,Payment Pending
10458,20751,2021-06-02,Payment Pending
10463,18770,2022-07-29,Payment Pending
10464,124,2021-05-03,Payment Pending
9253,2593,2021-11-30,Payment Successed
9255,17095,2021-05-24,Payment Successed
9258,12804,2022-08-06,Payment Successed
9261,2504,2020-06-28,Payment Successed
9264,3634,2023-09-29,Payment Successed
9266,11263,2021-11-29,Payment Successed
9267,13773,2021-10-14,Payment Successed
9269,6735,2020-05-12,Payment Successed
9271,2039,2023-01-29,Payment Successed
9275,18235,2021-01-03,Payment Successed
9276,5294,2020-11-18,Payment Successed
9277,16055,2020-11-06,Payment Successed
9279,5825,2021-09-13,Payment Successed
9283,12768,2021-02-03,Payment Successed
9285,5572,2023-10-02,Payment Successed
9286,18400,2022-02-11,Payment Successed
9288,21467,2020-03-22,Payment Successed
9290,2161,2020-09-10,Payment Successed
9292,1595,2023-06-27,Payment Successed
9293,14525,2021-04-29,Payment Successed
9294,2373,2023-06-12,Payment Successed
9295,474,2021-03-09,Payment Successed
9297,13695,2022-02-02,Payment Successed
9302,8571,2020-08-06,Payment Successed
9303,9539,2022-05-22,Payment Successed
9304,8394,2020-08-27,Payment Successed
9308,1548,2023-07-09,Payment Successed
9309,17842,2023-12-29,Payment Successed
9310,16812,2021-03-11,Payment Successed
9311,16221,2020-06-06,Payment Successed
9312,20670,2020-03-08,Payment Successed
9315,20869,2021-11-22,Payment Successed
9317,3849,2021-03-07,Payment Successed
9318,8320,2020-01-06,Payment Successed
9322,12377,2020-09-27,Payment Successed
10503,4947,2023-12-21,Payment Failed
10507,10638,2020-08-09,Payment Failed
10514,8783,2023-06-15,Payment Failed
10515,15334,2020-05-07,Payment Failed
10519,8314,2020-06-03,Payment Failed
10550,4887,2022-11-21,Payment Failed
10559,20607,2021-06-15,Payment Failed
10565,15523,2021-11-05,Payment Failed
10580,10629,2023-04-13,Refunded
10582,15464,2020-01-26,Refunded
10593,11587,2021-03-02,Refunded
10599,3810,2020-02-15,Refunded
9325,5547,2020-04-01,Payment Successed
9326,13129,2023-08-08,Payment Successed
9327,11721,2023-09-27,Payment Successed
9329,3989,2022-10-27,Payment Successed
9332,21012,2023-12-07,Payment Successed
9334,20634,2021-11-20,Payment Successed
9335,558,2020-10-07,Payment Successed
9336,11305,2023-07-22,Payment Successed
9337,13448,2023-06-24,Payment Successed
9338,2585,2020-08-24,Payment Successed
9346,20386,2020-05-10,Payment Successed
9347,1081,2022-03-30,Payment Successed
9349,19794,2023-01-17,Payment Successed
9350,13016,2021-04-24,Payment Successed
9352,11224,2020-04-28,Payment Successed
9354,16147,2021-08-08,Payment Successed
9355,7996,2020-12-04,Payment Successed
9357,11748,2022-09-07,Payment Successed
9358,7182,2023-10-14,Payment Successed
9359,990,2021-03-06,Payment Successed
9360,10997,2021-09-07,Payment Successed
9363,2377,2022-04-17,Payment Successed
9365,14299,2023-03-30,Payment Successed
9367,4894,2021-03-10,Payment Successed
9370,7416,2022-04-11,Payment Successed
9371,19757,2023-03-17,Payment Successed
9372,8934,2023-08-25,Payment Successed
9373,1564,2023-10-29,Payment Successed
9375,12968,2023-04-05,Payment Successed
9378,5642,2023-01-21,Payment Successed
9380,10775,2022-08-08,Payment Successed
9381,2087,2021-10-11,Payment Successed
9383,7969,2021-10-27,Payment Successed
9384,1166,2023-01-26,Payment Successed
9385,6893,2020-07-16,Payment Successed
9387,3183,2021-02-07,Payment Successed
9388,1741,2020-01-03,Payment Successed
9389,11522,2023-12-15,Payment Successed
9392,4595,2021-10-12,Payment Successed
9396,4360,2020-10-15,Payment Successed
9397,15211,2023-09-29,Payment Successed
9398,13293,2023-09-24,Payment Successed
9399,13498,2023-04-29,Payment Successed
9400,6631,2022-06-28,Payment Successed
9402,15503,2021-01-08,Payment Successed
9404,7467,2020-01-28,Payment Successed
9407,12478,2022-09-13,Payment Successed
10474,502,2020-04-29,Payment Pending
10477,4909,2020-07-11,Payment Pending
10478,17410,2021-11-07,Payment Pending
10479,41,2022-12-10,Payment Pending
10480,1942,2023-06-25,Payment Pending
10481,14646,2021-11-02,Payment Pending
10484,404,2021-01-09,Payment Pending
10485,4147,2023-01-10,Payment Pending
10486,3892,2022-06-09,Payment Pending
10488,300,2022-06-01,Payment Pending
10490,6891,2023-10-02,Payment Pending
10491,6331,2021-07-26,Payment Pending
10499,8315,2022-04-10,Payment Pending
10502,18344,2020-08-27,Payment Pending
10504,15021,2020-12-26,Payment Pending
10509,2213,2023-07-08,Payment Pending
10511,14876,2020-02-22,Payment Pending
10513,14594,2021-11-17,Payment Pending
10516,972,2023-02-10,Payment Pending
10521,19326,2022-07-21,Payment Pending
10522,6340,2021-08-26,Payment Pending
10524,16269,2021-09-12,Payment Pending
10525,18417,2022-02-25,Payment Pending
10526,14809,2021-03-29,Payment Pending
10529,14375,2021-12-03,Payment Pending
10531,7191,2022-11-19,Payment Pending
10540,2441,2021-07-22,Payment Pending
10541,14944,2022-10-22,Payment Pending
10542,6382,2021-12-26,Payment Pending
10545,11908,2022-03-03,Payment Pending
10546,3211,2022-04-11,Payment Pending
10547,466,2021-12-27,Payment Pending
10548,1248,2021-10-15,Payment Pending
10549,19655,2021-11-04,Payment Pending
10560,14764,2022-03-10,Payment Pending
10563,17492,2022-10-13,Payment Pending
10575,17579,2023-09-25,Payment Pending
10576,21292,2022-12-08,Payment Pending
10577,9697,2021-02-15,Payment Pending
10578,9996,2020-11-25,Payment Pending
10579,21582,2021-12-15,Payment Pending
10589,16301,2020-11-23,Payment Pending
10591,5811,2022-07-13,Payment Pending
10595,18661,2021-10-13,Payment Pending
10596,19433,2022-08-11,Payment Pending
10604,14059,2022-11-13,Payment Pending
10605,20472,2022-11-01,Payment Pending
10606,656,2023-07-19,Payment Pending
10607,11808,2021-04-20,Payment Pending
10608,10254,2023-10-14,Payment Pending
10609,3302,2023-04-03,Payment Pending
9408,6361,2023-09-28,Payment Successed
9410,13989,2021-09-11,Payment Successed
9412,11689,2020-12-10,Payment Successed
9413,5830,2021-07-22,Payment Successed
9414,12902,2020-10-12,Payment Successed
9415,21223,2023-11-24,Payment Successed
9418,13048,2020-10-20,Payment Successed
9420,17791,2021-09-26,Payment Successed
9421,17985,2023-03-26,Payment Successed
9423,11546,2020-10-21,Payment Successed
9426,6950,2020-12-14,Payment Successed
9428,928,2022-12-24,Payment Successed
9429,3385,2022-10-31,Payment Successed
9431,15393,2020-09-18,Payment Successed
9434,18133,2023-05-13,Payment Successed
9435,13429,2022-01-06,Payment Successed
9436,17966,2021-02-10,Payment Successed
9438,15061,2022-12-07,Payment Successed
10620,4581,2022-05-04,Payment Failed
10624,19186,2020-03-22,Payment Failed
10626,4803,2023-08-31,Payment Failed
10633,7033,2021-08-24,Payment Failed
10639,19331,2023-07-27,Payment Failed
10654,11262,2021-07-03,Payment Failed
10656,1571,2021-02-13,Payment Failed
10661,12515,2022-12-12,Payment Failed
10677,17192,2020-08-13,Payment Failed
10680,6054,2022-01-18,Payment Failed
10719,21436,2021-10-11,Payment Failed
10721,7756,2020-03-21,Payment Failed
10725,1025,2020-02-16,Payment Failed
10733,19254,2020-03-27,Payment Failed
10735,20110,2021-04-03,Payment Failed
10744,24,2023-08-22,Payment Failed
10619,7098,2020-06-12,Refunded
10622,19997,2021-02-02,Refunded
10628,15161,2021-02-05,Refunded
10640,16381,2023-03-03,Refunded
10666,3740,2022-05-15,Refunded
10720,12973,2022-05-21,Refunded
10734,19968,2021-01-23,Refunded
9440,3121,2023-11-08,Payment Successed
9442,28,2021-02-01,Payment Successed
9443,8317,2020-07-31,Payment Successed
9444,9454,2023-10-13,Payment Successed
9446,18789,2023-05-13,Payment Successed
9447,10163,2023-01-10,Payment Successed
9448,12300,2020-01-26,Payment Successed
9449,20649,2021-11-02,Payment Successed
9450,14610,2023-12-11,Payment Successed
9453,14122,2022-05-09,Payment Successed
9455,6129,2021-11-12,Payment Successed
9456,6073,2021-08-06,Payment Successed
9458,3569,2022-09-09,Payment Successed
9463,13297,2020-11-06,Payment Successed
9464,11303,2023-11-23,Payment Successed
9465,2375,2022-12-28,Payment Successed
9466,13456,2022-08-02,Payment Successed
9468,8158,2023-01-03,Payment Successed
9470,5805,2021-03-18,Payment Successed
9471,13294,2020-11-17,Payment Successed
9472,10043,2020-04-14,Payment Successed
9474,13904,2022-02-10,Payment Successed
9477,8667,2022-05-05,Payment Successed
9479,1928,2022-01-31,Payment Successed
9481,16661,2022-01-05,Payment Successed
9484,12296,2021-12-05,Payment Successed
9485,4667,2023-11-05,Payment Successed
9486,16587,2023-01-16,Payment Successed
9487,9672,2020-12-06,Payment Successed
9489,5145,2023-04-09,Payment Successed
9492,16626,2021-03-05,Payment Successed
9493,19093,2022-12-02,Payment Successed
9495,18738,2021-03-24,Payment Successed
9496,14988,2020-11-03,Payment Successed
9498,21477,2021-01-19,Payment Successed
9499,20998,2023-11-02,Payment Successed
9502,11317,2022-10-03,Payment Successed
9513,18457,2023-07-18,Payment Successed
9514,3128,2022-06-11,Payment Successed
9515,15467,2023-12-17,Payment Successed
10613,16454,2022-09-05,Payment Pending
10615,5916,2020-01-12,Payment Pending
10617,19052,2023-07-19,Payment Pending
10635,7430,2023-04-18,Payment Pending
10637,2267,2022-02-04,Payment Pending
10638,13812,2023-04-07,Payment Pending
10642,19357,2023-06-23,Payment Pending
10645,16455,2022-05-21,Payment Pending
10652,13642,2020-09-20,Payment Pending
10653,3747,2020-09-21,Payment Pending
10658,64,2022-04-08,Payment Pending
10660,20274,2022-09-08,Payment Pending
10663,14609,2021-07-07,Payment Pending
10664,15463,2023-05-08,Payment Pending
10665,7761,2020-11-25,Payment Pending
10669,4319,2021-11-13,Payment Pending
10671,18830,2021-05-15,Payment Pending
10679,4601,2021-05-05,Payment Pending
10683,13629,2020-03-08,Payment Pending
10685,8398,2022-02-18,Payment Pending
10687,12110,2022-10-12,Payment Pending
10688,15301,2020-03-06,Payment Pending
10689,21110,2021-03-08,Payment Pending
10690,4130,2021-01-01,Payment Pending
10692,8242,2022-05-05,Payment Pending
10694,19018,2023-12-18,Payment Pending
10695,10812,2023-08-14,Payment Pending
10696,16451,2020-02-12,Payment Pending
10697,17610,2022-04-05,Payment Pending
10698,13197,2022-04-30,Payment Pending
10699,20445,2022-11-30,Payment Pending
10702,10108,2023-05-04,Payment Pending
10703,8897,2020-12-06,Payment Pending
10704,1179,2022-03-07,Payment Pending
10706,12186,2022-02-16,Payment Pending
10707,17790,2022-04-29,Payment Pending
10708,11171,2020-04-16,Payment Pending
10713,20614,2021-03-20,Payment Pending
10716,15268,2021-04-27,Payment Pending
10718,1575,2020-02-20,Payment Pending
10723,17332,2020-03-13,Payment Pending
10726,20969,2023-02-21,Payment Pending
10727,16393,2022-09-21,Payment Pending
10729,18323,2022-09-04,Payment Pending
10731,12580,2020-06-28,Payment Pending
10732,6231,2021-12-11,Payment Pending
10743,10908,2023-02-18,Payment Pending
9516,5835,2020-11-16,Payment Successed
9517,5797,2022-03-27,Payment Successed
9519,8033,2023-06-12,Payment Successed
9520,7145,2023-07-11,Payment Successed
9521,18535,2020-11-11,Payment Successed
9526,9165,2021-11-02,Payment Successed
9528,7691,2023-04-29,Payment Successed
9529,2280,2022-01-29,Payment Successed
9530,1693,2022-02-10,Payment Successed
9531,8521,2022-02-13,Payment Successed
9532,6652,2022-09-03,Payment Successed
9533,7690,2023-07-09,Payment Successed
9534,10009,2021-10-29,Payment Successed
9535,12303,2022-11-05,Payment Successed
9537,17445,2020-06-16,Payment Successed
10748,12355,2022-11-30,Payment Failed
10751,13463,2021-03-11,Payment Failed
10758,16084,2022-09-21,Payment Failed
10765,7249,2021-07-10,Payment Failed
10768,14069,2023-07-21,Payment Failed
10779,15045,2021-03-07,Payment Failed
10805,11017,2021-10-30,Payment Failed
10812,8030,2020-04-29,Payment Failed
10821,5850,2022-04-12,Payment Failed
10839,844,2023-04-26,Payment Failed
10860,21272,2021-02-20,Payment Failed
10864,16801,2021-10-18,Payment Failed
10869,8527,2022-06-14,Payment Failed
10873,19327,2023-03-23,Payment Failed
10809,18076,2023-03-16,Refunded
10816,16501,2021-01-24,Refunded
10859,1794,2020-04-10,Refunded
9540,15106,2021-09-02,Payment Successed
9541,17535,2022-07-30,Payment Successed
9544,20315,2022-03-22,Payment Successed
9548,12424,2022-03-14,Payment Successed
9551,14793,2021-02-20,Payment Successed
9553,19878,2020-01-04,Payment Successed
9554,2498,2021-11-27,Payment Successed
9556,3560,2021-10-28,Payment Successed
9557,16179,2022-10-07,Payment Successed
9558,21087,2021-06-21,Payment Successed
9560,18854,2021-06-05,Payment Successed
9561,9295,2021-11-01,Payment Successed
9562,1364,2023-11-28,Payment Successed
9563,20831,2021-04-17,Payment Successed
9564,19373,2021-02-18,Payment Successed
9565,5748,2021-06-09,Payment Successed
9570,2613,2022-05-12,Payment Successed
9571,17740,2020-08-28,Payment Successed
9572,4377,2020-01-17,Payment Successed
9574,7710,2020-05-25,Payment Successed
9575,1759,2022-09-29,Payment Successed
9582,7302,2021-09-20,Payment Successed
9583,3287,2023-12-30,Payment Successed
9585,8741,2020-05-14,Payment Successed
9587,1705,2020-08-05,Payment Successed
9588,12870,2023-02-03,Payment Successed
9589,4189,2022-02-26,Payment Successed
9591,266,2021-04-03,Payment Successed
9592,5295,2020-07-23,Payment Successed
9593,9765,2020-10-08,Payment Successed
9594,18151,2023-08-11,Payment Successed
9595,17942,2022-03-15,Payment Successed
9596,18309,2021-08-25,Payment Successed
9597,6206,2020-10-09,Payment Successed
9598,2825,2023-03-20,Payment Successed
9599,9162,2023-12-03,Payment Successed
9601,13743,2020-07-08,Payment Successed
10746,20960,2020-01-21,Payment Pending
10747,9128,2022-08-27,Payment Pending
10749,1863,2020-12-11,Payment Pending
10752,11306,2020-02-20,Payment Pending
10756,16978,2022-01-13,Payment Pending
10762,21031,2020-12-31,Payment Pending
10763,9066,2021-12-05,Payment Pending
10773,5989,2020-02-28,Payment Pending
10777,16010,2022-05-23,Payment Pending
10778,18522,2021-05-27,Payment Pending
10780,9341,2020-06-01,Payment Pending
10782,17409,2020-11-19,Payment Pending
10784,3952,2021-03-17,Payment Pending
10791,5986,2023-04-12,Payment Pending
10792,5121,2020-07-13,Payment Pending
10796,20758,2023-01-31,Payment Pending
10797,7097,2023-04-10,Payment Pending
10800,5267,2022-12-05,Payment Pending
10807,766,2022-10-21,Payment Pending
10808,17147,2022-06-01,Payment Pending
10813,20537,2023-02-11,Payment Pending
10825,10631,2022-06-01,Payment Pending
10827,12022,2020-12-30,Payment Pending
10830,10117,2021-10-06,Payment Pending
10831,13979,2020-09-22,Payment Pending
10833,3819,2023-05-04,Payment Pending
10835,1806,2023-10-24,Payment Pending
10836,14700,2020-08-27,Payment Pending
10837,11501,2020-03-01,Payment Pending
10841,3423,2023-01-26,Payment Pending
10842,2953,2023-12-14,Payment Pending
10846,10530,2022-05-15,Payment Pending
10848,20306,2020-03-12,Payment Pending
10849,2401,2021-12-30,Payment Pending
10858,20238,2022-10-18,Payment Pending
10866,19273,2021-11-15,Payment Pending
10870,8150,2023-09-16,Payment Pending
10871,9093,2023-10-28,Payment Pending
10872,169,2020-06-27,Payment Pending
10879,9429,2023-09-04,Payment Pending
9602,17722,2021-12-24,Payment Successed
9604,195,2023-09-08,Payment Successed
9605,16509,2021-07-24,Payment Successed
9606,4788,2022-02-11,Payment Successed
9609,16798,2021-01-11,Payment Successed
9610,7957,2021-11-13,Payment Successed
9613,2369,2021-10-17,Payment Successed
9614,9893,2021-10-08,Payment Successed
9616,10655,2022-03-31,Payment Successed
9617,574,2020-09-30,Payment Successed
9622,13808,2020-04-16,Payment Successed
9624,12122,2021-02-09,Payment Successed
9625,14787,2022-11-25,Payment Successed
9630,4150,2023-04-23,Payment Successed
9632,1979,2020-03-14,Payment Successed
9635,557,2020-05-14,Payment Successed
9636,2436,2022-03-29,Payment Successed
9637,5298,2021-08-01,Payment Successed
9638,20015,2023-04-03,Payment Successed
9641,18037,2023-03-21,Payment Successed
9642,3239,2021-07-24,Payment Successed
9646,11407,2023-05-13,Payment Successed
9647,6450,2020-02-26,Payment Successed
9650,16819,2022-10-23,Payment Successed
9651,13363,2023-11-25,Payment Successed
9655,2860,2023-10-09,Payment Successed
9661,11917,2022-07-30,Payment Successed
9662,12849,2022-08-05,Payment Successed
9663,9288,2020-05-13,Payment Successed
9665,21347,2021-12-09,Payment Successed
9667,8279,2021-04-10,Payment Successed
9669,9350,2022-09-08,Payment Successed
9670,14254,2022-01-08,Payment Successed
9671,4816,2023-06-17,Payment Successed
9672,2768,2022-06-22,Payment Successed
10886,15809,2023-02-01,Payment Failed
10910,2537,2020-09-14,Payment Failed
10921,1330,2023-07-03,Payment Failed
10924,13059,2023-09-06,Payment Failed
10928,17174,2020-10-10,Payment Failed
10977,14200,2022-12-10,Payment Failed
10983,3882,2020-06-05,Payment Failed
10988,17719,2022-06-11,Payment Failed
10993,10064,2021-02-12,Payment Failed
11000,17704,2021-03-18,Payment Failed
11006,15620,2022-04-09,Payment Failed
11007,8048,2020-11-02,Payment Failed
10927,11105,2023-10-20,Refunded
9673,19096,2022-08-18,Payment Successed
9675,1270,2020-08-11,Payment Successed
9680,2707,2021-08-19,Payment Successed
9681,3552,2022-01-24,Payment Successed
9682,6162,2021-03-03,Payment Successed
9686,2451,2021-04-30,Payment Successed
9687,17050,2022-10-05,Payment Successed
9688,18674,2023-06-16,Payment Successed
9692,4782,2021-12-08,Payment Successed
9695,18520,2023-11-22,Payment Successed
9697,5056,2020-10-23,Payment Successed
9698,17596,2022-07-27,Payment Successed
9699,20615,2021-02-20,Payment Successed
9700,5317,2022-06-28,Payment Successed
9702,18844,2021-05-11,Payment Successed
9703,2696,2023-12-25,Payment Successed
9705,8618,2022-11-09,Payment Successed
9706,11637,2023-09-26,Payment Successed
9708,17931,2022-06-26,Payment Successed
9709,4195,2022-01-15,Payment Successed
9710,641,2022-06-24,Payment Successed
9718,18127,2022-08-27,Payment Successed
9720,18620,2020-05-18,Payment Successed
9721,17774,2021-08-16,Payment Successed
9725,7481,2020-09-20,Payment Successed
9727,12842,2022-08-22,Payment Successed
9728,4260,2023-11-10,Payment Successed
9730,3610,2020-02-18,Payment Successed
9733,20572,2021-07-29,Payment Successed
9734,21142,2020-11-24,Payment Successed
9735,17759,2023-03-27,Payment Successed
9736,10261,2020-01-07,Payment Successed
9737,529,2023-02-18,Payment Successed
9738,11316,2023-03-04,Payment Successed
9739,1054,2020-05-13,Payment Successed
9742,18508,2023-11-24,Payment Successed
9746,19527,2020-12-03,Payment Successed
9749,7105,2020-08-30,Payment Successed
9750,1393,2021-07-03,Payment Successed
9751,17527,2023-10-11,Payment Successed
9752,21068,2023-07-13,Payment Successed
9754,5786,2022-09-15,Payment Successed
9755,5167,2020-10-28,Payment Successed
9757,21295,2022-09-21,Payment Successed
9758,8610,2023-10-02,Payment Successed
9759,9340,2020-10-09,Payment Successed
9761,13572,2023-08-03,Payment Successed
9762,867,2023-12-02,Payment Successed
9763,19345,2021-04-12,Payment Successed
9764,15282,2021-08-13,Payment Successed
9765,2125,2023-03-08,Payment Successed
9766,15410,2023-11-23,Payment Successed
9768,17164,2023-03-12,Payment Successed
10883,14025,2022-11-30,Payment Pending
9770,8861,2020-11-13,Payment Successed
10885,18407,2023-02-04,Payment Pending
10887,2814,2021-07-07,Payment Pending
10893,15051,2022-08-04,Payment Pending
10895,19377,2022-10-10,Payment Pending
10897,15847,2023-02-28,Payment Pending
10899,9335,2022-06-10,Payment Pending
10900,4182,2021-07-26,Payment Pending
10902,15765,2023-01-25,Payment Pending
10903,5253,2023-01-15,Payment Pending
10904,11378,2021-02-05,Payment Pending
10906,12756,2022-09-09,Payment Pending
10908,20713,2020-11-30,Payment Pending
10912,5352,2021-08-25,Payment Pending
10914,16856,2023-07-29,Payment Pending
10916,2333,2021-02-05,Payment Pending
10920,20896,2021-11-18,Payment Pending
10932,7625,2022-05-23,Payment Pending
10933,7344,2023-06-29,Payment Pending
10935,15535,2022-02-10,Payment Pending
10937,18064,2020-03-13,Payment Pending
10940,16749,2020-10-08,Payment Pending
10943,18014,2023-08-18,Payment Pending
10945,17858,2020-12-08,Payment Pending
10946,12583,2023-07-03,Payment Pending
10947,4064,2023-12-09,Payment Pending
10948,1227,2020-06-09,Payment Pending
10953,9299,2023-11-28,Payment Pending
10954,4957,2023-09-09,Payment Pending
10955,4717,2022-08-12,Payment Pending
10957,18279,2023-09-08,Payment Pending
10958,21338,2022-08-19,Payment Pending
10961,4900,2023-11-04,Payment Pending
10965,20374,2022-02-08,Payment Pending
10970,16453,2020-09-03,Payment Pending
10972,15663,2023-02-10,Payment Pending
10973,7534,2023-06-09,Payment Pending
10974,4848,2022-03-08,Payment Pending
10975,7350,2020-11-03,Payment Pending
10976,3020,2022-11-05,Payment Pending
10985,8879,2021-05-03,Payment Pending
10986,4052,2020-05-02,Payment Pending
10987,4304,2020-03-20,Payment Pending
10990,4926,2023-02-02,Payment Pending
10992,3883,2021-09-05,Payment Pending
10996,20642,2023-12-25,Payment Pending
10997,7767,2022-11-24,Payment Pending
10999,381,2023-08-02,Payment Pending
11001,11119,2021-07-13,Payment Pending
11003,14553,2021-12-01,Payment Pending
11004,11840,2020-02-19,Payment Pending
11005,9404,2022-02-23,Payment Pending
11012,9216,2023-11-25,Payment Pending
11013,21279,2021-06-13,Payment Pending
11015,3736,2023-03-11,Payment Pending
9771,3132,2022-12-01,Payment Successed
9772,4415,2020-06-03,Payment Successed
9777,10387,2022-09-19,Payment Successed
9780,9681,2021-11-03,Payment Successed
9782,12129,2021-11-27,Payment Successed
9787,12541,2023-11-08,Payment Successed
9789,11007,2023-01-01,Payment Successed
9790,15512,2022-04-08,Payment Successed
11025,12395,2021-12-12,Payment Failed
11048,14781,2020-06-01,Payment Failed
11059,14634,2020-02-16,Payment Failed
11068,20405,2020-04-08,Payment Failed
11072,10034,2023-10-24,Payment Failed
11143,19458,2021-08-10,Payment Failed
11093,17391,2023-04-11,Refunded
11096,613,2021-09-28,Refunded
11119,15010,2020-01-31,Refunded
11122,13472,2021-03-06,Refunded
11141,19996,2023-12-17,Refunded
9791,21046,2023-06-25,Payment Successed
9795,7826,2022-11-29,Payment Successed
9796,21140,2021-07-25,Payment Successed
9797,8485,2023-08-08,Payment Successed
9798,15202,2020-07-11,Payment Successed
9801,19552,2023-07-19,Payment Successed
9802,11856,2022-02-23,Payment Successed
9803,4320,2020-09-13,Payment Successed
9804,21421,2021-07-05,Payment Successed
9805,2353,2021-03-02,Payment Successed
9806,4808,2021-04-06,Payment Successed
9807,21603,2021-03-02,Payment Successed
9808,16233,2022-01-01,Payment Successed
9809,8456,2023-10-27,Payment Successed
9814,17512,2022-02-09,Payment Successed
9815,366,2021-06-08,Payment Successed
9817,8043,2020-05-07,Payment Successed
9820,9785,2022-06-20,Payment Successed
9821,8344,2020-09-10,Payment Successed
9822,20115,2021-09-25,Payment Successed
9824,3251,2020-07-04,Payment Successed
9826,3630,2020-12-25,Payment Successed
9828,8956,2021-10-13,Payment Successed
9829,4575,2022-02-20,Payment Successed
9830,1157,2023-02-10,Payment Successed
9833,14839,2023-04-27,Payment Successed
9834,19904,2020-04-26,Payment Successed
9835,16194,2022-08-30,Payment Successed
9837,718,2022-02-09,Payment Successed
9839,19639,2020-05-30,Payment Successed
9841,14992,2021-06-02,Payment Successed
9842,19924,2021-03-20,Payment Successed
9844,16098,2022-03-04,Payment Successed
9845,9480,2020-03-22,Payment Successed
9846,6859,2020-08-27,Payment Successed
9847,3491,2023-04-03,Payment Successed
9848,18914,2023-03-24,Payment Successed
9850,14735,2022-03-02,Payment Successed
9852,807,2021-11-19,Payment Successed
11018,12940,2021-06-19,Payment Pending
11021,14514,2023-10-21,Payment Pending
11022,16658,2020-06-06,Payment Pending
11023,7330,2020-02-26,Payment Pending
11027,18630,2021-03-11,Payment Pending
11030,7312,2023-10-04,Payment Pending
11034,2164,2020-05-06,Payment Pending
11035,21169,2023-05-03,Payment Pending
11038,18469,2023-08-23,Payment Pending
11042,6393,2020-08-27,Payment Pending
11043,3051,2020-05-05,Payment Pending
11058,10076,2023-11-04,Payment Pending
11062,813,2023-09-28,Payment Pending
11064,1173,2022-12-28,Payment Pending
11067,14063,2023-04-15,Payment Pending
11069,2704,2022-01-04,Payment Pending
11070,17266,2020-03-20,Payment Pending
11071,19978,2020-07-05,Payment Pending
11074,2124,2021-02-11,Payment Pending
11075,8065,2023-02-23,Payment Pending
11076,12153,2022-01-05,Payment Pending
11078,2171,2021-09-18,Payment Pending
11080,2701,2022-09-22,Payment Pending
11083,7225,2022-11-05,Payment Pending
11090,13630,2021-01-24,Payment Pending
11091,9715,2021-03-17,Payment Pending
11094,10258,2021-02-10,Payment Pending
11098,12203,2023-05-10,Payment Pending
11101,19955,2021-12-07,Payment Pending
11102,15043,2022-12-14,Payment Pending
11105,8349,2021-12-01,Payment Pending
11112,21519,2023-11-02,Payment Pending
11113,13860,2023-04-30,Payment Pending
11114,21501,2022-12-04,Payment Pending
11120,5706,2022-11-30,Payment Pending
11123,7200,2021-04-15,Payment Pending
11127,756,2022-10-27,Payment Pending
11132,5053,2022-10-03,Payment Pending
11140,11853,2023-01-10,Payment Pending
11142,19775,2021-09-12,Payment Pending
11145,4318,2020-06-26,Payment Pending
11147,8331,2021-07-26,Payment Pending
11148,15109,2021-06-16,Payment Pending
11149,2759,2021-05-06,Payment Pending
9854,13487,2022-09-29,Payment Successed
9855,9232,2023-02-15,Payment Successed
9857,14045,2023-11-21,Payment Successed
9859,4646,2020-08-24,Payment Successed
9860,3787,2022-10-09,Payment Successed
9863,19041,2020-05-24,Payment Successed
9866,18609,2022-08-25,Payment Successed
9868,11038,2023-04-16,Payment Successed
9869,21346,2023-03-03,Payment Successed
9871,15120,2023-04-18,Payment Successed
9873,19651,2023-04-20,Payment Successed
9874,5981,2021-08-13,Payment Successed
9875,8160,2022-12-01,Payment Successed
9876,12205,2022-12-31,Payment Successed
9879,17545,2020-12-23,Payment Successed
9882,12808,2020-01-31,Payment Successed
9884,5139,2021-05-30,Payment Successed
9885,2379,2020-12-03,Payment Successed
9887,20255,2022-07-28,Payment Successed
9889,7847,2022-03-08,Payment Successed
9890,12221,2020-02-09,Payment Successed
9891,15989,2020-07-19,Payment Successed
9893,10609,2020-09-15,Payment Successed
9895,16759,2021-05-11,Payment Successed
9896,9497,2022-03-17,Payment Successed
9897,11766,2023-02-24,Payment Successed
9899,18619,2023-01-09,Payment Successed
9900,17831,2020-03-31,Payment Successed
9901,2318,2020-02-23,Payment Successed
9902,8447,2020-02-24,Payment Successed
9903,20496,2023-04-03,Payment Successed
9904,15434,2023-06-17,Payment Successed
9905,18706,2022-11-12,Payment Successed
9906,8697,2020-11-05,Payment Successed
11183,7906,2022-06-28,Payment Failed
11209,11536,2020-04-15,Payment Failed
11220,15651,2021-08-31,Payment Failed
11264,1993,2021-12-18,Payment Failed
11268,11292,2022-02-12,Payment Failed
11184,5113,2021-03-04,Refunded
11219,15422,2020-04-02,Refunded
11224,15557,2021-03-05,Refunded
11273,20381,2020-05-08,Refunded
11282,1498,2020-12-29,Refunded
9909,5163,2023-12-29,Payment Successed
9910,459,2020-12-16,Payment Successed
9911,5885,2021-12-03,Payment Successed
9915,9515,2021-09-02,Payment Successed
9916,19197,2022-06-04,Payment Successed
9917,20120,2022-11-14,Payment Successed
9919,1077,2020-05-19,Payment Successed
9920,19141,2020-12-31,Payment Successed
9922,14564,2023-03-02,Payment Successed
9924,13063,2022-12-21,Payment Successed
9926,4689,2022-07-26,Payment Successed
9929,8764,2023-08-18,Payment Successed
9930,15974,2022-08-20,Payment Successed
9934,14488,2021-02-28,Payment Successed
9936,3809,2021-07-30,Payment Successed
9939,12731,2020-03-06,Payment Successed
9941,12420,2020-09-27,Payment Successed
9942,20922,2020-12-02,Payment Successed
9944,16182,2020-09-05,Payment Successed
9945,5461,2023-06-26,Payment Successed
9946,1903,2020-06-27,Payment Successed
9947,4442,2020-01-22,Payment Successed
9948,1065,2023-01-23,Payment Successed
9950,2126,2023-08-29,Payment Successed
9952,17683,2020-04-09,Payment Successed
9953,5430,2021-12-27,Payment Successed
9954,15284,2023-07-06,Payment Successed
9957,1952,2023-02-01,Payment Successed
9958,447,2022-05-31,Payment Successed
9961,1983,2022-09-24,Payment Successed
9964,8719,2023-10-21,Payment Successed
9966,5930,2021-04-16,Payment Successed
9968,1167,2020-04-25,Payment Successed
9969,1433,2022-04-25,Payment Successed
9971,8711,2023-12-29,Payment Successed
9972,17688,2021-07-05,Payment Successed
9973,14655,2022-12-14,Payment Successed
9975,5246,2023-03-08,Payment Successed
9976,17868,2021-07-19,Payment Successed
9977,12507,2023-01-11,Payment Successed
9979,9101,2020-10-25,Payment Successed
9980,12215,2021-03-29,Payment Successed
9983,19859,2023-07-08,Payment Successed
9986,6337,2023-11-21,Payment Successed
9987,3123,2021-08-28,Payment Successed
11160,2782,2020-06-07,Payment Pending
11162,1588,2021-03-18,Payment Pending
11163,14983,2021-02-26,Payment Pending
11164,11369,2021-10-06,Payment Pending
11168,21525,2022-10-23,Payment Pending
11170,309,2022-06-21,Payment Pending
11175,4629,2021-01-24,Payment Pending
11177,8044,2021-11-26,Payment Pending
11178,16428,2020-09-09,Payment Pending
11179,7486,2022-09-27,Payment Pending
11182,1702,2022-08-10,Payment Pending
11187,13499,2022-03-01,Payment Pending
11189,14153,2020-11-27,Payment Pending
11190,6213,2021-10-17,Payment Pending
11193,20466,2022-07-10,Payment Pending
11196,17100,2023-08-29,Payment Pending
11199,21155,2023-12-23,Payment Pending
11210,10880,2020-12-12,Payment Pending
11211,13401,2020-03-01,Payment Pending
11212,21237,2022-03-06,Payment Pending
11217,4053,2020-06-01,Payment Pending
11218,1397,2021-02-26,Payment Pending
11222,19667,2020-11-09,Payment Pending
11226,8797,2020-02-01,Payment Pending
11229,9817,2022-12-17,Payment Pending
11231,16640,2021-06-05,Payment Pending
11233,15027,2023-10-23,Payment Pending
11235,20199,2022-12-19,Payment Pending
11237,4882,2023-11-01,Payment Pending
11240,9851,2021-09-24,Payment Pending
11242,16161,2022-08-22,Payment Pending
11243,13244,2021-05-21,Payment Pending
11245,13087,2022-03-16,Payment Pending
11250,20916,2021-06-16,Payment Pending
11251,19918,2021-07-21,Payment Pending
11252,18040,2021-03-26,Payment Pending
11256,17354,2023-03-17,Payment Pending
11258,17212,2023-12-21,Payment Pending
11260,18431,2023-01-19,Payment Pending
11261,18363,2020-05-19,Payment Pending
11262,16738,2021-08-16,Payment Pending
11265,12622,2021-12-16,Payment Pending
11267,8542,2023-08-08,Payment Pending
11276,8049,2022-01-05,Payment Pending
11278,16907,2023-07-31,Payment Pending
11281,17321,2020-01-06,Payment Pending
11286,4866,2020-09-26,Payment Pending
11287,16872,2022-03-31,Payment Pending
11288,12527,2020-12-15,Payment Pending
11289,16983,2023-09-25,Payment Pending
9988,11548,2021-12-15,Payment Successed
9990,20243,2022-08-07,Payment Successed
9991,8887,2023-04-28,Payment Successed
9994,16561,2020-05-22,Payment Successed
9995,17564,2021-09-04,Payment Successed
9998,2853,2022-05-20,Payment Successed
10000,14151,2020-06-12,Payment Successed
10001,17381,2022-03-04,Payment Successed
10002,20763,2023-09-17,Payment Successed
10010,18994,2020-04-13,Payment Successed
10011,7985,2021-02-11,Payment Successed
10012,13430,2021-05-16,Payment Successed
10014,13295,2022-05-16,Payment Successed
10015,3956,2023-12-22,Payment Successed
10017,14766,2022-12-11,Payment Successed
10018,11583,2021-07-21,Payment Successed
10021,19337,2021-12-28,Payment Successed
10022,13872,2020-12-01,Payment Successed
10024,291,2023-02-04,Payment Successed
10026,5607,2021-01-07,Payment Successed
10027,15380,2023-03-23,Payment Successed
10028,11475,2023-01-05,Payment Successed
10031,15264,2020-06-01,Payment Successed
11304,9150,2020-09-11,Payment Failed
11314,4961,2023-06-22,Payment Failed
11367,17108,2022-09-24,Payment Failed
11409,18292,2022-01-15,Payment Failed
11311,8228,2023-02-25,Refunded
11330,11816,2021-08-12,Refunded
11403,6558,2020-09-11,Refunded
11417,17762,2023-10-13,Refunded
10032,1910,2020-08-18,Payment Successed
10037,15838,2023-11-24,Payment Successed
10038,6508,2021-08-23,Payment Successed
10039,782,2020-03-27,Payment Successed
10041,16026,2023-05-10,Payment Successed
10048,1414,2021-02-01,Payment Successed
10050,728,2022-04-11,Payment Successed
10051,19498,2020-02-09,Payment Successed
10052,18204,2021-10-22,Payment Successed
10054,12652,2020-12-11,Payment Successed
10057,3737,2023-03-18,Payment Successed
10058,18380,2022-07-24,Payment Successed
10059,2608,2021-02-13,Payment Successed
10060,4588,2021-07-31,Payment Successed
10062,1180,2020-03-21,Payment Successed
10063,13515,2022-12-16,Payment Successed
10064,17957,2020-01-25,Payment Successed
10068,8599,2022-06-20,Payment Successed
10069,16217,2023-11-12,Payment Successed
10070,9083,2021-11-24,Payment Successed
10071,18511,2023-07-05,Payment Successed
10074,19260,2021-03-16,Payment Successed
10077,17510,2023-09-04,Payment Successed
10079,16772,2021-02-21,Payment Successed
10080,19911,2020-08-11,Payment Successed
10081,17317,2021-12-09,Payment Successed
10085,4249,2021-02-14,Payment Successed
10087,4199,2021-04-27,Payment Successed
10088,21056,2022-05-03,Payment Successed
10089,2518,2021-04-22,Payment Successed
10091,4612,2021-10-07,Payment Successed
10092,11368,2020-02-08,Payment Successed
10100,12900,2020-05-31,Payment Successed
10101,3540,2022-01-23,Payment Successed
10102,8096,2023-05-13,Payment Successed
10103,7852,2022-07-20,Payment Successed
11297,10916,2021-07-12,Payment Pending
11301,14922,2023-09-19,Payment Pending
11308,18554,2020-06-19,Payment Pending
11310,13211,2023-06-18,Payment Pending
11312,6980,2021-09-12,Payment Pending
11313,7888,2022-05-02,Payment Pending
11324,17205,2020-07-18,Payment Pending
11328,19816,2020-01-28,Payment Pending
11331,4226,2023-06-26,Payment Pending
11336,2986,2021-11-14,Payment Pending
11341,20760,2022-05-24,Payment Pending
11342,9618,2023-06-26,Payment Pending
11345,8951,2021-05-06,Payment Pending
11346,9376,2020-09-22,Payment Pending
11347,17248,2020-04-30,Payment Pending
11350,15542,2023-08-20,Payment Pending
11351,5240,2023-09-09,Payment Pending
11353,5382,2020-05-05,Payment Pending
11355,8729,2023-10-15,Payment Pending
11356,14130,2020-08-30,Payment Pending
11358,1676,2020-10-16,Payment Pending
11359,2450,2021-02-13,Payment Pending
11365,13034,2023-02-23,Payment Pending
11368,6814,2020-12-09,Payment Pending
11369,15479,2022-01-29,Payment Pending
11377,2917,2022-08-26,Payment Pending
11381,21556,2023-07-02,Payment Pending
11382,19736,2021-07-06,Payment Pending
11384,13608,2023-02-11,Payment Pending
11386,15864,2020-05-26,Payment Pending
11390,18180,2020-01-03,Payment Pending
11394,15004,2021-05-19,Payment Pending
11399,6681,2023-07-16,Payment Pending
11406,12612,2022-11-30,Payment Pending
11407,16117,2023-01-11,Payment Pending
11412,17017,2022-10-10,Payment Pending
11418,19707,2022-09-10,Payment Pending
11419,910,2021-07-12,Payment Pending
11422,17265,2022-03-11,Payment Pending
11424,16359,2021-12-13,Payment Pending
10104,19563,2020-04-30,Payment Successed
10106,21167,2023-07-06,Payment Successed
10108,16939,2021-06-07,Payment Successed
10111,1484,2020-10-01,Payment Successed
10115,15247,2020-10-01,Payment Successed
10123,12561,2020-03-06,Payment Successed
10124,17975,2020-11-25,Payment Successed
10126,11640,2023-12-27,Payment Successed
10127,7718,2021-01-04,Payment Successed
10129,7132,2022-12-18,Payment Successed
10130,19374,2021-04-22,Payment Successed
10131,16969,2023-06-25,Payment Successed
10132,10992,2020-01-25,Payment Successed
10134,8493,2021-04-23,Payment Successed
10135,18537,2023-09-17,Payment Successed
10136,5128,2022-04-09,Payment Successed
10138,16372,2023-01-14,Payment Successed
10139,10886,2023-05-11,Payment Successed
10140,14573,2023-03-31,Payment Successed
10142,2560,2023-07-20,Payment Successed
10143,18840,2020-11-03,Payment Successed
10145,19038,2023-08-24,Payment Successed
10146,21498,2022-07-13,Payment Successed
10148,15597,2020-07-28,Payment Successed
10149,15382,2022-03-25,Payment Successed
10151,12407,2020-06-25,Payment Successed
10152,9998,2021-11-16,Payment Successed
10153,2172,2022-10-21,Payment Successed
10160,21539,2022-11-04,Payment Successed
10162,14224,2020-11-06,Payment Successed
10163,5258,2022-12-04,Payment Successed
10164,19415,2021-06-28,Payment Successed
10165,15530,2023-09-16,Payment Successed
10166,13866,2021-11-20,Payment Successed
10168,8558,2022-07-11,Payment Successed
10170,8146,2020-11-29,Payment Successed
10171,2445,2023-01-20,Payment Successed
10172,5475,2020-01-24,Payment Successed
10173,2392,2023-11-11,Payment Successed
10175,9339,2022-09-25,Payment Successed
10177,14164,2021-10-15,Payment Successed
10178,17362,2023-07-01,Payment Successed
10179,2487,2020-07-21,Payment Successed
10181,9885,2023-01-02,Payment Successed
10183,3339,2021-11-02,Payment Successed
11430,13486,2022-05-17,Payment Failed
11443,12588,2021-07-20,Payment Failed
11458,10674,2023-02-02,Payment Failed
11459,19312,2020-12-15,Payment Failed
11480,7994,2021-09-23,Payment Failed
11482,11136,2020-02-14,Payment Failed
11500,11055,2020-01-22,Payment Failed
11521,5911,2021-08-01,Payment Failed
11541,11196,2021-08-03,Payment Failed
11549,14620,2020-05-17,Payment Failed
11434,2987,2021-08-18,Refunded
11470,4632,2021-06-16,Refunded
11472,19363,2021-06-12,Refunded
11535,5264,2022-12-27,Refunded
11547,12595,2020-01-05,Refunded
10185,14438,2023-04-06,Payment Successed
10187,12856,2022-11-10,Payment Successed
10188,8127,2021-10-25,Payment Successed
10189,3375,2021-12-26,Payment Successed
10191,13272,2023-06-10,Payment Successed
10198,11165,2022-04-19,Payment Successed
10199,1771,2023-08-04,Payment Successed
10201,11039,2023-02-12,Payment Successed
10202,18209,2021-05-04,Payment Successed
10208,13379,2020-06-18,Payment Successed
10209,21594,2022-05-25,Payment Successed
10211,1470,2021-05-04,Payment Successed
10212,6478,2022-10-26,Payment Successed
10215,15322,2021-08-01,Payment Successed
10220,2002,2021-06-17,Payment Successed
10224,9645,2020-04-29,Payment Successed
10226,6420,2020-08-06,Payment Successed
10227,11983,2020-12-16,Payment Successed
10228,7019,2023-07-29,Payment Successed
10229,5104,2023-12-06,Payment Successed
10231,16094,2023-04-28,Payment Successed
10232,10539,2023-10-08,Payment Successed
10234,16599,2021-07-20,Payment Successed
10235,2716,2020-01-03,Payment Successed
10237,16346,2022-03-01,Payment Successed
10242,2173,2020-03-31,Payment Successed
10245,5887,2020-08-16,Payment Successed
10246,4505,2022-07-25,Payment Successed
10247,21473,2023-08-26,Payment Successed
10248,19827,2021-04-27,Payment Successed
10249,2658,2021-04-21,Payment Successed
10250,7970,2021-02-16,Payment Successed
10253,15634,2021-01-17,Payment Successed
10256,3506,2022-02-18,Payment Successed
10258,10187,2021-06-17,Payment Successed
10259,17159,2021-06-10,Payment Successed
10260,16898,2020-01-11,Payment Successed
10261,3392,2023-02-07,Payment Successed
10263,9772,2022-02-25,Payment Successed
10264,10946,2023-07-22,Payment Successed
10265,1209,2020-08-17,Payment Successed
10266,10067,2020-04-02,Payment Successed
11432,19214,2022-04-21,Payment Pending
11437,4741,2021-12-22,Payment Pending
11439,15627,2021-12-14,Payment Pending
11441,9139,2022-06-06,Payment Pending
11444,14318,2020-03-03,Payment Pending
11445,13445,2022-12-02,Payment Pending
11446,16163,2022-09-13,Payment Pending
11449,10568,2020-08-15,Payment Pending
11450,14240,2020-08-01,Payment Pending
11452,1716,2022-10-28,Payment Pending
11454,12659,2020-08-23,Payment Pending
11461,2852,2021-12-21,Payment Pending
11464,17717,2021-03-28,Payment Pending
11465,3117,2020-02-08,Payment Pending
11473,13592,2022-01-21,Payment Pending
11475,15337,2021-02-25,Payment Pending
11483,16629,2023-05-25,Payment Pending
11486,21211,2022-09-16,Payment Pending
11490,7979,2023-10-30,Payment Pending
11491,17863,2022-05-23,Payment Pending
11496,15577,2020-11-08,Payment Pending
11497,17548,2022-02-23,Payment Pending
11498,12829,2021-04-25,Payment Pending
11501,14144,2020-07-22,Payment Pending
11502,11474,2022-03-04,Payment Pending
11505,16752,2023-10-21,Payment Pending
11507,14855,2023-03-23,Payment Pending
11508,1977,2022-08-11,Payment Pending
11515,3612,2021-02-07,Payment Pending
11518,14119,2020-01-05,Payment Pending
11519,14270,2020-06-18,Payment Pending
11520,5133,2020-08-04,Payment Pending
11523,13119,2021-11-05,Payment Pending
11525,13224,2020-03-04,Payment Pending
11526,2562,2022-08-24,Payment Pending
11528,1578,2022-08-17,Payment Pending
11531,6432,2021-10-06,Payment Pending
11536,21431,2021-06-08,Payment Pending
11539,8582,2021-01-08,Payment Pending
11540,18905,2022-08-29,Payment Pending
11544,12209,2023-04-05,Payment Pending
11545,1264,2021-04-12,Payment Pending
11546,14716,2020-05-31,Payment Pending
11548,13117,2022-12-07,Payment Pending
11551,503,2023-07-14,Payment Pending
11553,9267,2023-02-21,Payment Pending
11557,19548,2023-02-21,Payment Pending
10267,5867,2023-04-17,Payment Successed
10268,16859,2021-07-14,Payment Successed
10274,16667,2021-10-09,Payment Successed
10278,12011,2021-01-28,Payment Successed
10279,11977,2020-01-10,Payment Successed
10281,389,2021-02-15,Payment Successed
10283,5201,2021-10-16,Payment Successed
10284,12319,2020-12-29,Payment Successed
10285,5879,2022-09-02,Payment Successed
10289,4547,2021-07-28,Payment Successed
10290,6010,2020-09-11,Payment Successed
10293,6725,2020-10-15,Payment Successed
10294,12131,2022-04-18,Payment Successed
10295,10776,2023-02-08,Payment Successed
10296,13883,2021-06-28,Payment Successed
10298,15536,2023-10-18,Payment Successed
10299,16430,2023-08-11,Payment Successed
10300,7697,2022-08-20,Payment Successed
10301,9782,2020-02-21,Payment Successed
10304,17320,2020-03-09,Payment Successed
10305,4678,2023-05-29,Payment Successed
10306,8839,2020-07-19,Payment Successed
10310,5632,2020-08-23,Payment Successed
10311,8827,2021-05-24,Payment Successed
11572,17941,2020-12-24,Payment Failed
11580,18110,2020-04-01,Payment Failed
11600,15328,2023-03-16,Payment Failed
11617,2086,2021-07-11,Payment Failed
11618,5972,2020-07-07,Payment Failed
11643,2247,2023-04-25,Payment Failed
11661,2794,2022-01-19,Payment Failed
11664,20587,2023-08-23,Payment Failed
11672,1698,2022-09-30,Payment Failed
11686,6223,2023-09-02,Payment Failed
11566,16432,2023-02-10,Refunded
11582,1477,2021-12-09,Refunded
11625,7384,2023-08-17,Refunded
11647,989,2020-09-10,Refunded
11665,14750,2022-04-23,Refunded
11682,17692,2020-02-01,Refunded
11694,3969,2022-12-18,Refunded
10312,5078,2022-11-12,Payment Successed
10313,13303,2021-02-23,Payment Successed
10314,9675,2020-03-12,Payment Successed
10315,10338,2021-04-19,Payment Successed
10317,11383,2022-06-15,Payment Successed
10322,8562,2023-08-30,Payment Successed
10323,8460,2023-07-04,Payment Successed
10324,7068,2021-04-19,Payment Successed
10329,2624,2021-07-13,Payment Successed
10330,17580,2020-07-30,Payment Successed
10331,5654,2021-03-28,Payment Successed
10333,6840,2020-12-30,Payment Successed
10336,7153,2021-08-11,Payment Successed
10341,14934,2023-12-20,Payment Successed
10342,10317,2020-02-12,Payment Successed
10344,16225,2020-09-11,Payment Successed
10345,11526,2021-01-24,Payment Successed
10346,96,2021-04-09,Payment Successed
10348,18187,2023-04-23,Payment Successed
10350,2785,2021-01-22,Payment Successed
10352,15997,2022-10-13,Payment Successed
10353,5991,2023-12-11,Payment Successed
10354,10366,2020-03-17,Payment Successed
10355,14260,2021-01-21,Payment Successed
10356,11655,2021-06-14,Payment Successed
10357,7609,2022-01-31,Payment Successed
10358,6155,2020-12-12,Payment Successed
10359,18016,2022-02-24,Payment Successed
10360,2654,2022-07-19,Payment Successed
10362,5132,2022-10-13,Payment Successed
10363,9028,2020-07-01,Payment Successed
10364,19167,2023-04-13,Payment Successed
11562,6068,2023-09-20,Payment Pending
11571,20690,2023-04-20,Payment Pending
11574,13369,2022-02-08,Payment Pending
11579,16315,2022-05-01,Payment Pending
11581,17764,2021-05-02,Payment Pending
11583,13273,2021-02-25,Payment Pending
11584,17104,2021-10-23,Payment Pending
11585,1897,2022-11-15,Payment Pending
11586,13114,2023-10-04,Payment Pending
11593,18470,2021-08-01,Payment Pending
11594,12208,2023-01-07,Payment Pending
11595,21611,2021-12-01,Payment Pending
11601,257,2020-06-03,Payment Pending
11604,12079,2020-12-11,Payment Pending
11608,17983,2020-02-04,Payment Pending
11610,2601,2020-01-18,Payment Pending
11614,7988,2022-01-24,Payment Pending
11615,13591,2020-08-29,Payment Pending
11616,5726,2020-10-12,Payment Pending
11626,21486,2023-07-04,Payment Pending
11628,12687,2023-03-05,Payment Pending
11630,4256,2022-07-03,Payment Pending
11632,7364,2021-06-25,Payment Pending
11636,18460,2020-11-23,Payment Pending
11639,4707,2022-12-13,Payment Pending
11646,10445,2020-11-23,Payment Pending
11648,15673,2020-01-09,Payment Pending
11649,12713,2024-01-02,Payment Pending
11651,15870,2022-06-07,Payment Pending
11654,2719,2021-03-25,Payment Pending
11655,965,2021-04-23,Payment Pending
11658,3378,2020-02-01,Payment Pending
11667,1842,2022-04-22,Payment Pending
11669,8644,2023-10-22,Payment Pending
11670,2203,2023-11-05,Payment Pending
11676,9107,2021-08-22,Payment Pending
11689,18580,2022-12-11,Payment Pending
11690,9756,2022-03-14,Payment Pending
11696,15236,2023-10-15,Payment Pending
10365,9034,2021-12-05,Payment Successed
10366,7125,2022-04-04,Payment Successed
10367,20108,2020-07-30,Payment Successed
10368,13775,2020-05-04,Payment Successed
10369,8497,2022-08-11,Payment Successed
10371,7698,2023-06-02,Payment Successed
10372,6726,2020-01-26,Payment Successed
10374,21542,2022-06-19,Payment Successed
10375,10863,2023-02-02,Payment Successed
10377,5057,2022-10-18,Payment Successed
10378,5171,2023-01-21,Payment Successed
10379,7398,2021-05-08,Payment Successed
10382,19392,2022-11-25,Payment Successed
10389,5954,2023-01-24,Payment Successed
10390,4886,2020-11-04,Payment Successed
10392,15936,2021-02-24,Payment Successed
10393,10854,2021-09-19,Payment Successed
10395,2910,2023-12-24,Payment Successed
10396,20476,2023-09-02,Payment Successed
10397,16328,2020-09-10,Payment Successed
10399,18815,2022-02-19,Payment Successed
10401,3019,2023-07-21,Payment Successed
10405,10766,2021-10-29,Payment Successed
10408,14962,2022-08-31,Payment Successed
10409,20512,2022-02-08,Payment Successed
10411,4714,2022-08-07,Payment Successed
10413,19387,2021-11-06,Payment Successed
10417,13254,2021-06-25,Payment Successed
10418,11740,2023-08-07,Payment Successed
10419,17797,2023-05-11,Payment Successed
10421,6087,2020-07-12,Payment Successed
10424,8753,2022-01-17,Payment Successed
10425,20245,2023-11-11,Payment Successed
10426,19346,2022-07-04,Payment Successed
10429,15335,2023-11-24,Payment Successed
10430,10583,2022-04-14,Payment Successed
10433,21206,2023-11-18,Payment Successed
10435,1798,2022-04-15,Payment Successed
11709,3546,2020-12-31,Payment Failed
11747,12359,2020-09-14,Payment Failed
11774,10197,2022-06-19,Payment Failed
11775,7241,2020-03-01,Payment Failed
11787,12742,2021-12-06,Payment Failed
11790,18111,2020-05-31,Payment Failed
11811,21033,2021-08-06,Payment Failed
11818,13951,2021-06-25,Payment Failed
11826,15283,2022-08-19,Payment Failed
11827,20616,2022-12-13,Payment Failed
11710,15915,2020-10-31,Refunded
11765,384,2020-06-02,Refunded
11820,10268,2021-11-10,Refunded
10436,10933,2023-04-04,Payment Successed
10437,14527,2021-10-23,Payment Successed
10441,20821,2022-06-15,Payment Successed
10442,2349,2022-12-17,Payment Successed
10443,7284,2021-12-30,Payment Successed
10445,3822,2022-05-06,Payment Successed
10446,824,2022-04-12,Payment Successed
10447,15222,2023-09-12,Payment Successed
10449,19508,2020-03-11,Payment Successed
10450,20384,2023-05-22,Payment Successed
10451,16379,2022-12-20,Payment Successed
10452,17343,2023-02-22,Payment Successed
10453,21138,2022-12-01,Payment Successed
10454,15424,2021-12-07,Payment Successed
10459,8285,2021-01-12,Payment Successed
10460,181,2023-04-14,Payment Successed
10462,14395,2021-05-22,Payment Successed
10465,10960,2022-03-09,Payment Successed
10466,16054,2023-12-11,Payment Successed
10467,4204,2020-01-04,Payment Successed
10468,15984,2023-10-20,Payment Successed
10469,19610,2021-12-05,Payment Successed
10470,5339,2022-01-03,Payment Successed
10471,8870,2020-10-04,Payment Successed
10472,7478,2021-05-21,Payment Successed
10473,13909,2022-04-14,Payment Successed
10475,816,2020-08-06,Payment Successed
10476,19799,2021-12-25,Payment Successed
10482,11997,2023-11-21,Payment Successed
10483,18944,2023-05-26,Payment Successed
10487,929,2020-05-31,Payment Successed
10489,12406,2022-07-30,Payment Successed
10492,12542,2020-02-16,Payment Successed
10493,20277,2022-02-07,Payment Successed
10494,11296,2022-06-13,Payment Successed
10495,7064,2020-10-20,Payment Successed
10496,11804,2021-12-28,Payment Successed
10497,7375,2023-10-14,Payment Successed
10498,14987,2023-10-21,Payment Successed
10500,6520,2022-10-16,Payment Successed
10501,11530,2020-02-22,Payment Successed
11698,13198,2023-03-18,Payment Pending
11699,14762,2020-07-24,Payment Pending
11700,8616,2020-06-09,Payment Pending
11703,14235,2021-10-18,Payment Pending
11706,18899,2021-03-26,Payment Pending
11708,12105,2022-01-15,Payment Pending
11714,12779,2020-11-20,Payment Pending
11718,12059,2022-11-29,Payment Pending
11720,175,2023-11-09,Payment Pending
11722,12158,2023-11-07,Payment Pending
11725,1280,2022-06-27,Payment Pending
11728,8455,2022-09-17,Payment Pending
11729,6405,2020-03-29,Payment Pending
11730,788,2021-04-11,Payment Pending
11733,5812,2021-02-02,Payment Pending
11734,11329,2023-04-08,Payment Pending
11743,1331,2022-08-26,Payment Pending
11749,7399,2023-08-10,Payment Pending
11750,8728,2023-05-04,Payment Pending
11754,4607,2023-11-08,Payment Pending
11756,14339,2020-05-16,Payment Pending
11757,21139,2020-07-28,Payment Pending
11759,1061,2023-09-04,Payment Pending
11762,14991,2021-06-08,Payment Pending
11764,15352,2022-07-02,Payment Pending
11768,2324,2021-03-14,Payment Pending
11769,1704,2021-05-09,Payment Pending
11772,10820,2020-06-15,Payment Pending
11777,4828,2022-08-25,Payment Pending
11779,14173,2020-08-17,Payment Pending
11780,159,2022-02-26,Payment Pending
11781,5402,2021-09-20,Payment Pending
11783,17016,2023-01-11,Payment Pending
11791,17370,2022-08-18,Payment Pending
11797,16706,2021-07-13,Payment Pending
11808,19475,2020-06-20,Payment Pending
11814,17845,2020-10-08,Payment Pending
11816,4898,2020-08-13,Payment Pending
11819,2876,2022-08-08,Payment Pending
11821,5340,2020-12-16,Payment Pending
11825,5906,2022-03-04,Payment Pending
11828,18065,2020-10-16,Payment Pending
11831,1522,2021-11-20,Payment Pending
11833,2796,2020-01-26,Payment Pending
10505,7841,2020-11-19,Payment Successed
10506,4590,2022-01-29,Payment Successed
10508,8874,2023-12-22,Payment Successed
10510,15204,2022-06-12,Payment Successed
10512,17342,2020-11-14,Payment Successed
10517,2276,2022-03-11,Payment Successed
10518,9181,2020-06-27,Payment Successed
10520,12256,2021-02-03,Payment Successed
10523,6072,2020-09-16,Payment Successed
10527,16581,2022-05-15,Payment Successed
10528,5062,2023-01-19,Payment Successed
10530,12328,2023-09-28,Payment Successed
10532,14888,2020-11-17,Payment Successed
10533,445,2023-08-28,Payment Successed
10534,9230,2023-09-19,Payment Successed
10535,14943,2020-05-23,Payment Successed
10536,3311,2021-10-17,Payment Successed
10537,10438,2020-01-02,Payment Successed
10538,3403,2020-08-23,Payment Successed
10539,18390,2021-05-17,Payment Successed
10543,5962,2023-04-25,Payment Successed
10544,13578,2022-07-15,Payment Successed
10551,2209,2023-12-01,Payment Successed
10552,19860,2023-07-14,Payment Successed
10553,1240,2020-12-14,Payment Successed
10554,2574,2023-06-29,Payment Successed
10555,18591,2022-04-12,Payment Successed
10556,20173,2020-08-02,Payment Successed
10557,4156,2022-05-24,Payment Successed
10558,1446,2021-04-24,Payment Successed
10561,8731,2023-02-20,Payment Successed
11848,19526,2022-02-09,Payment Failed
11888,18035,2020-09-09,Payment Failed
11903,4907,2020-01-06,Payment Failed
11913,11015,2023-05-22,Payment Failed
11933,14113,2020-07-24,Payment Failed
11871,10973,2022-07-28,Refunded
11876,9585,2021-08-19,Refunded
11915,14921,2020-08-29,Refunded
11934,18807,2023-05-15,Refunded
11962,20275,2023-05-15,Refunded
10562,10035,2023-02-03,Payment Successed
10564,14283,2022-04-22,Payment Successed
10566,16076,2022-01-14,Payment Successed
10567,4023,2023-01-31,Payment Successed
10568,10613,2023-01-10,Payment Successed
10569,12993,2020-07-06,Payment Successed
10570,10300,2022-01-15,Payment Successed
10571,4331,2021-04-06,Payment Successed
10572,11590,2023-03-17,Payment Successed
10573,4167,2022-04-18,Payment Successed
10574,17299,2020-01-19,Payment Successed
10581,17855,2020-01-13,Payment Successed
10583,17219,2022-09-14,Payment Successed
10584,4257,2020-08-07,Payment Successed
10585,18394,2020-01-10,Payment Successed
10586,2455,2023-02-08,Payment Successed
10587,6756,2020-09-21,Payment Successed
10588,19789,2021-04-03,Payment Successed
10590,10718,2023-12-31,Payment Successed
10592,3025,2020-05-02,Payment Successed
10594,6530,2020-04-20,Payment Successed
10597,12841,2023-08-02,Payment Successed
10598,8052,2020-12-01,Payment Successed
10600,12770,2021-08-29,Payment Successed
10601,10900,2020-08-15,Payment Successed
10602,9094,2022-05-18,Payment Successed
10603,19828,2022-12-11,Payment Successed
10610,17768,2023-07-09,Payment Successed
10611,3290,2022-06-08,Payment Successed
10612,3992,2021-07-04,Payment Successed
10614,1982,2022-10-09,Payment Successed
10616,1457,2020-01-26,Payment Successed
10618,14482,2022-07-08,Payment Successed
10621,13378,2023-01-26,Payment Successed
10623,3958,2023-07-20,Payment Successed
10625,6816,2021-08-15,Payment Successed
10627,7349,2022-08-30,Payment Successed
10629,20631,2022-11-17,Payment Successed
10630,12733,2021-01-31,Payment Successed
10631,18903,2020-09-09,Payment Successed
10632,3526,2023-12-27,Payment Successed
10634,3684,2020-04-20,Payment Successed
10636,4357,2023-02-02,Payment Successed
10641,12589,2023-09-05,Payment Successed
11840,5488,2023-07-31,Payment Pending
11841,13781,2022-08-04,Payment Pending
11842,20973,2021-03-15,Payment Pending
11844,21350,2022-05-28,Payment Pending
11846,12571,2023-05-16,Payment Pending
11855,8076,2021-11-13,Payment Pending
11856,4186,2020-10-20,Payment Pending
11857,11438,2023-03-19,Payment Pending
11858,8554,2022-04-04,Payment Pending
11865,9980,2023-10-04,Payment Pending
11866,5055,2023-05-26,Payment Pending
11867,13555,2022-06-07,Payment Pending
11868,10920,2020-04-16,Payment Pending
11869,9390,2023-01-12,Payment Pending
11870,9653,2020-08-15,Payment Pending
11874,19750,2022-03-01,Payment Pending
11878,15266,2020-08-22,Payment Pending
11891,1109,2021-11-28,Payment Pending
11893,809,2020-02-21,Payment Pending
11894,16423,2020-05-06,Payment Pending
11898,11621,2021-11-18,Payment Pending
11899,21446,2022-01-17,Payment Pending
11901,13835,2020-03-09,Payment Pending
11905,17703,2023-04-19,Payment Pending
11906,1080,2021-12-22,Payment Pending
11907,924,2022-02-03,Payment Pending
11909,13453,2023-05-06,Payment Pending
11910,14193,2023-01-18,Payment Pending
11912,4144,2021-07-09,Payment Pending
11917,10302,2020-10-24,Payment Pending
11918,5482,2020-12-02,Payment Pending
11921,8557,2022-11-24,Payment Pending
11922,21592,2020-04-13,Payment Pending
11923,14246,2020-07-03,Payment Pending
11925,14042,2022-01-13,Payment Pending
11926,13314,2021-05-26,Payment Pending
11928,3469,2020-03-10,Payment Pending
11929,10033,2023-08-19,Payment Pending
11932,20475,2022-01-26,Payment Pending
11935,6691,2021-07-14,Payment Pending
11936,6084,2022-09-22,Payment Pending
11938,4596,2023-02-10,Payment Pending
11944,18058,2020-10-27,Payment Pending
11949,19163,2022-11-17,Payment Pending
11952,6040,2023-06-17,Payment Pending
11953,19012,2020-11-04,Payment Pending
11961,11666,2023-02-26,Payment Pending
11966,4251,2020-06-07,Payment Pending
11968,14431,2021-03-03,Payment Pending
11969,12662,2022-07-17,Payment Pending
10643,401,2022-02-13,Payment Successed
10644,13664,2021-10-20,Payment Successed
10646,20144,2022-09-06,Payment Successed
10647,18010,2020-04-04,Payment Successed
10648,4842,2023-08-22,Payment Successed
10649,8025,2021-03-09,Payment Successed
10650,20878,2020-05-08,Payment Successed
10651,1480,2021-09-02,Payment Successed
10655,16131,2021-10-29,Payment Successed
10657,17804,2021-04-20,Payment Successed
10659,12294,2021-11-30,Payment Successed
10662,16045,2022-01-01,Payment Successed
10667,1008,2020-08-31,Payment Successed
10668,7413,2022-12-13,Payment Successed
10670,11613,2022-06-17,Payment Successed
10672,814,2020-05-03,Payment Successed
10673,9244,2023-04-15,Payment Successed
10674,17743,2022-08-22,Payment Successed
10675,618,2020-05-08,Payment Successed
10676,2042,2023-02-21,Payment Successed
10678,312,2021-09-24,Payment Successed
10681,7740,2020-04-08,Payment Successed
11985,4676,2023-03-06,Payment Failed
12000,18454,2023-03-29,Payment Failed
12014,18185,2023-11-07,Payment Failed
12021,11498,2023-06-16,Payment Failed
12028,4641,2020-09-13,Payment Failed
12094,17286,2022-10-07,Payment Failed
11998,11563,2021-07-24,Refunded
12002,20205,2023-01-11,Refunded
12011,7306,2021-05-04,Refunded
12012,6667,2023-01-11,Refunded
12023,18287,2023-07-16,Refunded
12027,15083,2021-06-04,Refunded
12037,21429,2022-11-28,Refunded
12051,11499,2020-06-18,Refunded
12053,4282,2020-01-10,Refunded
10682,18321,2020-11-20,Payment Successed
10684,893,2023-06-06,Payment Successed
10686,7178,2020-07-12,Payment Successed
10691,13633,2021-02-18,Payment Successed
10693,10605,2020-08-31,Payment Successed
10700,4635,2021-05-29,Payment Successed
10701,4423,2021-01-09,Payment Successed
10705,8987,2023-04-15,Payment Successed
10709,13261,2023-09-17,Payment Successed
10710,21199,2022-01-19,Payment Successed
10711,9800,2021-03-13,Payment Successed
10712,11227,2022-09-02,Payment Successed
10714,20373,2020-08-06,Payment Successed
10715,16115,2021-03-23,Payment Successed
10717,560,2023-05-05,Payment Successed
10722,187,2022-10-20,Payment Successed
10724,14262,2021-04-03,Payment Successed
10728,8520,2022-10-06,Payment Successed
10730,930,2022-01-10,Payment Successed
10736,8584,2020-02-27,Payment Successed
10737,16946,2023-01-22,Payment Successed
10738,3884,2021-03-08,Payment Successed
10739,11090,2021-03-25,Payment Successed
10740,16049,2021-04-16,Payment Successed
10741,12374,2023-01-09,Payment Successed
10742,1796,2020-03-23,Payment Successed
10745,20354,2022-07-05,Payment Successed
10750,14555,2023-10-15,Payment Successed
10753,17031,2021-07-22,Payment Successed
10754,20065,2021-08-17,Payment Successed
10755,1675,2020-07-24,Payment Successed
10757,5497,2021-01-13,Payment Successed
10759,11142,2020-04-26,Payment Successed
10760,14174,2021-05-20,Payment Successed
10761,10385,2020-04-10,Payment Successed
10764,2524,2021-10-13,Payment Successed
10766,20422,2021-01-30,Payment Successed
10767,19277,2020-04-07,Payment Successed
10769,15903,2020-06-27,Payment Successed
10770,12049,2022-02-13,Payment Successed
10771,19514,2022-06-14,Payment Successed
11971,6609,2020-09-12,Payment Pending
11978,17551,2020-12-11,Payment Pending
11982,12048,2021-01-02,Payment Pending
11987,13280,2021-11-05,Payment Pending
11988,12114,2022-01-23,Payment Pending
11994,14958,2022-07-27,Payment Pending
11995,1598,2023-02-01,Payment Pending
11996,17160,2020-07-25,Payment Pending
12001,8200,2021-07-01,Payment Pending
12003,20506,2021-04-23,Payment Pending
12004,19509,2022-03-13,Payment Pending
12005,9207,2020-01-23,Payment Pending
12007,16018,2021-09-15,Payment Pending
12008,6902,2020-08-27,Payment Pending
12013,3495,2023-07-09,Payment Pending
12015,432,2021-11-04,Payment Pending
12017,20591,2020-04-15,Payment Pending
12019,7573,2021-09-13,Payment Pending
12022,18900,2023-05-18,Payment Pending
12029,7365,2023-10-06,Payment Pending
12034,11809,2020-12-26,Payment Pending
12035,19329,2022-07-18,Payment Pending
12042,3076,2020-12-21,Payment Pending
12043,14951,2021-06-19,Payment Pending
12044,5275,2022-04-12,Payment Pending
12046,6693,2021-01-06,Payment Pending
12056,12277,2020-03-19,Payment Pending
12057,7964,2021-03-04,Payment Pending
12058,11061,2023-08-08,Payment Pending
12059,20098,2021-12-17,Payment Pending
12061,5517,2020-08-22,Payment Pending
12066,17110,2020-10-25,Payment Pending
12068,2994,2023-01-28,Payment Pending
12069,9456,2020-06-07,Payment Pending
12070,6523,2021-08-15,Payment Pending
12071,14239,2023-11-07,Payment Pending
12072,3063,2020-05-05,Payment Pending
12075,11673,2021-08-19,Payment Pending
12077,14621,2020-03-15,Payment Pending
12079,18251,2022-12-24,Payment Pending
12080,11575,2022-11-03,Payment Pending
12083,19988,2020-01-01,Payment Pending
12085,2483,2022-04-06,Payment Pending
12088,5873,2023-07-02,Payment Pending
12091,1975,2023-03-07,Payment Pending
12093,6086,2021-11-20,Payment Pending
12095,6151,2021-12-19,Payment Pending
12096,7211,2023-07-16,Payment Pending
12098,675,2023-07-07,Payment Pending
12099,11818,2023-05-08,Payment Pending
10772,15914,2020-09-06,Payment Successed
10774,17549,2020-11-14,Payment Successed
10775,19366,2023-01-24,Payment Successed
10776,16,2021-06-24,Payment Successed
10781,19253,2022-02-22,Payment Successed
10783,21304,2020-12-26,Payment Successed
10785,18445,2023-09-22,Payment Successed
10786,18002,2021-02-10,Payment Successed
10787,15059,2021-06-30,Payment Successed
10788,18296,2020-02-11,Payment Successed
10789,15166,2020-12-09,Payment Successed
10790,18984,2023-05-04,Payment Successed
10793,16033,2022-12-18,Payment Successed
10794,6986,2020-12-08,Payment Successed
10795,16731,2022-08-03,Payment Successed
10798,4180,2021-09-25,Payment Successed
10799,13266,2021-01-03,Payment Successed
10801,4681,2020-07-08,Payment Successed
12121,18827,2021-06-12,Payment Failed
12125,4235,2020-07-24,Payment Failed
12134,5789,2021-06-04,Payment Failed
12140,20114,2023-05-28,Payment Failed
12145,6966,2023-11-11,Payment Failed
12149,18031,2022-01-10,Payment Failed
12151,17407,2021-10-06,Payment Failed
12168,19160,2023-07-24,Payment Failed
12176,6753,2022-01-31,Payment Failed
12182,1601,2021-08-16,Payment Failed
12197,7106,2020-03-17,Payment Failed
12207,1701,2020-10-13,Payment Failed
12219,5254,2022-04-16,Payment Failed
12224,2663,2022-03-03,Payment Failed
12238,4346,2023-05-13,Payment Failed
12137,7030,2023-05-27,Refunded
12229,3376,2022-05-15,Refunded
12234,18881,2021-11-11,Refunded
10802,8607,2020-06-30,Payment Successed
10803,4290,2022-08-08,Payment Successed
10804,9455,2020-04-24,Payment Successed
10806,6724,2023-08-18,Payment Successed
10810,8880,2023-11-07,Payment Successed
10811,14812,2022-10-13,Payment Successed
10814,14480,2020-05-20,Payment Successed
10815,19317,2022-09-11,Payment Successed
10817,5319,2022-12-08,Payment Successed
10818,6422,2023-04-13,Payment Successed
10819,17673,2023-11-24,Payment Successed
10820,15942,2022-10-27,Payment Successed
10822,3916,2020-12-26,Payment Successed
10823,5347,2022-05-23,Payment Successed
10824,12504,2021-01-12,Payment Successed
10826,6013,2021-07-28,Payment Successed
10828,9099,2023-06-10,Payment Successed
10829,12944,2021-06-14,Payment Successed
10832,526,2023-11-29,Payment Successed
10834,14538,2021-01-26,Payment Successed
10838,14948,2023-12-26,Payment Successed
10840,2469,2021-09-27,Payment Successed
10843,10229,2023-07-23,Payment Successed
10844,13414,2021-03-12,Payment Successed
10845,16325,2021-05-13,Payment Successed
10847,16966,2024-01-01,Payment Successed
10850,20921,2023-10-03,Payment Successed
10851,12658,2020-09-04,Payment Successed
10852,3157,2022-02-08,Payment Successed
10853,1233,2020-06-05,Payment Successed
10854,5316,2020-06-06,Payment Successed
10855,14314,2020-03-14,Payment Successed
10856,9057,2022-03-12,Payment Successed
10857,11487,2022-05-23,Payment Successed
10861,16402,2022-08-27,Payment Successed
10862,7278,2021-10-31,Payment Successed
10863,3919,2022-11-26,Payment Successed
10865,17339,2021-07-27,Payment Successed
10867,19166,2022-02-20,Payment Successed
10868,19267,2022-07-25,Payment Successed
10874,7955,2023-02-06,Payment Successed
12109,13438,2020-11-20,Payment Pending
12111,3717,2021-04-03,Payment Pending
12116,2804,2022-03-04,Payment Pending
12118,14755,2023-08-29,Payment Pending
12127,15825,2022-07-20,Payment Pending
12131,8219,2022-10-29,Payment Pending
12132,11181,2022-12-10,Payment Pending
12133,14728,2021-01-09,Payment Pending
12136,14910,2022-06-12,Payment Pending
12139,17770,2022-10-14,Payment Pending
12141,13145,2020-10-06,Payment Pending
12142,7220,2023-09-26,Payment Pending
12143,16019,2021-05-07,Payment Pending
12148,14022,2022-11-02,Payment Pending
12150,21059,2022-07-20,Payment Pending
12152,8312,2023-01-18,Payment Pending
12153,9843,2022-01-22,Payment Pending
12155,11557,2021-07-25,Payment Pending
12156,12827,2021-01-22,Payment Pending
12158,571,2020-07-07,Payment Pending
12166,10482,2023-04-14,Payment Pending
12177,10184,2021-06-30,Payment Pending
12179,8972,2022-07-13,Payment Pending
12181,18593,2020-02-29,Payment Pending
12189,16846,2022-12-29,Payment Pending
12190,18385,2020-12-08,Payment Pending
12195,16127,2023-11-10,Payment Pending
12199,7309,2021-06-29,Payment Pending
12202,18181,2020-10-11,Payment Pending
12204,16456,2023-09-09,Payment Pending
12206,16623,2023-11-19,Payment Pending
12208,12755,2020-03-18,Payment Pending
12209,222,2023-08-15,Payment Pending
12210,16576,2023-09-24,Payment Pending
12212,11010,2021-03-27,Payment Pending
12214,7790,2023-09-09,Payment Pending
12216,13277,2022-01-01,Payment Pending
12220,2342,2021-11-24,Payment Pending
12222,12735,2023-01-11,Payment Pending
12225,13862,2020-04-26,Payment Pending
12230,2406,2020-08-10,Payment Pending
12231,21024,2020-07-27,Payment Pending
12232,3079,2020-12-07,Payment Pending
12233,3826,2021-10-14,Payment Pending
10875,17832,2022-06-28,Payment Successed
10876,969,2021-07-09,Payment Successed
10877,4285,2020-12-11,Payment Successed
10878,11823,2022-09-21,Payment Successed
10880,19545,2020-04-18,Payment Successed
10881,5832,2022-09-14,Payment Successed
10882,14517,2023-08-12,Payment Successed
10884,4730,2023-12-29,Payment Successed
10888,11187,2023-10-25,Payment Successed
10889,20503,2023-03-26,Payment Successed
10890,10801,2023-05-20,Payment Successed
10891,18694,2022-08-20,Payment Successed
10892,15468,2023-01-03,Payment Successed
10894,5118,2023-01-08,Payment Successed
10896,6697,2020-09-29,Payment Successed
10898,7770,2020-06-09,Payment Successed
10901,20218,2023-04-24,Payment Successed
10905,8203,2020-07-10,Payment Successed
10907,7621,2021-11-17,Payment Successed
10909,5795,2021-06-03,Payment Successed
10911,11065,2023-06-25,Payment Successed
10913,11283,2020-02-19,Payment Successed
10915,9944,2022-12-20,Payment Successed
10917,7426,2023-11-04,Payment Successed
10918,6482,2020-02-02,Payment Successed
10919,2380,2021-09-11,Payment Successed
12250,19322,2022-11-14,Payment Failed
12293,3060,2021-05-31,Payment Failed
12300,15174,2021-08-14,Payment Failed
12303,20349,2023-04-10,Payment Failed
12355,17405,2020-01-12,Payment Failed
12362,21264,2023-08-24,Payment Failed
12366,11510,2021-09-25,Payment Failed
12372,19641,2023-01-01,Payment Failed
12246,18563,2022-09-13,Refunded
12368,20646,2023-05-09,Refunded
10922,475,2021-05-14,Payment Successed
10923,12806,2021-03-29,Payment Successed
10925,9655,2023-09-25,Payment Successed
10926,4963,2021-08-22,Payment Successed
10929,21294,2023-07-21,Payment Successed
10930,20959,2023-09-13,Payment Successed
10931,11895,2022-12-01,Payment Successed
10934,19181,2022-12-17,Payment Successed
10936,6538,2023-04-18,Payment Successed
10938,18299,2023-01-30,Payment Successed
10939,84,2023-03-11,Payment Successed
10941,4522,2021-11-25,Payment Successed
10942,19109,2020-07-10,Payment Successed
10944,1037,2021-04-09,Payment Successed
10949,1896,2020-05-06,Payment Successed
10950,7715,2020-03-30,Payment Successed
10951,3983,2020-05-25,Payment Successed
10952,2025,2023-04-18,Payment Successed
10956,11309,2021-03-16,Payment Successed
10959,11198,2020-08-24,Payment Successed
10960,14015,2021-04-06,Payment Successed
10962,4860,2023-06-05,Payment Successed
10963,6853,2023-02-21,Payment Successed
10964,9667,2022-08-25,Payment Successed
10966,12534,2023-09-15,Payment Successed
10967,6021,2023-03-14,Payment Successed
10968,12298,2021-05-19,Payment Successed
10969,9286,2021-12-19,Payment Successed
10971,12435,2021-04-13,Payment Successed
10978,8323,2020-04-19,Payment Successed
10979,3475,2020-01-05,Payment Successed
10980,19384,2022-06-01,Payment Successed
10981,2485,2022-11-07,Payment Successed
10982,11691,2022-07-05,Payment Successed
10984,12694,2022-03-21,Payment Successed
10989,7846,2022-10-22,Payment Successed
10991,3179,2023-08-15,Payment Successed
10994,6982,2020-04-21,Payment Successed
10995,20095,2022-12-20,Payment Successed
10998,12830,2023-04-18,Payment Successed
11002,2073,2020-09-14,Payment Successed
11008,12440,2020-10-03,Payment Successed
11009,18131,2020-09-24,Payment Successed
11010,850,2020-10-10,Payment Successed
11011,7950,2023-08-01,Payment Successed
12245,13882,2022-01-11,Payment Pending
12247,15685,2020-06-13,Payment Pending
12248,13718,2023-04-10,Payment Pending
12252,7176,2020-04-24,Payment Pending
12255,15863,2020-10-09,Payment Pending
12258,17194,2023-12-22,Payment Pending
12261,6493,2020-03-24,Payment Pending
12263,8505,2023-09-10,Payment Pending
12265,21023,2021-02-08,Payment Pending
12269,936,2021-05-20,Payment Pending
12270,15791,2022-09-05,Payment Pending
12271,19842,2023-04-11,Payment Pending
12272,8619,2020-04-04,Payment Pending
12273,19152,2020-04-08,Payment Pending
12275,18057,2021-06-30,Payment Pending
12280,3293,2020-09-10,Payment Pending
12281,9422,2020-01-09,Payment Pending
12284,7494,2020-11-11,Payment Pending
12285,7194,2021-09-24,Payment Pending
12287,21460,2020-02-23,Payment Pending
12288,14635,2023-12-24,Payment Pending
12290,21256,2021-07-25,Payment Pending
12295,17123,2020-10-04,Payment Pending
12296,3990,2023-11-26,Payment Pending
12298,3848,2023-12-09,Payment Pending
12305,11566,2021-08-29,Payment Pending
12306,7683,2020-07-26,Payment Pending
12308,21238,2021-05-21,Payment Pending
12309,19425,2020-11-19,Payment Pending
12312,10474,2021-07-11,Payment Pending
12316,18404,2020-09-07,Payment Pending
12320,1192,2022-07-30,Payment Pending
12321,5452,2020-12-13,Payment Pending
12323,7031,2021-10-05,Payment Pending
12324,16708,2020-04-03,Payment Pending
12328,999,2020-01-07,Payment Pending
12329,3498,2022-10-16,Payment Pending
12334,6304,2020-05-07,Payment Pending
12336,9690,2023-01-28,Payment Pending
12347,15437,2023-01-29,Payment Pending
12348,18421,2022-03-01,Payment Pending
12356,4096,2022-04-28,Payment Pending
12359,5760,2022-05-03,Payment Pending
12360,6638,2021-04-02,Payment Pending
12369,20219,2020-05-05,Payment Pending
12374,3150,2023-03-07,Payment Pending
12377,15262,2022-05-28,Payment Pending
11014,11186,2022-11-19,Payment Successed
11017,12676,2021-09-19,Payment Successed
11019,9055,2023-12-15,Payment Successed
11020,20297,2022-08-30,Payment Successed
11024,1599,2022-10-02,Payment Successed
11026,4012,2022-05-27,Payment Successed
11028,3371,2020-09-28,Payment Successed
11029,11617,2023-02-15,Payment Successed
11031,12526,2022-10-08,Payment Successed
11032,18032,2021-08-26,Payment Successed
11033,18954,2022-07-09,Payment Successed
11036,18220,2021-10-13,Payment Successed
11037,10201,2022-04-23,Payment Successed
11039,7993,2021-10-12,Payment Successed
11040,17496,2020-07-12,Payment Successed
11041,15064,2021-02-03,Payment Successed
11044,10855,2022-02-26,Payment Successed
11045,19146,2020-11-02,Payment Successed
11046,13351,2022-04-24,Payment Successed
11047,2442,2021-10-09,Payment Successed
11049,128,2023-08-24,Payment Successed
11050,8067,2023-07-24,Payment Successed
11051,837,2020-05-27,Payment Successed
11052,341,2020-02-02,Payment Successed
11053,13978,2022-03-06,Payment Successed
11054,1288,2021-12-08,Payment Successed
11055,13768,2021-04-27,Payment Successed
11056,13454,2022-04-06,Payment Successed
12391,2017,2023-09-12,Payment Failed
12399,519,2020-09-21,Payment Failed
12421,3462,2022-03-21,Payment Failed
12494,3503,2023-08-16,Payment Failed
12479,19108,2023-08-28,Refunded
12486,3525,2023-01-03,Refunded
11057,15690,2020-04-09,Payment Successed
11060,16057,2020-11-21,Payment Successed
11061,12786,2023-04-25,Payment Successed
11063,5628,2020-09-21,Payment Successed
11065,18939,2022-11-27,Payment Successed
11066,16440,2022-06-20,Payment Successed
11073,4637,2023-10-24,Payment Successed
11077,8437,2022-04-03,Payment Successed
11079,15154,2022-10-11,Payment Successed
11081,849,2021-10-26,Payment Successed
11082,10647,2020-08-15,Payment Successed
11084,3492,2020-04-13,Payment Successed
11085,11321,2020-06-28,Payment Successed
11086,15521,2021-06-10,Payment Successed
11087,15591,2023-09-30,Payment Successed
11088,6293,2020-09-26,Payment Successed
11089,12444,2021-05-27,Payment Successed
11092,12696,2021-10-11,Payment Successed
11095,16398,2021-03-07,Payment Successed
11097,4586,2021-05-19,Payment Successed
11099,7765,2022-04-25,Payment Successed
11100,9358,2020-03-16,Payment Successed
11103,267,2020-07-19,Payment Successed
11104,125,2021-09-01,Payment Successed
11106,8489,2021-12-19,Payment Successed
11107,10566,2022-04-17,Payment Successed
11108,8302,2022-10-08,Payment Successed
11109,3171,2023-10-22,Payment Successed
11110,15931,2023-10-24,Payment Successed
11111,2967,2023-05-28,Payment Successed
11115,2355,2021-01-08,Payment Successed
11116,15766,2021-11-04,Payment Successed
11117,11387,2023-09-07,Payment Successed
11118,13530,2020-06-01,Payment Successed
11121,14202,2022-07-12,Payment Successed
11124,4089,2023-10-15,Payment Successed
11125,19434,2023-09-22,Payment Successed
11126,16677,2021-06-16,Payment Successed
11128,8011,2023-07-03,Payment Successed
11129,16043,2022-07-03,Payment Successed
11130,18055,2021-08-16,Payment Successed
11131,17898,2023-04-27,Payment Successed
11133,14676,2022-09-27,Payment Successed
11134,17388,2023-03-26,Payment Successed
11135,20761,2020-11-15,Payment Successed
11136,13784,2022-03-24,Payment Successed
11137,13010,2022-04-30,Payment Successed
11138,15118,2020-02-11,Payment Successed
11139,4127,2020-12-03,Payment Successed
11144,15279,2022-10-24,Payment Successed
11146,9535,2022-12-01,Payment Successed
11150,2236,2021-07-06,Payment Successed
11151,18134,2021-11-08,Payment Successed
11152,15321,2022-04-09,Payment Successed
11153,16046,2022-05-09,Payment Successed
11154,4309,2021-03-05,Payment Successed
11155,17777,2020-10-04,Payment Successed
11156,2415,2023-07-26,Payment Successed
12379,1748,2021-02-13,Payment Pending
11157,1115,2022-09-15,Payment Successed
12381,14875,2022-10-11,Payment Pending
12383,12834,2023-09-02,Payment Pending
12387,9643,2021-05-21,Payment Pending
12388,1650,2021-05-21,Payment Pending
12389,11440,2022-07-11,Payment Pending
12390,16977,2020-12-03,Payment Pending
12392,7911,2020-04-25,Payment Pending
12394,6729,2021-09-22,Payment Pending
12395,12591,2020-05-10,Payment Pending
12401,14370,2022-12-07,Payment Pending
12402,13999,2022-12-31,Payment Pending
12407,11252,2022-08-17,Payment Pending
12408,1776,2023-09-26,Payment Pending
12409,470,2021-03-06,Payment Pending
12412,19155,2023-12-11,Payment Pending
12413,7102,2023-03-31,Payment Pending
12414,3310,2022-04-30,Payment Pending
12416,20895,2022-11-19,Payment Pending
12418,20536,2021-04-27,Payment Pending
12419,11789,2020-02-29,Payment Pending
12424,1574,2020-08-21,Payment Pending
12426,4021,2023-08-23,Payment Pending
12427,19086,2023-02-06,Payment Pending
12428,18565,2020-07-27,Payment Pending
12430,15775,2023-03-14,Payment Pending
12431,16322,2021-10-21,Payment Pending
12432,19010,2021-10-16,Payment Pending
12435,16650,2022-02-18,Payment Pending
12437,17716,2020-09-24,Payment Pending
12439,6457,2022-10-23,Payment Pending
12441,2941,2021-09-23,Payment Pending
12445,6052,2021-08-13,Payment Pending
12447,10995,2021-04-07,Payment Pending
12449,382,2020-12-16,Payment Pending
12450,11228,2020-03-10,Payment Pending
12453,11491,2022-04-16,Payment Pending
12454,2810,2022-10-03,Payment Pending
12456,20161,2020-02-19,Payment Pending
12458,13987,2022-04-02,Payment Pending
12459,19011,2020-11-16,Payment Pending
12461,18891,2022-05-29,Payment Pending
12464,3657,2021-06-01,Payment Pending
12466,12133,2020-02-16,Payment Pending
12468,4317,2022-10-30,Payment Pending
12469,13304,2020-03-22,Payment Pending
12473,10466,2020-10-05,Payment Pending
12475,410,2023-04-29,Payment Pending
12476,6776,2022-12-07,Payment Pending
12477,15314,2020-10-30,Payment Pending
12478,8512,2021-01-12,Payment Pending
12480,19003,2023-06-24,Payment Pending
12481,3674,2020-02-03,Payment Pending
12483,8484,2022-02-15,Payment Pending
12485,2553,2023-06-29,Payment Pending
12487,3929,2020-03-20,Payment Pending
12488,18107,2020-12-12,Payment Pending
12491,6318,2023-02-27,Payment Pending
12498,6036,2023-12-28,Payment Pending
12503,1881,2023-04-13,Payment Pending
12505,16770,2023-04-16,Payment Pending
12506,5436,2023-07-13,Payment Pending
11158,20571,2021-11-18,Payment Successed
12521,11307,2020-05-30,Payment Failed
12530,5252,2022-04-06,Payment Failed
12557,12072,2022-11-01,Payment Failed
12601,16081,2022-02-10,Payment Failed
12641,13380,2021-12-24,Payment Failed
12642,1073,2021-12-05,Payment Failed
12516,9177,2022-12-20,Refunded
12561,7894,2020-09-02,Refunded
12582,1400,2022-03-02,Refunded
11159,3010,2022-08-27,Payment Successed
11161,2386,2022-06-09,Payment Successed
11165,6944,2022-04-18,Payment Successed
11166,19130,2021-07-19,Payment Successed
11167,8835,2023-05-22,Payment Successed
11169,7640,2023-02-22,Payment Successed
11171,3753,2020-09-18,Payment Successed
11172,14668,2021-10-16,Payment Successed
11173,7295,2023-07-07,Payment Successed
11174,12793,2022-06-20,Payment Successed
11176,20346,2021-06-30,Payment Successed
11180,9778,2022-08-23,Payment Successed
11181,16625,2023-12-20,Payment Successed
11185,6951,2023-12-20,Payment Successed
11186,16793,2020-10-14,Payment Successed
11188,15498,2021-02-15,Payment Successed
11191,1508,2021-02-26,Payment Successed
11192,6085,2020-05-06,Payment Successed
11194,20563,2020-10-16,Payment Successed
11195,21469,2020-04-01,Payment Successed
11197,12611,2021-07-18,Payment Successed
11198,9992,2023-12-29,Payment Successed
11200,8287,2023-07-01,Payment Successed
11201,14516,2022-07-20,Payment Successed
11202,15755,2021-01-17,Payment Successed
11203,654,2020-07-11,Payment Successed
11204,1718,2022-04-21,Payment Successed
11205,19362,2021-11-08,Payment Successed
11206,8716,2023-05-20,Payment Successed
11207,7272,2021-09-19,Payment Successed
11208,9569,2023-02-05,Payment Successed
11213,3575,2023-03-26,Payment Successed
11214,4307,2023-09-26,Payment Successed
11215,15176,2021-03-15,Payment Successed
11216,16930,2021-07-24,Payment Successed
11221,13030,2023-10-29,Payment Successed
11223,13399,2021-06-13,Payment Successed
11225,9810,2021-08-17,Payment Successed
12514,3519,2023-12-01,Payment Pending
12515,5271,2022-11-08,Payment Pending
12518,8894,2022-05-05,Payment Pending
12524,588,2020-08-05,Payment Pending
12527,16074,2021-11-13,Payment Pending
12528,6383,2021-10-24,Payment Pending
12531,19225,2023-08-16,Payment Pending
12534,2033,2021-06-21,Payment Pending
12545,2543,2022-01-27,Payment Pending
12549,11469,2023-05-17,Payment Pending
12552,5713,2020-02-19,Payment Pending
12554,12889,2023-05-24,Payment Pending
12555,7823,2021-07-31,Payment Pending
12558,17458,2021-06-18,Payment Pending
12560,12025,2021-08-04,Payment Pending
12562,8807,2020-11-30,Payment Pending
12566,5935,2021-08-26,Payment Pending
12568,9576,2020-06-29,Payment Pending
12570,12564,2023-05-14,Payment Pending
12574,7328,2020-12-15,Payment Pending
12579,2591,2021-01-20,Payment Pending
12580,20636,2022-12-23,Payment Pending
12583,21617,2022-08-02,Payment Pending
12586,11861,2021-03-01,Payment Pending
12592,11421,2021-02-14,Payment Pending
12597,1231,2022-01-11,Payment Pending
12605,8504,2023-06-02,Payment Pending
12607,1320,2020-12-15,Payment Pending
12610,12528,2022-10-25,Payment Pending
12612,9753,2021-10-09,Payment Pending
12615,6349,2020-01-19,Payment Pending
12617,21022,2020-04-09,Payment Pending
12619,2378,2022-04-26,Payment Pending
12620,20352,2021-08-05,Payment Pending
12626,6901,2020-07-16,Payment Pending
12631,2231,2020-08-09,Payment Pending
12633,7771,2023-12-17,Payment Pending
12634,14565,2022-04-04,Payment Pending
12636,13385,2023-01-23,Payment Pending
12637,2338,2020-04-28,Payment Pending
12649,7317,2023-07-05,Payment Pending
11227,7780,2020-02-13,Payment Successed
11228,15605,2021-03-08,Payment Successed
11230,10217,2023-06-05,Payment Successed
11232,11223,2022-02-04,Payment Successed
11234,6479,2023-02-22,Payment Successed
11236,11313,2023-09-14,Payment Successed
11238,15307,2023-01-28,Payment Successed
11239,7135,2021-09-20,Payment Successed
11241,2713,2022-01-03,Payment Successed
11244,17080,2020-08-02,Payment Successed
11246,1691,2020-03-25,Payment Successed
11247,15901,2020-03-30,Payment Successed
11248,14131,2020-09-10,Payment Successed
11249,13327,2021-03-18,Payment Successed
11253,15680,2022-09-20,Payment Successed
11254,18728,2023-10-20,Payment Successed
11255,17754,2023-01-30,Payment Successed
11257,10199,2020-06-14,Payment Successed
11259,18173,2021-01-07,Payment Successed
11263,18360,2020-10-02,Payment Successed
11266,20680,2022-08-18,Payment Successed
11269,16362,2021-12-12,Payment Successed
11270,3238,2020-04-07,Payment Successed
11271,17812,2021-08-29,Payment Successed
11272,14070,2021-10-08,Payment Successed
11274,21359,2022-06-24,Payment Successed
11275,1003,2022-08-27,Payment Successed
11277,1871,2022-09-06,Payment Successed
11279,7546,2023-04-20,Payment Successed
11280,4141,2021-02-16,Payment Successed
11283,11210,2020-12-28,Payment Successed
11284,11220,2020-05-19,Payment Successed
11285,1959,2022-09-19,Payment Successed
11290,12461,2021-01-22,Payment Successed
11291,12432,2022-02-11,Payment Successed
11292,14723,2021-10-29,Payment Successed
11293,19702,2021-10-25,Payment Successed
11294,6507,2020-04-30,Payment Successed
11295,20735,2022-03-14,Payment Successed
11296,11600,2021-06-19,Payment Successed
11298,2783,2022-08-22,Payment Successed
11299,3593,2023-02-21,Payment Successed
12650,2230,2021-03-26,Payment Failed
12663,9791,2021-10-12,Payment Failed
12697,13559,2021-08-20,Payment Failed
12698,3052,2022-03-23,Payment Failed
12706,19660,2023-10-25,Payment Failed
12724,17228,2022-05-15,Payment Failed
12739,1496,2022-05-06,Payment Failed
12754,3867,2022-01-02,Payment Failed
12774,19111,2021-12-07,Payment Failed
12782,11352,2020-03-05,Payment Failed
12661,5926,2022-03-12,Refunded
12675,15041,2023-02-09,Refunded
12700,12428,2022-09-07,Refunded
12727,6704,2021-05-28,Refunded
11300,2928,2021-07-08,Payment Successed
11302,9086,2021-06-17,Payment Successed
11303,20640,2023-03-08,Payment Successed
11305,762,2022-01-08,Payment Successed
11306,9545,2020-08-29,Payment Successed
11307,1042,2022-03-25,Payment Successed
11309,14680,2023-09-02,Payment Successed
11315,13757,2022-07-08,Payment Successed
11316,8517,2020-02-12,Payment Successed
11317,1261,2023-05-31,Payment Successed
11318,3294,2023-11-29,Payment Successed
11319,11863,2022-01-16,Payment Successed
11320,11674,2020-06-04,Payment Successed
11321,1323,2023-03-18,Payment Successed
11322,17598,2022-12-09,Payment Successed
11323,19564,2022-09-12,Payment Successed
11325,9087,2022-10-17,Payment Successed
11326,9025,2022-02-10,Payment Successed
11327,8766,2023-10-30,Payment Successed
11329,2263,2023-08-21,Payment Successed
11332,17258,2022-12-13,Payment Successed
11333,16071,2023-07-23,Payment Successed
11334,7395,2020-09-16,Payment Successed
11335,233,2022-01-23,Payment Successed
11337,11972,2023-08-24,Payment Successed
11338,4258,2020-12-10,Payment Successed
11339,10660,2022-07-29,Payment Successed
11340,3243,2020-01-07,Payment Successed
11343,961,2023-06-25,Payment Successed
11344,9982,2020-11-06,Payment Successed
11348,19622,2022-01-26,Payment Successed
11349,4008,2020-11-08,Payment Successed
11352,7502,2021-01-19,Payment Successed
11354,9279,2023-03-13,Payment Successed
11357,15959,2020-06-02,Payment Successed
11360,14616,2022-09-01,Payment Successed
11361,7388,2023-05-30,Payment Successed
11362,6900,2021-09-26,Payment Successed
11363,12823,2020-06-23,Payment Successed
11364,12880,2020-03-20,Payment Successed
11366,4163,2020-11-23,Payment Successed
11370,15138,2021-06-26,Payment Successed
11371,8899,2022-09-15,Payment Successed
11372,340,2023-12-18,Payment Successed
11373,8840,2021-06-25,Payment Successed
11374,19399,2023-01-28,Payment Successed
11375,10276,2020-12-06,Payment Successed
12651,6333,2020-01-19,Payment Pending
12655,9050,2022-06-01,Payment Pending
12665,19917,2023-11-16,Payment Pending
12669,14430,2021-06-12,Payment Pending
12674,16185,2021-05-15,Payment Pending
12677,19928,2022-01-07,Payment Pending
12678,15485,2022-01-03,Payment Pending
12683,14623,2023-07-23,Payment Pending
12684,4672,2020-02-09,Payment Pending
12685,14439,2023-12-10,Payment Pending
12686,9738,2023-05-21,Payment Pending
12687,6977,2020-05-23,Payment Pending
12688,13885,2021-07-20,Payment Pending
12689,13017,2021-11-24,Payment Pending
12694,8852,2022-10-21,Payment Pending
12705,9594,2022-06-27,Payment Pending
12707,3950,2022-12-12,Payment Pending
12708,20462,2022-03-15,Payment Pending
12710,15525,2023-09-21,Payment Pending
12711,17933,2023-12-24,Payment Pending
12713,6936,2021-06-14,Payment Pending
12714,10331,2021-08-02,Payment Pending
12716,16025,2020-10-12,Payment Pending
12717,3419,2023-07-29,Payment Pending
12718,21055,2021-01-13,Payment Pending
12729,4820,2022-08-04,Payment Pending
12734,19037,2021-10-04,Payment Pending
12735,242,2021-06-01,Payment Pending
12736,12723,2020-11-17,Payment Pending
12737,19332,2023-06-23,Payment Pending
12738,2531,2021-07-09,Payment Pending
12743,1395,2021-06-18,Payment Pending
12745,9012,2020-08-30,Payment Pending
12749,7571,2020-05-21,Payment Pending
12750,21184,2022-08-06,Payment Pending
12753,7470,2023-12-28,Payment Pending
12757,9198,2022-01-12,Payment Pending
12758,6696,2023-04-01,Payment Pending
12759,3774,2022-03-05,Payment Pending
12760,19637,2021-06-28,Payment Pending
12763,7870,2022-10-13,Payment Pending
12764,10914,2023-06-15,Payment Pending
12766,5509,2023-01-17,Payment Pending
12768,19507,2022-02-10,Payment Pending
12769,15129,2022-09-28,Payment Pending
12771,1408,2023-08-01,Payment Pending
12772,13090,2021-01-30,Payment Pending
12775,17665,2022-06-27,Payment Pending
12783,19379,2023-05-14,Payment Pending
12784,16198,2022-11-24,Payment Pending
12785,20568,2023-06-09,Payment Pending
11376,1113,2022-12-16,Payment Successed
11378,8823,2022-07-05,Payment Successed
11379,8945,2022-08-11,Payment Successed
11380,30,2022-11-16,Payment Successed
11383,2389,2022-02-12,Payment Successed
11385,1905,2021-05-31,Payment Successed
11387,4168,2021-10-18,Payment Successed
11388,3933,2022-01-21,Payment Successed
11389,15231,2020-05-27,Payment Successed
11391,21134,2020-05-29,Payment Successed
11392,12716,2022-06-25,Payment Successed
11393,10710,2022-04-29,Payment Successed
11395,1712,2020-05-01,Payment Successed
11396,6877,2023-06-08,Payment Successed
11397,7171,2022-02-02,Payment Successed
11398,10412,2020-08-12,Payment Successed
12790,13666,2023-07-27,Payment Failed
12830,14012,2023-12-08,Payment Failed
12834,8024,2023-06-19,Payment Failed
12872,6519,2022-12-25,Payment Failed
12912,10427,2020-05-07,Payment Failed
12916,20353,2022-04-18,Payment Failed
12919,18231,2020-08-14,Payment Failed
12866,12019,2020-04-20,Refunded
11400,11483,2021-08-01,Payment Successed
11401,15650,2023-02-25,Payment Successed
11402,4731,2023-07-08,Payment Successed
11404,2924,2020-08-19,Payment Successed
11405,2317,2020-05-17,Payment Successed
11408,13561,2022-12-07,Payment Successed
11410,19915,2022-11-24,Payment Successed
11411,14139,2022-02-16,Payment Successed
11413,2144,2023-09-17,Payment Successed
11414,9950,2020-05-16,Payment Successed
11415,6925,2020-05-28,Payment Successed
11416,798,2023-03-19,Payment Successed
11420,4410,2023-11-14,Payment Successed
11421,15121,2021-02-15,Payment Successed
11423,5315,2023-06-30,Payment Successed
11425,7039,2021-01-07,Payment Successed
11426,19469,2020-11-21,Payment Successed
11427,17036,2021-09-11,Payment Successed
11428,12439,2021-12-19,Payment Successed
11429,898,2022-11-27,Payment Successed
11431,2741,2023-03-17,Payment Successed
11433,8057,2020-12-12,Payment Successed
11435,581,2022-12-23,Payment Successed
11436,5184,2021-01-17,Payment Successed
11438,16008,2023-12-29,Payment Successed
11440,15632,2023-08-29,Payment Successed
11442,19309,2022-07-25,Payment Successed
11447,17260,2021-05-13,Payment Successed
11448,20217,2021-10-27,Payment Successed
11451,12206,2022-06-19,Payment Successed
11453,3783,2020-08-03,Payment Successed
11455,16586,2021-07-26,Payment Successed
11456,17394,2023-08-08,Payment Successed
11457,20072,2020-08-11,Payment Successed
11460,20134,2020-10-12,Payment Successed
11462,11971,2022-07-15,Payment Successed
11463,18545,2022-09-15,Payment Successed
11466,19139,2022-11-21,Payment Successed
11467,13747,2021-11-05,Payment Successed
11468,21171,2022-07-20,Payment Successed
11469,7665,2020-10-04,Payment Successed
11471,20854,2022-01-01,Payment Successed
11474,12590,2020-08-14,Payment Successed
11476,885,2022-08-05,Payment Successed
11477,982,2021-09-09,Payment Successed
11478,10339,2021-12-27,Payment Successed
11479,10752,2023-08-29,Payment Successed
11481,8355,2020-10-19,Payment Successed
11484,19796,2021-06-23,Payment Successed
11485,18350,2020-06-30,Payment Successed
12786,4348,2022-03-25,Payment Pending
12788,4100,2020-01-31,Payment Pending
12792,4068,2021-02-09,Payment Pending
12793,9575,2020-12-06,Payment Pending
12799,18200,2022-02-17,Payment Pending
12801,12720,2022-12-03,Payment Pending
12803,14976,2020-02-23,Payment Pending
12805,11700,2023-08-19,Payment Pending
12808,18534,2021-10-15,Payment Pending
12811,20868,2020-04-22,Payment Pending
12814,16775,2023-06-05,Payment Pending
12815,18866,2023-05-03,Payment Pending
12816,3322,2021-11-01,Payment Pending
12820,20070,2020-05-26,Payment Pending
12822,11767,2022-01-09,Payment Pending
12823,10304,2022-05-11,Payment Pending
12825,16582,2021-11-25,Payment Pending
12829,3976,2020-02-29,Payment Pending
12835,10350,2022-02-02,Payment Pending
12842,8997,2023-10-07,Payment Pending
12843,12116,2022-04-06,Payment Pending
12847,20986,2020-10-26,Payment Pending
12848,2733,2022-06-28,Payment Pending
12851,7714,2020-05-15,Payment Pending
12855,18750,2022-06-12,Payment Pending
12856,939,2022-12-24,Payment Pending
12859,6710,2020-10-16,Payment Pending
12861,5737,2020-07-30,Payment Pending
12863,1837,2021-02-26,Payment Pending
12865,1589,2023-06-04,Payment Pending
12867,21261,2021-10-15,Payment Pending
12868,6240,2020-09-13,Payment Pending
12869,8496,2023-12-11,Payment Pending
12870,10289,2021-01-04,Payment Pending
12874,12981,2023-11-21,Payment Pending
12875,19902,2021-03-17,Payment Pending
12878,10542,2023-03-06,Payment Pending
12881,15782,2021-11-27,Payment Pending
12887,9552,2023-12-09,Payment Pending
12888,17801,2022-03-13,Payment Pending
12892,4158,2022-11-11,Payment Pending
12893,5999,2021-06-08,Payment Pending
12895,19453,2023-04-19,Payment Pending
12898,16617,2021-11-28,Payment Pending
12908,19829,2023-10-26,Payment Pending
12910,18572,2020-03-17,Payment Pending
12911,6447,2020-08-14,Payment Pending
12914,20633,2021-11-25,Payment Pending
12917,8223,2020-05-25,Payment Pending
12918,8462,2023-07-22,Payment Pending
12920,19272,2021-09-28,Payment Pending
11487,8303,2021-09-08,Payment Successed
11488,297,2022-02-06,Payment Successed
11489,20282,2022-09-17,Payment Successed
11492,17706,2020-05-26,Payment Successed
11493,15250,2023-12-29,Payment Successed
11494,13962,2022-08-06,Payment Successed
11495,5112,2022-04-23,Payment Successed
11499,1375,2022-02-11,Payment Successed
11503,1534,2022-08-26,Payment Successed
11504,4844,2023-09-27,Payment Successed
11506,21028,2020-08-04,Payment Successed
11509,20449,2020-03-07,Payment Successed
11510,17360,2021-05-12,Payment Successed
11511,15875,2021-11-09,Payment Successed
11512,19711,2023-02-12,Payment Successed
11513,15056,2021-07-09,Payment Successed
11514,8175,2023-05-03,Payment Successed
11516,15290,2022-11-21,Payment Successed
11517,4833,2021-04-05,Payment Successed
11522,11102,2023-09-04,Payment Successed
11524,3306,2022-08-05,Payment Successed
11527,20569,2020-06-08,Payment Successed
12942,9774,2021-07-26,Payment Failed
12947,5925,2023-09-10,Payment Failed
12951,12281,2021-06-28,Payment Failed
12986,800,2022-09-14,Payment Failed
13005,5023,2020-08-24,Payment Failed
13025,11899,2022-06-08,Payment Failed
13027,18023,2023-06-29,Payment Failed
13030,12041,2022-07-01,Payment Failed
13033,11242,2022-07-03,Payment Failed
13038,2009,2023-08-08,Payment Failed
12931,17234,2023-01-23,Refunded
12944,10990,2021-11-30,Refunded
13003,3615,2021-10-03,Refunded
13044,11340,2023-02-01,Refunded
11529,10208,2022-07-05,Payment Successed
11530,10361,2023-03-12,Payment Successed
11532,1558,2020-08-28,Payment Successed
11533,11798,2022-12-09,Payment Successed
11534,15827,2022-11-25,Payment Successed
11537,2544,2021-05-30,Payment Successed
11538,6044,2023-04-06,Payment Successed
11542,2274,2023-11-28,Payment Successed
11543,14794,2022-07-24,Payment Successed
11550,9175,2023-02-14,Payment Successed
11552,10354,2021-10-31,Payment Successed
11554,13069,2023-07-09,Payment Successed
11555,3043,2021-07-20,Payment Successed
11556,4314,2023-11-25,Payment Successed
11558,10783,2021-10-02,Payment Successed
11559,14738,2022-05-03,Payment Successed
11560,1461,2021-06-18,Payment Successed
11561,13031,2023-05-15,Payment Successed
11563,14701,2022-01-22,Payment Successed
11564,1719,2023-12-14,Payment Successed
11565,211,2021-01-31,Payment Successed
11567,13185,2023-10-24,Payment Successed
11568,9392,2020-12-26,Payment Successed
11569,15648,2021-06-09,Payment Successed
11570,10091,2021-12-12,Payment Successed
11573,11859,2021-02-24,Payment Successed
11575,20559,2023-06-15,Payment Successed
11576,10800,2021-04-27,Payment Successed
11577,2214,2020-07-27,Payment Successed
11578,2350,2022-07-28,Payment Successed
11587,14019,2022-08-30,Payment Successed
11588,10753,2020-05-30,Payment Successed
11589,670,2021-06-01,Payment Successed
11590,5069,2022-02-20,Payment Successed
11591,17137,2021-05-08,Payment Successed
11592,3175,2021-10-10,Payment Successed
11596,15137,2023-10-15,Payment Successed
11597,21129,2023-06-25,Payment Successed
11598,20221,2022-03-22,Payment Successed
11599,18541,2023-06-29,Payment Successed
11602,18452,2023-07-21,Payment Successed
11603,11059,2021-03-25,Payment Successed
11605,11078,2023-05-03,Payment Successed
11606,19351,2020-02-22,Payment Successed
11607,10386,2023-09-23,Payment Successed
11609,4084,2023-04-01,Payment Successed
11611,10014,2022-10-03,Payment Successed
11612,20608,2022-11-04,Payment Successed
11613,2943,2023-10-05,Payment Successed
11619,17014,2023-09-01,Payment Successed
11620,485,2021-09-13,Payment Successed
11621,17268,2023-04-20,Payment Successed
12925,19310,2021-01-09,Payment Pending
12928,8013,2020-09-11,Payment Pending
12929,5130,2022-10-23,Payment Pending
12930,1867,2022-08-07,Payment Pending
12937,2950,2022-05-03,Payment Pending
12945,4387,2021-03-28,Payment Pending
12946,8888,2022-05-11,Payment Pending
12949,10696,2023-02-15,Payment Pending
12955,2166,2022-08-19,Payment Pending
12956,14556,2022-10-26,Payment Pending
12959,12877,2020-03-30,Payment Pending
12960,18196,2020-12-20,Payment Pending
12961,15147,2021-11-13,Payment Pending
12962,7678,2023-07-30,Payment Pending
12964,16957,2023-03-17,Payment Pending
12966,9030,2022-05-14,Payment Pending
12968,5884,2020-01-22,Payment Pending
12970,5882,2023-09-17,Payment Pending
12972,7748,2021-07-21,Payment Pending
12973,8621,2022-06-11,Payment Pending
12976,15759,2022-09-15,Payment Pending
12978,1628,2021-12-27,Payment Pending
12979,1096,2020-07-03,Payment Pending
12980,2949,2020-09-10,Payment Pending
12987,6889,2023-10-21,Payment Pending
12989,19222,2022-11-02,Payment Pending
12992,8515,2023-09-04,Payment Pending
12993,13714,2023-08-10,Payment Pending
12994,9413,2020-03-26,Payment Pending
12996,19213,2022-02-21,Payment Pending
13000,6948,2020-06-09,Payment Pending
13006,6797,2023-06-27,Payment Pending
13010,21205,2021-09-06,Payment Pending
13014,16077,2023-11-05,Payment Pending
13015,5351,2023-10-18,Payment Pending
13016,20974,2020-11-21,Payment Pending
13017,3811,2020-09-11,Payment Pending
13022,16085,2021-01-01,Payment Pending
13023,516,2023-08-02,Payment Pending
13024,16236,2023-09-21,Payment Pending
13026,3235,2021-05-11,Payment Pending
13028,17592,2021-01-20,Payment Pending
13031,19282,2020-11-13,Payment Pending
13032,6754,2022-06-02,Payment Pending
13034,13610,2023-07-15,Payment Pending
13036,3432,2020-08-27,Payment Pending
13039,2328,2020-10-25,Payment Pending
13040,4668,2021-02-03,Payment Pending
13041,17047,2023-10-10,Payment Pending
13046,4139,2021-07-14,Payment Pending
13049,5458,2020-02-12,Payment Pending
13050,14454,2022-05-04,Payment Pending
13053,16641,2021-08-12,Payment Pending
13054,17368,2021-12-05,Payment Pending
13056,20075,2022-09-11,Payment Pending
13057,6906,2021-07-18,Payment Pending
11622,2305,2022-01-07,Payment Successed
11623,16469,2023-11-26,Payment Successed
11624,21312,2023-06-05,Payment Successed
11627,1747,2021-08-29,Payment Successed
11629,12860,2023-08-22,Payment Successed
11631,1345,2021-04-15,Payment Successed
13070,6312,2020-10-21,Payment Failed
13103,20759,2023-05-08,Payment Failed
13105,15450,2023-06-25,Payment Failed
13108,4468,2021-04-10,Payment Failed
13120,6154,2020-03-18,Payment Failed
13124,13566,2022-01-03,Payment Failed
13138,3823,2021-08-09,Payment Failed
13172,19749,2020-07-24,Payment Failed
13178,264,2022-11-06,Payment Failed
13185,6381,2023-09-03,Payment Failed
13188,3771,2021-11-02,Payment Failed
13192,14996,2022-05-01,Payment Failed
13068,7442,2022-09-24,Refunded
13095,16522,2020-06-24,Refunded
13112,13705,2021-03-18,Refunded
13160,16885,2020-03-11,Refunded
13173,16778,2020-02-21,Refunded
13184,19805,2022-09-11,Refunded
11633,11356,2023-07-17,Payment Successed
11634,4974,2022-10-27,Payment Successed
11635,14420,2021-07-05,Payment Successed
11637,4725,2021-06-25,Payment Successed
11638,16141,2022-12-12,Payment Successed
11640,5309,2022-12-17,Payment Successed
11641,3947,2022-08-26,Payment Successed
11642,12455,2021-12-12,Payment Successed
11644,17364,2023-08-17,Payment Successed
11645,7550,2023-06-04,Payment Successed
11650,1740,2020-04-26,Payment Successed
11652,6851,2022-03-28,Payment Successed
11653,12373,2020-03-02,Payment Successed
11656,16589,2023-02-07,Payment Successed
11657,8208,2023-02-18,Payment Successed
11659,18275,2021-03-16,Payment Successed
11660,6458,2020-11-07,Payment Successed
11662,4087,2021-08-30,Payment Successed
11663,12701,2020-09-29,Payment Successed
11666,732,2020-11-15,Payment Successed
11668,7671,2023-01-25,Payment Successed
11671,4034,2022-10-26,Payment Successed
11673,19705,2023-01-13,Payment Successed
11674,4529,2022-06-01,Payment Successed
11675,11543,2022-08-10,Payment Successed
11677,235,2021-05-13,Payment Successed
11678,20581,2023-08-25,Payment Successed
11679,19394,2022-12-28,Payment Successed
11680,18671,2022-05-24,Payment Successed
11681,12369,2022-06-14,Payment Successed
11683,1083,2023-02-11,Payment Successed
11684,20881,2022-02-27,Payment Successed
11685,13135,2023-06-08,Payment Successed
11687,10470,2023-07-28,Payment Successed
11688,14617,2022-03-02,Payment Successed
11691,15157,2021-11-26,Payment Successed
11692,18919,2020-11-06,Payment Successed
11693,4769,2022-12-15,Payment Successed
11695,5030,2020-04-17,Payment Successed
13063,8295,2022-04-15,Payment Pending
13073,462,2022-10-24,Payment Pending
13077,11221,2020-01-19,Payment Pending
13078,6029,2020-11-15,Payment Pending
13080,19525,2023-01-27,Payment Pending
13084,7608,2022-09-24,Payment Pending
13086,2984,2022-03-31,Payment Pending
13089,1787,2023-04-17,Payment Pending
13092,8120,2023-02-06,Payment Pending
13094,9517,2023-07-13,Payment Pending
13096,15879,2022-04-01,Payment Pending
13098,16560,2020-07-02,Payment Pending
13100,16365,2022-05-23,Payment Pending
13102,17737,2020-07-31,Payment Pending
13106,12939,2020-02-04,Payment Pending
13107,19195,2022-09-14,Payment Pending
13115,1464,2023-07-03,Payment Pending
13121,17427,2020-07-15,Payment Pending
13125,16970,2023-12-04,Payment Pending
13130,992,2023-10-22,Payment Pending
13134,1095,2020-10-16,Payment Pending
13136,10415,2021-06-02,Payment Pending
13139,13464,2021-03-31,Payment Pending
13143,20814,2021-09-02,Payment Pending
13145,7456,2022-12-25,Payment Pending
13146,16769,2022-05-17,Payment Pending
13147,7885,2021-03-19,Payment Pending
13148,14177,2022-07-22,Payment Pending
13149,6640,2020-11-29,Payment Pending
13154,2499,2022-01-27,Payment Pending
13155,21360,2020-10-05,Payment Pending
13156,14217,2021-01-17,Payment Pending
13162,8913,2020-07-08,Payment Pending
13163,1536,2020-03-20,Payment Pending
13165,5980,2022-11-14,Payment Pending
13167,18067,2020-08-21,Payment Pending
13171,16044,2021-03-06,Payment Pending
13174,13903,2021-06-30,Payment Pending
13179,1843,2020-05-14,Payment Pending
13180,3732,2021-07-24,Payment Pending
13181,18395,2022-08-24,Payment Pending
13186,16935,2020-08-23,Payment Pending
13189,15028,2022-03-23,Payment Pending
13190,16727,2022-03-25,Payment Pending
13191,9054,2022-05-15,Payment Pending
11697,16199,2023-04-18,Payment Successed
11701,1493,2021-08-05,Payment Successed
11702,16471,2021-10-20,Payment Successed
11704,18467,2022-07-16,Payment Successed
11705,21,2020-12-21,Payment Successed
11707,11355,2021-06-20,Payment Successed
11711,5336,2021-11-20,Payment Successed
11712,6472,2022-11-10,Payment Successed
11713,6868,2022-04-03,Payment Successed
11715,368,2023-09-26,Payment Successed
11716,16468,2020-10-28,Payment Successed
11717,9876,2023-07-17,Payment Successed
11719,10517,2023-10-29,Payment Successed
11721,2204,2023-02-12,Payment Successed
11723,13684,2021-11-05,Payment Successed
11724,6310,2023-07-22,Payment Successed
11726,7810,2020-11-21,Payment Successed
11727,15249,2022-04-08,Payment Successed
11731,10052,2022-10-23,Payment Successed
11732,12617,2021-11-17,Payment Successed
11735,21090,2023-12-31,Payment Successed
11736,14970,2020-11-06,Payment Successed
11737,6683,2022-01-17,Payment Successed
11738,14373,2022-03-10,Payment Successed
11739,17639,2021-12-07,Payment Successed
13210,10481,2022-12-30,Payment Failed
13243,17062,2023-09-06,Payment Failed
13244,17500,2023-03-08,Payment Failed
13270,3734,2021-10-15,Payment Failed
13297,546,2020-02-25,Payment Failed
13200,15096,2020-06-10,Refunded
13214,11885,2020-09-25,Refunded
13232,3557,2020-06-22,Refunded
13258,8325,2022-08-08,Refunded
13260,247,2022-06-11,Refunded
13285,4727,2020-01-07,Refunded
11740,12080,2020-08-20,Payment Successed
11741,13580,2022-04-18,Payment Successed
11742,7992,2021-06-07,Payment Successed
11744,17830,2023-10-10,Payment Successed
11745,16151,2021-07-01,Payment Successed
11746,10911,2023-05-16,Payment Successed
11748,18298,2022-01-16,Payment Successed
11751,16756,2023-06-21,Payment Successed
11752,6594,2023-09-12,Payment Successed
11753,11963,2021-02-06,Payment Successed
11755,11742,2021-04-01,Payment Successed
11758,12811,2021-09-30,Payment Successed
11760,540,2022-06-22,Payment Successed
11761,6145,2022-04-28,Payment Successed
11763,536,2021-12-27,Payment Successed
11766,4748,2023-06-06,Payment Successed
11767,15397,2023-04-25,Payment Successed
11770,15982,2021-07-01,Payment Successed
11771,13896,2021-08-22,Payment Successed
11773,12162,2022-11-28,Payment Successed
11776,5562,2020-09-02,Payment Successed
11778,4024,2023-02-25,Payment Successed
11782,11490,2022-04-14,Payment Successed
11784,10483,2022-10-22,Payment Successed
11785,17053,2021-11-15,Payment Successed
11786,16069,2021-01-20,Payment Successed
11788,20720,2022-03-19,Payment Successed
11789,8935,2021-07-16,Payment Successed
11792,19971,2022-01-20,Payment Successed
11793,12519,2022-03-08,Payment Successed
11794,1263,2023-11-23,Payment Successed
11795,7700,2020-06-09,Payment Successed
11796,1274,2020-09-21,Payment Successed
11798,11247,2020-07-18,Payment Successed
11799,10947,2023-07-18,Payment Successed
11800,7879,2020-04-01,Payment Successed
11801,6285,2020-04-01,Payment Successed
11802,11060,2021-11-02,Payment Successed
11803,10175,2021-09-01,Payment Successed
11804,8106,2023-03-10,Payment Successed
11805,9472,2021-12-13,Payment Successed
13194,9123,2021-09-17,Payment Pending
13195,5548,2023-12-11,Payment Pending
13196,1158,2022-03-07,Payment Pending
13202,13640,2021-12-09,Payment Pending
13204,192,2021-03-08,Payment Pending
13207,18968,2020-12-27,Payment Pending
13208,11779,2020-12-08,Payment Pending
13212,3977,2023-10-15,Payment Pending
13213,3104,2020-08-30,Payment Pending
13217,9896,2021-11-11,Payment Pending
13223,2422,2023-07-31,Payment Pending
13224,15850,2023-12-30,Payment Pending
13225,8932,2023-04-24,Payment Pending
13226,14825,2020-11-15,Payment Pending
13227,20268,2020-09-08,Payment Pending
13228,3391,2020-01-07,Payment Pending
13233,20576,2023-08-01,Payment Pending
13234,8854,2022-02-13,Payment Pending
13240,19403,2021-08-28,Payment Pending
13241,8294,2021-12-26,Payment Pending
13245,19033,2021-06-13,Payment Pending
13246,12933,2022-11-07,Payment Pending
13247,8653,2020-03-12,Payment Pending
13255,6565,2023-05-06,Payment Pending
13263,12214,2022-07-13,Payment Pending
13273,21117,2020-11-28,Payment Pending
13275,1661,2023-06-02,Payment Pending
13283,14467,2022-02-28,Payment Pending
13284,16830,2022-10-15,Payment Pending
13288,21404,2021-04-22,Payment Pending
13291,6968,2023-12-10,Payment Pending
13293,6939,2023-09-22,Payment Pending
13294,14194,2022-08-30,Payment Pending
13299,16805,2020-06-23,Payment Pending
13304,15585,2022-05-27,Payment Pending
13305,8573,2022-06-20,Payment Pending
13308,19662,2020-02-22,Payment Pending
13312,1317,2020-11-19,Payment Pending
13314,11308,2023-08-17,Payment Pending
13315,10054,2021-09-24,Payment Pending
13317,12673,2021-06-06,Payment Pending
13320,6149,2020-09-08,Payment Pending
13321,15400,2023-10-29,Payment Pending
13322,17093,2023-03-15,Payment Pending
13323,19323,2021-12-18,Payment Pending
13326,2059,2020-12-05,Payment Pending
13328,2776,2023-06-28,Payment Pending
11806,12006,2023-03-19,Payment Successed
11807,4915,2020-01-09,Payment Successed
11809,1965,2021-01-16,Payment Successed
11810,1247,2021-10-21,Payment Successed
11812,4078,2021-06-18,Payment Successed
11813,11219,2021-05-08,Payment Successed
11815,817,2021-01-22,Payment Successed
11817,3457,2022-07-29,Payment Successed
11822,13049,2023-07-15,Payment Successed
11823,7981,2023-12-31,Payment Successed
11824,18293,2023-10-23,Payment Successed
11829,4625,2023-03-30,Payment Successed
11830,16832,2020-04-30,Payment Successed
11832,2660,2020-06-25,Payment Successed
11834,6045,2022-12-14,Payment Successed
11836,7936,2022-01-22,Payment Successed
11837,18161,2023-12-06,Payment Successed
11838,13696,2020-05-15,Payment Successed
11839,17433,2022-07-07,Payment Successed
11843,10148,2021-07-26,Payment Successed
11845,14745,2021-07-03,Payment Successed
11847,5198,2023-08-22,Payment Successed
11849,17300,2020-01-30,Payment Successed
11850,4112,2021-07-30,Payment Successed
11851,315,2022-10-08,Payment Successed
11852,1216,2020-01-04,Payment Successed
11853,19231,2023-03-22,Payment Successed
11854,1463,2021-12-24,Payment Successed
13337,16387,2023-11-30,Payment Failed
13349,2480,2023-03-22,Payment Failed
13358,20892,2023-05-28,Payment Failed
13362,8197,2020-01-15,Payment Failed
13377,4327,2023-05-01,Payment Failed
13384,18767,2020-06-19,Payment Failed
13387,7533,2022-05-27,Payment Failed
13412,1630,2022-03-16,Payment Failed
13422,16072,2024-01-01,Payment Failed
13427,17039,2021-07-28,Payment Failed
13433,16070,2023-12-30,Payment Failed
13400,5080,2021-10-13,Refunded
13410,6514,2023-08-26,Refunded
13417,4402,2021-01-14,Refunded
13429,13229,2022-05-10,Refunded
13430,10653,2020-02-14,Refunded
13431,12108,2020-07-25,Refunded
13445,9258,2022-04-19,Refunded
13461,7500,2023-04-10,Refunded
13464,15858,2021-08-08,Refunded
11859,21276,2021-04-12,Payment Successed
11860,16572,2021-09-10,Payment Successed
11861,8979,2022-03-02,Payment Successed
11862,5745,2023-01-07,Payment Successed
11863,2973,2023-04-13,Payment Successed
11864,9842,2023-02-17,Payment Successed
11872,11022,2023-04-21,Payment Successed
11873,8445,2021-03-01,Payment Successed
11875,21325,2022-09-08,Payment Successed
11877,15947,2021-01-28,Payment Successed
11879,16464,2021-12-09,Payment Successed
11880,14803,2020-04-29,Payment Successed
11881,8405,2023-12-22,Payment Successed
11882,5054,2021-07-07,Payment Successed
11883,16136,2021-12-16,Payment Successed
11884,19999,2022-04-08,Payment Successed
11885,10152,2020-11-01,Payment Successed
11886,18882,2023-03-17,Payment Successed
11887,5852,2021-01-03,Payment Successed
11889,5477,2022-05-23,Payment Successed
11890,6615,2020-10-10,Payment Successed
11892,1337,2022-12-07,Payment Successed
11895,4015,2020-06-22,Payment Successed
11896,4905,2020-10-30,Payment Successed
11897,16066,2020-08-01,Payment Successed
11900,4857,2022-01-28,Payment Successed
11902,2605,2023-10-25,Payment Successed
11904,316,2021-05-01,Payment Successed
11908,13554,2020-08-22,Payment Successed
11911,16639,2021-07-24,Payment Successed
11914,14782,2021-09-25,Payment Successed
11916,16248,2022-02-02,Payment Successed
13333,10286,2021-11-30,Payment Pending
13343,18946,2020-04-12,Payment Pending
13344,5229,2020-11-21,Payment Pending
13345,21587,2021-01-01,Payment Pending
13346,20823,2022-10-23,Payment Pending
13348,12785,2021-07-13,Payment Pending
13353,13040,2022-08-10,Payment Pending
13361,14562,2023-10-05,Payment Pending
13363,21351,2023-10-16,Payment Pending
13368,3440,2020-10-08,Payment Pending
13369,292,2021-05-30,Payment Pending
13370,13289,2021-10-13,Payment Pending
13376,14937,2021-05-27,Payment Pending
13378,17891,2020-01-23,Payment Pending
13381,13620,2021-12-23,Payment Pending
13383,20594,2021-04-20,Payment Pending
13385,13581,2020-12-27,Payment Pending
13386,16473,2023-08-09,Payment Pending
13389,4552,2023-08-29,Payment Pending
13396,5381,2020-06-09,Payment Pending
13399,14694,2020-10-08,Payment Pending
13402,14041,2023-06-30,Payment Pending
13405,17890,2020-02-19,Payment Pending
13407,5824,2022-04-08,Payment Pending
13414,20725,2022-01-08,Payment Pending
13415,8471,2023-01-03,Payment Pending
13416,7439,2020-02-03,Payment Pending
13418,14691,2021-03-28,Payment Pending
13419,21164,2023-09-17,Payment Pending
13425,19969,2020-03-23,Payment Pending
13426,16096,2023-08-15,Payment Pending
13435,18071,2021-11-03,Payment Pending
13436,17567,2023-07-21,Payment Pending
13442,1107,2023-06-02,Payment Pending
13446,4686,2022-10-24,Payment Pending
13451,773,2021-12-10,Payment Pending
13452,20785,2021-03-29,Payment Pending
13455,11608,2023-02-11,Payment Pending
13457,2308,2021-05-26,Payment Pending
13459,3789,2021-06-13,Payment Pending
13462,21308,2020-12-15,Payment Pending
11919,17921,2021-09-05,Payment Successed
11920,2005,2020-08-24,Payment Successed
11924,20022,2021-08-07,Payment Successed
11927,1783,2022-07-25,Payment Successed
11930,7593,2022-02-21,Payment Successed
11931,548,2021-12-16,Payment Successed
11937,3021,2020-03-16,Payment Successed
11939,168,2021-06-10,Payment Successed
11940,14273,2022-05-19,Payment Successed
11941,6238,2021-08-31,Payment Successed
11942,3221,2020-07-27,Payment Successed
11943,18622,2023-12-07,Payment Successed
11945,16103,2021-12-07,Payment Successed
11946,12671,2020-03-27,Payment Successed
11947,9910,2022-08-18,Payment Successed
11948,1234,2023-05-27,Payment Successed
11950,9035,2021-03-31,Payment Successed
11951,10977,2020-12-11,Payment Successed
11954,3596,2021-03-08,Payment Successed
11955,8872,2022-03-31,Payment Successed
11956,17581,2022-03-30,Payment Successed
11957,17000,2022-01-11,Payment Successed
11958,4263,2020-03-22,Payment Successed
11959,9602,2023-08-13,Payment Successed
11960,7092,2023-09-20,Payment Successed
11963,11586,2022-03-06,Payment Successed
11964,1972,2020-08-03,Payment Successed
11965,1506,2020-02-26,Payment Successed
11967,2758,2020-02-13,Payment Successed
11970,10125,2022-07-15,Payment Successed
11972,20008,2023-06-23,Payment Successed
13475,903,2020-02-04,Payment Failed
13513,2653,2020-02-16,Payment Failed
13517,10546,2020-11-17,Payment Failed
13541,13389,2022-03-21,Payment Failed
13542,5273,2021-02-11,Payment Failed
13544,3713,2023-12-10,Payment Failed
13562,9689,2020-02-19,Payment Failed
13468,3705,2020-01-08,Refunded
13481,4455,2021-07-31,Refunded
13494,18326,2021-04-11,Refunded
13495,8651,2021-03-02,Refunded
13529,12029,2020-11-19,Refunded
13548,684,2023-07-20,Refunded
13558,21531,2021-06-22,Refunded
11973,2809,2021-03-12,Payment Successed
11974,13018,2020-06-11,Payment Successed
11975,12064,2023-05-09,Payment Successed
11976,2297,2023-04-24,Payment Successed
11977,13078,2023-10-03,Payment Successed
11979,10833,2021-06-12,Payment Successed
11980,9739,2022-09-03,Payment Successed
11981,19330,2021-08-04,Payment Successed
11983,9076,2023-03-28,Payment Successed
11984,8467,2023-04-09,Payment Successed
11986,4298,2020-05-21,Payment Successed
11989,9452,2020-01-28,Payment Successed
11990,6123,2023-11-02,Payment Successed
11991,7108,2020-12-01,Payment Successed
11992,16106,2022-10-07,Payment Successed
11993,2623,2021-02-12,Payment Successed
11997,2597,2022-10-29,Payment Successed
11999,6280,2020-08-19,Payment Successed
12006,16838,2020-08-07,Payment Successed
12009,6541,2023-11-24,Payment Successed
12010,14,2022-06-06,Payment Successed
12016,17195,2023-05-22,Payment Successed
12018,2652,2020-03-25,Payment Successed
12020,12875,2023-09-13,Payment Successed
12024,12160,2021-01-14,Payment Successed
12025,4921,2023-04-27,Payment Successed
12026,18676,2022-09-06,Payment Successed
12030,18436,2023-06-04,Payment Successed
12031,5033,2023-04-28,Payment Successed
12032,51,2021-07-06,Payment Successed
12033,19016,2023-10-30,Payment Successed
12036,15208,2022-10-23,Payment Successed
12038,5701,2022-10-18,Payment Successed
12039,11047,2022-04-04,Payment Successed
12040,5200,2022-08-31,Payment Successed
12041,347,2022-09-04,Payment Successed
12045,16219,2020-04-25,Payment Successed
13467,16585,2021-05-02,Payment Pending
13470,15500,2022-12-24,Payment Pending
13471,19982,2023-09-12,Payment Pending
13477,4821,2020-05-04,Payment Pending
13478,16441,2020-11-24,Payment Pending
13485,188,2023-10-22,Payment Pending
13486,6119,2021-01-04,Payment Pending
13490,20064,2023-03-02,Payment Pending
13492,13193,2020-05-13,Payment Pending
13507,13968,2023-07-02,Payment Pending
13508,8313,2021-10-28,Payment Pending
13512,1826,2021-04-04,Payment Pending
13515,7032,2023-01-19,Payment Pending
13516,17767,2022-01-07,Payment Pending
13520,12636,2020-04-19,Payment Pending
13523,20147,2023-07-06,Payment Pending
13524,11466,2022-04-21,Payment Pending
13527,16298,2021-05-10,Payment Pending
13531,4997,2020-10-30,Payment Pending
13535,15957,2022-08-02,Payment Pending
13536,16583,2021-07-20,Payment Pending
13540,13051,2021-06-20,Payment Pending
13546,1499,2020-03-29,Payment Pending
13547,76,2022-05-27,Payment Pending
13550,11706,2022-08-09,Payment Pending
13560,15001,2021-08-29,Payment Pending
13564,13268,2022-09-03,Payment Pending
13565,4568,2021-05-08,Payment Pending
13567,13975,2022-03-28,Payment Pending
13570,10634,2022-10-05,Payment Pending
13571,4589,2020-08-30,Payment Pending
13576,15792,2022-02-03,Payment Pending
13577,16146,2023-04-02,Payment Pending
13578,16810,2020-10-04,Payment Pending
13583,6132,2022-07-29,Payment Pending
13587,12387,2022-09-07,Payment Pending
13588,9854,2022-02-23,Payment Pending
13590,16476,2023-06-07,Payment Pending
13591,6757,2020-02-07,Payment Pending
13594,11087,2020-08-17,Payment Pending
13595,16949,2023-04-09,Payment Pending
13596,14918,2021-04-19,Payment Pending
13598,10353,2021-06-26,Payment Pending
13599,20340,2021-02-21,Payment Pending
12047,11544,2022-11-27,Payment Successed
12048,9272,2023-06-05,Payment Successed
12049,16230,2023-10-06,Payment Successed
12050,17816,2022-03-20,Payment Successed
12052,14968,2021-11-20,Payment Successed
12054,10840,2020-05-28,Payment Successed
12055,19806,2022-12-20,Payment Successed
12060,19295,2022-03-26,Payment Successed
12062,3729,2023-01-05,Payment Successed
12063,14363,2023-08-31,Payment Successed
12064,2752,2021-04-18,Payment Successed
12065,4755,2020-02-10,Payment Successed
12067,6825,2022-10-15,Payment Successed
12073,14282,2021-08-21,Payment Successed
12074,4037,2021-02-14,Payment Successed
12076,18957,2023-04-22,Payment Successed
12078,14754,2023-09-03,Payment Successed
12081,6634,2021-11-14,Payment Successed
12082,9000,2023-04-30,Payment Successed
12084,4830,2023-06-05,Payment Successed
12086,16943,2021-04-26,Payment Successed
12087,2292,2022-02-17,Payment Successed
12089,2474,2023-08-07,Payment Successed
12090,11780,2023-01-07,Payment Successed
12092,7254,2022-12-13,Payment Successed
12097,5796,2020-04-24,Payment Successed
12100,11665,2022-10-22,Payment Successed
12101,1473,2021-06-28,Payment Successed
12102,16015,2020-03-26,Payment Successed
12103,7945,2022-01-07,Payment Successed
12104,19927,2021-08-02,Payment Successed
13604,14705,2022-12-31,Payment Failed
13615,21374,2020-05-13,Payment Failed
13640,3118,2020-02-17,Payment Failed
13643,16925,2022-01-03,Payment Failed
13660,9106,2021-11-06,Payment Failed
13661,17488,2023-10-25,Payment Failed
13676,19795,2021-03-28,Payment Failed
13695,15590,2023-01-11,Payment Failed
13708,20697,2023-03-21,Payment Failed
13722,20200,2023-03-28,Payment Failed
13636,19755,2020-10-29,Refunded
13648,3830,2023-05-07,Refunded
13683,216,2022-11-13,Refunded
12105,11249,2020-12-23,Payment Successed
12106,643,2020-06-22,Payment Successed
12107,6728,2021-01-25,Payment Successed
12108,13723,2021-04-28,Payment Successed
12110,11564,2023-12-25,Payment Successed
12112,21332,2022-07-06,Payment Successed
12113,9149,2021-08-05,Payment Successed
12114,1883,2020-08-05,Payment Successed
12115,1429,2022-11-13,Payment Successed
12117,3122,2020-03-25,Payment Successed
12119,11287,2020-10-08,Payment Successed
12120,17373,2020-06-28,Payment Successed
12122,6694,2023-05-01,Payment Successed
12123,18207,2022-04-01,Payment Successed
12124,7262,2023-05-30,Payment Successed
12126,19486,2023-10-28,Payment Successed
12128,2534,2020-11-29,Payment Successed
12129,6257,2022-08-04,Payment Successed
12130,9880,2021-04-04,Payment Successed
12135,9329,2022-09-16,Payment Successed
12138,18646,2021-06-16,Payment Successed
12144,1885,2021-06-25,Payment Successed
12146,467,2023-01-14,Payment Successed
12147,2739,2023-11-04,Payment Successed
12154,5862,2023-06-01,Payment Successed
12157,7515,2023-08-02,Payment Successed
12159,19170,2020-12-15,Payment Successed
12160,16089,2021-08-27,Payment Successed
12161,13845,2021-01-11,Payment Successed
12162,12024,2022-03-21,Payment Successed
12163,7087,2022-10-15,Payment Successed
12164,6916,2023-02-08,Payment Successed
12165,679,2022-01-27,Payment Successed
12167,3735,2023-08-30,Payment Successed
12169,10723,2020-06-07,Payment Successed
12170,21370,2023-06-07,Payment Successed
12171,19573,2021-02-13,Payment Successed
12172,2683,2023-12-27,Payment Successed
12173,15559,2023-01-10,Payment Successed
12174,20423,2020-03-08,Payment Successed
12175,12987,2020-02-08,Payment Successed
12178,723,2022-08-12,Payment Successed
12180,2464,2020-06-11,Payment Successed
12183,21099,2021-09-05,Payment Successed
12184,15326,2021-07-23,Payment Successed
12185,538,2021-10-07,Payment Successed
12186,4836,2022-03-15,Payment Successed
12187,6823,2020-08-23,Payment Successed
13602,4518,2021-03-20,Payment Pending
13603,3086,2022-02-10,Payment Pending
13608,19491,2022-01-18,Payment Pending
13609,15003,2023-03-28,Payment Pending
13611,18712,2020-09-09,Payment Pending
13612,3629,2020-04-17,Payment Pending
13613,20261,2020-11-24,Payment Pending
13614,4663,2021-02-17,Payment Pending
13616,2035,2020-09-17,Payment Pending
13617,4149,2022-07-02,Payment Pending
13619,20528,2020-10-01,Payment Pending
13626,13373,2022-10-22,Payment Pending
13627,12818,2021-05-13,Payment Pending
13629,5615,2021-10-08,Payment Pending
13630,20201,2021-11-10,Payment Pending
13637,11030,2022-03-09,Payment Pending
13642,2205,2023-02-11,Payment Pending
13644,21496,2022-09-19,Payment Pending
13647,16204,2020-05-21,Payment Pending
13649,18119,2023-08-18,Payment Pending
13650,15616,2022-11-10,Payment Pending
13653,2965,2020-10-27,Payment Pending
13654,12795,2021-05-03,Payment Pending
13656,4603,2022-01-24,Payment Pending
13678,14606,2021-04-12,Payment Pending
13681,7525,2023-06-07,Payment Pending
13682,2326,2022-04-12,Payment Pending
13684,18672,2023-04-29,Payment Pending
13686,14201,2022-01-16,Payment Pending
13688,8390,2020-12-14,Payment Pending
13691,20815,2020-08-15,Payment Pending
13692,11723,2022-08-22,Payment Pending
13693,21192,2023-11-14,Payment Pending
13701,11562,2023-07-22,Payment Pending
13702,19905,2022-06-21,Payment Pending
13704,11425,2021-03-08,Payment Pending
13705,10150,2023-03-26,Payment Pending
13706,623,2022-01-10,Payment Pending
13709,8750,2022-11-07,Payment Pending
13715,4587,2023-08-15,Payment Pending
13717,18227,2023-04-12,Payment Pending
13719,7916,2021-02-27,Payment Pending
13720,7651,2021-06-13,Payment Pending
13721,599,2022-11-20,Payment Pending
13724,14040,2021-06-05,Payment Pending
13725,10465,2020-03-11,Payment Pending
13727,4190,2020-01-06,Payment Pending
13728,310,2021-12-26,Payment Pending
13729,4953,2020-11-10,Payment Pending
13731,10903,2023-03-08,Payment Pending
13733,12077,2021-10-19,Payment Pending
12188,12233,2021-10-23,Payment Successed
12191,16877,2021-06-17,Payment Successed
12192,13538,2021-05-26,Payment Successed
12193,13383,2023-11-25,Payment Successed
12194,10682,2021-04-18,Payment Successed
12196,7845,2022-10-07,Payment Successed
12198,6028,2023-03-08,Payment Successed
12200,19344,2022-07-30,Payment Successed
12201,1015,2021-05-06,Payment Successed
12203,16212,2022-04-21,Payment Successed
12205,17671,2022-03-22,Payment Successed
12211,13178,2021-07-26,Payment Successed
12213,21518,2020-08-27,Payment Successed
12215,1744,2020-06-21,Payment Successed
12217,10541,2022-10-25,Payment Successed
12218,13353,2020-08-22,Payment Successed
12221,1130,2021-09-11,Payment Successed
13740,14171,2020-04-29,Payment Failed
13775,20942,2020-01-20,Payment Failed
13792,20626,2022-05-08,Payment Failed
13802,6605,2021-11-23,Payment Failed
13809,5216,2023-06-16,Payment Failed
13819,184,2022-11-03,Payment Failed
13832,2974,2020-08-01,Payment Failed
13843,4333,2022-01-28,Payment Failed
13845,6563,2023-06-27,Payment Failed
13846,5597,2023-05-31,Payment Failed
13859,8423,2023-03-28,Payment Failed
13861,7198,2022-12-20,Payment Failed
13779,4555,2020-08-10,Refunded
13796,21550,2021-03-06,Refunded
13849,5894,2023-04-29,Refunded
13851,6248,2022-06-07,Refunded
13864,19992,2021-05-03,Refunded
12223,20898,2021-06-02,Payment Successed
12226,4448,2021-04-16,Payment Successed
12227,3957,2023-11-27,Payment Successed
12228,6872,2020-09-16,Payment Successed
12235,15950,2023-05-07,Payment Successed
12236,17155,2020-12-01,Payment Successed
12237,10189,2021-10-17,Payment Successed
12239,2169,2021-10-18,Payment Successed
12240,16611,2021-03-19,Payment Successed
12241,3666,2021-09-24,Payment Successed
12242,21618,2023-06-08,Payment Successed
12243,9186,2020-08-19,Payment Successed
12244,3624,2021-02-14,Payment Successed
12249,13306,2021-02-09,Payment Successed
12251,9651,2023-01-08,Payment Successed
12253,11737,2021-12-06,Payment Successed
12254,14712,2020-11-23,Payment Successed
12256,3818,2022-02-24,Payment Successed
12257,10848,2020-02-05,Payment Successed
12259,5829,2022-04-03,Payment Successed
12260,1302,2023-02-09,Payment Successed
12262,14658,2021-09-01,Payment Successed
12264,13596,2020-08-27,Payment Successed
12266,15501,2020-04-21,Payment Successed
12267,4805,2022-10-08,Payment Successed
12268,11821,2022-01-02,Payment Successed
12274,1756,2023-12-18,Payment Successed
12276,8862,2020-12-29,Payment Successed
12277,13124,2023-12-02,Payment Successed
12278,8241,2020-09-11,Payment Successed
12279,2819,2021-09-08,Payment Successed
12282,15313,2022-10-20,Payment Successed
12283,3590,2020-11-27,Payment Successed
12286,5866,2022-07-19,Payment Successed
12289,13400,2020-11-07,Payment Successed
12291,9436,2023-06-24,Payment Successed
12292,15494,2021-07-22,Payment Successed
12294,4691,2020-06-01,Payment Successed
12297,3652,2022-08-08,Payment Successed
13743,3000,2022-01-17,Payment Pending
13745,11832,2022-12-24,Payment Pending
13746,14320,2021-03-03,Payment Pending
13749,5953,2023-04-21,Payment Pending
13750,2011,2020-07-20,Payment Pending
12299,15386,2023-10-09,Payment Successed
13751,18925,2021-09-18,Payment Pending
13754,5651,2022-01-22,Payment Pending
13755,17779,2020-02-06,Payment Pending
12301,21151,2023-10-10,Payment Successed
13757,2158,2023-11-13,Payment Pending
12302,8185,2020-08-29,Payment Successed
12304,15272,2023-09-17,Payment Successed
13758,5560,2022-05-18,Payment Pending
13759,9658,2022-08-15,Payment Pending
13760,3655,2020-10-19,Payment Pending
13761,5314,2022-10-16,Payment Pending
13762,19840,2020-05-27,Payment Pending
13763,2508,2022-07-30,Payment Pending
13764,879,2021-11-20,Payment Pending
13767,2525,2021-12-10,Payment Pending
13769,16234,2023-06-14,Payment Pending
13770,17340,2021-05-15,Payment Pending
13777,1914,2023-10-05,Payment Pending
13780,8617,2022-08-06,Payment Pending
13784,12529,2023-04-16,Payment Pending
13786,5289,2020-11-30,Payment Pending
13787,4042,2021-08-20,Payment Pending
13789,15080,2021-11-20,Payment Pending
13798,14939,2022-06-18,Payment Pending
13799,1968,2021-04-15,Payment Pending
13800,4634,2022-07-13,Payment Pending
13801,1029,2022-07-20,Payment Pending
13803,15656,2021-01-21,Payment Pending
13805,15646,2023-07-29,Payment Pending
13806,11756,2021-12-03,Payment Pending
13807,3360,2022-01-25,Payment Pending
13811,12273,2022-07-30,Payment Pending
13813,20927,2021-02-16,Payment Pending
13814,8693,2023-03-01,Payment Pending
13822,7706,2023-08-28,Payment Pending
13823,10573,2020-01-13,Payment Pending
13825,3938,2022-04-18,Payment Pending
13826,11724,2021-08-07,Payment Pending
13829,17956,2021-08-19,Payment Pending
13830,1963,2022-01-16,Payment Pending
13831,1210,2020-04-22,Payment Pending
13835,1679,2020-09-20,Payment Pending
13837,1478,2021-08-31,Payment Pending
13847,8483,2023-08-12,Payment Pending
13848,18361,2021-06-25,Payment Pending
13854,17327,2023-10-22,Payment Pending
12307,6373,2022-04-03,Payment Successed
12310,19004,2023-01-28,Payment Successed
12311,9783,2021-08-17,Payment Successed
12313,19376,2022-04-14,Payment Successed
12314,7406,2022-08-24,Payment Successed
12315,12027,2020-02-15,Payment Successed
12317,18689,2020-08-15,Payment Successed
12318,19391,2023-10-23,Payment Successed
12319,1509,2023-07-24,Payment Successed
12322,12846,2021-10-05,Payment Successed
12325,14826,2023-08-14,Payment Successed
12326,3015,2021-03-21,Payment Successed
12327,3372,2020-10-04,Payment Successed
12330,16737,2023-07-15,Payment Successed
12331,15856,2021-08-05,Payment Successed
12332,7785,2023-07-31,Payment Successed
12333,7526,2023-10-08,Payment Successed
12335,2241,2020-03-08,Payment Successed
12337,3550,2022-09-05,Payment Successed
13888,13439,2021-02-01,Payment Failed
13917,3148,2023-09-16,Payment Failed
13919,10326,2022-04-03,Payment Failed
13923,2114,2020-11-18,Payment Failed
13930,9237,2022-01-26,Payment Failed
13931,372,2021-11-25,Payment Failed
13958,9513,2022-03-05,Payment Failed
13974,17274,2020-04-27,Payment Failed
13977,6766,2022-01-19,Payment Failed
13991,10358,2021-07-19,Payment Failed
13995,21027,2023-03-08,Payment Failed
13884,18336,2023-10-09,Refunded
13901,20870,2022-07-16,Refunded
13915,13970,2022-04-01,Refunded
13967,17484,2023-04-18,Refunded
12338,3231,2022-09-08,Payment Successed
12339,10758,2021-03-13,Payment Successed
12340,9995,2022-04-30,Payment Successed
12341,4658,2022-12-26,Payment Successed
12342,20172,2020-06-08,Payment Successed
12343,12463,2022-05-27,Payment Successed
12344,10285,2022-11-16,Payment Successed
12345,13528,2020-12-02,Payment Successed
12346,7270,2021-04-17,Payment Successed
12349,6446,2021-07-02,Payment Successed
12350,3685,2022-04-05,Payment Successed
12351,3548,2021-12-17,Payment Successed
12352,2745,2021-12-22,Payment Successed
12353,6834,2023-09-18,Payment Successed
12354,16264,2021-04-10,Payment Successed
12357,8963,2020-09-01,Payment Successed
12358,13848,2022-05-01,Payment Successed
12361,4207,2021-08-25,Payment Successed
12363,5092,2023-09-04,Payment Successed
12364,10957,2022-11-30,Payment Successed
12365,44,2020-10-01,Payment Successed
12367,10670,2020-10-20,Payment Successed
12370,20401,2022-02-15,Payment Successed
12371,9365,2022-05-27,Payment Successed
12373,10066,2020-09-10,Payment Successed
12375,15562,2023-05-21,Payment Successed
12376,16929,2020-11-25,Payment Successed
12378,11480,2020-12-09,Payment Successed
12380,759,2022-03-09,Payment Successed
12382,11280,2022-12-21,Payment Successed
12384,4492,2021-07-12,Payment Successed
12385,15839,2020-07-03,Payment Successed
12386,4247,2020-09-24,Payment Successed
12393,7591,2021-07-21,Payment Successed
12396,12627,2023-07-21,Payment Successed
12397,117,2022-10-22,Payment Successed
12398,20497,2021-08-18,Payment Successed
12400,16818,2020-06-21,Payment Successed
12403,11704,2022-06-24,Payment Successed
12404,10459,2020-01-19,Payment Successed
12405,4729,2023-08-19,Payment Successed
12406,7632,2022-05-13,Payment Successed
12410,14296,2023-05-30,Payment Successed
12415,20807,2022-02-17,Payment Successed
12417,21029,2021-02-18,Payment Successed
12420,3708,2022-11-15,Payment Successed
12422,14218,2020-02-17,Payment Successed
12423,17836,2020-03-10,Payment Successed
13874,10496,2021-01-09,Payment Pending
13875,7051,2022-10-15,Payment Pending
13877,4709,2021-02-08,Payment Pending
13880,13627,2021-07-08,Payment Pending
13882,6861,2021-11-29,Payment Pending
13890,10621,2021-02-24,Payment Pending
13891,16971,2021-08-24,Payment Pending
13893,20180,2023-03-27,Payment Pending
13898,8762,2023-06-16,Payment Pending
13905,19078,2020-09-19,Payment Pending
13909,17851,2022-03-03,Payment Pending
13912,17731,2022-08-18,Payment Pending
13913,18510,2021-05-01,Payment Pending
13921,10521,2021-10-17,Payment Pending
13922,20715,2023-04-11,Payment Pending
13924,3035,2021-10-04,Payment Pending
13928,18267,2023-11-24,Payment Pending
13933,5047,2020-08-18,Payment Pending
13935,14393,2021-07-14,Payment Pending
13936,7265,2022-12-31,Payment Pending
13937,6093,2023-12-26,Payment Pending
13938,11701,2022-01-17,Payment Pending
13940,20526,2020-06-28,Payment Pending
13941,10825,2023-05-31,Payment Pending
13942,2801,2023-10-23,Payment Pending
13945,7360,2021-04-11,Payment Pending
13947,9828,2020-01-28,Payment Pending
13948,5063,2023-11-09,Payment Pending
13949,20505,2020-11-17,Payment Pending
13950,2084,2022-08-07,Payment Pending
13952,5755,2022-03-14,Payment Pending
13953,20416,2021-07-06,Payment Pending
13954,11649,2021-03-20,Payment Pending
13957,19532,2022-10-28,Payment Pending
13960,16202,2021-03-19,Payment Pending
13961,20549,2020-12-31,Payment Pending
13964,12678,2022-09-15,Payment Pending
13968,1108,2023-04-07,Payment Pending
13971,20438,2022-09-16,Payment Pending
13979,348,2020-02-03,Payment Pending
13980,21185,2021-12-20,Payment Pending
13981,12901,2023-07-19,Payment Pending
13982,17843,2023-09-13,Payment Pending
13983,9750,2023-07-17,Payment Pending
13984,5700,2021-09-29,Payment Pending
13986,12180,2021-01-09,Payment Pending
13996,15987,2022-09-16,Payment Pending
13997,9611,2023-02-05,Payment Pending
14001,20734,2022-06-03,Payment Pending
14004,17968,2020-02-16,Payment Pending
14008,13139,2023-07-02,Payment Pending
14009,1689,2022-10-12,Payment Pending
12425,8261,2020-12-16,Payment Successed
12429,10527,2023-08-18,Payment Successed
12433,9676,2023-06-18,Payment Successed
12434,10160,2021-08-18,Payment Successed
12436,9185,2022-10-07,Payment Successed
12438,11353,2022-10-11,Payment Successed
12440,13689,2020-03-09,Payment Successed
12442,12183,2020-09-03,Payment Successed
12443,3586,2021-09-02,Payment Successed
12444,10601,2022-07-12,Payment Successed
12446,5613,2022-10-25,Payment Successed
12448,14159,2020-02-19,Payment Successed
12451,5809,2022-05-24,Payment Successed
14014,10245,2023-08-22,Payment Failed
14021,2408,2022-08-13,Payment Failed
14079,7090,2023-08-19,Payment Failed
14084,6487,2020-04-02,Payment Failed
14104,1803,2020-01-30,Payment Failed
14142,8139,2020-05-01,Payment Failed
14037,3054,2020-03-29,Refunded
14075,18121,2022-06-03,Refunded
14121,1784,2021-04-11,Refunded
12452,18079,2023-12-13,Payment Successed
12455,7299,2022-05-04,Payment Successed
12457,984,2021-08-21,Payment Successed
12460,18705,2022-03-16,Payment Successed
12462,14759,2023-01-18,Payment Successed
12463,12483,2021-12-09,Payment Successed
12465,11304,2021-03-25,Payment Successed
12467,3005,2023-02-22,Payment Successed
12470,11839,2022-01-18,Payment Successed
12471,19617,2023-04-29,Payment Successed
12472,13471,2020-03-18,Payment Successed
12474,14287,2021-05-03,Payment Successed
12482,15829,2021-11-26,Payment Successed
12484,20308,2023-11-18,Payment Successed
12489,7357,2020-11-13,Payment Successed
12490,10310,2020-08-31,Payment Successed
12492,9249,2023-01-20,Payment Successed
12493,11158,2022-09-13,Payment Successed
12495,14134,2023-09-06,Payment Successed
12496,7926,2022-05-11,Payment Successed
12497,20348,2020-03-10,Payment Successed
12499,20918,2022-11-04,Payment Successed
12500,16485,2020-05-08,Payment Successed
12501,12879,2022-07-15,Payment Successed
12502,20061,2022-05-23,Payment Successed
12504,21386,2021-01-08,Payment Successed
12507,20196,2022-01-23,Payment Successed
12508,4946,2020-09-09,Payment Successed
12509,17372,2022-07-30,Payment Successed
12510,20887,2023-11-17,Payment Successed
12511,20092,2023-02-17,Payment Successed
12513,6106,2020-10-12,Payment Successed
12517,5567,2023-10-01,Payment Successed
12519,21060,2021-10-13,Payment Successed
12520,13004,2023-09-28,Payment Successed
12522,10233,2022-10-13,Payment Successed
12523,2417,2021-09-28,Payment Successed
12525,7301,2023-06-25,Payment Successed
12526,18302,2021-12-28,Payment Successed
14011,4955,2020-03-02,Payment Pending
14020,20539,2023-05-26,Payment Pending
14022,10534,2023-09-13,Payment Pending
14023,14569,2021-07-24,Payment Pending
14025,10550,2021-05-10,Payment Pending
14026,9265,2021-11-17,Payment Pending
14027,10622,2021-09-29,Payment Pending
14031,20168,2021-06-02,Payment Pending
14033,14768,2022-01-04,Payment Pending
14039,412,2020-05-29,Payment Pending
14041,15044,2023-10-16,Payment Pending
14045,11697,2023-11-10,Payment Pending
14046,14374,2020-04-29,Payment Pending
14053,20184,2020-08-01,Payment Pending
14056,10574,2023-06-26,Payment Pending
14057,11132,2020-07-18,Payment Pending
14058,19542,2023-07-06,Payment Pending
14059,9704,2022-01-25,Payment Pending
14060,18254,2023-03-19,Payment Pending
14062,6147,2020-02-23,Payment Pending
14066,20561,2022-02-25,Payment Pending
14071,12086,2023-09-22,Payment Pending
14072,5276,2021-01-09,Payment Pending
14085,21502,2021-01-26,Payment Pending
14086,9588,2023-12-09,Payment Pending
14088,15017,2020-10-01,Payment Pending
14089,9702,2022-03-16,Payment Pending
14095,16955,2022-11-28,Payment Pending
14100,20794,2020-06-18,Payment Pending
14103,752,2021-01-22,Payment Pending
14106,3321,2022-09-24,Payment Pending
14109,4973,2022-11-03,Payment Pending
14110,13347,2020-12-15,Payment Pending
14112,4801,2020-09-21,Payment Pending
14114,10085,2021-10-01,Payment Pending
14122,4742,2022-11-24,Payment Pending
14124,213,2022-12-29,Payment Pending
14132,14571,2022-10-21,Payment Pending
14134,9801,2023-09-15,Payment Pending
14136,20169,2022-03-13,Payment Pending
14139,14800,2022-08-24,Payment Pending
14145,3659,2021-10-10,Payment Pending
12529,7764,2020-01-25,Payment Successed
12532,1916,2023-05-06,Payment Successed
12533,639,2023-09-13,Payment Successed
12535,18501,2020-08-17,Payment Successed
12536,10181,2022-07-23,Payment Successed
12537,12036,2023-08-06,Payment Successed
12538,13103,2022-07-10,Payment Successed
12539,5580,2021-03-31,Payment Successed
12540,4294,2023-06-19,Payment Successed
12541,12178,2021-01-21,Payment Successed
12542,317,2023-12-17,Payment Successed
12543,7772,2022-12-25,Payment Successed
12544,11761,2022-09-21,Payment Successed
12546,12555,2023-08-31,Payment Successed
12547,20105,2023-01-30,Payment Successed
12548,17314,2022-12-17,Payment Successed
12550,1388,2022-09-21,Payment Successed
12551,5920,2023-03-03,Payment Successed
12553,14817,2022-08-24,Payment Successed
12556,16050,2020-12-26,Payment Successed
12559,10099,2023-05-09,Payment Successed
12563,3537,2023-10-20,Payment Successed
12564,10267,2020-06-16,Payment Successed
12565,9461,2023-11-04,Payment Successed
12567,4852,2023-07-18,Payment Successed
12569,861,2023-03-16,Payment Successed
12571,10815,2021-02-25,Payment Successed
12572,18372,2020-09-20,Payment Successed
12573,2237,2023-07-15,Payment Successed
12575,14212,2023-05-24,Payment Successed
12576,15994,2022-05-26,Payment Successed
12577,11161,2020-08-28,Payment Successed
12578,8755,2021-03-20,Payment Successed
12581,9347,2022-04-27,Payment Successed
12584,17426,2020-06-25,Payment Successed
12585,1057,2023-05-04,Payment Successed
12587,7362,2022-08-05,Payment Successed
12588,20533,2023-06-13,Payment Successed
12589,15446,2021-01-25,Payment Successed
12590,15835,2023-09-14,Payment Successed
14179,21585,2021-12-18,Payment Failed
14189,4640,2022-09-03,Payment Failed
14192,6786,2020-09-19,Payment Failed
14194,13247,2021-01-30,Payment Failed
14205,16308,2021-02-26,Payment Failed
14221,6407,2022-04-20,Payment Failed
14224,6379,2020-04-01,Payment Failed
14225,2830,2021-08-15,Payment Failed
14230,9296,2022-10-20,Payment Failed
14231,5903,2023-10-24,Payment Failed
14263,12598,2021-05-01,Payment Failed
14264,7603,2022-02-01,Payment Failed
14279,17193,2022-01-31,Payment Failed
14280,3891,2023-06-28,Payment Failed
14203,18089,2021-10-29,Refunded
14259,17103,2021-12-07,Refunded
12591,16419,2022-08-23,Payment Successed
12593,18732,2020-09-04,Payment Successed
12594,12669,2023-01-05,Payment Successed
12595,20206,2023-05-15,Payment Successed
12596,4979,2020-12-24,Payment Successed
12598,364,2023-04-09,Payment Successed
12599,21569,2023-04-14,Payment Successed
12600,9409,2022-07-25,Payment Successed
12602,13983,2021-05-14,Payment Successed
12603,3945,2021-06-10,Payment Successed
12604,5871,2021-04-26,Payment Successed
12606,6355,2020-02-14,Payment Successed
12608,3354,2021-07-08,Payment Successed
12609,13009,2020-12-09,Payment Successed
12611,1513,2023-08-06,Payment Successed
12613,19094,2021-08-29,Payment Successed
12614,8215,2021-07-07,Payment Successed
12616,15488,2021-12-16,Payment Successed
12618,16172,2020-01-14,Payment Successed
12621,19296,2021-05-10,Payment Successed
12622,14064,2022-09-05,Payment Successed
12623,12164,2021-03-27,Payment Successed
12624,16952,2023-04-29,Payment Successed
12625,19368,2021-01-18,Payment Successed
12627,10443,2023-12-15,Payment Successed
12628,10524,2023-10-13,Payment Successed
12629,7438,2021-12-18,Payment Successed
12630,17771,2020-07-24,Payment Successed
12632,9238,2022-06-27,Payment Successed
12635,6919,2021-08-03,Payment Successed
12638,16556,2020-11-11,Payment Successed
12639,9146,2020-06-07,Payment Successed
12640,151,2022-07-16,Payment Successed
12643,93,2021-11-29,Payment Successed
12644,566,2021-11-15,Payment Successed
12645,13988,2022-07-02,Payment Successed
12646,16138,2023-10-29,Payment Successed
12647,12974,2022-11-14,Payment Successed
12648,5625,2021-12-28,Payment Successed
12652,12479,2023-02-04,Payment Successed
12653,5491,2022-02-12,Payment Successed
12654,12547,2022-02-21,Payment Successed
12656,8192,2021-09-02,Payment Successed
12657,18749,2023-12-13,Payment Successed
14147,14808,2020-09-22,Payment Pending
14148,18237,2021-04-02,Payment Pending
14154,10714,2022-04-21,Payment Pending
14157,10061,2022-09-13,Payment Pending
14160,12151,2022-05-06,Payment Pending
14161,13662,2021-06-15,Payment Pending
14163,19880,2020-10-22,Payment Pending
14166,4174,2023-11-29,Payment Pending
14168,871,2023-12-23,Payment Pending
14169,12560,2021-08-09,Payment Pending
14172,8469,2023-06-09,Payment Pending
14173,17738,2023-11-06,Payment Pending
14182,12730,2022-11-24,Payment Pending
14183,4011,2020-10-22,Payment Pending
14184,8917,2020-08-25,Payment Pending
14185,15441,2022-04-28,Payment Pending
14186,16376,2023-02-11,Payment Pending
14191,20292,2021-02-27,Payment Pending
14195,16494,2021-03-31,Payment Pending
14199,637,2020-03-25,Payment Pending
14202,8798,2022-05-28,Payment Pending
14206,8282,2020-09-22,Payment Pending
14210,11271,2020-06-16,Payment Pending
14212,19097,2020-02-17,Payment Pending
14213,16500,2020-10-22,Payment Pending
14218,11122,2021-10-05,Payment Pending
14219,17338,2023-08-31,Payment Pending
14223,18889,2020-03-17,Payment Pending
14226,7971,2020-07-28,Payment Pending
14232,4636,2023-11-02,Payment Pending
14236,9762,2022-08-06,Payment Pending
14239,17091,2020-11-21,Payment Pending
14243,21303,2020-05-21,Payment Pending
14254,6878,2022-03-13,Payment Pending
14255,17633,2020-09-11,Payment Pending
14256,16811,2022-08-20,Payment Pending
14257,7840,2021-10-31,Payment Pending
14258,4097,2021-02-09,Payment Pending
14260,20979,2022-07-30,Payment Pending
14261,17998,2022-10-24,Payment Pending
14262,6249,2022-04-28,Payment Pending
14265,9882,2023-08-24,Payment Pending
14268,18775,2022-12-13,Payment Pending
14272,6094,2021-11-28,Payment Pending
14273,2265,2022-12-04,Payment Pending
14278,14928,2020-08-24,Payment Pending
12658,6005,2023-06-09,Payment Successed
12659,7202,2020-02-13,Payment Successed
12660,9462,2022-06-15,Payment Successed
12662,1357,2020-04-23,Payment Successed
12664,839,2020-01-11,Payment Successed
12666,20756,2022-06-24,Payment Successed
12667,16874,2023-12-24,Payment Successed
12668,11602,2020-02-15,Payment Successed
12670,8745,2022-12-30,Payment Successed
12671,16826,2020-08-01,Payment Successed
12672,14352,2021-11-26,Payment Successed
12673,15683,2021-06-22,Payment Successed
12676,20193,2022-02-08,Payment Successed
12679,8730,2021-06-30,Payment Successed
12680,12593,2021-08-05,Payment Successed
12681,13548,2022-10-01,Payment Successed
12682,13748,2022-10-07,Payment Successed
12690,6628,2021-03-29,Payment Successed
12691,7109,2021-03-10,Payment Successed
12692,5584,2021-03-03,Payment Successed
12693,14459,2023-05-01,Payment Successed
12695,9336,2021-10-16,Payment Successed
12696,11842,2023-03-19,Payment Successed
12699,21586,2022-05-16,Payment Successed
14287,11944,2023-09-03,Payment Failed
14294,9509,2021-05-01,Payment Failed
14295,2777,2021-04-29,Payment Failed
14352,13332,2020-12-31,Payment Failed
14377,2638,2021-06-22,Payment Failed
14379,13003,2020-11-06,Payment Failed
14392,3679,2020-06-29,Payment Failed
14402,18393,2020-12-19,Payment Failed
14330,2253,2021-03-15,Refunded
14344,20620,2020-09-21,Refunded
14408,2506,2023-04-28,Refunded
12701,1991,2023-05-12,Payment Successed
12702,12490,2021-11-09,Payment Successed
12703,21536,2020-08-30,Payment Successed
12704,9437,2023-02-19,Payment Successed
12709,4244,2020-05-07,Payment Successed
12712,12862,2021-06-13,Payment Successed
12715,5724,2022-12-07,Payment Successed
12719,7967,2021-07-25,Payment Successed
12720,4264,2021-09-05,Payment Successed
12721,21430,2021-05-07,Payment Successed
12722,15935,2020-11-21,Payment Successed
12723,20820,2023-09-14,Payment Successed
12725,12921,2022-10-29,Payment Successed
12726,3095,2022-12-29,Payment Successed
12728,14966,2023-10-02,Payment Successed
12730,5081,2022-03-21,Payment Successed
12731,11987,2020-10-15,Payment Successed
12732,16216,2023-10-29,Payment Successed
12733,20816,2022-02-05,Payment Successed
12740,16409,2023-03-29,Payment Successed
12741,15877,2020-07-13,Payment Successed
12742,9469,2022-10-31,Payment Successed
12744,20787,2020-12-21,Payment Successed
12746,3529,2022-11-11,Payment Successed
12747,4515,2022-05-28,Payment Successed
12748,7600,2023-01-08,Payment Successed
12751,1918,2021-11-21,Payment Successed
12752,16730,2020-03-23,Payment Successed
12755,2372,2021-02-01,Payment Successed
12756,5622,2020-09-02,Payment Successed
12761,14100,2022-01-10,Payment Successed
12762,18719,2021-08-18,Payment Successed
12765,12867,2020-03-18,Payment Successed
12767,16306,2020-01-24,Payment Successed
14284,19215,2022-03-20,Payment Pending
14286,5284,2021-09-15,Payment Pending
14288,8946,2022-03-14,Payment Pending
14289,12736,2021-05-27,Payment Pending
14293,3671,2023-01-04,Payment Pending
14300,3748,2023-02-28,Payment Pending
14302,14672,2022-05-28,Payment Pending
14304,3333,2021-05-16,Payment Pending
14305,19404,2021-05-01,Payment Pending
14310,6912,2022-02-23,Payment Pending
14312,6830,2022-09-21,Payment Pending
14313,16287,2020-08-02,Payment Pending
14319,18006,2021-01-06,Payment Pending
14331,11768,2021-11-23,Payment Pending
14336,3879,2023-03-23,Payment Pending
14337,11318,2020-10-12,Payment Pending
14338,20736,2022-01-06,Payment Pending
14348,2641,2021-10-08,Payment Pending
14350,9257,2022-10-20,Payment Pending
14351,8677,2020-09-07,Payment Pending
14356,1252,2021-04-23,Payment Pending
14361,6648,2021-07-22,Payment Pending
14368,615,2021-03-03,Payment Pending
14369,4336,2022-01-15,Payment Pending
14370,3136,2022-09-17,Payment Pending
14374,1021,2020-05-24,Payment Pending
14387,8062,2020-07-01,Payment Pending
14391,3625,2021-04-29,Payment Pending
14396,7354,2023-06-15,Payment Pending
14399,10019,2020-12-03,Payment Pending
14403,15699,2023-03-05,Payment Pending
14405,4883,2023-03-05,Payment Pending
14409,18219,2023-10-21,Payment Pending
14410,6456,2022-05-11,Payment Pending
14411,4695,2020-10-27,Payment Pending
14413,1197,2020-10-13,Payment Pending
14414,444,2022-06-16,Payment Pending
12770,2069,2021-07-26,Payment Successed
12773,8511,2020-03-03,Payment Successed
12776,14388,2022-07-23,Payment Successed
12777,1334,2020-09-12,Payment Successed
12778,17214,2022-03-30,Payment Successed
12779,14503,2020-10-17,Payment Successed
12780,9601,2023-08-22,Payment Successed
12781,12200,2020-11-06,Payment Successed
12787,8307,2023-10-05,Payment Successed
12789,3135,2021-07-08,Payment Successed
12791,21066,2021-04-15,Payment Successed
12794,15733,2021-02-28,Payment Successed
12795,2788,2022-02-24,Payment Successed
12796,660,2022-04-08,Payment Successed
12797,8784,2023-11-11,Payment Successed
12798,2061,2022-07-30,Payment Successed
12800,6771,2020-08-23,Payment Successed
12802,18726,2022-12-06,Payment Successed
12804,709,2020-02-25,Payment Successed
12806,3191,2022-12-13,Payment Successed
12807,799,2022-10-14,Payment Successed
12809,6424,2023-08-04,Payment Successed
12810,20747,2021-02-10,Payment Successed
12812,2906,2022-07-11,Payment Successed
12813,4692,2020-02-14,Payment Successed
12817,4987,2021-08-02,Payment Successed
12818,10210,2020-09-07,Payment Successed
12819,18082,2021-07-03,Payment Successed
12821,7952,2020-03-28,Payment Successed
12824,2918,2021-06-29,Payment Successed
12826,16075,2023-09-16,Payment Successed
12827,2740,2022-12-26,Payment Successed
12828,3004,2022-11-06,Payment Successed
12831,10330,2021-01-15,Payment Successed
12832,9595,2023-09-09,Payment Successed
12833,5138,2023-05-16,Payment Successed
12836,17566,2020-06-05,Payment Successed
12837,9559,2022-06-04,Payment Successed
12838,13777,2020-05-05,Payment Successed
12839,9367,2022-10-05,Payment Successed
12840,11611,2023-01-20,Payment Successed
12841,16429,2023-12-26,Payment Successed
12844,15978,2022-04-11,Payment Successed
12845,21158,2021-04-08,Payment Successed
12846,12405,2023-07-24,Payment Successed
12849,17144,2020-06-30,Payment Successed
12850,1592,2023-02-17,Payment Successed
12852,15712,2021-08-30,Payment Successed
14430,15323,2020-05-20,Payment Failed
14456,15084,2023-12-01,Payment Failed
14457,1904,2020-01-19,Payment Failed
14458,20032,2021-11-17,Payment Failed
14486,21049,2023-03-02,Payment Failed
14501,7984,2023-06-24,Payment Failed
14502,7791,2022-07-09,Payment Failed
14508,14900,2020-02-05,Payment Failed
14516,9281,2023-10-21,Payment Failed
14525,12955,2022-05-06,Payment Failed
14526,18765,2022-04-15,Payment Failed
14546,12146,2023-08-03,Payment Failed
14465,3941,2023-04-21,Refunded
14513,4661,2021-08-08,Refunded
14524,17296,2020-04-30,Refunded
14527,15694,2023-03-24,Refunded
12853,7466,2022-08-27,Payment Successed
12854,10924,2022-02-16,Payment Successed
12857,11975,2023-12-11,Payment Successed
12858,18608,2020-03-09,Payment Successed
12860,13674,2021-01-01,Payment Successed
12862,17224,2022-04-19,Payment Successed
12864,10342,2023-05-17,Payment Successed
12871,18983,2021-05-17,Payment Successed
12873,17323,2021-12-07,Payment Successed
12876,9555,2022-09-27,Payment Successed
12877,14813,2022-02-18,Payment Successed
12879,15686,2021-12-20,Payment Successed
12880,2946,2023-02-02,Payment Successed
12882,2622,2022-08-02,Payment Successed
12883,12065,2021-04-21,Payment Successed
12884,12421,2021-03-14,Payment Successed
12885,9191,2021-12-22,Payment Successed
12886,18642,2023-02-16,Payment Successed
12889,6793,2023-08-09,Payment Successed
12890,4606,2021-09-28,Payment Successed
12891,19175,2022-05-24,Payment Successed
12894,14162,2020-02-01,Payment Successed
12896,15421,2023-04-03,Payment Successed
12897,5581,2023-07-10,Payment Successed
12899,10934,2020-01-06,Payment Successed
12900,12932,2023-01-12,Payment Successed
12901,15508,2023-09-28,Payment Successed
12902,9215,2022-03-15,Payment Successed
12903,13028,2022-01-30,Payment Successed
12904,15815,2022-09-01,Payment Successed
12905,14761,2021-06-19,Payment Successed
12906,13470,2023-07-28,Payment Successed
12907,15405,2021-07-14,Payment Successed
12909,5854,2022-08-09,Payment Successed
12913,20762,2022-05-12,Payment Successed
12915,1314,2021-03-29,Payment Successed
12921,16656,2020-04-11,Payment Successed
14420,811,2022-02-10,Payment Pending
14421,14103,2021-01-17,Payment Pending
14422,16385,2022-01-25,Payment Pending
14423,4110,2021-08-11,Payment Pending
14429,6778,2022-11-11,Payment Pending
14434,18000,2022-01-11,Payment Pending
14435,5689,2023-08-15,Payment Pending
14438,21512,2021-11-25,Payment Pending
14440,14166,2022-02-12,Payment Pending
14443,4250,2020-09-29,Payment Pending
14445,6256,2023-08-09,Payment Pending
14446,3694,2021-02-25,Payment Pending
14447,5612,2023-07-14,Payment Pending
14454,18167,2022-11-23,Payment Pending
14455,19907,2023-03-14,Payment Pending
14459,20774,2020-08-04,Payment Pending
14460,14905,2020-07-16,Payment Pending
14469,16792,2021-10-30,Payment Pending
14471,4972,2023-05-22,Payment Pending
14474,6579,2020-09-16,Payment Pending
14475,9563,2020-07-04,Payment Pending
14478,1193,2022-02-11,Payment Pending
14479,17337,2020-03-18,Payment Pending
14482,3622,2021-03-05,Payment Pending
14488,16067,2020-02-11,Payment Pending
14492,13929,2021-07-05,Payment Pending
14493,754,2022-04-10,Payment Pending
14494,10571,2021-03-24,Payment Pending
14498,988,2023-06-26,Payment Pending
14499,935,2020-01-15,Payment Pending
14504,2208,2022-01-18,Payment Pending
14507,2439,2020-04-09,Payment Pending
14509,3127,2022-01-18,Payment Pending
14518,10562,2022-09-28,Payment Pending
14523,743,2020-05-11,Payment Pending
14532,20702,2023-09-03,Payment Pending
14538,18011,2022-09-03,Payment Pending
14539,12761,2021-05-18,Payment Pending
14541,10843,2022-11-19,Payment Pending
14542,19353,2023-11-29,Payment Pending
14544,9784,2021-12-02,Payment Pending
14551,8743,2020-01-10,Payment Pending
12922,14504,2023-05-27,Payment Successed
12923,9152,2020-08-12,Payment Successed
12924,9629,2022-02-16,Payment Successed
12926,18800,2022-09-11,Payment Successed
12927,20658,2022-11-29,Payment Successed
12932,840,2020-08-05,Payment Successed
12933,10369,2022-01-18,Payment Successed
12934,19261,2021-11-05,Payment Successed
12935,16213,2022-06-10,Payment Successed
12936,6192,2022-10-27,Payment Successed
12938,12111,2021-05-22,Payment Successed
12939,3198,2021-01-07,Payment Successed
12940,15684,2020-11-24,Payment Successed
12941,11488,2022-04-08,Payment Successed
12943,5826,2021-12-03,Payment Successed
12948,13384,2023-09-06,Payment Successed
12950,7040,2022-12-28,Payment Successed
12952,2020,2020-06-18,Payment Successed
12953,3924,2023-06-25,Payment Successed
12954,15140,2021-03-20,Payment Successed
12957,5024,2021-01-02,Payment Successed
12958,15564,2023-02-19,Payment Successed
12963,21432,2023-05-29,Payment Successed
12965,3844,2021-01-13,Payment Successed
12967,12275,2021-01-26,Payment Successed
12969,17227,2021-12-10,Payment Successed
12971,19211,2023-03-08,Payment Successed
12974,18324,2021-04-11,Payment Successed
12975,11841,2021-11-29,Payment Successed
12977,20492,2022-07-02,Payment Successed
12981,12456,2022-06-20,Payment Successed
12982,3712,2021-10-06,Payment Successed
14562,12052,2021-01-24,Payment Failed
14586,1490,2020-05-22,Payment Failed
14588,21510,2023-11-12,Payment Failed
14590,6971,2022-07-15,Payment Failed
14601,9168,2022-01-03,Payment Failed
14620,17190,2023-12-28,Payment Failed
14642,12966,2022-01-27,Payment Failed
14679,7814,2021-04-25,Payment Failed
14681,237,2021-09-09,Payment Failed
14597,5541,2022-11-07,Refunded
14665,8866,2020-09-14,Refunded
14667,2604,2023-12-23,Refunded
14678,14639,2022-04-05,Refunded
12983,9397,2022-06-08,Payment Successed
12984,8532,2021-02-24,Payment Successed
12985,5471,2021-02-15,Payment Successed
12988,13045,2023-06-15,Payment Successed
12990,10928,2020-09-11,Payment Successed
12991,14973,2023-05-07,Payment Successed
12995,491,2020-08-20,Payment Successed
12997,15030,2022-12-23,Payment Successed
12998,6435,2020-03-30,Payment Successed
12999,13632,2023-09-15,Payment Successed
13001,5484,2021-08-24,Payment Successed
13002,15478,2020-10-06,Payment Successed
13004,7057,2023-10-31,Payment Successed
13007,21376,2021-12-19,Payment Successed
13008,3388,2023-12-24,Payment Successed
13009,9758,2020-08-06,Payment Successed
13011,1694,2022-08-30,Payment Successed
13012,15774,2022-05-02,Payment Successed
13013,4371,2023-12-29,Payment Successed
13018,4733,2023-05-04,Payment Successed
13019,10028,2021-09-21,Payment Successed
13020,14742,2020-05-14,Payment Successed
13021,19144,2020-02-13,Payment Successed
13029,14534,2022-11-18,Payment Successed
13035,2669,2022-07-29,Payment Successed
13037,15233,2022-02-23,Payment Successed
13042,4363,2023-08-11,Payment Successed
13043,2254,2020-03-18,Payment Successed
13045,6055,2022-09-03,Payment Successed
13047,3653,2022-09-09,Payment Successed
13048,8003,2021-10-07,Payment Successed
13051,18442,2020-06-20,Payment Successed
13052,6732,2023-12-26,Payment Successed
13055,4354,2023-07-18,Payment Successed
13058,2076,2022-09-19,Payment Successed
13059,19763,2023-01-21,Payment Successed
13060,12689,2021-12-05,Payment Successed
14556,7389,2022-07-18,Payment Pending
14566,9884,2020-11-07,Payment Pending
14571,2587,2022-06-25,Payment Pending
14574,14605,2022-10-15,Payment Pending
14576,11182,2021-08-07,Payment Pending
14577,7151,2021-04-19,Payment Pending
14582,5673,2020-06-09,Payment Pending
14583,17336,2021-09-09,Payment Pending
14584,11160,2023-10-08,Payment Pending
14591,1737,2021-12-10,Payment Pending
14592,13362,2023-02-21,Payment Pending
14595,17617,2023-09-03,Payment Pending
14596,14018,2023-12-01,Payment Pending
14599,10123,2023-04-10,Payment Pending
14603,10861,2021-05-25,Payment Pending
14605,14105,2021-01-24,Payment Pending
14607,2925,2023-05-03,Payment Pending
14612,2542,2022-03-12,Payment Pending
14623,9040,2023-08-06,Payment Pending
14624,18678,2021-08-15,Payment Pending
14626,7774,2021-03-28,Payment Pending
14630,17167,2022-03-10,Payment Pending
14634,3702,2020-09-01,Payment Pending
14635,20332,2021-04-21,Payment Pending
14636,10225,2023-08-17,Payment Pending
14640,11153,2021-05-11,Payment Pending
14643,11245,2020-07-08,Payment Pending
14644,136,2023-05-18,Payment Pending
14648,5305,2023-12-23,Payment Pending
14650,10294,2023-11-06,Payment Pending
14657,15833,2021-12-25,Payment Pending
14658,11688,2023-11-05,Payment Pending
14663,3178,2022-06-17,Payment Pending
14664,18140,2021-12-12,Payment Pending
14670,8602,2020-07-17,Payment Pending
14676,17019,2020-05-06,Payment Pending
14677,1060,2022-12-12,Payment Pending
14680,5725,2023-01-28,Payment Pending
14687,15949,2021-11-14,Payment Pending
14688,13132,2020-02-15,Payment Pending
14689,11642,2023-09-16,Payment Pending
13061,16493,2023-10-08,Payment Successed
13062,17384,2023-03-18,Payment Successed
13064,221,2021-02-10,Payment Successed
13065,4535,2021-05-27,Payment Successed
13066,8943,2022-10-19,Payment Successed
13067,21589,2022-05-17,Payment Successed
13069,8176,2020-10-21,Payment Successed
13071,16002,2020-03-09,Payment Successed
13072,18544,2022-06-14,Payment Successed
13074,9282,2022-11-16,Payment Successed
13075,10356,2021-06-30,Payment Successed
13076,15104,2021-08-16,Payment Successed
13079,6600,2020-09-10,Payment Successed
13081,17965,2022-08-24,Payment Successed
13082,18667,2020-04-23,Payment Successed
13083,12922,2020-10-07,Payment Successed
13085,10005,2020-07-21,Payment Successed
13087,4705,2023-05-21,Payment Successed
13088,5323,2023-08-07,Payment Successed
13090,9725,2023-02-22,Payment Successed
13091,18850,2023-05-02,Payment Successed
13093,11397,2021-08-01,Payment Successed
13097,19961,2021-10-08,Payment Successed
13099,15134,2020-11-15,Payment Successed
13101,3374,2022-11-17,Payment Successed
13104,16218,2021-08-28,Payment Successed
13109,19793,2022-08-26,Payment Successed
13110,16619,2022-05-14,Payment Successed
13111,21214,2022-11-21,Payment Successed
13113,7123,2021-11-25,Payment Successed
13114,19058,2020-01-21,Payment Successed
13116,18175,2021-10-08,Payment Successed
13117,11904,2023-07-22,Payment Successed
13118,11195,2020-07-10,Payment Successed
13119,20121,2020-04-28,Payment Successed
13122,9620,2020-05-22,Payment Successed
13123,13801,2022-04-05,Payment Successed
13126,5494,2021-05-27,Payment Successed
14709,3472,2023-06-29,Payment Failed
14725,11717,2023-12-24,Payment Failed
14746,2351,2023-02-20,Payment Failed
14747,19138,2023-08-31,Payment Failed
14753,5367,2021-05-09,Payment Failed
14769,1322,2023-06-16,Payment Failed
14775,17096,2023-08-17,Payment Failed
14777,18276,2023-10-17,Payment Failed
14789,10231,2022-08-15,Payment Failed
14790,3561,2022-03-23,Payment Failed
14792,13774,2023-04-17,Payment Failed
14814,4113,2021-12-10,Payment Failed
14691,14986,2021-02-18,Refunded
14750,20294,2021-04-30,Refunded
14758,6598,2022-01-28,Refunded
14763,20259,2021-07-04,Refunded
14796,4010,2023-03-26,Refunded
14813,3850,2021-04-12,Refunded
13127,11503,2020-11-13,Payment Successed
13128,18472,2022-09-09,Payment Successed
13129,5618,2023-11-19,Payment Successed
13131,17846,2020-06-11,Payment Successed
13132,14776,2020-11-15,Payment Successed
13133,7900,2021-06-20,Payment Successed
13135,964,2021-08-13,Payment Successed
13137,1532,2022-03-25,Payment Successed
13140,4736,2020-10-06,Payment Successed
13141,19873,2021-01-25,Payment Successed
13142,15153,2020-11-01,Payment Successed
13144,499,2021-10-30,Payment Successed
13150,9608,2020-06-04,Payment Successed
13151,2756,2020-10-17,Payment Successed
13152,17109,2023-07-16,Payment Successed
13153,3860,2020-11-09,Payment Successed
13157,15018,2021-03-21,Payment Successed
13158,2495,2021-01-09,Payment Successed
13159,2955,2020-05-25,Payment Successed
13161,3696,2020-09-12,Payment Successed
13164,4919,2021-06-19,Payment Successed
13166,12633,2021-06-15,Payment Successed
13168,16938,2023-07-22,Payment Successed
13169,14967,2021-01-30,Payment Successed
13170,9894,2021-04-21,Payment Successed
13175,15628,2022-05-24,Payment Successed
13176,21356,2020-05-27,Payment Successed
13177,9769,2020-04-02,Payment Successed
13182,10036,2021-03-02,Payment Successed
13183,7835,2021-09-24,Payment Successed
13187,8099,2023-07-27,Payment Successed
13193,14686,2023-06-18,Payment Successed
13197,2694,2023-06-27,Payment Successed
13198,20550,2021-11-24,Payment Successed
13199,8657,2020-08-24,Payment Successed
14693,1187,2022-11-23,Payment Pending
14694,10318,2020-02-11,Payment Pending
14696,5566,2023-07-02,Payment Pending
14697,3751,2022-03-28,Payment Pending
14698,13643,2020-01-21,Payment Pending
14700,5601,2022-08-31,Payment Pending
14702,16408,2023-05-31,Payment Pending
14704,11635,2022-03-10,Payment Pending
14708,15487,2023-07-16,Payment Pending
14711,7908,2022-09-26,Payment Pending
14713,704,2021-10-14,Payment Pending
14714,13823,2023-07-31,Payment Pending
14721,4994,2022-10-23,Payment Pending
14722,3728,2020-03-01,Payment Pending
14727,21302,2023-10-23,Payment Pending
14728,15708,2023-06-03,Payment Pending
14735,10362,2020-10-13,Payment Pending
14737,5578,2023-10-19,Payment Pending
14738,14618,2023-03-24,Payment Pending
14741,7321,2023-01-15,Payment Pending
14745,13243,2023-02-27,Payment Pending
14751,19271,2021-02-04,Payment Pending
14752,20551,2023-07-30,Payment Pending
14760,15148,2021-04-20,Payment Pending
14762,3743,2020-10-15,Payment Pending
14771,9526,2023-03-14,Payment Pending
14778,628,2023-10-04,Payment Pending
14780,19964,2022-09-01,Payment Pending
14781,16006,2022-03-07,Payment Pending
14784,11694,2020-09-28,Payment Pending
14793,11206,2020-07-17,Payment Pending
14794,5838,2021-09-13,Payment Pending
14801,18438,2020-05-09,Payment Pending
14803,19029,2021-02-26,Payment Pending
14808,3037,2020-04-19,Payment Pending
14809,14929,2023-10-01,Payment Pending
14810,11016,2022-10-10,Payment Pending
14812,16534,2020-03-08,Payment Pending
14818,12437,2021-06-13,Payment Pending
14820,13913,2020-06-29,Payment Pending
14823,7958,2020-04-10,Payment Pending
13201,20223,2023-02-05,Payment Successed
13203,322,2022-03-29,Payment Successed
13205,4310,2020-10-08,Payment Successed
13206,18824,2022-03-15,Payment Successed
13209,14278,2021-12-15,Payment Successed
13211,17279,2020-02-08,Payment Successed
13215,2718,2022-06-10,Payment Successed
13216,4278,2021-03-26,Payment Successed
13218,2847,2023-02-22,Payment Successed
13219,10414,2023-04-16,Payment Successed
13220,7038,2020-12-17,Payment Successed
13221,12170,2021-10-05,Payment Successed
13222,2575,2021-02-01,Payment Successed
13229,7927,2021-08-26,Payment Successed
13230,12606,2023-05-29,Payment Successed
13231,12825,2020-09-07,Payment Successed
13235,15435,2021-01-06,Payment Successed
13236,6165,2020-01-21,Payment Successed
13237,19182,2020-11-23,Payment Successed
13238,12156,2023-08-30,Payment Successed
13239,18786,2021-10-13,Payment Successed
13242,5974,2023-08-14,Payment Successed
13248,17907,2022-06-23,Payment Successed
13249,8091,2021-08-15,Payment Successed
13250,12950,2023-12-23,Payment Successed
13251,5268,2022-05-11,Payment Successed
13252,21200,2023-02-19,Payment Successed
13253,17954,2021-09-18,Payment Successed
13254,3621,2023-09-11,Payment Successed
13256,21226,2020-07-04,Payment Successed
13257,2431,2022-08-31,Payment Successed
13259,6442,2020-01-25,Payment Successed
13261,7355,2023-12-23,Payment Successed
14838,3458,2022-12-11,Payment Failed
14839,14179,2022-07-10,Payment Failed
14853,8334,2021-09-06,Payment Failed
14864,2821,2022-04-20,Payment Failed
14873,13108,2021-08-13,Payment Failed
14881,20271,2020-04-11,Payment Failed
14891,13932,2023-04-20,Payment Failed
14901,3316,2023-11-18,Payment Failed
14909,17540,2023-08-20,Payment Failed
14912,4724,2021-09-08,Payment Failed
14936,5169,2022-11-23,Payment Failed
14941,13946,2023-10-24,Payment Failed
14842,12370,2021-01-15,Refunded
14848,4101,2023-12-13,Refunded
14860,20357,2022-07-20,Refunded
14917,11373,2023-08-18,Refunded
14923,862,2022-10-05,Refunded
14944,16649,2022-07-07,Refunded
13262,8069,2021-05-30,Payment Successed
13264,13286,2022-07-22,Payment Successed
13265,3111,2020-12-21,Payment Successed
13266,4259,2022-04-15,Payment Successed
13267,14861,2021-02-16,Payment Successed
13268,1782,2023-03-18,Payment Successed
13269,9977,2020-10-24,Payment Successed
13271,19935,2022-04-02,Payment Successed
13272,5947,2020-06-27,Payment Successed
13274,18883,2021-11-24,Payment Successed
13276,6937,2022-08-19,Payment Successed
13277,7754,2020-04-26,Payment Successed
13278,12603,2020-12-13,Payment Successed
13279,4085,2020-09-08,Payment Successed
13280,17425,2021-09-12,Payment Successed
13281,1441,2020-04-21,Payment Successed
13282,6359,2022-01-02,Payment Successed
13286,9133,2021-06-18,Payment Successed
13287,13697,2023-06-06,Payment Successed
13289,9109,2022-12-30,Payment Successed
13290,19228,2023-10-06,Payment Successed
13292,16541,2022-10-08,Payment Successed
13295,20057,2020-03-16,Payment Successed
13296,10053,2020-01-06,Payment Successed
13298,9701,2021-07-17,Payment Successed
13300,3714,2021-10-15,Payment Successed
13301,13225,2023-02-09,Payment Successed
13302,20060,2021-08-05,Payment Successed
13303,9861,2021-10-08,Payment Successed
13306,7720,2022-06-17,Payment Successed
14827,4819,2020-02-11,Payment Pending
14829,10343,2022-12-27,Payment Pending
14831,4728,2021-05-23,Payment Pending
14834,19013,2020-12-22,Payment Pending
14836,16913,2020-07-06,Payment Pending
14840,15664,2022-08-02,Payment Pending
14841,11295,2023-06-30,Payment Pending
14845,7340,2022-06-13,Payment Pending
14846,14938,2021-03-15,Payment Pending
14851,6023,2023-03-12,Payment Pending
14861,2714,2021-10-31,Payment Pending
14865,18744,2021-04-17,Payment Pending
14866,18388,2020-07-24,Payment Pending
14868,20283,2022-05-15,Payment Pending
14871,14290,2020-02-12,Payment Pending
14876,10373,2023-10-11,Payment Pending
14886,110,2023-10-15,Payment Pending
14889,17809,2023-11-13,Payment Pending
14895,6115,2022-05-16,Payment Pending
14896,20907,2020-01-15,Payment Pending
14897,16594,2020-09-06,Payment Pending
14898,10554,2023-11-23,Payment Pending
14903,6909,2022-05-14,Payment Pending
14904,20812,2021-03-29,Payment Pending
14908,5575,2020-06-02,Payment Pending
14910,3524,2022-08-05,Payment Pending
14914,7465,2021-06-14,Payment Pending
14921,20393,2022-05-11,Payment Pending
14924,14770,2020-11-14,Payment Pending
14929,15799,2022-11-27,Payment Pending
14931,12310,2023-05-19,Payment Pending
14933,15368,2023-10-10,Payment Pending
14938,5079,2021-09-14,Payment Pending
14939,3772,2021-04-03,Payment Pending
14947,15550,2020-04-02,Payment Pending
14953,17825,2020-05-28,Payment Pending
13307,9033,2021-08-24,Payment Successed
13309,390,2020-08-20,Payment Successed
13310,12448,2020-08-30,Payment Successed
13311,20750,2023-05-14,Payment Successed
13313,9222,2020-05-23,Payment Successed
13316,16908,2023-10-12,Payment Successed
13318,14796,2021-04-23,Payment Successed
13319,11154,2022-06-01,Payment Successed
13324,5159,2020-03-12,Payment Successed
13325,15865,2020-02-22,Payment Successed
13327,6567,2023-07-31,Payment Successed
13329,16987,2023-11-09,Payment Successed
13330,20068,2020-03-01,Payment Successed
13331,13974,2020-11-13,Payment Successed
13332,15094,2021-03-10,Payment Successed
13334,4291,2022-09-14,Payment Successed
13335,19661,2021-11-03,Payment Successed
13336,9355,2023-04-09,Payment Successed
13338,20797,2020-11-16,Payment Successed
13339,20856,2022-07-08,Payment Successed
13340,7805,2022-02-16,Payment Successed
13341,6940,2020-01-16,Payment Successed
13342,3022,2021-11-10,Payment Successed
13347,18424,2021-10-02,Payment Successed
13350,2145,2021-01-04,Payment Successed
13351,19365,2020-06-25,Payment Successed
13352,20519,2021-11-12,Payment Successed
13354,9953,2022-03-01,Payment Successed
13355,17171,2023-09-26,Payment Successed
13356,8757,2020-09-13,Payment Successed
13357,10346,2022-06-08,Payment Successed
13359,2195,2023-01-17,Payment Successed
13360,15993,2020-09-08,Payment Successed
13364,20499,2023-03-27,Payment Successed
13365,7062,2023-09-27,Payment Successed
13366,6130,2023-02-03,Payment Successed
13367,3107,2023-11-23,Payment Successed
13371,16578,2022-01-28,Payment Successed
13372,3695,2020-08-20,Payment Successed
13373,7218,2022-11-21,Payment Successed
13374,18483,2021-12-28,Payment Successed
13375,9699,2021-10-13,Payment Successed
13379,5122,2020-05-17,Payment Successed
14963,9567,2022-11-12,Payment Failed
14966,12485,2020-10-24,Payment Failed
14973,17033,2023-02-04,Payment Failed
14994,5782,2020-04-14,Payment Failed
15000,2410,2022-08-21,Payment Failed
15026,14457,2021-11-22,Payment Failed
15031,4001,2023-02-25,Payment Failed
15042,20083,2021-03-30,Payment Failed
15055,4227,2022-01-17,Payment Failed
15066,18884,2021-07-05,Payment Failed
15073,19045,2023-11-06,Payment Failed
15080,14997,2020-10-09,Payment Failed
15086,5686,2021-12-08,Refunded
13380,8092,2020-08-28,Payment Successed
13382,4738,2022-08-17,Payment Successed
13388,10345,2022-06-03,Payment Successed
13390,18329,2022-04-13,Payment Successed
13391,13142,2022-12-01,Payment Successed
13392,17186,2022-12-09,Payment Successed
13393,15298,2021-11-05,Payment Successed
13394,6720,2021-04-07,Payment Successed
13395,13673,2021-07-20,Payment Successed
13397,8726,2022-02-02,Payment Successed
13398,14854,2020-10-13,Payment Successed
13401,1391,2020-01-18,Payment Successed
13403,334,2023-06-10,Payment Successed
13404,11323,2022-06-16,Payment Successed
13406,3387,2021-09-29,Payment Successed
13408,17143,2021-06-09,Payment Successed
13409,12569,2021-12-13,Payment Successed
13411,9798,2022-08-21,Payment Successed
13413,2012,2020-03-26,Payment Successed
13420,6398,2023-12-28,Payment Successed
13421,14190,2020-09-17,Payment Successed
13423,15390,2021-06-01,Payment Successed
13424,14403,2023-06-01,Payment Successed
13428,5647,2023-01-26,Payment Successed
13432,7075,2021-04-21,Payment Successed
13434,18937,2022-10-03,Payment Successed
13437,6581,2020-10-22,Payment Successed
13438,4511,2022-11-06,Payment Successed
13439,18263,2023-05-18,Payment Successed
13440,17222,2022-08-24,Payment Successed
13441,2726,2022-08-19,Payment Successed
13443,9580,2022-02-21,Payment Successed
13444,13073,2020-04-07,Payment Successed
13447,11738,2021-12-14,Payment Successed
13448,4213,2021-04-04,Payment Successed
13449,20469,2021-01-10,Payment Successed
13450,4395,2023-06-19,Payment Successed
13453,8990,2020-01-07,Payment Successed
13454,2050,2020-04-03,Payment Successed
13456,18816,2023-07-13,Payment Successed
13458,9719,2021-05-26,Payment Successed
13460,17529,2020-08-25,Payment Successed
13463,11103,2020-09-24,Payment Successed
13465,11293,2020-12-17,Payment Successed
13466,8819,2020-03-31,Payment Successed
13469,7247,2020-02-21,Payment Successed
13472,3511,2022-05-27,Payment Successed
13473,10926,2021-12-25,Payment Successed
13474,3364,2022-11-16,Payment Successed
13476,19593,2023-05-21,Payment Successed
14962,13654,2023-03-07,Payment Pending
13479,15318,2022-05-17,Payment Successed
13480,6230,2022-03-19,Payment Successed
14965,8361,2021-11-06,Payment Pending
14967,16591,2020-12-11,Payment Pending
14968,4178,2022-05-20,Payment Pending
14972,20084,2021-11-07,Payment Pending
14974,9857,2020-08-22,Payment Pending
14977,9236,2022-06-02,Payment Pending
14980,12726,2022-02-17,Payment Pending
14985,1913,2021-08-18,Payment Pending
14987,1658,2022-02-10,Payment Pending
14988,53,2021-06-14,Payment Pending
14989,4342,2020-05-20,Payment Pending
14993,2579,2020-06-03,Payment Pending
14995,13079,2022-10-26,Payment Pending
15001,15626,2021-01-23,Payment Pending
15005,11289,2020-04-07,Payment Pending
15006,19814,2022-07-08,Payment Pending
15007,9528,2021-08-07,Payment Pending
15008,18611,2023-11-16,Payment Pending
15011,7639,2022-04-09,Payment Pending
15018,2018,2023-08-15,Payment Pending
15021,4573,2022-08-13,Payment Pending
15022,1805,2023-10-01,Payment Pending
15023,8491,2022-11-13,Payment Pending
15024,6637,2022-09-10,Payment Pending
15027,13756,2023-07-26,Payment Pending
15032,6866,2021-03-31,Payment Pending
15034,7578,2020-10-17,Payment Pending
15037,1072,2021-11-11,Payment Pending
15039,1235,2022-12-24,Payment Pending
15041,9303,2022-02-20,Payment Pending
15046,8875,2023-06-02,Payment Pending
15048,9225,2023-10-12,Payment Pending
15049,4091,2021-02-08,Payment Pending
15050,1420,2020-08-10,Payment Pending
15053,14088,2020-10-29,Payment Pending
15054,13441,2022-12-27,Payment Pending
15057,15846,2023-03-25,Payment Pending
15060,2648,2020-12-21,Payment Pending
15062,1870,2020-02-23,Payment Pending
15065,8296,2022-12-15,Payment Pending
15067,15570,2022-11-12,Payment Pending
15069,14158,2021-10-08,Payment Pending
15075,9579,2021-08-12,Payment Pending
15076,11170,2021-01-27,Payment Pending
15077,6976,2021-03-22,Payment Pending
15081,21535,2021-08-08,Payment Pending
15084,8722,2022-08-27,Payment Pending
15085,10580,2021-08-14,Payment Pending
15087,19279,2023-01-10,Payment Pending
15088,8541,2020-04-04,Payment Pending
15089,21298,2020-09-20,Payment Pending
15092,18159,2020-11-12,Payment Pending
15093,19813,2020-06-06,Payment Pending
13482,480,2020-02-27,Payment Successed
13483,9506,2022-08-01,Payment Successed
13484,14652,2020-11-18,Payment Successed
13487,17035,2022-08-29,Payment Successed
13488,7294,2021-05-04,Payment Successed
13489,9945,2023-08-13,Payment Successed
13491,8671,2020-01-17,Payment Successed
13493,14102,2021-06-21,Payment Successed
13496,1932,2020-04-05,Payment Successed
13497,3013,2023-09-16,Payment Successed
15099,18450,2021-12-06,Payment Failed
15105,3173,2022-04-22,Payment Failed
15138,17861,2021-01-26,Payment Failed
15142,11807,2020-03-14,Payment Failed
15152,1634,2021-10-30,Payment Failed
15169,18602,2023-11-02,Payment Failed
15173,3841,2022-11-18,Payment Failed
15202,4903,2021-12-09,Payment Failed
15203,6015,2021-09-16,Payment Failed
15214,6461,2020-04-30,Payment Failed
15216,3932,2021-11-29,Payment Failed
15224,21262,2023-08-14,Payment Failed
15226,12537,2021-04-29,Payment Failed
15228,10396,2021-09-19,Payment Failed
15126,5804,2023-06-14,Refunded
15159,9204,2020-05-09,Refunded
15220,11579,2020-05-07,Refunded
15225,3163,2022-09-29,Refunded
13498,5020,2021-07-08,Payment Successed
13499,9603,2023-10-11,Payment Successed
13500,18504,2022-04-26,Payment Successed
13501,17059,2023-06-02,Payment Successed
13502,10832,2023-10-13,Payment Successed
13503,13417,2021-02-19,Payment Successed
13504,7061,2021-04-20,Payment Successed
13505,6098,2022-12-10,Payment Successed
13506,15088,2023-08-25,Payment Successed
13509,17060,2022-01-05,Payment Successed
13510,11669,2020-09-18,Payment Successed
13511,1752,2021-08-15,Payment Successed
13514,8809,2020-03-01,Payment Successed
13518,15423,2023-08-03,Payment Successed
13519,16741,2021-06-29,Payment Successed
13521,21245,2022-04-21,Payment Successed
13522,15036,2021-09-17,Payment Successed
13525,10676,2023-12-02,Payment Successed
13526,10161,2021-02-20,Payment Successed
13528,11525,2021-03-02,Payment Successed
13530,8305,2020-05-18,Payment Successed
13532,16399,2020-07-28,Payment Successed
13533,5073,2021-02-19,Payment Successed
13534,9581,2023-09-24,Payment Successed
13537,8960,2021-05-13,Payment Successed
13538,10140,2021-06-02,Payment Successed
13539,8867,2020-11-21,Payment Successed
13543,13782,2022-02-15,Payment Successed
13545,8689,2020-07-29,Payment Successed
13549,1121,2020-05-23,Payment Successed
13551,5038,2020-05-01,Payment Successed
13552,15695,2020-08-04,Payment Successed
13553,10260,2023-02-21,Payment Successed
13554,2883,2022-11-10,Payment Successed
13555,18490,2021-07-11,Payment Successed
13556,2629,2021-03-15,Payment Successed
13557,8112,2021-11-23,Payment Successed
13559,1690,2021-03-16,Payment Successed
13561,10898,2020-06-10,Payment Successed
13563,446,2020-09-16,Payment Successed
13566,6301,2022-03-25,Payment Successed
13568,8710,2021-11-04,Payment Successed
13569,8957,2021-12-21,Payment Successed
13572,431,2022-04-09,Payment Successed
15101,1929,2020-04-02,Payment Pending
15103,2344,2020-10-10,Payment Pending
15106,19932,2023-01-16,Payment Pending
15110,2309,2021-04-13,Payment Pending
15112,10764,2023-11-14,Payment Pending
15114,20723,2020-03-05,Payment Pending
15118,464,2022-12-30,Payment Pending
15128,14930,2023-09-11,Payment Pending
15132,2763,2023-12-12,Payment Pending
15136,21082,2021-05-04,Payment Pending
15140,21599,2023-10-02,Payment Pending
15144,16768,2023-10-08,Payment Pending
15147,1997,2023-07-29,Payment Pending
15148,10015,2023-02-16,Payment Pending
15153,7055,2023-09-25,Payment Pending
15154,8600,2021-11-09,Payment Pending
15157,532,2020-01-10,Payment Pending
15160,4086,2021-02-25,Payment Pending
15161,16095,2020-06-17,Payment Pending
15162,4912,2023-01-07,Payment Pending
15164,6675,2021-11-09,Payment Pending
15166,14863,2023-05-11,Payment Pending
15168,4368,2020-12-06,Payment Pending
15170,19506,2023-03-08,Payment Pending
15179,3012,2023-07-25,Payment Pending
15189,669,2020-07-29,Payment Pending
15190,20234,2023-09-25,Payment Pending
15192,16140,2020-11-12,Payment Pending
15193,17675,2020-05-14,Payment Pending
15194,10039,2020-03-06,Payment Pending
15196,19176,2023-09-14,Payment Pending
15197,1043,2020-11-16,Payment Pending
15198,356,2023-12-16,Payment Pending
15199,20,2023-01-22,Payment Pending
15200,11345,2023-07-13,Payment Pending
15201,21030,2022-02-05,Payment Pending
15204,1879,2023-11-14,Payment Pending
15207,21511,2023-04-19,Payment Pending
15208,7483,2023-06-11,Payment Pending
15209,932,2021-09-04,Payment Pending
15211,2521,2022-04-12,Payment Pending
15212,5699,2023-11-21,Payment Pending
15217,21554,2021-12-27,Payment Pending
15219,8152,2020-05-01,Payment Pending
15221,17223,2020-12-17,Payment Pending
15222,9496,2023-07-18,Payment Pending
15223,12223,2021-03-17,Payment Pending
15229,12380,2022-07-20,Payment Pending
13573,19382,2020-01-29,Payment Successed
13574,19342,2023-07-10,Payment Successed
13575,10296,2020-08-07,Payment Successed
13579,20042,2023-12-09,Payment Successed
13580,20716,2021-11-18,Payment Successed
13581,61,2020-11-12,Payment Successed
13582,8350,2023-11-06,Payment Successed
13584,953,2022-12-05,Payment Successed
13585,6273,2023-01-04,Payment Successed
13586,2226,2020-01-13,Payment Successed
13589,6881,2023-06-05,Payment Successed
13592,13396,2020-05-30,Payment Successed
13593,15324,2020-09-04,Payment Successed
13597,9141,2022-06-05,Payment Successed
13600,12690,2021-05-19,Payment Successed
13601,11598,2020-04-09,Payment Successed
13605,15977,2020-06-16,Payment Successed
13606,16820,2021-05-14,Payment Successed
15270,14061,2021-06-12,Payment Failed
15283,9630,2021-12-04,Payment Failed
15307,21524,2020-06-13,Payment Failed
15331,16401,2022-10-28,Payment Failed
15341,7806,2023-09-02,Payment Failed
15359,12136,2023-04-11,Payment Failed
15363,9219,2023-11-15,Payment Failed
15267,7086,2020-10-23,Refunded
15269,14165,2020-12-22,Refunded
15333,214,2023-01-26,Refunded
15367,4700,2023-06-14,Refunded
13607,5757,2022-09-04,Payment Successed
13610,1778,2021-07-15,Payment Successed
13618,10372,2020-06-16,Payment Successed
13620,20915,2022-10-11,Payment Successed
13621,7572,2022-11-24,Payment Successed
13622,12074,2022-03-12,Payment Successed
13623,15539,2021-06-10,Payment Successed
13624,14977,2022-09-17,Payment Successed
13625,14191,2023-05-20,Payment Successed
13628,16062,2022-07-16,Payment Successed
13631,12903,2021-06-26,Payment Successed
13632,15769,2021-08-29,Payment Successed
13633,3589,2021-02-02,Payment Successed
13634,123,2020-04-17,Payment Successed
13635,17685,2021-07-27,Payment Successed
13638,17788,2021-05-19,Payment Successed
13639,13727,2021-08-04,Payment Successed
13641,203,2022-12-01,Payment Successed
13645,17454,2021-10-14,Payment Successed
13646,20309,2021-09-10,Payment Successed
13651,9703,2022-03-16,Payment Successed
13652,5692,2021-12-24,Payment Successed
13655,18005,2022-04-07,Payment Successed
13657,293,2022-04-18,Payment Successed
13658,21220,2022-01-26,Payment Successed
13659,10398,2023-05-21,Payment Successed
13662,21358,2021-06-05,Payment Successed
13663,21565,2022-04-15,Payment Successed
13664,19826,2020-06-25,Payment Successed
13665,15714,2022-10-13,Payment Successed
13666,1383,2023-08-17,Payment Successed
13667,6617,2022-01-06,Payment Successed
13668,9624,2021-07-01,Payment Successed
13669,8141,2021-05-14,Payment Successed
13670,14264,2022-09-29,Payment Successed
13671,20521,2020-01-01,Payment Successed
13672,20426,2022-06-08,Payment Successed
13673,3223,2022-02-09,Payment Successed
13674,13310,2020-06-05,Payment Successed
13675,13563,2023-11-03,Payment Successed
13677,13650,2022-10-10,Payment Successed
13679,11241,2023-08-06,Payment Successed
13680,16337,2022-10-08,Payment Successed
13685,19586,2022-09-05,Payment Successed
13687,3939,2022-08-24,Payment Successed
13689,15753,2021-09-01,Payment Successed
13690,1636,2022-09-14,Payment Successed
13694,10991,2021-05-10,Payment Successed
13696,1502,2022-01-17,Payment Successed
13697,5166,2020-03-23,Payment Successed
13698,15609,2022-10-26,Payment Successed
13699,11845,2021-12-13,Payment Successed
13700,10021,2022-09-19,Payment Successed
13703,3930,2020-09-18,Payment Successed
15234,14952,2022-01-14,Payment Pending
15236,208,2022-08-29,Payment Pending
15237,469,2021-01-13,Payment Pending
15241,597,2020-11-10,Payment Pending
15244,9637,2022-07-04,Payment Pending
15245,14580,2022-07-18,Payment Pending
15250,10626,2023-09-07,Payment Pending
15252,1570,2020-06-02,Payment Pending
15253,2179,2021-02-15,Payment Pending
15254,3319,2021-05-31,Payment Pending
15255,18213,2023-06-10,Payment Pending
15257,2548,2021-02-21,Payment Pending
15259,11473,2021-08-16,Payment Pending
15262,9477,2020-06-26,Payment Pending
15266,14237,2022-12-04,Payment Pending
15271,5771,2023-08-03,Payment Pending
15272,15822,2023-11-05,Payment Pending
15274,7160,2023-09-15,Payment Pending
15278,18598,2021-10-19,Payment Pending
15280,16303,2020-08-08,Payment Pending
15281,2717,2023-07-24,Payment Pending
15282,4930,2023-02-16,Payment Pending
15284,18802,2021-10-09,Payment Pending
15286,17896,2020-07-12,Payment Pending
15290,12187,2020-01-12,Payment Pending
15291,18904,2021-02-23,Payment Pending
15292,13655,2023-07-28,Payment Pending
15293,9606,2023-08-14,Payment Pending
15294,18579,2023-08-07,Payment Pending
15296,2106,2020-07-05,Payment Pending
15298,16267,2022-01-30,Payment Pending
15299,18043,2021-03-30,Payment Pending
15301,4005,2021-01-04,Payment Pending
15306,20066,2022-02-02,Payment Pending
15310,81,2023-09-30,Payment Pending
15311,2089,2020-05-16,Payment Pending
15312,16942,2022-04-09,Payment Pending
15313,16860,2022-05-16,Payment Pending
15314,2359,2022-01-16,Payment Pending
15321,4696,2021-09-27,Payment Pending
15323,4549,2020-08-01,Payment Pending
15325,19612,2022-09-11,Payment Pending
15328,16268,2023-12-28,Payment Pending
15330,18211,2022-07-21,Payment Pending
15335,3024,2023-05-22,Payment Pending
15338,21368,2021-12-24,Payment Pending
15339,11875,2020-07-06,Payment Pending
15340,9710,2023-08-01,Payment Pending
15343,1766,2021-10-22,Payment Pending
15350,20624,2023-06-12,Payment Pending
15354,2790,2021-04-09,Payment Pending
15355,16038,2023-11-30,Payment Pending
15357,7276,2023-02-14,Payment Pending
15360,206,2020-06-23,Payment Pending
15361,21390,2020-12-14,Payment Pending
15362,7732,2020-10-05,Payment Pending
15364,3778,2020-10-09,Payment Pending
15368,15645,2022-01-10,Payment Pending
13707,12217,2023-09-21,Payment Successed
13710,8488,2023-07-29,Payment Successed
13711,2827,2021-01-06,Payment Successed
13712,10700,2022-02-02,Payment Successed
13713,5717,2023-02-09,Payment Successed
15371,13693,2023-11-09,Payment Failed
15384,549,2023-10-04,Payment Failed
15385,11123,2022-04-10,Payment Failed
15393,14629,2020-03-07,Payment Failed
15429,1127,2023-09-27,Payment Failed
15433,20460,2020-12-07,Payment Failed
15445,12641,2022-03-23,Payment Failed
15446,3690,2022-09-14,Payment Failed
15476,18085,2020-11-04,Payment Failed
15480,9394,2023-11-05,Payment Failed
15504,18001,2023-02-28,Payment Failed
15394,1036,2020-06-15,Refunded
15400,19684,2021-03-21,Refunded
15422,14408,2021-04-06,Refunded
15427,17473,2020-04-14,Refunded
15435,9369,2022-01-03,Refunded
15495,7488,2020-08-21,Refunded
13714,4074,2020-08-30,Payment Successed
13716,7909,2023-01-05,Payment Successed
13718,876,2021-12-08,Payment Successed
13723,14695,2022-03-13,Payment Successed
13726,8713,2023-07-25,Payment Successed
13730,14483,2023-03-27,Payment Successed
13732,9131,2023-02-21,Payment Successed
13734,504,2022-12-31,Payment Successed
13735,14468,2020-05-02,Payment Successed
13736,14114,2020-04-20,Payment Successed
13737,13971,2021-12-01,Payment Successed
13738,16250,2023-04-04,Payment Successed
13739,10056,2023-09-18,Payment Successed
13741,19055,2022-01-11,Payment Successed
13742,15730,2021-08-28,Payment Successed
13744,8292,2022-10-15,Payment Successed
13747,18088,2020-05-23,Payment Successed
13748,4780,2022-08-02,Payment Successed
13752,14907,2022-05-20,Payment Successed
13753,13502,2023-01-10,Payment Successed
13756,8393,2023-02-22,Payment Successed
13765,2382,2022-12-20,Payment Successed
13766,20160,2023-12-31,Payment Successed
13768,10685,2023-07-30,Payment Successed
13771,17175,2022-04-04,Payment Successed
13772,20741,2020-11-14,Payment Successed
13773,8857,2020-02-26,Payment Successed
13774,11284,2022-04-15,Payment Successed
13776,12508,2023-07-09,Payment Successed
13778,15748,2023-09-05,Payment Successed
13781,20023,2021-04-24,Payment Successed
13782,13354,2022-09-02,Payment Successed
13783,6111,2023-03-06,Payment Successed
13785,3335,2023-08-12,Payment Successed
13788,20610,2021-06-19,Payment Successed
13790,4056,2023-01-01,Payment Successed
13791,721,2023-07-15,Payment Successed
15375,10271,2021-02-24,Payment Pending
15376,13825,2022-07-01,Payment Pending
15380,11481,2023-09-08,Payment Pending
15381,472,2022-10-21,Payment Pending
15389,14840,2020-12-19,Payment Pending
15390,5530,2021-10-29,Payment Pending
15391,15460,2022-09-26,Payment Pending
15395,9138,2023-09-30,Payment Pending
15398,9565,2023-06-28,Payment Pending
15401,18607,2020-07-11,Payment Pending
15402,18991,2021-10-27,Payment Pending
15406,13041,2023-07-23,Payment Pending
15409,4800,2020-12-04,Payment Pending
15410,7138,2022-08-06,Payment Pending
15413,21468,2022-01-13,Payment Pending
15414,13667,2021-08-01,Payment Pending
15415,10781,2023-12-13,Payment Pending
15416,20486,2021-12-08,Payment Pending
15428,10167,2023-12-24,Payment Pending
15431,19017,2020-03-24,Payment Pending
15438,16678,2023-09-02,Payment Pending
15441,18809,2020-09-15,Payment Pending
15443,13889,2020-01-19,Payment Pending
15444,10178,2022-05-05,Payment Pending
15447,10654,2021-08-21,Payment Pending
15456,15588,2021-08-16,Payment Pending
15458,189,2021-01-21,Payment Pending
15461,11212,2021-03-30,Payment Pending
15462,14242,2021-01-31,Payment Pending
15464,13102,2022-06-06,Payment Pending
15466,6657,2020-01-15,Payment Pending
15467,2222,2021-10-19,Payment Pending
15472,15758,2021-10-06,Payment Pending
15475,16596,2023-01-30,Payment Pending
15478,7635,2021-11-19,Payment Pending
15479,19972,2023-05-20,Payment Pending
15482,20343,2021-01-17,Payment Pending
15483,1422,2022-08-19,Payment Pending
15485,21447,2022-11-23,Payment Pending
15487,16802,2021-11-08,Payment Pending
15488,20316,2021-05-01,Payment Pending
15489,11612,2023-12-15,Payment Pending
15491,3688,2020-09-11,Payment Pending
15496,2770,2020-08-09,Payment Pending
13793,20830,2020-03-17,Payment Successed
13794,16736,2021-10-16,Payment Successed
13795,2446,2023-04-09,Payment Successed
13797,2665,2021-02-03,Payment Successed
13804,10044,2022-06-27,Payment Successed
13808,5858,2022-05-02,Payment Successed
13810,10147,2022-01-29,Payment Successed
13812,9227,2020-07-18,Payment Successed
13815,14833,2023-01-22,Payment Successed
13816,17259,2020-05-29,Payment Successed
13817,21545,2021-09-07,Payment Successed
13818,11890,2022-02-24,Payment Successed
13820,7738,2021-05-14,Payment Successed
13821,437,2022-11-15,Payment Successed
13824,20904,2020-07-10,Payment Successed
13827,8980,2020-12-15,Payment Successed
13828,10109,2022-03-12,Payment Successed
13833,12883,2023-11-25,Payment Successed
13834,5860,2022-12-10,Payment Successed
13836,2983,2021-03-19,Payment Successed
13838,20541,2023-01-17,Payment Successed
13839,9401,2023-12-31,Payment Successed
13840,2479,2023-05-11,Payment Successed
13841,13333,2022-10-06,Payment Successed
13842,5418,2022-03-08,Payment Successed
13844,5059,2020-09-06,Payment Successed
13850,21333,2022-12-09,Payment Successed
15514,4017,2022-01-11,Payment Failed
15592,582,2023-01-01,Payment Failed
15594,18284,2023-12-10,Payment Failed
15515,14542,2020-07-24,Refunded
15547,13134,2021-12-04,Refunded
15556,19609,2022-02-20,Refunded
15559,5907,2020-03-03,Refunded
15583,9182,2023-09-18,Refunded
15588,15119,2020-10-20,Refunded
15625,1988,2021-05-04,Refunded
15634,9174,2023-05-28,Refunded
15641,6809,2021-05-21,Refunded
13852,5790,2023-07-08,Payment Successed
13853,13884,2022-02-14,Payment Successed
13855,4216,2022-07-26,Payment Successed
13863,14778,2022-12-20,Payment Successed
13868,8804,2020-05-12,Payment Successed
13870,20123,2023-01-15,Payment Successed
13871,6529,2023-02-15,Payment Successed
13876,21378,2023-03-22,Payment Successed
13878,845,2023-05-24,Payment Successed
13879,9018,2020-11-24,Payment Successed
13881,18386,2022-05-26,Payment Successed
13883,18492,2020-07-20,Payment Successed
13885,19031,2023-10-07,Payment Successed
13886,21606,2023-04-05,Payment Successed
13887,16682,2021-02-03,Payment Successed
13889,12007,2022-05-12,Payment Successed
13892,6330,2020-08-15,Payment Successed
13894,6963,2023-01-26,Payment Successed
13895,14741,2021-09-26,Payment Successed
13896,4116,2023-11-02,Payment Successed
13897,10065,2022-06-04,Payment Successed
13899,7290,2023-08-08,Payment Successed
13900,1966,2023-03-21,Payment Successed
13902,13598,2023-03-24,Payment Successed
13903,6341,2023-07-13,Payment Successed
13904,14377,2023-01-11,Payment Successed
13906,21620,2020-12-28,Payment Successed
13907,9278,2022-05-07,Payment Successed
13908,9439,2021-04-22,Payment Successed
13910,1593,2020-05-09,Payment Successed
13911,3673,2022-05-16,Payment Successed
13914,10986,2023-08-18,Payment Successed
13916,7824,2020-01-09,Payment Successed
13918,10374,2021-09-13,Payment Successed
13920,13361,2023-02-11,Payment Successed
13925,16528,2023-12-08,Payment Successed
13926,15381,2022-08-06,Payment Successed
13927,13827,2021-10-20,Payment Successed
13929,11504,2021-07-06,Payment Successed
13932,14949,2020-01-23,Payment Successed
15507,764,2020-09-10,Payment Pending
15510,15193,2022-03-03,Payment Pending
15512,16648,2021-05-22,Payment Pending
15516,16171,2021-03-13,Payment Pending
15519,19395,2021-07-08,Payment Pending
15521,5164,2020-08-21,Payment Pending
15522,10664,2021-01-15,Payment Pending
15527,20938,2022-08-06,Payment Pending
15532,7028,2020-08-05,Payment Pending
15534,5324,2022-11-25,Payment Pending
15538,2160,2021-08-01,Payment Pending
15542,16200,2020-03-19,Payment Pending
15543,11785,2022-04-08,Payment Pending
15550,12470,2023-09-05,Payment Pending
15551,1224,2023-08-23,Payment Pending
15552,3334,2021-02-18,Payment Pending
15554,18191,2021-03-22,Payment Pending
15555,11589,2022-10-04,Payment Pending
15557,20928,2020-10-25,Payment Pending
15558,19007,2020-06-07,Payment Pending
15562,10902,2022-05-19,Payment Pending
15563,6309,2020-09-18,Payment Pending
15564,4125,2023-11-10,Payment Pending
15566,14234,2023-04-24,Payment Pending
15570,16606,2020-10-04,Payment Pending
15571,8411,2020-05-05,Payment Pending
15572,95,2022-05-11,Payment Pending
15573,18473,2020-05-24,Payment Pending
15574,5032,2020-01-16,Payment Pending
15578,20198,2021-01-06,Payment Pending
15579,1791,2021-05-21,Payment Pending
15580,15945,2021-03-28,Payment Pending
15589,15541,2022-09-20,Payment Pending
15590,12749,2021-05-31,Payment Pending
15597,19046,2020-05-16,Payment Pending
15599,16839,2022-01-09,Payment Pending
15601,11108,2022-09-15,Payment Pending
15605,5433,2023-01-10,Payment Pending
15609,10203,2020-12-14,Payment Pending
15611,4526,2020-11-21,Payment Pending
15612,1995,2023-06-21,Payment Pending
15613,122,2020-12-11,Payment Pending
15618,11531,2021-07-22,Payment Pending
15619,17805,2023-01-23,Payment Pending
15623,14696,2023-04-10,Payment Pending
15627,9866,2021-02-19,Payment Pending
15632,12549,2020-10-09,Payment Pending
15635,7490,2021-12-16,Payment Pending
15637,3187,2023-06-02,Payment Pending
13934,6808,2022-05-10,Payment Successed
13939,9071,2021-04-11,Payment Successed
13943,19983,2020-07-01,Payment Successed
13944,15034,2021-02-23,Payment Successed
13946,6020,2020-07-04,Payment Successed
13951,2452,2022-10-15,Payment Successed
13955,7183,2023-10-19,Payment Successed
13956,17708,2020-05-27,Payment Successed
13959,13730,2023-03-26,Payment Successed
13962,137,2021-07-30,Payment Successed
13963,11180,2020-04-21,Payment Successed
13965,20790,2021-08-08,Payment Successed
13966,9827,2021-12-25,Payment Successed
13969,3993,2023-01-17,Payment Successed
13970,13822,2020-04-04,Payment Successed
13972,5283,2022-11-19,Payment Successed
13973,11193,2023-03-23,Payment Successed
13975,6670,2023-10-14,Payment Successed
13976,11758,2021-03-23,Payment Successed
13978,20318,2022-06-16,Payment Successed
13985,19405,2020-04-10,Payment Successed
13987,7753,2022-02-24,Payment Successed
13988,1001,2020-10-16,Payment Successed
15662,425,2020-12-28,Payment Failed
15692,17577,2020-10-05,Payment Failed
15714,19251,2021-10-14,Payment Failed
15715,3944,2021-03-12,Payment Failed
15716,20900,2020-04-21,Payment Failed
15722,7078,2023-07-16,Payment Failed
15730,150,2021-07-31,Payment Failed
15742,9546,2021-10-04,Payment Failed
15752,19674,2022-06-25,Payment Failed
15674,9628,2023-02-04,Refunded
15744,13771,2023-01-29,Refunded
15763,13833,2023-09-11,Refunded
15766,3414,2021-01-16,Refunded
13989,19691,2020-06-05,Payment Successed
13990,12177,2023-03-10,Payment Successed
13992,12362,2023-06-25,Payment Successed
13993,2478,2021-09-10,Payment Successed
13994,10641,2021-12-18,Payment Successed
13998,4682,2023-12-14,Payment Successed
13999,1559,2020-07-25,Payment Successed
14000,1171,2022-11-05,Payment Successed
14002,2867,2021-07-04,Payment Successed
14003,6928,2021-02-23,Payment Successed
14005,17915,2021-02-18,Payment Successed
14006,12145,2022-11-22,Payment Successed
14007,19693,2023-09-29,Payment Successed
14010,6629,2020-05-04,Payment Successed
14012,14252,2022-06-26,Payment Successed
14013,11024,2023-08-17,Payment Successed
14015,1266,2021-10-15,Payment Successed
14016,201,2023-05-23,Payment Successed
14017,13810,2023-09-28,Payment Successed
14018,16223,2022-11-10,Payment Successed
14019,12971,2021-01-01,Payment Successed
14024,11216,2022-06-28,Payment Successed
14028,19713,2022-11-06,Payment Successed
14029,15687,2021-09-06,Payment Successed
14030,12567,2020-11-10,Payment Successed
14032,18430,2022-04-24,Payment Successed
14034,9234,2023-07-10,Payment Successed
14035,10257,2021-01-31,Payment Successed
14036,9014,2020-09-10,Payment Successed
14038,8000,2023-09-13,Payment Successed
14040,14333,2023-09-12,Payment Successed
14042,1924,2020-01-14,Payment Successed
14043,16609,2023-11-01,Payment Successed
14044,2217,2021-03-01,Payment Successed
14047,7859,2021-08-14,Payment Successed
14048,649,2023-08-09,Payment Successed
14049,7868,2023-01-30,Payment Successed
14050,9172,2023-05-07,Payment Successed
14051,12668,2021-01-10,Payment Successed
14052,20190,2023-12-29,Payment Successed
14054,3470,2023-03-04,Payment Successed
14055,3555,2023-06-01,Payment Successed
14061,13174,2023-01-15,Payment Successed
14063,8336,2020-01-01,Payment Successed
14064,1475,2021-05-05,Payment Successed
14065,5568,2020-11-15,Payment Successed
14067,20099,2021-06-17,Payment Successed
14068,11392,2020-11-24,Payment Successed
14069,1602,2020-05-29,Payment Successed
15643,9255,2023-11-18,Payment Pending
15644,8652,2023-12-17,Payment Pending
15647,1050,2021-01-09,Payment Pending
15648,15670,2022-10-12,Payment Pending
15649,18993,2022-12-10,Payment Pending
15655,15805,2022-06-02,Payment Pending
15657,17131,2023-10-13,Payment Pending
15658,14889,2023-10-01,Payment Pending
15661,17696,2023-05-04,Payment Pending
15664,14029,2020-10-11,Payment Pending
15665,6847,2023-07-22,Payment Pending
15668,18236,2022-12-13,Payment Pending
15670,12473,2023-12-26,Payment Pending
15676,3055,2022-03-03,Payment Pending
15678,15998,2020-11-22,Payment Pending
15680,9130,2023-01-21,Payment Pending
15681,20675,2021-01-25,Payment Pending
15682,10616,2023-01-15,Payment Pending
15685,18934,2022-11-08,Payment Pending
15690,2313,2020-03-22,Payment Pending
15693,9548,2020-10-22,Payment Pending
15694,7121,2022-09-09,Payment Pending
15696,5671,2023-10-13,Payment Pending
15697,2884,2021-12-21,Payment Pending
15703,4711,2020-07-27,Payment Pending
15705,13046,2022-10-01,Payment Pending
15706,20235,2023-06-29,Payment Pending
15710,2686,2023-11-22,Payment Pending
15711,20166,2020-07-20,Payment Pending
15723,15439,2020-05-15,Payment Pending
15724,20378,2020-05-07,Payment Pending
15725,6243,2021-01-28,Payment Pending
15726,8663,2021-07-14,Payment Pending
15728,12693,2021-06-28,Payment Pending
15729,17387,2020-11-02,Payment Pending
15732,1118,2021-10-16,Payment Pending
15736,15189,2023-07-17,Payment Pending
15740,18729,2022-06-24,Payment Pending
15743,8461,2022-07-12,Payment Pending
15746,8133,2020-03-06,Payment Pending
15749,10728,2021-02-07,Payment Pending
15751,3304,2020-06-18,Payment Pending
15756,12103,2020-02-01,Payment Pending
15758,16130,2020-11-05,Payment Pending
15762,1664,2022-04-15,Payment Pending
15764,20920,2022-06-09,Payment Pending
15770,1428,2022-04-08,Payment Pending
15771,18224,2021-02-16,Payment Pending
15772,10576,2021-08-23,Payment Pending
15773,1868,2022-03-02,Payment Pending
15774,13189,2020-02-01,Payment Pending
15775,853,2022-05-28,Payment Pending
15777,5846,2022-06-12,Payment Pending
14070,12775,2023-12-02,Payment Successed
14073,11792,2020-12-23,Payment Successed
14074,7518,2020-07-01,Payment Successed
14076,18392,2022-03-24,Payment Successed
14077,9073,2021-12-30,Payment Successed
14078,1656,2020-02-25,Payment Successed
14080,20867,2021-06-07,Payment Successed
14081,10896,2022-08-04,Payment Successed
14082,883,2022-02-23,Payment Successed
14083,20748,2023-06-23,Payment Successed
14087,10942,2023-01-01,Payment Successed
14090,6064,2020-07-15,Payment Successed
14091,21239,2021-10-02,Payment Successed
15806,7077,2021-06-01,Payment Failed
15811,21318,2020-11-06,Payment Failed
15824,9489,2020-04-14,Payment Failed
15858,14228,2023-08-30,Payment Failed
15861,17555,2020-11-02,Payment Failed
15886,10450,2022-12-17,Payment Failed
15893,21111,2022-03-17,Payment Failed
15903,6211,2022-06-04,Payment Failed
15851,11036,2022-10-04,Refunded
15892,20819,2020-07-28,Refunded
15897,7922,2022-06-03,Refunded
14092,3389,2020-05-19,Payment Successed
14093,8321,2020-04-08,Payment Successed
14094,343,2021-01-01,Payment Successed
14096,2743,2023-11-30,Payment Successed
14097,10467,2021-07-13,Payment Successed
14098,20028,2022-08-17,Payment Successed
14099,8746,2021-12-01,Payment Successed
14101,18894,2020-10-18,Payment Successed
14102,8207,2021-09-09,Payment Successed
14105,1126,2021-05-12,Payment Successed
14107,4305,2020-11-03,Payment Successed
14108,13496,2022-09-06,Payment Successed
14111,997,2020-09-01,Payment Successed
14113,7446,2022-11-12,Payment Successed
14115,20266,2022-08-23,Payment Successed
14116,15122,2020-09-06,Payment Successed
14117,14552,2020-10-01,Payment Successed
14118,15387,2022-10-27,Payment Successed
14119,6298,2020-07-07,Payment Successed
14120,5260,2020-08-28,Payment Successed
14123,14822,2021-08-11,Payment Successed
14125,5050,2023-02-20,Payment Successed
14126,3859,2020-01-30,Payment Successed
14127,9200,2020-12-31,Payment Successed
14128,13282,2023-10-08,Payment Successed
14129,17649,2020-11-09,Payment Successed
14130,16318,2022-04-19,Payment Successed
14131,9460,2021-02-05,Payment Successed
14133,10679,2023-12-29,Payment Successed
14135,20383,2020-09-20,Payment Successed
14137,16537,2023-06-19,Payment Successed
14138,8770,2021-07-30,Payment Successed
14140,8082,2020-07-25,Payment Successed
14141,10805,2020-03-27,Payment Successed
14143,87,2022-04-25,Payment Successed
14144,7,2022-04-05,Payment Successed
14146,20703,2021-01-19,Payment Successed
14149,12840,2023-02-18,Payment Successed
14150,311,2023-06-18,Payment Successed
14151,711,2020-07-18,Payment Successed
14152,7707,2021-11-29,Payment Successed
14153,3463,2020-05-23,Payment Successed
14155,13264,2022-06-04,Payment Successed
14156,6952,2021-11-09,Payment Successed
14158,17607,2023-06-09,Payment Successed
14159,20805,2021-09-30,Payment Successed
14162,4039,2022-06-30,Payment Successed
14164,6338,2022-12-02,Payment Successed
14165,3089,2023-04-24,Payment Successed
14167,1643,2023-01-14,Payment Successed
14170,10841,2023-08-09,Payment Successed
15780,18920,2022-12-10,Payment Pending
15783,19898,2021-08-21,Payment Pending
15787,18997,2021-09-12,Payment Pending
15789,14434,2020-11-19,Payment Pending
15790,10281,2020-07-01,Payment Pending
15793,3973,2022-07-26,Payment Pending
15794,1159,2023-05-13,Payment Pending
15795,2391,2022-09-03,Payment Pending
15797,9740,2021-01-18,Payment Pending
15799,15981,2021-05-09,Payment Pending
15801,11714,2020-05-28,Payment Pending
15807,3168,2021-08-31,Payment Pending
15812,16858,2020-10-28,Payment Pending
15813,13024,2021-03-04,Payment Pending
15814,2470,2021-02-27,Payment Pending
15815,2315,2021-10-14,Payment Pending
15817,13025,2021-09-27,Payment Pending
15820,21281,2023-07-11,Payment Pending
15822,2116,2023-07-18,Payment Pending
15823,11366,2021-10-10,Payment Pending
15825,18529,2021-04-19,Payment Pending
15826,20370,2023-10-14,Payment Pending
15831,16457,2023-01-11,Payment Pending
15832,12452,2023-04-16,Payment Pending
15834,13480,2022-09-20,Payment Pending
15836,13797,2023-09-03,Payment Pending
15839,18652,2022-02-04,Payment Pending
15841,13745,2020-11-13,Payment Pending
15843,13602,2023-08-16,Payment Pending
15844,886,2023-10-24,Payment Pending
15845,7817,2023-09-26,Payment Pending
15846,19049,2021-02-27,Payment Pending
15847,7492,2022-04-05,Payment Pending
15849,13675,2021-05-27,Payment Pending
15850,3967,2022-02-15,Payment Pending
15854,9164,2023-01-02,Payment Pending
15859,18498,2021-10-27,Payment Pending
15866,18225,2021-12-13,Payment Pending
15870,1104,2021-09-14,Payment Pending
15871,6253,2020-01-04,Payment Pending
15875,19429,2023-02-06,Payment Pending
15876,17002,2020-11-04,Payment Pending
15877,11965,2020-12-06,Payment Pending
15878,18699,2023-04-09,Payment Pending
15880,5403,2020-01-21,Payment Pending
15881,2047,2020-04-08,Payment Pending
15882,5005,2023-12-17,Payment Pending
15888,4510,2020-02-21,Payment Pending
15891,9845,2020-10-22,Payment Pending
15901,17626,2023-09-05,Payment Pending
15906,21047,2020-04-21,Payment Pending
15908,18555,2021-08-07,Payment Pending
15909,11898,2021-09-04,Payment Pending
15910,731,2020-08-08,Payment Pending
14171,1229,2022-11-22,Payment Successed
14174,873,2021-09-25,Payment Successed
14175,3570,2023-08-10,Payment Successed
14176,3698,2022-07-03,Payment Successed
14177,10533,2020-12-07,Payment Successed
14178,2966,2022-09-09,Payment Successed
14180,11882,2022-07-05,Payment Successed
14181,19957,2021-06-27,Payment Successed
14187,10047,2023-12-24,Payment Successed
14188,1034,2020-12-06,Payment Successed
14190,15359,2022-05-09,Payment Successed
14193,2367,2021-10-24,Payment Successed
14196,12645,2021-03-04,Payment Successed
15926,3825,2021-01-04,Payment Failed
15929,4690,2021-11-15,Payment Failed
15950,9031,2023-07-18,Payment Failed
15976,4391,2023-02-13,Payment Failed
15978,11757,2021-06-29,Payment Failed
15981,18051,2023-12-06,Payment Failed
15994,3971,2022-10-31,Payment Failed
15998,1389,2023-01-13,Payment Failed
16012,5385,2021-05-22,Payment Failed
16017,12663,2020-01-13,Payment Failed
16018,5068,2021-01-12,Payment Failed
16033,3667,2021-09-08,Payment Failed
16034,15188,2023-08-17,Payment Failed
15956,7193,2021-06-17,Refunded
16020,12068,2020-03-10,Refunded
16023,319,2020-01-07,Refunded
14197,5640,2021-08-18,Payment Successed
14198,1828,2021-01-25,Payment Successed
14200,3856,2022-01-30,Payment Successed
14201,10768,2022-05-13,Payment Successed
14204,3817,2021-02-17,Payment Successed
14207,19611,2021-07-25,Payment Successed
14208,18484,2020-09-16,Payment Successed
14209,4851,2022-01-17,Payment Successed
14211,10982,2023-04-23,Payment Successed
14214,15563,2023-07-22,Payment Successed
14215,19591,2020-11-22,Payment Successed
14216,17068,2023-01-22,Payment Successed
14217,9965,2021-07-10,Payment Successed
14220,17632,2023-08-10,Payment Successed
14222,20588,2021-04-29,Payment Successed
14227,10927,2020-11-25,Payment Successed
14228,6701,2022-01-25,Payment Successed
14229,1058,2022-08-29,Payment Successed
14233,6418,2023-06-29,Payment Successed
14234,6569,2023-08-08,Payment Successed
14235,17489,2021-01-31,Payment Successed
14237,10505,2023-09-22,Payment Successed
14238,11912,2020-11-07,Payment Successed
14240,3023,2023-03-02,Payment Successed
14241,19616,2020-06-29,Payment Successed
14242,9332,2020-05-26,Payment Successed
14244,7469,2022-02-21,Payment Successed
14245,426,2020-03-14,Payment Successed
14246,5658,2022-03-10,Payment Successed
14247,5101,2021-04-01,Payment Successed
14248,8268,2020-08-10,Payment Successed
14249,20317,2020-12-18,Payment Successed
14250,3402,2022-05-10,Payment Successed
14251,4815,2020-10-03,Payment Successed
14252,9440,2023-01-01,Payment Successed
14253,13615,2022-02-27,Payment Successed
14266,5456,2021-07-10,Payment Successed
14267,6294,2023-02-03,Payment Successed
14269,9912,2022-02-08,Payment Successed
14270,15404,2021-02-07,Payment Successed
14271,18054,2020-06-18,Payment Successed
15914,18098,2020-09-28,Payment Pending
15918,9566,2023-12-06,Payment Pending
14274,11330,2022-05-03,Payment Successed
14275,17428,2022-01-08,Payment Successed
14276,1810,2021-07-11,Payment Successed
15919,19172,2023-11-25,Payment Pending
15921,5400,2023-09-03,Payment Pending
14277,8974,2020-04-09,Payment Successed
15923,457,2022-01-20,Payment Pending
14281,18637,2022-08-15,Payment Successed
15925,10614,2021-01-27,Payment Pending
15928,12257,2021-04-02,Payment Pending
14282,16685,2022-07-08,Payment Successed
15930,1239,2020-09-17,Payment Pending
15932,5286,2020-03-18,Payment Pending
15935,4094,2023-12-06,Payment Pending
15941,3342,2023-04-11,Payment Pending
15942,14575,2020-06-04,Payment Pending
15943,14310,2023-04-27,Payment Pending
15947,16495,2021-06-19,Payment Pending
15948,4432,2023-07-06,Payment Pending
15951,16108,2021-10-24,Payment Pending
15952,5975,2022-05-11,Payment Pending
15953,4311,2021-11-25,Payment Pending
15955,16630,2022-05-23,Payment Pending
15959,13201,2022-03-22,Payment Pending
15962,3422,2021-03-19,Payment Pending
15965,5116,2021-09-20,Payment Pending
15968,13985,2020-01-09,Payment Pending
15970,8513,2021-11-27,Payment Pending
15971,6978,2022-05-01,Payment Pending
15979,7004,2023-09-19,Payment Pending
15985,17408,2021-10-15,Payment Pending
15987,6750,2023-05-04,Payment Pending
15988,8433,2022-04-02,Payment Pending
15989,18277,2021-07-31,Payment Pending
15996,19624,2023-10-14,Payment Pending
15999,19837,2022-11-21,Payment Pending
16001,15373,2021-07-27,Payment Pending
16003,9233,2021-06-05,Payment Pending
16004,21553,2021-01-11,Payment Pending
16006,8123,2022-03-22,Payment Pending
16007,4362,2023-12-25,Payment Pending
16011,6813,2021-12-23,Payment Pending
16015,7081,2020-11-16,Payment Pending
16016,10737,2020-03-04,Payment Pending
16021,16255,2021-12-11,Payment Pending
16022,3704,2023-06-07,Payment Pending
16024,4427,2021-10-11,Payment Pending
16025,17235,2020-07-02,Payment Pending
16026,12305,2021-09-15,Payment Pending
16027,12119,2023-10-26,Payment Pending
16029,5534,2020-05-15,Payment Pending
16031,5896,2023-06-07,Payment Pending
16032,13112,2021-08-31,Payment Pending
16036,20113,2021-12-30,Payment Pending
14283,5661,2021-05-24,Payment Successed
14285,1164,2023-04-02,Payment Successed
14290,8117,2021-06-03,Payment Successed
14291,1551,2023-04-10,Payment Successed
14292,11511,2020-07-31,Payment Successed
14296,18947,2023-11-19,Payment Successed
14297,21255,2021-11-13,Payment Successed
14298,8523,2021-02-02,Payment Successed
14299,20428,2023-04-28,Payment Successed
14301,6296,2022-03-21,Payment Successed
14303,14909,2023-01-14,Payment Successed
14306,388,2020-12-19,Payment Successed
14307,7673,2020-09-06,Payment Successed
14308,14969,2020-09-02,Payment Successed
14309,585,2020-01-11,Payment Successed
14311,12279,2021-07-19,Payment Successed
16071,821,2023-08-29,Payment Failed
16072,7587,2022-12-05,Payment Failed
16086,17319,2022-06-23,Payment Failed
16099,21330,2021-06-24,Payment Failed
16130,4619,2020-06-15,Payment Failed
16142,16953,2021-06-01,Payment Failed
16144,141,2022-08-14,Payment Failed
16080,9875,2023-02-17,Refunded
14314,7504,2022-09-05,Payment Successed
14315,2472,2023-04-16,Payment Successed
14316,2490,2020-01-25,Payment Successed
14317,2963,2022-07-09,Payment Successed
14318,20080,2023-02-16,Payment Successed
14320,18094,2020-08-11,Payment Successed
14321,17557,2022-01-02,Payment Successed
14322,17115,2023-03-19,Payment Successed
14323,1641,2021-01-17,Payment Successed
14324,9274,2020-02-03,Payment Successed
14325,12873,2020-06-29,Payment Successed
14326,19294,2023-05-13,Payment Successed
14327,16674,2022-01-22,Payment Successed
14328,7339,2020-09-06,Payment Successed
14329,12040,2023-05-11,Payment Successed
14332,4328,2022-02-28,Payment Successed
14333,17973,2023-11-02,Payment Successed
14334,2416,2020-12-27,Payment Successed
14335,3184,2022-04-13,Payment Successed
14339,12576,2020-03-11,Payment Successed
14340,13843,2021-10-31,Payment Successed
14341,5899,2021-11-20,Payment Successed
14342,17765,2020-09-17,Payment Successed
14343,7599,2022-06-10,Payment Successed
14345,14345,2023-11-29,Payment Successed
14346,14387,2021-10-01,Payment Successed
14347,900,2021-07-09,Payment Successed
14349,18628,2021-08-16,Payment Successed
14353,13892,2021-02-26,Payment Successed
14354,13637,2021-11-24,Payment Successed
14355,2153,2023-03-04,Payment Successed
14357,7496,2023-07-03,Payment Successed
14358,4215,2021-07-13,Payment Successed
14359,12559,2021-03-11,Payment Successed
14360,8186,2021-09-28,Payment Successed
14362,5978,2020-10-02,Payment Successed
14363,4380,2022-09-12,Payment Successed
14364,458,2023-10-22,Payment Successed
14365,10849,2020-07-08,Payment Successed
16051,14501,2023-09-20,Payment Pending
16054,19487,2023-06-01,Payment Pending
16058,10695,2021-04-25,Payment Pending
16061,4270,2023-10-10,Payment Pending
16064,11872,2021-07-12,Payment Pending
16068,9445,2020-04-19,Payment Pending
16069,14957,2022-03-18,Payment Pending
16073,5143,2022-05-28,Payment Pending
16074,18447,2022-02-04,Payment Pending
16079,3633,2022-09-03,Payment Pending
16082,7174,2022-01-23,Payment Pending
16083,1967,2022-03-05,Payment Pending
16088,13521,2021-06-10,Payment Pending
16091,19021,2020-05-15,Payment Pending
16093,7300,2021-02-22,Payment Pending
16094,2857,2021-03-31,Payment Pending
16097,10689,2023-03-27,Payment Pending
16098,15738,2023-02-02,Payment Pending
16112,8709,2020-03-18,Payment Pending
16116,3044,2020-07-18,Payment Pending
16120,19942,2022-11-04,Payment Pending
16123,20570,2020-09-16,Payment Pending
16128,18755,2021-02-23,Payment Pending
16136,2159,2022-09-23,Payment Pending
16141,19544,2020-07-11,Payment Pending
16143,8477,2021-11-06,Payment Pending
16148,8053,2021-10-27,Payment Pending
16149,9642,2021-11-15,Payment Pending
16152,10581,2021-04-19,Payment Pending
16154,6033,2021-02-02,Payment Pending
16156,9239,2020-01-03,Payment Pending
16158,7554,2023-02-20,Payment Pending
16164,13725,2020-11-07,Payment Pending
16165,20441,2021-08-23,Payment Pending
16166,10462,2023-09-30,Payment Pending
16167,6905,2020-07-24,Payment Pending
16175,39,2021-01-31,Payment Pending
16179,10309,2022-04-08,Payment Pending
16180,12656,2023-11-21,Payment Pending
16183,17761,2022-08-18,Payment Pending
14366,9749,2020-09-13,Payment Successed
14367,15182,2021-06-05,Payment Successed
14371,16863,2021-01-22,Payment Successed
14372,20452,2020-04-11,Payment Successed
14373,14444,2022-03-19,Payment Successed
14375,6608,2020-04-16,Payment Successed
14376,1510,2023-05-30,Payment Successed
14378,92,2022-02-20,Payment Successed
14380,7946,2021-03-01,Payment Successed
14381,10669,2022-04-17,Payment Successed
14382,289,2023-04-24,Payment Successed
14383,16850,2023-11-21,Payment Successed
14384,14892,2021-04-21,Payment Successed
14385,13813,2022-09-13,Payment Successed
14386,6255,2022-06-25,Payment Successed
14388,10349,2022-05-03,Payment Successed
14389,152,2021-05-17,Payment Successed
14390,19258,2022-10-17,Payment Successed
14393,1220,2022-03-04,Payment Successed
14394,10693,2021-08-16,Payment Successed
14395,3320,2020-12-29,Payment Successed
14397,19479,2021-02-15,Payment Successed
14398,9280,2023-01-29,Payment Successed
14400,21548,2021-09-18,Payment Successed
14401,4785,2020-01-08,Payment Successed
14404,19965,2020-10-09,Payment Successed
14406,8157,2022-01-29,Payment Successed
14407,19779,2021-08-22,Payment Successed
14412,5334,2022-01-31,Payment Successed
14415,20213,2021-11-09,Payment Successed
14416,14802,2023-04-01,Payment Successed
14417,15911,2021-07-02,Payment Successed
14418,5542,2022-09-30,Payment Successed
14419,16800,2022-01-02,Payment Successed
14424,5691,2023-10-17,Payment Successed
14425,17371,2023-12-22,Payment Successed
14426,8578,2020-06-15,Payment Successed
14427,16452,2020-02-26,Payment Successed
14428,4540,2023-09-04,Payment Successed
14431,791,2021-05-17,Payment Successed
14432,11865,2020-01-15,Payment Successed
14433,20600,2023-03-25,Payment Successed
14436,8765,2022-05-14,Payment Successed
14437,9732,2020-04-05,Payment Successed
16191,16822,2023-08-25,Payment Failed
16215,14248,2020-07-21,Payment Failed
16217,5487,2023-08-06,Payment Failed
16247,11690,2022-11-13,Payment Failed
16249,16941,2022-03-08,Payment Failed
16314,7507,2021-09-02,Payment Failed
16315,21042,2023-06-05,Payment Failed
16242,12700,2020-05-03,Refunded
14439,4971,2021-02-19,Payment Successed
14441,1590,2023-09-20,Payment Successed
14442,19278,2022-09-28,Payment Successed
14444,3911,2021-08-12,Payment Successed
14448,2060,2022-11-08,Payment Successed
14449,4980,2021-11-30,Payment Successed
14450,10224,2023-12-07,Payment Successed
14451,16924,2022-08-26,Payment Successed
14452,2611,2023-08-11,Payment Successed
14453,4271,2021-10-18,Payment Successed
14461,12433,2021-09-25,Payment Successed
14462,4272,2023-07-11,Payment Successed
14464,6692,2021-12-02,Payment Successed
14466,2168,2022-09-01,Payment Successed
14467,2880,2020-02-01,Payment Successed
14468,10452,2022-09-20,Payment Successed
14470,7766,2022-11-13,Payment Successed
14472,229,2022-04-21,Payment Successed
14473,15783,2023-08-16,Payment Successed
14476,9568,2023-03-07,Payment Successed
14477,18199,2021-06-14,Payment Successed
14480,4148,2020-01-10,Payment Successed
14481,13012,2020-12-18,Payment Successed
14483,19397,2022-05-29,Payment Successed
14484,11982,2021-12-03,Payment Successed
14485,12608,2021-11-30,Payment Successed
14487,3648,2021-03-22,Payment Successed
14489,10918,2021-08-12,Payment Successed
14490,6244,2023-12-18,Payment Successed
14491,6517,2020-12-29,Payment Successed
14495,6190,2022-11-05,Payment Successed
14496,11046,2021-12-03,Payment Successed
14497,12898,2021-02-26,Payment Successed
14500,21070,2022-06-11,Payment Successed
14503,8102,2023-10-16,Payment Successed
14505,3931,2022-06-15,Payment Successed
14506,18497,2023-01-29,Payment Successed
14510,14927,2023-06-14,Payment Successed
14511,7867,2023-04-06,Payment Successed
14512,17441,2022-02-11,Payment Successed
14514,8374,2021-02-16,Payment Successed
14515,1976,2022-06-17,Payment Successed
14517,20668,2022-10-01,Payment Successed
14519,672,2023-12-31,Payment Successed
14520,4,2020-05-04,Payment Successed
14521,11967,2022-05-13,Payment Successed
14522,16422,2021-01-29,Payment Successed
14528,4977,2023-10-17,Payment Successed
14529,16109,2020-10-26,Payment Successed
14530,20303,2023-06-08,Payment Successed
14531,3650,2022-11-13,Payment Successed
14533,12578,2022-04-03,Payment Successed
16188,20971,2022-09-18,Payment Pending
16190,11713,2023-05-24,Payment Pending
16193,17006,2023-11-18,Payment Pending
16194,9536,2023-10-25,Payment Pending
16196,6659,2023-07-19,Payment Pending
16198,9111,2023-06-24,Payment Pending
16200,17046,2020-05-03,Payment Pending
16202,20055,2023-12-23,Payment Pending
16205,10155,2020-09-23,Payment Pending
16207,14233,2023-07-20,Payment Pending
16210,14674,2022-01-26,Payment Pending
16213,20241,2021-01-04,Payment Pending
16222,2418,2020-09-16,Payment Pending
16223,1792,2020-03-15,Payment Pending
16226,19112,2020-10-19,Payment Pending
16227,17715,2024-01-01,Payment Pending
16229,2221,2022-09-02,Payment Pending
16230,20677,2022-04-01,Payment Pending
16231,20689,2020-10-15,Payment Pending
16232,13994,2023-09-09,Payment Pending
16236,14490,2020-02-25,Payment Pending
16239,18585,2022-12-27,Payment Pending
16240,18139,2023-02-13,Payment Pending
16243,20345,2022-07-12,Payment Pending
16246,11028,2020-02-16,Payment Pending
16254,17471,2022-05-12,Payment Pending
16255,18409,2023-01-18,Payment Pending
16256,9224,2023-04-07,Payment Pending
16257,11157,2021-03-05,Payment Pending
16258,9009,2023-11-07,Payment Pending
16260,13122,2023-03-05,Payment Pending
16264,19439,2021-11-13,Payment Pending
16266,4045,2021-12-12,Payment Pending
16268,13341,2022-08-13,Payment Pending
16269,14614,2020-08-15,Payment Pending
16271,19336,2021-10-02,Payment Pending
16273,7830,2022-10-02,Payment Pending
16275,5391,2022-09-29,Payment Pending
16276,20194,2023-08-30,Payment Pending
16281,17996,2022-03-12,Payment Pending
16288,11361,2021-01-05,Payment Pending
16292,18764,2021-11-27,Payment Pending
16293,17949,2020-11-06,Payment Pending
16295,7128,2022-12-04,Payment Pending
16296,7000,2022-07-18,Payment Pending
16298,11578,2023-01-21,Payment Pending
16300,16722,2021-06-06,Payment Pending
16301,19875,2021-05-22,Payment Pending
16302,20509,2022-07-06,Payment Pending
16306,6251,2024-01-01,Payment Pending
16309,11985,2020-10-15,Payment Pending
16319,8678,2020-05-07,Payment Pending
16320,17796,2020-11-04,Payment Pending
14534,13940,2021-08-30,Payment Successed
14535,7605,2023-09-06,Payment Successed
14536,3369,2021-08-04,Payment Successed
14537,2147,2020-03-11,Payment Successed
14540,6646,2022-04-02,Payment Successed
14543,5292,2021-02-27,Payment Successed
14545,20420,2022-04-09,Payment Successed
14547,7129,2020-02-22,Payment Successed
14548,1926,2020-03-21,Payment Successed
14549,9949,2021-03-01,Payment Successed
14550,20176,2020-05-28,Payment Successed
14552,18916,2020-10-17,Payment Successed
14553,6535,2020-12-17,Payment Successed
14554,8603,2023-12-03,Payment Successed
14555,604,2023-10-01,Payment Successed
14557,15633,2021-09-19,Payment Successed
14558,5108,2022-11-08,Payment Successed
14559,3312,2021-11-20,Payment Successed
16336,14834,2021-05-24,Payment Failed
16345,6332,2023-10-06,Payment Failed
16348,11365,2020-11-18,Payment Failed
16365,16904,2020-09-16,Payment Failed
16400,10485,2023-09-11,Payment Failed
16419,13326,2021-07-30,Payment Failed
16426,5722,2023-02-11,Payment Failed
16437,14644,2021-12-14,Payment Failed
16439,829,2020-11-02,Payment Failed
16449,1160,2023-01-02,Payment Failed
16322,4534,2021-09-16,Refunded
16337,9779,2021-11-16,Refunded
16351,19,2021-09-20,Refunded
16353,5504,2021-03-04,Refunded
16360,2497,2023-03-21,Refunded
16388,18178,2020-11-25,Refunded
16411,16222,2023-11-10,Refunded
14560,13252,2023-09-30,Payment Successed
14561,14632,2023-06-19,Payment Successed
14563,7862,2023-08-30,Payment Successed
14564,11750,2021-01-15,Payment Successed
14565,14779,2020-11-17,Payment Successed
14567,21210,2020-04-22,Payment Successed
14568,21270,2020-10-31,Payment Successed
14569,16747,2022-12-04,Payment Successed
14570,14257,2023-10-17,Payment Successed
14572,20801,2020-06-16,Payment Successed
14573,8992,2020-02-04,Payment Successed
14575,18242,2022-09-02,Payment Successed
14578,17705,2020-07-13,Payment Successed
14579,14014,2020-09-16,Payment Successed
14580,13206,2021-09-25,Payment Successed
14581,16028,2020-06-10,Payment Successed
14585,10967,2023-02-26,Payment Successed
14587,6782,2021-06-29,Payment Successed
14589,17605,2023-08-06,Payment Successed
14593,3126,2022-11-26,Payment Successed
14594,15771,2022-03-16,Payment Successed
14598,8519,2020-01-06,Payment Successed
14600,19219,2022-08-02,Payment Successed
14602,158,2020-08-25,Payment Successed
14604,5162,2021-08-30,Payment Successed
14606,7629,2022-04-21,Payment Successed
14608,4107,2021-05-05,Payment Successed
14609,9825,2022-01-31,Payment Successed
14610,16329,2021-06-01,Payment Successed
14611,14546,2023-02-20,Payment Successed
14613,20924,2022-02-21,Payment Successed
14614,19800,2021-12-25,Payment Successed
14615,243,2021-04-12,Payment Successed
14616,1512,2022-08-21,Payment Successed
14617,16962,2023-02-15,Payment Successed
14618,7652,2022-12-22,Payment Successed
14619,6997,2021-03-17,Payment Successed
14621,12494,2022-03-06,Payment Successed
14622,17067,2023-12-19,Payment Successed
14625,15732,2022-09-28,Payment Successed
14627,7282,2020-12-11,Payment Successed
14628,15156,2021-03-21,Payment Successed
14629,14842,2023-02-04,Payment Successed
16328,15497,2020-12-01,Payment Pending
16329,3613,2023-12-06,Payment Pending
14631,16608,2021-03-07,Payment Successed
14632,37,2020-04-04,Payment Successed
16334,14185,2021-03-19,Payment Pending
16339,207,2021-03-24,Payment Pending
16342,7811,2021-09-23,Payment Pending
16347,2516,2021-05-28,Payment Pending
16349,10754,2020-03-19,Payment Pending
16355,7735,2023-09-09,Payment Pending
16357,6518,2023-04-26,Payment Pending
16359,4003,2022-06-14,Payment Pending
16361,9895,2021-04-03,Payment Pending
16364,8272,2020-06-26,Payment Pending
16366,5880,2023-02-08,Payment Pending
16368,6334,2021-05-24,Payment Pending
16369,2112,2020-06-24,Payment Pending
16371,4181,2020-03-13,Payment Pending
16373,11300,2022-06-25,Payment Pending
16374,8130,2023-04-07,Payment Pending
16375,18259,2022-10-15,Payment Pending
16378,20875,2023-11-22,Payment Pending
16383,7063,2023-07-24,Payment Pending
16386,9561,2022-10-23,Payment Pending
16387,14820,2023-01-24,Payment Pending
16389,349,2023-08-06,Payment Pending
16393,21416,2020-01-23,Payment Pending
16394,4418,2023-11-20,Payment Pending
16396,15900,2020-01-28,Payment Pending
16397,12954,2022-08-12,Payment Pending
16399,15383,2023-06-28,Payment Pending
16401,3738,2022-12-05,Payment Pending
16403,19784,2020-02-10,Payment Pending
16407,4605,2022-11-15,Payment Pending
16408,12333,2022-11-23,Payment Pending
16409,12885,2022-07-20,Payment Pending
16412,15983,2023-06-12,Payment Pending
16413,14718,2022-09-24,Payment Pending
16414,19448,2020-07-22,Payment Pending
16420,20444,2020-07-28,Payment Pending
16422,17563,2020-04-22,Payment Pending
16423,14066,2022-02-11,Payment Pending
16424,13191,2023-04-05,Payment Pending
16430,15340,2023-09-13,Payment Pending
16432,16894,2023-05-28,Payment Pending
16433,14281,2022-10-07,Payment Pending
16434,2310,2023-12-09,Payment Pending
16435,17875,2023-11-20,Payment Pending
16438,3547,2023-04-30,Payment Pending
16441,8253,2023-08-12,Payment Pending
16442,391,2023-01-29,Payment Pending
16444,21478,2021-10-20,Payment Pending
16446,11888,2023-08-17,Payment Pending
16448,2598,2022-02-20,Payment Pending
14633,17463,2023-08-29,Payment Successed
14637,13816,2023-02-13,Payment Successed
14638,15823,2020-12-10,Payment Successed
14639,21180,2023-10-18,Payment Successed
14641,2182,2022-06-07,Payment Successed
14645,12513,2021-02-24,Payment Successed
14646,2836,2023-03-29,Payment Successed
14647,7335,2023-11-11,Payment Successed
14649,970,2021-05-07,Payment Successed
14651,18358,2022-09-07,Payment Successed
14652,16773,2021-06-02,Payment Successed
16462,160,2020-12-14,Payment Failed
16466,6589,2020-11-16,Payment Failed
16471,8442,2023-05-14,Payment Failed
16476,12651,2020-08-10,Payment Failed
16491,6049,2021-05-11,Payment Failed
16497,4030,2021-01-08,Payment Failed
16509,8014,2022-10-05,Payment Failed
16513,812,2020-05-20,Payment Failed
16538,15976,2022-02-14,Payment Failed
16539,448,2020-11-13,Payment Failed
16553,2004,2022-10-17,Payment Failed
16559,5848,2023-08-06,Payment Failed
16565,11419,2022-11-03,Payment Failed
16573,13418,2021-06-04,Payment Failed
16574,2358,2020-06-28,Payment Failed
16579,2710,2021-12-03,Payment Failed
16588,4933,2023-07-10,Payment Failed
16592,2632,2020-01-29,Payment Failed
16459,12910,2023-01-11,Refunded
16486,7173,2023-10-29,Refunded
16533,3985,2021-12-19,Refunded
16569,3595,2020-07-18,Refunded
16576,5516,2020-03-18,Refunded
16581,407,2023-03-27,Refunded
14653,20803,2022-12-15,Payment Successed
14654,20153,2022-03-03,Payment Successed
14655,11239,2023-08-07,Payment Successed
14656,4958,2020-07-03,Payment Successed
14659,12311,2020-08-18,Payment Successed
14660,3453,2023-01-27,Payment Successed
14661,2051,2023-03-10,Payment Successed
14662,20507,2022-09-30,Payment Successed
14666,6226,2020-02-23,Payment Successed
14668,10382,2021-05-07,Payment Successed
14669,14473,2021-09-16,Payment Successed
14671,21336,2021-03-03,Payment Successed
14672,21208,2022-10-31,Payment Successed
14673,19184,2020-02-28,Payment Successed
14674,20336,2020-08-06,Payment Successed
14675,9226,2023-01-30,Payment Successed
14682,16584,2021-11-27,Payment Successed
14683,9678,2023-05-31,Payment Successed
14684,7273,2020-10-04,Payment Successed
14685,11974,2022-07-18,Payment Successed
14686,12990,2022-08-18,Payment Successed
14690,13305,2021-05-04,Payment Successed
14692,5574,2022-04-29,Payment Successed
14695,13337,2022-10-31,Payment Successed
14699,8040,2020-10-02,Payment Successed
14701,9794,2021-05-26,Payment Successed
14703,20459,2020-07-03,Payment Successed
14705,8763,2023-07-05,Payment Successed
14706,21563,2021-07-05,Payment Successed
14707,18559,2021-07-11,Payment Successed
14710,17055,2022-09-23,Payment Successed
14712,5152,2023-12-03,Payment Successed
14715,3906,2020-02-06,Payment Successed
14716,17667,2021-08-18,Payment Successed
14717,7617,2023-02-12,Payment Successed
16458,14334,2023-10-19,Payment Pending
16460,14319,2023-04-04,Payment Pending
16464,1189,2023-02-09,Payment Pending
16465,11660,2021-04-14,Payment Pending
16473,18158,2021-03-09,Payment Pending
16474,7159,2020-05-24,Payment Pending
16477,1019,2021-09-24,Payment Pending
16480,250,2022-01-05,Payment Pending
16481,20961,2023-03-03,Payment Pending
16482,2264,2022-05-06,Payment Pending
16483,7162,2022-10-07,Payment Pending
16493,16417,2020-09-30,Payment Pending
16496,17052,2023-06-23,Payment Pending
16498,1045,2021-06-27,Payment Pending
16501,18742,2021-08-14,Payment Pending
16505,21113,2023-06-23,Payment Pending
16508,17082,2020-04-10,Payment Pending
16512,19931,2020-12-04,Payment Pending
16517,1075,2020-09-17,Payment Pending
16518,17470,2020-01-25,Payment Pending
16529,15306,2021-10-08,Payment Pending
16531,1358,2023-02-22,Payment Pending
16532,3618,2020-09-14,Payment Pending
16535,9433,2020-01-10,Payment Pending
16537,9377,2020-05-25,Payment Pending
16541,9419,2021-12-25,Payment Pending
16543,7522,2020-05-24,Payment Pending
16545,16437,2020-03-05,Payment Pending
16549,13075,2023-05-27,Payment Pending
16554,14496,2020-09-28,Payment Pending
16558,11913,2020-02-01,Payment Pending
16561,8645,2020-03-07,Payment Pending
16564,15516,2023-07-11,Payment Pending
16567,10627,2020-12-19,Payment Pending
16570,7668,2021-07-11,Payment Pending
16572,4770,2022-03-11,Payment Pending
16578,6790,2022-10-26,Payment Pending
16580,3270,2023-08-12,Payment Pending
16585,1321,2023-09-05,Payment Pending
16589,17461,2021-06-22,Payment Pending
16590,3298,2021-10-10,Payment Pending
14718,12997,2023-03-29,Payment Successed
14719,16610,2023-12-10,Payment Successed
14720,13545,2020-12-04,Payment Successed
14723,18503,2021-07-20,Payment Successed
14724,19452,2021-01-24,Payment Successed
14726,5515,2021-07-31,Payment Successed
14729,2709,2021-01-18,Payment Successed
14730,13144,2020-01-22,Payment Successed
14731,1296,2021-09-25,Payment Successed
14732,17328,2021-04-09,Payment Successed
14733,17700,2020-07-16,Payment Successed
14734,9605,2020-09-05,Payment Successed
14736,12965,2020-05-11,Payment Successed
14739,3106,2022-11-21,Payment Successed
14740,12260,2023-06-20,Payment Successed
14742,16878,2022-07-14,Payment Successed
14743,3793,2023-02-22,Payment Successed
14744,7581,2020-10-28,Payment Successed
14748,16686,2020-08-11,Payment Successed
14749,20146,2020-08-05,Payment Successed
14754,8720,2021-02-04,Payment Successed
14755,15584,2020-06-05,Payment Successed
14756,15655,2020-09-26,Payment Successed
14757,6995,2021-02-23,Payment Successed
14759,12054,2023-08-23,Payment Successed
14761,9062,2022-01-23,Payment Successed
14764,19797,2023-03-24,Payment Successed
16601,21105,2023-09-29,Payment Failed
16602,5609,2022-04-19,Payment Failed
16628,9964,2021-09-27,Payment Failed
16655,17780,2021-12-10,Payment Failed
16676,12234,2020-07-30,Payment Failed
16678,9652,2022-07-15,Payment Failed
16680,18258,2021-03-23,Payment Failed
16698,15731,2022-05-08,Payment Failed
16702,14543,2022-10-25,Payment Failed
16725,8004,2022-02-10,Payment Failed
16600,11479,2023-05-11,Refunded
16677,17285,2022-01-25,Refunded
16719,16794,2022-07-25,Refunded
14765,17130,2022-05-02,Payment Successed
14766,394,2023-08-27,Payment Successed
14767,19721,2021-04-13,Payment Successed
14768,9490,2022-04-11,Payment Successed
14770,1917,2022-02-20,Payment Successed
14772,2749,2020-01-25,Payment Successed
14773,16119,2022-07-08,Payment Successed
14774,11623,2020-02-11,Payment Successed
14776,3551,2021-09-23,Payment Successed
14779,20344,2023-04-26,Payment Successed
14782,3799,2023-12-25,Payment Successed
14783,13468,2022-04-02,Payment Successed
14785,7234,2021-03-04,Payment Successed
14786,7308,2022-08-19,Payment Successed
14787,12436,2020-06-11,Payment Successed
14788,17139,2022-08-27,Payment Successed
14791,8928,2021-09-11,Payment Successed
14795,5627,2020-11-20,Payment Successed
14797,2316,2020-11-20,Payment Successed
14798,7341,2021-10-09,Payment Successed
14799,20584,2021-07-01,Payment Successed
14800,19824,2020-09-20,Payment Successed
14802,9210,2023-01-05,Payment Successed
14804,1183,2021-11-15,Payment Successed
14805,12469,2023-03-30,Payment Successed
14806,12219,2022-05-15,Payment Successed
14807,17456,2022-03-23,Payment Successed
14811,4018,2021-04-08,Payment Successed
14815,9446,2020-01-25,Payment Successed
14816,18999,2020-06-08,Payment Successed
14817,11994,2020-08-08,Payment Successed
14819,20322,2022-05-08,Payment Successed
14821,2697,2020-01-25,Payment Successed
14822,367,2022-03-08,Payment Successed
14824,18019,2022-05-13,Payment Successed
14825,5039,2023-02-18,Payment Successed
14826,16047,2022-01-15,Payment Successed
14828,7036,2021-08-26,Payment Successed
14830,15954,2022-04-06,Payment Successed
14832,14515,2020-12-17,Payment Successed
14833,9805,2022-06-25,Payment Successed
14835,19949,2021-05-03,Payment Successed
14837,6566,2022-10-31,Payment Successed
14843,13319,2020-02-27,Payment Successed
14844,3368,2020-05-31,Payment Successed
16594,8403,2023-05-11,Payment Pending
16603,2769,2021-10-28,Payment Pending
16606,6389,2020-05-20,Payment Pending
16607,3533,2021-06-18,Payment Pending
16608,3384,2023-10-25,Payment Pending
16615,3608,2021-01-21,Payment Pending
16620,10952,2022-08-20,Payment Pending
16621,13074,2020-12-22,Payment Pending
16623,19131,2021-04-15,Payment Pending
16625,13421,2023-05-17,Payment Pending
16629,20709,2021-05-22,Payment Pending
16632,15285,2021-11-08,Payment Pending
16633,4840,2023-09-12,Payment Pending
16636,21454,2021-07-05,Payment Pending
16640,9116,2022-04-20,Payment Pending
16642,8601,2022-06-07,Payment Pending
16647,18229,2021-11-15,Payment Pending
16648,11272,2023-01-16,Payment Pending
16651,16914,2021-07-02,Payment Pending
16652,18240,2020-02-25,Payment Pending
16654,17930,2020-09-13,Payment Pending
16658,47,2020-03-28,Payment Pending
16660,484,2020-02-22,Payment Pending
16662,15831,2023-10-08,Payment Pending
16665,14737,2021-01-13,Payment Pending
16670,13413,2022-02-25,Payment Pending
16672,19634,2020-07-21,Payment Pending
16674,18969,2023-11-16,Payment Pending
16679,13927,2021-04-19,Payment Pending
16682,2143,2023-09-24,Payment Pending
16683,8688,2023-09-24,Payment Pending
16684,16292,2020-11-27,Payment Pending
16686,19819,2020-08-25,Payment Pending
16690,17881,2023-02-07,Payment Pending
16693,15430,2023-09-20,Payment Pending
16694,19638,2022-01-19,Payment Pending
16695,2383,2021-09-21,Payment Pending
16697,13861,2020-06-16,Payment Pending
16699,13749,2023-01-03,Payment Pending
16701,14137,2022-12-18,Payment Pending
16704,16975,2020-11-29,Payment Pending
16707,5729,2021-07-03,Payment Pending
16710,12315,2023-05-22,Payment Pending
16712,17413,2021-05-18,Payment Pending
16713,12091,2023-01-18,Payment Pending
16717,17594,2021-04-12,Payment Pending
16721,6466,2022-02-18,Payment Pending
16729,15191,2021-06-04,Payment Pending
14847,17374,2021-06-20,Payment Successed
14849,15081,2021-04-22,Payment Successed
14850,19129,2021-10-20,Payment Successed
14852,6784,2020-08-19,Payment Successed
14854,19890,2021-01-19,Payment Successed
14855,20692,2023-12-01,Payment Successed
14856,15217,2021-06-07,Payment Successed
14857,8686,2022-03-31,Payment Successed
14858,7864,2022-04-09,Payment Successed
14859,6759,2023-09-15,Payment Successed
14862,20330,2023-10-10,Payment Successed
14863,19275,2020-03-24,Payment Successed
14867,12335,2020-01-20,Payment Successed
14869,6886,2022-05-23,Payment Successed
14870,18468,2021-08-04,Payment Successed
14872,741,2020-01-06,Payment Successed
14874,5543,2020-09-28,Payment Successed
14875,4602,2020-10-30,Payment Successed
14877,18479,2020-06-09,Payment Successed
14878,11696,2023-09-14,Payment Successed
14879,2610,2022-04-22,Payment Successed
14880,10735,2023-11-27,Payment Successed
14882,18533,2022-12-01,Payment Successed
16733,8378,2021-07-10,Payment Failed
16750,16699,2023-06-09,Payment Failed
16770,13322,2021-06-05,Payment Failed
16781,1920,2023-09-26,Payment Failed
16782,9613,2021-08-13,Payment Failed
16796,18264,2020-01-02,Payment Failed
16797,10690,2023-08-02,Payment Failed
16804,7897,2021-05-04,Payment Failed
16807,8162,2020-08-10,Payment Failed
16824,16263,2022-05-24,Payment Failed
16826,7794,2022-04-10,Payment Failed
16839,20627,2023-02-13,Payment Failed
16842,16615,2023-11-26,Payment Failed
16843,13092,2020-12-18,Payment Failed
16739,2703,2022-02-15,Refunded
16760,21020,2021-04-12,Refunded
16803,691,2021-09-02,Refunded
14883,735,2021-11-12,Payment Successed
14884,17837,2023-04-13,Payment Successed
14885,11950,2021-01-04,Payment Successed
14887,11791,2021-09-10,Payment Successed
14888,11260,2023-01-26,Payment Successed
14890,13431,2020-10-12,Payment Successed
14892,8876,2020-02-22,Payment Successed
14893,10515,2022-02-10,Payment Successed
14894,190,2021-06-16,Payment Successed
14899,1620,2021-11-08,Payment Successed
14900,6224,2023-04-10,Payment Successed
14902,11041,2022-09-07,Payment Successed
14905,15438,2022-07-13,Payment Successed
14906,5048,2021-12-03,Payment Successed
14907,15260,2021-08-06,Payment Successed
14911,7315,2021-01-19,Payment Successed
14913,17098,2020-07-03,Payment Successed
14915,5552,2023-11-03,Payment Successed
14916,5256,2023-10-07,Payment Successed
14918,8811,2020-12-03,Payment Successed
14919,21397,2020-10-01,Payment Successed
14920,9665,2020-08-04,Payment Successed
14922,13491,2021-08-04,Payment Successed
14925,13553,2020-09-12,Payment Successed
14926,11229,2023-05-03,Payment Successed
14927,9082,2022-02-28,Payment Successed
14928,15095,2023-07-28,Payment Successed
14930,2132,2023-06-04,Payment Successed
14932,18034,2023-07-15,Payment Successed
14934,16774,2020-06-16,Payment Successed
14935,13943,2021-08-12,Payment Successed
14937,12014,2022-02-12,Payment Successed
14940,9103,2020-01-24,Payment Successed
14942,13976,2022-07-12,Payment Successed
14943,6933,2023-09-17,Payment Successed
14945,18998,2023-05-04,Payment Successed
14946,19730,2022-06-30,Payment Successed
14948,12520,2022-03-29,Payment Successed
14949,6217,2023-04-04,Payment Successed
14950,2104,2021-03-01,Payment Successed
14951,2644,2021-06-14,Payment Successed
14952,14347,2023-11-06,Payment Successed
14954,12714,2021-06-18,Payment Successed
14955,4613,2020-03-25,Payment Successed
16736,10639,2022-10-22,Payment Pending
16738,8169,2023-02-01,Payment Pending
16745,12836,2022-06-13,Payment Pending
16747,11449,2020-11-26,Payment Pending
16748,10162,2020-11-10,Payment Pending
16754,19718,2020-04-19,Payment Pending
16759,12890,2023-07-24,Payment Pending
16763,18982,2022-12-17,Payment Pending
16764,20149,2021-11-09,Payment Pending
16766,2645,2023-06-05,Payment Pending
16767,1325,2021-01-05,Payment Pending
16768,14612,2023-09-09,Payment Pending
16769,12510,2021-11-20,Payment Pending
16771,14891,2021-02-04,Payment Pending
16780,20267,2020-05-09,Payment Pending
16783,11968,2021-05-26,Payment Pending
16784,21572,2021-08-05,Payment Pending
16787,14247,2020-04-27,Payment Pending
16789,20073,2020-05-23,Payment Pending
16790,11819,2020-11-18,Payment Pending
16791,8499,2023-01-30,Payment Pending
16800,15623,2020-11-25,Payment Pending
16801,12269,2020-03-06,Payment Pending
16802,15767,2020-09-11,Payment Pending
16808,18398,2023-02-07,Payment Pending
16810,13172,2021-01-08,Payment Pending
16811,18540,2023-01-08,Payment Pending
16813,1652,2022-03-04,Payment Pending
16816,14521,2021-01-21,Payment Pending
16817,19644,2020-06-26,Payment Pending
16818,6781,2023-09-09,Payment Pending
16819,12249,2023-04-05,Payment Pending
16821,10049,2022-02-16,Payment Pending
16822,20839,2023-09-19,Payment Pending
16825,21367,2023-03-19,Payment Pending
16830,12390,2023-05-07,Payment Pending
16832,11179,2021-12-14,Payment Pending
16834,13208,2023-07-20,Payment Pending
16841,7297,2021-10-23,Payment Pending
16846,524,2022-03-18,Payment Pending
16847,19720,2020-04-13,Payment Pending
16850,10083,2022-11-17,Payment Pending
16851,19528,2022-06-21,Payment Pending
16853,6142,2021-06-02,Payment Pending
16854,13203,2021-01-27,Payment Pending
16855,10757,2021-10-26,Payment Pending
16857,328,2021-05-09,Payment Pending
14956,2607,2023-05-28,Payment Successed
14957,1361,2021-10-26,Payment Successed
14958,15454,2021-03-11,Payment Successed
14959,10892,2021-07-04,Payment Successed
14960,11279,2022-10-31,Payment Successed
14961,5207,2021-07-13,Payment Successed
14964,9091,2020-02-01,Payment Successed
14969,12518,2022-04-07,Payment Successed
14970,20849,2020-01-25,Payment Successed
14971,20226,2020-12-24,Payment Successed
14975,20957,2022-08-11,Payment Successed
14976,6125,2021-01-24,Payment Successed
14978,6592,2022-01-01,Payment Successed
14979,9751,2021-01-02,Payment Successed
14981,17218,2020-10-27,Payment Successed
14982,4437,2021-08-27,Payment Successed
14983,8463,2020-05-12,Payment Successed
14984,4967,2022-05-13,Payment Successed
14986,11021,2022-06-13,Payment Successed
14990,10671,2023-04-29,Payment Successed
14991,20050,2023-10-04,Payment Successed
16924,1466,2023-04-08,Payment Failed
16950,10488,2020-12-29,Payment Failed
16995,4600,2022-11-06,Payment Failed
16881,4095,2020-03-15,Refunded
16920,9270,2022-04-24,Refunded
16930,1827,2022-03-21,Refunded
16964,5817,2021-06-02,Refunded
16967,16575,2021-11-20,Refunded
16969,17760,2021-10-24,Refunded
16980,17634,2020-04-06,Refunded
16992,3026,2023-10-11,Refunded
16999,18986,2020-02-22,Refunded
14992,16571,2023-07-19,Payment Successed
14996,10243,2020-05-09,Payment Successed
14997,4854,2023-01-25,Payment Successed
14998,12711,2020-05-16,Payment Successed
14999,16416,2021-11-18,Payment Successed
15002,2822,2021-06-18,Payment Successed
15003,6288,2021-05-02,Payment Successed
15004,2036,2020-07-23,Payment Successed
15009,16992,2023-10-13,Payment Successed
15010,465,2022-08-21,Payment Successed
15012,20182,2021-07-20,Payment Successed
15013,1312,2020-07-31,Payment Successed
15014,3605,2022-10-22,Payment Successed
15015,8695,2021-07-27,Payment Successed
15016,11734,2023-02-21,Payment Successed
15017,17075,2020-08-24,Payment Successed
15019,1374,2021-10-26,Payment Successed
15020,2356,2021-07-13,Payment Successed
15025,12924,2023-07-15,Payment Successed
15028,9687,2020-08-14,Payment Successed
15029,17562,2020-12-26,Payment Successed
15030,19804,2021-05-15,Payment Successed
15033,16041,2023-09-25,Payment Successed
15035,19906,2020-03-02,Payment Successed
15036,1666,2023-07-11,Payment Successed
15038,2985,2021-12-22,Payment Successed
15040,9598,2022-01-17,Payment Successed
15043,11386,2021-10-13,Payment Successed
15044,10251,2022-12-08,Payment Successed
15045,10818,2023-11-17,Payment Successed
15047,7396,2022-01-13,Payment Successed
15051,10222,2021-04-07,Payment Successed
15052,10956,2020-10-11,Payment Successed
15056,7585,2020-09-22,Payment Successed
15058,857,2021-05-12,Payment Successed
15059,779,2021-02-15,Payment Successed
15061,5617,2023-11-17,Payment Successed
15063,19734,2020-03-08,Payment Successed
15064,19080,2021-04-02,Payment Successed
15068,14955,2022-10-29,Payment Successed
15070,13325,2023-05-31,Payment Successed
15071,4795,2021-08-21,Payment Successed
15072,2278,2020-03-08,Payment Successed
16868,13216,2021-01-28,Payment Pending
16869,2547,2021-03-19,Payment Pending
16874,1038,2022-03-31,Payment Pending
16875,9470,2021-07-22,Payment Pending
16876,4659,2022-09-19,Payment Pending
16879,15613,2020-04-20,Payment Pending
16882,12942,2020-09-19,Payment Pending
16884,19054,2022-06-02,Payment Pending
16888,19685,2021-07-08,Payment Pending
16891,21078,2020-09-30,Payment Pending
16892,9696,2020-03-08,Payment Pending
16895,10966,2021-05-02,Payment Pending
16896,1474,2021-12-19,Payment Pending
16901,5029,2023-04-22,Payment Pending
16903,6684,2023-12-29,Payment Pending
16904,8232,2021-08-25,Payment Pending
16905,19104,2020-07-25,Payment Pending
16906,261,2023-12-16,Payment Pending
16907,19725,2022-07-08,Payment Pending
16908,5212,2022-07-20,Payment Pending
16909,11237,2020-05-12,Payment Pending
16914,9656,2021-12-16,Payment Pending
16917,20029,2023-08-18,Payment Pending
16921,11091,2020-03-12,Payment Pending
16923,10442,2020-02-01,Payment Pending
16925,3699,2020-11-27,Payment Pending
16926,12837,2023-12-20,Payment Pending
16928,7890,2023-09-04,Payment Pending
16929,429,2021-01-14,Payment Pending
16931,2772,2020-08-02,Payment Pending
16934,10788,2020-04-18,Payment Pending
16937,18141,2020-05-07,Payment Pending
16938,13057,2022-10-01,Payment Pending
16946,18975,2022-01-31,Payment Pending
16947,10846,2023-08-22,Payment Pending
16948,10101,2021-02-14,Payment Pending
16954,2426,2021-04-24,Payment Pending
16955,21382,2020-07-05,Payment Pending
16957,4426,2022-01-18,Payment Pending
16958,2742,2021-05-04,Payment Pending
16959,9991,2022-08-22,Payment Pending
16962,19411,2020-07-17,Payment Pending
16965,1941,2021-04-14,Payment Pending
16966,8920,2022-07-22,Payment Pending
16973,11063,2022-11-17,Payment Pending
16976,2374,2021-07-29,Payment Pending
16978,3464,2021-05-21,Payment Pending
16989,3645,2020-10-16,Payment Pending
16991,16239,2022-05-02,Payment Pending
16994,19589,2023-04-14,Payment Pending
16996,6576,2021-10-21,Payment Pending
16997,1585,2020-10-23,Payment Pending
15074,20298,2022-04-30,Payment Successed
15078,5157,2021-04-05,Payment Successed
15082,2829,2021-07-24,Payment Successed
15083,2249,2022-11-10,Payment Successed
15090,14017,2021-01-03,Payment Successed
15091,17602,2022-09-21,Payment Successed
15095,21337,2023-12-10,Payment Successed
15096,16285,2022-07-03,Payment Successed
15098,4813,2023-07-23,Payment Successed
15100,20001,2023-09-13,Payment Successed
15102,21627,2022-06-02,Payment Successed
15104,15883,2023-01-24,Payment Successed
15107,20323,2020-10-05,Payment Successed
15108,7401,2021-12-11,Payment Successed
15109,16193,2020-02-28,Payment Successed
15111,8365,2022-10-18,Payment Successed
15113,13475,2023-12-15,Payment Successed
17007,8154,2020-08-17,Payment Failed
17009,16558,2023-03-01,Payment Failed
17010,4523,2020-12-23,Payment Failed
17011,10136,2020-05-04,Payment Failed
17025,16051,2020-03-07,Payment Failed
17029,13721,2021-10-08,Payment Failed
17047,18618,2020-02-14,Payment Failed
17065,12802,2020-01-11,Payment Failed
17090,12063,2021-10-26,Payment Failed
17094,18136,2022-11-19,Payment Failed
17105,15811,2020-08-14,Payment Failed
17119,10128,2022-10-27,Payment Failed
17120,12016,2020-08-22,Payment Failed
17017,8624,2022-02-15,Refunded
17031,18179,2022-02-16,Refunded
17035,15697,2023-03-05,Refunded
17108,2307,2022-02-10,Refunded
17111,9359,2023-06-06,Refunded
17115,19606,2021-10-15,Refunded
15115,19901,2022-06-15,Payment Successed
15116,7848,2020-02-06,Payment Successed
15117,18962,2020-12-24,Payment Successed
15119,18427,2023-04-04,Payment Successed
15120,10476,2020-05-09,Payment Successed
15121,163,2020-05-22,Payment Successed
15122,12399,2020-12-03,Payment Successed
15123,7020,2021-02-08,Payment Successed
15124,16548,2020-06-01,Payment Successed
15125,9120,2023-12-11,Payment Successed
15127,19092,2023-06-19,Payment Successed
15129,5089,2023-04-18,Payment Successed
15130,8359,2023-11-23,Payment Successed
15131,7361,2022-08-25,Payment Successed
15133,13258,2020-07-15,Payment Successed
15134,12004,2020-10-04,Payment Successed
15135,20992,2022-05-23,Payment Successed
15137,13190,2022-11-15,Payment Successed
15139,75,2021-05-24,Payment Successed
15141,8965,2023-08-06,Payment Successed
15143,13584,2021-07-02,Payment Successed
15145,8923,2023-12-16,Payment Successed
15146,10755,2023-04-02,Payment Successed
15149,19053,2020-07-28,Payment Successed
15150,162,2020-09-17,Payment Successed
15151,18644,2022-02-04,Payment Successed
15155,6738,2021-12-23,Payment Successed
15156,3899,2021-04-27,Payment Successed
15158,19489,2022-08-05,Payment Successed
15163,18836,2021-07-08,Payment Successed
15165,1730,2022-12-27,Payment Successed
15167,4490,2020-09-18,Payment Successed
15171,15398,2021-10-25,Payment Successed
15172,534,2020-12-31,Payment Successed
15174,16638,2023-03-14,Payment Successed
15175,15040,2023-07-31,Payment Successed
15176,20706,2023-10-01,Payment Successed
17003,11444,2022-05-22,Payment Pending
17004,20909,2021-03-28,Payment Pending
17006,2595,2022-06-11,Payment Pending
17008,13123,2022-11-01,Payment Pending
17015,9407,2022-12-11,Payment Pending
17018,8540,2023-04-03,Payment Pending
17023,17278,2022-05-04,Payment Pending
17027,7930,2022-03-06,Payment Pending
17028,14220,2021-01-26,Payment Pending
17032,14726,2022-08-30,Payment Pending
17034,13558,2023-06-23,Payment Pending
17038,16710,2022-07-31,Payment Pending
17046,18596,2023-10-16,Payment Pending
17052,1294,2020-06-01,Payment Pending
17053,5951,2020-02-02,Payment Pending
17055,4059,2020-02-29,Payment Pending
17057,21479,2022-01-12,Payment Pending
17058,2420,2020-02-14,Payment Pending
17060,1709,2021-04-20,Payment Pending
17062,4370,2021-04-04,Payment Pending
17063,2077,2021-04-20,Payment Pending
17071,17431,2020-08-26,Payment Pending
17076,18208,2023-02-13,Payment Pending
17081,16657,2022-11-23,Payment Pending
17082,4487,2021-05-22,Payment Pending
17086,6597,2020-09-26,Payment Pending
17088,13364,2022-10-28,Payment Pending
17093,21104,2020-10-21,Payment Pending
17097,5610,2023-07-22,Payment Pending
17099,11116,2020-09-09,Payment Pending
17100,19913,2020-06-24,Payment Pending
17104,11452,2022-04-16,Payment Pending
17110,17615,2020-03-04,Payment Pending
17114,17107,2023-04-06,Payment Pending
17118,13804,2022-06-10,Payment Pending
17121,19603,2021-06-21,Payment Pending
17124,20216,2023-08-24,Payment Pending
17125,18569,2023-03-20,Payment Pending
17126,10120,2022-06-29,Payment Pending
17127,20482,2021-03-22,Payment Pending
17129,9819,2023-04-28,Payment Pending
17134,4338,2022-10-23,Payment Pending
17136,14384,2021-07-04,Payment Pending
15177,21300,2021-01-13,Payment Successed
15178,19524,2020-02-15,Payment Successed
15180,5272,2022-09-19,Payment Successed
15181,3602,2021-10-05,Payment Successed
15182,3268,2022-07-14,Payment Successed
15183,3202,2020-09-23,Payment Successed
15184,4764,2021-04-14,Payment Successed
15185,2926,2023-08-12,Payment Successed
15186,19247,2020-07-23,Payment Successed
15187,18273,2023-09-03,Payment Successed
15188,20429,2022-11-30,Payment Successed
15191,1344,2022-10-09,Payment Successed
15195,603,2022-07-05,Payment Successed
15205,3651,2020-12-15,Payment Successed
15206,6363,2023-03-03,Payment Successed
15210,15672,2021-09-26,Payment Successed
15213,8522,2021-10-18,Payment Successed
15215,11788,2020-12-27,Payment Successed
15218,15784,2021-07-16,Payment Successed
15227,5526,2020-05-25,Payment Successed
15230,7001,2021-02-03,Payment Successed
15231,3908,2021-02-15,Payment Successed
15232,18653,2021-03-19,Payment Successed
15233,6099,2023-05-26,Payment Successed
15235,3865,2021-02-12,Payment Successed
15238,5210,2021-09-07,Payment Successed
15239,9938,2021-09-24,Payment Successed
15240,6464,2020-05-29,Payment Successed
17138,2871,2023-09-20,Payment Failed
17156,7831,2021-11-19,Payment Failed
17180,9520,2023-05-15,Payment Failed
17187,16973,2020-04-15,Payment Failed
17197,4497,2022-10-24,Payment Failed
17199,11266,2020-12-22,Payment Failed
17208,19980,2022-12-06,Payment Failed
17229,5741,2021-04-10,Payment Failed
17233,10640,2020-09-04,Payment Failed
17239,16915,2023-03-28,Payment Failed
17240,11,2021-01-04,Payment Failed
17258,8777,2022-07-02,Payment Failed
17144,9287,2021-05-02,Refunded
17159,5307,2021-11-25,Refunded
17236,9802,2021-11-05,Refunded
17241,15408,2021-07-06,Refunded
17242,8008,2020-08-19,Refunded
17271,11270,2023-03-21,Refunded
15242,15144,2023-04-08,Payment Successed
15243,15325,2022-11-10,Payment Successed
15246,21514,2020-11-05,Payment Successed
15247,3903,2021-08-14,Payment Successed
15248,6831,2020-03-16,Payment Successed
15249,16716,2022-10-01,Payment Successed
15251,4507,2021-12-08,Payment Successed
15256,6783,2020-04-06,Payment Successed
15258,12332,2022-12-04,Payment Successed
15260,18282,2022-11-16,Payment Successed
15261,20135,2021-11-25,Payment Successed
15263,16701,2022-05-19,Payment Successed
15264,4969,2021-01-27,Payment Successed
15265,1946,2023-07-31,Payment Successed
15268,3405,2020-08-25,Payment Successed
15273,21286,2021-10-09,Payment Successed
15275,1754,2023-07-29,Payment Successed
15276,11031,2020-04-09,Payment Successed
15277,12585,2020-01-29,Payment Successed
15279,14010,2020-01-27,Payment Successed
15285,9788,2023-11-20,Payment Successed
15287,15117,2020-11-04,Payment Successed
15288,6169,2021-11-07,Payment Successed
15289,20310,2020-03-06,Payment Successed
15295,9056,2023-08-25,Payment Successed
15297,13288,2023-12-12,Payment Successed
15300,4366,2020-05-10,Payment Successed
15302,4376,2021-05-05,Payment Successed
15303,14441,2021-03-24,Payment Successed
15304,17727,2023-11-26,Payment Successed
15305,12010,2021-06-12,Payment Successed
15308,12475,2023-07-05,Payment Successed
15309,13792,2020-02-18,Payment Successed
15315,7527,2022-01-18,Payment Successed
15316,21189,2021-09-17,Payment Successed
15317,10292,2021-03-04,Payment Successed
15318,2300,2023-06-16,Payment Successed
15319,146,2023-12-07,Payment Successed
15320,6384,2022-11-17,Payment Successed
15322,8801,2021-08-29,Payment Successed
15324,15862,2022-04-23,Payment Successed
15326,21015,2021-06-25,Payment Successed
17146,5646,2021-07-19,Payment Pending
17154,17937,2020-08-13,Payment Pending
17155,8031,2021-11-19,Payment Pending
17157,16388,2021-02-14,Payment Pending
17158,4884,2023-11-14,Payment Pending
17163,6974,2022-03-04,Payment Pending
17166,17559,2021-10-13,Payment Pending
17167,9540,2022-07-12,Payment Pending
17168,13121,2020-08-28,Payment Pending
17169,20905,2020-01-18,Payment Pending
17170,14111,2021-03-14,Payment Pending
17171,15415,2021-02-12,Payment Pending
17175,19945,2021-05-13,Payment Pending
17177,17355,2023-12-19,Payment Pending
17183,8845,2021-11-01,Payment Pending
17185,20089,2022-02-10,Payment Pending
17186,11269,2021-01-17,Payment Pending
17189,20880,2022-05-14,Payment Pending
17190,17078,2021-10-07,Payment Pending
17191,172,2022-01-28,Payment Pending
17192,3266,2022-10-25,Payment Pending
17193,10850,2023-03-16,Payment Pending
17196,9674,2020-02-04,Payment Pending
17200,10540,2020-08-06,Payment Pending
17201,1396,2021-02-24,Payment Pending
17204,15547,2020-05-02,Payment Pending
17205,1343,2023-12-26,Payment Pending
17207,710,2021-12-18,Payment Pending
17210,4080,2022-03-10,Payment Pending
17215,7088,2021-06-03,Payment Pending
17216,8754,2023-05-28,Payment Pending
17218,1275,2023-01-30,Payment Pending
17221,5175,2020-05-27,Payment Pending
17224,5752,2023-08-29,Payment Pending
17225,6492,2022-08-31,Payment Pending
17227,18188,2020-11-22,Payment Pending
17230,18459,2023-04-08,Payment Pending
17234,10782,2023-04-27,Payment Pending
17235,240,2023-05-17,Payment Pending
17237,18587,2023-03-25,Payment Pending
17247,18869,2021-06-16,Payment Pending
17249,14849,2020-08-19,Payment Pending
17251,17375,2021-01-27,Payment Pending
17256,5359,2020-05-06,Payment Pending
17259,11276,2022-10-16,Payment Pending
17260,521,2022-08-23,Payment Pending
17261,16602,2023-04-06,Payment Pending
17269,7924,2020-03-21,Payment Pending
15327,6611,2022-05-02,Payment Successed
15329,3870,2023-02-23,Payment Successed
15332,3018,2022-07-19,Payment Successed
15334,8995,2020-07-15,Payment Successed
15336,2503,2021-07-20,Payment Successed
15337,450,2020-01-19,Payment Successed
15342,7485,2020-05-01,Payment Successed
15344,15089,2023-04-25,Payment Successed
15345,11752,2020-06-27,Payment Successed
15346,20579,2022-05-08,Payment Successed
15347,4847,2023-10-29,Payment Successed
15348,17709,2021-04-09,Payment Successed
15349,8636,2023-10-27,Payment Successed
15351,9913,2020-10-19,Payment Successed
15352,18145,2022-12-13,Payment Successed
15353,20676,2020-03-07,Payment Successed
15356,14258,2022-06-21,Payment Successed
15358,15280,2022-01-31,Payment Successed
17286,20342,2021-12-08,Payment Failed
17292,135,2023-03-10,Payment Failed
17303,9926,2020-05-11,Payment Failed
17324,9427,2020-09-24,Payment Failed
17331,12326,2021-03-19,Payment Failed
17334,13712,2023-11-26,Payment Failed
17358,5217,2023-01-27,Payment Failed
17362,1587,2023-04-04,Payment Failed
17364,6263,2020-04-04,Payment Failed
17372,21491,2021-08-03,Payment Failed
17379,16486,2023-03-18,Payment Failed
17282,10770,2021-05-03,Refunded
17297,10901,2022-04-01,Refunded
15365,10008,2020-10-16,Payment Successed
15366,20195,2021-10-31,Payment Successed
15369,10597,2023-07-01,Payment Successed
15372,14326,2021-02-24,Payment Successed
15373,5775,2022-11-23,Payment Successed
15374,16632,2021-06-19,Payment Successed
15377,373,2022-05-25,Payment Successed
15378,13168,2023-04-21,Payment Successed
15379,21146,2023-12-06,Payment Successed
15382,5018,2021-12-11,Payment Successed
15383,5630,2022-12-06,Payment Successed
15386,16313,2023-01-31,Payment Successed
15387,19116,2023-08-17,Payment Successed
15388,15420,2022-07-06,Payment Successed
15392,14361,2021-09-16,Payment Successed
15396,230,2021-01-24,Payment Successed
15397,6128,2023-02-28,Payment Successed
15399,314,2020-08-05,Payment Successed
15403,16274,2022-09-30,Payment Successed
15404,18964,2023-01-28,Payment Successed
15405,6284,2021-05-24,Payment Successed
15407,11627,2020-06-29,Payment Successed
15408,15795,2022-03-10,Payment Successed
15411,19236,2021-05-20,Payment Successed
15412,16302,2023-07-19,Payment Successed
15417,15724,2023-05-18,Payment Successed
15418,434,2021-05-31,Payment Successed
15419,3204,2021-09-26,Payment Successed
15420,20545,2020-11-22,Payment Successed
15421,4173,2021-08-17,Payment Successed
15423,9865,2023-02-03,Payment Successed
15424,13162,2021-03-16,Payment Successed
15425,19627,2023-06-03,Payment Successed
15426,13372,2020-01-13,Payment Successed
15430,1059,2020-12-15,Payment Successed
15432,513,2022-12-05,Payment Successed
15434,9294,2020-06-06,Payment Successed
15436,14681,2020-12-02,Payment Successed
15437,2512,2020-08-18,Payment Successed
15439,18582,2022-12-06,Payment Successed
15440,5949,2023-04-07,Payment Successed
15442,12113,2020-12-22,Payment Successed
15448,15198,2023-05-10,Payment Successed
15449,14207,2022-10-04,Payment Successed
15450,8535,2022-09-28,Payment Successed
15451,10528,2020-12-29,Payment Successed
15452,2895,2023-01-12,Payment Successed
15453,19098,2022-02-13,Payment Successed
15454,20287,2021-07-29,Payment Successed
15455,12067,2023-02-26,Payment Successed
15457,7482,2022-09-15,Payment Successed
15459,10798,2023-09-13,Payment Successed
15460,11208,2022-12-22,Payment Successed
15463,18103,2022-01-08,Payment Successed
17276,1124,2020-12-31,Payment Pending
17278,15356,2023-03-28,Payment Pending
17280,514,2023-09-27,Payment Pending
17285,20714,2022-06-13,Payment Pending
17288,15332,2021-03-03,Payment Pending
17291,12396,2020-01-11,Payment Pending
17294,14209,2023-03-17,Payment Pending
17298,17894,2021-03-08,Payment Pending
17299,98,2023-12-21,Payment Pending
17300,6391,2020-04-01,Payment Pending
17301,6455,2022-12-09,Payment Pending
17304,18249,2021-10-28,Payment Pending
17307,5480,2023-03-11,Payment Pending
17308,9334,2022-01-02,Payment Pending
17309,7378,2020-06-07,Payment Pending
17310,4814,2020-08-29,Payment Pending
17311,5889,2021-07-16,Payment Pending
17313,8546,2022-07-11,Payment Pending
17314,17821,2020-09-12,Payment Pending
17317,1505,2022-06-08,Payment Pending
17318,13672,2023-11-06,Payment Pending
17319,13842,2022-05-13,Payment Pending
17320,8399,2021-04-17,Payment Pending
17321,21315,2023-05-01,Payment Pending
17322,15671,2020-09-15,Payment Pending
17326,2959,2020-04-27,Payment Pending
17330,19019,2023-08-29,Payment Pending
17333,19531,2022-03-29,Payment Pending
17335,3299,2023-02-24,Payment Pending
17336,706,2022-06-25,Payment Pending
17337,2505,2022-01-03,Payment Pending
17342,14743,2021-06-19,Payment Pending
17343,3350,2021-05-31,Payment Pending
17344,12586,2022-04-24,Payment Pending
17346,9574,2020-04-10,Payment Pending
17353,8555,2020-09-19,Payment Pending
17354,12120,2023-12-06,Payment Pending
17355,16063,2023-03-30,Payment Pending
17357,11940,2022-08-29,Payment Pending
17359,5432,2022-05-10,Payment Pending
17369,13944,2021-08-14,Payment Pending
17374,5102,2023-03-07,Payment Pending
17376,15364,2020-08-30,Payment Pending
17378,4996,2022-07-07,Payment Pending
17381,18026,2020-11-10,Payment Pending
17384,16836,2021-04-26,Payment Pending
17387,5357,2021-12-25,Payment Pending
17388,18162,2020-06-05,Payment Pending
17389,7560,2023-10-30,Payment Pending
17391,13713,2023-03-19,Payment Pending
17392,19751,2023-11-09,Payment Pending
17399,10074,2020-10-16,Payment Pending
17401,12271,2022-07-12,Payment Pending
17405,8654,2023-09-26,Payment Pending
17406,4073,2021-02-05,Payment Pending
17408,12266,2022-05-29,Payment Pending
15465,5582,2023-03-07,Payment Successed
15468,19665,2022-02-07,Payment Successed
15469,4262,2020-08-12,Payment Successed
15470,1859,2020-07-17,Payment Successed
15471,17257,2020-10-03,Payment Successed
15473,11315,2020-02-10,Payment Successed
17434,10262,2023-02-06,Payment Failed
17447,8316,2020-10-30,Payment Failed
17471,17530,2023-09-26,Payment Failed
17481,12426,2020-07-18,Payment Failed
17506,1613,2021-09-11,Payment Failed
17513,1715,2021-09-10,Payment Failed
17524,17210,2022-05-03,Payment Failed
17531,11118,2023-08-02,Payment Failed
17541,9124,2021-02-17,Payment Failed
17426,8348,2020-10-25,Refunded
17484,4867,2022-02-18,Refunded
17508,2411,2023-10-26,Refunded
17530,21441,2020-08-05,Refunded
17539,6396,2020-09-06,Refunded
15474,8234,2020-03-25,Payment Successed
15477,14116,2023-02-08,Payment Successed
15481,4210,2023-05-27,Payment Successed
15484,19305,2022-02-04,Payment Successed
15486,11532,2020-03-07,Payment Successed
15490,19994,2020-01-28,Payment Successed
15492,14436,2023-05-08,Payment Successed
15493,17386,2020-08-11,Payment Successed
15494,1103,2020-09-23,Payment Successed
15497,9002,2023-02-12,Payment Successed
15498,8509,2021-11-18,Payment Successed
15499,8371,2023-05-07,Payment Successed
15500,18248,2022-10-03,Payment Successed
15501,19801,2020-07-24,Payment Successed
15502,17054,2022-05-20,Payment Successed
15503,15287,2023-04-09,Payment Successed
15505,15042,2020-11-30,Payment Successed
15506,16316,2022-08-13,Payment Successed
15508,21423,2020-05-23,Payment Successed
15509,6506,2022-04-29,Payment Successed
15511,10526,2022-11-20,Payment Successed
15513,2855,2020-09-24,Payment Successed
15517,3398,2021-10-11,Payment Successed
15518,20731,2022-12-30,Payment Successed
15520,8615,2020-07-16,Payment Successed
15523,14528,2021-02-07,Payment Successed
15524,4574,2021-02-28,Payment Successed
15525,12894,2020-07-14,Payment Successed
15526,4720,2023-03-21,Payment Successed
15528,6316,2023-09-24,Payment Successed
15529,6926,2020-10-11,Payment Successed
15530,16205,2020-12-09,Payment Successed
15531,9809,2020-09-24,Payment Successed
15533,8194,2020-09-11,Payment Successed
15535,13279,2022-12-31,Payment Successed
15536,7043,2020-06-19,Payment Successed
15537,4645,2023-04-24,Payment Successed
15539,9313,2021-10-01,Payment Successed
15540,18960,2022-12-25,Payment Successed
15541,11952,2020-04-09,Payment Successed
15544,6344,2022-05-14,Payment Successed
15545,5522,2022-06-26,Payment Successed
15546,13437,2023-09-25,Payment Successed
15548,4541,2020-10-24,Payment Successed
15549,9609,2023-08-05,Payment Successed
17410,12643,2021-12-05,Payment Pending
17414,1137,2023-09-25,Payment Pending
17417,8136,2022-02-08,Payment Pending
17419,17853,2020-01-12,Payment Pending
17425,12384,2023-03-17,Payment Pending
17427,1105,2022-09-09,Payment Pending
17432,17043,2021-09-16,Payment Pending
17435,1637,2022-04-12,Payment Pending
17437,20372,2023-12-19,Payment Pending
17439,7143,2023-02-10,Payment Pending
17440,4004,2023-07-01,Payment Pending
17442,16492,2020-10-04,Payment Pending
17443,17542,2021-03-31,Payment Pending
17445,16551,2021-09-22,Payment Pending
17446,13550,2021-05-14,Payment Pending
17450,2820,2020-02-29,Payment Pending
17451,9159,2022-08-28,Payment Pending
17457,6844,2022-05-14,Payment Pending
17458,1660,2022-12-13,Payment Pending
17459,17591,2023-10-24,Payment Pending
17461,17244,2022-10-08,Payment Pending
17464,9250,2021-02-12,Payment Pending
17465,18364,2021-12-16,Payment Pending
17467,1119,2020-05-10,Payment Pending
17468,1052,2020-06-28,Payment Pending
17476,21202,2020-12-14,Payment Pending
17485,6736,2023-12-20,Payment Pending
17486,16139,2023-10-18,Payment Pending
17487,11126,2021-03-30,Payment Pending
17488,8500,2023-11-02,Payment Pending
17489,4520,2021-03-18,Payment Pending
17491,17097,2023-01-05,Payment Pending
17493,1410,2022-04-09,Payment Pending
17494,14484,2021-08-20,Payment Pending
17501,8869,2020-03-10,Payment Pending
17502,18820,2022-11-04,Payment Pending
17503,14828,2023-04-01,Payment Pending
17504,5222,2020-04-17,Payment Pending
17505,17953,2023-07-23,Payment Pending
17507,19831,2022-09-11,Payment Pending
17514,12812,2020-04-24,Payment Pending
17523,4669,2020-11-19,Payment Pending
17525,20826,2020-12-11,Payment Pending
17532,3030,2021-07-22,Payment Pending
17534,15229,2021-04-10,Payment Pending
17535,595,2020-11-08,Payment Pending
17536,20024,2023-08-02,Payment Pending
17538,17963,2020-01-24,Payment Pending
17543,17658,2023-05-15,Payment Pending
17545,20937,2021-10-28,Payment Pending
15553,20150,2021-04-03,Payment Successed
15560,19474,2020-07-24,Payment Successed
15561,4806,2021-11-06,Payment Successed
15565,3130,2022-11-16,Payment Successed
15567,14169,2022-06-06,Payment Successed
15568,1927,2023-01-28,Payment Successed
15569,20122,2022-11-24,Payment Successed
15575,20244,2022-04-14,Payment Successed
15576,7411,2023-12-30,Payment Successed
15577,13209,2022-06-27,Payment Successed
15581,13204,2022-03-01,Payment Successed
15582,13991,2020-11-14,Payment Successed
15584,68,2023-01-15,Payment Successed
15585,14788,2023-05-12,Payment Successed
15586,16605,2022-10-14,Payment Successed
15587,1386,2022-09-16,Payment Successed
15591,6650,2020-03-08,Payment Successed
15593,14456,2020-02-12,Payment Successed
17557,1407,2023-09-28,Payment Failed
17570,15184,2021-01-19,Payment Failed
17601,15186,2022-06-27,Payment Failed
17606,10206,2020-01-18,Payment Failed
17610,4334,2020-12-13,Payment Failed
17640,14076,2020-11-07,Payment Failed
17653,17746,2020-04-10,Payment Failed
17673,20946,2021-12-21,Payment Failed
17572,7505,2022-05-01,Refunded
17618,16196,2020-03-06,Refunded
17642,14649,2021-10-04,Refunded
15595,760,2021-10-12,Payment Successed
15596,8510,2021-12-27,Payment Successed
15598,6188,2023-04-11,Payment Successed
15600,9518,2023-02-05,Payment Successed
15602,5774,2021-08-21,Payment Successed
15603,10403,2020-11-01,Payment Successed
15604,10376,2022-01-17,Payment Successed
15606,7912,2020-04-14,Payment Successed
15607,12150,2023-12-14,Payment Successed
15608,7458,2020-12-16,Payment Successed
15610,17558,2022-02-22,Payment Successed
15614,17735,2020-10-19,Payment Successed
15615,13104,2022-06-20,Payment Successed
15616,8071,2021-12-22,Payment Successed
15617,3711,2020-04-17,Payment Successed
15620,15610,2022-11-14,Payment Successed
15621,15167,2020-02-13,Payment Successed
15622,16288,2021-06-24,Payment Successed
15624,5998,2023-03-15,Payment Successed
15626,5996,2023-02-15,Payment Successed
15628,1804,2022-06-28,Payment Successed
15629,12882,2021-10-05,Payment Successed
15630,1763,2020-12-18,Payment Successed
15631,9495,2021-09-13,Payment Successed
15633,1768,2022-03-08,Payment Successed
15636,7158,2021-07-30,Payment Successed
15638,14047,2023-08-13,Payment Successed
15639,19174,2021-01-24,Payment Successed
15640,14394,2020-06-11,Payment Successed
15642,5161,2021-05-23,Payment Successed
15645,15496,2022-06-09,Payment Successed
15646,9380,2020-10-04,Payment Successed
15650,21625,2021-03-06,Payment Successed
15651,682,2023-01-06,Payment Successed
15652,4762,2021-09-01,Payment Successed
15653,1138,2023-10-16,Payment Successed
15654,14021,2023-01-19,Payment Successed
15656,8568,2023-10-28,Payment Successed
15659,21575,2023-05-12,Payment Successed
15660,11147,2023-11-07,Payment Successed
15663,12477,2023-12-25,Payment Successed
15666,15580,2023-01-04,Payment Successed
15667,12196,2020-09-06,Payment Successed
15669,14511,2023-09-09,Payment Successed
15671,2363,2023-08-25,Payment Successed
15672,1626,2023-06-07,Payment Successed
15673,12352,2021-07-21,Payment Successed
15675,7551,2021-06-01,Payment Successed
15677,10409,2023-11-02,Payment Successed
15679,19069,2021-11-20,Payment Successed
15683,19845,2021-03-16,Payment Successed
17548,19767,2021-07-07,Payment Pending
17554,11588,2022-12-16,Payment Pending
17555,14586,2021-04-05,Payment Pending
17556,14471,2020-10-03,Payment Pending
17558,2015,2020-10-10,Payment Pending
17559,10730,2022-06-22,Payment Pending
17560,16862,2022-05-21,Payment Pending
17561,17226,2020-01-26,Payment Pending
17564,505,2022-03-13,Payment Pending
17566,7680,2022-08-23,Payment Pending
17568,20912,2021-02-24,Payment Pending
17569,20481,2022-08-07,Payment Pending
17574,20053,2023-01-12,Payment Pending
17577,4323,2022-10-07,Payment Pending
17578,11986,2022-09-01,Payment Pending
17582,5868,2021-12-01,Payment Pending
17584,11389,2022-08-14,Payment Pending
17589,3280,2021-11-08,Payment Pending
17590,15086,2023-06-01,Payment Pending
17591,241,2023-12-28,Payment Pending
17592,5174,2022-10-16,Payment Pending
17593,19556,2022-02-21,Payment Pending
17596,21452,2021-06-20,Payment Pending
17597,12911,2021-03-28,Payment Pending
17602,6437,2023-05-06,Payment Pending
17603,827,2021-12-15,Payment Pending
17604,4548,2023-06-24,Payment Pending
17607,15067,2022-01-22,Payment Pending
17612,16734,2020-08-24,Payment Pending
17613,5806,2023-06-08,Payment Pending
17614,7836,2023-07-08,Payment Pending
17616,14611,2020-04-26,Payment Pending
17619,7983,2022-08-15,Payment Pending
17621,17465,2020-12-24,Payment Pending
17625,16238,2021-03-06,Payment Pending
17626,4443,2020-01-05,Payment Pending
17630,13573,2021-03-14,Payment Pending
17632,1909,2021-12-15,Payment Pending
17633,16954,2021-02-07,Payment Pending
17635,14933,2021-03-21,Payment Pending
17636,8368,2020-08-21,Payment Pending
17643,2336,2022-10-30,Payment Pending
17644,16355,2023-12-06,Payment Pending
17645,15342,2020-06-21,Payment Pending
17651,21160,2020-07-24,Payment Pending
17652,9596,2022-05-28,Payment Pending
17659,20932,2021-06-09,Payment Pending
17662,4656,2022-08-07,Payment Pending
17666,5559,2021-06-25,Payment Pending
17668,12459,2022-10-17,Payment Pending
17670,13636,2022-01-05,Payment Pending
17671,826,2020-09-03,Payment Pending
17672,11115,2020-07-08,Payment Pending
17680,13786,2022-04-27,Payment Pending
15684,9619,2020-08-31,Payment Successed
15686,5778,2020-02-21,Payment Successed
15687,17242,2023-11-28,Payment Successed
15688,627,2022-11-12,Payment Successed
15689,21580,2021-03-19,Payment Successed
15691,11633,2022-07-27,Payment Successed
15695,1228,2023-01-01,Payment Successed
15698,13715,2020-12-30,Payment Successed
15699,15315,2022-08-20,Payment Successed
15700,20542,2023-03-09,Payment Successed
15701,4841,2020-05-15,Payment Successed
15702,1242,2020-01-27,Payment Successed
15704,1980,2021-12-23,Payment Successed
17684,3940,2023-05-04,Payment Failed
17687,20997,2023-03-28,Payment Failed
17694,8441,2021-10-14,Payment Failed
17703,6826,2023-12-18,Payment Failed
17709,12831,2022-06-24,Payment Failed
17748,21549,2021-12-31,Payment Failed
17762,19504,2021-04-09,Payment Failed
17770,1349,2022-11-24,Payment Failed
17809,20260,2023-10-18,Payment Failed
17719,11264,2022-11-21,Refunded
15707,13791,2022-01-20,Payment Successed
15708,17906,2023-01-06,Payment Successed
15709,3864,2020-07-21,Payment Successed
15712,20685,2021-06-07,Payment Successed
15713,671,2022-12-29,Payment Successed
15717,9140,2020-03-17,Payment Successed
15718,19560,2020-07-09,Payment Successed
15719,16828,2023-01-11,Payment Successed
15720,12193,2020-03-30,Payment Successed
15721,8781,2021-04-03,Payment Successed
15727,16705,2023-05-30,Payment Successed
15731,8977,2023-02-14,Payment Successed
15733,1790,2022-10-12,Payment Successed
15734,15476,2023-09-07,Payment Successed
15735,724,2021-10-19,Payment Successed
15737,17589,2022-09-28,Payment Successed
15738,21201,2020-03-27,Payment Successed
15739,18551,2020-05-23,Payment Successed
15741,7595,2023-05-27,Payment Successed
15745,7327,2023-10-27,Payment Successed
15747,3909,2021-08-25,Payment Successed
15748,16335,2022-06-14,Payment Successed
15750,14714,2023-01-04,Payment Successed
15753,12600,2023-10-30,Payment Successed
15754,10652,2022-03-27,Payment Successed
15755,19646,2023-06-04,Payment Successed
15757,15517,2023-11-30,Payment Successed
15759,10428,2020-04-05,Payment Successed
15760,12062,2021-04-06,Payment Successed
15761,5513,2020-01-12,Payment Successed
15765,16319,2022-03-28,Payment Successed
15767,10456,2022-12-26,Payment Successed
15768,18965,2021-08-03,Payment Successed
15769,17065,2021-11-08,Payment Successed
15776,6705,2021-08-02,Payment Successed
15778,11372,2022-08-06,Payment Successed
15779,14832,2021-09-29,Payment Successed
15781,4134,2022-11-28,Payment Successed
15782,17664,2021-02-28,Payment Successed
15784,10944,2022-09-06,Payment Successed
15785,17730,2020-08-13,Payment Successed
15786,19802,2020-05-25,Payment Successed
15788,1500,2023-04-05,Payment Successed
15791,5067,2023-12-03,Payment Successed
15792,16905,2021-04-11,Payment Successed
15796,16546,2022-05-29,Payment Successed
15798,2681,2022-08-07,Payment Successed
15800,2502,2020-02-08,Payment Successed
15802,8530,2023-07-28,Payment Successed
15803,14008,2021-01-28,Payment Successed
17683,6302,2022-03-07,Payment Pending
17688,11125,2022-05-05,Payment Pending
17690,8846,2020-12-13,Payment Pending
17695,6855,2023-09-17,Payment Pending
17698,11735,2020-06-05,Payment Pending
17700,10259,2020-11-27,Payment Pending
17702,16090,2022-11-12,Payment Pending
17717,11538,2022-01-03,Payment Pending
17718,19696,2022-05-02,Payment Pending
17723,11597,2021-09-26,Payment Pending
17727,9364,2021-10-10,Payment Pending
17728,20076,2021-03-27,Payment Pending
17729,7342,2020-07-06,Payment Pending
17730,590,2022-09-08,Payment Pending
17731,8083,2023-06-01,Payment Pending
17732,12654,2020-10-10,Payment Pending
17734,6199,2022-12-29,Payment Pending
17741,4038,2020-01-25,Payment Pending
17745,843,2022-08-19,Payment Pending
17749,15963,2020-11-14,Payment Pending
17754,9776,2023-04-22,Payment Pending
17756,15742,2021-09-12,Payment Pending
17758,20953,2023-03-04,Payment Pending
17760,1027,2021-08-13,Payment Pending
17761,15872,2023-05-21,Payment Pending
17764,1409,2023-11-03,Payment Pending
17765,3961,2022-12-17,Payment Pending
17767,225,2023-10-11,Payment Pending
17768,20402,2020-09-03,Payment Pending
17771,18126,2020-09-24,Payment Pending
17776,6887,2022-02-10,Payment Pending
17777,14448,2020-01-18,Payment Pending
17779,18990,2023-09-21,Payment Pending
17781,18239,2022-08-17,Payment Pending
17782,7257,2021-05-01,Payment Pending
17783,11822,2020-12-27,Payment Pending
17785,13205,2020-04-15,Payment Pending
17786,1583,2023-09-13,Payment Pending
17787,21071,2022-06-02,Payment Pending
17788,7235,2023-07-27,Payment Pending
17793,5012,2021-11-09,Payment Pending
17795,10238,2022-03-15,Payment Pending
17797,10771,2020-12-19,Payment Pending
17800,18183,2020-02-21,Payment Pending
17805,14002,2021-10-03,Payment Pending
17806,678,2022-05-03,Payment Pending
17808,12925,2021-05-05,Payment Pending
17810,662,2023-09-13,Payment Pending
17812,3508,2021-11-14,Payment Pending
17816,19579,2023-07-22,Payment Pending
17817,20827,2022-10-06,Payment Pending
15804,14463,2022-09-13,Payment Successed
15805,21626,2021-11-20,Payment Successed
15808,16126,2020-09-23,Payment Successed
15809,2725,2023-03-18,Payment Successed
15810,13894,2020-07-09,Payment Successed
15816,11733,2022-11-08,Payment Successed
15818,687,2022-09-20,Payment Successed
15819,6680,2022-04-24,Payment Successed
15821,13352,2020-10-05,Payment Successed
15827,15814,2023-03-28,Payment Successed
15828,12032,2023-08-11,Payment Successed
15829,14520,2021-03-13,Payment Successed
15830,8443,2020-06-06,Payment Successed
15833,2227,2020-05-18,Payment Successed
15835,11426,2020-01-16,Payment Successed
15837,14675,2022-03-16,Payment Successed
15838,18880,2023-06-10,Payment Successed
15840,12951,2022-05-20,Payment Successed
15842,21533,2022-02-15,Payment Successed
15848,12340,2023-03-13,Payment Successed
17834,7363,2023-05-24,Payment Failed
17842,2651,2022-07-05,Payment Failed
17847,10929,2020-12-17,Payment Failed
17859,14317,2020-12-21,Payment Failed
17864,18855,2023-01-25,Payment Failed
17870,2616,2021-01-20,Payment Failed
17871,16896,2022-05-30,Payment Failed
17879,18164,2020-11-10,Payment Failed
17925,1915,2021-05-28,Payment Failed
17926,10275,2022-05-04,Payment Failed
17933,10577,2021-10-03,Payment Failed
17833,11942,2022-01-27,Refunded
17906,5606,2022-01-08,Refunded
15852,3358,2021-04-20,Payment Successed
15853,1518,2023-03-30,Payment Successed
15855,14232,2022-08-12,Payment Successed
15856,7541,2023-02-17,Payment Successed
15857,1523,2022-01-20,Payment Successed
15860,17005,2020-04-28,Payment Successed
15862,21291,2020-05-21,Payment Successed
15863,9479,2020-04-06,Payment Successed
15864,18416,2023-05-16,Payment Successed
15865,4179,2021-09-16,Payment Successed
15867,6929,2021-12-22,Payment Successed
15868,4014,2022-08-01,Payment Successed
15869,18406,2021-02-13,Payment Successed
15872,20962,2022-02-11,Payment Successed
15873,14708,2020-07-19,Payment Successed
15874,14378,2023-10-06,Payment Successed
15879,9957,2020-09-17,Payment Successed
15883,7866,2023-02-21,Payment Successed
15884,9832,2023-12-15,Payment Successed
15885,10104,2023-01-14,Payment Successed
15887,13155,2023-09-03,Payment Successed
15889,11814,2021-02-27,Payment Successed
15890,7037,2023-06-20,Payment Successed
15894,12533,2020-06-13,Payment Successed
15895,7820,2021-02-15,Payment Successed
15896,18093,2020-02-27,Payment Successed
15898,20511,2022-06-01,Payment Successed
15899,20021,2022-03-07,Payment Successed
15900,14172,2021-10-10,Payment Successed
15902,2492,2023-05-24,Payment Successed
15904,7170,2023-09-02,Payment Successed
15905,4745,2021-09-01,Payment Successed
15907,20625,2020-01-29,Payment Successed
15911,2016,2022-09-17,Payment Successed
15912,4845,2022-03-03,Payment Successed
15913,5965,2021-06-23,Payment Successed
15915,673,2020-11-19,Payment Successed
15916,15899,2022-08-11,Payment Successed
15917,14028,2020-11-24,Payment Successed
15920,19070,2023-01-21,Payment Successed
15922,6636,2022-08-01,Payment Successed
15924,2468,2023-07-01,Payment Successed
15927,19051,2023-09-12,Payment Successed
15931,9221,2022-01-02,Payment Successed
17819,12620,2022-04-06,Payment Pending
17821,4493,2023-04-12,Payment Pending
17824,21197,2021-07-11,Payment Pending
17825,1117,2023-09-30,Payment Pending
17827,2647,2023-06-06,Payment Pending
17831,8264,2021-02-05,Payment Pending
17832,10408,2022-06-28,Payment Pending
17837,14183,2021-02-01,Payment Pending
17843,12451,2020-04-03,Payment Pending
17845,5099,2023-09-05,Payment Pending
17848,4478,2021-04-09,Payment Pending
17851,7675,2020-10-28,Payment Pending
17853,20651,2022-08-10,Payment Pending
17854,4948,2021-02-06,Payment Pending
17856,10600,2023-04-19,Payment Pending
17857,11173,2020-12-25,Payment Pending
17860,21551,2021-03-16,Payment Pending
17861,18197,2022-06-02,Payment Pending
17862,15358,2021-11-14,Payment Pending
17865,1862,2022-04-22,Payment Pending
17867,3710,2021-07-22,Payment Pending
17874,18913,2022-02-11,Payment Pending
17876,11889,2022-09-23,Payment Pending
17882,8865,2023-05-03,Payment Pending
17884,16060,2020-10-29,Payment Pending
17888,4554,2021-02-08,Payment Pending
17895,5681,2023-01-31,Payment Pending
17898,1143,2020-01-26,Payment Pending
17900,7918,2023-03-08,Payment Pending
17901,18130,2021-04-23,Payment Pending
17904,7746,2023-05-29,Payment Pending
17907,19788,2020-05-26,Payment Pending
17909,1041,2022-06-29,Payment Pending
17910,1221,2022-07-10,Payment Pending
17911,3083,2023-10-29,Payment Pending
17912,19683,2021-10-01,Payment Pending
17913,12218,2020-12-26,Payment Pending
17916,3286,2021-08-09,Payment Pending
17920,1793,2023-09-19,Payment Pending
17921,13350,2023-02-03,Payment Pending
17923,16246,2021-08-07,Payment Pending
17937,17807,2021-02-23,Payment Pending
17938,4992,2020-03-14,Payment Pending
17940,19885,2020-05-15,Payment Pending
17944,7627,2021-04-22,Payment Pending
17951,21106,2020-06-20,Payment Pending
15933,3176,2022-10-05,Payment Successed
15934,17434,2022-07-10,Payment Successed
15936,11111,2021-01-25,Payment Successed
15937,12161,2022-11-16,Payment Successed
15938,2762,2020-10-26,Payment Successed
15939,15647,2021-04-11,Payment Successed
15940,21131,2022-10-08,Payment Successed
15944,2834,2023-02-11,Payment Successed
15945,10835,2023-05-26,Payment Successed
15946,15447,2021-06-30,Payment Successed
15949,21384,2020-06-28,Payment Successed
15954,129,2020-10-22,Payment Successed
15957,16281,2022-10-21,Payment Successed
15958,10105,2021-10-29,Payment Successed
15960,19888,2020-07-07,Payment Successed
15961,13961,2022-03-13,Payment Successed
15963,19623,2023-01-09,Payment Successed
15964,5941,2022-09-22,Payment Successed
15966,14000,2022-09-18,Payment Successed
15967,4464,2023-07-06,Payment Successed
15969,5405,2023-05-16,Payment Successed
15972,13980,2021-10-27,Payment Successed
15973,2619,2023-12-20,Payment Successed
15974,13678,2020-11-21,Payment Successed
15975,13950,2022-03-29,Payment Successed
15977,981,2021-12-18,Payment Successed
15980,12753,2023-07-13,Payment Successed
17976,12712,2020-12-22,Payment Failed
18019,11927,2021-11-10,Payment Failed
18030,9316,2021-09-19,Payment Failed
18089,2968,2023-07-25,Payment Failed
17958,10209,2020-12-14,Refunded
18010,4716,2022-09-22,Refunded
18015,19393,2023-03-09,Refunded
18029,265,2022-05-11,Refunded
18036,31,2022-10-02,Refunded
18053,15885,2020-06-25,Refunded
18083,21571,2022-08-08,Refunded
18088,5127,2021-09-26,Refunded
15982,19084,2021-06-06,Payment Successed
15983,8256,2020-09-04,Payment Successed
15984,16102,2020-10-04,Payment Successed
15986,5037,2020-11-07,Payment Successed
15990,12926,2022-01-18,Payment Successed
15991,8670,2023-03-03,Payment Successed
15992,15980,2022-04-22,Payment Successed
15993,7201,2022-08-14,Payment Successed
15995,4647,2020-12-20,Payment Successed
15997,6690,2021-10-17,Payment Successed
16000,9309,2023-10-31,Payment Successed
16002,20063,2023-11-20,Payment Successed
16005,10930,2023-03-04,Payment Successed
16008,16933,2022-05-14,Payment Successed
16009,7642,2021-11-23,Payment Successed
16010,6250,2023-06-18,Payment Successed
16013,1864,2021-09-03,Payment Successed
16014,19284,2023-10-28,Payment Successed
16019,6664,2021-09-29,Payment Successed
16028,20477,2021-09-05,Payment Successed
16030,19607,2020-12-18,Payment Successed
16035,11993,2020-02-03,Payment Successed
16039,2014,2023-09-01,Payment Successed
16040,2251,2023-03-21,Payment Successed
16041,17275,2020-12-06,Payment Successed
16044,21035,2023-08-17,Payment Successed
16046,3359,2023-03-27,Payment Successed
16049,653,2020-07-18,Payment Successed
16050,5235,2021-02-01,Payment Successed
16052,2957,2020-12-18,Payment Successed
16053,7834,2021-01-01,Payment Successed
16055,7693,2020-05-09,Payment Successed
16056,5857,2020-01-05,Payment Successed
16059,3571,2022-05-23,Payment Successed
16060,14706,2022-06-26,Payment Successed
16062,15505,2022-08-28,Payment Successed
16063,17880,2021-10-05,Payment Successed
16065,6841,2023-04-19,Payment Successed
16066,13050,2020-08-01,Payment Successed
16067,1456,2022-09-26,Payment Successed
16070,20641,2021-11-26,Payment Successed
16075,19916,2020-03-23,Payment Successed
16076,21174,2020-01-23,Payment Successed
16077,18307,2023-12-25,Payment Successed
17954,17289,2020-07-27,Payment Pending
17955,5898,2020-07-09,Payment Pending
17956,17723,2020-08-31,Payment Pending
17957,16604,2020-09-23,Payment Pending
17959,13449,2020-02-17,Payment Pending
17961,7607,2023-02-18,Payment Pending
17963,17376,2022-05-16,Payment Pending
17964,6616,2021-01-25,Payment Pending
17966,884,2021-11-01,Payment Pending
17968,7251,2023-12-02,Payment Pending
17969,3507,2021-07-16,Payment Pending
17973,4197,2022-09-29,Payment Pending
17975,20553,2021-09-18,Payment Pending
17977,12000,2022-07-27,Payment Pending
17978,11595,2021-06-04,Payment Pending
17979,18232,2020-08-19,Payment Pending
17980,10359,2020-09-24,Payment Pending
17982,20319,2021-07-10,Payment Pending
17983,3672,2020-07-23,Payment Pending
17984,13621,2023-06-17,Payment Pending
17985,13955,2022-09-14,Payment Pending
17995,8752,2021-05-28,Payment Pending
17996,3510,2023-05-19,Payment Pending
17999,15440,2020-06-24,Payment Pending
18001,9284,2022-08-19,Payment Pending
18006,12112,2021-12-06,Payment Pending
18007,16547,2020-12-31,Payment Pending
18008,7468,2023-06-12,Payment Pending
18012,7221,2022-02-14,Payment Pending
18014,8859,2021-09-20,Payment Pending
18016,860,2021-04-12,Payment Pending
18018,17536,2023-05-19,Payment Pending
18031,5641,2022-07-30,Payment Pending
18032,20799,2022-12-10,Payment Pending
18033,10763,2022-05-12,Payment Pending
18034,19103,2022-12-20,Payment Pending
18035,18310,2022-12-29,Payment Pending
18038,12213,2023-11-08,Payment Pending
18039,2789,2023-01-23,Payment Pending
18042,15416,2020-10-17,Payment Pending
18043,13780,2023-02-24,Payment Pending
18046,1640,2020-08-12,Payment Pending
18050,11138,2020-08-20,Payment Pending
18056,19400,2022-10-13,Payment Pending
18057,16829,2022-07-14,Payment Pending
18060,12833,2021-06-04,Payment Pending
18062,3816,2020-01-14,Payment Pending
18065,9060,2021-02-04,Payment Pending
18069,12481,2020-04-04,Payment Pending
18074,9733,2023-05-29,Payment Pending
18082,9868,2022-11-05,Payment Pending
18085,2667,2022-09-08,Payment Pending
16078,7336,2020-11-14,Payment Successed
16081,13546,2022-10-22,Payment Successed
16084,21323,2021-06-11,Payment Successed
16085,15271,2020-07-07,Payment Successed
16087,45,2021-12-11,Payment Successed
16089,10400,2021-05-26,Payment Successed
16090,7799,2022-02-27,Payment Successed
16092,4925,2023-10-15,Payment Successed
16095,10055,2023-12-16,Payment Successed
16096,17099,2021-02-23,Payment Successed
16100,16031,2022-05-21,Payment Successed
16101,3926,2023-04-15,Payment Successed
16102,20183,2023-03-27,Payment Successed
16103,6586,2021-04-10,Payment Successed
16104,15370,2021-11-18,Payment Successed
16105,17457,2023-11-10,Payment Successed
16106,14890,2022-06-18,Payment Successed
18112,5851,2022-09-08,Payment Failed
18113,6622,2022-04-30,Payment Failed
18121,19669,2021-08-24,Payment Failed
18130,21102,2023-12-16,Payment Failed
18143,7775,2023-04-30,Payment Failed
18170,12343,2023-10-17,Payment Failed
18177,332,2023-10-22,Payment Failed
18190,6116,2022-11-18,Payment Failed
18204,17952,2023-01-26,Payment Failed
18218,4759,2023-02-21,Payment Failed
18220,16703,2022-02-11,Payment Failed
18107,17698,2023-11-16,Refunded
18124,1501,2021-01-29,Refunded
18138,12392,2020-11-10,Refunded
18187,9459,2020-10-30,Refunded
16107,12989,2021-02-16,Payment Successed
16108,21521,2023-06-21,Payment Successed
16109,15895,2022-12-29,Payment Successed
16110,19654,2023-06-19,Payment Successed
16111,7203,2020-06-02,Payment Successed
16113,9070,2023-01-26,Payment Successed
16114,20018,2020-06-22,Payment Successed
16115,12462,2021-09-02,Payment Successed
16117,15844,2021-05-18,Payment Successed
16118,17672,2020-08-20,Payment Successed
16119,17165,2022-07-31,Payment Successed
16121,20679,2020-11-19,Payment Successed
16122,13237,2020-06-03,Payment Successed
16124,4753,2022-01-16,Payment Successed
16125,20270,2020-10-14,Payment Successed
16126,6536,2021-06-03,Payment Successed
16127,12746,2021-10-31,Payment Successed
16129,16391,2022-09-29,Payment Successed
16131,15165,2021-12-03,Payment Successed
16132,19328,2021-11-26,Payment Successed
16133,9126,2023-12-17,Payment Successed
16134,2298,2022-11-19,Payment Successed
16135,7012,2020-04-23,Payment Successed
16137,16651,2021-02-17,Payment Successed
16138,3437,2020-06-18,Payment Successed
16139,21062,2022-05-18,Payment Successed
16140,19605,2023-03-29,Payment Successed
16145,7498,2020-02-29,Payment Successed
16146,19124,2023-02-18,Payment Successed
16147,2630,2023-11-01,Payment Successed
16150,13594,2020-03-09,Payment Successed
16151,20530,2023-12-24,Payment Successed
16153,4918,2020-08-04,Payment Successed
16155,1657,2023-07-23,Payment Successed
16157,1482,2020-05-28,Payment Successed
16159,6105,2021-04-11,Payment Successed
16160,12070,2020-02-08,Payment Successed
16161,559,2021-01-11,Payment Successed
16162,8060,2021-07-10,Payment Successed
16163,11591,2020-01-08,Payment Successed
16168,4389,2021-05-02,Payment Successed
16169,2141,2021-04-07,Payment Successed
16170,7356,2022-05-07,Payment Successed
16171,17061,2023-09-16,Payment Successed
16172,16664,2020-11-21,Payment Successed
18092,4789,2020-06-09,Payment Pending
18093,413,2020-08-28,Payment Pending
18094,19000,2022-12-19,Payment Pending
18098,10948,2022-05-23,Payment Pending
18099,14453,2022-09-16,Payment Pending
18101,5318,2022-04-05,Payment Pending
18102,9711,2023-02-06,Payment Pending
18103,11275,2022-07-01,Payment Pending
18104,594,2023-07-03,Payment Pending
18105,3242,2021-01-02,Payment Pending
18108,17303,2020-12-06,Payment Pending
18109,3912,2020-08-17,Payment Pending
18114,15545,2023-08-15,Payment Pending
18115,11695,2022-08-02,Payment Pending
18116,3345,2021-02-03,Payment Pending
18117,6835,2021-12-24,Payment Pending
18118,20574,2022-08-31,Payment Pending
18125,14597,2022-05-30,Payment Pending
18126,16143,2022-07-20,Payment Pending
18127,16353,2021-02-03,Payment Pending
18128,2146,2023-01-26,Payment Pending
18131,15986,2022-03-24,Payment Pending
18133,18862,2022-06-11,Payment Pending
18139,18639,2021-03-01,Payment Pending
18141,10678,2023-06-07,Payment Pending
18148,1371,2021-01-20,Payment Pending
18153,7921,2022-06-12,Payment Pending
18161,9904,2023-11-21,Payment Pending
18162,4339,2021-10-05,Payment Pending
18166,15409,2021-02-27,Payment Pending
18167,4630,2021-03-25,Payment Pending
18169,11003,2021-02-24,Payment Pending
18173,13250,2020-12-24,Payment Pending
18176,13589,2021-12-07,Payment Pending
18180,3208,2023-06-22,Payment Pending
18181,1735,2020-05-06,Payment Pending
18188,1223,2020-01-22,Payment Pending
18193,10226,2023-05-31,Payment Pending
18194,6262,2021-11-26,Payment Pending
18196,12961,2021-07-16,Payment Pending
18197,11396,2022-11-18,Payment Pending
18206,8466,2023-05-27,Payment Pending
18208,19407,2020-04-03,Payment Pending
18213,440,2023-06-09,Payment Pending
18214,2864,2020-05-18,Payment Pending
18217,19281,2021-06-22,Payment Pending
18219,3137,2022-10-03,Payment Pending
18222,20727,2022-09-24,Payment Pending
18223,2229,2022-06-05,Payment Pending
16173,296,2020-05-03,Payment Successed
16174,14493,2023-08-29,Payment Successed
16176,2803,2021-12-15,Payment Successed
16177,7089,2022-07-11,Payment Successed
16178,9051,2022-03-19,Payment Successed
16181,333,2020-01-26,Payment Successed
16182,18871,2021-11-08,Payment Successed
16184,14330,2023-04-01,Payment Successed
16185,18419,2022-03-12,Payment Successed
16186,2962,2020-02-18,Payment Successed
16187,8244,2021-10-15,Payment Successed
16189,12389,2023-06-29,Payment Successed
16192,8274,2022-11-05,Payment Successed
16195,9933,2021-07-25,Payment Successed
16197,551,2021-11-18,Payment Successed
16199,21598,2023-04-07,Payment Successed
16201,4835,2021-12-12,Payment Successed
16203,19998,2021-05-16,Payment Successed
16204,10899,2022-02-10,Payment Successed
18230,11201,2020-01-04,Payment Failed
18245,205,2022-03-18,Payment Failed
18251,10103,2023-10-17,Payment Failed
18274,17034,2023-04-03,Payment Failed
18277,4413,2021-06-15,Payment Failed
18280,12476,2020-10-18,Payment Failed
18294,13019,2023-09-09,Payment Failed
18305,9189,2021-08-17,Payment Failed
18317,4325,2022-06-14,Payment Failed
18336,19101,2022-11-04,Payment Failed
18337,1538,2021-07-14,Payment Failed
18338,912,2023-08-15,Payment Failed
18350,10420,2022-08-20,Payment Failed
18357,6962,2023-01-28,Payment Failed
18229,3459,2022-02-19,Refunded
18306,13444,2021-03-17,Refunded
18340,11573,2022-04-12,Refunded
16206,1555,2020-05-09,Payment Successed
16208,10617,2023-10-21,Payment Successed
16209,1318,2023-05-09,Payment Successed
16211,9289,2020-08-17,Payment Successed
16212,4564,2021-02-24,Payment Successed
16214,3152,2022-01-02,Payment Successed
16216,18524,2023-03-07,Payment Successed
16218,20935,2020-06-15,Payment Successed
16219,4051,2023-12-07,Payment Successed
16220,8760,2023-09-27,Payment Successed
16221,15692,2023-08-01,Payment Successed
16224,11848,2021-04-23,Payment Successed
16225,6053,2023-05-09,Payment Successed
16228,15295,2023-09-10,Payment Successed
16233,14596,2021-07-08,Payment Successed
16234,20313,2021-06-13,Payment Successed
16235,9276,2023-01-27,Payment Successed
16237,5310,2020-08-19,Payment Successed
16238,14037,2020-07-16,Payment Successed
16241,12927,2021-02-08,Payment Successed
16244,3538,2023-06-11,Payment Successed
16245,11739,2022-05-25,Payment Successed
16248,12566,2021-07-20,Payment Successed
16250,8795,2023-12-12,Payment Successed
16251,73,2022-04-23,Payment Successed
16252,11155,2021-04-10,Payment Successed
16253,7002,2020-03-15,Payment Successed
16259,8155,2021-10-22,Payment Successed
16261,20767,2022-01-17,Payment Successed
16262,18384,2022-06-10,Payment Successed
16263,18753,2021-10-10,Payment Successed
16265,4631,2021-02-01,Payment Successed
16267,7589,2022-04-05,Payment Successed
16270,52,2022-08-26,Payment Successed
16272,3409,2022-07-24,Payment Successed
16274,16827,2021-02-09,Payment Successed
16277,1721,2021-04-23,Payment Successed
16278,12371,2023-09-25,Payment Successed
16279,6663,2021-02-06,Payment Successed
16280,2140,2021-07-28,Payment Successed
16282,5917,2020-08-07,Payment Successed
16283,17498,2021-03-13,Payment Successed
16284,17850,2022-10-01,Payment Successed
16285,12199,2022-12-14,Payment Successed
16286,6654,2021-05-27,Payment Successed
16287,3396,2021-12-15,Payment Successed
16289,8821,2022-03-29,Payment Successed
18227,4344,2021-12-26,Payment Pending
18238,1049,2020-11-07,Payment Pending
18239,15806,2023-12-18,Payment Pending
18241,2361,2021-09-23,Payment Pending
18242,8465,2023-06-02,Payment Pending
18243,17552,2020-02-16,Payment Pending
18244,14509,2020-06-06,Payment Pending
18247,5839,2022-06-28,Payment Pending
18250,6699,2020-04-02,Payment Pending
18254,5633,2020-09-11,Payment Pending
18256,18921,2022-11-08,Payment Pending
18258,20369,2023-10-07,Payment Pending
18260,7516,2020-03-14,Payment Pending
18263,11891,2023-12-04,Payment Pending
18270,3603,2023-11-07,Payment Pending
18271,10838,2020-03-01,Payment Pending
18275,10237,2023-11-11,Payment Pending
18276,5668,2021-03-03,Payment Pending
18279,6178,2021-10-02,Payment Pending
18283,6465,2022-05-23,Payment Pending
18284,12729,2021-05-24,Payment Pending
18290,4399,2023-01-31,Payment Pending
18291,3709,2020-11-11,Payment Pending
18292,8260,2021-05-03,Payment Pending
18293,19226,2021-06-07,Payment Pending
18296,7606,2020-07-01,Payment Pending
18299,4517,2023-01-16,Payment Pending
18300,13679,2021-09-03,Payment Pending
18302,3264,2021-03-01,Payment Pending
18307,13227,2020-03-07,Payment Pending
18312,6198,2020-04-21,Payment Pending
18316,7475,2022-12-14,Payment Pending
18324,12304,2022-05-20,Payment Pending
18325,2866,2020-10-31,Payment Pending
18327,1326,2022-12-29,Payment Pending
18329,5232,2020-04-20,Payment Pending
18330,9194,2023-11-02,Payment Pending
18331,6043,2020-10-31,Payment Pending
18332,21097,2021-12-21,Payment Pending
18343,9135,2020-02-21,Payment Pending
18344,2348,2021-01-04,Payment Pending
18345,8339,2023-07-19,Payment Pending
18346,16444,2020-05-28,Payment Pending
18347,19414,2023-11-25,Payment Pending
18348,18897,2022-04-03,Payment Pending
18349,8612,2022-03-16,Payment Pending
18353,17056,2020-05-30,Payment Pending
18356,18146,2023-08-22,Payment Pending
18358,14683,2022-02-22,Payment Pending
18360,10191,2023-02-27,Payment Pending
16290,18405,2020-01-31,Payment Successed
16291,12181,2020-10-11,Payment Successed
16294,13126,2021-08-07,Payment Successed
16297,7666,2022-03-15,Payment Successed
16299,304,2022-03-09,Payment Successed
16303,4077,2021-02-27,Payment Successed
16304,18308,2023-12-03,Payment Successed
16305,18371,2023-01-20,Payment Successed
16307,9549,2021-02-24,Payment Successed
16308,19364,2020-05-31,Payment Successed
16310,496,2023-09-13,Payment Successed
16311,1597,2023-07-04,Payment Successed
16312,21342,2021-05-12,Payment Successed
16313,18987,2021-11-09,Payment Successed
16316,4519,2023-01-07,Payment Successed
18365,5021,2021-05-20,Payment Failed
18369,4265,2021-06-29,Payment Failed
18376,19745,2021-12-17,Payment Failed
18381,13212,2022-01-06,Payment Failed
18390,11326,2023-04-27,Payment Failed
18399,20518,2023-12-09,Payment Failed
18407,19206,2022-05-17,Payment Failed
18429,5670,2021-08-08,Payment Failed
18440,2899,2022-08-28,Payment Failed
18444,19460,2023-12-19,Payment Failed
18459,11663,2020-09-02,Payment Failed
18460,4889,2021-08-19,Payment Failed
18468,1925,2023-01-22,Payment Failed
18402,14844,2021-11-11,Refunded
18420,14526,2022-02-13,Refunded
18421,14643,2020-03-11,Refunded
18425,16273,2022-07-12,Refunded
18456,16458,2022-02-23,Refunded
18461,17063,2022-11-27,Refunded
18492,8081,2023-10-26,Refunded
16317,5950,2021-03-10,Payment Successed
16318,1494,2021-09-20,Payment Successed
16321,20844,2022-12-29,Payment Successed
16323,13323,2022-11-18,Payment Successed
16324,6181,2020-03-31,Payment Successed
16325,17987,2021-01-23,Payment Successed
16326,19872,2022-03-06,Payment Successed
16327,7199,2023-04-30,Payment Successed
16330,11976,2021-08-25,Payment Successed
16331,12416,2022-06-11,Payment Successed
16332,21555,2020-01-31,Payment Successed
16333,13239,2021-07-13,Payment Successed
16335,583,2020-02-15,Payment Successed
16338,3483,2021-11-07,Payment Successed
16340,15160,2023-05-06,Payment Successed
16341,1020,2023-11-30,Payment Successed
16343,17808,2022-08-02,Payment Successed
16344,14567,2021-08-29,Payment Successed
16346,20058,2021-05-15,Payment Successed
16350,11584,2022-09-16,Payment Successed
16352,12375,2020-07-08,Payment Successed
16354,14579,2020-08-17,Payment Successed
16356,17358,2022-10-20,Payment Successed
16358,20002,2023-02-11,Payment Successed
16362,14429,2023-07-11,Payment Successed
16363,13076,2021-12-03,Payment Successed
16367,15015,2020-05-25,Payment Successed
16370,14414,2020-01-25,Payment Successed
16372,2840,2020-10-20,Payment Successed
16376,20683,2022-01-30,Payment Successed
16377,2331,2023-06-23,Payment Successed
16379,15561,2020-08-21,Payment Successed
16380,688,2023-10-11,Payment Successed
16381,4960,2020-07-26,Payment Successed
16382,4143,2022-06-23,Payment Successed
18371,1469,2020-12-25,Payment Pending
18373,17203,2023-07-22,Payment Pending
18374,4388,2020-04-29,Payment Pending
18375,6955,2021-08-22,Payment Pending
18378,9251,2021-11-15,Payment Pending
18380,12574,2023-05-11,Payment Pending
18384,2954,2022-08-07,Payment Pending
18385,20246,2021-11-13,Payment Pending
18387,11854,2021-04-20,Payment Pending
18391,11089,2020-07-31,Payment Pending
18394,18271,2021-12-25,Payment Pending
18395,17590,2022-07-19,Payment Pending
18401,16058,2022-10-09,Payment Pending
18405,1452,2023-08-18,Payment Pending
18412,17885,2022-12-17,Payment Pending
18416,4846,2020-10-09,Payment Pending
18417,14216,2020-09-28,Payment Pending
18418,10347,2021-09-18,Payment Pending
18422,13170,2020-06-13,Payment Pending
18426,2288,2020-01-19,Payment Pending
18428,8190,2022-07-18,Payment Pending
18432,6898,2020-04-20,Payment Pending
18434,18649,2020-11-02,Payment Pending
18437,14995,2020-09-04,Payment Pending
18438,18901,2021-02-10,Payment Pending
18441,4397,2021-08-17,Payment Pending
18446,8087,2021-10-10,Payment Pending
18451,5349,2022-02-16,Payment Pending
18452,12969,2020-01-11,Payment Pending
18454,1526,2020-07-15,Payment Pending
18455,20724,2020-07-09,Payment Pending
18457,18269,2021-07-09,Payment Pending
18470,1543,2021-05-16,Payment Pending
18471,8400,2022-07-12,Payment Pending
18475,8018,2020-09-05,Payment Pending
18479,5529,2022-02-09,Payment Pending
18480,9541,2020-07-10,Payment Pending
18482,18631,2023-05-15,Payment Pending
18485,15509,2020-08-27,Payment Pending
18486,21605,2023-08-14,Payment Pending
18487,21299,2021-06-06,Payment Pending
18496,18233,2022-08-22,Payment Pending
18497,20846,2020-12-01,Payment Pending
16384,12089,2020-08-19,Payment Successed
16385,5631,2023-03-03,Payment Successed
16390,19518,2022-11-27,Payment Successed
16391,7275,2022-08-28,Payment Successed
16392,11192,2021-11-08,Payment Successed
16395,9948,2021-02-22,Payment Successed
16398,16382,2020-12-19,Payment Successed
16402,18736,2020-04-16,Payment Successed
16404,12138,2022-09-10,Payment Successed
16405,19601,2021-06-04,Payment Successed
16406,15581,2020-05-02,Payment Successed
16410,13111,2023-12-03,Payment Successed
16415,9156,2021-06-30,Payment Successed
16416,11204,2023-09-02,Payment Successed
16417,8778,2022-09-30,Payment Successed
16418,14869,2020-12-03,Payment Successed
16421,17847,2023-03-12,Payment Successed
16425,13343,2023-10-28,Payment Successed
16427,14568,2020-08-29,Payment Successed
16428,15224,2021-04-02,Payment Successed
16429,2191,2021-11-14,Payment Successed
16431,11211,2023-08-22,Payment Successed
16436,10159,2021-12-08,Payment Successed
16440,6136,2020-06-16,Payment Successed
16443,4914,2023-04-30,Payment Successed
16445,20949,2020-11-24,Payment Successed
18506,9527,2020-07-08,Payment Failed
18514,8376,2022-04-20,Payment Failed
18534,21472,2022-11-13,Payment Failed
18543,13033,2021-03-11,Payment Failed
18554,1355,2022-05-01,Payment Failed
18566,10585,2022-06-01,Payment Failed
18582,19561,2020-05-11,Payment Failed
18604,8973,2023-08-08,Payment Failed
18606,5140,2022-10-05,Payment Failed
18627,9905,2022-04-25,Payment Failed
18536,11925,2020-11-22,Refunded
18555,5963,2021-09-29,Refunded
18565,19030,2023-02-01,Refunded
18630,14094,2020-07-29,Refunded
16447,15909,2020-11-18,Payment Successed
16450,13394,2021-10-04,Payment Successed
16453,16711,2022-03-07,Payment Successed
16454,1134,2022-07-29,Payment Successed
16461,3658,2020-06-05,Payment Successed
16463,12344,2020-09-06,Payment Successed
16467,12509,2020-03-12,Payment Successed
16468,20351,2021-01-18,Payment Successed
16469,20178,2020-08-14,Payment Successed
16470,11948,2020-03-25,Payment Successed
16472,15693,2020-11-30,Payment Successed
16475,9387,2022-11-17,Payment Successed
16478,1156,2023-05-29,Payment Successed
16479,14752,2021-10-10,Payment Successed
16484,12540,2023-06-25,Payment Successed
16485,12937,2021-07-06,Payment Successed
16487,279,2020-05-31,Payment Successed
16488,3447,2021-04-23,Payment Successed
16489,6551,2020-11-08,Payment Successed
16490,18527,2023-03-15,Payment Successed
16492,4610,2021-12-19,Payment Successed
16494,2666,2021-05-25,Payment Successed
16495,17211,2022-09-23,Payment Successed
16499,784,2021-02-08,Payment Successed
16500,863,2023-11-09,Payment Successed
16502,12550,2020-12-14,Payment Successed
16503,2407,2022-05-12,Payment Successed
16504,12858,2022-12-15,Payment Successed
16506,10925,2022-02-19,Payment Successed
16507,9952,2023-10-17,Payment Successed
16510,7035,2023-02-04,Payment Successed
16511,18804,2022-11-13,Payment Successed
16514,12144,2023-05-08,Payment Successed
16515,20991,2023-09-23,Payment Successed
16516,1911,2023-04-26,Payment Successed
16519,15316,2022-11-03,Payment Successed
16520,17024,2022-05-12,Payment Successed
16521,11989,2020-03-22,Payment Successed
16522,12167,2022-06-29,Payment Successed
16523,19501,2022-09-04,Payment Successed
16524,2833,2021-06-20,Payment Successed
16525,14710,2023-02-05,Payment Successed
16526,7177,2020-06-06,Payment Successed
16527,10144,2021-05-05,Payment Successed
16528,1286,2022-11-07,Payment Successed
16530,11338,2021-02-15,Payment Successed
16534,13669,2023-10-18,Payment Successed
16536,60,2021-01-07,Payment Successed
16540,11456,2023-12-18,Payment Successed
16542,11347,2022-06-20,Payment Successed
18498,183,2023-09-17,Payment Pending
18500,7402,2021-07-05,Payment Pending
18511,3205,2022-09-25,Payment Pending
18512,4322,2020-12-03,Payment Pending
18516,9833,2022-09-20,Payment Pending
18519,477,2021-10-23,Payment Pending
18520,3439,2022-06-19,Payment Pending
18521,13159,2021-06-01,Payment Pending
18523,7370,2022-10-02,Payment Pending
18524,6655,2023-05-22,Payment Pending
18526,15754,2021-04-07,Payment Pending
18528,12487,2022-01-01,Payment Pending
18530,9848,2022-07-06,Payment Pending
18531,4651,2021-03-20,Payment Pending
18541,12038,2023-02-04,Payment Pending
18546,17547,2020-04-01,Payment Pending
18548,19650,2021-04-14,Payment Pending
18550,4465,2022-11-14,Payment Pending
18551,13177,2023-11-14,Payment Pending
18552,11998,2023-09-01,Payment Pending
18553,427,2020-04-03,Payment Pending
18556,3731,2023-09-29,Payment Pending
18557,3493,2022-09-16,Payment Pending
18559,4781,2023-06-16,Payment Pending
18560,14975,2023-12-12,Payment Pending
18563,7663,2021-11-25,Payment Pending
18569,19428,2021-01-08,Payment Pending
18571,8115,2021-06-10,Payment Pending
18576,6112,2021-10-07,Payment Pending
18578,8262,2023-08-10,Payment Pending
18579,10094,2023-06-04,Payment Pending
18584,3641,2022-02-01,Payment Pending
18586,15012,2022-06-20,Payment Pending
18587,17783,2022-05-14,Payment Pending
18589,17170,2020-05-06,Payment Pending
18590,10564,2022-08-10,Payment Pending
18591,6647,2022-09-14,Payment Pending
18594,16886,2021-07-19,Payment Pending
18595,8090,2023-07-07,Payment Pending
18596,5091,2021-07-08,Payment Pending
18599,8632,2021-08-20,Payment Pending
18601,18509,2022-10-09,Payment Pending
18602,7685,2021-04-01,Payment Pending
18605,4129,2023-09-29,Payment Pending
18610,21173,2022-01-03,Payment Pending
18615,3244,2020-01-22,Payment Pending
18616,9814,2022-09-02,Payment Pending
18617,14189,2022-04-13,Payment Pending
18618,13767,2021-08-06,Payment Pending
18620,6852,2023-06-04,Payment Pending
18621,19032,2020-12-17,Payment Pending
18622,12953,2021-04-07,Payment Pending
18625,4060,2023-04-25,Payment Pending
18628,14053,2020-05-09,Payment Pending
16544,8736,2021-09-09,Payment Successed
16546,3082,2022-06-25,Payment Successed
16547,3085,2022-04-20,Payment Successed
16548,6474,2023-11-11,Payment Successed
16550,10115,2023-03-08,Payment Successed
16551,19143,2020-11-23,Payment Successed
16552,652,2022-11-07,Payment Successed
16555,2074,2020-07-08,Payment Successed
16556,19316,2023-10-19,Payment Successed
16557,4899,2023-12-24,Payment Successed
18645,6003,2022-06-20,Payment Failed
18650,11430,2022-11-20,Payment Failed
18666,2538,2022-07-09,Payment Failed
18686,3981,2023-06-26,Payment Failed
18689,3767,2020-09-12,Payment Failed
18693,1616,2023-03-30,Payment Failed
18708,7990,2022-07-08,Payment Failed
18749,17854,2020-03-05,Payment Failed
18755,9192,2022-05-31,Payment Failed
18763,5563,2021-06-13,Payment Failed
18767,19516,2022-03-03,Payment Failed
18659,17864,2021-11-09,Refunded
18684,17860,2022-08-23,Refunded
18715,12330,2021-01-18,Refunded
18739,14835,2022-03-01,Refunded
16560,14767,2020-07-10,Payment Successed
16562,8647,2023-12-08,Payment Successed
16563,11517,2023-02-02,Payment Successed
16566,16116,2022-04-05,Payment Successed
16568,12988,2022-02-17,Payment Successed
16571,17918,2023-10-21,Payment Successed
16575,1788,2022-12-03,Payment Successed
16577,11441,2022-12-28,Payment Successed
16582,9092,2022-05-14,Payment Successed
16583,16377,2023-09-26,Payment Successed
16584,12224,2023-06-04,Payment Successed
16586,2868,2020-05-29,Payment Successed
16587,436,2021-09-19,Payment Successed
16591,10141,2021-06-01,Payment Successed
16593,6088,2022-09-19,Payment Successed
16595,21119,2022-06-03,Payment Successed
16596,601,2020-08-26,Payment Successed
16597,20661,2021-05-18,Payment Successed
16598,18695,2022-10-19,Payment Successed
16599,16176,2021-11-16,Payment Successed
16604,3946,2023-03-14,Payment Successed
16605,9389,2021-12-29,Payment Successed
16609,14765,2023-10-26,Payment Successed
16610,552,2022-05-13,Payment Successed
16611,6030,2020-01-19,Payment Successed
16612,10213,2021-10-08,Payment Successed
16613,7796,2020-08-09,Payment Successed
16614,16950,2022-02-22,Payment Successed
16616,10003,2021-12-27,Payment Successed
16617,10536,2023-08-27,Payment Successed
16618,17714,2021-07-08,Payment Successed
16619,9647,2021-10-04,Payment Successed
16622,3871,2023-04-25,Payment Successed
16624,16968,2021-06-16,Payment Successed
16626,17094,2020-02-13,Payment Successed
16627,7147,2021-08-03,Payment Successed
16630,323,2022-06-05,Payment Successed
16631,9961,2020-07-30,Payment Successed
16634,16016,2023-09-16,Payment Successed
16635,705,2022-12-27,Payment Successed
16637,99,2022-07-11,Payment Successed
16638,21061,2023-01-06,Payment Successed
16639,4194,2020-04-29,Payment Successed
18636,13952,2023-04-27,Payment Pending
18639,2323,2021-04-15,Payment Pending
18640,13137,2021-11-05,Payment Pending
18648,16891,2022-05-03,Payment Pending
18649,4796,2021-04-15,Payment Pending
18651,9553,2023-04-17,Payment Pending
18652,19724,2022-06-25,Payment Pending
18656,6975,2023-08-31,Payment Pending
18657,10089,2023-01-02,Payment Pending
18661,11442,2020-04-03,Payment Pending
18662,16122,2020-06-28,Payment Pending
18663,3762,2021-08-03,Payment Pending
18664,14336,2020-01-25,Payment Pending
18670,19903,2023-01-25,Payment Pending
18674,7713,2020-09-19,Payment Pending
18676,18682,2023-07-25,Payment Pending
18678,8984,2021-05-30,Payment Pending
18680,14923,2020-11-23,Payment Pending
18688,14704,2020-01-20,Payment Pending
18694,9837,2023-01-01,Payment Pending
18696,2907,2023-06-13,Payment Pending
18697,1994,2021-02-16,Payment Pending
18702,3194,2022-02-14,Payment Pending
18706,14409,2023-06-09,Payment Pending
18707,1547,2021-05-15,Payment Pending
18712,18996,2021-11-08,Payment Pending
18713,5371,2020-01-04,Payment Pending
18716,11838,2021-08-04,Payment Pending
18717,4029,2023-03-24,Payment Pending
18718,13685,2023-09-26,Payment Pending
18719,7383,2023-03-26,Payment Pending
18720,8218,2020-09-25,Payment Pending
18723,16093,2020-03-11,Payment Pending
18724,11045,2020-05-05,Payment Pending
18727,18595,2021-06-30,Payment Pending
18730,17466,2023-02-21,Payment Pending
18731,6221,2022-07-28,Payment Pending
18732,15898,2021-06-08,Payment Pending
18733,9039,2022-01-13,Payment Pending
18734,10611,2021-09-30,Payment Pending
18735,17827,2023-11-21,Payment Pending
18737,2335,2020-10-26,Payment Pending
18740,7425,2023-01-04,Payment Pending
18745,8508,2023-09-25,Payment Pending
18750,7590,2020-03-23,Payment Pending
18753,5697,2023-07-05,Payment Pending
18754,147,2022-08-06,Payment Pending
16641,4713,2020-05-25,Payment Successed
16643,10012,2021-09-05,Payment Successed
16644,8858,2022-07-19,Payment Successed
16645,19853,2021-03-04,Payment Successed
16646,8910,2021-05-31,Payment Successed
16649,12822,2021-08-16,Payment Successed
16650,1937,2023-06-03,Payment Successed
16653,11933,2021-10-13,Payment Successed
16656,5446,2021-09-08,Payment Successed
16657,17838,2020-06-11,Payment Successed
16659,13729,2022-03-11,Payment Successed
16661,4439,2023-01-15,Payment Successed
16663,10378,2020-01-19,Payment Successed
16664,10113,2021-06-15,Payment Successed
16666,13886,2021-02-14,Payment Successed
16667,3757,2020-06-27,Payment Successed
16668,3065,2020-06-26,Payment Successed
16669,1950,2020-12-27,Payment Successed
16671,4406,2023-09-03,Payment Successed
16673,16413,2020-01-20,Payment Successed
16675,7110,2023-08-10,Payment Successed
16681,5637,2021-06-24,Payment Successed
16685,5827,2022-10-18,Payment Successed
18792,4773,2020-04-15,Payment Failed
18804,6428,2022-01-24,Payment Failed
18805,16497,2023-12-23,Payment Failed
18807,9137,2021-07-03,Payment Failed
18823,15658,2020-11-09,Payment Failed
18829,10453,2020-01-25,Payment Failed
18835,15705,2021-07-08,Payment Failed
18836,1807,2023-03-24,Payment Failed
18849,5895,2023-12-19,Payment Failed
18850,6633,2023-09-25,Payment Failed
18854,17007,2021-10-15,Payment Failed
18855,5990,2022-02-08,Payment Failed
18869,16754,2020-03-18,Payment Failed
18812,6368,2023-08-17,Refunded
18865,9013,2022-11-03,Refunded
18870,5231,2021-11-26,Refunded
18883,3796,2021-06-01,Refunded
18886,9504,2023-05-23,Refunded
18896,1084,2020-11-22,Refunded
18902,2500,2022-06-05,Refunded
18904,19227,2023-11-07,Refunded
16687,9994,2023-06-28,Payment Successed
16688,17794,2020-03-04,Payment Successed
16689,5814,2020-11-26,Payment Successed
16691,14049,2023-01-25,Payment Successed
16692,1170,2022-05-20,Payment Successed
16696,20529,2021-03-29,Payment Successed
16700,17209,2023-07-01,Payment Successed
16703,4499,2022-06-29,Payment Successed
16705,10999,2020-06-15,Payment Successed
16706,4626,2022-03-25,Payment Successed
16708,15152,2021-02-13,Payment Successed
16709,8806,2021-04-11,Payment Successed
16711,9085,2020-12-20,Payment Successed
16714,6082,2023-01-25,Payment Successed
16715,18604,2023-12-13,Payment Successed
16716,13809,2022-12-24,Payment Successed
16718,3943,2021-11-05,Payment Successed
16720,12238,2023-05-09,Payment Successed
16722,12467,2020-02-05,Payment Successed
16723,8010,2020-08-25,Payment Successed
16724,5406,2021-12-14,Payment Successed
16726,12492,2023-04-12,Payment Successed
16727,3267,2022-04-06,Payment Successed
16728,13156,2022-02-04,Payment Successed
16730,7404,2022-10-12,Payment Successed
16731,578,2021-08-19,Payment Successed
16732,12799,2021-04-07,Payment Successed
16734,1989,2023-09-21,Payment Successed
16735,12402,2020-11-15,Payment Successed
16737,4975,2023-11-11,Payment Successed
16740,4172,2023-07-01,Payment Successed
16741,3591,2020-07-04,Payment Successed
16742,8949,2022-03-19,Payment Successed
18775,19729,2023-10-14,Payment Pending
18781,10582,2020-01-29,Payment Pending
18783,18448,2020-07-19,Payment Pending
18784,14110,2023-03-17,Payment Pending
18788,9482,2023-03-23,Payment Pending
18790,21369,2022-11-30,Payment Pending
18791,21041,2022-07-14,Payment Pending
18795,3626,2021-12-08,Payment Pending
18798,20368,2022-11-29,Payment Pending
18803,7935,2020-06-02,Payment Pending
18816,5861,2022-09-24,Payment Pending
18818,7269,2023-02-07,Payment Pending
18821,6022,2023-10-14,Payment Pending
18824,1884,2020-05-30,Payment Pending
18826,15433,2023-04-26,Payment Pending
18827,14312,2020-11-03,Payment Pending
18830,11624,2022-11-02,Payment Pending
18832,8388,2021-10-30,Payment Pending
18833,15604,2023-02-10,Payment Pending
18837,14500,2022-03-25,Payment Pending
18839,15223,2021-07-23,Payment Pending
18841,12457,2020-07-17,Payment Pending
18844,18464,2020-04-30,Payment Pending
18852,9626,2021-03-24,Payment Pending
18853,4280,2020-10-08,Payment Pending
18856,2890,2021-11-16,Payment Pending
18858,5528,2023-08-17,Payment Pending
18861,9722,2022-05-27,Payment Pending
18867,379,2022-09-17,Payment Pending
18874,8516,2022-06-04,Payment Pending
18876,17989,2022-02-02,Payment Pending
18877,17066,2023-02-22,Payment Pending
18879,6386,2023-12-10,Payment Pending
18880,8412,2020-09-17,Payment Pending
18884,12163,2021-12-31,Payment Pending
18888,689,2023-06-25,Payment Pending
18889,3970,2020-07-01,Payment Pending
18893,7096,2022-04-07,Payment Pending
18900,8590,2021-12-08,Payment Pending
18901,15578,2023-04-16,Payment Pending
18905,4562,2023-07-25,Payment Pending
16743,3954,2022-09-08,Payment Successed
16744,7144,2020-03-20,Payment Successed
16746,2792,2023-05-26,Payment Successed
16749,13644,2021-01-13,Payment Successed
16751,15830,2023-04-01,Payment Successed
16752,9426,2022-02-20,Payment Successed
16753,9484,2023-08-10,Payment Successed
16755,4183,2020-04-02,Payment Successed
16756,16152,2020-04-24,Payment Successed
16757,11273,2023-02-26,Payment Successed
16758,8482,2023-07-29,Payment Successed
16761,6168,2020-12-16,Payment Successed
16762,11795,2020-07-02,Payment Successed
16765,7115,2021-04-09,Payment Successed
16772,17782,2023-09-23,Payment Successed
16773,17023,2022-03-31,Payment Successed
16774,6387,2020-04-14,Payment Successed
16775,8528,2022-07-04,Payment Successed
16776,12872,2021-12-16,Payment Successed
16777,9424,2021-07-27,Payment Successed
16778,6836,2020-05-24,Payment Successed
16779,13064,2020-08-08,Payment Successed
16785,16195,2021-08-13,Payment Successed
16786,3545,2023-08-28,Payment Successed
16788,1281,2023-03-16,Payment Successed
16792,2546,2023-11-23,Payment Successed
16793,12871,2020-09-20,Payment Successed
16794,14913,2020-12-06,Payment Successed
16795,6219,2021-08-24,Payment Successed
16798,20034,2020-02-28,Payment Successed
18911,5006,2020-09-02,Payment Failed
18925,15612,2020-01-22,Payment Failed
18928,14023,2021-08-17,Payment Failed
18944,12936,2023-03-09,Payment Failed
18946,3676,2022-09-03,Payment Failed
18957,6214,2022-01-23,Payment Failed
18995,905,2020-06-19,Payment Failed
19022,15665,2021-05-09,Payment Failed
19026,19954,2020-02-15,Payment Failed
19009,19091,2020-09-10,Refunded
19016,6166,2023-01-24,Refunded
19029,10236,2022-09-04,Refunded
16799,20652,2022-06-20,Payment Successed
16805,958,2020-03-18,Payment Successed
16806,2129,2020-11-02,Payment Successed
16809,16603,2022-12-21,Payment Successed
16812,19409,2020-02-24,Payment Successed
16814,4047,2023-11-23,Payment Successed
16815,17959,2022-06-16,Payment Successed
16820,13868,2020-06-14,Payment Successed
16823,5434,2023-10-19,Payment Successed
16827,18297,2020-12-18,Payment Successed
16828,10712,2023-12-19,Payment Successed
16829,7999,2021-05-26,Payment Successed
16831,14324,2021-09-21,Payment Successed
16833,13645,2020-01-21,Payment Successed
16835,1300,2020-03-28,Payment Successed
16836,8575,2022-10-21,Payment Successed
16837,19635,2020-11-12,Payment Successed
16838,16101,2023-09-27,Payment Successed
16840,6733,2022-08-12,Payment Successed
16844,10497,2023-09-28,Payment Successed
16845,2981,2022-02-09,Payment Successed
16848,18688,2023-05-19,Payment Successed
16849,7065,2020-11-02,Payment Successed
16852,3100,2021-03-13,Payment Successed
16856,15063,2023-01-11,Payment Successed
16858,7978,2020-07-12,Payment Successed
16859,3325,2021-12-21,Payment Successed
16860,14294,2021-01-02,Payment Successed
16861,17524,2021-08-01,Payment Successed
16862,2527,2023-08-16,Payment Successed
16863,6496,2022-08-08,Payment Successed
16864,19585,2023-09-06,Payment Successed
16865,17444,2021-01-25,Payment Successed
16866,3559,2021-01-05,Payment Successed
16867,17083,2020-06-24,Payment Successed
16870,13451,2021-10-27,Payment Successed
16871,7113,2022-09-01,Payment Successed
16872,13565,2022-10-01,Payment Successed
16873,17121,2020-01-06,Payment Successed
16877,12427,2021-08-02,Payment Successed
16878,6758,2023-05-30,Payment Successed
16880,18471,2020-12-25,Payment Successed
16883,13021,2020-07-23,Payment Successed
16885,9987,2022-03-24,Payment Successed
18907,4284,2021-08-28,Payment Pending
18908,20848,2021-11-01,Payment Pending
18909,9790,2023-09-24,Payment Pending
18910,112,2020-10-21,Payment Pending
18915,3627,2023-03-15,Payment Pending
18916,18,2021-10-11,Payment Pending
18918,14659,2022-11-06,Payment Pending
18921,12781,2023-10-02,Payment Pending
18922,14499,2023-02-08,Payment Pending
18926,18654,2023-12-07,Payment Pending
18927,18047,2021-08-30,Payment Pending
18929,11050,2022-08-24,Payment Pending
18930,17302,2020-05-19,Payment Pending
18933,8248,2022-10-04,Payment Pending
18936,17772,2023-03-05,Payment Pending
18941,5014,2023-10-14,Payment Pending
18947,9610,2023-08-15,Payment Pending
18952,1023,2022-03-06,Payment Pending
18953,8739,2022-12-13,Payment Pending
18959,10889,2023-04-28,Payment Pending
18960,302,2021-05-13,Payment Pending
18964,15988,2020-12-30,Payment Pending
18965,20966,2022-05-13,Payment Pending
18966,5595,2023-03-12,Payment Pending
18970,2565,2022-10-22,Payment Pending
18971,8129,2021-07-23,Payment Pending
18974,14303,2022-01-08,Payment Pending
18978,20782,2021-11-16,Payment Pending
18982,1521,2020-04-15,Payment Pending
18991,11145,2023-04-07,Payment Pending
18994,9481,2021-12-26,Payment Pending
18999,21165,2020-12-28,Payment Pending
19000,2507,2021-04-07,Payment Pending
19002,6144,2020-06-30,Payment Pending
19004,11294,2020-05-16,Payment Pending
19005,9333,2020-11-07,Payment Pending
19007,478,2021-12-18,Payment Pending
19012,4441,2023-01-17,Payment Pending
19014,4452,2020-09-12,Payment Pending
19019,18810,2021-06-15,Payment Pending
19021,15190,2021-08-17,Payment Pending
19028,11686,2023-03-03,Payment Pending
19030,9592,2021-10-19,Payment Pending
19035,18502,2023-05-13,Payment Pending
19036,9599,2022-06-03,Payment Pending
19037,1185,2020-07-31,Payment Pending
19041,10321,2021-02-24,Payment Pending
16886,12859,2022-11-19,Payment Successed
16887,16443,2020-01-21,Payment Successed
16889,17984,2022-07-29,Payment Successed
16890,2872,2023-10-23,Payment Successed
16893,5455,2023-10-22,Payment Successed
16894,2522,2021-05-20,Payment Successed
16897,13424,2021-12-29,Payment Successed
16898,21419,2023-11-08,Payment Successed
16899,1560,2022-06-01,Payment Successed
16900,15834,2020-03-05,Payment Successed
16902,1935,2023-10-17,Payment Successed
16910,6896,2022-03-10,Payment Successed
16911,13928,2023-02-07,Payment Successed
16912,15852,2020-09-10,Payment Successed
16913,5274,2023-10-05,Payment Successed
16915,5869,2020-04-16,Payment Successed
16916,10494,2021-07-24,Payment Successed
16918,17148,2023-05-27,Payment Successed
16919,11500,2021-11-07,Payment Successed
16922,12640,2023-04-19,Payment Successed
16927,18021,2023-12-25,Payment Successed
16932,12895,2020-05-05,Payment Successed
16933,15514,2021-05-12,Payment Successed
16935,14058,2023-01-10,Payment Successed
16936,12864,2020-05-06,Payment Successed
16939,12071,2023-06-10,Payment Successed
19050,13479,2022-05-30,Payment Failed
19074,11331,2020-03-27,Payment Failed
19088,14532,2020-11-22,Payment Failed
19092,16695,2021-12-25,Payment Failed
19125,9889,2020-06-24,Payment Failed
19126,9679,2023-12-26,Payment Failed
19135,1257,2020-10-03,Payment Failed
19150,15618,2023-06-26,Payment Failed
19163,4906,2020-12-16,Payment Failed
19174,16590,2022-10-30,Payment Failed
19045,2063,2022-05-07,Refunded
19069,14357,2021-10-20,Refunded
19073,2998,2023-02-25,Refunded
19089,17903,2022-10-06,Refunded
19090,20586,2020-10-27,Refunded
19101,11702,2023-07-16,Refunded
19120,11472,2022-05-04,Refunded
19156,9154,2022-05-08,Refunded
19166,5109,2020-06-13,Refunded
16940,12001,2022-07-20,Payment Successed
16941,262,2023-09-27,Payment Successed
16942,21461,2022-04-13,Payment Successed
16943,2581,2023-06-19,Payment Successed
16944,8881,2021-02-28,Payment Successed
16945,11540,2021-06-30,Payment Successed
16949,8648,2021-04-12,Payment Successed
16951,2628,2023-06-01,Payment Successed
16952,12308,2020-07-22,Payment Successed
16953,6627,2022-10-17,Payment Successed
16956,18615,2021-10-03,Payment Successed
16960,4205,2021-09-11,Payment Successed
16961,15257,2020-11-23,Payment Successed
16963,17199,2020-09-17,Payment Successed
16968,12789,2022-05-25,Payment Successed
16970,19710,2023-08-24,Payment Successed
16971,11806,2022-07-22,Payment Successed
16972,17840,2022-03-09,Payment Successed
16974,20301,2020-07-26,Payment Successed
16975,11849,2022-02-16,Payment Successed
16977,7260,2020-06-10,Payment Successed
16979,828,2021-10-08,Payment Successed
16981,14881,2020-05-07,Payment Successed
16982,14315,2022-06-23,Payment Successed
16983,3357,2020-08-25,Payment Successed
16984,17784,2021-10-05,Payment Successed
16985,5939,2023-11-25,Payment Successed
16986,8101,2022-10-05,Payment Successed
16987,6486,2020-03-11,Payment Successed
16988,3465,2023-04-18,Payment Successed
16990,1849,2021-08-09,Payment Successed
16993,59,2022-10-21,Payment Successed
16998,5495,2022-02-13,Payment Successed
17000,18337,2020-10-01,Payment Successed
19047,19962,2020-05-01,Payment Pending
19049,8430,2020-01-24,Payment Pending
19052,5196,2023-10-25,Payment Pending
19055,789,2023-08-18,Payment Pending
19072,11380,2023-01-09,Payment Pending
19076,6882,2023-07-14,Payment Pending
19078,16123,2021-09-09,Payment Pending
19080,7743,2020-02-17,Payment Pending
19083,16809,2022-01-20,Payment Pending
19086,18902,2022-10-31,Payment Pending
19095,10188,2023-12-06,Payment Pending
19097,11025,2022-09-17,Payment Pending
19099,3352,2022-11-30,Payment Pending
19100,10384,2022-03-27,Payment Pending
19102,19075,2020-05-15,Payment Pending
19104,18117,2022-11-07,Payment Pending
19105,12232,2022-05-28,Payment Pending
19106,10124,2023-06-09,Payment Pending
19107,11250,2021-10-20,Payment Pending
19108,11790,2023-12-25,Payment Pending
19114,5187,2022-09-21,Payment Pending
19116,20380,2023-08-08,Payment Pending
19118,13330,2022-04-21,Payment Pending
19119,3925,2021-06-24,Payment Pending
19121,6791,2020-06-10,Payment Pending
19124,4417,2020-02-23,Payment Pending
19127,3255,2022-04-22,Payment Pending
19128,7604,2021-11-20,Payment Pending
19129,15079,2023-02-26,Payment Pending
19134,19960,2020-06-11,Payment Pending
19137,13562,2023-12-04,Payment Pending
19138,14092,2021-11-24,Payment Pending
19143,9488,2021-12-31,Payment Pending
19148,19035,2021-06-25,Payment Pending
19152,8613,2023-11-08,Payment Pending
19153,17629,2021-02-26,Payment Pending
19155,13096,2023-01-25,Payment Pending
19161,702,2022-05-24,Payment Pending
19162,10858,2021-11-10,Payment Pending
19164,18243,2023-09-19,Payment Pending
19171,5648,2022-06-16,Payment Pending
19173,12805,2020-11-01,Payment Pending
19176,14323,2023-08-25,Payment Pending
17001,3539,2022-07-25,Payment Successed
17002,2854,2022-04-05,Payment Successed
17005,13377,2021-11-03,Payment Successed
17012,21407,2022-06-03,Payment Successed
17013,20230,2021-02-23,Payment Successed
17014,968,2023-12-07,Payment Successed
17016,12977,2023-05-16,Payment Successed
17019,14816,2020-08-11,Payment Successed
17020,5886,2020-01-02,Payment Successed
17021,3544,2022-05-19,Payment Successed
17022,13412,2021-01-21,Payment Successed
17024,21190,2022-08-17,Payment Successed
17026,3438,2021-09-05,Payment Successed
17030,1241,2023-02-25,Payment Successed
17033,12134,2022-12-19,Payment Successed
17036,11134,2021-07-05,Payment Successed
17037,11569,2023-11-05,Payment Successed
17039,9930,2022-05-04,Payment Successed
17040,6110,2023-02-14,Payment Successed
17041,21427,2023-03-29,Payment Successed
17042,3781,2021-04-05,Payment Successed
17043,8539,2021-04-23,Payment Successed
17044,5190,2022-11-27,Payment Successed
17045,9531,2021-04-05,Payment Successed
17048,15953,2022-01-30,Payment Successed
17049,19119,2022-08-29,Payment Successed
17050,7497,2021-06-29,Payment Successed
17051,11775,2021-01-11,Payment Successed
19209,21014,2022-01-12,Payment Failed
19210,19082,2021-05-25,Payment Failed
19218,2481,2020-11-10,Payment Failed
19228,10681,2023-12-13,Payment Failed
19231,5437,2020-06-20,Payment Failed
19237,10126,2022-08-23,Payment Failed
19240,20414,2020-11-21,Payment Failed
19251,21619,2023-08-14,Payment Failed
19252,17029,2021-05-19,Payment Failed
19261,2093,2020-10-09,Payment Failed
19268,4693,2020-07-07,Payment Failed
19273,5535,2021-06-08,Payment Failed
19274,2225,2022-10-24,Payment Failed
19291,12289,2022-11-30,Payment Failed
19301,15857,2021-02-15,Payment Failed
19302,16439,2020-10-03,Payment Failed
19304,1901,2022-04-16,Payment Failed
19307,16304,2021-09-27,Payment Failed
19244,5914,2022-12-13,Refunded
19253,5709,2020-02-25,Refunded
19295,19008,2021-06-28,Refunded
17054,14304,2021-04-03,Payment Successed
17056,13213,2020-09-06,Payment Successed
17059,4381,2020-01-31,Payment Successed
17061,13506,2021-03-29,Payment Successed
17064,17874,2023-12-05,Payment Successed
17066,14376,2020-10-02,Payment Successed
17067,4155,2020-02-03,Payment Successed
17068,17240,2023-12-07,Payment Successed
17069,4787,2023-03-09,Payment Successed
17070,14512,2020-05-06,Payment Successed
17072,16680,2022-03-06,Payment Successed
17073,11254,2021-11-10,Payment Successed
17074,20597,2023-08-29,Payment Successed
17075,9584,2021-07-03,Payment Successed
17077,16688,2022-03-12,Payment Successed
17078,10079,2020-11-02,Payment Successed
17079,8277,2021-08-11,Payment Successed
17080,21088,2022-08-02,Payment Successed
17083,12301,2020-09-22,Payment Successed
17084,12905,2021-04-25,Payment Successed
17085,4735,2021-01-10,Payment Successed
17087,7286,2023-06-06,Payment Successed
17089,10834,2023-07-17,Payment Successed
17091,1936,2020-03-02,Payment Successed
17092,83,2020-07-02,Payment Successed
17095,11431,2020-09-30,Payment Successed
17096,21593,2020-01-11,Payment Successed
17098,11860,2020-10-21,Payment Successed
17101,18740,2021-12-30,Payment Successed
17102,16262,2021-06-04,Payment Successed
17103,7060,2023-12-16,Payment Successed
17106,10360,2020-01-05,Payment Successed
17107,17215,2022-11-21,Payment Successed
17109,2676,2020-06-21,Payment Successed
17112,16693,2022-04-28,Payment Successed
17113,911,2022-07-13,Payment Successed
17116,17001,2020-12-14,Payment Successed
17117,11773,2022-04-10,Payment Successed
17122,17280,2021-04-26,Payment Successed
17123,18411,2023-04-09,Payment Successed
17128,20952,2022-10-18,Payment Successed
17130,7041,2021-01-02,Payment Successed
17131,4153,2023-11-25,Payment Successed
17132,10547,2022-12-22,Payment Successed
19185,5594,2020-02-16,Payment Pending
19187,18549,2020-07-05,Payment Pending
19189,15975,2022-06-22,Payment Pending
19192,13490,2022-05-04,Payment Pending
19193,11677,2020-05-27,Payment Pending
19195,13517,2022-09-09,Payment Pending
19196,17273,2021-07-13,Payment Pending
19200,20908,2023-10-06,Payment Pending
19202,17887,2020-03-01,Payment Pending
19204,8330,2020-07-25,Payment Pending
19206,18865,2023-04-23,Payment Pending
19207,20947,2022-11-01,Payment Pending
19208,2461,2020-07-17,Payment Pending
19211,8976,2021-12-10,Payment Pending
19212,11923,2020-12-06,Payment Pending
19215,18194,2021-04-14,Payment Pending
19222,20538,2022-01-11,Payment Pending
19223,3832,2021-06-23,Payment Pending
19224,224,2023-02-20,Payment Pending
19230,6994,2020-02-21,Payment Pending
19232,10792,2023-11-18,Payment Pending
19233,14175,2020-01-14,Payment Pending
19235,21507,2021-12-31,Payment Pending
19238,18526,2020-02-19,Payment Pending
19242,20704,2021-06-08,Payment Pending
19243,17506,2020-06-23,Payment Pending
19248,8431,2023-03-23,Payment Pending
19250,10837,2022-09-22,Payment Pending
19260,13956,2023-02-28,Payment Pending
19262,13600,2023-09-01,Payment Pending
19265,12128,2021-05-22,Payment Pending
19266,5754,2021-08-16,Payment Pending
19267,5239,2023-01-29,Payment Pending
19275,6152,2022-03-11,Payment Pending
19278,11705,2020-07-28,Payment Pending
19280,15097,2022-02-20,Payment Pending
19283,19194,2022-08-26,Payment Pending
19284,9430,2021-05-31,Payment Pending
19285,20382,2021-12-27,Payment Pending
19290,9573,2022-04-01,Payment Pending
19296,20375,2023-02-23,Payment Pending
19297,781,2023-10-31,Payment Pending
19298,14024,2021-01-13,Payment Pending
19299,16779,2023-10-22,Payment Pending
19300,13109,2022-05-30,Payment Pending
19303,20913,2021-02-08,Payment Pending
19310,20903,2021-08-10,Payment Pending
17133,10584,2020-02-20,Payment Successed
17135,9378,2021-05-18,Payment Successed
17137,12839,2022-11-02,Payment Successed
17139,17618,2020-08-26,Payment Successed
17140,3090,2022-11-08,Payment Successed
17141,10830,2021-07-02,Payment Successed
17142,3102,2020-05-01,Payment Successed
17143,13419,2021-09-06,Payment Successed
17145,10740,2021-01-29,Payment Successed
17147,3193,2020-01-03,Payment Successed
17148,42,2022-12-10,Payment Successed
17149,9142,2020-04-13,Payment Successed
17150,19706,2023-10-19,Payment Successed
17151,17502,2020-10-08,Payment Successed
17152,20272,2023-04-29,Payment Successed
17153,12053,2020-04-06,Payment Successed
17160,20100,2023-03-24,Payment Successed
19314,18715,2023-11-28,Payment Failed
19316,6239,2023-05-16,Payment Failed
19349,15756,2023-07-17,Payment Failed
19372,2127,2020-06-25,Payment Failed
19383,2937,2020-06-09,Payment Failed
19388,1309,2020-03-29,Payment Failed
19394,11675,2023-03-14,Payment Failed
19399,9063,2021-09-03,Payment Failed
19400,3478,2023-12-06,Payment Failed
19402,18373,2020-07-22,Payment Failed
19404,6065,2022-01-16,Payment Failed
19434,12717,2020-07-19,Payment Failed
17161,3248,2021-08-24,Payment Successed
17162,2668,2021-03-23,Payment Successed
17164,20404,2020-10-02,Payment Successed
17165,19158,2022-04-22,Payment Successed
17172,18036,2023-09-28,Payment Successed
17173,5856,2021-10-31,Payment Successed
17174,2332,2021-03-26,Payment Successed
17176,1360,2023-12-07,Payment Successed
17178,6427,2021-12-30,Payment Successed
17179,2482,2022-11-13,Payment Successed
17181,12339,2020-03-27,Payment Successed
17182,16336,2020-09-10,Payment Successed
17184,2842,2020-12-02,Payment Successed
17188,7613,2022-09-06,Payment Successed
17194,785,2021-11-12,Payment Successed
17195,9170,2021-01-21,Payment Successed
17198,21400,2021-04-26,Payment Successed
17202,3726,2021-04-22,Payment Successed
17203,14344,2022-05-15,Payment Successed
17206,5492,2023-07-09,Payment Successed
17209,13153,2020-02-05,Payment Successed
17211,20618,2021-11-03,Payment Successed
17212,13131,2021-06-11,Payment Successed
17213,8611,2021-01-04,Payment Successed
17214,20993,2022-01-22,Payment Successed
17217,20874,2022-02-01,Payment Successed
17219,10981,2021-06-16,Payment Successed
17220,16144,2020-10-13,Payment Successed
17222,18711,2022-11-05,Payment Successed
17223,5905,2021-02-01,Payment Successed
17226,16636,2020-01-17,Payment Successed
17228,535,2022-04-19,Payment Successed
17231,733,2021-03-19,Payment Successed
17232,13407,2020-02-03,Payment Successed
17238,18701,2020-08-05,Payment Successed
17243,12047,2021-05-09,Payment Successed
17244,947,2021-09-28,Payment Successed
17245,16865,2021-02-26,Payment Successed
17246,5736,2020-07-08,Payment Successed
17248,17515,2020-06-01,Payment Successed
17250,15115,2020-10-10,Payment Successed
17252,16208,2021-07-16,Payment Successed
17253,16148,2020-05-31,Payment Successed
17254,13708,2020-03-04,Payment Successed
17255,3543,2022-01-06,Payment Successed
17257,10303,2023-04-02,Payment Successed
17262,5365,2021-09-27,Payment Successed
17263,11746,2020-03-29,Payment Successed
17264,18818,2023-07-08,Payment Successed
17265,18746,2023-02-07,Payment Successed
17266,17699,2022-02-13,Payment Successed
17267,21010,2023-02-01,Payment Successed
19318,5392,2023-02-18,Payment Pending
19322,16154,2020-08-19,Payment Pending
19324,10479,2021-04-10,Payment Pending
19325,2911,2022-11-30,Payment Pending
19326,16834,2022-04-24,Payment Pending
19327,8639,2023-08-01,Payment Pending
19330,12443,2021-11-14,Payment Pending
19337,4897,2022-05-31,Payment Pending
19338,2096,2023-06-07,Payment Pending
19340,16517,2023-05-18,Payment Pending
19341,17013,2023-12-06,Payment Pending
19343,19979,2020-11-30,Payment Pending
19346,15245,2023-06-19,Payment Pending
19347,3481,2023-10-17,Payment Pending
19351,18260,2020-10-04,Payment Pending
19353,5537,2023-03-17,Payment Pending
19354,11765,2022-06-13,Payment Pending
19361,7860,2023-06-06,Payment Pending
19363,19048,2021-12-25,Payment Pending
19365,2055,2023-08-17,Payment Pending
19367,16518,2022-03-03,Payment Pending
19377,17309,2023-08-19,Payment Pending
19378,859,2022-02-27,Payment Pending
19379,14427,2021-09-06,Payment Pending
19380,13700,2022-11-19,Payment Pending
19381,1190,2023-05-16,Payment Pending
19382,5136,2020-07-12,Payment Pending
19387,21372,2020-01-23,Payment Pending
19391,8696,2020-10-12,Payment Pending
19392,18758,2023-12-13,Payment Pending
19393,12715,2022-05-05,Payment Pending
19395,19471,2023-07-24,Payment Pending
19396,18382,2022-02-21,Payment Pending
19397,1417,2022-07-15,Payment Pending
19398,16684,2020-11-28,Payment Pending
19403,1530,2022-05-20,Payment Pending
19408,666,2020-09-14,Payment Pending
19411,3900,2020-02-25,Payment Pending
19412,14510,2021-01-24,Payment Pending
19418,15538,2021-10-26,Payment Pending
19420,19315,2023-12-20,Payment Pending
19422,11555,2020-12-10,Payment Pending
19424,14084,2022-06-15,Payment Pending
19427,20502,2023-04-02,Payment Pending
19429,11334,2020-03-09,Payment Pending
19431,2931,2021-04-15,Payment Pending
19435,6516,2020-07-02,Payment Pending
19436,14413,2020-03-10,Payment Pending
19437,19871,2021-06-04,Payment Pending
19438,7462,2020-08-19,Payment Pending
19439,12039,2023-10-10,Payment Pending
19444,3379,2021-10-31,Payment Pending
19446,9081,2020-12-19,Payment Pending
17268,976,2023-06-01,Payment Successed
17270,18691,2020-01-12,Payment Successed
17272,13291,2022-01-10,Payment Successed
17273,12051,2023-02-04,Payment Successed
17274,4809,2022-11-01,Payment Successed
17275,11645,2022-06-06,Payment Successed
17277,6931,2020-07-08,Payment Successed
17279,115,2023-04-13,Payment Successed
17281,18546,2020-06-18,Payment Successed
17283,9001,2020-05-30,Payment Successed
17284,13574,2020-07-30,Payment Successed
17287,15566,2022-06-25,Payment Successed
19470,21284,2021-09-11,Payment Failed
19496,8137,2023-09-15,Payment Failed
19513,4308,2020-02-02,Payment Failed
19517,9891,2021-02-20,Payment Failed
19539,12878,2020-01-11,Payment Failed
19566,15549,2021-08-29,Payment Failed
19577,18852,2023-08-08,Payment Failed
19582,9761,2023-04-23,Payment Failed
19583,4267,2020-09-25,Payment Failed
19452,18370,2020-12-16,Refunded
19480,11680,2023-05-17,Refunded
19494,2964,2023-11-08,Refunded
19514,15548,2022-09-06,Refunded
19574,10473,2023-05-03,Refunded
17289,6907,2023-12-18,Payment Successed
17290,18867,2022-06-01,Payment Successed
17293,10578,2022-03-05,Payment Successed
17295,6689,2022-10-24,Payment Successed
17296,2400,2022-07-05,Payment Successed
17302,15717,2020-04-16,Payment Successed
17305,11527,2020-10-19,Payment Successed
17306,5518,2022-04-04,Payment Successed
17312,8032,2022-02-16,Payment Successed
17315,12780,2020-12-05,Payment Successed
17316,13495,2020-12-15,Payment Successed
17323,7849,2023-10-07,Payment Successed
17325,14582,2022-11-19,Payment Successed
17327,13859,2021-03-03,Payment Successed
17328,17399,2022-12-31,Payment Successed
17329,15798,2023-01-09,Payment Successed
17332,9298,2020-12-20,Payment Successed
17338,15150,2020-01-10,Payment Successed
17339,18305,2020-05-16,Payment Successed
17340,12254,2022-09-04,Payment Successed
17341,4275,2023-02-17,Payment Successed
17345,6845,2021-10-18,Payment Successed
17347,4218,2020-06-24,Payment Successed
17348,16000,2022-03-24,Payment Successed
17349,17363,2023-05-10,Payment Successed
17350,1032,2023-07-06,Payment Successed
17351,11947,2021-11-10,Payment Successed
17352,9418,2020-07-29,Payment Successed
17356,10131,2022-07-23,Payment Successed
17360,13217,2020-11-28,Payment Successed
17361,10490,2020-02-24,Payment Successed
17363,352,2020-04-28,Payment Successed
17365,16668,2021-06-19,Payment Successed
17366,10789,2021-07-22,Payment Successed
17367,18558,2023-05-24,Payment Successed
17368,13200,2022-05-26,Payment Successed
17370,20494,2022-09-14,Payment Successed
17371,16557,2021-01-22,Payment Successed
17373,17990,2020-05-26,Payment Successed
17375,13605,2022-11-15,Payment Successed
17377,677,2021-02-27,Payment Successed
17380,9121,2021-02-15,Payment Successed
19450,5501,2022-02-16,Payment Pending
19457,16334,2022-01-08,Payment Pending
19460,8017,2021-01-09,Payment Pending
19464,6395,2020-05-11,Payment Pending
19465,13776,2023-07-22,Payment Pending
19472,481,2021-04-07,Payment Pending
19476,8063,2023-04-30,Payment Pending
19485,9344,2021-03-11,Payment Pending
19486,7168,2021-07-23,Payment Pending
19487,9615,2023-07-23,Payment Pending
19489,17676,2020-11-07,Payment Pending
19490,256,2020-04-12,Payment Pending
19491,3009,2021-12-23,Payment Pending
19493,10648,2020-10-28,Payment Pending
19495,14026,2022-10-10,Payment Pending
19498,7783,2020-07-28,Payment Pending
19499,8569,2021-06-18,Payment Pending
19501,8988,2023-11-08,Payment Pending
19503,18024,2021-01-27,Payment Pending
19504,8947,2020-08-17,Payment Pending
19506,15890,2022-05-26,Payment Pending
19507,5234,2022-03-02,Payment Pending
19509,4968,2020-09-18,Payment Pending
19512,6515,2020-08-25,Payment Pending
19515,1123,2021-01-23,Payment Pending
19516,18169,2023-08-16,Payment Pending
19519,13086,2022-05-19,Payment Pending
19522,6290,2020-12-07,Payment Pending
19523,14932,2020-02-28,Payment Pending
19526,20835,2022-06-05,Payment Pending
19530,8672,2022-01-11,Payment Pending
19532,5370,2022-12-11,Payment Pending
19537,4818,2022-04-07,Payment Pending
19538,6279,2020-08-08,Payment Pending
19549,8452,2023-07-02,Payment Pending
19555,7428,2022-01-07,Payment Pending
19557,10773,2023-11-15,Payment Pending
19558,4739,2023-10-18,Payment Pending
19559,15445,2023-06-08,Payment Pending
19563,105,2020-09-05,Payment Pending
19565,16841,2021-07-20,Payment Pending
19568,19398,2021-09-03,Payment Pending
19569,2657,2022-12-10,Payment Pending
19573,6380,2021-03-27,Payment Pending
19576,6533,2021-05-28,Payment Pending
19581,8968,2023-01-26,Payment Pending
19585,21248,2021-08-12,Payment Pending
17382,17637,2020-03-15,Payment Successed
17383,8265,2022-10-22,Payment Successed
17385,8346,2023-06-22,Payment Successed
17386,13571,2022-07-08,Payment Successed
17390,2040,2021-10-18,Payment Successed
17393,5219,2023-09-29,Payment Successed
17394,3149,2022-01-23,Payment Successed
17395,12998,2022-03-16,Payment Successed
17396,12638,2020-05-19,Payment Successed
17397,15159,2020-11-06,Payment Successed
17398,5971,2020-06-14,Payment Successed
17400,5616,2023-10-24,Payment Successed
17402,9049,2020-04-13,Payment Successed
17403,4747,2022-12-21,Payment Successed
17404,5036,2022-08-19,Payment Successed
17407,11609,2021-12-06,Payment Successed
17409,5269,2022-10-22,Payment Successed
17411,7214,2020-04-30,Payment Successed
17412,17940,2020-01-28,Payment Successed
17413,4877,2021-07-31,Payment Successed
17415,10787,2022-06-02,Payment Successed
17416,12020,2022-04-28,Payment Successed
17418,7656,2021-10-01,Payment Successed
17420,11411,2022-01-29,Payment Successed
17421,9402,2022-03-08,Payment Successed
19587,353,2023-09-12,Payment Failed
19589,9914,2021-09-15,Payment Failed
19612,8629,2023-06-22,Payment Failed
19621,21395,2021-03-28,Payment Failed
19630,18578,2022-01-07,Payment Failed
19637,17438,2021-10-18,Payment Failed
19682,1039,2022-12-14,Payment Failed
19703,17732,2023-05-18,Payment Failed
19712,86,2023-11-04,Payment Failed
19718,19760,2020-10-20,Payment Failed
19681,8959,2022-01-09,Refunded
19690,7451,2021-03-07,Refunded
19706,16906,2023-02-25,Refunded
17422,17844,2021-03-09,Payment Successed
17423,8665,2023-07-19,Payment Successed
17424,19441,2020-01-17,Payment Successed
17428,13878,2023-08-08,Payment Successed
17429,7809,2020-08-02,Payment Successed
17430,4104,2020-03-24,Payment Successed
17431,89,2021-06-12,Payment Successed
17433,1627,2023-02-09,Payment Successed
17436,21534,2021-05-28,Payment Successed
17438,11957,2022-04-12,Payment Successed
17441,7963,2021-04-19,Payment Successed
17444,21168,2023-08-13,Payment Successed
17448,10171,2020-09-02,Payment Successed
17449,4013,2022-02-05,Payment Successed
17452,16553,2021-09-15,Payment Successed
17453,14349,2021-10-09,Payment Successed
17454,19578,2020-04-13,Payment Successed
17455,4054,2023-09-19,Payment Successed
17456,9405,2023-01-10,Payment Successed
17460,2885,2020-08-10,Payment Successed
17462,20775,2023-11-15,Payment Successed
17463,9375,2021-05-04,Payment Successed
17466,7196,2022-05-27,Payment Successed
17469,7529,2020-08-11,Payment Successed
17470,3129,2020-06-05,Payment Successed
17472,19065,2020-01-25,Payment Successed
17473,3113,2021-09-21,Payment Successed
17474,3479,2022-02-28,Payment Successed
17475,2220,2022-04-14,Payment Successed
17477,19462,2021-10-11,Payment Successed
17478,16563,2021-03-25,Payment Successed
17479,11362,2020-08-13,Payment Successed
17480,11394,2021-12-26,Payment Successed
17482,3170,2023-01-14,Payment Successed
17483,20648,2021-08-05,Payment Successed
17490,17070,2021-06-24,Payment Successed
17492,18341,2022-05-17,Payment Successed
17495,6282,2020-12-27,Payment Successed
17496,12248,2023-03-02,Payment Successed
17497,17439,2021-07-16,Payment Successed
17498,11979,2023-09-11,Payment Successed
17499,5693,2023-11-24,Payment Successed
17500,10741,2022-02-12,Payment Successed
17509,20552,2020-12-02,Payment Successed
17510,3487,2021-11-12,Payment Successed
17511,13534,2022-01-23,Payment Successed
17512,5046,2020-08-12,Payment Successed
17515,13796,2023-07-13,Payment Successed
19588,18449,2020-09-11,Payment Pending
19593,20006,2021-08-03,Payment Pending
19594,12814,2023-01-10,Payment Pending
19598,3746,2020-05-22,Payment Pending
19599,9811,2021-10-26,Payment Pending
19601,12539,2021-06-22,Payment Pending
19607,2240,2021-08-13,Payment Pending
19608,15667,2022-12-20,Payment Pending
19610,7374,2021-06-23,Payment Pending
19614,9841,2021-03-14,Payment Pending
19618,8793,2022-10-28,Payment Pending
19619,11256,2022-08-15,Payment Pending
19622,15048,2023-12-05,Payment Pending
19624,21222,2021-12-11,Payment Pending
19626,3754,2023-11-18,Payment Pending
19628,5466,2020-04-06,Payment Pending
19629,16124,2023-05-21,Payment Pending
19634,4579,2022-03-27,Payment Pending
19635,14337,2022-05-12,Payment Pending
19636,19303,2023-09-20,Payment Pending
19638,17432,2020-11-25,Payment Pending
19639,5768,2020-09-17,Payment Pending
19644,355,2023-11-16,Payment Pending
19645,3112,2023-09-13,Payment Pending
19648,2314,2020-09-02,Payment Pending
19653,2541,2022-07-10,Payment Pending
19657,734,2023-11-07,Payment Pending
19664,11661,2020-04-07,Payment Pending
19666,4633,2022-03-03,Payment Pending
19668,8649,2023-10-01,Payment Pending
19670,5423,2021-12-24,Payment Pending
19671,8290,2023-01-28,Payment Pending
19674,13125,2020-12-28,Payment Pending
19675,9095,2022-08-10,Payment Pending
19679,6542,2021-01-10,Payment Pending
19680,13819,2020-07-09,Payment Pending
19684,21193,2022-10-16,Payment Pending
19685,20810,2022-04-25,Payment Pending
19686,21316,2020-05-22,Payment Pending
19691,14856,2021-03-17,Payment Pending
19693,9021,2020-07-11,Payment Pending
19695,10274,2020-05-08,Payment Pending
19696,9318,2023-11-28,Payment Pending
19698,17920,2023-11-06,Payment Pending
19700,6860,2023-08-15,Payment Pending
19702,610,2020-01-05,Payment Pending
19704,21608,2020-04-07,Payment Pending
19705,8620,2022-07-27,Payment Pending
19710,17197,2021-09-25,Payment Pending
19711,10958,2020-08-08,Payment Pending
19713,12960,2020-10-10,Payment Pending
17516,20865,2022-12-10,Payment Successed
17517,9065,2022-04-07,Payment Successed
17518,18941,2021-03-13,Payment Successed
17519,668,2023-05-14,Payment Successed
17520,12912,2021-12-16,Payment Successed
17521,12087,2023-09-17,Payment Successed
17522,2091,2022-01-31,Payment Successed
17526,18137,2022-05-07,Payment Successed
17527,15920,2020-02-07,Payment Successed
17528,17755,2020-07-10,Payment Successed
17529,14428,2023-08-16,Payment Successed
17533,7829,2023-10-12,Payment Successed
17537,13164,2020-03-06,Payment Successed
17540,20585,2020-05-29,Payment Successed
17542,20544,2020-09-30,Payment Successed
17544,18343,2021-02-02,Payment Successed
17546,16932,2021-06-28,Payment Successed
19725,15477,2023-11-12,Payment Failed
19732,4184,2021-06-20,Payment Failed
19734,17421,2022-04-01,Payment Failed
19750,1341,2022-10-31,Payment Failed
19751,14077,2023-03-13,Payment Failed
19760,4099,2021-08-20,Payment Failed
19796,11897,2023-03-25,Payment Failed
19801,20493,2022-11-14,Payment Failed
19814,15558,2021-11-22,Payment Failed
19830,21170,2022-04-28,Payment Failed
19840,3084,2023-07-20,Payment Failed
19841,5135,2020-07-01,Payment Failed
19743,16407,2023-09-12,Refunded
19748,18124,2020-11-06,Refunded
19761,20367,2022-09-05,Refunded
19763,4055,2021-04-29,Refunded
19773,2491,2022-08-05,Refunded
19844,6741,2022-01-31,Refunded
17547,2101,2020-02-08,Payment Successed
17549,11625,2023-04-19,Payment Successed
17550,5377,2021-03-16,Payment Successed
17551,1401,2023-11-08,Payment Successed
17552,6678,2020-10-13,Payment Successed
17553,2419,2021-04-16,Payment Successed
17562,19240,2021-06-22,Payment Successed
17563,18378,2021-12-03,Payment Successed
17565,19127,2023-09-22,Payment Successed
17567,11188,2022-05-01,Payment Successed
17571,12976,2022-05-02,Payment Successed
17573,6205,2021-11-12,Payment Successed
17575,8786,2021-02-13,Payment Successed
17576,18109,2022-08-24,Payment Successed
17579,9442,2021-05-26,Payment Successed
17580,15155,2023-08-24,Payment Successed
17581,5849,2021-04-18,Payment Successed
17583,1237,2023-12-26,Payment Successed
17585,19068,2022-07-01,Payment Successed
17586,16284,2021-05-19,Payment Successed
17587,13509,2022-01-20,Payment Successed
17588,17283,2023-01-15,Payment Successed
17594,20214,2020-11-22,Payment Successed
17595,6769,2023-01-14,Payment Successed
17598,11533,2021-10-20,Payment Successed
17599,10897,2021-03-09,Payment Successed
17600,5362,2021-11-13,Payment Successed
17605,13732,2023-06-05,Payment Successed
17608,11255,2020-06-20,Payment Successed
17609,18945,2021-07-26,Payment Successed
17611,17679,2021-07-24,Payment Successed
17615,19977,2022-04-08,Payment Successed
17617,12499,2022-08-19,Payment Successed
17620,11129,2022-04-30,Payment Successed
17622,14785,2021-01-14,Payment Successed
17623,11344,2022-03-08,Payment Successed
17624,11076,2021-06-20,Payment Successed
17627,598,2020-05-09,Payment Successed
17628,10691,2021-04-27,Payment Successed
17629,21025,2022-09-02,Payment Successed
17631,13668,2021-12-20,Payment Successed
17634,1311,2020-05-08,Payment Successed
17637,5028,2021-09-14,Payment Successed
17638,21000,2020-06-30,Payment Successed
17639,20629,2020-12-25,Payment Successed
19729,17763,2022-03-08,Payment Pending
19730,8193,2022-08-10,Payment Pending
19731,3139,2021-01-22,Payment Pending
19740,2081,2021-03-04,Payment Pending
19747,1540,2022-01-03,Payment Pending
19749,10395,2020-05-26,Payment Pending
19752,11886,2020-08-18,Payment Pending
19753,19321,2023-04-27,Payment Pending
19754,11424,2022-04-17,Payment Pending
19755,13357,2020-11-08,Payment Pending
19756,13542,2023-10-14,Payment Pending
19758,1945,2021-04-03,Payment Pending
19762,17721,2022-08-01,Payment Pending
19765,12419,2020-02-08,Payment Pending
19766,21433,2023-07-09,Payment Pending
19769,18693,2021-03-03,Payment Pending
19772,11656,2022-10-07,Payment Pending
19777,2008,2021-04-08,Payment Pending
19779,7986,2022-04-06,Payment Pending
19780,12242,2020-09-20,Payment Pending
19782,10370,2021-07-01,Payment Pending
19784,10867,2022-09-22,Payment Pending
19785,11092,2023-03-25,Payment Pending
19788,10026,2020-04-02,Payment Pending
19790,20925,2023-10-12,Payment Pending
19791,11991,2021-07-13,Payment Pending
19792,13331,2020-02-21,Payment Pending
19794,7293,2020-01-17,Payment Pending
19795,18369,2022-10-07,Payment Pending
19798,10154,2020-08-14,Payment Pending
19800,1775,2023-03-07,Payment Pending
19802,11524,2022-12-03,Payment Pending
19807,9533,2021-12-16,Payment Pending
19808,6443,2022-04-06,Payment Pending
19810,17919,2021-12-17,Payment Pending
19815,1695,2022-01-07,Payment Pending
19818,1728,2020-09-11,Payment Pending
19819,4332,2021-07-25,Payment Pending
19831,19631,2022-05-30,Payment Pending
19833,13692,2021-07-08,Payment Pending
19835,9178,2023-09-30,Payment Pending
19842,21499,2022-02-18,Payment Pending
19843,771,2022-09-15,Payment Pending
19845,15704,2020-08-20,Payment Pending
19846,1336,2021-01-07,Payment Pending
19849,8421,2023-06-20,Payment Pending
19853,14692,2023-02-14,Payment Pending
19854,17146,2020-01-09,Payment Pending
19855,4286,2023-11-10,Payment Pending
19856,19941,2020-04-26,Payment Pending
19857,11980,2021-05-21,Payment Pending
17641,5394,2023-09-16,Payment Successed
17646,15546,2021-03-31,Payment Successed
17647,4269,2020-09-08,Payment Successed
17648,10760,2023-06-03,Payment Successed
17649,14791,2023-06-09,Payment Successed
17650,11458,2021-06-15,Payment Successed
17654,13038,2021-04-25,Payment Successed
17655,6158,2023-12-31,Payment Successed
17656,19293,2022-10-24,Payment Successed
17657,4105,2022-10-10,Payment Successed
17658,14897,2022-07-25,Payment Successed
17660,4495,2021-06-27,Payment Successed
19863,8121,2022-04-16,Payment Failed
19869,10844,2022-12-18,Payment Failed
19878,21095,2023-12-21,Payment Failed
19880,14154,2022-03-16,Payment Failed
19885,16868,2023-07-08,Payment Failed
19895,16252,2023-05-29,Payment Failed
19905,9157,2021-10-07,Payment Failed
19907,973,2021-12-12,Payment Failed
19915,5097,2020-01-08,Payment Failed
19921,14226,2021-05-09,Payment Failed
19961,2839,2023-01-10,Payment Failed
19975,6306,2023-11-21,Payment Failed
19976,5740,2023-09-16,Payment Failed
19978,20836,2020-01-22,Payment Failed
19980,2807,2021-11-20,Payment Failed
19981,13271,2021-02-17,Payment Failed
19987,9844,2022-02-08,Payment Failed
19926,19636,2023-12-25,Refunded
19960,2413,2020-09-04,Refunded
19970,19454,2021-04-13,Refunded
17661,8369,2022-10-12,Payment Successed
17663,12618,2021-05-16,Payment Successed
17664,1348,2022-03-25,Payment Successed
17665,1723,2023-03-17,Payment Successed
17667,10390,2022-10-16,Payment Successed
17669,19005,2021-09-04,Payment Successed
17674,10214,2023-01-14,Payment Successed
17675,2727,2023-10-09,Payment Successed
17676,18050,2020-11-17,Payment Successed
17677,17207,2020-04-17,Payment Successed
17678,6897,2022-10-23,Payment Successed
17679,7801,2023-03-18,Payment Successed
17681,8666,2020-10-12,Payment Successed
17682,1146,2023-09-24,Payment Successed
17685,11698,2020-12-06,Payment Successed
17686,3454,2023-01-19,Payment Successed
17689,14722,2021-05-11,Payment Successed
17691,18739,2023-05-20,Payment Successed
17692,17367,2023-04-30,Payment Successed
17693,10649,2023-08-27,Payment Successed
17696,12018,2021-05-05,Payment Successed
17697,6876,2022-09-29,Payment Successed
17699,7616,2022-10-24,Payment Successed
17701,16237,2021-06-08,Payment Successed
17704,4374,2022-04-03,Payment Successed
17705,11507,2023-08-20,Payment Successed
17706,19299,2020-06-02,Payment Successed
17707,9293,2021-03-15,Payment Successed
17708,6032,2023-06-16,Payment Successed
17710,17479,2023-09-01,Payment Successed
17711,20664,2021-02-09,Payment Successed
17712,6180,2022-11-05,Payment Successed
17713,593,2022-01-06,Payment Successed
17714,3115,2020-04-30,Payment Successed
17715,12102,2022-10-31,Payment Successed
17716,13995,2020-07-21,Payment Successed
17720,15807,2020-11-20,Payment Successed
17721,11576,2023-03-24,Payment Successed
17722,7662,2021-02-03,Payment Successed
19858,5444,2020-08-23,Payment Pending
19861,8446,2022-03-10,Payment Pending
19862,21484,2023-06-16,Payment Pending
19871,18027,2020-01-13,Payment Pending
19881,17073,2021-04-06,Payment Pending
19882,3628,2020-02-22,Payment Pending
19883,7155,2023-05-19,Payment Pending
19884,20030,2021-05-16,Payment Pending
19886,8310,2022-05-22,Payment Pending
19887,12094,2022-05-03,Payment Pending
19891,1161,2023-09-28,Payment Pending
19896,2108,2021-03-25,Payment Pending
19899,12404,2023-02-01,Payment Pending
19900,18870,2022-10-23,Payment Pending
19901,20102,2022-12-24,Payment Pending
19902,1767,2023-09-24,Payment Pending
19908,6946,2021-02-21,Payment Pending
19910,4279,2020-02-26,Payment Pending
19912,6658,2023-02-03,Payment Pending
19919,6717,2020-06-01,Payment Pending
19923,14541,2023-03-03,Payment Pending
19925,15778,2023-05-25,Payment Pending
19927,6476,2023-10-19,Payment Pending
19928,19502,2022-11-05,Payment Pending
19930,7882,2020-04-16,Payment Pending
19937,1618,2022-05-27,Payment Pending
19940,17133,2023-07-27,Payment Pending
19943,17752,2023-02-04,Payment Pending
19944,12378,2020-04-26,Payment Pending
19945,17468,2020-02-08,Payment Pending
19946,17869,2020-07-18,Payment Pending
19950,15749,2022-02-16,Payment Pending
19954,10732,2022-03-18,Payment Pending
19958,454,2022-02-25,Payment Pending
19959,17331,2023-10-14,Payment Pending
19968,18963,2020-12-23,Payment Pending
19977,4414,2022-04-14,Payment Pending
19979,7576,2022-04-13,Payment Pending
19982,20583,2022-12-17,Payment Pending
19984,19933,2021-06-13,Payment Pending
19988,10955,2022-01-04,Payment Pending
19991,1365,2020-12-14,Payment Pending
17724,13173,2020-02-14,Payment Successed
17725,20659,2020-01-24,Payment Successed
17726,2656,2020-03-09,Payment Successed
17733,11068,2020-10-13,Payment Successed
17735,12563,2023-02-07,Payment Successed
17736,3119,2020-06-03,Payment Successed
17737,1090,2022-01-16,Payment Successed
17738,21532,2023-03-14,Payment Successed
17739,17254,2022-05-28,Payment Successed
17740,4237,2023-02-23,Payment Successed
17742,3484,2020-03-02,Payment Successed
17743,13941,2021-05-03,Payment Successed
17744,10608,2020-03-15,Payment Successed
17746,10422,2021-10-26,Payment Successed
17747,16466,2020-06-23,Payment Successed
17750,13184,2022-07-30,Payment Successed
17751,5540,2020-06-10,Payment Successed
17752,7716,2023-12-29,Payment Successed
17753,14771,2022-07-02,Payment Successed
17755,9499,2020-04-07,Payment Successed
17757,20043,2022-10-15,Payment Successed
17759,1921,2023-05-15,Payment Successed
17763,10379,2023-06-08,Payment Successed
17766,20054,2021-09-29,Payment Successed
17769,10610,2021-04-01,Payment Successed
17772,18853,2022-06-04,Payment Successed
17773,15713,2020-11-24,Payment Successed
17774,14328,2020-09-14,Payment Successed
20011,6621,2021-03-17,Payment Failed
20017,15243,2020-11-14,Payment Failed
20021,927,2021-01-24,Payment Failed
20049,16813,2022-02-19,Payment Failed
20074,46,2023-11-16,Payment Failed
20087,7769,2023-06-13,Payment Failed
20121,15532,2021-10-11,Payment Failed
20123,6444,2023-02-26,Payment Failed
20010,9368,2021-01-21,Refunded
20022,6470,2021-07-28,Refunded
20029,10912,2022-09-08,Refunded
20072,13984,2022-08-24,Refunded
20113,8605,2020-08-08,Refunded
20116,18856,2023-02-10,Refunded
17775,15889,2022-06-14,Payment Successed
17778,16652,2022-05-27,Payment Successed
17780,3861,2020-10-22,Payment Successed
17784,5840,2020-12-12,Payment Successed
17789,4685,2022-09-22,Payment Successed
17790,4777,2021-04-27,Payment Successed
17791,12623,2020-05-29,Payment Successed
17792,4982,2021-03-08,Payment Successed
17794,5481,2020-08-18,Payment Successed
17796,15124,2020-11-25,Payment Successed
17798,10619,2021-06-28,Payment Successed
17799,16368,2023-11-29,Payment Successed
17801,19866,2022-01-05,Payment Successed
17802,617,2020-08-23,Payment Successed
17803,8829,2023-11-24,Payment Successed
17804,1899,2022-06-11,Payment Successed
17807,12331,2023-06-15,Payment Successed
17811,18190,2022-04-12,Payment Successed
17813,10677,2022-03-21,Payment Successed
17814,5551,2022-11-09,Payment Successed
17815,3331,2020-04-08,Payment Successed
17818,2702,2020-03-01,Payment Successed
17820,9188,2022-10-04,Payment Successed
17822,227,2022-08-06,Payment Successed
17823,18625,2022-09-18,Payment Successed
17826,7778,2020-06-18,Payment Successed
17828,15054,2020-03-25,Payment Successed
17829,326,2023-11-29,Payment Successed
17830,19861,2020-07-06,Payment Successed
17835,14291,2023-04-25,Payment Successed
17836,3535,2023-12-19,Payment Successed
17838,6163,2023-12-16,Payment Successed
17839,15741,2020-11-30,Payment Successed
17840,15244,2020-08-03,Payment Successed
17841,14442,2023-06-12,Payment Successed
17844,15169,2023-12-28,Payment Successed
17846,7457,2022-02-03,Payment Successed
17849,420,2022-03-19,Payment Successed
17850,19613,2021-10-26,Payment Successed
19998,21034,2023-07-14,Payment Pending
20003,6812,2021-09-17,Payment Pending
20004,13082,2021-10-04,Payment Pending
20005,8570,2020-02-06,Payment Pending
20006,2473,2023-04-28,Payment Pending
20013,2170,2022-04-23,Payment Pending
20015,19369,2020-09-12,Payment Pending
20016,5680,2020-08-29,Payment Pending
20025,17944,2020-06-08,Payment Pending
20031,8526,2021-09-13,Payment Pending
20035,10698,2022-12-12,Payment Pending
20039,10007,2021-10-04,Payment Pending
20041,20738,2020-05-26,Payment Pending
20044,13458,2023-09-04,Payment Pending
20045,20650,2023-10-23,Payment Pending
20048,20439,2020-09-15,Payment Pending
20051,7084,2023-12-16,Payment Pending
20052,8131,2023-04-09,Payment Pending
20054,10492,2021-11-21,Payment Pending
20057,3845,2021-09-04,Payment Pending
20061,15304,2022-05-17,Payment Pending
20063,6747,2021-07-31,Payment Pending
20065,17404,2022-07-14,Payment Pending
20066,281,2023-12-19,Payment Pending
20071,18819,2022-02-01,Payment Pending
20073,17313,2021-09-08,Payment Pending
20076,8583,2021-08-21,Payment Pending
20077,13529,2023-06-21,Payment Pending
20078,2396,2022-08-19,Payment Pending
20084,15721,2021-09-19,Payment Pending
20089,621,2023-06-29,Payment Pending
20091,2858,2022-01-25,Payment Pending
20092,19791,2020-04-25,Payment Pending
20095,4802,2022-04-26,Payment Pending
20096,6038,2023-02-28,Payment Pending
20098,20273,2021-02-26,Payment Pending
20099,12897,2023-08-27,Payment Pending
20102,8969,2021-08-07,Payment Pending
20105,18768,2020-03-27,Payment Pending
20106,19557,2023-10-08,Payment Pending
20118,2045,2021-06-19,Payment Pending
20119,16461,2020-06-11,Payment Pending
20124,21506,2023-02-05,Payment Pending
20125,7636,2020-08-14,Payment Pending
20128,15032,2021-01-12,Payment Pending
17852,9218,2022-04-04,Payment Successed
17855,11226,2021-04-18,Payment Successed
17858,18589,2022-07-29,Payment Successed
17863,374,2022-09-28,Payment Successed
17866,5571,2022-02-22,Payment Successed
17868,13020,2020-08-26,Payment Successed
17869,2558,2023-07-12,Payment Successed
17872,9374,2022-07-18,Payment Successed
17873,15255,2023-01-18,Payment Successed
17875,11651,2023-05-13,Payment Successed
17877,8289,2020-08-11,Payment Successed
17878,1056,2021-04-17,Payment Successed
17880,15493,2023-02-21,Payment Successed
17881,7017,2023-07-29,Payment Successed
17883,9396,2022-03-01,Payment Successed
17885,2175,2020-01-05,Payment Successed
17886,8525,2021-09-01,Payment Successed
17887,14003,2020-10-21,Payment Successed
17889,10836,2020-06-25,Payment Successed
17890,14405,2023-04-30,Payment Successed
17891,19538,2023-03-29,Payment Successed
17892,1738,2023-05-29,Payment Successed
17893,10434,2023-01-26,Payment Successed
17894,2888,2022-07-24,Payment Successed
17896,19493,2020-04-03,Payment Successed
17897,20197,2023-04-11,Payment Successed
17899,9266,2023-07-30,Payment Successed
17902,10829,2022-05-14,Payment Successed
17903,7965,2021-05-14,Payment Successed
20138,11233,2020-08-19,Payment Failed
20149,8118,2021-12-03,Payment Failed
20150,8788,2021-04-24,Payment Failed
20155,12023,2023-07-19,Payment Failed
20163,10158,2020-03-19,Payment Failed
20205,12918,2022-02-07,Payment Failed
20209,4831,2022-09-17,Payment Failed
20234,7460,2021-06-01,Payment Failed
20250,4790,2023-01-21,Payment Failed
20179,9485,2023-05-04,Refunded
20184,4654,2023-05-12,Refunded
20197,19951,2023-08-09,Refunded
20202,3232,2021-11-27,Refunded
20220,12914,2020-12-03,Refunded
20235,19781,2022-05-10,Refunded
20236,16562,2022-11-19,Refunded
17905,11866,2022-12-09,Payment Successed
17908,27,2020-07-22,Payment Successed
17914,14576,2023-12-28,Payment Successed
17915,10851,2022-09-01,Payment Successed
17917,6998,2022-06-19,Payment Successed
17918,19858,2023-10-03,Payment Successed
17919,19689,2021-04-09,Payment Successed
17922,14671,2020-04-13,Payment Successed
17924,19621,2023-01-23,Payment Successed
17927,19466,2021-05-28,Payment Successed
17928,14911,2020-06-19,Payment Successed
17929,17149,2022-03-03,Payment Successed
17930,10081,2021-09-20,Payment Successed
17931,9391,2021-07-02,Payment Successed
17932,8396,2021-12-29,Payment Successed
17934,13576,2021-06-29,Payment Successed
17935,20433,2020-09-23,Payment Successed
17936,16991,2020-02-21,Payment Successed
17939,6402,2021-03-06,Payment Successed
17941,4856,2021-08-06,Payment Successed
17942,7692,2021-07-27,Payment Successed
17943,1315,2023-06-15,Payment Successed
17945,20721,2023-02-20,Payment Successed
17946,5368,2023-06-23,Payment Successed
17947,10095,2020-03-30,Payment Successed
17948,1278,2021-05-06,Payment Successed
17949,20187,2022-04-08,Payment Successed
17950,12531,2022-10-19,Payment Successed
17952,8246,2021-08-31,Payment Successed
17953,8773,2020-02-09,Payment Successed
17960,16895,2021-06-29,Payment Successed
17962,15537,2023-10-24,Payment Successed
17965,10280,2021-01-23,Payment Successed
17967,8993,2023-12-31,Payment Successed
17970,11037,2022-08-02,Payment Successed
17971,10819,2023-11-13,Payment Successed
17972,14670,2023-04-18,Payment Successed
17974,8732,2021-08-11,Payment Successed
20131,10168,2022-09-12,Payment Pending
20132,943,2020-07-29,Payment Pending
20134,2773,2020-10-08,Payment Pending
17981,18202,2021-12-04,Payment Successed
20140,2228,2020-01-20,Payment Pending
17986,15011,2022-07-02,Payment Successed
17987,14554,2022-07-30,Payment Successed
20143,11097,2022-06-20,Payment Pending
17988,20440,2021-06-25,Payment Successed
17989,8948,2020-03-17,Payment Successed
17990,4557,2023-08-27,Payment Successed
17991,612,2020-04-19,Payment Successed
17992,12848,2020-08-18,Payment Successed
20144,13403,2023-11-20,Payment Pending
20146,16150,2021-09-05,Payment Pending
20147,16616,2023-03-31,Payment Pending
20148,8559,2023-06-11,Payment Pending
20156,4673,2021-10-23,Payment Pending
20158,9614,2020-03-14,Payment Pending
20160,10666,2021-09-19,Payment Pending
20161,17493,2020-03-19,Payment Pending
20162,3663,2022-12-12,Payment Pending
20165,522,2022-03-26,Payment Pending
20169,9306,2020-10-27,Payment Pending
20170,13223,2020-03-16,Payment Pending
20172,18017,2020-06-10,Payment Pending
20175,3855,2023-04-28,Payment Pending
20177,6025,2023-07-23,Payment Pending
20178,8735,2021-02-20,Payment Pending
20181,6848,2023-12-11,Payment Pending
20185,10421,2023-06-12,Payment Pending
20187,7833,2020-11-24,Payment Pending
20188,10153,2022-01-23,Payment Pending
20198,5937,2023-10-17,Payment Pending
20199,13194,2021-08-07,Payment Pending
20201,16765,2022-02-24,Payment Pending
20203,15640,2023-10-05,Payment Pending
20206,13828,2020-10-04,Payment Pending
20208,20483,2023-07-01,Payment Pending
20213,14858,2022-01-31,Payment Pending
20214,19079,2023-04-14,Payment Pending
20215,15848,2020-10-20,Payment Pending
20217,6875,2022-03-10,Payment Pending
20219,17523,2022-02-26,Payment Pending
20221,1930,2021-07-30,Payment Pending
20222,3246,2021-07-28,Payment Pending
20224,16725,2021-12-23,Payment Pending
20226,12760,2021-12-12,Payment Pending
20228,697,2022-03-03,Payment Pending
20229,17250,2023-11-03,Payment Pending
20231,16825,2023-07-21,Payment Pending
20233,6863,2022-09-03,Payment Pending
20237,12666,2022-04-19,Payment Pending
20239,8734,2023-07-04,Payment Pending
20243,8498,2022-02-20,Payment Pending
20244,6755,2023-08-14,Payment Pending
20246,20965,2022-12-08,Payment Pending
20247,2576,2022-11-29,Payment Pending
20249,19480,2022-09-06,Payment Pending
20251,17497,2021-09-28,Payment Pending
20252,6009,2020-05-24,Payment Pending
17993,15215,2023-08-04,Payment Successed
17994,8435,2022-11-20,Payment Successed
17997,19663,2023-10-16,Payment Successed
17998,8015,2021-01-20,Payment Successed
18000,19862,2023-05-14,Payment Successed
18002,5205,2023-10-05,Payment Successed
18003,20948,2022-07-27,Payment Successed
18004,21541,2023-08-08,Payment Successed
18005,12852,2023-07-17,Payment Successed
18009,5388,2022-01-20,Payment Successed
20281,18949,2021-09-26,Payment Failed
20282,16421,2022-03-17,Payment Failed
20318,575,2022-07-20,Payment Failed
20323,10170,2022-12-07,Payment Failed
20328,1659,2023-04-13,Payment Failed
20353,1576,2020-07-07,Payment Failed
20374,6970,2022-12-08,Payment Failed
20385,1978,2020-05-09,Payment Failed
20386,21451,2020-09-03,Payment Failed
20388,5411,2021-07-14,Payment Failed
20276,4650,2021-09-05,Refunded
20277,896,2023-05-11,Refunded
20300,2791,2020-04-08,Refunded
20313,363,2023-11-01,Refunded
20383,6261,2022-08-15,Refunded
20397,19776,2023-02-24,Refunded
18011,1128,2020-06-12,Payment Successed
18013,21246,2022-02-27,Payment Successed
18017,18915,2023-02-15,Payment Successed
18020,10046,2021-10-11,Payment Successed
18021,15291,2022-05-31,Payment Successed
18022,11343,2021-11-20,Payment Successed
18023,17012,2021-08-03,Payment Successed
18024,9393,2020-06-24,Payment Successed
18025,5107,2021-05-17,Payment Successed
18026,2340,2021-11-06,Payment Successed
18027,9372,2021-08-16,Payment Successed
18028,19193,2020-08-18,Payment Successed
18037,2139,2020-05-07,Payment Successed
18040,10146,2020-03-11,Payment Successed
18041,1727,2022-12-12,Payment Successed
18044,8353,2023-04-22,Payment Successed
18045,32,2020-08-17,Payment Successed
18047,10784,2020-04-05,Payment Successed
18048,2680,2022-01-12,Payment Successed
18049,6525,2023-03-28,Payment Successed
18051,2584,2022-08-19,Payment Successed
18052,8095,2020-09-06,Payment Successed
18054,5502,2022-05-30,Payment Successed
18055,7855,2023-06-20,Payment Successed
18058,9036,2022-09-21,Payment Successed
18059,3991,2020-12-01,Payment Successed
18061,13535,2023-10-30,Payment Successed
18063,14306,2021-12-18,Payment Successed
18064,16013,2023-02-15,Payment Successed
18066,17981,2022-06-12,Payment Successed
18067,11599,2021-08-03,Payment Successed
18068,2751,2021-04-01,Payment Successed
18070,4966,2022-10-22,Payment Successed
18071,17691,2023-04-25,Payment Successed
18072,7049,2023-09-03,Payment Successed
18073,5226,2020-04-09,Payment Successed
20266,12127,2020-12-24,Payment Pending
20278,2877,2023-03-21,Payment Pending
20279,8916,2023-07-18,Payment Pending
20283,1206,2023-06-16,Payment Pending
20284,14181,2020-08-16,Payment Pending
20287,1515,2021-01-09,Payment Pending
20289,12210,2021-10-06,Payment Pending
20295,2891,2020-02-06,Payment Pending
20298,1819,2021-04-17,Payment Pending
20301,21251,2022-06-15,Payment Pending
20302,17025,2023-01-14,Payment Pending
20305,9888,2020-05-25,Payment Pending
20306,20889,2022-12-13,Payment Pending
20308,10984,2023-08-12,Payment Pending
20312,16450,2021-02-19,Payment Pending
20321,1824,2020-07-18,Payment Pending
20324,17684,2020-02-27,Payment Pending
20325,1732,2023-07-22,Payment Pending
20326,10235,2023-10-08,Payment Pending
20329,3036,2022-08-31,Payment Pending
20332,7164,2020-05-04,Payment Pending
20334,15227,2022-01-21,Payment Pending
20335,3554,2020-10-17,Payment Pending
20336,13436,2020-08-27,Payment Pending
20337,16940,2022-10-12,Payment Pending
20339,6744,2021-08-31,Payment Pending
20340,7827,2021-10-25,Payment Pending
20341,11336,2023-10-16,Payment Pending
20342,16597,2022-03-13,Payment Pending
20347,10881,2021-01-10,Payment Pending
20349,3515,2020-10-26,Payment Pending
20352,17914,2022-07-14,Payment Pending
20356,12345,2022-12-07,Payment Pending
20357,4115,2022-03-19,Payment Pending
20361,6715,2023-06-09,Payment Pending
20362,20247,2023-11-13,Payment Pending
20364,740,2021-09-01,Payment Pending
20368,3307,2023-07-17,Payment Pending
20377,11594,2020-10-19,Payment Pending
20380,7008,2021-01-03,Payment Pending
20387,1100,2023-01-31,Payment Pending
20400,19341,2021-11-18,Payment Pending
18075,12861,2022-07-28,Payment Successed
18076,7414,2023-10-14,Payment Successed
18077,5350,2021-01-10,Payment Successed
18078,4378,2021-10-08,Payment Successed
18079,3786,2021-03-26,Payment Successed
18080,2024,2021-04-27,Payment Successed
18081,5322,2022-12-15,Payment Successed
18084,20883,2023-10-04,Payment Successed
18086,20490,2023-03-05,Payment Successed
18087,19156,2020-09-16,Payment Successed
18090,2299,2021-05-22,Payment Successed
18091,2325,2023-02-18,Payment Successed
18095,2723,2020-12-17,Payment Successed
18096,9147,2021-12-24,Payment Successed
18097,12268,2021-08-23,Payment Successed
18100,20038,2023-04-21,Payment Successed
18106,5733,2020-06-14,Payment Successed
18110,15560,2022-03-13,Payment Successed
18111,21442,2020-02-12,Payment Successed
18119,17729,2023-10-04,Payment Successed
18120,888,2020-07-06,Payment Successed
18122,8386,2023-01-26,Payment Successed
18123,15528,2020-08-08,Payment Successed
18129,13493,2022-11-21,Payment Successed
18132,11618,2021-10-16,Payment Successed
18134,10659,2022-05-16,Payment Successed
18135,13482,2023-06-02,Payment Successed
18136,11197,2022-05-26,Payment Successed
18137,21462,2023-01-25,Payment Successed
18140,7250,2023-12-16,Payment Successed
18142,8853,2021-08-14,Payment Successed
18144,18408,2023-09-04,Payment Successed
18145,9680,2023-11-04,Payment Successed
20413,19270,2020-04-23,Payment Failed
20498,5019,2022-06-03,Payment Failed
20527,6850,2021-07-06,Payment Failed
20533,19976,2022-07-08,Payment Failed
20473,6187,2023-04-23,Refunded
20474,18931,2023-01-01,Refunded
20491,173,2020-04-11,Refunded
20514,6552,2023-02-19,Refunded
20523,1898,2023-04-01,Refunded
20524,8474,2021-07-06,Refunded
18146,21181,2023-03-26,Payment Successed
18147,14638,2021-01-28,Payment Successed
18149,14848,2021-11-27,Payment Successed
18150,16866,2021-01-18,Payment Successed
18151,16887,2023-10-27,Payment Successed
18152,1553,2021-12-10,Payment Successed
18154,15130,2020-06-04,Payment Successed
18155,6425,2023-12-27,Payment Successed
18156,3588,2021-01-27,Payment Successed
18157,13088,2022-09-13,Payment Successed
18158,15886,2023-10-23,Payment Successed
18159,7552,2021-08-22,Payment Successed
18160,2817,2021-08-31,Payment Successed
18163,19161,2023-01-30,Payment Successed
18164,17308,2022-01-02,Payment Successed
18165,6210,2023-06-28,Payment Successed
18168,9682,2023-01-05,Payment Successed
18171,16201,2021-06-30,Payment Successed
18172,20431,2021-06-08,Payment Successed
18174,18186,2021-06-12,Payment Successed
18175,19879,2022-10-21,Payment Successed
18178,7977,2020-09-29,Payment Successed
18179,3805,2022-05-07,Payment Successed
18182,19178,2020-10-29,Payment Successed
18183,8059,2021-06-14,Payment Successed
18184,1394,2020-10-05,Payment Successed
18185,1773,2021-08-08,Payment Successed
18186,18724,2022-08-07,Payment Successed
18189,14157,2023-02-20,Payment Successed
18191,21371,2021-11-04,Payment Successed
18192,18018,2020-01-27,Payment Successed
18195,14887,2021-10-21,Payment Successed
18198,2805,2022-04-02,Payment Successed
18199,10241,2022-04-08,Payment Successed
18200,13345,2021-09-10,Payment Successed
18201,20871,2021-10-17,Payment Successed
18202,4722,2022-10-22,Payment Successed
18203,14380,2020-07-28,Payment Successed
18205,1753,2020-03-18,Payment Successed
18207,4580,2020-12-19,Payment Successed
18209,19106,2022-10-13,Payment Successed
18210,17491,2020-09-02,Payment Successed
18211,20743,2020-06-20,Payment Successed
18212,13945,2022-12-16,Payment Successed
20404,15531,2021-08-23,Payment Pending
20406,7797,2023-01-22,Payment Pending
20408,17522,2023-01-05,Payment Pending
20409,7443,2021-04-22,Payment Pending
20414,11422,2022-08-27,Payment Pending
20420,6194,2023-10-10,Payment Pending
20421,7712,2022-02-05,Payment Pending
20423,5061,2020-10-13,Payment Pending
20429,2661,2023-11-05,Payment Pending
20430,10887,2020-09-10,Payment Pending
20431,19245,2020-05-05,Payment Pending
20432,298,2021-07-13,Payment Pending
20436,783,2023-11-07,Payment Pending
20438,9939,2021-02-04,Payment Pending
20439,5280,2020-12-31,Payment Pending
20440,1215,2022-07-04,Payment Pending
20446,20739,2022-10-11,Payment Pending
20447,15812,2021-02-23,Payment Pending
20448,12393,2023-08-14,Payment Pending
20449,15776,2021-04-28,Payment Pending
20456,16396,2020-08-05,Payment Pending
20459,5769,2022-04-10,Payment Pending
20460,5094,2020-10-24,Payment Pending
20462,11622,2020-01-10,Payment Pending
20463,7661,2022-09-20,Payment Pending
20466,804,2022-09-08,Payment Pending
20470,1276,2020-03-20,Payment Pending
20472,9897,2023-12-31,Payment Pending
20475,8927,2020-04-21,Payment Pending
20477,15894,2022-11-04,Payment Pending
20480,9500,2020-10-30,Payment Pending
20481,18942,2022-11-12,Payment Pending
20482,10570,2023-12-23,Payment Pending
20486,6765,2023-11-24,Payment Pending
20488,3765,2021-12-03,Payment Pending
20492,1122,2022-08-25,Payment Pending
20493,11796,2021-11-30,Payment Pending
20497,13893,2020-01-10,Payment Pending
20499,18577,2020-07-30,Payment Pending
20501,12028,2020-10-12,Payment Pending
20504,11434,2020-03-16,Payment Pending
20508,20188,2021-12-17,Payment Pending
20509,14351,2020-01-27,Payment Pending
20510,15579,2020-08-19,Payment Pending
20512,18848,2022-08-18,Payment Pending
20513,3563,2020-08-01,Payment Pending
20516,17662,2022-11-18,Payment Pending
20522,2843,2023-08-16,Payment Pending
20531,11074,2022-12-01,Payment Pending
20532,5636,2020-11-21,Payment Pending
20537,15752,2020-11-23,Payment Pending
18215,10337,2021-10-07,Payment Successed
18216,20710,2022-02-10,Payment Successed
18221,6642,2022-02-07,Payment Successed
18224,9348,2021-02-22,Payment Successed
18225,7510,2022-06-20,Payment Successed
18226,12796,2022-12-04,Payment Successed
18228,6484,2022-08-06,Payment Successed
18231,808,2022-02-14,Payment Successed
18232,5153,2022-06-27,Payment Successed
18233,15951,2023-02-23,Payment Successed
18234,20657,2022-01-10,Payment Successed
18235,20252,2023-01-13,Payment Successed
18236,21278,2020-06-10,Payment Successed
18237,15965,2023-02-04,Payment Successed
18240,19626,2021-04-19,Payment Successed
18246,3351,2020-12-11,Payment Successed
18248,4296,2022-08-05,Payment Successed
18249,14051,2022-06-09,Payment Successed
18252,63,2021-08-06,Payment Successed
18253,16083,2021-08-01,Payment Successed
20538,17181,2021-06-28,Payment Failed
20544,4122,2022-06-14,Payment Failed
20589,15596,2023-11-01,Payment Failed
20590,5603,2021-03-31,Payment Failed
20619,515,2020-08-30,Payment Failed
20637,10219,2022-12-14,Payment Failed
20583,5225,2023-06-02,Refunded
20584,2930,2022-11-23,Refunded
20615,4196,2023-09-21,Refunded
20622,19468,2023-07-04,Refunded
18255,16129,2021-12-04,Payment Successed
18257,2064,2020-07-28,Payment Successed
18259,21240,2020-07-27,Payment Successed
18261,3172,2022-04-03,Payment Successed
18262,6554,2021-05-09,Payment Successed
18264,18847,2022-09-21,Payment Successed
18265,19255,2022-01-20,Payment Successed
18266,16675,2021-04-04,Payment Successed
18267,12327,2023-09-10,Payment Successed
18268,4225,2023-08-30,Payment Successed
18269,13736,2022-01-17,Payment Successed
18272,14195,2021-12-07,Payment Successed
18273,5877,2020-05-14,Payment Successed
18278,12366,2023-12-06,Payment Successed
18281,10018,2020-10-25,Payment Successed
18282,2851,2022-11-12,Payment Successed
18285,2056,2022-07-10,Payment Successed
18286,2296,2022-01-11,Payment Successed
18287,19742,2023-05-01,Payment Successed
18288,21570,2023-04-25,Payment Successed
18289,19036,2022-05-18,Payment Successed
18295,19291,2020-07-01,Payment Successed
18297,8413,2022-09-11,Payment Successed
18298,18265,2021-11-04,Payment Successed
18301,1795,2020-06-30,Payment Successed
18303,20606,2021-05-16,Payment Successed
18304,14965,2022-05-17,Payment Successed
18308,17674,2021-09-13,Payment Successed
18309,10873,2020-02-11,Payment Successed
18310,13604,2023-02-27,Payment Successed
18311,5441,2021-04-04,Payment Successed
18313,16436,2021-01-15,Payment Successed
18314,5794,2021-05-31,Payment Successed
18315,4485,2023-04-20,Payment Successed
18318,21282,2022-08-11,Payment Successed
18319,4501,2023-07-11,Payment Successed
18320,21132,2021-05-24,Payment Successed
18321,2135,2020-07-30,Payment Successed
18322,17090,2020-05-29,Payment Successed
18323,6281,2023-11-03,Payment Successed
18326,19993,2023-05-24,Payment Successed
20540,4120,2021-09-20,Payment Pending
20541,7659,2023-12-19,Payment Pending
20542,8751,2021-07-28,Payment Pending
20543,4083,2020-11-25,Payment Pending
20545,9067,2020-07-09,Payment Pending
20547,2187,2022-01-31,Payment Pending
20549,9100,2020-11-08,Payment Pending
20552,12850,2022-09-08,Payment Pending
20554,7594,2023-12-15,Payment Pending
20556,16357,2023-09-13,Payment Pending
20557,3303,2020-01-13,Payment Pending
20559,17393,2020-04-05,Payment Pending
20561,20666,2021-03-30,Payment Pending
20563,830,2023-08-18,Payment Pending
20573,10785,2021-03-30,Payment Pending
20575,19735,2023-11-23,Payment Pending
20579,553,2022-04-08,Payment Pending
20581,6229,2021-05-13,Payment Pending
20586,6987,2021-12-01,Payment Pending
20602,19943,2020-09-20,Payment Pending
20604,15629,2021-07-26,Payment Pending
20608,5505,2022-06-16,Payment Pending
20609,327,2020-10-02,Payment Pending
20610,20859,2020-04-10,Payment Pending
20612,4988,2021-10-10,Payment Pending
20616,17382,2022-02-03,Payment Pending
20621,2364,2023-02-15,Payment Pending
20623,15905,2023-05-10,Payment Pending
20625,14203,2020-01-10,Payment Pending
20626,18779,2022-03-28,Payment Pending
20629,14098,2023-09-23,Payment Pending
20630,18988,2022-10-19,Payment Pending
20631,15904,2022-12-13,Payment Pending
20632,15773,2022-11-04,Payment Pending
20644,7648,2023-03-28,Payment Pending
20645,19494,2022-08-12,Payment Pending
20652,14898,2023-05-29,Payment Pending
20653,1799,2021-02-26,Payment Pending
20654,10949,2021-10-17,Payment Pending
20655,19896,2021-05-21,Payment Pending
20657,1181,2023-08-22,Payment Pending
20661,21623,2020-02-15,Payment Pending
20664,19740,2021-05-29,Payment Pending
20672,6204,2022-08-26,Payment Pending
20673,15319,2020-04-28,Payment Pending
18328,14460,2020-10-21,Payment Successed
18333,18172,2022-08-25,Payment Successed
18334,17440,2021-03-09,Payment Successed
18335,11057,2023-03-06,Payment Successed
18339,14747,2020-07-25,Payment Successed
18341,5215,2023-05-19,Payment Successed
18342,3923,2020-04-28,Payment Successed
18351,14316,2020-08-06,Payment Successed
18352,10023,2021-03-07,Payment Successed
18354,19217,2021-05-04,Payment Successed
18355,6070,2023-02-11,Payment Successed
18359,9959,2023-07-31,Payment Successed
18361,2109,2022-02-15,Payment Successed
18362,4043,2020-08-17,Payment Successed
18363,21038,2020-06-20,Payment Successed
18364,3994,2022-02-21,Payment Successed
18366,19183,2020-08-31,Payment Successed
18367,15246,2020-05-10,Payment Successed
18368,1655,2023-03-01,Payment Successed
18370,1332,2023-02-09,Payment Successed
18372,12075,2021-03-13,Payment Successed
18377,19595,2023-11-29,Payment Successed
18379,17811,2020-04-19,Payment Successed
18382,9767,2022-11-26,Payment Successed
18383,12159,2021-06-02,Payment Successed
18386,16374,2022-02-22,Payment Successed
18388,15552,2020-05-11,Payment Successed
18392,16241,2022-11-19,Payment Successed
18393,6511,2020-06-22,Payment Successed
18396,16483,2022-01-31,Payment Successed
18397,1310,2021-01-11,Payment Successed
18398,376,2023-10-08,Payment Successed
18400,20822,2022-09-06,Payment Successed
20704,13410,2022-12-20,Payment Failed
20732,13183,2023-02-03,Payment Failed
20737,14591,2020-11-22,Payment Failed
20738,4445,2021-03-12,Payment Failed
20677,11710,2023-08-25,Refunded
20678,21123,2023-09-04,Refunded
20744,6035,2020-03-20,Refunded
20802,13731,2022-10-04,Refunded
18403,506,2020-09-06,Payment Successed
18404,9361,2021-03-22,Payment Successed
18406,14210,2023-01-08,Payment Successed
18408,8628,2020-12-19,Payment Successed
18409,18266,2022-04-06,Payment Successed
18410,3880,2023-08-08,Payment Successed
18411,11664,2021-04-03,Payment Successed
18413,18771,2022-09-01,Payment Successed
18414,1800,2023-02-26,Payment Successed
18415,1398,2022-12-09,Payment Successed
18419,15267,2022-04-13,Payment Successed
18423,14074,2023-07-18,Payment Successed
18424,15407,2023-01-12,Payment Successed
18427,17995,2023-07-10,Payment Successed
18430,12764,2020-06-04,Payment Successed
18431,8404,2020-02-25,Payment Successed
18433,6292,2021-08-26,Payment Successed
18435,19074,2023-01-18,Payment Successed
18436,11864,2023-10-06,Payment Successed
18439,5875,2021-04-11,Payment Successed
18442,21148,2023-03-02,Payment Successed
18443,3739,2023-05-16,Payment Successed
18445,4469,2021-11-22,Payment Successed
18447,12191,2022-03-08,Payment Successed
18448,9478,2023-06-16,Payment Successed
18449,15475,2023-10-24,Payment Successed
18450,8111,2023-08-31,Payment Successed
18453,9846,2023-03-06,Payment Successed
18458,15979,2023-11-25,Payment Successed
18462,14004,2021-07-28,Payment Successed
18463,3443,2022-03-12,Payment Successed
18464,11363,2023-04-11,Payment Successed
18465,17710,2021-06-26,Payment Successed
18466,8955,2022-10-13,Payment Successed
18467,5397,2020-04-07,Payment Successed
18469,2920,2020-03-03,Payment Successed
18472,21247,2020-08-11,Payment Successed
18473,4644,2020-11-01,Payment Successed
18474,10703,2020-12-04,Payment Successed
18476,6326,2022-10-19,Payment Successed
18477,3531,2021-01-04,Payment Successed
20675,14903,2020-03-06,Payment Pending
20676,10656,2022-04-10,Payment Pending
20679,2188,2022-03-21,Payment Pending
20680,4236,2022-08-01,Payment Pending
20683,16717,2023-09-01,Payment Pending
20688,17292,2022-08-29,Payment Pending
20692,21576,2023-04-18,Payment Pending
20693,12211,2022-08-10,Payment Pending
20696,1430,2022-05-28,Payment Pending
20699,7054,2022-02-27,Payment Pending
20700,19125,2023-08-06,Payment Pending
20708,7828,2021-01-28,Payment Pending
20711,20130,2021-06-14,Payment Pending
20712,12346,2023-08-07,Payment Pending
20716,9077,2022-07-06,Payment Pending
20720,21228,2020-01-19,Payment Pending
20723,18660,2020-10-23,Payment Pending
20727,8737,2023-03-18,Payment Pending
20731,17601,2021-11-13,Payment Pending
20734,5874,2021-08-23,Payment Pending
20735,10313,2021-01-26,Payment Pending
20736,21007,2023-02-18,Payment Pending
20739,20560,2021-10-28,Payment Pending
20743,17120,2022-11-12,Payment Pending
20746,19259,2021-05-14,Payment Pending
20754,21394,2022-01-08,Payment Pending
20755,19850,2020-09-29,Payment Pending
20758,14362,2023-01-10,Payment Pending
20760,6501,2021-11-17,Payment Pending
20761,9412,2021-01-01,Payment Pending
20762,17495,2021-06-23,Payment Pending
20767,3888,2021-11-15,Payment Pending
20768,3461,2022-03-15,Payment Pending
20770,15892,2021-10-07,Payment Pending
20771,8029,2021-02-03,Payment Pending
20774,7445,2020-02-06,Payment Pending
20784,17818,2022-06-02,Payment Pending
20787,6910,2023-01-18,Payment Pending
20789,4618,2022-12-27,Payment Pending
20790,3910,2023-10-10,Payment Pending
20794,10177,2021-01-10,Payment Pending
20798,836,2022-09-06,Payment Pending
20804,14354,2020-07-22,Payment Pending
20806,21417,2020-04-22,Payment Pending
20807,3578,2023-04-10,Payment Pending
18478,13516,2023-09-24,Payment Successed
18481,5243,2021-09-15,Payment Successed
18483,7506,2021-07-14,Payment Successed
18484,7633,2020-04-29,Payment Successed
18488,16048,2020-08-15,Payment Successed
18489,5781,2022-08-09,Payment Successed
18490,16275,2020-04-25,Payment Successed
18491,9205,2021-08-21,Payment Successed
18493,11459,2021-06-21,Payment Successed
18494,19717,2022-11-27,Payment Successed
18495,18038,2022-04-10,Payment Successed
18499,6794,2023-11-07,Payment Successed
18501,4895,2023-02-20,Payment Successed
18502,11418,2021-09-23,Payment Successed
18503,20749,2023-01-01,Payment Successed
18504,16516,2023-09-07,Payment Successed
18505,11869,2020-02-06,Payment Successed
18507,3917,2023-02-05,Payment Successed
18508,20249,2022-08-30,Payment Successed
18509,1549,2022-02-23,Payment Successed
18510,917,2020-05-25,Payment Successed
18513,8779,2022-06-10,Payment Successed
18515,13694,2020-04-10,Payment Successed
18517,4375,2023-03-11,Payment Successed
18518,16842,2022-01-13,Payment Successed
18522,10264,2022-11-23,Payment Successed
18525,8370,2023-03-19,Payment Successed
18527,6275,2021-01-25,Payment Successed
18529,6063,2023-08-14,Payment Successed
18532,13483,2022-11-07,Payment Successed
18533,20136,2020-01-05,Payment Successed
18535,3067,2021-12-31,Payment Successed
18537,16646,2020-11-11,Payment Successed
18538,14106,2022-04-02,Payment Successed
18539,17526,2021-09-16,Payment Successed
20819,16732,2023-02-01,Payment Failed
20842,6061,2023-06-21,Payment Failed
20856,7117,2020-06-04,Payment Failed
20895,13160,2021-11-03,Payment Failed
20905,3134,2021-01-08,Payment Failed
20917,18632,2023-10-08,Payment Failed
20939,7461,2021-05-24,Payment Failed
20835,5302,2023-02-06,Refunded
20919,16533,2020-01-30,Refunded
18540,11671,2021-04-11,Payment Successed
18542,2250,2020-06-12,Payment Successed
18544,19870,2022-12-04,Payment Successed
18545,667,2020-02-23,Payment Successed
18547,7150,2021-07-13,Payment Successed
18549,17200,2020-12-16,Payment Successed
18558,20321,2020-08-12,Payment Successed
18561,14368,2022-10-09,Payment Successed
18562,18453,2020-10-23,Payment Successed
18564,9666,2022-06-27,Payment Successed
18567,14265,2021-07-20,Payment Successed
18568,19208,2021-09-01,Payment Successed
18570,4799,2022-10-11,Payment Successed
18572,21385,2021-12-16,Payment Successed
18573,10713,2023-08-16,Payment Successed
18574,4582,2022-02-28,Payment Successed
18575,107,2023-04-12,Payment Successed
18577,11852,2022-08-26,Payment Successed
18580,12381,2020-02-15,Payment Successed
18581,20755,2023-02-11,Payment Successed
18583,2712,2022-09-18,Payment Successed
18585,3078,2021-08-14,Payment Successed
18588,11754,2023-02-27,Payment Successed
18592,7881,2021-04-13,Payment Successed
18593,4687,2023-10-03,Payment Successed
18597,19765,2020-02-25,Payment Successed
18598,11892,2020-09-25,Payment Successed
18600,11310,2020-02-05,Payment Successed
18603,5890,2022-08-10,Payment Successed
18607,20012,2021-05-19,Payment Successed
18608,3918,2020-06-16,Payment Successed
18609,21434,2023-07-25,Payment Successed
18611,16036,2021-12-09,Payment Successed
18612,18992,2021-11-10,Payment Successed
18613,4092,2023-05-11,Payment Successed
18614,2302,2021-06-27,Payment Successed
18619,16690,2022-11-03,Payment Successed
18623,13772,2022-04-02,Payment Successed
18624,20413,2020-11-05,Payment Successed
18626,13346,2023-11-14,Payment Successed
18629,1301,2022-01-23,Payment Successed
18631,13851,2021-06-03,Payment Successed
18632,12195,2021-08-26,Payment Successed
18633,6932,2023-03-12,Payment Successed
18634,937,2023-02-02,Payment Successed
18635,6350,2020-12-26,Payment Successed
18637,4025,2023-06-10,Payment Successed
18638,4726,2021-05-28,Payment Successed
18641,15357,2021-03-31,Payment Successed
18642,15391,2021-05-27,Payment Successed
18643,8236,2022-12-16,Payment Successed
18644,9411,2022-02-08,Payment Successed
20810,12220,2022-06-09,Payment Pending
20811,7074,2020-04-03,Payment Pending
20815,10114,2023-09-02,Payment Pending
20817,17125,2023-06-26,Payment Pending
20820,6626,2020-04-20,Payment Pending
20821,6500,2021-05-19,Payment Pending
20822,11067,2021-08-01,Payment Pending
20825,17071,2020-03-01,Payment Pending
20827,16972,2022-10-24,Payment Pending
20829,16621,2020-07-09,Payment Pending
20831,11291,2023-04-22,Payment Pending
20833,16795,2021-01-03,Payment Pending
20838,3987,2020-02-09,Payment Pending
20846,6423,2021-04-10,Payment Pending
20849,6842,2023-02-17,Payment Pending
20850,7232,2020-11-27,Payment Pending
20852,14311,2023-05-14,Payment Pending
20853,17177,2023-06-11,Payment Pending
20854,456,2022-04-30,Payment Pending
20855,5214,2020-01-06,Payment Pending
20858,21538,2022-02-26,Payment Pending
20860,21229,2020-07-16,Payment Pending
20862,1435,2022-07-22,Payment Pending
20865,18977,2022-11-07,Payment Pending
20869,8962,2023-07-03,Payment Pending
20870,9883,2023-11-21,Payment Pending
20871,6406,2023-02-05,Payment Pending
20873,11520,2022-11-17,Payment Pending
20876,20167,2021-07-26,Payment Pending
20877,20248,2023-08-12,Payment Pending
20880,2738,2021-08-30,Payment Pending
20881,21003,2021-08-29,Payment Pending
20882,8054,2021-11-25,Payment Pending
20883,19348,2021-12-20,Payment Pending
20889,5416,2021-05-18,Payment Pending
20892,13402,2021-09-23,Payment Pending
20893,19120,2022-10-22,Payment Pending
20898,10994,2020-01-07,Payment Pending
20899,14806,2021-02-16,Payment Pending
20900,7139,2021-10-10,Payment Pending
20903,18444,2023-08-04,Payment Pending
20911,8335,2022-03-06,Payment Pending
20913,2210,2021-06-01,Payment Pending
20915,15707,2020-11-04,Payment Pending
20925,38,2023-06-13,Payment Pending
20926,12368,2022-01-23,Payment Pending
20934,7326,2022-11-20,Payment Pending
20935,819,2020-01-04,Payment Pending
20940,6473,2021-11-12,Payment Pending
20941,18748,2023-01-25,Payment Pending
20942,19218,2020-11-01,Payment Pending
20943,2029,2020-09-05,Payment Pending
20944,19262,2023-07-28,Payment Pending
20945,16513,2022-03-22,Payment Pending
18646,11901,2022-11-08,Payment Successed
18647,9659,2020-04-17,Payment Successed
18653,21500,2020-10-24,Payment Successed
18654,9622,2021-10-11,Payment Successed
18655,9381,2022-02-06,Payment Successed
18658,19741,2023-10-27,Payment Successed
18660,14481,2020-02-14,Payment Successed
18665,19839,2022-08-19,Payment Successed
18667,12646,2021-03-01,Payment Successed
18668,6185,2023-05-31,Payment Successed
18669,8501,2021-12-10,Payment Successed
18671,17631,2023-12-15,Payment Successed
18672,4352,2022-12-17,Payment Successed
18673,12985,2022-04-29,Payment Successed
18675,19774,2023-02-06,Payment Successed
20946,15185,2023-05-22,Payment Failed
20950,8016,2021-03-23,Payment Failed
20976,8964,2020-05-12,Payment Failed
20980,17401,2021-11-29,Payment Failed
20992,15553,2022-10-21,Payment Failed
20996,3572,2020-10-02,Payment Failed
20999,11928,2022-03-20,Payment Failed
21003,21392,2022-06-15,Payment Failed
21004,10635,2022-07-26,Payment Failed
21021,573,2023-07-16,Payment Failed
21027,8780,2023-05-25,Payment Failed
21052,18875,2022-03-25,Payment Failed
20959,13058,2020-05-18,Refunded
21025,12356,2021-09-30,Refunded
18677,12896,2021-08-12,Payment Successed
18679,21064,2023-07-26,Payment Successed
18681,16165,2022-11-01,Payment Successed
18682,15653,2021-04-26,Payment Successed
18683,4765,2023-02-14,Payment Successed
18685,2589,2020-04-13,Payment Successed
18687,4274,2022-09-03,Payment Successed
18690,16404,2020-01-20,Payment Successed
18691,11288,2020-11-22,Payment Successed
18692,13231,2022-05-12,Payment Successed
18695,15128,2020-07-19,Payment Successed
18698,13972,2021-06-16,Payment Successed
18699,15568,2023-03-19,Payment Successed
18700,20284,2023-11-06,Payment Successed
18701,2787,2020-06-13,Payment Successed
18703,6934,2022-09-23,Payment Successed
18704,17077,2023-11-01,Payment Successed
18705,6438,2021-12-01,Payment Successed
18709,12681,2020-04-27,Payment Successed
18710,11231,2023-02-26,Payment Successed
18711,8420,2023-04-03,Payment Successed
18714,185,2020-04-14,Payment Successed
18721,5386,2021-09-28,Payment Successed
18722,1801,2023-06-22,Payment Successed
18725,2887,2021-10-30,Payment Successed
18726,17803,2023-03-26,Payment Successed
18728,13115,2021-10-28,Payment Successed
18729,20623,2020-03-20,Payment Successed
18736,13587,2020-09-28,Payment Successed
18738,4772,2022-02-20,Payment Successed
18741,21494,2021-06-21,Payment Successed
18742,17263,2023-02-25,Payment Successed
18743,19653,2022-02-26,Payment Successed
18744,7380,2022-09-04,Payment Successed
18746,20131,2020-05-23,Payment Successed
18747,6993,2020-06-03,Payment Successed
18748,6603,2022-06-10,Payment Successed
18751,20732,2020-08-28,Payment Successed
18752,6048,2023-03-09,Payment Successed
18756,20421,2020-05-06,Payment Successed
18757,17069,2021-06-29,Payment Successed
18758,13977,2023-02-28,Payment Successed
18759,10759,2021-10-14,Payment Successed
18760,11183,2021-10-29,Payment Successed
18761,5015,2020-01-04,Payment Successed
20960,3366,2023-06-03,Payment Pending
20963,8345,2023-03-05,Payment Pending
20968,4913,2020-06-19,Payment Pending
20970,14607,2020-12-11,Payment Pending
20979,12657,2020-10-21,Payment Pending
20982,10828,2023-10-09,Payment Pending
20985,6329,2022-04-05,Payment Pending
20987,17645,2020-11-04,Payment Pending
20989,21450,2020-03-05,Payment Pending
20990,5863,2020-12-30,Payment Pending
20997,17004,2023-02-11,Payment Pending
20998,10579,2021-09-08,Payment Pending
21001,4483,2020-05-31,Payment Pending
21007,7292,2022-09-21,Payment Pending
21008,17487,2020-01-08,Payment Pending
21010,1665,2023-07-02,Payment Pending
21012,14662,2023-07-17,Payment Pending
21013,19230,2021-01-31,Payment Pending
21015,3206,2023-05-23,Payment Pending
21018,21195,2022-05-04,Payment Pending
21020,20403,2023-08-13,Payment Pending
21024,6688,2022-03-09,Payment Pending
21026,19559,2023-02-07,Payment Pending
21030,11582,2023-03-19,Payment Pending
21031,11159,2023-10-14,Payment Pending
21032,10630,2020-08-07,Payment Pending
21037,11962,2023-03-23,Payment Pending
21045,17511,2021-07-18,Payment Pending
21046,7565,2022-03-10,Payment Pending
21048,17661,2020-09-09,Payment Pending
21049,17118,2023-09-24,Payment Pending
21050,17084,2022-03-02,Payment Pending
21051,5665,2022-04-04,Payment Pending
21053,21157,2023-11-30,Payment Pending
21059,18379,2021-08-05,Payment Pending
21061,415,2022-06-23,Payment Pending
21063,8952,2020-07-13,Payment Pending
21068,18981,2020-05-13,Payment Pending
21069,12792,2023-01-07,Payment Pending
21072,18315,2022-01-18,Payment Pending
21073,10699,2020-04-12,Payment Pending
21074,15035,2022-03-20,Payment Pending
21076,2795,2020-07-31,Payment Pending
21077,21444,2021-12-07,Payment Pending
21078,21002,2022-06-17,Payment Pending
21079,19854,2022-12-28,Payment Pending
21080,5718,2020-04-14,Payment Pending
18762,14245,2023-07-23,Payment Successed
18764,3601,2023-03-03,Payment Successed
18765,6883,2023-02-26,Payment Successed
18766,15371,2022-04-12,Payment Successed
18768,5915,2022-03-15,Payment Successed
18769,12334,2022-01-20,Payment Successed
18770,1779,2021-04-25,Payment Successed
18771,13169,2022-09-28,Payment Successed
18772,5822,2021-03-27,Payment Successed
18773,19739,2022-02-03,Payment Successed
18774,2257,2020-07-11,Payment Successed
18776,6805,2021-04-01,Payment Successed
18777,16944,2022-02-28,Payment Successed
18778,1352,2022-08-14,Payment Successed
18779,15052,2022-10-16,Payment Successed
18780,7228,2020-03-05,Payment Successed
18782,10879,2021-06-03,Payment Successed
18785,18624,2020-10-26,Payment Successed
18786,2533,2022-11-02,Payment Successed
18787,3806,2023-08-31,Payment Successed
18789,19435,2022-09-21,Payment Successed
18793,5348,2022-01-24,Payment Successed
18794,18709,2023-10-11,Payment Successed
18796,12769,2022-02-20,Payment Successed
21095,7892,2021-07-23,Payment Failed
21152,16052,2023-02-22,Payment Failed
21155,15601,2023-01-10,Payment Failed
21158,14563,2023-08-14,Payment Failed
21159,145,2022-08-25,Payment Failed
21166,16484,2022-08-24,Payment Failed
21199,16510,2021-04-17,Payment Failed
21206,12057,2022-04-07,Payment Failed
21207,9748,2023-05-05,Payment Failed
21208,8247,2020-05-25,Payment Failed
21090,5100,2023-10-05,Refunded
21167,9963,2023-09-20,Refunded
18797,14062,2021-05-23,Payment Successed
18799,19519,2020-03-25,Payment Successed
18800,2202,2023-11-02,Payment Successed
18801,13577,2021-09-08,Payment Successed
18802,18280,2021-02-12,Payment Successed
18806,14557,2024-01-02,Payment Successed
18808,16618,2020-07-31,Payment Successed
18809,8782,2020-08-20,Payment Successed
18810,1764,2023-01-30,Payment Successed
18811,5820,2023-04-29,Payment Successed
18813,9856,2022-03-06,Payment Successed
18814,18702,2020-12-13,Payment Successed
18815,12035,2020-10-12,Payment Successed
18817,377,2022-10-23,Payment Successed
18819,13992,2023-06-03,Payment Successed
18820,12312,2020-10-26,Payment Successed
18822,6777,2022-07-25,Payment Successed
18825,15506,2022-07-22,Payment Successed
18828,15518,2021-03-28,Payment Successed
18831,18362,2023-11-01,Payment Successed
18834,9493,2022-05-17,Payment Successed
18838,1556,2020-06-22,Payment Successed
18840,3846,2020-08-30,Payment Successed
18842,21072,2023-03-29,Payment Successed
18843,18814,2023-03-06,Payment Successed
18845,8183,2021-08-26,Payment Successed
18846,8089,2020-02-09,Payment Successed
18847,7901,2022-01-28,Payment Successed
18848,7400,2020-05-02,Payment Successed
18851,1825,2021-03-18,Payment Successed
18857,12692,2020-12-18,Payment Successed
18859,11048,2022-07-28,Payment Successed
18860,18951,2020-10-09,Payment Successed
18862,3874,2021-12-12,Payment Successed
21082,2303,2023-01-11,Payment Pending
18863,707,2021-11-03,Payment Successed
21086,4394,2021-09-23,Payment Pending
18864,1442,2021-05-26,Payment Successed
21091,2201,2022-08-23,Payment Pending
18866,7058,2020-12-23,Payment Successed
21093,11032,2023-08-11,Payment Pending
18868,161,2020-11-28,Payment Successed
21094,134,2023-07-18,Payment Pending
21096,19264,2023-09-03,Payment Pending
18871,5297,2020-06-24,Payment Successed
18872,6122,2021-05-21,Payment Successed
21097,17778,2022-10-09,Payment Pending
18873,12743,2022-04-20,Payment Successed
21098,8808,2022-03-22,Payment Pending
18875,18584,2020-09-02,Payment Successed
21099,3276,2023-03-01,Payment Pending
21101,15016,2022-07-25,Payment Pending
18878,16902,2023-08-25,Payment Successed
18881,2054,2020-12-03,Payment Successed
21104,4151,2022-07-21,Payment Pending
18882,8640,2023-01-09,Payment Successed
18885,2110,2021-10-09,Payment Successed
21107,4276,2022-05-02,Payment Pending
21108,17725,2021-07-19,Payment Pending
18887,14917,2021-07-12,Payment Successed
21112,10423,2022-02-25,Payment Pending
21113,8419,2021-01-26,Payment Pending
21114,3813,2021-06-10,Payment Pending
21116,11445,2020-12-05,Payment Pending
21118,7021,2020-02-25,Payment Pending
21120,15389,2022-03-05,Payment Pending
21122,18205,2020-04-27,Payment Pending
21123,9301,2020-01-06,Payment Pending
21125,14489,2023-07-19,Payment Pending
21127,12449,2021-07-04,Payment Pending
21128,20117,2021-01-24,Payment Pending
21129,20617,2020-12-06,Payment Pending
21130,8211,2020-04-18,Payment Pending
21131,6222,2021-02-06,Payment Pending
21133,916,2020-11-21,Payment Pending
21134,17076,2021-08-10,Payment Pending
21136,13180,2023-11-17,Payment Pending
21139,1010,2020-05-02,Payment Pending
21143,11298,2022-07-28,Payment Pending
21150,10416,2020-09-03,Payment Pending
21151,7968,2021-04-29,Payment Pending
21156,17436,2021-02-19,Payment Pending
21157,17828,2021-05-06,Payment Pending
21162,7543,2023-06-30,Payment Pending
21163,14161,2020-08-23,Payment Pending
21164,13564,2021-11-26,Payment Pending
21168,12372,2023-09-14,Payment Pending
21169,14838,2023-06-15,Payment Pending
21172,19958,2023-09-12,Payment Pending
21175,4509,2020-02-13,Payment Pending
21176,20804,2021-06-17,Payment Pending
21178,5422,2020-08-08,Payment Pending
21179,18658,2022-10-05,Payment Pending
21180,5241,2023-05-08,Payment Pending
21181,19025,2020-06-24,Payment Pending
21182,7304,2020-07-17,Payment Pending
18890,6453,2020-11-28,Payment Successed
18891,17411,2023-01-11,Payment Successed
18892,8634,2023-05-13,Payment Successed
18894,6719,2022-06-30,Payment Successed
18895,14859,2020-10-06,Payment Successed
18897,14027,2023-07-23,Payment Successed
18898,2748,2021-05-29,Payment Successed
18899,2046,2023-12-29,Payment Successed
18903,10888,2023-12-18,Payment Successed
18906,2448,2021-06-09,Payment Successed
18912,9253,2020-09-04,Payment Successed
18913,2557,2020-03-01,Payment Successed
18914,1973,2023-04-14,Payment Successed
18917,864,2023-10-28,Payment Successed
18919,4273,2022-08-03,Payment Successed
18920,2705,2020-05-19,Payment Successed
18923,2321,2021-06-27,Payment Successed
18924,1489,2020-12-22,Payment Successed
18931,13619,2021-03-09,Payment Successed
18932,12282,2021-01-24,Payment Successed
18934,1338,2022-08-05,Payment Successed
18935,15797,2021-02-23,Payment Successed
21222,10938,2023-12-31,Payment Failed
21223,12201,2021-03-05,Payment Failed
21226,2808,2023-11-20,Payment Failed
21235,4556,2020-08-23,Payment Failed
21259,21067,2023-11-16,Payment Failed
21261,11703,2021-03-27,Payment Failed
21270,7819,2021-11-10,Payment Failed
21283,21440,2020-05-12,Payment Failed
21298,20455,2020-02-25,Payment Failed
21309,5311,2023-02-20,Payment Failed
21311,3214,2023-06-14,Payment Failed
21324,1387,2022-11-16,Payment Failed
21341,7717,2020-07-31,Payment Failed
21243,11230,2020-01-25,Refunded
21244,6364,2021-11-04,Refunded
21262,9098,2020-09-29,Refunded
21321,20914,2023-07-26,Refunded
18937,8481,2021-07-09,Payment Successed
18938,8486,2020-05-05,Payment Successed
18939,2755,2021-08-01,Payment Successed
18940,9498,2020-12-09,Payment Successed
18942,19722,2021-03-03,Payment Successed
18943,4245,2020-03-04,Payment Successed
18945,8199,2020-05-29,Payment Successed
18948,9323,2020-05-26,Payment Successed
18949,6817,2020-10-01,Payment Successed
18950,2065,2021-09-01,Payment Successed
18951,19325,2023-11-01,Payment Successed
18954,14711,2022-05-31,Payment Successed
18955,20940,2022-02-04,Payment Successed
18956,2255,2023-01-17,Payment Successed
18958,5909,2023-10-16,Payment Successed
18961,12243,2021-03-07,Payment Successed
18962,17127,2020-12-19,Payment Successed
18963,10623,2023-07-22,Payment Successed
18967,13085,2020-09-04,Payment Successed
18968,8929,2021-09-29,Payment Successed
18969,7048,2020-11-06,Payment Successed
18972,20984,2021-12-10,Payment Successed
18973,4312,2021-05-23,Payment Successed
18975,18189,2020-02-18,Payment Successed
18976,19783,2022-02-21,Payment Successed
18977,1940,2021-05-18,Payment Successed
18979,8534,2021-05-24,Payment Successed
18980,21196,2021-08-17,Payment Successed
18981,8738,2021-03-21,Payment Successed
18983,20484,2023-02-26,Payment Successed
18984,4643,2021-07-01,Payment Successed
18985,5770,2021-07-18,Payment Successed
18986,8124,2023-01-18,Payment Successed
21220,8425,2022-05-25,Payment Pending
21224,21482,2022-03-04,Payment Pending
21225,18304,2023-06-05,Payment Pending
21228,8978,2022-08-31,Payment Pending
21233,8850,2022-06-13,Payment Pending
21240,9256,2021-11-22,Payment Pending
21245,12288,2023-07-08,Payment Pending
21248,15256,2022-02-04,Payment Pending
21249,5600,2023-10-14,Payment Pending
21250,19597,2020-02-24,Payment Pending
21252,17483,2021-11-05,Payment Pending
21260,16215,2022-04-19,Payment Pending
21263,20127,2023-06-18,Payment Pending
21264,16481,2023-07-18,Payment Pending
21265,16433,2023-03-08,Payment Pending
21268,19533,2023-07-21,Payment Pending
21272,35,2022-08-21,Payment Pending
21273,2691,2021-11-30,Payment Pending
21274,1249,2020-08-11,Payment Pending
21277,20818,2022-03-18,Payment Pending
21279,17453,2020-05-29,Payment Pending
21280,725,2022-04-09,Payment Pending
21282,2409,2021-05-06,Payment Pending
21284,9747,2022-05-10,Payment Pending
21299,4677,2021-06-17,Payment Pending
21301,13658,2020-09-26,Payment Pending
21303,3330,2022-04-28,Payment Pending
21305,9127,2021-11-07,Payment Pending
21314,20410,2020-12-10,Payment Pending
21316,11062,2022-05-15,Payment Pending
21322,15569,2021-04-16,Payment Pending
21323,9346,2020-05-20,Payment Pending
21328,6176,2021-08-20,Payment Pending
21337,17178,2022-04-03,Payment Pending
21338,16371,2021-06-07,Payment Pending
21345,751,2020-10-09,Payment Pending
21348,8372,2020-03-24,Payment Pending
18987,4006,2022-08-12,Payment Successed
18988,8589,2022-10-06,Payment Successed
18989,3436,2020-09-16,Payment Successed
18990,19324,2023-03-11,Payment Successed
18992,20644,2022-09-29,Payment Successed
18993,2635,2021-01-23,Payment Successed
18996,10355,2021-01-24,Payment Successed
18997,9006,2022-11-24,Payment Successed
18998,10680,2023-04-10,Payment Successed
19001,5960,2022-05-01,Payment Successed
19003,12705,2020-08-03,Payment Successed
19006,18495,2021-09-06,Payment Successed
19008,6026,2020-09-14,Payment Successed
19010,16282,2020-07-21,Payment Successed
19011,17288,2021-05-17,Payment Successed
19013,8109,2022-12-03,Payment Successed
19015,13815,2021-09-30,Payment Successed
19017,16719,2021-11-14,Payment Successed
19018,9129,2021-09-19,Payment Successed
19020,20087,2021-02-26,Payment Successed
19023,5650,2022-04-30,Payment Successed
19024,3217,2021-08-20,Payment Successed
19025,15751,2021-04-13,Payment Successed
19027,5208,2021-09-11,Payment Successed
19031,570,2020-11-06,Payment Successed
19032,2571,2023-10-03,Payment Successed
19033,5783,2020-09-12,Payment Successed
19034,108,2023-01-22,Payment Successed
19038,11374,2023-11-03,Payment Successed
19039,16893,2021-06-06,Payment Successed
19040,10472,2021-12-17,Payment Successed
19042,11709,2023-02-25,Payment Successed
19043,1287,2022-09-07,Payment Successed
19044,14411,2023-07-27,Payment Successed
19046,4964,2021-05-01,Payment Successed
19048,2552,2020-06-08,Payment Successed
19051,13358,2021-01-14,Payment Successed
19053,20132,2023-07-17,Payment Successed
19054,12650,2023-07-06,Payment Successed
19056,10194,2022-12-13,Payment Successed
19057,1082,2020-04-09,Payment Successed
19058,17122,2022-11-25,Payment Successed
21369,15263,2023-11-20,Payment Failed
21380,11837,2020-04-01,Payment Failed
21412,18156,2021-04-13,Payment Failed
21437,4843,2021-12-25,Payment Failed
21446,12625,2020-07-18,Payment Failed
21452,1743,2021-03-18,Payment Failed
21464,1614,2021-11-11,Payment Failed
21470,1860,2021-09-13,Payment Failed
21486,10531,2023-11-18,Payment Failed
21365,16612,2022-07-26,Refunded
21371,14954,2023-12-08,Refunded
21385,8679,2020-01-02,Refunded
21392,13494,2021-10-13,Refunded
21410,4779,2020-03-05,Refunded
21441,11884,2022-10-03,Refunded
21471,19263,2020-08-27,Refunded
19059,17841,2021-10-04,Payment Successed
19060,15720,2020-01-18,Payment Successed
19061,5599,2020-10-06,Payment Successed
19062,9892,2021-10-02,Payment Successed
19063,7047,2022-11-21,Payment Successed
19064,15131,2020-09-13,Payment Successed
19065,18423,2022-08-30,Payment Successed
19066,7076,2023-03-13,Payment Successed
19067,17400,2022-11-26,Payment Successed
19068,8480,2022-05-14,Payment Successed
19070,2157,2022-07-29,Payment Successed
19071,9212,2021-07-09,Payment Successed
19075,18936,2020-10-30,Payment Successed
19077,11367,2020-04-29,Payment Successed
19079,16254,2020-07-18,Payment Successed
19081,19551,2021-03-25,Payment Successed
19082,12280,2022-02-14,Payment Successed
19084,17934,2023-01-13,Payment Successed
19085,7786,2022-11-27,Payment Successed
19087,16367,2023-12-15,Payment Successed
19091,20708,2020-03-17,Payment Successed
19093,10518,2022-12-08,Payment Successed
19094,13130,2022-07-22,Payment Successed
19096,14885,2021-08-11,Payment Successed
19098,14956,2023-05-30,Payment Successed
19103,14945,2020-03-28,Payment Successed
19109,20632,2023-10-11,Payment Successed
19110,4026,2023-11-27,Payment Successed
19111,20855,2022-01-30,Payment Successed
19112,15462,2022-11-22,Payment Successed
19113,15031,2023-07-11,Payment Successed
19115,16039,2020-08-29,Payment Successed
19117,1781,2020-12-30,Payment Successed
19122,17584,2021-03-28,Payment Successed
19123,7787,2021-01-09,Payment Successed
19130,1162,2020-06-30,Payment Successed
19131,8347,2022-11-21,Payment Successed
19132,5973,2020-02-28,Payment Successed
19133,9636,2021-11-01,Payment Successed
19136,4032,2023-09-08,Payment Successed
21356,17152,2022-03-17,Payment Pending
21358,13508,2022-09-17,Payment Pending
21359,4623,2023-09-23,Payment Pending
21360,11035,2020-03-21,Payment Pending
21361,17045,2022-12-03,Payment Pending
21364,13701,2021-11-18,Payment Pending
21367,2650,2020-10-01,Payment Pending
21372,19876,2022-04-02,Payment Pending
21376,9269,2020-12-18,Payment Pending
21378,15854,2020-05-11,Payment Pending
21382,386,2020-06-17,Payment Pending
21386,16474,2023-12-05,Payment Pending
21388,14462,2021-12-16,Payment Pending
21390,11106,2021-12-08,Payment Pending
21393,20119,2022-06-29,Payment Pending
21398,3166,2022-01-16,Payment Pending
21399,3998,2021-08-23,Payment Pending
21402,7387,2023-05-22,Payment Pending
21404,8684,2021-07-14,Payment Pending
21407,11139,2023-05-05,Payment Pending
21411,20546,2020-04-07,Payment Pending
21415,10186,2023-05-03,Payment Pending
21416,4315,2021-03-22,Payment Pending
21421,4435,2023-02-28,Payment Pending
21423,3257,2023-09-19,Payment Pending
21424,19020,2021-09-27,Payment Pending
21425,19921,2022-05-03,Payment Pending
21426,13416,2021-04-03,Payment Pending
21428,19380,2020-11-08,Payment Pending
21430,4384,2023-01-03,Payment Pending
21433,283,2023-10-26,Payment Pending
21434,7216,2021-07-29,Payment Pending
21445,8064,2020-11-09,Payment Pending
21449,12382,2022-03-03,Payment Pending
21451,13249,2022-02-19,Payment Pending
21454,12486,2020-09-24,Payment Pending
21457,10312,2023-01-26,Payment Pending
21462,20358,2022-08-31,Payment Pending
21463,2800,2023-07-26,Payment Pending
21465,2028,2023-12-21,Payment Pending
21466,7392,2022-05-15,Payment Pending
21468,18825,2020-11-15,Payment Pending
21469,7634,2022-09-16,Payment Pending
21474,20985,2020-07-17,Payment Pending
21476,19349,2022-03-26,Payment Pending
21481,12838,2020-11-11,Payment Pending
21485,11941,2022-12-01,Payment Pending
21489,21005,2020-10-03,Payment Pending
19139,3219,2021-07-09,Payment Successed
19140,2729,2021-08-05,Payment Successed
19141,13450,2021-04-18,Payment Successed
19142,8587,2020-07-07,Payment Successed
19144,15824,2022-03-13,Payment Successed
19145,20970,2021-08-18,Payment Successed
19146,13549,2020-02-04,Payment Successed
19147,5959,2020-09-16,Payment Successed
19149,19006,2023-03-02,Payment Successed
19151,15374,2021-08-20,Payment Successed
19154,832,2021-07-19,Payment Successed
19157,13874,2021-09-03,Payment Successed
19158,856,2020-05-11,Payment Successed
19159,10240,2021-06-10,Payment Successed
19160,14009,2020-05-06,Payment Successed
19165,8595,2021-03-16,Payment Successed
19167,19780,2021-08-19,Payment Successed
19168,16460,2020-03-01,Payment Successed
19169,7289,2023-11-25,Payment Successed
19170,268,2021-04-30,Payment Successed
21537,97,2020-12-13,Payment Failed
21548,9453,2022-04-16,Payment Failed
21603,13374,2023-05-16,Payment Failed
21499,9090,2022-07-06,Refunded
21542,20387,2022-08-23,Refunded
21544,5993,2022-09-21,Refunded
21565,12621,2022-06-21,Refunded
21567,6879,2021-12-10,Refunded
21586,17593,2023-11-07,Refunded
21605,2457,2023-12-15,Refunded
19172,5293,2021-10-10,Payment Successed
19175,16720,2020-10-31,Payment Successed
19177,3664,2022-05-27,Payment Successed
19178,1568,2023-07-02,Payment Successed
19179,18953,2020-12-28,Payment Successed
19180,11012,2022-12-03,Payment Successed
19181,1611,2020-02-16,Payment Successed
19182,13147,2022-09-07,Payment Successed
19183,18790,2021-11-21,Payment Successed
19184,20596,2023-12-16,Payment Successed
19186,17561,2021-05-09,Payment Successed
19188,3968,2022-08-09,Payment Successed
19190,13671,2021-10-07,Payment Successed
19191,7610,2022-02-12,Payment Successed
19194,7696,2022-02-08,Payment Successed
19197,16232,2023-12-23,Payment Successed
19198,20653,2023-11-01,Payment Successed
19199,6121,2022-12-21,Payment Successed
19201,5570,2022-09-07,Payment Successed
19203,4007,2020-10-13,Payment Successed
19205,1259,2023-06-21,Payment Successed
19213,20784,2022-04-12,Payment Successed
19214,11244,2021-10-18,Payment Successed
19216,3324,2020-08-17,Payment Successed
19217,18930,2021-01-01,Payment Successed
19219,692,2023-02-24,Payment Successed
19220,4057,2021-06-01,Payment Successed
19221,1444,2021-01-29,Payment Successed
19225,21596,2022-09-17,Payment Successed
19226,4965,2023-08-16,Payment Successed
19227,13230,2022-03-22,Payment Successed
19229,19198,2021-03-24,Payment Successed
19234,13918,2022-07-01,Payment Successed
19236,13405,2022-07-04,Payment Successed
19239,19241,2023-06-01,Payment Successed
19241,10910,2022-03-03,Payment Successed
19245,14739,2020-06-30,Payment Successed
19246,9777,2021-11-10,Payment Successed
19247,5156,2021-04-10,Payment Successed
19249,8448,2023-11-01,Payment Successed
21490,19334,2022-09-29,Payment Pending
21491,10523,2022-08-08,Payment Pending
21497,13181,2023-07-31,Payment Pending
21498,12524,2021-08-04,Payment Pending
21504,5364,2020-12-28,Payment Pending
21505,19753,2021-12-27,Payment Pending
21511,7026,2020-07-09,Payment Pending
21513,5730,2020-12-23,Payment Pending
21514,3116,2021-12-24,Payment Pending
21515,15716,2021-11-29,Payment Pending
21517,19583,2021-07-03,Payment Pending
21521,16181,2022-12-30,Payment Pending
21523,16994,2023-06-22,Payment Pending
21525,21135,2022-01-17,Payment Pending
21527,8871,2021-03-04,Payment Pending
21531,14908,2020-12-31,Payment Pending
21534,11871,2021-08-06,Payment Pending
21535,18872,2023-01-06,Payment Pending
21538,3367,2020-02-22,Payment Pending
21546,9859,2022-08-01,Payment Pending
21549,17058,2023-05-18,Payment Pending
21550,20654,2021-11-28,Payment Pending
21553,951,2021-12-03,Payment Pending
21554,20069,2023-11-09,Payment Pending
21555,16881,2022-10-21,Payment Pending
21559,2831,2020-03-19,Payment Pending
21564,12453,2023-08-19,Payment Pending
21569,13895,2021-02-19,Payment Pending
21572,8182,2022-04-25,Payment Pending
21574,20525,2022-08-15,Payment Pending
21576,11513,2021-03-27,Payment Pending
21582,8333,2020-07-01,Payment Pending
21583,21079,2021-11-11,Payment Pending
21589,10388,2023-06-17,Payment Pending
21590,10765,2020-02-15,Payment Pending
21591,696,2022-01-16,Payment Pending
21592,2944,2020-03-21,Payment Pending
21594,3073,2021-12-26,Payment Pending
21596,11684,2022-07-23,Payment Pending
21600,1055,2023-03-29,Payment Pending
21602,4680,2021-01-10,Payment Pending
21604,20085,2020-12-22,Payment Pending
21607,6915,2020-01-24,Payment Pending
21617,9302,2021-08-30,Payment Pending
21623,11100,2020-09-27,Payment Pending
21624,9935,2022-08-13,Payment Pending
21625,2684,2022-01-27,Payment Pending
19254,5144,2022-04-16,Payment Successed
19255,1376,2023-08-03,Payment Successed
19256,19844,2022-10-27,Payment Successed
19257,10780,2022-01-11,Payment Successed
19258,18476,2023-06-06,Payment Successed
19259,9434,2021-06-26,Payment Successed
19263,20578,2020-06-26,Payment Successed
19264,768,2022-08-27,Payment Successed
19269,71,2021-03-31,Payment Successed
19270,5119,2020-10-22,Payment Successed
19271,8142,2020-10-05,Payment Successed
19272,15669,2021-04-23,Payment Successed
19276,17659,2022-11-30,Payment Successed
19277,16965,2022-04-07,Payment Successed
19279,13234,2022-09-13,Payment Successed
19281,948,2021-10-21,Payment Successed
19282,13755,2023-12-19,Payment Successed
19286,20159,2020-07-14,Payment Successed
19287,9385,2021-07-30,Payment Successed
19288,3027,2021-08-17,Payment Successed
19289,3260,2023-09-12,Payment Successed
19292,9768,2021-03-16,Payment Successed
19293,10688,2021-02-03,Payment Successed
19294,14627,2020-12-25,Payment Successed
19305,14073,2022-05-18,Payment Successed
19306,12411,2020-04-19,Payment Successed
19308,16527,2022-11-10,Payment Successed
19309,6050,2021-12-17,Payment Successed
19311,8367,2022-02-26,Payment Successed
1,18826,2022-10-14,Payment Successed
21628,13687,2020-01-11,Payment Pending
21629,8909,2022-09-16,Payment Pending
19312,16411,2023-04-07,Payment Successed
19313,21213,2023-09-01,Payment Successed
19315,5521,2023-09-15,Payment Successed
19317,17330,2023-08-18,Payment Successed
19319,6991,2020-08-24,Payment Successed
19320,20389,2020-02-10,Payment Successed
19321,14067,2020-11-11,Payment Successed
19323,19118,2022-03-04,Payment Successed
19328,3328,2020-06-23,Payment Successed
19329,19076,2020-07-22,Payment Successed
19331,5147,2021-11-04,Payment Successed
19332,7676,2021-11-07,Payment Successed
19333,10774,2023-03-09,Payment Successed
19334,14572,2023-12-16,Payment Successed
19335,5527,2020-08-25,Payment Successed
19336,15836,2021-10-18,Payment Successed
19339,12916,2020-01-02,Payment Successed
19342,13635,2022-10-01,Payment Successed
19344,13614,2022-12-01,Payment Successed
19345,15736,2021-07-01,Payment Successed
19348,8100,2022-07-10,Payment Successed
19350,3042,2020-02-25,Payment Successed
19352,11855,2023-11-05,Payment Successed
19355,19785,2020-03-21,Payment Successed
19356,199,2021-05-29,Payment Successed
19357,5844,2022-02-14,Payment Successed
19358,4446,2020-05-18,Payment Successed
19359,15039,2021-05-08,Payment Successed
19360,14491,2023-07-23,Payment Successed
19362,10972,2020-11-13,Payment Successed
19364,10022,2021-03-21,Payment Successed
19366,4071,2023-11-26,Payment Successed
19368,5793,2021-10-27,Payment Successed
19369,4910,2023-10-17,Payment Successed
19370,3046,2020-01-22,Payment Successed
19371,7405,2020-05-27,Payment Successed
19373,20425,2022-04-26,Payment Successed
19374,13735,2020-11-24,Payment Successed
19375,7858,2023-02-25,Payment Successed
19376,2475,2020-07-22,Payment Successed
19384,3959,2020-09-01,Payment Successed
19385,7974,2021-09-27,Payment Successed
19386,21258,2022-08-21,Payment Successed
19389,3468,2021-02-19,Payment Successed
19390,18052,2022-12-27,Payment Successed
19401,19297,2023-07-22,Payment Successed
19405,13457,2021-09-30,Payment Successed
19406,7777,2020-09-08,Payment Successed
19407,17229,2023-07-24,Payment Successed
19409,801,2023-10-13,Payment Successed
19410,8428,2023-09-11,Payment Successed
19413,3416,2023-11-26,Payment Successed
19414,13423,2022-06-02,Payment Successed
19415,3446,2022-01-19,Payment Successed
19416,15251,2021-12-09,Payment Successed
19417,3632,2021-09-29,Payment Successed
19419,5961,2022-12-17,Payment Successed
19421,21186,2020-07-23,Payment Successed
19423,6785,2020-04-13,Payment Successed
19425,6270,2020-12-30,Payment Successed
19426,7649,2020-06-23,Payment Successed
19428,3868,2021-09-03,Payment Successed
19432,15206,2020-01-28,Payment Successed
19433,13841,2021-07-18,Payment Successed
19440,2818,2023-08-03,Payment Successed
19441,542,2022-07-21,Payment Successed
19442,882,2023-02-08,Payment Successed
19443,18312,2020-01-21,Payment Successed
19445,7157,2022-07-30,Payment Successed
19447,20558,2021-03-15,Payment Successed
19448,14443,2022-03-16,Payment Successed
19449,21069,2023-03-08,Payment Successed
19451,19847,2022-01-30,Payment Successed
19453,7694,2022-10-29,Payment Successed
19454,277,2023-01-10,Payment Successed
19455,7464,2023-03-06,Payment Successed
19456,7116,2023-03-17,Payment Successed
19458,12317,2022-01-04,Payment Successed
19459,9586,2022-06-24,Payment Successed
19461,20210,2022-09-29,Payment Successed
19462,19671,2020-06-13,Payment Successed
19463,10204,2020-02-26,Payment Successed
19466,16020,2023-02-25,Payment Successed
19467,875,2023-05-08,Payment Successed
19468,15966,2022-08-19,Payment Successed
19469,15511,2021-04-30,Payment Successed
19471,14707,2023-01-23,Payment Successed
19473,9132,2021-10-10,Payment Successed
19474,6497,2023-09-06,Payment Successed
19475,5776,2021-06-03,Payment Successed
19477,11492,2020-04-20,Payment Successed
19478,4341,2021-01-17,Payment Successed
19479,4827,2022-07-02,Payment Successed
19481,12237,2023-06-19,Payment Successed
19482,7747,2022-07-24,Payment Successed
19483,6990,2023-08-02,Payment Successed
19484,3800,2020-11-04,Payment Successed
19488,20845,2023-12-28,Payment Successed
19492,7230,2020-06-29,Payment Successed
19497,4364,2023-06-23,Payment Successed
19500,14256,2023-03-03,Payment Successed
19502,19569,2021-01-11,Payment Successed
19505,8792,2020-11-13,Payment Successed
19508,12306,2022-03-29,Payment Successed
19510,13300,2023-09-02,Payment Successed
19511,8470,2022-09-30,Payment Successed
19518,12999,2022-10-31,Payment Successed
19520,6357,2021-05-25,Payment Successed
19521,6018,2023-01-12,Payment Successed
19524,2897,2022-04-08,Payment Successed
19525,1990,2022-12-28,Payment Successed
19527,4020,2022-10-28,Payment Successed
19528,10961,2023-08-24,Payment Successed
19529,17475,2021-04-06,Payment Successed
19531,8035,2020-06-11,Payment Successed
19533,18118,2020-12-17,Payment Successed
19534,16169,2023-11-23,Payment Successed
19535,17882,2021-08-28,Payment Successed
19536,13340,2022-08-28,Payment Successed
19540,10106,2022-03-13,Payment Successed
19541,4513,2021-10-19,Payment Successed
19542,17351,2020-10-19,Payment Successed
19543,6665,2022-09-15,Payment Successed
19544,20796,2022-07-06,Payment Successed
19545,5750,2022-08-24,Payment Successed
19546,17092,2021-07-19,Payment Successed
19547,10560,2021-03-18,Payment Successed
19548,215,2022-01-04,Payment Successed
19550,8110,2022-01-12,Payment Successed
19551,15677,2020-02-28,Payment Successed
19552,10823,2021-06-17,Payment Successed
19553,16283,2021-04-06,Payment Successed
19554,18338,2020-01-31,Payment Successed
19556,20981,2023-02-10,Payment Successed
19560,16111,2023-02-11,Payment Successed
19561,13276,2023-10-09,Payment Successed
19562,120,2022-10-15,Payment Successed
19564,887,2021-02-23,Payment Successed
19567,2156,2022-02-28,Payment Successed
19570,14214,2023-04-10,Payment Successed
19571,7973,2020-05-14,Payment Successed
19572,12497,2021-09-10,Payment Successed
19575,15310,2021-11-26,Payment Successed
19578,20231,2021-05-06,Payment Successed
19579,1492,2023-06-20,Payment Successed
19580,14449,2022-11-28,Payment Successed
19584,3497,2020-11-25,Payment Successed
19586,2971,2020-06-08,Payment Successed
19590,10941,2020-10-23,Payment Successed
19591,14091,2020-07-12,Payment Successed
19592,3400,2022-02-22,Payment Successed
19595,10734,2023-06-07,Payment Successed
19596,4070,2020-01-14,Payment Successed
19597,9754,2021-07-19,Payment Successed
19600,15312,2022-12-14,Payment Successed
19602,9572,2020-05-14,Payment Successed
19603,6058,2023-02-14,Payment Successed
19604,6308,2020-06-15,Payment Successed
19605,1256,2021-10-28,Payment Successed
19606,18320,2023-06-25,Payment Successed
19609,12172,2023-03-31,Payment Successed
19611,3808,2020-05-04,Payment Successed
19613,12336,2020-07-30,Payment Successed
19615,21335,2022-03-23,Payment Successed
19616,10469,2023-07-06,Payment Successed
19617,20016,2020-01-24,Payment Successed
19620,4405,2022-12-27,Payment Successed
19623,5476,2021-12-02,Payment Successed
19625,19447,2022-06-04,Payment Successed
19627,21393,2023-12-06,Payment Successed
19631,966,2023-02-26,Payment Successed
19632,18253,2021-12-25,Payment Successed
19633,1139,2021-11-07,Payment Successed
19640,14071,2021-08-24,Payment Successed
19641,20635,2020-03-05,Payment Successed
19642,15235,2021-10-11,Payment Successed
19643,4986,2022-10-01,Payment Successed
19646,9793,2023-08-17,Payment Successed
19647,9590,2023-06-15,Payment Successed
19649,15278,2023-11-30,Payment Successed
19650,111,2023-06-11,Payment Successed
19651,16053,2023-07-10,Payment Successed
19652,4671,2020-02-04,Payment Successed
19654,6528,2023-02-11,Payment Successed
19655,13551,2021-09-13,Payment Successed
19656,6012,2022-10-11,Payment Successed
19658,6965,2020-07-07,Payment Successed
19659,20443,2021-05-13,Payment Successed
19660,19733,2021-02-19,Payment Successed
19661,5590,2021-08-11,Payment Successed
19662,10919,2020-03-13,Payment Successed
19663,1101,2021-10-08,Payment Successed
19665,12732,2021-03-07,Payment Successed
19667,3143,2022-01-30,Payment Successed
19669,10399,2022-11-12,Payment Successed
19672,4750,2020-01-14,Payment Successed
19673,3160,2022-04-13,Payment Successed
19676,15659,2020-02-29,Payment Successed
19677,5818,2020-09-15,Payment Successed
19678,5900,2021-12-16,Payment Successed
19683,7776,2022-07-02,Payment Successed
19687,10138,2020-01-20,Payment Successed
19688,5374,2023-02-03,Payment Successed
19689,3340,2023-11-21,Payment Successed
19692,20832,2020-02-20,Payment Successed
19694,15294,2022-09-27,Payment Successed
19697,6795,2020-03-30,Payment Successed
19699,20488,2020-11-21,Payment Successed
19701,7124,2022-07-10,Payment Successed
19707,7266,2020-04-21,Payment Successed
19708,1182,2021-11-29,Payment Successed
19709,2767,2022-09-02,Payment Successed
19714,7146,2023-05-09,Payment Successed
19715,5110,2021-01-17,Payment Successed
19716,18822,2023-10-11,Payment Successed
19717,17608,2021-12-07,Payment Successed
19719,15762,2021-10-07,Payment Successed
19720,21508,2023-05-06,Payment Successed
19721,4823,2023-01-14,Payment Successed
19722,5772,2022-05-05,Payment Successed
19723,7782,2023-05-22,Payment Successed
19724,6434,2021-06-17,Payment Successed
19726,940,2022-04-28,Payment Successed
19727,14906,2020-12-01,Payment Successed
19728,7248,2021-06-18,Payment Successed
19733,4253,2022-05-15,Payment Successed
19735,18813,2022-07-19,Payment Successed
19736,12185,2021-08-26,Payment Successed
19737,18929,2022-01-05,Payment Successed
19738,13856,2023-01-28,Payment Successed
19739,8479,2021-04-17,Payment Successed
19741,418,2022-12-14,Payment Successed
19742,20958,2022-10-24,Payment Successed
19744,11652,2022-02-01,Payment Successed
19745,11567,2022-05-03,Payment Successed
19746,7042,2020-08-22,Payment Successed
19757,18252,2020-10-26,Payment Successed
19759,8914,2020-09-17,Payment Successed
19764,18068,2020-04-29,Payment Successed
19767,9821,2020-06-01,Payment Successed
19768,15149,2023-11-04,Payment Successed
19770,8771,2020-05-21,Payment Successed
19771,14959,2022-02-06,Payment Successed
19774,3370,2020-07-05,Payment Successed
19775,21081,2023-11-22,Payment Successed
19776,645,2022-06-30,Payment Successed
19778,8833,2022-01-20,Payment Successed
19781,6388,2023-07-26,Payment Successed
19783,1487,2022-03-21,Payment Successed
19786,21112,2022-09-21,Payment Successed
19787,7517,2021-08-20,Payment Successed
19789,4313,2021-08-08,Payment Successed
19793,10514,2021-09-24,Payment Successed
19797,17087,2023-06-29,Payment Successed
19799,19920,2021-04-07,Payment Successed
19803,12283,2021-05-29,Payment Successed
19804,6745,2022-05-25,Payment Successed
19805,9955,2022-02-16,Payment Successed
19806,7006,2023-12-25,Payment Successed
19809,12096,2023-06-28,Payment Successed
19811,3008,2020-04-21,Payment Successed
19812,9512,2022-11-08,Payment Successed
19813,14653,2020-06-26,Payment Successed
19816,9954,2021-11-07,Payment Successed
19817,18108,2022-09-17,Payment Successed
19820,8492,2020-02-05,Payment Successed
19821,16544,2020-03-05,Payment Successed
19822,7951,2020-09-25,Payment Successed
19823,11794,2021-11-03,Payment Successed
19824,119,2023-12-22,Payment Successed
19825,842,2021-10-20,Payment Successed
19826,19664,2021-03-07,Payment Successed
19827,15276,2023-07-24,Payment Successed
19828,10893,2020-05-28,Payment Successed
19829,13651,2022-02-27,Payment Successed
19832,1356,2021-07-26,Payment Successed
19834,3430,2023-11-12,Payment Successed
19836,11200,2021-11-07,Payment Successed
19837,15171,2022-06-02,Payment Successed
19838,854,2021-01-23,Payment Successed
19839,5076,2020-07-20,Payment Successed
19847,20339,2022-07-31,Payment Successed
19848,5731,2021-03-28,Payment Successed
19850,14899,2023-03-07,Payment Successed
19851,17379,2023-05-13,Payment Successed
19852,14807,2023-04-24,Payment Successed
19859,11377,2021-05-07,Payment Successed
19860,8267,2023-04-05,Payment Successed
19864,2277,2023-03-01,Payment Successed
19865,20109,2023-10-23,Payment Successed
19866,16598,2023-02-18,Payment Successed
19867,18648,2023-03-21,Payment Successed
19868,14819,2022-01-09,Payment Successed
19870,5189,2020-08-15,Payment Successed
19872,16784,2023-06-21,Payment Successed
19873,3466,2020-12-14,Payment Successed
19874,2823,2020-05-19,Payment Successed
19875,18843,2022-01-04,Payment Successed
19876,3522,2022-03-18,Payment Successed
19877,7219,2022-06-08,Payment Successed
19879,9330,2021-01-25,Payment Successed
19888,10486,2021-09-28,Payment Successed
19889,13222,2021-01-08,Payment Successed
19890,10328,2022-01-21,Payment Successed
19892,931,2022-12-24,Payment Successed
19893,17324,2021-05-31,Payment Successed
19894,2828,2020-01-28,Payment Successed
19897,18859,2022-05-13,Payment Successed
19898,4456,2020-03-09,Payment Successed
19903,20860,2022-04-24,Payment Successed
19904,18722,2023-09-14,Payment Successed
19906,8702,2021-06-30,Payment Successed
19909,10242,2020-06-17,Payment Successed
19911,7307,2023-04-07,Payment Successed
19913,13376,2022-07-17,Payment Successed
19914,15092,2020-07-12,Payment Successed
19916,91,2023-12-24,Payment Successed
19917,1615,2021-04-10,Payment Successed
19918,2592,2020-08-15,Payment Successed
19920,9115,2021-02-03,Payment Successed
19922,14078,2021-04-30,Payment Successed
19924,19164,2021-02-07,Payment Successed
19929,4893,2022-11-13,Payment Successed
19931,18375,2022-01-27,Payment Successed
19932,13118,2020-10-01,Payment Successed
19933,7268,2023-11-23,Payment Successed
19934,6323,2022-02-18,Payment Successed
19935,10107,2022-06-06,Payment Successed
19936,10139,2021-11-23,Payment Successed
19938,5344,2021-02-25,Payment Successed
19939,4351,2020-09-06,Payment Successed
19941,6295,2021-11-02,Payment Successed
19942,19877,2023-11-12,Payment Successed
19947,19974,2022-03-19,Payment Successed
19948,15853,2020-08-05,Payment Successed
19949,6643,2021-01-21,Payment Successed
19951,9136,2021-09-27,Payment Successed
19952,13459,2023-12-06,Payment Successed
19953,14864,2023-06-01,Payment Successed
19955,14637,2022-07-17,Payment Successed
19956,8079,2023-02-05,Payment Successed
19957,13032,2020-04-04,Payment Successed
19962,4570,2021-07-15,Payment Successed
19963,6593,2023-05-25,Payment Successed
19964,9731,2020-07-30,Payment Successed
19965,12697,2021-11-07,Payment Successed
19966,16871,2022-03-05,Payment Successed
19967,4608,2021-03-13,Payment Successed
19969,4995,2020-04-20,Payment Successed
19971,12236,2022-03-30,Payment Successed
19972,5859,2023-12-19,Payment Successed
19973,8714,2022-11-29,Payment Successed
19974,1998,2021-11-09,Payment Successed
19983,14792,2023-09-28,Payment Successed
19985,17521,2021-04-10,Payment Successed
19986,21459,2021-09-23,Payment Successed
19989,2246,2022-06-24,Payment Successed
19990,14748,2022-10-29,Payment Successed
19992,16445,2020-08-02,Payment Successed
19993,11495,2023-12-12,Payment Successed
19994,13761,2020-06-03,Payment Successed
19995,17038,2022-06-19,Payment Successed
19996,5531,2022-07-11,Payment Successed
19997,901,2022-10-09,Payment Successed
19999,2559,2020-06-17,Payment Successed
20000,18737,2023-10-10,Payment Successed
20001,7427,2020-11-08,Payment Successed
20002,20678,2021-01-25,Payment Successed
20007,18623,2023-09-28,Payment Successed
20008,13151,2021-03-15,Payment Successed
20009,10557,2022-11-11,Payment Successed
20012,14104,2021-07-27,Payment Successed
20014,13371,2020-08-14,Payment Successed
20018,12212,2020-03-02,Payment Successed
20019,14455,2020-04-01,Payment Successed
20020,16645,2020-03-11,Payment Successed
20023,8506,2022-03-14,Payment Successed
20024,20396,2020-07-30,Payment Successed
20026,19756,2022-05-22,Payment Successed
20027,21065,2022-06-09,Payment Successed
20028,11427,2023-07-19,Payment Successed
20030,48,2022-05-21,Payment Successed
20032,8950,2021-05-23,Payment Successed
20033,19189,2022-07-29,Payment Successed
20034,21595,2023-07-10,Payment Successed
20036,6740,2020-11-16,Payment Successed
20037,21579,2021-10-15,Payment Successed
20038,4751,2023-12-24,Payment Successed
20040,5155,2021-05-03,Payment Successed
20042,2223,2021-03-07,Payment Successed
20043,2099,2022-12-18,Payment Successed
20046,9970,2021-06-04,Payment Successed
20047,2080,2023-02-16,Payment Successed
20050,4031,2023-09-18,Payment Successed
20053,19367,2023-12-21,Payment Successed
20055,7450,2023-11-29,Payment Successed
20056,14829,2021-12-08,Payment Successed
20058,12783,2020-06-30,Payment Successed
20059,9903,2020-10-07,Payment Successed
20060,2037,2022-02-19,Payment Successed
20062,9314,2021-12-07,Payment Successed
20064,1933,2022-03-28,Payment Successed
20067,5387,2023-07-14,Payment Successed
20068,15843,2022-09-29,Payment Successed
20069,15785,2020-03-21,Payment Successed
20070,20778,2020-03-25,Payment Successed
20075,13149,2021-07-12,Payment Successed
20079,5429,2023-02-13,Payment Successed
20080,11070,2021-01-09,Payment Successed
20081,9045,2020-03-26,Payment Successed
20082,16740,2022-07-19,Payment Successed
20083,16823,2022-04-10,Payment Successed
20085,6869,2021-03-15,Payment Successed
20086,10119,2023-07-28,Payment Successed
20088,5834,2020-12-15,Payment Successed
20090,10058,2020-09-24,Payment Successed
20093,193,2023-07-11,Payment Successed
20094,20789,2021-12-09,Payment Successed
20097,6624,2023-12-04,Payment Successed
20100,592,2022-01-14,Payment Successed
20101,797,2023-10-04,Payment Successed
20103,10637,2020-08-18,Payment Successed
20104,10778,2020-06-26,Payment Successed
20107,2111,2022-12-11,Payment Successed
20108,19457,2021-03-10,Payment Successed
20109,6930,2021-07-08,Payment Successed
20110,12239,2020-05-19,Payment Successed
20111,1450,2023-04-27,Payment Successed
20112,16643,2021-02-20,Payment Successed
20114,20851,2020-04-09,Payment Successed
20115,12458,2020-10-07,Payment Successed
20117,1074,2020-11-16,Payment Successed
20120,3145,2022-05-11,Payment Successed
20122,14325,2023-03-05,Payment Successed
20126,13226,2020-03-23,Payment Successed
20127,421,2020-04-07,Payment Successed
20129,9342,2022-05-15,Payment Successed
20130,9447,2021-08-21,Payment Successed
20133,18655,2020-11-30,Payment Successed
20135,11539,2022-01-19,Payment Successed
20136,6266,2022-11-24,Payment Successed
20137,11436,2023-11-01,Payment Successed
20139,8140,2023-10-30,Payment Successed
20141,15346,2023-07-05,Payment Successed
20142,4648,2022-05-18,Payment Successed
20145,20547,2023-07-31,Payment Successed
20151,11782,2021-02-18,Payment Successed
20152,15392,2021-08-24,Payment Successed
20153,14841,2020-01-06,Payment Successed
20154,6267,2023-07-05,Payment Successed
20157,21212,2022-12-13,Payment Successed
20159,15281,2021-11-04,Payment Successed
20164,11393,2020-01-14,Payment Successed
20166,975,2021-03-06,Payment Successed
20167,3700,2023-03-19,Payment Successed
20168,15395,2020-08-04,Payment Successed
20171,5098,2023-02-11,Payment Successed
20173,10821,2020-12-19,Payment Successed
20174,1840,2020-05-28,Payment Successed
20176,5576,2023-04-23,Payment Successed
20180,1199,2023-06-04,Payment Successed
20182,4594,2020-06-08,Payment Successed
20183,19431,2022-02-25,Payment Successed
20186,13879,2020-02-29,Payment Successed
20189,15921,2021-01-08,Payment Successed
20190,11781,2020-03-20,Payment Successed
20191,13996,2021-03-24,Payment Successed
20192,6269,2022-02-03,Payment Successed
20193,9328,2023-02-07,Payment Successed
20194,15999,2021-08-14,Payment Successed
20195,20407,2022-07-06,Payment Successed
20196,17939,2022-02-14,Payment Successed
20200,9787,2022-02-01,Payment Successed
20204,19758,2022-11-11,Payment Successed
20207,9471,2023-07-17,Payment Successed
20210,5473,2020-05-01,Payment Successed
20211,4723,2020-03-31,Payment Successed
20212,3050,2021-09-10,Payment Successed
20216,20919,2023-10-01,Payment Successed
20218,3341,2022-12-09,Payment Successed
20223,1269,2023-03-24,Payment Successed
20225,1907,2022-02-28,Payment Successed
20227,14736,2023-05-22,Payment Successed
20230,11956,2023-03-21,Payment Successed
20232,8635,2021-10-23,Payment Successed
20238,4170,2022-01-07,Payment Successed
20240,12784,2023-07-21,Payment Successed
20241,3185,2023-10-16,Payment Successed
20242,2207,2020-12-19,Payment Successed
20245,8856,2021-06-14,Payment Successed
20248,1567,2021-01-04,Payment Successed
20256,4428,2020-02-01,Payment Successed
20258,15817,2022-07-24,Payment Successed
20259,16746,2022-10-12,Payment Successed
20261,5259,2021-01-13,Payment Successed
20262,20118,2022-12-22,Payment Successed
20263,5426,2021-05-04,Payment Successed
20264,4219,2023-03-16,Payment Successed
20265,10157,2023-02-24,Payment Successed
20267,11133,2020-11-28,Payment Successed
20268,14289,2023-07-17,Payment Successed
20269,15924,2023-07-31,Payment Successed
20270,16974,2020-05-07,Payment Successed
20271,4938,2022-02-28,Payment Successed
20272,1250,2023-01-04,Payment Successed
20273,1621,2022-12-18,Payment Successed
20274,17980,2021-04-25,Payment Successed
20275,11098,2021-10-01,Payment Successed
20280,2881,2021-12-23,Payment Successed
20285,4880,2020-02-14,Payment Successed
20286,212,2022-11-24,Payment Successed
20288,21293,2021-11-11,Payment Successed
20290,10809,2023-03-30,Payment Successed
20291,18214,2023-03-02,Payment Successed
20292,17636,2020-04-17,Payment Successed
20293,19766,2021-09-22,Payment Successed
20294,6339,2023-10-08,Payment Successed
20296,14470,2021-02-26,Payment Successed
20297,4123,2023-12-28,Payment Successed
20299,9937,2022-01-05,Payment Successed
20303,10711,2023-10-15,Payment Successed
20304,3505,2023-02-13,Payment Successed
20307,1483,2022-03-14,Payment Successed
20309,15745,2020-12-13,Payment Successed
20310,6171,2020-11-27,Payment Successed
20311,7910,2022-12-09,Payment Successed
20314,11929,2020-11-03,Payment Successed
20315,16807,2020-01-29,Payment Successed
20316,17908,2021-12-21,Payment Successed
20317,18143,2023-11-04,Payment Successed
20319,10437,2021-09-13,Payment Successed
20320,13023,2021-04-25,Payment Successed
20322,11412,2021-05-18,Payment Successed
20327,6481,2020-09-23,Payment Successed
20330,16187,2020-03-27,Payment Successed
20331,5291,2023-05-23,Payment Successed
20333,9366,2021-04-10,Payment Successed
20338,17251,2020-12-06,Payment Successed
20343,17239,2021-12-18,Payment Successed
20344,12719,2020-04-26,Payment Successed
20345,9691,2022-04-25,Payment Successed
20346,8299,2020-09-03,Payment Successed
20348,14971,2023-07-18,Payment Successed
20350,8882,2021-03-03,Payment Successed
20351,10968,2022-09-23,Payment Successed
20354,16424,2020-03-11,Payment Successed
20355,2259,2022-07-16,Payment Successed
20358,6762,2020-03-07,Payment Successed
20359,4837,2020-02-15,Payment Successed
20360,1293,2022-06-25,Payment Successed
20363,476,2021-12-06,Payment Successed
20365,3452,2022-01-11,Payment Successed
20366,20933,2020-03-30,Payment Successed
20367,12691,2021-05-23,Payment Successed
20369,20097,2021-01-30,Payment Successed
20370,10862,2022-11-29,Payment Successed
20371,12118,2021-07-04,Payment Successed
20372,778,2021-02-01,Payment Successed
20373,7752,2020-06-02,Payment Successed
20375,4859,2021-04-23,Payment Successed
20376,14359,2021-03-23,Payment Successed
20378,1044,2023-06-22,Payment Successed
20379,16947,2023-10-18,Payment Successed
20381,19731,2020-10-02,Payment Successed
20382,8343,2023-01-09,Payment Successed
20384,17884,2022-02-18,Payment Successed
20389,14121,2021-01-28,Payment Successed
20390,6140,2021-12-20,Payment Successed
20391,8707,2023-08-07,Payment Successed
20392,4066,2020-05-16,Payment Successed
20393,1098,2021-07-31,Payment Successed
20394,4614,2022-07-13,Payment Successed
20395,56,2021-03-17,Payment Successed
20396,13817,2020-07-07,Payment Successed
20398,16767,2023-10-21,Payment Successed
20399,4048,2023-01-22,Payment Successed
20401,3028,2023-03-19,Payment Successed
20402,18663,2020-10-10,Payment Successed
20403,9712,2020-05-12,Payment Successed
20405,10804,2020-09-11,Payment Successed
20407,19864,2020-05-01,Payment Successed
20410,10464,2021-11-23,Payment Successed
20411,9410,2020-06-08,Payment Successed
20412,20520,2022-04-28,Payment Successed
20415,7099,2023-04-12,Payment Successed
20416,4372,2021-05-27,Payment Successed
20417,19442,2020-09-10,Payment Successed
20418,13036,2021-05-11,Payment Successed
20419,4752,2020-02-21,Payment Successed
20422,7175,2022-09-16,Payment Successed
20424,16390,2021-01-31,Payment Successed
20426,6602,2022-08-11,Payment Successed
20427,17112,2023-09-05,Payment Successed
20428,17670,2021-05-21,Payment Successed
20433,21156,2020-02-23,Payment Successed
20434,12788,2023-05-19,Payment Successed
20435,5923,2021-04-08,Payment Successed
20437,16489,2023-02-13,Payment Successed
20441,3604,2022-06-02,Payment Successed
20442,14205,2021-01-15,Payment Successed
20443,13628,2020-11-30,Payment Successed
20444,15598,2020-12-20,Payment Successed
20445,2294,2023-11-21,Payment Successed
20450,15611,2021-11-07,Payment Successed
20451,2596,2021-11-28,Payment Successed
20452,5663,2023-06-09,Payment Successed
20453,17064,2021-10-03,Payment Successed
20454,9745,2022-06-08,Payment Successed
20455,11403,2022-06-05,Payment Successed
20457,8824,2020-02-07,Payment Successed
20458,8849,2022-09-05,Payment Successed
20461,16343,2021-09-09,Payment Successed
20464,8094,2020-02-17,Payment Successed
20465,17781,2020-03-11,Payment Successed
20467,626,2022-11-23,Payment Successed
20468,19301,2020-04-05,Payment Successed
20469,15893,2020-06-28,Payment Successed
20471,1646,2022-12-02,Payment Successed
20476,16032,2021-05-30,Payment Successed
20478,15608,2020-08-11,Payment Successed
20479,998,2021-05-07,Payment Successed
20483,11815,2020-04-24,Payment Successed
20484,8694,2023-08-01,Payment Successed
20485,7208,2023-01-10,Payment Successed
20487,1204,2022-09-08,Payment Successed
20489,21361,2021-07-18,Payment Successed
20490,8785,2023-10-18,Payment Successed
20494,13540,2023-04-25,Payment Successed
20495,9383,2020-04-05,Payment Successed
20496,7423,2023-09-20,Payment Successed
20500,5075,2021-06-04,Payment Successed
20502,14033,2022-06-13,Payment Successed
20503,15009,2022-01-31,Payment Successed
20505,19318,2020-01-06,Payment Successed
20506,15020,2023-12-19,Payment Successed
20507,19604,2023-01-04,Payment Successed
20511,18955,2021-08-14,Payment Successed
20515,12909,2023-11-27,Payment Successed
20517,10694,2020-01-13,Payment Successed
20518,501,2020-12-30,Payment Successed
20519,9503,2020-05-23,Payment Successed
20520,10709,2023-08-14,Payment Successed
20521,21574,2021-12-23,Payment Successed
20525,20498,2023-08-13,Payment Successed
20526,8656,2021-08-29,Payment Successed
20528,20673,2023-09-05,Payment Successed
20529,7934,2023-02-06,Payment Successed
20530,14271,2022-06-20,Payment Successed
20534,13214,2020-11-09,Payment Successed
20535,12302,2020-11-13,Payment Successed
20536,14450,2021-02-17,Payment Successed
20539,15939,2020-09-03,Payment Successed
20546,20765,2022-03-15,Payment Successed
20548,1774,2020-05-31,Payment Successed
20550,19072,2023-06-02,Payment Successed
20551,13043,2021-03-14,Payment Successed
20553,18063,2021-05-14,Payment Successed
20555,14479,2021-08-18,Payment Successed
20558,19629,2023-06-23,Payment Successed
20560,9993,2022-04-02,Payment Successed
20562,18727,2020-08-06,Payment Successed
20564,19809,2021-10-25,Payment Successed
20565,16545,2022-06-29,Payment Successed
20566,11797,2022-11-21,Payment Successed
20567,20950,2020-12-08,Payment Successed
20568,6346,2021-06-25,Payment Successed
20569,11945,2023-12-25,Payment Successed
20570,2662,2021-03-27,Payment Successed
20571,16882,2022-01-11,Payment Successed
20572,6800,2021-04-13,Payment Successed
20574,1847,2023-01-02,Payment Successed
20576,15520,2021-02-05,Payment Successed
20577,2031,2021-05-31,Payment Successed
20578,17756,2021-03-02,Payment Successed
20580,2232,2020-06-18,Payment Successed
20582,2100,2020-10-16,Payment Successed
20585,4712,2022-08-13,Payment Successed
20587,13523,2020-09-05,Payment Successed
20588,8939,2022-12-31,Payment Successed
20591,5550,2023-06-07,Payment Successed
20592,11437,2022-09-07,Payment Successed
20593,11052,2020-04-24,Payment Successed
20594,12649,2023-01-29,Payment Successed
20595,16637,2022-04-27,Payment Successed
20596,13393,2022-07-26,Payment Successed
20597,7259,2022-04-08,Payment Successed
20598,5732,2021-07-15,Payment Successed
20599,5870,2022-10-16,Payment Successed
20600,7433,2020-12-26,Payment Successed
20601,18567,2023-09-20,Payment Successed
20603,3456,2020-03-02,Payment Successed
20605,2113,2020-08-03,Payment Successed
20606,9466,2020-02-13,Payment Successed
20607,6277,2023-06-09,Payment Successed
20611,5712,2022-06-03,Payment Successed
20613,18246,2020-09-23,Payment Successed
20614,10939,2021-03-05,Payment Successed
20617,8685,2021-12-31,Payment Successed
20618,16654,2022-04-07,Payment Successed
20620,5715,2023-01-26,Payment Successed
20624,5341,2020-03-14,Payment Successed
20627,17027,2020-07-14,Payment Successed
20628,100,2020-07-12,Payment Successed
20633,1217,2021-09-30,Payment Successed
20634,9042,2021-06-16,Payment Successed
20635,16317,2021-11-01,Payment Successed
20636,20116,2023-03-16,Payment Successed
20638,9990,2023-01-22,Payment Successed
20639,14947,2023-03-08,Payment Successed
20640,1150,2021-12-28,Payment Successed
20641,13958,2023-05-18,Payment Successed
20642,275,2022-02-14,Payment Successed
20643,5749,2022-03-10,Payment Successed
20646,13425,2020-03-26,Payment Successed
20647,17163,2023-12-08,Payment Successed
20648,2291,2021-10-29,Payment Successed
20649,12031,2023-03-02,Payment Successed
20650,4792,2020-02-13,Payment Successed
20651,3261,2021-02-13,Payment Successed
20656,5213,2023-04-30,Payment Successed
20658,17447,2021-08-13,Payment Successed
20659,20307,2022-01-06,Payment Successed
20660,3520,2020-02-09,Payment Successed
20662,5664,2023-06-17,Payment Successed
20663,7390,2022-11-13,Payment Successed
20665,3188,2021-05-04,Payment Successed
20666,2211,2022-04-08,Payment Successed
20667,3719,2022-09-24,Payment Successed
20668,10135,2020-07-21,Payment Successed
20669,13631,2022-09-13,Payment Successed
20670,9670,2020-06-12,Payment Successed
20671,17613,2021-11-10,Payment Successed
20674,346,2021-02-07,Payment Successed
20681,19764,2023-04-28,Payment Successed
20682,15681,2021-11-23,Payment Successed
20684,13852,2021-01-22,Payment Successed
20685,9241,2023-03-25,Payment Successed
20686,19643,2022-01-24,Payment Successed
20687,2466,2020-09-25,Payment Successed
20689,21410,2022-04-30,Payment Successed
20690,14783,2022-10-29,Payment Successed
20691,7093,2023-01-17,Payment Successed
20694,21249,2021-11-18,Payment Successed
20695,16128,2023-04-24,Payment Successed
20697,6890,2022-07-08,Payment Successed
20698,20838,2021-06-08,Payment Successed
20701,14297,2020-05-09,Payment Successed
20702,16570,2021-07-24,Payment Successed
20703,1596,2020-11-22,Payment Successed
20705,6397,2020-11-09,Payment Successed
20706,9260,2021-02-20,Payment Successed
20707,7034,2021-07-08,Payment Successed
20709,6408,2020-10-26,Payment Successed
20710,2319,2023-05-20,Payment Successed
20713,21375,2020-03-15,Payment Successed
20714,5557,2021-12-16,Payment Successed
20715,8239,2020-02-29,Payment Successed
20717,665,2023-06-06,Payment Successed
20718,20203,2020-10-29,Payment Successed
20719,11725,2021-11-05,Payment Successed
20721,3585,2023-10-26,Payment Successed
20722,21257,2021-06-05,Payment Successed
20724,6892,2022-11-29,Payment Successed
20725,20005,2020-04-06,Payment Successed
20726,19715,2021-01-30,Payment Successed
20728,21032,2021-11-19,Payment Successed
20729,16314,2021-12-26,Payment Successed
20730,21051,2022-04-18,Payment Successed
20733,12176,2022-10-20,Payment Successed
20740,2429,2021-01-19,Payment Successed
20741,8235,2020-03-28,Payment Successed
20742,9918,2023-01-30,Payment Successed
20745,6989,2021-10-19,Payment Successed
20747,1777,2020-06-20,Payment Successed
20748,12093,2022-06-16,Payment Successed
20749,2625,2023-01-02,Payment Successed
20750,13165,2021-10-06,Payment Successed
20751,7100,2022-05-01,Payment Successed
20752,2603,2023-04-22,Payment Successed
20753,16627,2021-09-24,Payment Successed
20756,4652,2022-12-25,Payment Successed
20757,10697,2022-07-15,Payment Successed
20759,16104,2021-05-02,Payment Successed
20763,21244,2023-03-15,Payment Successed
20764,20362,2021-08-02,Payment Successed
20765,17603,2022-12-18,Payment Successed
20766,16491,2021-03-12,Payment Successed
20769,14603,2023-01-28,Payment Successed
20772,2193,2021-12-07,Payment Successed
20773,2609,2023-04-30,Payment Successed
20775,15158,2021-07-28,Payment Successed
20776,8676,2023-07-01,Payment Successed
20777,2980,2022-03-01,Payment Successed
20778,6401,2020-10-29,Payment Successed
20779,15480,2023-06-27,Payment Successed
20780,13863,2023-07-15,Payment Successed
20781,2041,2023-02-11,Payment Successed
20782,15338,2020-02-07,Payment Successed
20783,57,2022-01-24,Payment Successed
20785,19934,2023-05-21,Payment Successed
20786,21053,2023-04-11,Payment Successed
20788,6770,2023-04-09,Payment Successed
20791,16166,2022-12-07,Payment Successed
20792,274,2023-12-23,Payment Successed
20793,4577,2021-04-03,Payment Successed
20795,11639,2020-12-12,Payment Successed
20796,20917,2021-10-08,Payment Successed
20797,14080,2023-06-10,Payment Successed
20799,16724,2021-05-08,Payment Successed
20800,11592,2021-11-01,Payment Successed
20801,17917,2021-02-17,Payment Successed
20803,530,2020-06-12,Payment Successed
20805,4203,2021-02-22,Payment Successed
20808,13646,2022-11-06,Payment Successed
20809,8134,2021-08-24,Payment Successed
20812,13081,2021-12-05,Payment Successed
20813,633,2023-05-27,Payment Successed
20814,9206,2023-10-06,Payment Successed
20816,12386,2020-07-19,Payment Successed
20818,6232,2021-12-21,Payment Successed
20823,21269,2023-01-31,Payment Successed
20824,4028,2020-03-19,Payment Successed
20826,3424,2023-03-14,Payment Successed
20828,19726,2021-02-19,Payment Successed
20830,13500,2020-09-22,Payment Successed
20832,20207,2021-03-04,Payment Successed
20834,9840,2020-03-10,Payment Successed
20836,21017,2020-12-02,Payment Successed
20837,8873,2023-05-05,Payment Successed
20839,8725,2023-08-07,Payment Successed
20840,3953,2023-07-23,Payment Successed
20841,12728,2021-12-24,Payment Successed
20843,10284,2023-09-15,Payment Successed
20844,13442,2022-09-15,Payment Successed
20845,7739,2020-07-06,Payment Successed
20847,2728,2023-10-30,Payment Successed
20848,7887,2022-05-09,Payment Successed
20851,1770,2022-08-09,Payment Successed
20857,5428,2023-04-12,Payment Successed
20859,5017,2020-01-03,Payment Successed
20861,8298,2020-02-19,Payment Successed
20863,1786,2021-01-05,Payment Successed
20864,21203,2023-04-03,Payment Successed
20866,2178,2021-11-17,Payment Successed
20867,6358,2021-08-08,Payment Successed
20868,20289,2020-04-26,Payment Successed
20872,5967,2023-09-22,Payment Successed
20874,18697,2021-11-12,Payment Successed
20875,344,2020-10-11,Payment Successed
20878,11297,2021-10-12,Payment Successed
20879,2150,2021-09-08,Payment Successed
20884,18346,2020-08-09,Payment Successed
20885,5281,2023-05-11,Payment Successed
20886,2912,2023-11-26,Payment Successed
20887,20504,2023-12-13,Payment Successed
20888,13611,2022-12-28,Payment Successed
20890,15228,2022-04-03,Payment Successed
20891,17395,2020-12-30,Payment Successed
20894,20982,2021-07-17,Payment Successed
20896,6999,2021-10-28,Payment Successed
20897,7884,2023-12-29,Payment Successed
20901,1282,2021-07-09,Payment Successed
20902,7131,2020-06-13,Payment Successed
20904,8551,2020-09-05,Payment Successed
20906,13765,2020-07-26,Payment Successed
20907,12601,2020-07-24,Payment Successed
20908,1454,2022-01-29,Payment Successed
20909,6614,2023-01-19,Payment Successed
20910,4951,2020-08-24,Payment Successed
20912,1367,2020-05-06,Payment Successed
20914,20700,2022-08-26,Payment Successed
20916,2493,2023-06-29,Payment Successed
20918,11667,2022-04-19,Payment Successed
20920,15107,2020-03-24,Payment Successed
20921,8565,2020-06-14,Payment Successed
20922,7555,2020-03-25,Payment Successed
20923,5083,2022-04-19,Payment Successed
20924,18923,2021-07-04,Payment Successed
20927,14636,2021-05-02,Payment Successed
20928,17249,2023-08-09,Payment Successed
20929,6578,2021-01-08,Payment Successed
20930,5556,2021-10-15,Payment Successed
20931,5261,2022-12-26,Payment Successed
20932,13228,2022-10-10,Payment Successed
20933,8975,2022-01-08,Payment Successed
20936,9617,2021-09-02,Payment Successed
20937,11439,2020-09-05,Payment Successed
20938,102,2022-06-12,Payment Successed
20947,7657,2023-06-12,Payment Successed
20948,727,2020-04-28,Payment Successed
20949,657,2021-02-12,Payment Successed
20951,21443,2020-04-30,Payment Successed
20952,2062,2022-02-14,Payment Successed
20953,1467,2021-04-14,Payment Successed
20954,19772,2020-04-13,Payment Successed
20955,13308,2023-12-12,Payment Successed
20956,1151,2021-01-13,Payment Successed
20957,14371,2022-01-30,Payment Successed
20958,3915,2023-09-03,Payment Successed
20961,4567,2021-01-21,Payment Successed
20962,8415,2022-08-21,Payment Successed
20964,8429,2022-04-26,Payment Successed
20965,8006,2022-02-17,Payment Successed
20966,14699,2021-08-10,Payment Successed
20967,17185,2021-09-09,Payment Successed
20969,14492,2020-09-05,Payment Successed
20971,16260,2020-11-09,Payment Successed
20972,15385,2021-05-21,Payment Successed
20973,4506,2021-09-30,Payment Successed
20974,17572,2020-04-09,Payment Successed
20975,16114,2021-02-20,Payment Successed
20977,5299,2022-01-07,Payment Successed
20978,15943,2020-05-19,Payment Successed
20981,20791,2021-07-15,Payment Successed
20983,1818,2021-05-03,Payment Successed
20984,18095,2023-03-18,Payment Successed
20986,4675,2023-04-29,Payment Successed
20988,7538,2020-07-06,Payment Successed
20991,6403,2020-01-05,Payment Successed
20993,17312,2020-08-11,Payment Successed
20994,17446,2020-05-25,Payment Successed
20995,5881,2022-12-14,Payment Successed
21000,8041,2022-10-22,Payment Successed
21002,2744,2022-02-12,Payment Successed
21005,21474,2022-04-10,Payment Successed
21006,4114,2023-05-16,Payment Successed
21009,4922,2023-09-21,Payment Successed
21011,19987,2023-06-07,Payment Successed
21014,7239,2021-10-30,Payment Successed
21016,19833,2022-03-03,Payment Successed
21017,1403,2023-11-24,Payment Successed
21019,7023,2023-03-26,Payment Successed
21022,15644,2023-02-02,Payment Successed
21023,1213,2020-04-03,Payment Successed
21028,17900,2023-06-10,Payment Successed
21029,19459,2023-10-09,Payment Successed
21033,6415,2020-08-25,Payment Successed
21034,9291,2022-12-25,Payment Successed
21035,3962,2023-06-25,Payment Successed
21036,644,2022-06-21,Payment Successed
21038,14795,2022-09-26,Payment Successed
21039,1554,2020-09-13,Payment Successed
21040,15199,2021-08-01,Payment Successed
21041,20780,2022-01-19,Payment Successed
21042,441,2023-04-18,Payment Successed
21043,6462,2022-03-08,Payment Successed
21044,10662,2023-01-20,Payment Successed
21047,9909,2023-03-13,Payment Successed
21054,17697,2020-07-08,Payment Successed
21055,16305,2023-07-29,Payment Successed
21056,414,2021-02-18,Payment Successed
21057,16569,2020-05-01,Payment Successed
21058,21471,2023-07-06,Payment Successed
21060,5431,2022-01-11,Payment Successed
21062,20813,2020-03-15,Payment Successed
21064,16700,2022-11-10,Payment Successed
21065,6131,2021-12-20,Payment Successed
21066,11069,2020-07-10,Payment Successed
21067,5483,2022-09-20,Payment Successed
21070,15366,2022-08-15,Payment Successed
21071,12244,2021-05-21,Payment Successed
21075,5758,2020-08-10,Payment Successed
21081,18908,2020-02-16,Payment Successed
21083,17961,2021-02-07,Payment Successed
21084,12821,2020-01-23,Payment Successed
21085,4461,2020-08-13,Payment Successed
21087,11391,2020-08-27,Payment Successed
21088,12762,2020-03-16,Payment Successed
21089,1531,2022-09-24,Payment Successed
21092,7815,2022-02-13,Payment Successed
21100,16059,2023-10-16,Payment Successed
21102,19413,2020-03-14,Payment Successed
21103,3797,2020-01-09,Payment Successed
21105,9337,2023-07-31,Payment Successed
21106,15101,2020-08-30,Payment Successed
21109,20972,2021-02-07,Payment Successed
21110,855,2023-12-24,Payment Successed
21111,10625,2021-10-21,Payment Successed
21115,7352,2020-10-30,Payment Successed
21117,4617,2020-03-07,Payment Successed
21119,9029,2020-04-27,Payment Successed
21121,16397,2020-10-10,Payment Successed
21124,7611,2021-12-14,Payment Successed
21126,11537,2021-11-09,Payment Successed
21132,20041,2023-05-19,Payment Successed
21135,3365,2020-08-27,Payment Successed
21137,7206,2022-03-02,Payment Successed
21138,13638,2020-08-03,Payment Successed
21140,21162,2020-03-03,Payment Successed
21141,11043,2023-08-28,Payment Successed
21142,14138,2022-01-31,Payment Successed
21144,5995,2023-12-04,Payment Successed
21145,13752,2023-10-20,Payment Successed
21146,16155,2021-01-25,Payment Successed
21147,17187,2022-06-23,Payment Successed
21148,17166,2023-07-23,Payment Successed
21149,20746,2020-08-20,Payment Successed
21153,1823,2021-04-26,Payment Successed
21154,20852,2020-11-17,Payment Successed
21160,8592,2023-08-05,Payment Successed
21161,12496,2020-11-22,Payment Successed
21165,18574,2022-01-16,Payment Successed
21170,15867,2023-02-15,Payment Successed
21171,15583,2022-08-29,Payment Successed
21173,9382,2021-01-28,Payment Successed
21174,7568,2020-07-24,Payment Successed
21177,16360,2021-09-04,Payment Successed
21183,5684,2021-07-30,Payment Successed
21184,17690,2023-08-29,Payment Successed
21186,7434,2020-08-16,Payment Successed
21188,18500,2023-02-26,Payment Successed
21190,15964,2021-09-07,Payment Successed
21192,2935,2020-09-06,Payment Successed
21195,11168,2023-05-03,Payment Successed
21196,6698,2021-09-05,Payment Successed
21198,934,2020-12-02,Payment Successed
21201,5662,2023-12-28,Payment Successed
21204,16295,2022-12-26,Payment Successed
21205,244,2021-12-30,Payment Successed
21210,4266,2021-09-25,Payment Successed
21211,6314,2021-12-18,Payment Successed
21214,18599,2020-11-30,Payment Successed
21218,6139,2020-10-29,Payment Successed
21219,7703,2021-01-25,Payment Successed
21221,14685,2020-06-04,Payment Successed
21227,3500,2023-05-17,Payment Successed
21229,11568,2022-05-19,Payment Successed
21230,20088,2021-06-20,Payment Successed
21231,17614,2022-07-20,Payment Successed
21232,15502,2020-09-05,Payment Successed
21234,14602,2021-03-23,Payment Successed
21236,74,2020-08-11,Payment Successed
21237,4212,2020-06-01,Payment Successed
21238,4458,2020-04-12,Payment Successed
21239,7205,2021-11-02,Payment Successed
21241,6237,2021-04-11,Payment Successed
21242,12957,2021-07-25,Payment Successed
21246,11464,2023-10-11,Payment Successed
21247,11152,2023-08-26,Payment Successed
21251,3644,2023-06-16,Payment Successed
21253,16184,2023-07-28,Payment Successed
21254,15023,2020-05-03,Payment Successed
21255,13733,2023-08-02,Payment Successed
21256,6159,2022-07-02,Payment Successed
21257,9881,2023-07-14,Payment Successed
21258,1856,2023-06-22,Payment Successed
21266,6133,2023-02-25,Payment Successed
21267,13476,2022-05-01,Payment Successed
21269,14693,2020-10-17,Payment Successed
21271,14241,2021-02-02,Payment Successed
21275,634,2022-10-26,Payment Successed
21276,9307,2021-03-12,Payment Successed
21278,5969,2021-10-26,Payment Successed
21281,4935,2023-03-04,Payment Successed
21285,2969,2020-07-07,Payment Successed
21286,8756,2021-03-21,Payment Successed
21287,3948,2020-06-01,Payment Successed
21288,9145,2021-01-26,Payment Successed
21289,3108,2021-09-03,Payment Successed
21290,16210,2021-11-27,Payment Successed
21291,4708,2022-08-17,Payment Successed
21292,12506,2022-01-07,Payment Successed
21293,16764,2021-01-05,Payment Successed
21294,20228,2021-10-06,Payment Successed
21295,12488,2022-08-13,Payment Successed
21296,14513,2021-08-03,Payment Successed
21297,14625,2023-07-01,Payment Successed
21300,12084,2023-03-11,Payment Successed
21302,5853,2021-05-10,Payment Successed
21304,9324,2023-03-23,Payment Successed
21306,12295,2020-07-27,Payment Successed
21307,12888,2021-08-14,Payment Successed
21308,3499,2022-11-06,Payment Successed
21310,5710,2023-06-26,Payment Successed
21312,13830,2022-06-13,Payment Successed
21313,9435,2020-07-27,Payment Successed
21315,19024,2020-12-20,Payment Successed
21317,5688,2020-11-24,Payment Successed
21318,19892,2022-03-21,Payment Successed
21319,17430,2023-05-06,Payment Successed
21320,16909,2023-09-07,Payment Successed
21325,9862,2021-07-08,Payment Successed
21326,17865,2020-09-05,Payment Successed
21327,5197,2023-05-31,Payment Successed
21329,18795,2022-05-11,Payment Successed
21330,9625,2021-08-10,Payment Successed
21331,11214,2021-12-24,Payment Successed
21332,1425,2020-09-19,Payment Successed
21333,11995,2020-08-20,Payment Successed
21334,4392,2021-07-02,Payment Successed
21335,11376,2023-10-25,Payment Successed
21336,14495,2020-12-31,Payment Successed
21339,21161,2023-10-10,Payment Successed
21340,19451,2020-04-19,Payment Successed
21342,3353,2021-09-13,Payment Successed
21343,1251,2021-02-03,Payment Successed
21344,11603,2020-09-03,Payment Successed
21346,21191,2022-08-30,Payment Successed
21347,20437,2022-01-05,Payment Successed
21349,5813,2021-01-05,Payment Successed
21350,12928,2023-05-01,Payment Successed
21351,6233,2021-04-07,Payment Successed
21352,13522,2020-08-28,Payment Successed
21353,5031,2023-04-02,Payment Successed
21354,20776,2023-12-30,Payment Successed
21355,16132,2020-01-27,Payment Successed
21357,3914,2023-02-03,Payment Successed
21363,11399,2021-08-21,Payment Successed
21366,18940,2023-10-27,Payment Successed
21368,3523,2020-02-04,Payment Successed
21370,17369,2020-03-10,Payment Successed
21373,5519,2020-02-20,Payment Successed
21374,21398,2020-04-08,Payment Successed
21375,7737,2023-07-06,Payment Successed
21377,17532,2022-02-02,Payment Successed
21379,4124,2020-12-10,Payment Successed
21381,13570,2022-05-17,Payment Successed
21383,8924,2022-11-25,Payment Successed
21384,8898,2023-12-06,Payment Successed
21387,20557,2023-01-27,Payment Successed
21389,10817,2023-05-03,Payment Successed
21391,18123,2021-03-26,Payment Successed
21394,1600,2022-01-24,Payment Successed
21395,16023,2021-06-28,Payment Successed
21396,1516,2020-12-21,Payment Successed
21397,17648,2023-04-20,Payment Successed
21400,6843,2023-06-01,Payment Successed
21401,640,2021-05-24,Payment Successed
21403,12505,2022-01-17,Payment Successed
21405,18887,2021-01-29,Payment Successed
21406,13089,2023-05-09,Payment Successed
21408,18519,2023-06-12,Payment Successed
21409,20435,2023-01-22,Payment Successed
21413,21083,2023-03-09,Payment Successed
21414,9102,2021-07-21,Payment Successed
21417,365,2023-12-20,Payment Successed
21418,2699,2020-02-20,Payment Successed
21419,7954,2022-06-06,Payment Successed
21420,20522,2023-09-26,Payment Successed
21422,17588,2020-02-28,Payment Successed
21427,20145,2022-07-04,Payment Successed
21429,2192,2023-06-09,Payment Successed
21431,10750,2021-12-10,Payment Successed
21432,13313,2022-08-29,Payment Successed
21435,10743,2021-04-15,Payment Successed
21436,12738,2022-08-08,Payment Successed
21438,18147,2023-08-07,Payment Successed
21439,2679,2020-10-10,Payment Successed
21440,8715,2020-05-12,Payment Successed
21442,2730,2021-11-09,Payment Successed
21443,2044,2023-03-27,Payment Successed
21444,12500,2020-08-06,Payment Successed
21447,1426,2020-07-12,Payment Successed
21448,18538,2021-08-13,Payment Successed
21450,15170,2022-09-02,Payment Successed
21453,19455,2023-07-09,Payment Successed
21455,17246,2020-04-03,Payment Successed
21456,14749,2023-09-10,Payment Successed
21458,9245,2022-07-20,Payment Successed
21459,21383,2022-06-28,Payment Successed
21460,18684,2023-05-25,Payment Successed
21461,12135,2022-11-26,Payment Successed
21467,7511,2023-06-05,Payment Successed
21472,21353,2022-04-28,Payment Successed
21473,15305,2023-10-04,Payment Successed
21475,1094,2021-06-15,Payment Successed
21477,13524,2021-11-19,Payment Successed
21478,36,2022-02-07,Payment Successed
21479,17653,2021-08-27,Payment Successed
21480,17049,2020-09-05,Payment Successed
21482,7072,2020-04-18,Payment Successed
21483,18833,2022-10-06,Payment Successed
21484,14350,2022-04-12,Payment Successed
21487,7670,2022-04-06,Payment Successed
21488,13595,2023-03-05,Payment Successed
21492,2368,2020-05-12,Payment Successed
21493,986,2020-05-20,Payment Successed
21494,17221,2022-12-20,Payment Successed
21495,5337,2021-05-31,Payment Successed
21496,12360,2020-09-23,Payment Successed
21500,21289,2021-09-02,Payment Successed
21501,12744,2022-12-16,Payment Successed
21502,14641,2022-01-30,Payment Successed
21503,2711,2021-01-10,Payment Successed
21506,12853,2020-01-22,Payment Successed
21507,4335,2020-10-24,Payment Successed
21508,2120,2023-08-22,Payment Successed
21509,3003,2022-11-06,Payment Successed
21510,2066,2023-08-18,Payment Successed
21512,20011,2022-02-03,Payment Successed
21516,8608,2020-09-27,Payment Successed
21518,744,2023-07-14,Payment Successed
21519,4872,2022-01-04,Payment Successed
21520,907,2021-08-22,Payment Successed
21522,7376,2022-10-21,Payment Successed
21524,20564,2022-04-22,Payment Successed
21526,7941,2023-03-11,Payment Successed
21528,10793,2020-02-03,Payment Successed
21529,6570,2022-08-04,Payment Successed
21530,14390,2021-04-23,Payment Successed
21532,9122,2020-02-12,Payment Successed
21533,20293,2020-08-04,Payment Successed
21536,20450,2021-08-11,Payment Successed
21539,13148,2022-04-15,Payment Successed
21540,1631,2021-06-20,Payment Successed
21541,9160,2023-12-19,Payment Successed
21543,329,2020-10-16,Payment Successed
21545,5510,2023-09-08,Payment Successed
21547,10429,2020-04-25,Payment Successed
21551,17802,2020-05-11,Payment Successed
21552,20456,2021-11-22,Payment Successed
21556,2027,2022-02-08,Payment Successed
21557,12597,2020-06-16,Payment Successed
21558,18355,2020-05-27,Payment Successed
21560,18166,2022-04-06,Payment Successed
21561,14925,2020-11-14,Payment Successed
21562,19149,2020-03-09,Payment Successed
21563,4701,2021-03-25,Payment Successed
21566,13583,2022-12-13,Payment Successed
21568,9627,2022-08-28,Payment Successed
21570,20427,2022-04-29,Payment Successed
21571,16383,2023-09-24,Payment Successed
21573,554,2021-11-09,Payment Successed
21575,5111,2020-01-05,Payment Successed
21577,6871,2021-09-04,Payment Successed
21578,12245,2023-09-04,Payment Successed
21579,16145,2020-03-12,Payment Successed
21580,1962,2023-04-24,Payment Successed
21581,19437,2023-02-20,Payment Successed
21584,20347,2022-04-02,Payment Successed
21585,20712,2020-06-14,Payment Successed
21587,17389,2022-10-24,Payment Successed
21588,12674,2023-01-15,Payment Successed
21593,13481,2022-02-22,Payment Successed
21595,10487,2021-02-05,Payment Successed
21597,8254,2022-05-30,Payment Successed
21598,10508,2021-12-10,Payment Successed
21599,5644,2020-01-05,Payment Successed
21601,1875,2020-07-19,Payment Successed
21606,14038,2022-07-16,Payment Successed
21608,5051,2022-09-24,Payment Successed
21609,8900,2022-10-27,Payment Successed
21610,4425,2023-12-24,Payment Successed
21611,2184,2021-04-09,Payment Successed
21612,20478,2021-05-23,Payment Successed
21613,1172,2020-12-15,Payment Successed
21614,21277,2021-03-25,Payment Successed
21615,10193,2023-12-06,Payment Successed
21616,3858,2023-12-22,Payment Successed
21618,3764,2022-09-27,Payment Successed
21619,362,2022-05-13,Payment Successed
21620,15869,2020-04-22,Payment Successed
21621,2371,2020-09-09,Payment Successed
21622,708,2022-10-20,Payment Successed
21626,8444,2021-03-25,Payment Successed
21627,15992,2021-12-14,Payment Successed
