shipping_id,order_id,shipping_date,return_date,shipping_provider,delivery_status
1,18826,17/10/22,,bluedart,Delivered
2,16220,15/04/22,,usps,In Transit
3,4118,08/05/23,,bluedart,Delivered
4,18842,27/03/20,,dhl,In Transit
5,7729,30/07/23,,fedex,In Transit
6,4033,10/06/21,,bluedart,In Transit
7,8270,20/11/22,,fedex,In Transit
8,550,28/12/20,,bluedart,In Transit
9,1703,31/05/22,,fedex,In Transit
10,5176,13/04/23,,dhl,Delivered
11,10565,29/07/22,,ups,Delivered
12,16673,17/05/20,,bluedart,Delivered
13,1892,28/04/20,,ups,Delivered
14,12228,04/03/21,,dhl,Delivered
15,4761,30/04/21,,bluedart,Delivered
16,1272,01/11/23,,fedex,Delivered
17,21388,23/12/23,,dhl,Delivered
18,2583,18/09/23,,fedex,In Transit
19,5707,12/06/21,,fedex,Delivered
20,17184,12/08/21,29/08/21,fedex,Returned
21,6404,18/01/22,,fedex,Delivered
22,2939,30/09/20,,usps,Delivered
23,21329,06/03/22,,fedex,Delivered
24,19549,11/04/20,,usps,Delivered
25,9203,04/08/23,,dhl,In Transit
26,10807,14/05/22,,bluedart,Cancelled
27,4885,16/05/21,,dhl,Delivered
28,16855,17/10/20,,bluedart,Delivered
29,21567,14/04/22,,fedex,Delivered
30,4941,05/07/20,,fedex,Delivered
31,2282,20/10/21,,bluedart,In Transit
32,1155,25/02/23,,usps,In Transit
33,20338,20/11/22,,fedex,Delivered
34,10090,26/03/21,,dhl,Delivered
35,11447,18/08/21,,ups,Delivered
36,19778,23/09/23,,fedex,Delivered
37,15851,03/02/22,,fedex,In Transit
38,3779,09/01/20,,bluedart,Delivered
39,11205,17/03/20,,ups,Delivered
40,8309,19/07/23,,fedex,Delivered
41,11572,09/04/20,,fedex,Cancelled
42,10500,20/05/23,,fedex,In Transit
43,5623,19/07/22,,usps,In Transit
44,19608,06/03/21,,fedex,In Transit
45,20162,08/03/23,,bluedart,In Transit
46,15878,27/09/20,,fedex,Delivered
47,204,01/11/21,,bluedart,Delivered
48,21125,25/05/22,,fedex,Delivered
49,9467,15/07/22,,fedex,Delivered
50,10612,11/07/22,,ups,Delivered
51,12097,25/02/23,,fedex,Delivered
52,1225,25/03/21,,dhl,In Transit
53,18743,06/05/21,,fedex,Delivered
54,19602,22/12/21,,dhl,In Transit
55,9698,13/05/21,,bluedart,In Transit
56,15674,23/03/20,,fedex,In Transit
57,5001,20/02/23,,bluedart,Delivered
58,12342,27/01/20,,usps,Cancelled
59,17081,18/08/20,,fedex,Delivered
60,14935,21/03/22,,fedex,Delivered
61,16624,17/07/21,,fedex,Delivered
62,18090,15/01/23,,fedex,In Transit
63,12152,06/10/22,,fedex,Delivered
64,7749,26/01/23,,dhl,Delivered
65,1140,05/06/23,,fedex,In Transit
66,2878,17/02/20,,usps,In Transit
67,2901,18/09/23,,fedex,Delivered
68,8055,02/03/23,,dhl,Delivered
69,5979,15/12/23,,ups,Delivered
70,19929,03/06/23,,fedex,In Transit
71,11828,08/03/23,,bluedart,In Transit
72,14690,18/09/20,,bluedart,In Transit
73,8297,08/10/21,,dhl,In Transit
74,11117,16/07/21,26/07/21,fedex,Returned
75,1919,10/01/23,,usps,Delivered
76,6789,07/08/21,,dhl,Delivered
77,2128,22/05/21,,fedex,In Transit
78,1222,16/02/23,,fedex,In Transit
79,15682,29/09/22,,usps,Delivered
80,2715,30/08/20,,ups,Delivered
81,5223,04/07/20,,fedex,Delivered
82,5375,06/07/21,,fedex,Cancelled
83,11163,29/05/21,,dhl,Delivered
84,1277,12/05/23,,fedex,Delivered
85,3413,23/11/21,,fedex,Cancelled
86,18412,29/12/20,,fedex,Delivered
87,20320,24/06/20,,usps,Delivered
88,18163,23/09/22,,fedex,Delivered
89,1802,08/11/20,,ups,Delivered
90,17365,03/02/21,,ups,In Transit
91,787,19/09/23,,dhl,In Transit
92,15728,06/03/21,,fedex,In Transit
93,7574,05/04/20,,usps,In Transit
94,7255,03/12/21,,fedex,In Transit
95,143,29/03/20,,dhl,In Transit
96,9813,06/07/20,,fedex,In Transit
97,18446,13/04/23,,fedex,In Transit
98,6553,23/06/22,,fedex,Delivered
99,14942,23/02/22,,fedex,Cancelled
100,8220,17/06/23,,dhl,Delivered
101,6046,18/01/20,,fedex,Delivered
102,17124,24/03/20,,dhl,Delivered
103,1853,07/02/21,,bluedart,Delivered
104,9026,08/11/21,,dhl,Delivered
105,14664,15/06/21,,bluedart,Delivered
106,7066,20/08/23,,fedex,Delivered
107,21114,30/03/20,,ups,Delivered
108,17420,23/10/20,,bluedart,Delivered
109,15688,11/10/20,,fedex,Delivered
110,5041,28/06/23,,dhl,In Transit
111,16880,09/05/21,,fedex,In Transit
112,14156,23/11/23,,dhl,In Transit
113,17550,12/05/22,,ups,In Transit
114,19975,19/09/23,,ups,In Transit
115,20885,22/01/23,,fedex,Delivered
116,2070,25/03/23,,dhl,In Transit
117,15195,15/09/22,,ups,In Transit
118,20432,03/10/21,,dhl,In Transit
119,5285,13/12/20,,fedex,Delivered
120,9927,07/12/23,,dhl,Delivered
121,8383,08/03/21,,fedex,Delivered
122,9607,29/01/21,,dhl,In Transit
123,7734,29/09/23,,ups,Delivered
124,7940,07/11/21,,fedex,Delivered
125,3133,13/04/22,,fedex,Delivered
126,14244,24/09/22,,fedex,In Transit
127,4365,07/09/21,,fedex,Delivered
128,15845,05/08/21,,bluedart,Delivered
129,10860,07/04/22,,ups,In Transit
130,1111,02/04/21,,fedex,Delivered
131,18306,29/09/21,,dhl,In Transit
132,11346,05/03/22,,bluedart,Delivered
133,11905,13/05/22,,dhl,Delivered
134,20613,30/05/20,,fedex,Cancelled
135,17396,30/04/22,,dhl,In Transit
136,20464,18/10/20,,fedex,Delivered
137,1504,30/01/21,,fedex,Cancelled
138,14894,13/07/23,,dhl,In Transit
139,13569,20/02/20,,dhl,Delivered
140,17295,07/10/20,,fedex,Delivered
141,19677,07/04/23,,bluedart,In Transit
142,19503,13/12/20,,dhl,In Transit
143,4931,03/06/21,,bluedart,Delivered
144,8373,01/06/23,,ups,In Transit
145,15270,25/10/22,,fedex,In Transit
146,2549,24/04/23,,fedex,In Transit
147,12033,29/10/20,,dhl,Delivered
148,20397,06/08/21,,fedex,Delivered
149,954,20/04/21,,dhl,In Transit
150,19515,04/10/21,,fedex,Delivered
151,632,07/05/21,,dhl,Delivered
152,19333,06/05/23,,ups,In Transit
153,20829,03/01/24,,fedex,Delivered
154,1125,18/03/20,,dhl,Delivered
155,62,13/01/20,,bluedart,Delivered
156,6079,01/05/21,,ups,Delivered
157,8167,21/11/23,,ups,In Transit
158,1093,03/02/22,,fedex,In Transit
159,3851,14/02/21,,usps,In Transit
160,399,05/07/21,,usps,In Transit
161,4793,08/11/21,25/11/21,fedex,Returned
162,19714,24/04/21,,fedex,Delivered
163,15913,01/07/22,,fedex,Cancelled
164,16595,11/06/23,,usps,Delivered
165,18322,08/04/20,,dhl,In Transit
166,15466,15/04/22,,dhl,Delivered
167,13518,10/12/23,,usps,Delivered
168,19521,23/11/23,,usps,In Transit
169,6557,02/07/20,,fedex,Delivered
170,6938,31/01/22,,dhl,Delivered
171,10964,08/06/21,,usps,In Transit
172,1845,27/06/21,,fedex,Cancelled
173,12044,16/08/22,,dhl,In Transit
174,12704,02/09/22,,ups,Delivered
175,8351,17/08/23,,usps,Delivered
176,13844,07/09/20,,fedex,Delivered
177,1552,02/12/22,13/12/22,fedex,Returned
178,18821,24/04/23,,dhl,Delivered
179,17169,06/03/22,,fedex,Delivered
180,6490,10/05/21,,fedex,In Transit
181,11836,06/12/23,,bluedart,Delivered
182,14123,29/09/22,,dhl,Delivered
183,18352,20/04/23,,dhl,In Transit
184,20365,27/09/23,,dhl,In Transit
185,15394,31/07/20,,fedex,Delivered
186,20453,18/05/20,,fedex,Delivered
187,19114,16/11/23,,dhl,Cancelled
188,14211,17/08/21,,fedex,In Transit
189,13832,26/05/21,,ups,Delivered
190,16009,29/10/23,,fedex,Delivered
191,18184,26/01/23,,fedex,In Transit
192,2634,05/04/23,,fedex,In Transit
193,13814,06/10/23,,fedex,In Transit
194,2802,23/10/23,,fedex,Delivered
195,8588,24/09/20,,fedex,In Transit
196,606,13/11/22,,fedex,In Transit
197,6854,03/03/22,,dhl,In Transit
198,492,28/12/22,,fedex,Delivered
199,3518,26/11/21,,ups,Delivered
200,19443,05/11/20,,dhl,In Transit
201,5287,10/02/20,,fedex,Delivered
202,4566,05/09/21,,bluedart,Delivered
203,9019,19/07/21,,fedex,Delivered
204,19701,24/06/23,,bluedart,Delivered
205,17724,03/04/23,,bluedart,Delivered
206,11008,28/08/21,,fedex,Delivered
207,11528,29/06/23,,fedex,Delivered
208,2176,23/02/20,,fedex,Delivered
209,3069,24/06/20,,fedex,Delivered
210,5486,09/04/23,,fedex,In Transit
211,3120,06/06/21,,fedex,Delivered
212,1662,22/09/20,,fedex,Cancelled
213,7880,22/07/21,,fedex,Delivered
214,16580,28/04/21,,dhl,Delivered
215,5262,15/12/20,,fedex,Delivered
216,18704,08/03/23,,bluedart,Delivered
217,13037,10/12/23,,fedex,In Transit
218,18070,11/07/20,,ups,Delivered
219,18933,15/11/23,,fedex,Delivered
220,9020,23/08/23,,bluedart,Delivered
221,18331,31/12/20,,usps,Delivered
222,1165,03/06/23,,bluedart,Cancelled
223,18725,01/03/23,,usps,Delivered
224,7167,09/09/21,,fedex,In Transit
225,20350,14/01/20,,fedex,Delivered
226,8178,02/11/21,,bluedart,Delivered
227,11468,15/01/22,,dhl,Delivered
228,9684,11/01/20,,bluedart,In Transit
229,1495,30/09/23,,fedex,Delivered
230,18020,07/05/21,,bluedart,Delivered
231,13560,08/08/22,,fedex,In Transit
232,10559,04/07/22,,fedex,Delivered
233,1861,26/01/21,,fedex,In Transit
234,19676,17/05/23,,bluedart,Delivered
235,10111,17/04/22,11/05/22,ups,Returned
236,18149,05/12/23,,dhl,Delivered
237,10156,07/04/22,,bluedart,In Transit
238,19571,08/11/22,,ups,In Transit
239,9786,01/06/21,,usps,In Transit
240,18528,13/10/20,,fedex,In Transit
241,6103,23/01/23,,ups,In Transit
242,2640,09/08/20,,fedex,Delivered
243,21547,19/11/20,,ups,In Transit
244,2235,29/08/22,,fedex,In Transit
245,218,29/03/23,,bluedart,In Transit
246,4457,30/12/23,,fedex,In Transit
247,20171,17/05/23,,fedex,In Transit
248,13316,26/10/21,,fedex,Delivered
249,1412,28/06/21,,usps,Delivered
250,1022,11/10/21,,fedex,Delivered
251,1148,22/12/21,,fedex,Delivered
252,16034,25/08/22,,bluedart,Delivered
253,8132,01/02/21,,dhl,Delivered
254,17305,15/09/22,,bluedart,In Transit
255,2082,03/11/21,,ups,In Transit
256,12727,01/09/23,,fedex,Delivered
257,11593,09/12/23,,dhl,Delivered
258,11604,04/12/20,,usps,Delivered
259,14798,20/06/20,,fedex,Delivered
260,18286,12/03/23,,dhl,Delivered
261,2341,04/11/22,,bluedart,Delivered
262,9104,22/12/23,,dhl,In Transit
263,1922,11/08/23,,ups,In Transit
264,15507,27/12/21,,dhl,Delivered
265,1632,21/12/22,,usps,Delivered
266,14687,07/12/22,,usps,Delivered
267,17834,05/11/23,,fedex,In Transit
268,1908,03/04/21,,fedex,Delivered
269,17946,13/11/23,,fedex,In Transit
270,8195,29/03/20,,dhl,Cancelled
271,8606,21/12/23,,fedex,In Transit
272,11574,13/02/20,,bluedart,In Transit
273,12908,05/09/21,,dhl,Delivered
274,4585,16/12/20,,fedex,Delivered
275,14399,15/11/22,,bluedart,Delivered
276,1230,16/03/22,,fedex,Delivered
277,4763,05/12/21,,fedex,In Transit
278,17982,30/11/21,,fedex,In Transit
279,3934,25/09/21,,fedex,Delivered
280,4924,11/03/23,,fedex,In Transit
281,2894,18/03/21,28/03/21,ups,Returned
282,3878,28/11/20,,usps,Delivered
283,20051,03/01/22,,fedex,Delivered
284,19059,25/01/22,,fedex,In Transit
285,2882,27/01/22,,fedex,Delivered
286,20253,30/03/22,,fedex,In Transit
287,10419,29/03/22,,bluedart,In Transit
288,3755,29/03/22,,dhl,Delivered
289,9547,19/08/22,,bluedart,Delivered
290,10786,11/11/23,,dhl,Cancelled
291,4688,15/07/22,,dhl,In Transit
292,13800,07/06/22,,dhl,In Transit
293,17822,28/12/21,,fedex,In Transit
294,12931,01/05/21,,fedex,Delivered
295,17646,24/11/21,,dhl,In Transit
296,4214,17/09/23,29/09/23,ups,Returned
297,17153,11/12/20,,fedex,Delivered
298,238,31/12/22,,fedex,Delivered
299,18238,21/01/20,,fedex,Cancelled
300,2688,12/10/23,,fedex,In Transit
301,18713,11/04/20,,bluedart,Delivered
302,14243,09/07/22,,ups,In Transit
303,17198,08/03/20,,bluedart,Delivered
304,14650,11/06/23,,fedex,In Transit
305,4890,28/03/21,,fedex,In Transit
306,18542,02/06/23,,bluedart,Cancelled
307,18817,23/04/22,,fedex,Delivered
308,20786,23/03/23,,bluedart,Delivered
309,12552,17/11/21,,fedex,In Transit
310,7532,08/07/21,,fedex,In Transit
311,14341,25/04/22,,dhl,In Transit
312,9759,24/12/22,,bluedart,In Transit
313,16480,08/02/21,,ups,In Transit
314,17116,20/06/22,,fedex,Delivered
315,19107,20/04/23,,fedex,Delivered
316,13762,01/03/21,,dhl,Delivered
317,737,24/03/23,,ups,In Transit
318,5985,14/07/20,,fedex,In Transit
319,13245,18/02/21,,ups,Delivered
320,11169,27/08/20,,dhl,Delivered
321,7722,14/12/21,,fedex,In Transit
322,5694,18/12/23,,fedex,In Transit
323,15832,18/02/20,,ups,Delivered
324,1835,18/12/23,,ups,In Transit
325,8593,22/11/23,,fedex,In Transit
326,8075,14/09/21,,usps,Delivered
327,1346,27/05/22,,fedex,Delivered
328,1931,24/03/22,,dhl,Delivered
329,20366,02/01/24,,fedex,In Transit
330,12745,28/11/20,,dhl,In Transit
331,10822,21/07/20,,usps,Delivered
332,5230,13/02/20,25/02/20,ups,Returned
333,2366,13/06/23,,fedex,Delivered
334,12385,04/01/23,,fedex,Delivered
335,3562,02/02/23,,usps,Delivered
336,13035,07/04/23,,dhl,Delivered
337,17416,24/11/21,,fedex,In Transit
338,13360,28/07/20,,fedex,Delivered
339,5399,17/10/21,,fedex,Delivered
340,18314,26/08/23,,dhl,Cancelled
341,20394,01/06/21,,usps,In Transit
342,6674,15/08/20,,fedex,Delivered
343,4902,01/01/21,,fedex,In Transit
344,8308,14/08/20,,fedex,Cancelled
345,20074,14/07/23,,dhl,In Transit
346,19456,02/01/24,,dhl,In Transit
347,17888,22/06/20,,dhl,In Transit
348,10102,11/12/20,,ups,Delivered
349,19576,10/05/23,,fedex,Delivered
350,13807,25/05/21,,fedex,Delivered
351,10620,17/06/21,,fedex,Delivered
352,8800,26/04/21,,usps,In Transit
353,14381,01/09/21,10/09/21,dhl,Returned
354,10082,17/12/22,,dhl,Delivered
355,16967,28/09/20,,fedex,In Transit
356,6246,08/07/23,,dhl,Delivered
357,14435,27/12/23,,fedex,Delivered
358,17397,26/10/22,,bluedart,In Transit
359,10290,14/04/20,,fedex,Delivered
360,10042,16/01/20,,bluedart,In Transit
361,748,18/07/23,,dhl,Cancelled
362,10729,04/08/23,,dhl,Delivered
363,3727,15/07/23,,ups,In Transit
364,18142,02/10/23,23/10/23,ups,Returned
365,7386,08/01/22,,dhl,In Transit
366,15533,27/10/22,,fedex,Delivered
367,21073,25/11/21,,ups,Delivered
368,14147,13/09/23,,ups,In Transit
369,18657,03/03/20,,usps,Delivered
370,18100,14/06/23,,fedex,Delivered
371,10096,23/08/20,,dhl,Delivered
372,14990,03/06/21,,fedex,In Transit
373,6660,24/01/20,,fedex,In Transit
374,8940,18/04/22,,bluedart,In Transit
375,18455,26/09/21,,dhl,Delivered
376,20622,25/05/21,,usps,Delivered
377,1246,09/04/23,,ups,In Transit
378,777,16/06/22,,dhl,Delivered
379,94,14/07/21,,dhl,Delivered
380,7229,24/01/20,,bluedart,Delivered
381,2922,17/12/22,,fedex,Delivered
382,15074,04/06/23,,ups,In Transit
383,16183,12/04/20,,usps,Delivered
384,15710,19/11/22,,fedex,Delivered
385,18084,24/07/22,,fedex,Delivered
386,20976,29/11/23,,bluedart,In Transit
387,5815,18/08/21,,bluedart,Delivered
388,4063,11/06/20,,fedex,Delivered
389,8326,28/11/23,,ups,Delivered
390,15274,15/08/22,,fedex,Delivered
391,8970,29/05/20,,fedex,Delivered
392,1535,02/07/20,,bluedart,In Transit
393,13196,25/08/21,,fedex,In Transit
394,7103,28/01/23,,dhl,In Transit
395,19335,16/07/23,,fedex,In Transit
396,4928,02/05/23,,fedex,Delivered
397,17642,08/04/23,,fedex,In Transit
398,12923,06/04/21,,dhl,Delivered
399,15820,19/08/22,,fedex,Delivered
400,10334,16/06/22,,dhl,Delivered
401,680,13/12/21,,bluedart,Delivered
402,2216,10/02/23,,fedex,Delivered
403,4743,15/10/20,,fedex,Delivered
404,1809,24/11/23,,fedex,Delivered
405,14150,04/04/22,,ups,In Transit
406,408,27/10/23,,ups,Delivered
407,6411,26/10/20,,dhl,In Transit
408,8322,09/10/20,,bluedart,Delivered
409,14034,21/11/21,,fedex,In Transit
410,1750,07/09/23,,bluedart,In Transit
411,10322,26/02/20,,ups,Cancelled
412,15631,10/05/23,,ups,In Transit
413,21522,11/12/23,,usps,In Transit
414,20077,06/01/22,,usps,Delivered
415,20861,19/08/23,,bluedart,In Transit
416,16709,22/04/20,,fedex,Delivered
417,2927,11/01/21,,ups,Delivered
418,9775,12/10/22,,usps,Delivered
419,16158,11/09/20,,fedex,In Transit
420,10537,17/01/22,,usps,In Transit
421,7474,13/09/23,,dhl,In Transit
422,16296,25/10/21,,fedex,Delivered
423,6749,12/12/20,,fedex,Delivered
424,3237,13/02/20,,dhl,Delivered
425,11209,18/09/23,,dhl,Delivered
426,7166,17/04/20,,fedex,Delivered
427,19039,03/05/20,,bluedart,Delivered
428,11764,08/07/23,,fedex,Delivered
429,945,30/08/22,,fedex,Delivered
430,6225,04/01/23,,fedex,In Transit
431,17129,29/06/21,,fedex,Delivered
432,10779,28/06/22,,bluedart,In Transit
433,13541,24/06/23,,fedex,In Transit
434,19881,10/03/21,,fedex,Delivered
435,21355,28/02/21,,fedex,Delivered
436,13166,13/02/20,,ups,Delivered
437,6672,22/11/22,,dhl,Delivered
438,11493,26/09/23,,fedex,Delivered
439,21504,06/08/22,,fedex,In Transit
440,4109,21/08/22,,bluedart,Delivered
441,4472,13/03/22,,fedex,Delivered
442,8675,12/03/22,,dhl,In Transit
443,12684,16/12/23,,dhl,In Transit
444,21607,28/10/22,,fedex,Delivered
445,13753,07/10/20,,bluedart,In Transit
446,7310,23/03/22,,usps,In Transit
447,8072,24/12/20,,dhl,In Transit
448,20983,15/04/23,22/04/23,ups,Returned
449,11829,10/05/22,,dhl,In Transit
450,17701,29/09/22,,dhl,Delivered
451,9464,17/08/20,,dhl,Delivered
452,16465,02/12/20,,bluedart,In Transit
453,4569,29/12/23,,fedex,Delivered
454,13953,01/05/22,,fedex,In Transit
455,4934,02/08/22,,dhl,In Transit
456,19481,02/12/22,,fedex,Delivered
457,11844,09/04/22,,bluedart,Delivered
458,430,15/04/23,,fedex,Delivered
459,1327,17/10/23,,fedex,Delivered
460,6666,07/11/23,,dhl,Delivered
461,2311,13/11/20,,usps,In Transit
462,16490,09/08/20,,fedex,In Transit
463,21218,19/08/22,,dhl,In Transit
464,543,25/11/22,,dhl,Delivered
465,3068,14/05/21,,fedex,Delivered
466,12313,29/11/21,,fedex,Delivered
467,11784,03/07/20,,usps,Delivered
468,6138,15/11/23,,fedex,Delivered
469,8926,31/10/21,,fedex,In Transit
470,7152,25/12/20,,usps,In Transit
471,21380,30/11/22,,fedex,In Transit
472,20978,28/06/20,,dhl,Delivered
473,16849,15/04/20,,fedex,Delivered
474,14055,09/06/22,,fedex,Cancelled
475,3448,03/10/22,,bluedart,In Transit
476,7291,13/02/20,,bluedart,In Transit
477,9285,24/10/21,,bluedart,Delivered
478,10352,22/09/23,,usps,In Transit
479,16206,16/12/20,,fedex,In Transit
480,11130,15/10/20,,fedex,Delivered
481,17424,12/06/23,,bluedart,Delivered
482,21133,18/03/22,,ups,Delivered
483,13527,28/10/20,,fedex,In Transit
484,9096,22/07/20,,fedex,Delivered
485,9187,05/09/21,,fedex,In Transit
486,3338,04/06/23,,bluedart,Delivered
487,5913,30/07/20,,fedex,Delivered
488,851,05/11/22,,fedex,In Transit
489,17348,14/12/21,27/12/21,fedex,Returned
490,234,16/05/21,,ups,Cancelled
491,10529,13/10/23,,fedex,Delivered
492,18327,15/03/21,,dhl,Delivered
493,13026,27/05/20,,dhl,Delivered
494,20473,08/01/21,,fedex,Delivered
495,4252,28/07/20,,fedex,In Transit
496,17119,25/05/23,,fedex,In Transit
497,9516,19/04/20,,fedex,Delivered
498,18861,15/07/20,,fedex,In Transit
499,18443,26/07/21,,ups,Delivered
500,21052,18/07/23,,fedex,Delivered
501,10522,08/04/22,,fedex,Delivered
502,15668,12/01/20,,bluedart,In Transit
503,5474,05/02/22,,dhl,Delivered
504,1299,09/02/21,,fedex,Delivered
505,12575,30/09/21,,fedex,Delivered
506,12464,07/05/20,,fedex,In Transit
507,4791,11/05/21,,fedex,Cancelled
508,2115,21/04/21,,fedex,In Transit
509,19492,22/07/23,,ups,In Transit
510,13838,04/11/23,,dhl,Delivered
511,5195,27/07/21,,dhl,In Transit
512,9742,14/04/23,,fedex,Delivered
513,20359,15/02/22,,ups,Delivered
514,1633,04/05/22,,dhl,Delivered
515,490,08/06/21,,fedex,Delivered
516,8172,09/01/22,,fedex,In Transit
517,18485,06/07/22,,fedex,In Transit
518,17677,09/03/21,,dhl,Delivered
519,4891,11/03/20,,fedex,Delivered
520,7681,04/07/23,,fedex,Delivered
521,17517,15/08/22,,dhl,In Transit
522,15218,25/08/20,,bluedart,Delivered
523,9962,16/11/23,,fedex,In Transit
524,449,28/05/20,,fedex,Delivered
525,9521,04/09/22,,fedex,Delivered
526,19565,27/10/23,,dhl,In Transit
527,18033,31/03/21,,bluedart,In Transit
528,13612,07/10/20,,bluedart,In Transit
529,15292,23/11/22,,bluedart,In Transit
530,3838,14/01/20,,fedex,Cancelled
531,6019,20/06/23,,fedex,Delivered
532,5027,01/11/20,,fedex,In Transit
533,20237,15/01/20,,dhl,In Transit
534,3854,13/07/20,,ups,In Transit
535,90,08/10/20,,bluedart,Delivered
536,5988,18/04/22,,fedex,In Transit
537,20468,19/04/22,,fedex,Delivered
538,4316,28/12/23,,dhl,Delivered
539,4243,19/06/23,,fedex,In Transit
540,2578,12/09/21,,fedex,Delivered
541,20740,02/06/22,,dhl,Delivered
542,14600,17/12/22,,ups,Delivered
543,21552,22/12/22,,usps,In Transit
544,6300,22/02/21,11/03/21,dhl,Returned
545,21457,03/09/22,,ups,Delivered
546,10876,08/11/22,,fedex,Cancelled
547,8291,01/09/20,,fedex,Delivered
548,18774,02/05/23,,fedex,Delivered
549,3156,31/12/22,,fedex,Cancelled
550,5379,17/01/22,,dhl,In Transit
551,3662,19/08/23,,usps,Delivered
552,12286,20/05/21,,usps,Delivered
553,19966,30/06/23,,ups,Delivered
554,2600,02/08/21,,fedex,In Transit
555,16477,23/07/21,,usps,Delivered
556,8712,04/07/23,,dhl,Delivered
557,70,05/03/22,,fedex,Delivered
558,16228,09/11/21,,fedex,Delivered
559,6209,20/12/21,,dhl,Delivered
560,15772,19/11/21,,fedex,In Transit
561,16997,01/12/20,,usps,Delivered
562,4740,15/03/22,,fedex,In Transit
563,13136,27/02/22,,fedex,Delivered
564,9196,26/04/23,,fedex,Delivered
565,19185,04/11/23,,dhl,Delivered
566,330,03/08/23,,ups,In Transit
567,1577,11/05/21,,bluedart,In Transit
568,19375,25/01/20,,fedex,Delivered
569,2281,13/02/22,,fedex,In Transit
570,5908,02/10/21,,fedex,Delivered
571,14570,11/11/21,,fedex,In Transit
572,11082,13/12/20,,bluedart,In Transit
573,8971,08/10/20,,fedex,Cancelled
574,13070,30/06/23,,ups,In Transit
575,16113,18/03/21,,dhl,In Transit
576,18477,29/10/22,,dhl,In Transit
577,14255,15/05/22,,usps,Delivered
578,15201,12/12/21,,fedex,Cancelled
579,1033,10/08/21,,fedex,Delivered
580,8538,20/06/21,,fedex,Cancelled
581,1902,18/01/21,,bluedart,Delivered
582,13582,01/06/23,,fedex,Delivered
583,13002,12/09/21,,dhl,Delivered
584,6839,08/08/20,,dhl,In Transit
585,15378,19/11/21,,bluedart,Delivered
586,10424,05/06/23,,fedex,Delivered
587,8579,02/06/22,,bluedart,Delivered
588,4450,09/06/23,,fedex,In Transit
589,15077,16/02/22,,bluedart,In Transit
590,15002,22/02/22,,dhl,Delivered
591,21401,06/07/23,,bluedart,Delivered
592,11862,14/06/22,,usps,Cancelled
593,400,28/06/23,,usps,Delivered
594,6067,01/01/22,,dhl,Delivered
595,13195,18/07/23,,dhl,In Transit
596,20361,16/12/23,,ups,Delivered
597,8459,14/11/20,,fedex,Cancelled
598,7943,22/11/22,,fedex,Delivered
599,15652,23/11/23,,dhl,Delivered
600,4553,06/05/23,,dhl,Delivered
601,14631,16/09/22,,bluedart,Cancelled
602,18078,24/06/22,,ups,Cancelled
603,14477,12/02/22,,fedex,In Transit
604,12005,10/03/23,,usps,Delivered
605,2437,29/07/23,,fedex,Delivered
606,13926,14/05/22,,fedex,Delivered
607,5440,19/10/22,,fedex,Delivered
608,13864,09/03/20,,fedex,Cancelled
609,20639,17/07/20,,usps,Delivered
610,15253,25/06/20,,dhl,Cancelled
611,17813,19/02/22,,bluedart,Delivered
612,16843,18/02/20,,dhl,In Transit
613,14206,07/04/23,,fedex,Delivered
614,9736,29/07/21,,bluedart,Delivered
615,19483,03/12/21,,fedex,Delivered
616,3766,11/04/20,,fedex,Delivered
617,674,26/07/21,,dhl,Delivered
618,2570,11/11/20,,usps,Delivered
619,16309,23/02/22,,bluedart,Delivered
620,15790,18/09/22,,dhl,Delivered
621,19057,11/07/20,,dhl,Delivered
622,12361,10/05/22,,dhl,Cancelled
623,7237,16/01/22,,dhl,In Transit
624,739,15/12/22,,fedex,Delivered
625,7624,11/10/21,,fedex,Delivered
626,11385,19/06/21,,fedex,Delivered
627,15912,22/01/23,,fedex,In Transit
628,11571,15/11/21,,fedex,In Transit
629,9988,16/04/23,,dhl,Cancelled
630,5313,07/08/22,,bluedart,Delivered
631,4942,08/02/22,01/03/22,fedex,Returned
632,13857,21/08/22,,ups,Cancelled
633,19209,12/01/23,03/02/23,ups,Returned
634,5553,21/06/23,,fedex,Delivered
635,20019,08/08/20,,ups,In Transit
636,12544,19/10/20,,fedex,In Transit
637,2,20/08/20,,usps,Delivered
638,15329,14/06/21,,bluedart,Delivered
639,13356,18/04/21,,fedex,Delivered
640,5270,06/07/20,,fedex,Delivered
641,2320,17/11/21,,fedex,In Transit
642,16750,17/01/22,,dhl,In Transit
643,20980,12/04/21,,fedex,In Transit
644,5842,06/07/20,,fedex,Delivered
645,5919,25/10/23,,ups,Delivered
646,5976,30/10/21,,dhl,Delivered
647,10196,19/11/23,,fedex,In Transit
648,6653,03/06/23,,ups,Delivered
649,1591,03/09/20,,ups,Delivered
650,4281,25/07/21,,dhl,Delivered
651,2200,30/07/23,,fedex,Delivered
652,7808,09/05/21,,fedex,Delivered
653,14924,09/12/20,,fedex,Delivered
654,13925,08/02/22,,fedex,In Transit
655,1069,09/09/23,,fedex,Delivered
656,19592,19/07/21,,fedex,Delivered
657,12498,15/12/23,,usps,In Transit
658,5331,31/07/20,,ups,In Transit
659,1016,15/12/22,,bluedart,Delivered
660,9119,18/11/23,,ups,Delivered
661,10827,05/05/22,,dhl,Delivered
662,19495,20/06/20,,fedex,In Transit
663,2384,05/01/21,,fedex,Delivered
664,6601,23/08/22,,fedex,Delivered
665,13505,10/09/21,17/09/21,fedex,Returned
666,9414,17/07/20,,fedex,Delivered
667,5762,20/06/23,,fedex,Cancelled
668,6017,29/12/21,,dhl,Delivered
669,21602,16/03/21,,fedex,In Transit
670,9043,28/04/23,,dhl,Delivered
671,9932,02/05/21,,bluedart,In Transit
672,18583,04/01/22,,fedex,In Transit
673,18101,30/07/23,,fedex,In Transit
674,13960,18/11/20,,fedex,Delivered
675,1485,21/05/22,,bluedart,In Transit
676,12166,30/04/21,,usps,In Transit
677,15789,22/03/21,,dhl,In Transit
678,10002,23/06/21,,dhl,Delivered
679,18262,10/06/21,,usps,In Transit
680,6179,15/05/22,,fedex,Delivered
681,3213,29/06/20,,dhl,Delivered
682,14866,16/10/22,,fedex,Delivered
683,18062,21/09/21,,fedex,Delivered
684,11443,09/08/20,,fedex,Delivered
685,2395,01/08/20,,bluedart,Delivered
686,2199,11/01/23,,ups,In Transit
687,19162,12/09/21,,fedex,Delivered
688,18635,29/03/22,,dhl,Cancelled
689,198,04/12/23,,fedex,In Transit
690,21076,13/02/21,,fedex,In Transit
691,3902,27/05/21,,fedex,In Transit
692,15643,02/01/22,,fedex,In Transit
693,20556,14/03/21,,fedex,Delivered
694,5652,02/10/23,,fedex,In Transit
695,18056,19/10/21,,fedex,In Transit
696,5565,17/06/22,,fedex,In Transit
697,4879,01/03/21,,dhl,In Transit
698,3415,01/01/22,,dhl,Delivered
699,7493,08/09/23,,bluedart,In Transit
700,3406,30/03/21,,fedex,Delivered
701,13858,10/03/21,,usps,Delivered
702,17105,14/03/23,,dhl,In Transit
703,15066,30/12/22,,fedex,Delivered
704,16840,23/05/21,,fedex,Delivered
705,10463,06/11/23,,fedex,In Transit
706,10180,25/03/21,,bluedart,Delivered
707,15594,05/04/23,,bluedart,Delivered
708,17870,10/05/21,,usps,In Transit
709,6761,21/11/23,,ups,In Transit
710,17967,18/05/22,,fedex,Delivered
711,14425,07/01/21,,bluedart,In Transit
712,701,23/07/22,,fedex,Delivered
713,1726,20/02/23,,ups,Delivered
714,4985,09/10/23,,fedex,Delivered
715,16100,14/06/21,,fedex,In Transit
716,1195,25/08/23,,fedex,In Transit
717,1184,10/08/21,,fedex,In Transit
718,3928,07/05/23,,fedex,In Transit
719,11873,15/08/21,,fedex,In Transit
720,1018,15/01/22,,fedex,Delivered
721,19619,20/08/20,,fedex,Delivered
722,11457,01/12/20,25/12/20,fedex,Returned
723,65,18/10/20,,fedex,Delivered
724,1432,09/11/20,,fedex,In Transit
725,5620,04/05/20,,fedex,Delivered
726,7407,20/08/21,,fedex,Delivered
727,1742,31/03/20,,ups,Delivered
728,10645,26/01/23,,fedex,Delivered
729,2698,02/09/22,,dhl,In Transit
730,2019,10/01/20,,bluedart,In Transit
731,10590,21/01/22,,bluedart,Delivered
732,6014,15/08/20,,fedex,In Transit
733,9048,14/06/22,04/07/22,usps,Returned
734,16883,17/10/22,,bluedart,Delivered
735,16191,08/08/22,,dhl,In Transit
736,13824,24/11/23,,ups,In Transit
737,370,07/08/21,,ups,In Transit
738,12887,17/05/22,,ups,In Transit
739,3972,13/04/23,,fedex,In Transit
740,8552,31/12/20,,ups,Delivered
741,8915,26/12/23,,fedex,Delivered
742,7549,02/01/21,,fedex,In Transit
743,1285,25/07/22,,fedex,In Transit
744,17442,30/04/22,,fedex,Delivered
745,8224,07/08/21,,ups,Cancelled
746,21287,18/10/23,,fedex,Cancelled
747,12631,20/09/23,,fedex,Delivered
748,4702,28/06/22,,usps,In Transit
749,17010,08/05/22,,dhl,In Transit
750,19446,09/02/20,,fedex,Delivered
751,14601,29/01/23,,bluedart,Delivered
752,15810,16/09/20,,fedex,In Transit
753,21515,30/05/23,,usps,Delivered
754,16286,11/12/20,,bluedart,In Transit
755,21411,18/06/20,,dhl,Cancelled
756,16278,12/12/20,,bluedart,In Transit
757,13740,01/11/23,,fedex,In Transit
758,4775,20/03/20,31/03/20,fedex,Returned
759,19067,08/09/23,,fedex,In Transit
760,18418,15/06/23,,dhl,Delivered
761,793,30/12/22,,fedex,Delivered
762,2038,09/07/21,,dhl,Delivered
763,3894,03/05/20,,usps,Delivered
764,4674,02/04/21,,ups,Delivered
765,4470,14/09/20,,fedex,Delivered
766,18557,26/09/21,,dhl,Delivered
767,5496,13/11/20,,bluedart,In Transit
768,1889,02/11/23,,fedex,Delivered
769,5878,12/01/22,,dhl,In Transit
770,14109,06/05/23,,fedex,In Transit
771,7929,18/02/20,,ups,In Transit
772,7987,11/06/22,,fedex,Delivered
773,11959,07/08/22,,bluedart,In Transit
774,6584,09/02/23,,fedex,Delivered
775,8982,19/06/21,,ups,Delivered
776,18530,11/06/21,,ups,Delivered
777,20364,29/11/21,,ups,Delivered
778,5952,20/01/23,,usps,In Transit
779,19243,27/03/22,,bluedart,Delivered
780,19071,08/12/23,,usps,Delivered
781,15214,08/11/20,,bluedart,In Transit
782,3812,01/06/20,,fedex,In Transit
783,949,17/12/23,,dhl,Delivered
784,6348,11/01/22,,fedex,In Transit
785,3693,13/06/21,,bluedart,Delivered
786,7614,02/11/20,,fedex,Delivered
787,18780,13/03/20,,dhl,Cancelled
788,14873,28/06/23,,fedex,Delivered
789,8077,26/03/23,,ups,In Transit
790,805,23/04/23,,fedex,Cancelled
791,4766,29/06/20,,fedex,In Transit
792,19238,10/05/20,,usps,Delivered
793,1405,27/02/23,,fedex,Delivered
794,5766,20/07/22,,dhl,Delivered
795,15777,10/09/21,,fedex,Delivered
796,6856,13/10/23,,ups,In Transit
797,1612,21/06/23,,ups,In Transit
798,19250,05/06/23,,bluedart,Delivered
799,8799,09/05/20,27/05/20,ups,Returned
800,17950,04/06/20,,fedex,In Transit
801,13007,19/11/21,,usps,Delivered
802,11218,03/05/20,,bluedart,In Transit
803,13368,15/10/21,,dhl,In Transit
804,20910,19/12/23,,fedex,In Transit
805,2515,24/06/21,,fedex,In Transit
806,7907,27/10/20,,fedex,Delivered
807,10185,06/09/22,,fedex,In Transit
808,1078,28/11/23,,fedex,Cancelled
809,12173,17/06/21,27/06/21,bluedart,Returned
810,13013,12/05/20,,fedex,Delivered
811,5948,26/08/22,,usps,In Transit
812,13959,16/10/20,,ups,In Transit
813,14666,15/01/23,,fedex,Delivered
814,13704,14/11/22,,fedex,Delivered
815,21341,19/02/20,,fedex,In Transit
816,13066,25/08/23,,fedex,Cancelled
817,8769,10/08/23,,fedex,Cancelled
818,10953,01/04/23,,ups,Delivered
819,1517,08/07/21,,ups,Cancelled
820,14592,28/09/20,,bluedart,In Transit
821,20534,15/08/20,,usps,In Transit
822,13769,13/12/21,,fedex,In Transit
823,14847,18/02/23,,ups,In Transit
824,941,30/11/21,,dhl,In Transit
825,5372,05/06/20,,ups,Delivered
826,9543,02/05/21,,bluedart,In Transit
827,18096,05/04/20,,fedex,In Transit
828,16831,13/07/23,,dhl,Delivered
829,3875,15/09/21,,usps,In Transit
830,6824,27/10/20,,bluedart,Delivered
831,5624,05/05/21,,ups,Delivered
832,165,04/06/21,,fedex,Delivered
833,7094,14/02/23,,bluedart,Delivered
834,16919,03/09/21,,bluedart,In Transit
835,15960,13/06/20,,ups,Delivered
836,17503,30/09/20,,ups,Delivered
837,1254,18/06/22,,dhl,Cancelled
838,16757,23/04/22,,bluedart,Delivered
839,2862,04/02/20,,fedex,In Transit
840,7654,24/06/21,,dhl,In Transit
841,5279,11/09/23,,fedex,In Transit
842,11676,18/06/22,,ups,Delivered
843,5649,17/02/20,,fedex,In Transit
844,13386,02/07/22,,usps,Delivered
845,8424,26/02/23,,fedex,In Transit
846,8243,19/04/22,,fedex,Delivered
847,3964,11/11/23,,fedex,Delivered
848,20333,13/12/20,,fedex,In Transit
849,10315,02/09/20,,fedex,In Transit
850,11213,14/02/23,,bluedart,Delivered
851,17385,19/08/23,,dhl,In Transit
852,20181,28/02/22,,ups,Delivered
853,11013,04/03/23,,ups,Delivered
854,15258,28/01/23,,dhl,Delivered
855,2999,18/11/21,,fedex,In Transit
856,4551,23/05/23,,fedex,In Transit
857,6117,02/10/22,,bluedart,In Transit
858,2453,06/07/21,,fedex,Delivered
859,3224,08/09/22,,ups,Delivered
860,11831,07/06/21,,bluedart,Delivered
861,18397,15/05/22,,dhl,Delivered
862,14904,03/06/22,,ups,Delivered
863,6630,17/02/22,,fedex,Delivered
864,1813,27/10/20,,fedex,In Transit
865,20766,05/08/22,,ups,Delivered
866,545,09/07/20,,ups,Delivered
867,11870,15/10/23,,fedex,Delivered
868,11759,28/02/21,,fedex,Delivered
869,13601,12/08/22,,fedex,In Transit
870,498,16/01/22,09/02/22,bluedart,Returned
871,8204,14/05/22,,bluedart,Cancelled
872,3827,11/05/22,,usps,Delivered
873,19220,22/10/21,,usps,Delivered
874,11253,26/04/21,,usps,In Transit
875,20824,19/02/23,,ups,In Transit
876,16276,10/03/20,,fedex,Delivered
877,10062,15/07/21,,fedex,In Transit
878,7789,03/04/22,,fedex,Delivered
879,3011,21/05/21,,fedex,In Transit
880,1163,07/08/21,,fedex,In Transit
881,13770,31/12/23,,fedex,Delivered
882,14412,11/11/21,,ups,Delivered
883,4794,29/05/23,,fedex,In Transit
884,16748,19/03/23,,dhl,Delivered
885,18801,06/05/23,,fedex,In Transit
886,17913,03/02/20,,bluedart,Delivered
887,20863,01/01/22,,fedex,Delivered
888,16470,22/04/20,,fedex,In Transit
889,14068,28/01/22,,usps,Delivered
890,17702,25/08/21,,fedex,In Transit
891,1005,28/11/20,,fedex,Delivered
892,18347,03/08/22,,dhl,Delivered
893,9899,17/03/23,,ups,In Transit
894,9016,17/07/20,,fedex,Delivered
895,9326,03/07/21,,usps,Cancelled
896,12055,29/03/20,,bluedart,Delivered
897,14502,14/07/23,,ups,In Transit
898,8271,08/06/23,,bluedart,Delivered
899,2892,28/11/21,,ups,Cancelled
900,5060,16/10/23,,usps,In Transit
901,5780,24/03/23,,bluedart,Delivered
902,1273,17/02/23,,dhl,In Transit
903,1040,21/04/22,,fedex,Delivered
904,1086,11/07/20,,fedex,In Transit
905,54,10/12/23,,usps,Delivered
906,3707,09/03/21,01/04/21,fedex,Returned
907,5093,21/06/22,,bluedart,Delivered
908,6090,08/11/23,,fedex,Delivered
909,7542,08/05/21,,fedex,Delivered
910,13335,13/01/21,,fedex,In Transit
911,1797,14/05/21,,fedex,Cancelled
912,18135,16/01/23,,dhl,In Transit
913,19832,03/10/21,,fedex,Delivered
914,7547,06/06/20,,bluedart,Delivered
915,1673,21/08/22,,fedex,Delivered
916,9370,20/03/20,,bluedart,Delivered
917,15622,14/07/22,,fedex,Delivered
918,7641,31/08/22,,ups,Delivered
919,4188,28/12/23,,bluedart,Delivered
920,12670,01/10/23,,usps,Delivered
921,6522,12/03/21,,bluedart,Delivered
922,5263,30/05/22,,fedex,Delivered
923,4072,04/04/23,,dhl,Delivered
924,10130,03/06/21,,dhl,In Transit
925,7501,22/10/20,,dhl,Cancelled
926,359,11/12/23,,ups,Delivered
927,10406,12/01/23,,fedex,Delivered
928,14308,30/07/21,,fedex,Delivered
929,15248,11/12/23,,dhl,Delivered
930,7337,16/12/21,27/12/21,bluedart,Returned
931,2780,24/02/20,,fedex,Delivered
932,15361,24/10/21,,fedex,In Transit
933,156,29/07/20,14/08/20,fedex,Returned
934,21154,03/10/23,,fedex,Cancelled
935,13287,22/05/23,,fedex,Delivered
936,2539,05/04/21,,fedex,Delivered
937,19283,28/01/21,,bluedart,In Transit
938,16338,05/05/20,,ups,Delivered
939,1677,02/04/21,,dhl,Delivered
940,5002,25/12/22,,fedex,In Transit
941,20548,14/02/22,,usps,Cancelled
942,2850,07/05/20,,fedex,In Transit
943,13428,04/07/23,,fedex,Cancelled
944,5218,12/07/21,,fedex,Delivered
945,4345,01/09/23,,fedex,In Transit
946,8597,03/04/23,,fedex,Delivered
947,2130,09/10/20,,bluedart,In Transit
948,4649,12/06/21,,fedex,Delivered
949,11906,23/11/21,,fedex,In Transit
950,9864,16/02/20,,fedex,Delivered
951,8889,26/12/21,12/01/22,fedex,Returned
952,6870,26/05/23,,fedex,Delivered
953,6468,28/08/20,,fedex,In Transit
954,10707,01/12/21,,ups,Delivered
955,12741,27/09/23,,usps,Delivered
956,15412,20/06/20,,usps,Delivered
957,18531,04/02/22,,dhl,In Transit
958,17612,02/03/22,,usps,Delivered
959,8252,10/01/20,,ups,In Transit
960,5955,10/01/20,,fedex,Delivered
961,7619,14/06/21,,dhl,In Transit
962,19748,31/12/20,,bluedart,Delivered
963,3616,17/11/23,,fedex,Cancelled
964,15919,21/04/21,,ups,In Transit
965,12752,03/06/22,14/06/22,ups,Returned
966,11414,05/06/20,,ups,In Transit
967,2212,03/11/21,,dhl,In Transit
968,14406,24/08/22,,ups,In Transit
969,2256,10/03/23,,fedex,In Transit
970,2072,12/05/20,,dhl,In Transit
971,11327,12/09/23,,dhl,Delivered
972,10324,22/11/20,,fedex,In Transit
973,16256,21/01/23,,usps,In Transit
974,14744,18/08/20,,fedex,Delivered
975,15607,29/06/23,08/07/23,fedex,Returned
976,15024,27/11/20,,fedex,Delivered
977,16780,13/08/22,,dhl,In Transit
978,5173,20/03/20,,dhl,Cancelled
979,10864,18/05/21,,bluedart,In Transit
980,18317,15/09/23,,ups,Delivered
981,15351,04/01/21,,fedex,In Transit
982,17819,26/01/23,,bluedart,Delivered
983,3773,27/07/21,,dhl,In Transit
984,15071,20/10/22,,fedex,Cancelled
985,6712,18/04/22,,usps,Cancelled
986,10845,30/01/22,,fedex,Delivered
987,14729,04/01/22,,fedex,In Transit
988,371,16/10/22,,ups,Cancelled
989,20299,26/02/20,,fedex,Delivered
990,8046,07/06/20,,fedex,Delivered
991,10509,20/06/22,,dhl,Delivered
992,10380,19/06/23,,dhl,In Transit
993,6336,24/10/20,,fedex,Delivered
994,18366,05/06/20,,bluedart,In Transit
995,14836,16/02/20,,fedex,Cancelled
996,9640,10/07/22,,usps,In Transit
997,8890,14/07/20,,fedex,In Transit
998,11610,27/02/20,,fedex,In Transit
999,4870,24/09/21,13/10/21,ups,Returned
1000,10004,29/05/23,,fedex,Delivered
1001,2771,02/10/20,,fedex,Delivered
1002,9522,08/05/23,,dhl,In Transit
1003,13536,05/04/23,,usps,Cancelled
1004,1439,07/10/22,,ups,Delivered
1005,6091,27/09/23,,dhl,Delivered
1006,14560,23/06/20,,fedex,Cancelled
1007,4597,29/06/21,,ups,Delivered
1008,284,20/12/21,,dhl,Delivered
1009,9529,19/11/23,,fedex,In Transit
1010,17867,27/11/20,,fedex,Cancelled
1011,10371,25/05/23,,fedex,Delivered
1012,8056,28/12/23,,fedex,In Transit
1013,11561,31/03/22,,dhl,Cancelled
1014,7353,28/06/22,,bluedart,In Transit
1015,19009,25/05/21,,fedex,Cancelled
1016,13432,10/05/20,,fedex,In Transit
1017,14079,27/12/20,,dhl,In Transit
1018,7136,17/06/23,,bluedart,In Transit
1019,3474,28/05/23,,fedex,In Transit
1020,655,14/01/21,,bluedart,In Transit
1021,12516,23/01/22,,fedex,Delivered
1022,4359,05/05/22,,fedex,In Transit
1023,1951,09/02/22,,ups,In Transit
1024,1573,08/01/23,,fedex,In Transit
1025,1092,01/03/23,,fedex,Delivered
1026,9457,13/02/23,,bluedart,Delivered
1027,10563,13/08/20,23/08/20,ups,Returned
1028,17528,02/07/20,,fedex,Delivered
1029,21426,03/06/20,,fedex,Delivered
1030,1362,11/10/21,,fedex,Delivered
1031,8395,12/04/23,,dhl,Cancelled
1032,13741,06/11/23,,ups,In Transit
1033,12725,23/01/21,,bluedart,Cancelled
1034,7850,26/01/21,,ups,Delivered
1035,21283,07/03/23,,bluedart,In Transit
1036,12231,15/09/21,,fedex,In Transit
1037,6137,14/11/20,,fedex,Delivered
1038,2023,02/04/23,,dhl,Delivered
1039,6360,10/07/23,,ups,In Transit
1040,14578,16/12/21,,fedex,Delivered
1041,17586,07/08/21,,ups,Delivered
1042,1232,11/09/23,,bluedart,Delivered
1043,834,13/07/23,,usps,Delivered
1044,17142,03/01/21,,ups,In Transit
1045,3182,06/02/20,,bluedart,Delivered
1046,7953,17/08/20,,usps,Cancelled
1047,19547,15/12/21,,fedex,Delivered
1048,3921,05/08/23,,fedex,Delivered
1049,21406,08/12/23,,fedex,In Transit
1050,20554,20/11/23,,dhl,In Transit
1051,15657,21/10/20,,bluedart,In Transit
1052,8217,07/11/21,,ups,Delivered
1053,11114,29/04/21,,ups,Cancelled
1054,1900,03/11/22,,ups,In Transit
1055,7412,02/11/22,,fedex,In Transit
1056,20929,22/03/23,,fedex,Delivered
1057,17415,10/07/22,,fedex,In Transit
1058,16064,21/12/22,,fedex,Delivered
1059,15490,13/08/21,,fedex,Delivered
1060,13746,08/05/22,,fedex,In Transit
1061,20137,20/02/23,,ups,Cancelled
1062,2846,04/02/20,,dhl,Cancelled
1063,12919,06/03/23,,dhl,Delivered
1064,4422,22/02/21,,fedex,In Transit
1065,4822,05/01/23,,dhl,Delivered
1066,17799,13/10/20,,dhl,In Transit
1067,10220,10/01/23,,fedex,Delivered
1068,19985,12/09/20,,fedex,In Transit
1069,20888,22/09/23,,fedex,Delivered
1070,18548,29/12/22,,fedex,In Transit
1071,4467,25/03/20,,dhl,Delivered
1072,991,08/09/20,,dhl,Delivered
1073,8047,05/07/23,,fedex,Delivered
1074,21612,09/02/22,,dhl,Cancelled
1075,13138,04/08/21,,ups,Cancelled
1076,10475,21/09/21,,ups,Delivered
1077,10048,25/08/22,,bluedart,In Transit
1078,20434,03/02/22,,ups,Delivered
1079,16889,17/06/22,,usps,Delivered
1080,9799,24/01/23,,fedex,In Transit
1081,10461,07/12/21,,dhl,Delivered
1082,12321,10/03/23,02/04/23,fedex,Returned
1083,8825,23/05/22,,bluedart,Delivered
1084,16180,18/07/21,,dhl,In Transit
1085,1789,25/10/22,,fedex,Delivered
1086,6768,24/06/20,,usps,Delivered
1087,15196,21/04/20,,fedex,Delivered
1088,15065,16/04/22,,fedex,In Transit
1089,15100,24/01/23,,fedex,In Transit
1090,9804,29/01/22,,fedex,In Transit
1091,5066,07/05/22,,bluedart,In Transit
1092,19115,19/07/21,,bluedart,In Transit
1093,20412,19/08/20,,dhl,Delivered
1094,13873,07/02/21,,bluedart,In Transit
1095,12241,16/02/23,,fedex,Delivered
1096,21183,08/01/22,,dhl,In Transit
1097,19338,23/12/22,,bluedart,Delivered
1098,1342,07/01/21,,bluedart,Delivered
1099,14760,05/08/23,,bluedart,Delivered
1100,19022,14/06/20,,fedex,Delivered
1101,19150,24/05/20,,fedex,Delivered
1102,5329,15/09/20,,fedex,Delivered
1103,17943,14/12/21,,ups,In Transit
1104,17728,24/10/23,,fedex,In Transit
1105,8789,28/09/22,,fedex,In Transit
1106,13219,28/08/22,12/09/22,dhl,Returned
1107,7646,09/05/22,,ups,Delivered
1108,20754,24/09/22,,fedex,In Transit
1109,5764,05/07/21,,dhl,Cancelled
1110,9352,15/09/20,,fedex,In Transit
1111,3730,22/02/20,,dhl,Delivered
1112,15510,11/01/22,,fedex,Delivered
1113,16341,08/07/23,,fedex,In Transit
1114,11729,14/12/22,,bluedart,In Transit
1115,9524,27/01/20,,bluedart,In Transit
1116,7898,30/08/20,,fedex,Delivered
1117,14115,12/06/23,,bluedart,In Transit
1118,18909,18/04/22,,dhl,In Transit
1119,7679,15/01/23,,bluedart,In Transit
1120,19534,06/02/21,,bluedart,Delivered
1121,5493,24/04/22,,bluedart,Delivered
1122,12706,16/05/22,23/05/22,ups,Returned
1123,9900,06/11/22,,fedex,Delivered
1124,17318,20/09/21,,fedex,Delivered
1125,16170,29/07/21,,bluedart,In Transit
1126,21566,22/04/20,13/05/20,fedex,Returned
1127,13914,28/11/22,,ups,Delivered
1128,14756,04/09/23,,fedex,In Transit
1129,18170,02/11/20,,dhl,Delivered
1130,9125,19/01/22,,bluedart,Delivered
1131,17824,18/12/21,25/12/21,fedex,Returned
1132,10263,29/10/20,,fedex,Delivered
1133,7212,12/11/20,,fedex,In Transit
1134,21559,24/06/22,,usps,In Transit
1135,1736,07/09/21,,fedex,In Transit
1136,16739,08/01/23,,fedex,In Transit
1137,3885,04/07/23,,dhl,In Transit
1138,8293,21/06/20,,fedex,Delivered
1139,6828,24/11/21,,bluedart,In Transit
1140,17301,07/08/23,,bluedart,In Transit
1141,9834,12/10/21,,fedex,Delivered
1142,3824,29/03/20,,fedex,Cancelled
1143,11381,19/09/22,,usps,In Transit
1144,6505,28/05/23,,bluedart,Delivered
1145,5845,12/02/21,,ups,Delivered
1146,755,28/10/22,,ups,Delivered
1147,14916,30/10/21,,fedex,In Transit
1148,20202,07/09/20,,dhl,Delivered
1149,15038,09/04/22,,fedex,Cancelled
1150,3701,21/04/21,,ups,Delivered
1151,3982,07/05/22,,dhl,Delivered
1152,16531,09/01/22,,dhl,Cancelled
1153,11946,29/05/23,18/06/23,fedex,Returned
1154,12677,10/07/20,,fedex,Delivered
1155,3862,04/04/21,,fedex,Delivered
1156,4393,21/06/20,,usps,Delivered
1157,1692,20/02/20,,fedex,Cancelled
1158,18543,07/01/20,,dhl,Delivered
1159,3075,11/06/20,,dhl,Delivered
1160,11783,02/01/23,,fedex,Delivered
1161,6161,14/11/22,,fedex,In Transit
1162,20752,30/01/23,,usps,In Transit
1163,19173,28/08/23,,fedex,Cancelled
1164,5761,25/07/23,,fedex,In Transit
1165,9726,23/08/21,,bluedart,Delivered
1166,13477,13/06/22,,ups,Delivered
1167,18153,25/03/21,,bluedart,Delivered
1168,12314,17/09/20,,fedex,Delivered
1169,19157,19/01/22,,fedex,In Transit
1170,6763,16/03/23,,fedex,Delivered
1171,15874,22/08/21,,dhl,Delivered
1172,21616,22/08/21,,ups,Delivered
1173,4999,13/04/22,,ups,In Transit
1174,9167,16/10/21,31/10/21,fedex,Returned
1175,17776,14/03/21,,fedex,In Transit
1176,3886,05/10/23,,dhl,In Transit
1177,5984,30/04/22,,dhl,Delivered
1178,17494,07/10/23,,ups,Delivered
1179,7644,08/09/20,,fedex,In Transit
1180,12986,06/10/23,,ups,Delivered
1181,19874,31/01/20,,usps,Delivered
1182,12165,10/11/23,,fedex,In Transit
1183,19477,04/11/21,,fedex,Delivered
1184,1808,28/12/22,,bluedart,In Transit
1185,7258,16/06/21,,fedex,In Transit
1186,6436,10/03/23,,fedex,In Transit
1187,10572,06/10/20,,dhl,Delivered
1188,10971,01/06/20,,dhl,Delivered
1189,82,25/08/23,,fedex,Cancelled
1190,21263,13/05/23,,fedex,In Transit
1191,1136,02/03/21,,fedex,Delivered
1192,2938,05/11/21,,usps,In Transit
1193,2535,23/09/21,,fedex,Delivered
1194,20524,28/04/21,,fedex,In Transit
1195,13390,03/09/21,,usps,In Transit
1196,5457,21/09/22,,ups,In Transit
1197,8020,11/02/21,,fedex,In Transit
1198,8604,10/09/22,,fedex,In Transit
1199,16735,09/08/21,,fedex,Delivered
1200,8051,02/05/21,,fedex,Delivered
1201,16340,20/06/22,,usps,Delivered
1202,12798,28/01/20,,bluedart,Delivered
1203,15,09/08/23,,usps,Delivered
1204,7688,03/12/21,,bluedart,Delivered
1205,14604,27/03/22,,fedex,Delivered
1206,13292,03/04/20,,fedex,Delivered
1207,14285,08/12/22,,fedex,Cancelled
1208,3703,15/11/23,,fedex,Delivered
1209,18950,17/08/23,,ups,In Transit
1210,19488,08/03/21,,fedex,Delivered
1211,18122,26/01/20,,ups,In Transit
1212,17651,15/02/22,,dhl,Delivered
1213,21305,17/11/22,,fedex,Delivered
1214,16789,18/02/23,,fedex,Delivered
1215,14548,12/11/20,,usps,In Transit
1216,10401,05/06/23,,fedex,In Transit
1217,15363,25/01/23,,fedex,Delivered
1218,4807,22/01/23,,fedex,Delivered
1219,5045,31/01/23,,dhl,In Transit
1220,13299,11/05/20,,bluedart,Delivered
1221,19541,01/10/23,,fedex,Delivered
1222,17134,24/07/23,,fedex,In Transit
1223,9806,12/12/21,,fedex,Delivered
1224,19356,23/02/21,,ups,In Transit
1225,18812,19/05/20,,fedex,Delivered
1226,7192,07/02/23,,dhl,Delivered
1227,303,11/09/20,,bluedart,In Transit
1228,16900,05/08/23,,bluedart,In Transit
1229,21141,15/02/21,,bluedart,In Transit
1230,2615,26/03/23,,bluedart,Delivered
1231,6454,14/06/23,,usps,In Transit
1232,2532,21/11/22,,fedex,Delivered
1233,4489,10/05/23,,ups,In Transit
1234,495,22/04/20,,fedex,Delivered
1235,4524,30/12/22,,dhl,Delivered
1236,7184,18/10/21,,bluedart,Delivered
1237,19180,09/06/23,,fedex,In Transit
1238,7415,02/02/20,,dhl,Delivered
1239,8012,09/06/21,,bluedart,In Transit
1240,7773,30/06/22,,bluedart,In Transit
1241,19145,08/07/23,,ups,In Transit
1242,11834,02/08/20,,fedex,Delivered
1243,4390,10/11/20,,ups,In Transit
1244,15073,26/09/21,,bluedart,In Transit
1245,18730,27/04/22,,fedex,In Transit
1246,15459,26/12/21,,fedex,Delivered
1247,3101,30/01/21,,fedex,Delivered
1248,6056,15/07/23,,fedex,Delivered
1249,10174,24/12/23,,usps,Cancelled
1250,2057,18/11/21,,fedex,Delivered
1251,6313,15/03/23,,usps,Cancelled
1252,6534,08/04/22,,bluedart,In Transit
1253,13568,20/01/23,,fedex,In Transit
1254,13262,28/05/20,,dhl,In Transit
1255,20513,30/06/21,,dhl,In Transit
1256,9890,23/03/23,,fedex,In Transit
1257,15296,23/06/21,,fedex,Delivered
1258,5514,07/11/20,,bluedart,Delivered
1259,19440,05/08/23,,bluedart,Delivered
1260,10615,17/03/23,,dhl,Delivered
1261,7454,30/01/22,,fedex,In Transit
1262,11053,29/06/22,,fedex,In Transit
1263,11405,30/04/20,,fedex,In Transit
1264,16245,12/08/21,,fedex,In Transit
1265,8409,25/04/21,,dhl,Delivered
1266,6787,17/08/23,,usps,Delivered
1267,7519,03/02/20,,dhl,In Transit
1268,6899,28/06/23,,bluedart,In Transit
1269,18148,09/10/21,,ups,Delivered
1270,5042,26/07/23,,dhl,Delivered
1271,15495,17/02/21,,usps,In Transit
1272,20842,05/08/23,,fedex,Delivered
1273,21348,01/12/22,,bluedart,In Transit
1274,4041,03/06/23,,fedex,In Transit
1275,17150,04/06/22,,dhl,Delivered
1276,15414,25/09/22,,dhl,In Transit
1277,3315,11/04/21,,bluedart,In Transit
1278,7410,12/08/21,,ups,Delivered
1279,2123,19/09/21,,ups,In Transit
1280,4839,07/08/20,,bluedart,In Transit
1281,12630,09/07/20,,fedex,Delivered
1282,2287,19/05/21,,fedex,Delivered
1283,15177,30/01/23,,ups,In Transit
1284,10628,16/03/20,,bluedart,Delivered
1285,5703,01/08/20,,ups,Delivered
1286,10988,29/09/20,,fedex,Delivered
1287,7489,24/04/21,,dhl,Delivered
1288,1000,25/12/22,,fedex,In Transit
1289,18886,10/04/22,,fedex,Delivered
1290,3381,06/05/23,,fedex,In Transit
1291,4615,15/08/21,,fedex,Delivered
1292,14305,27/08/20,,bluedart,Delivered
1293,2430,16/09/21,03/10/21,fedex,Returned
1294,18113,16/01/20,,dhl,Delivered
1295,11900,28/04/20,,fedex,Delivered
1296,16332,23/01/23,,fedex,In Transit
1297,6369,17/12/20,,ups,In Transit
1298,16001,20/03/21,,dhl,Delivered
1299,16879,26/09/22,,fedex,In Transit
1300,12274,30/08/23,,fedex,Delivered
1301,21150,30/08/21,,dhl,Delivered
1302,13623,11/10/21,,dhl,Delivered
1303,20039,11/11/20,,usps,Delivered
1304,16030,30/07/23,,dhl,Delivered
1305,12417,24/05/22,,fedex,Delivered
1306,21198,23/12/21,,fedex,Cancelled
1307,11867,26/05/22,,usps,In Transit
1308,11433,07/07/23,,dhl,In Transit
1309,452,10/12/23,,usps,Delivered
1310,8891,12/06/21,,dhl,Delivered
1311,11267,12/02/20,,dhl,Delivered
1312,18668,07/11/21,,dhl,Delivered
1313,8912,02/12/22,,fedex,Delivered
1314,831,01/09/20,,dhl,In Transit
1315,17537,07/07/22,,usps,In Transit
1316,10761,19/01/21,,fedex,Delivered
1317,13167,14/08/21,,fedex,Delivered
1318,12434,30/07/20,,fedex,Delivered
1319,13005,03/01/21,,fedex,Delivered
1320,21177,28/11/21,,dhl,Delivered
1321,10060,01/09/23,,dhl,Cancelled
1322,15861,18/08/23,,dhl,Delivered
1323,17647,29/08/23,,fedex,In Transit
1324,5744,24/07/20,,dhl,In Transit
1325,14984,04/12/21,,dhl,In Transit
1326,5409,22/06/23,,bluedart,In Transit
1327,13779,23/06/23,,fedex,In Transit
1328,7245,07/09/22,,dhl,In Transit
1329,6480,23/05/22,,fedex,Delivered
1330,5591,22/08/20,,usps,In Transit
1331,18823,21/03/20,,ups,Cancelled
1332,12017,25/12/22,,bluedart,In Transit
1333,1923,24/08/20,,fedex,In Transit
1334,6303,07/06/22,,fedex,Cancelled
1335,2561,06/12/21,,bluedart,Delivered
1336,17281,13/03/20,,fedex,Cancelled
1337,20671,15/05/22,,fedex,Delivered
1338,13511,17/04/22,,dhl,In Transit
1339,22,19/05/23,,fedex,Cancelled
1340,15049,09/08/20,,fedex,Delivered
1341,19307,21/08/21,,fedex,Delivered
1342,11654,01/09/22,,fedex,Delivered
1343,5233,13/02/23,,usps,Delivered
1344,8038,12/12/23,,fedex,Delivered
1345,838,21/04/20,,bluedart,Delivered
1346,8822,20/01/23,,dhl,Delivered
1347,12613,14/03/20,,fedex,Delivered
1348,17525,24/12/20,,fedex,Delivered
1349,13663,08/09/21,,ups,In Transit
1350,2511,30/04/23,,fedex,In Transit
1351,6904,18/03/22,,bluedart,In Transit
1352,4145,05/11/22,,fedex,Delivered
1353,19986,11/01/21,,fedex,Delivered
1354,14763,21/06/20,,fedex,Delivered
1355,21544,04/10/21,,fedex,Delivered
1356,12259,26/12/21,,bluedart,In Transit
1357,12907,07/03/21,,fedex,Delivered
1358,11521,29/04/21,,bluedart,In Transit
1359,1964,27/08/22,,fedex,In Transit
1360,11042,01/04/20,,dhl,In Transit
1361,2904,15/09/23,,bluedart,In Transit
1362,6041,27/10/22,,fedex,In Transit
1363,7792,19/02/21,,fedex,Cancelled
1364,584,18/04/22,,ups,Delivered
1365,10589,26/06/23,,bluedart,Delivered
1366,6911,21/09/23,,dhl,Delivered
1367,5288,05/09/21,,ups,Delivered
1368,1858,03/11/22,09/11/22,bluedart,Returned
1369,1110,13/06/22,,dhl,Delivered
1370,18226,31/10/23,,fedex,Delivered
1371,18785,18/05/23,,ups,Delivered
1372,11910,26/01/23,,ups,Delivered
1373,3146,09/10/23,,dhl,In Transit
1374,18217,09/01/22,,dhl,Delivered
1375,15881,07/09/23,,bluedart,In Transit
1376,9663,10/09/23,,fedex,Delivered
1377,8364,13/01/20,,fedex,In Transit
1378,12734,22/01/22,,usps,Delivered
1379,13307,11/04/22,,fedex,In Transit
1380,21118,28/12/23,,dhl,Cancelled
1381,3828,08/12/23,,ups,Delivered
1382,6560,01/01/21,,bluedart,Delivered
1383,17694,27/05/23,,fedex,In Transit
1384,994,17/08/23,,fedex,Delivered
1385,3999,16/08/21,,fedex,In Transit
1386,938,06/06/22,19/06/22,fedex,Returned
1387,11238,26/09/21,,dhl,Delivered
1388,8119,28/07/21,,fedex,Delivered
1389,8936,30/12/22,,dhl,Delivered
1390,9887,12/03/20,,fedex,Delivered
1391,13133,06/12/23,,fedex,In Transit
1392,6953,21/07/22,,fedex,In Transit
1393,15451,15/10/23,,ups,In Transit
1394,12984,29/03/21,,ups,Delivered
1395,631,21/10/23,,fedex,Delivered
1396,5554,18/01/22,,bluedart,Delivered
1397,16380,26/01/21,,bluedart,In Transit
1398,1734,01/07/22,,fedex,Delivered
1399,745,07/02/22,,fedex,In Transit
1400,130,19/12/23,,fedex,In Transit
1401,11720,02/10/22,,ups,Delivered
1402,16945,24/08/21,,fedex,In Transit
1403,10032,17/09/22,,bluedart,Cancelled
1404,14372,15/09/21,,dhl,In Transit
1405,1644,10/09/20,,fedex,In Transit
1406,2456,05/06/23,,fedex,Delivered
1407,19289,26/11/20,,ups,Delivered
1408,3966,17/04/23,,bluedart,In Transit
1409,10273,15/08/21,,bluedart,Delivered
1410,20674,27/06/23,,fedex,In Transit
1411,8103,01/04/21,,bluedart,In Transit
1412,12557,20/02/23,,dhl,Delivered
1413,12514,24/02/20,,fedex,Delivered
1414,9144,29/06/22,,fedex,Cancelled
1415,18325,13/11/23,,dhl,Delivered
1416,7190,01/07/22,,fedex,Delivered
1417,4401,09/06/20,,fedex,Delivered
1418,18863,08/09/23,,fedex,Delivered
1419,1683,27/01/22,,fedex,Delivered
1420,1144,26/05/20,,bluedart,In Transit
1421,13329,06/04/23,,fedex,Delivered
1422,21115,17/03/23,,dhl,In Transit
1423,11585,07/04/23,,ups,Delivered
1424,11636,26/03/20,,bluedart,Delivered
1425,10020,24/11/21,,bluedart,Delivered
1426,20059,29/09/23,,usps,Delivered
1427,9685,17/09/20,,usps,Delivered
1428,14985,06/12/20,,fedex,In Transit
1429,239,06/02/21,,bluedart,In Transit
1430,6385,10/05/21,,ups,In Transit
1431,19085,21/08/23,,ups,Delivered
1432,8088,02/11/23,,ups,Delivered
1433,10228,28/12/21,,fedex,Delivered
1434,11265,06/01/22,,fedex,In Transit
1435,9662,24/03/22,,fedex,Delivered
1436,15418,23/07/23,,ups,In Transit
1437,3190,17/08/21,,dhl,Delivered
1438,20535,24/08/23,15/09/23,usps,Returned
1439,3114,08/02/21,,ups,In Transit
1440,12292,08/05/21,,dhl,In Transit
1441,2388,18/12/20,,fedex,In Transit
1442,18614,23/07/20,,ups,Delivered
1443,17220,18/04/22,,dhl,Delivered
1444,3913,14/01/21,,dhl,In Transit
1445,6039,12/09/22,,usps,In Transit
1446,19835,22/11/22,,dhl,Delivered
1447,5555,03/01/22,,fedex,In Transit
1448,2916,10/03/21,,fedex,Cancelled
1449,5792,14/06/21,,fedex,Delivered
1450,12264,13/04/22,,dhl,In Transit
1451,14801,06/07/20,,fedex,Delivered
1452,810,16/01/22,,dhl,Delivered
1453,14186,17/04/20,,fedex,Delivered
1454,7623,10/01/20,,fedex,In Transit
1455,20742,20/03/20,,usps,Delivered
1456,21013,11/12/20,,bluedart,In Transit
1457,15701,23/03/22,,fedex,Delivered
1458,20994,01/07/20,,bluedart,Delivered
1459,8848,19/06/21,,usps,In Transit
1460,3922,21/08/22,,fedex,In Transit
1461,10719,20/01/22,,fedex,Delivered
1462,16354,23/11/21,,fedex,Delivered
1463,13301,04/05/21,,fedex,Cancelled
1464,17883,04/04/23,,fedex,In Transit
1465,8966,12/06/21,,ups,Delivered
1466,1048,04/12/22,,dhl,Delivered
1467,13906,16/09/21,,dhl,Cancelled
1468,21260,07/01/20,,dhl,In Transit
1469,19550,13/12/22,,dhl,Delivered
1470,8418,04/08/23,,bluedart,Delivered
1471,15428,23/08/22,,fedex,Delivered
1472,12543,14/02/20,,fedex,Delivered
1473,13652,31/12/22,,fedex,Delivered
1474,9317,12/07/21,,fedex,Delivered
1475,5816,29/01/21,,bluedart,Delivered
1476,14127,02/02/23,,dhl,In Transit
1477,15725,16/05/22,,fedex,Delivered
1478,16771,20/05/22,,fedex,In Transit
1479,406,16/02/23,,usps,In Transit
1480,17297,16/01/21,,bluedart,Delivered
1481,13680,16/03/20,,dhl,Delivered
1482,13789,13/06/20,,fedex,Delivered
1483,14628,02/10/21,,fedex,In Transit
1484,11332,17/11/21,,fedex,In Transit
1485,11033,23/10/20,,fedex,Delivered
1486,1012,12/08/22,,fedex,Delivered
1487,20388,10/02/22,15/02/22,ups,Returned
1488,10808,13/12/22,,ups,Delivered
1489,4009,25/08/20,,fedex,In Transit
1490,3407,11/09/20,,bluedart,Delivered
1491,16876,23/06/21,,fedex,In Transit
1492,20233,19/12/22,,bluedart,Delivered
1493,5677,03/09/23,,dhl,Delivered
1494,11712,17/10/21,,ups,Delivered
1495,13820,17/11/20,,ups,In Transit
1496,6746,09/01/20,,fedex,Delivered
1497,14851,25/09/22,,ups,In Transit
1498,18012,13/03/22,,fedex,In Transit
1499,7991,31/01/20,,fedex,Delivered
1500,21487,15/01/23,,fedex,Delivered
1501,3279,07/07/20,,bluedart,In Transit
1502,14566,10/02/22,,bluedart,Delivered
1503,6942,04/06/23,,usps,Delivered
1504,5605,30/12/23,,fedex,Delivered
1505,14160,07/06/20,,dhl,Delivered
1506,18313,04/04/21,,dhl,Delivered
1507,7872,14/03/23,,fedex,Delivered
1508,15029,15/05/22,,fedex,Delivered
1509,6964,27/12/22,,fedex,In Transit
1510,1529,19/05/22,,dhl,Delivered
1511,8179,17/09/21,,fedex,Cancelled
1512,15300,22/02/20,,usps,Delivered
1513,4254,10/01/20,,fedex,In Transit
1514,8001,12/08/22,,fedex,In Transit
1515,8352,06/07/21,,dhl,In Transit
1516,14087,31/03/22,,fedex,Delivered
1517,11446,18/02/23,,fedex,Delivered
1518,13053,03/02/23,,fedex,Delivered
1519,16663,03/10/20,,dhl,In Transit
1520,2870,12/07/20,,bluedart,In Transit
1521,20601,26/10/21,,dhl,In Transit
1522,20399,04/10/23,,usps,Delivered
1523,21339,04/07/20,,ups,Delivered
1524,15996,14/04/21,,bluedart,Delivered
1525,6259,13/07/23,,fedex,In Transit
1526,5383,27/02/21,,fedex,In Transit
1527,7558,04/04/21,,bluedart,In Transit
1528,1890,04/07/22,,fedex,In Transit
1529,13579,21/10/22,08/11/22,fedex,Returned
1530,11542,21/10/21,,bluedart,Delivered
1531,20809,13/08/22,,fedex,In Transit
1532,8586,27/01/21,,fedex,In Transit
1533,11124,07/08/20,,bluedart,In Transit
1534,10633,03/02/21,,dhl,Delivered
1535,20792,01/11/23,,dhl,Delivered
1536,12881,14/05/23,,fedex,In Transit
1537,2021,03/12/23,,ups,In Transit
1538,403,09/11/20,,usps,Delivered
1539,9059,16/08/23,,dhl,Delivered
1540,20017,27/09/23,,fedex,Delivered
1541,12979,31/08/21,,fedex,In Transit
1542,14972,07/01/23,,fedex,Delivered
1543,3986,14/12/23,,dhl,In Transit
1544,10249,07/06/21,,fedex,Delivered
1545,16121,27/09/20,,usps,In Transit
1546,16324,21/12/22,,dhl,Delivered
1547,6297,17/09/20,,dhl,In Transit
1548,19852,09/12/21,,fedex,Delivered
1549,10024,23/09/21,,ups,In Transit
1550,7886,24/02/21,07/03/21,fedex,Returned
1551,11626,30/09/21,,bluedart,Delivered
1552,19803,04/09/22,,fedex,Delivered
1553,9403,21/11/21,,bluedart,Delivered
1554,12454,15/05/22,,fedex,Delivered
1555,13029,11/08/21,,bluedart,Delivered
1556,16521,16/11/21,,dhl,Delivered
1557,1688,26/06/22,,dhl,Delivered
1558,18157,12/07/23,,bluedart,Delivered
1559,7803,15/11/23,,fedex,Delivered
1560,15308,19/10/23,,fedex,Delivered
1561,18077,18/09/21,,usps,In Transit
1562,16017,12/02/20,,fedex,Delivered
1563,13455,10/07/20,,ups,Cancelled
1564,6799,17/11/20,,fedex,Delivered
1565,10172,22/01/22,,usps,In Transit
1566,18160,31/08/23,,bluedart,Delivered
1567,8156,07/07/22,,dhl,In Transit
1568,4584,04/01/21,,dhl,Delivered
1569,12101,02/10/21,,ups,Delivered
1570,11874,16/12/20,,usps,In Transit
1571,15527,03/06/20,,fedex,Delivered
1572,1415,20/06/21,,dhl,Delivered
1573,11482,30/10/23,,dhl,Delivered
1574,21275,14/01/22,,ups,In Transit
1575,350,27/02/23,,usps,Delivered
1576,6170,09/07/23,,fedex,In Transit
1577,15168,10/12/20,,dhl,In Transit
1578,9781,18/07/21,,fedex,Delivered
1579,16294,27/02/20,,dhl,Cancelled
1580,12466,13/01/22,,fedex,Delivered
1581,8989,27/12/20,,ups,In Transit
1582,21543,04/11/22,,fedex,Delivered
1583,9654,01/06/23,,fedex,In Transit
1584,9646,06/10/22,,fedex,Delivered
1585,9906,29/03/23,,bluedart,Delivered
1586,15293,02/08/21,,bluedart,In Transit
1587,15330,26/02/23,,fedex,In Transit
1588,20251,15/07/22,,dhl,In Transit
1589,12866,22/09/21,,ups,Delivered
1590,4111,31/03/21,,dhl,Delivered
1591,8147,07/04/21,,bluedart,Delivered
1592,133,21/08/23,,dhl,Delivered
1593,6126,30/04/21,,bluedart,Delivered
1594,433,12/08/22,,usps,Delivered
1595,716,25/05/20,,fedex,In Transit
1596,1006,14/02/22,,bluedart,Delivered
1597,7760,09/01/22,,fedex,In Transit
1598,12917,01/01/23,,fedex,In Transit
1599,12803,27/05/22,,ups,In Transit
1600,4984,24/04/23,,fedex,Delivered
1601,2376,03/08/22,,dhl,In Transit
1602,3271,17/05/20,,fedex,In Transit
1603,14415,07/09/22,,usps,Cancelled
1604,19939,12/11/22,,ups,In Transit
1605,9707,20/12/21,,fedex,In Transit
1606,9873,22/10/22,,fedex,Delivered
1607,19266,09/05/21,,ups,Delivered
1608,2903,30/07/20,,usps,Delivered
1609,15826,01/05/23,,dhl,Delivered
1610,12610,07/12/20,,ups,Delivered
1611,5669,12/02/23,,fedex,Delivered
1612,12100,02/12/20,,fedex,In Transit
1613,2434,18/10/20,,dhl,In Transit
1614,6779,23/08/23,,usps,Cancelled
1615,13001,03/04/21,,fedex,Delivered
1616,6711,27/02/21,,fedex,Delivered
1617,18288,05/08/23,,dhl,Cancelled
1618,19818,22/04/21,,dhl,Delivered
1619,19190,26/02/21,,usps,In Transit
1620,1245,07/01/20,,usps,Delivered
1621,482,16/10/22,,fedex,Delivered
1622,5178,09/09/22,,bluedart,In Transit
1623,6426,20/06/21,,bluedart,In Transit
1624,14392,27/08/23,,fedex,Delivered
1625,1440,17/09/23,03/10/23,fedex,Returned
1626,20808,07/05/23,,ups,In Transit
1627,10265,09/12/23,,usps,In Transit
1628,7557,25/06/23,,fedex,Delivered
1629,2312,17/11/20,,ups,Delivered
1630,14331,10/10/23,,bluedart,Delivered
1631,17041,12/03/20,,fedex,Delivered
1632,14307,04/12/22,,fedex,In Transit
1633,3142,20/07/21,,fedex,Delivered
1634,7660,30/09/21,,bluedart,Delivered
1635,12316,11/06/21,,fedex,Delivered
1636,2757,16/09/22,,bluedart,In Transit
1637,12532,10/09/21,,fedex,In Transit
1638,8086,15/09/23,,usps,Delivered
1639,19930,19/06/22,,fedex,Delivered
1640,6488,19/02/20,,dhl,Delivered
1641,20185,29/07/22,,dhl,Delivered
1642,21415,03/06/22,,bluedart,Delivered
1643,4106,15/04/22,,fedex,In Transit
1644,7904,29/06/23,,usps,Delivered
1645,11534,16/02/21,,bluedart,In Transit
1646,2612,22/02/23,,bluedart,In Transit
1647,14043,04/07/21,,fedex,In Transit
1648,2586,03/08/22,,dhl,In Transit
1649,4356,02/04/21,24/04/21,dhl,Returned
1650,20930,10/03/20,,dhl,Cancelled
1651,5723,28/12/22,,fedex,Delivered
1652,13648,30/07/22,,usps,Cancelled
1653,15910,01/11/20,,dhl,Delivered
1654,16726,25/10/23,,fedex,Delivered
1655,16647,08/08/23,,fedex,Delivered
1656,18234,02/01/23,,usps,Delivered
1657,3313,06/12/23,,ups,Delivered
1658,13853,22/03/21,,dhl,Delivered
1659,4874,11/05/22,,fedex,In Transit
1660,3564,30/11/23,,bluedart,In Transit
1661,14506,19/01/22,,fedex,Delivered
1662,13097,09/02/23,,fedex,Delivered
1663,4943,08/03/23,15/03/23,usps,Returned
1664,20044,19/06/23,,fedex,In Transit
1665,13473,06/06/20,,bluedart,Delivered
1666,9898,22/02/21,,fedex,In Transit
1667,6607,06/10/23,,bluedart,Delivered
1668,10253,17/06/20,,dhl,Delivered
1669,18714,06/09/20,,dhl,Delivered
1670,13512,27/11/23,,fedex,In Transit
1671,4171,09/05/21,,ups,Delivered
1672,4514,10/10/20,,usps,Delivered
1673,6713,09/01/22,,fedex,Delivered
1674,3393,22/12/21,,fedex,Delivered
1675,8472,03/11/21,,fedex,Delivered
1676,325,28/02/20,,usps,Cancelled
1677,7246,27/07/20,,fedex,Delivered
1678,21094,23/04/20,,bluedart,Delivered
1679,1106,26/05/23,,bluedart,Delivered
1680,17923,04/09/23,,fedex,In Transit
1681,9534,06/01/23,,fedex,In Transit
1682,6979,05/12/21,,fedex,Delivered
1683,19887,20/10/23,,usps,Delivered
1684,12629,11/10/23,,usps,Delivered
1685,15037,07/12/23,,usps,Delivered
1686,15055,22/04/22,,dhl,In Transit
1687,8151,20/03/21,,dhl,Delivered
1688,290,29/05/23,,bluedart,Delivered
1689,7838,02/03/20,,fedex,In Transit
1690,16620,10/06/23,,bluedart,In Transit
1691,10087,17/02/22,08/03/22,fedex,Returned
1692,10651,22/05/21,,dhl,In Transit
1693,7263,07/02/20,,bluedart,Delivered
1694,13586,15/06/22,,usps,In Transit
1695,6160,21/12/20,,fedex,Delivered
1696,14365,08/09/22,,fedex,Cancelled
1697,16791,11/05/20,,dhl,Delivered
1698,19171,16/06/21,,fedex,In Transit
1699,9463,04/05/22,,ups,In Transit
1700,19352,31/12/23,,fedex,Delivered
1701,21241,23/08/20,,bluedart,In Transit
1702,10905,10/09/23,,dhl,Delivered
1703,21016,24/08/21,,dhl,Delivered
1704,2134,01/11/21,,ups,In Transit
1705,7479,20/12/23,,fedex,Delivered
1706,18247,10/09/21,01/10/21,dhl,Returned
1707,8767,14/09/20,,fedex,Delivered
1708,983,03/03/22,,bluedart,In Transit
1709,19889,11/01/21,,dhl,Delivered
1710,9746,06/06/22,,fedex,Delivered
1711,20514,18/10/22,,ups,Delivered
1712,10747,11/05/22,,bluedart,In Transit
1713,18489,15/11/21,,bluedart,In Transit
1714,12412,12/06/20,,fedex,Delivered
1715,3776,11/11/20,,dhl,Cancelled
1716,18845,05/09/20,,fedex,In Transit
1717,18868,14/06/21,,dhl,Delivered
1718,15926,25/11/22,,ups,In Transit
1719,17644,17/09/23,,bluedart,In Transit
1720,19257,11/04/23,,ups,Delivered
1721,5864,03/08/23,,fedex,In Transit
1722,12975,29/09/21,,ups,In Transit
1723,11455,17/11/22,,fedex,In Transit
1724,12009,10/09/21,,bluedart,In Transit
1725,1186,13/03/22,,ups,In Transit
1726,19192,19/04/21,,dhl,In Transit
1727,7118,26/08/22,,dhl,Delivered
1728,14536,04/09/21,,fedex,Delivered
1729,19820,12/04/23,,fedex,Delivered
1730,14684,12/12/20,,fedex,In Transit
1731,6089,19/06/23,,dhl,In Transit
1732,5194,02/04/21,,fedex,Delivered
1733,10950,08/05/22,,fedex,Cancelled
1734,7394,27/11/20,,bluedart,Delivered
1735,13917,29/08/23,,usps,Cancelled
1736,4502,24/03/22,,bluedart,Delivered
1737,3274,14/12/22,,fedex,Delivered
1738,18696,05/06/20,,fedex,Delivered
1739,259,30/07/21,,ups,In Transit
1740,8905,26/10/20,,dhl,In Transit
1741,19077,22/11/22,,usps,Delivered
1742,7562,17/04/21,,usps,Cancelled
1743,17508,13/05/22,,usps,Delivered
1744,6773,14/07/21,,fedex,Cancelled
1745,19043,10/09/20,,dhl,In Transit
1746,5227,05/11/21,,fedex,In Transit
1747,16714,29/12/21,,dhl,In Transit
1748,20222,16/09/20,,fedex,Delivered
1749,8196,09/04/23,,ups,In Transit
1750,699,02/02/22,,fedex,Delivered
1751,18340,28/04/21,,fedex,In Transit
1752,19422,07/07/20,,dhl,Delivered
1753,13720,31/08/21,,fedex,Delivered
1754,3620,22/06/23,,usps,Delivered
1755,8454,06/07/20,,dhl,In Transit
1756,10856,30/03/20,,fedex,In Transit
1757,5328,23/06/22,,dhl,Delivered
1758,15105,30/03/20,,fedex,Delivered
1759,11509,16/01/21,,dhl,Cancelled
1760,21591,19/09/21,,dhl,Delivered
1761,4660,19/06/20,,ups,Delivered
1762,14261,30/11/20,,fedex,Delivered
1763,6549,16/04/21,,ups,Delivered
1764,6372,19/03/22,,usps,Delivered
1765,17859,28/03/22,,bluedart,Delivered
1766,4504,10/05/22,,fedex,Delivered
1767,2646,25/11/20,,dhl,Delivered
1768,3974,14/12/21,,ups,In Transit
1769,7816,20/10/23,,bluedart,Delivered
1770,8422,20/11/20,,dhl,Delivered
1771,1722,24/05/20,,dhl,Delivered
1772,17435,15/06/21,,dhl,In Transit
1773,14222,17/01/21,,bluedart,Delivered
1774,10943,28/09/23,,fedex,Delivered
1775,16523,23/11/22,,ups,Delivered
1776,18433,13/07/21,,fedex,In Transit
1777,331,10/11/21,,fedex,Delivered
1778,9357,06/09/21,,dhl,Delivered
1779,2992,23/08/23,,dhl,Delivered
1780,20951,21/06/20,,bluedart,In Transit
1781,12614,02/06/22,,fedex,In Transit
1782,194,15/12/23,,fedex,In Transit
1783,4920,03/10/23,,fedex,Delivered
1784,7726,31/05/21,,dhl,Delivered
1785,635,04/01/21,,fedex,In Transit
1786,16137,04/10/21,,dhl,Delivered
1787,877,07/06/21,,dhl,Delivered
1788,18878,10/01/21,,dhl,Delivered
1789,18664,26/07/20,,ups,In Transit
1790,21021,27/01/22,,fedex,Delivered
1791,3528,22/12/22,,bluedart,Delivered
1792,5095,19/09/20,,ups,In Transit
1793,9967,17/07/22,,fedex,Cancelled
1794,19995,19/09/22,,dhl,Delivered
1795,12446,22/10/20,,dhl,In Transit
1796,13603,17/06/22,,fedex,In Transit
1797,7331,29/07/23,,ups,Delivered
1798,15452,03/11/21,,bluedart,In Transit
1799,288,10/10/20,,dhl,Cancelled
1800,5181,14/09/23,,fedex,Delivered
1801,12364,19/11/22,,fedex,Delivered
1802,2068,10/07/21,,fedex,In Transit
1803,1406,02/06/20,,dhl,Delivered
1804,10895,22/05/20,,bluedart,In Transit
1805,10444,27/02/21,,fedex,In Transit
1806,16912,07/04/22,,fedex,Delivered
1807,14236,13/08/23,,fedex,In Transit
1808,280,28/02/22,,fedex,Delivered
1809,19625,16/11/20,,bluedart,Delivered
1810,9981,04/06/20,15/06/20,fedex,Returned
1811,8319,07/01/23,31/01/23,bluedart,Returned
1812,3649,30/12/20,,fedex,In Transit
1813,17734,15/11/22,,fedex,Delivered
1814,3750,19/06/21,,dhl,In Transit
1815,5614,16/08/23,,fedex,Delivered
1816,9213,21/10/20,,dhl,In Transit
1817,21008,28/05/22,,dhl,Delivered
1818,3222,23/10/23,,usps,In Transit
1819,17823,03/12/22,,dhl,Delivered
1820,16817,19/02/21,,ups,In Transit
1821,605,07/02/22,,fedex,Delivered
1822,20886,12/08/21,,fedex,Delivered
1823,16635,18/05/20,,dhl,In Transit
1824,20269,08/02/20,,dhl,Delivered
1825,12771,30/05/22,18/06/22,fedex,Returned
1826,5415,28/05/21,,fedex,In Transit
1827,7422,26/04/21,,fedex,Delivered
1828,18105,01/05/21,,fedex,In Transit
1829,10596,08/01/21,,fedex,Delivered
1830,18074,08/05/22,,fedex,In Transit
1831,4102,16/10/23,,dhl,Delivered
1832,3192,06/07/23,,dhl,Delivered
1833,1313,18/05/22,,fedex,In Transit
1834,471,31/08/23,,dhl,Cancelled
1835,946,09/07/23,,usps,Cancelled
1836,15103,25/06/23,,fedex,In Transit
1837,8050,22/03/20,,bluedart,Delivered
1838,11736,15/02/22,,fedex,Delivered
1839,1236,11/08/22,,usps,Delivered
1840,2428,25/03/20,,dhl,Delivered
1841,3057,29/07/22,,usps,Delivered
1842,21045,10/01/20,,fedex,Delivered
1843,6208,26/09/20,,ups,Delivered
1844,2889,25/01/20,,fedex,Delivered
1845,9108,12/05/20,,fedex,Delivered
1846,18061,08/07/21,,dhl,Delivered
1847,6818,22/06/21,,ups,Delivered
1848,7082,25/11/23,,ups,In Transit
1849,6510,16/04/21,,bluedart,In Transit
1850,6113,30/01/22,,fedex,Delivered
1851,7702,19/01/20,,ups,In Transit
1852,20385,15/07/23,,fedex,In Transit
1853,17871,30/07/22,,dhl,Delivered
1854,18283,05/04/22,,usps,In Transit
1855,9919,05/06/22,,usps,Delivered
1856,13465,19/02/23,,dhl,Delivered
1857,17206,26/01/21,,ups,Delivered
1858,8275,14/02/20,20/02/20,fedex,Returned
1859,10192,26/01/22,,dhl,In Transit
1860,13462,08/12/21,,dhl,In Transit
1861,19449,08/09/22,,ups,Delivered
1862,20296,07/01/21,,ups,Delivered
1863,12995,19/02/21,,bluedart,Delivered
1864,6265,22/02/22,,fedex,Delivered
1865,2556,09/03/21,,bluedart,In Transit
1866,7553,28/06/20,,ups,Cancelled
1867,13803,14/07/20,,fedex,Delivered
1868,5224,26/02/21,,fedex,Delivered
1869,5708,11/06/21,,fedex,Delivered
1870,2136,24/06/20,,usps,Delivered
1871,915,10/09/21,,usps,Delivered
1872,19628,20/05/23,,fedex,Cancelled
1873,569,20/09/20,,usps,Delivered
1874,11771,27/12/22,,fedex,Delivered
1875,3105,16/06/22,,dhl,In Transit
1876,5589,16/06/23,,dhl,In Transit
1877,7638,29/06/22,,fedex,Delivered
1878,2423,03/08/21,,usps,Delivered
1879,5942,20/04/20,,fedex,In Transit
1880,3876,20/06/20,,fedex,Delivered
1881,13060,22/05/23,,usps,Delivered
1882,3782,12/03/22,,dhl,Delivered
1883,2121,05/03/21,,fedex,Cancelled
1884,380,18/11/21,,fedex,Delivered
1885,5956,12/10/21,,usps,Delivered
1886,12388,25/05/21,,dhl,In Transit
1887,5013,13/07/22,29/07/22,ups,Returned
1888,18374,01/08/21,,bluedart,Delivered
1889,18627,17/06/23,,usps,In Transit
1890,164,07/04/20,,fedex,Delivered
1891,16742,17/12/22,,fedex,Delivered
1892,4945,23/11/20,,dhl,Delivered
1893,14784,23/02/20,,fedex,In Transit
1894,12962,28/09/21,,fedex,In Transit
1895,40,10/02/23,,fedex,In Transit
1896,20170,23/10/21,,fedex,In Transit
1897,15522,06/09/20,,bluedart,Delivered
1898,16503,17/05/21,,fedex,Delivered
1899,12491,19/03/21,,fedex,In Transit
1900,3881,18/04/21,,fedex,Delivered
1901,2346,30/03/23,08/04/23,fedex,Returned
1902,11128,22/09/21,,dhl,Delivered
1903,18029,12/09/20,,fedex,In Transit
1904,11973,24/12/22,,fedex,Delivered
1905,10266,19/07/20,,bluedart,In Transit
1906,12252,19/05/21,,usps,Delivered
1907,6120,13/05/23,,ups,Delivered
1908,5634,17/11/23,,bluedart,In Transit
1909,19168,26/11/23,,usps,Delivered
1910,4544,04/06/21,,ups,In Transit
1911,15344,08/03/20,,fedex,Delivered
1912,11121,19/11/21,,dhl,Delivered
1913,11984,17/07/20,,dhl,Delivered
1914,20637,05/02/20,,fedex,In Transit
1915,12707,27/07/21,,ups,Delivered
1916,4416,27/01/21,,usps,Delivered
1917,13802,20/01/23,,ups,Delivered
1918,17689,27/10/23,,fedex,Delivered
1919,8598,07/11/23,,fedex,Delivered
1920,20417,12/10/22,,dhl,Delivered
1921,14915,03/03/21,,fedex,In Transit
1922,17402,14/06/23,,dhl,Delivered
1923,3349,01/10/22,,fedex,Delivered
1924,12521,31/01/21,,fedex,In Transit
1925,11234,12/12/23,,fedex,Delivered
1926,7095,20/08/23,,fedex,Delivered
1927,13099,03/09/22,,dhl,Delivered
1928,17758,24/09/20,,fedex,Delivered
1929,7420,24/06/23,,fedex,In Transit
1930,21564,21/10/21,,fedex,Delivered
1931,2940,28/02/23,,fedex,In Transit
1932,6254,15/04/23,,fedex,In Transit
1933,13366,04/01/21,,dhl,Cancelled
1934,9838,22/12/21,,dhl,Delivered
1935,1131,02/09/22,,fedex,Delivered
1936,18013,01/02/20,,fedex,In Transit
1937,269,26/02/22,,bluedart,Delivered
1938,9408,15/07/22,,bluedart,Delivered
1939,19922,05/07/22,,fedex,In Transit
1940,10979,01/02/20,,fedex,Delivered
1941,13192,12/07/22,,dhl,In Transit
1942,5035,13/10/20,,fedex,In Transit
1943,8084,22/05/23,,ups,Cancelled
1944,16412,09/01/22,,bluedart,Delivered
1945,11581,14/12/23,,fedex,Delivered
1946,20645,23/07/23,,ups,In Transit
1947,16631,26/01/21,,fedex,Delivered
1948,11461,04/11/22,,dhl,In Transit
1949,4609,20/04/22,,fedex,In Transit
1950,10306,21/02/20,,usps,Delivered
1951,16280,18/06/21,,fedex,In Transit
1952,20035,16/07/21,,fedex,Delivered
1953,19300,14/11/21,,usps,Delivered
1954,1329,08/10/20,,fedex,Delivered
1955,15022,07/08/21,,bluedart,Delivered
1956,7561,06/01/21,,fedex,Delivered
1957,17912,11/12/23,,fedex,Delivered
1958,18059,17/01/22,,ups,Delivered
1959,4604,30/05/21,,fedex,Delivered
1960,14721,28/10/22,,bluedart,In Transit
1961,11678,05/02/21,,ups,In Transit
1962,10239,09/05/21,,bluedart,Delivered
1963,13751,07/08/22,,ups,Delivered
1964,12616,29/04/23,,dhl,Delivered
1965,18112,14/11/21,25/11/21,usps,Returned
1966,2673,01/09/20,,fedex,In Transit
1967,12945,11/03/23,,fedex,Cancelled
1968,5000,14/06/21,,dhl,In Transit
1969,7863,15/05/23,,dhl,In Transit
1970,12092,08/12/23,,dhl,Delivered
1971,12401,06/07/21,,fedex,Delivered
1972,15484,07/11/21,,ups,Delivered
1973,555,26/11/20,,usps,In Transit
1974,3408,03/05/20,,dhl,In Transit
1975,2996,03/09/23,,bluedart,Cancelled
1976,1520,07/04/22,,fedex,Delivered
1977,6544,11/06/20,,fedex,Delivered
1978,17565,31/01/21,,fedex,In Transit
1979,8918,10/03/20,,fedex,Delivered
1980,2003,27/05/23,,ups,Delivered
1981,21344,04/10/23,,fedex,Delivered
1982,20151,27/08/22,,fedex,Delivered
1983,17390,14/10/23,,bluedart,In Transit
1984,913,21/06/22,,usps,In Transit
1985,12258,16/08/23,,bluedart,In Transit
1986,1064,21/01/22,,dhl,Cancelled
1987,2617,22/09/22,,bluedart,Delivered
1988,15163,21/12/20,,dhl,In Transit
1989,5833,22/01/20,,fedex,Delivered
1990,7187,03/07/22,,fedex,In Transit
1991,18389,03/12/20,,fedex,Delivered
1992,14919,04/05/21,,fedex,In Transit
1993,17680,06/11/22,,fedex,In Transit
1994,2394,24/03/21,,dhl,In Transit
1995,15087,15/11/21,,dhl,Delivered
1996,8549,15/01/21,,fedex,Cancelled
1997,19095,18/10/20,,bluedart,In Transit
1998,18793,28/12/20,,fedex,Delivered
1999,14559,06/05/21,,fedex,Delivered
2000,4108,26/09/23,06/10/23,dhl,Returned
2001,2947,19/02/20,,bluedart,In Transit
2002,6057,07/06/20,,fedex,Delivered
2003,17970,01/05/23,,fedex,In Transit
2004,15828,11/03/20,,dhl,In Transit
2005,10803,16/11/23,,fedex,In Transit
2006,10299,03/07/21,,usps,Delivered
2007,7902,07/06/21,,dhl,Cancelled
2008,7653,25/01/21,,usps,In Transit
2009,8174,10/02/23,,fedex,Delivered
2010,9907,11/12/21,,fedex,Cancelled
2011,18966,25/04/21,,fedex,Delivered
2012,21439,26/06/23,,fedex,In Transit
2013,18670,09/03/21,,fedex,Cancelled
2014,10606,21/05/21,,fedex,Delivered
2015,20227,16/12/20,,fedex,In Transit
2016,20672,03/05/21,,ups,Cancelled
2017,14523,03/01/23,,fedex,In Transit
2018,13698,23/09/22,,dhl,In Transit
2019,13342,20/11/21,,ups,Cancelled
2020,14356,23/11/23,,dhl,Delivered
2021,13179,16/02/21,,dhl,Delivered
2022,6888,20/03/23,,fedex,Delivered
2023,6676,28/06/22,,dhl,In Transit
2024,16167,06/11/20,,bluedart,Delivered
2025,17349,30/04/23,,usps,Delivered
2026,9047,22/08/23,,dhl,Delivered
2027,19946,18/05/21,,fedex,Delivered
2028,3207,21/04/23,,bluedart,Delivered
2029,14531,14/07/21,,bluedart,In Transit
2030,8490,10/10/22,,fedex,Delivered
2031,3975,20/03/21,,dhl,Delivered
2032,17277,01/08/22,,fedex,In Transit
2033,14006,03/07/23,,usps,Delivered
2034,19153,15/06/21,05/07/21,fedex,Returned
2035,15718,06/03/23,,bluedart,In Transit
2036,2306,15/01/23,,ups,Delivered
2037,10748,01/10/21,,fedex,Cancelled
2038,18680,11/09/20,,fedex,Delivered
2039,18383,24/08/20,,bluedart,Delivered
2040,3327,24/03/20,,bluedart,Delivered
2041,17531,26/08/23,,ups,In Transit
2042,14656,09/06/23,,fedex,Delivered
2043,17928,27/11/23,,bluedart,Delivered
2044,9519,27/09/22,,fedex,Delivered
2045,14688,18/03/22,,bluedart,Delivered
2046,1017,30/08/23,,fedex,Cancelled
2047,15698,30/04/21,,ups,Cancelled
2048,3512,28/06/22,,bluedart,Cancelled
2049,4826,16/06/22,26/06/22,ups,Returned
2050,20779,06/07/23,,fedex,Delivered
2051,177,19/12/21,,dhl,In Transit
2052,21231,04/09/22,,fedex,Delivered
2053,19203,02/04/20,,dhl,Delivered
2054,11938,09/04/23,,fedex,Delivered
2055,9308,12/09/22,,ups,In Transit
2056,2797,26/06/20,,fedex,In Transit
2057,2162,30/03/21,,fedex,Delivered
2058,2879,08/11/22,,bluedart,In Transit
2059,17534,12/07/20,,bluedart,Delivered
2060,9730,16/06/23,,fedex,In Transit
2061,19417,06/03/23,,dhl,Delivered
2062,10216,03/01/21,,fedex,Delivered
2063,6047,31/12/22,,dhl,Delivered
2064,7982,14/10/21,,dhl,In Transit
2065,17202,04/10/23,,usps,Delivered
2066,15602,24/01/22,,bluedart,Delivered
2067,21092,09/08/21,,ups,Delivered
2068,12972,21/06/20,,dhl,In Transit
2069,11960,13/06/22,,ups,Delivered
2070,7822,06/10/22,,bluedart,In Transit
2071,4460,12/08/23,,usps,Delivered
2072,9173,04/10/21,,bluedart,Delivered
2073,18368,10/01/22,,bluedart,Delivered
2074,19396,12/08/23,,fedex,Delivered
2075,6833,15/03/22,,dhl,Delivered
2076,15551,06/03/23,,fedex,Delivered
2077,18387,04/03/23,,fedex,Delivered
2078,4834,15/08/22,,usps,In Transit
2079,13547,16/04/23,,ups,In Transit
2080,13939,16/03/20,,fedex,Delivered
2081,2636,24/05/23,12/06/23,fedex,Returned
2082,923,24/08/23,,usps,In Transit
2083,15796,30/03/21,,fedex,In Transit
2084,906,13/04/22,,dhl,Delivered
2085,9724,18/08/23,,dhl,Delivered
2086,6118,25/08/22,,fedex,Delivered
2087,4817,07/03/20,,fedex,In Transit
2088,10489,31/08/22,,bluedart,Delivered
2089,9688,25/04/23,,fedex,In Transit
2090,5831,30/05/20,,fedex,Delivered
2091,20879,16/11/21,,bluedart,In Transit
2092,18835,05/01/21,,ups,Delivered
2093,21424,27/03/21,,fedex,In Transit
2094,10504,06/05/21,30/05/21,ups,Returned
2095,17173,12/12/22,,fedex,Cancelled
2096,8061,16/06/22,,fedex,In Transit
2097,10884,08/09/23,,fedex,In Transit
2098,8210,29/12/22,,bluedart,Delivered
2099,6365,24/06/22,,dhl,Delivered
2100,4528,30/08/21,,ups,In Transit
2101,6707,07/11/21,,dhl,Cancelled
2102,11178,08/07/22,,fedex,Delivered
2103,17712,30/07/21,,fedex,In Transit
2104,103,15/05/23,,usps,Delivered
2105,16459,12/03/23,,dhl,Delivered
2106,3167,18/01/22,,fedex,Delivered
2107,8341,06/04/20,,dhl,In Transit
2108,2001,01/11/21,,ups,In Transit
2109,4917,12/04/23,,fedex,In Transit
2110,9097,12/01/20,,dhl,Delivered
2111,20406,20/01/20,,fedex,Delivered
2112,11489,01/12/22,,fedex,Delivered
2113,18129,02/12/21,,fedex,Delivered
2114,17472,02/12/23,,fedex,Delivered
2115,10000,09/06/20,,fedex,Delivered
2116,4463,14/03/20,,ups,Delivered
2117,20400,31/01/20,,bluedart,Delivered
2118,1514,15/03/22,,usps,In Transit
2119,11299,13/08/22,,fedex,Delivered
2120,17971,24/02/20,,usps,Delivered
2121,19567,11/10/20,,fedex,Delivered
2122,16333,04/04/21,,dhl,In Transit
2123,20841,07/12/23,,bluedart,In Transit
2124,17176,01/08/23,,bluedart,Delivered
2125,3937,08/08/21,,fedex,In Transit
2126,14343,20/12/23,,fedex,In Transit
2127,1891,11/01/23,,fedex,Delivered
2128,2614,26/06/21,,bluedart,Delivered
2129,1685,04/08/23,,fedex,In Transit
2130,13764,21/02/23,,usps,Delivered
2131,6471,09/11/21,,fedex,In Transit
2132,1135,08/03/20,,fedex,In Transit
2133,12357,25/10/20,,fedex,In Transit
2134,9046,05/11/22,,fedex,In Transit
2135,6546,04/10/21,,dhl,Delivered
2136,4956,01/11/23,,fedex,In Transit
2137,15573,03/06/22,,fedex,Cancelled
2138,10143,12/11/21,,fedex,In Transit
2139,2013,15/11/20,,fedex,Delivered
2140,14447,27/08/22,,fedex,In Transit
2141,2793,01/01/22,,fedex,Delivered
2142,6483,10/07/22,,ups,Delivered
2143,5450,21/01/21,,dhl,In Transit
2144,3580,05/08/21,,usps,Delivered
2145,10093,14/11/23,,bluedart,Delivered
2146,12423,24/02/22,,bluedart,Cancelled
2147,16530,07/10/20,,dhl,Delivered
2148,10852,30/10/22,,bluedart,In Transit
2149,1619,25/04/22,,bluedart,Delivered
2150,13497,02/07/21,,fedex,Cancelled
2151,20479,11/05/20,,dhl,Delivered
2152,6957,13/11/21,,usps,Delivered
2153,15944,10/03/22,,fedex,Delivered
2154,7186,06/05/21,,dhl,Delivered
2155,17452,21/06/23,,fedex,In Transit
2156,13409,08/07/21,,ups,In Transit
2157,9345,30/08/22,,fedex,Delivered
2158,9716,15/03/23,,fedex,Delivered
2159,196,09/08/22,,bluedart,Delivered
2160,9247,03/07/23,28/07/23,fedex,Returned
2161,20693,23/07/22,,dhl,Delivered
2162,7447,11/11/23,,dhl,Delivered
2163,15907,04/11/23,,fedex,Delivered
2164,12409,28/03/23,,fedex,In Transit
2165,16984,30/04/20,,fedex,In Transit
2166,9936,07/04/22,,dhl,Cancelled
2167,14329,26/04/21,,ups,Delivered
2168,7156,17/10/22,,fedex,Delivered
2169,11416,04/07/23,,usps,In Transit
2170,4062,29/01/23,,fedex,In Transit
2171,8438,30/05/20,,fedex,Delivered
2172,2190,17/06/22,,fedex,Delivered
2173,18517,23/03/21,,dhl,Delivered
2174,16482,25/05/20,,ups,Delivered
2175,3275,21/03/23,,usps,Delivered
2176,9448,24/02/20,,ups,Delivered
2177,2053,10/07/22,,fedex,Delivered
2178,15399,15/06/22,,fedex,Delivered
2179,17361,30/09/21,,fedex,Delivered
2180,286,01/03/20,,ups,In Transit
2181,3617,27/03/20,,dhl,Delivered
2182,13783,29/01/21,,fedex,Cancelled
2183,21526,06/07/23,,fedex,In Transit
2184,6440,21/01/22,,fedex,Delivered
2185,1208,27/09/21,,fedex,In Transit
2186,7647,13/09/20,,fedex,In Transit
2187,12615,22/12/20,,fedex,Delivered
2188,1594,07/12/23,,bluedart,Delivered
2189,12778,24/06/21,,ups,In Transit
2190,19470,28/02/23,,dhl,Delivered
2191,2990,21/07/23,,ups,Delivered
2192,15072,21/03/23,,usps,In Transit
2193,17204,31/03/21,,dhl,Delivered
2194,767,07/09/21,,bluedart,In Transit
2195,16788,31/08/23,,fedex,Delivered
2196,7682,10/05/23,,fedex,In Transit
2197,2095,18/05/20,,bluedart,Cancelled
2198,2458,06/05/20,28/05/20,dhl,Returned
2199,4865,22/07/21,,bluedart,In Transit
2200,12081,27/07/22,,fedex,In Transit
2201,14535,11/11/23,,ups,Delivered
2202,16567,10/02/22,,fedex,In Transit
2203,8009,08/04/23,,dhl,In Transit
2204,354,19/06/23,,ups,In Transit
2205,11020,10/05/21,,dhl,Delivered
2206,14478,23/04/21,,fedex,In Transit
2207,9863,28/11/20,,fedex,Delivered
2208,13660,10/05/21,,ups,Delivered
2209,15859,02/10/20,,bluedart,Delivered
2210,16566,27/01/22,,ups,Delivered
2211,715,19/02/21,,ups,In Transit
2212,9229,12/10/20,,ups,Delivered
2213,1091,02/03/21,,ups,In Transit
2214,4239,25/04/20,,fedex,In Transit
2215,232,07/12/23,,fedex,Delivered
2216,2731,21/08/22,,fedex,Delivered
2217,15413,22/07/23,,dhl,Delivered
2218,20510,26/08/23,,fedex,Delivered
2219,10983,22/12/20,,fedex,In Transit
2220,2402,26/08/23,,fedex,Delivered
2221,15014,24/10/20,,fedex,Delivered
2222,1205,03/12/21,,fedex,Delivered
2223,2224,25/01/21,,dhl,In Transit
2224,1999,12/03/22,,bluedart,Delivered
2225,565,26/03/23,,bluedart,Delivered
2226,16989,29/08/20,,dhl,Delivered
2227,6619,15/11/20,,fedex,In Transit
2228,979,23/08/22,,dhl,Delivered
2229,8723,07/08/23,,fedex,In Transit
2230,17749,23/09/20,,fedex,Delivered
2231,3099,06/04/22,,dhl,Delivered
2232,12348,25/02/22,,bluedart,In Transit
2233,11274,24/01/21,,dhl,In Transit
2234,18720,27/07/22,,ups,Delivered
2235,19199,05/09/22,,dhl,In Transit
2236,9978,15/05/23,,fedex,Delivered
2237,11615,21/04/23,,fedex,Delivered
2238,10954,17/01/23,,fedex,Delivered
2239,17570,17/02/21,,bluedart,In Transit
2240,1954,26/03/21,,bluedart,Cancelled
2241,14974,19/10/21,,usps,Delivered
2242,6958,22/09/21,,fedex,In Transit
2243,20968,30/09/23,,fedex,Delivered
2244,13095,15/09/23,,usps,In Transit
2245,4451,03/02/22,,fedex,Delivered
2246,15971,21/05/22,,dhl,In Transit
2247,16529,08/11/21,,ups,Delivered
2248,20934,01/12/21,,ups,Delivered
2249,6555,25/06/20,,bluedart,Delivered
2250,5082,28/03/22,,fedex,In Transit
2251,3140,02/11/21,,dhl,Delivered
2252,17449,24/10/20,,fedex,Delivered
2253,20638,28/11/23,,fedex,In Transit
2254,10110,28/05/21,,bluedart,In Transit
2255,17707,23/04/23,,dhl,Delivered
2256,15127,11/07/21,,fedex,Delivered
2257,1260,02/02/22,,fedex,In Transit
2258,9338,29/11/21,,bluedart,Delivered
2259,18333,17/04/22,27/04/22,usps,Returned
2260,1817,06/06/20,,dhl,Delivered
2261,7359,24/05/22,,fedex,Delivered
2262,8426,14/04/20,,usps,Delivered
2263,5034,25/06/23,,fedex,In Transit
2264,3473,23/07/21,,usps,Cancelled
2265,12512,04/12/21,,bluedart,In Transit
2266,1706,26/10/21,,ups,Delivered
2267,18004,30/08/23,,fedex,Cancelled
2268,1120,15/01/20,,fedex,Delivered
2269,1399,18/07/20,,bluedart,Delivered
2270,4888,30/05/21,,fedex,In Transit
2271,1527,13/04/20,,fedex,Delivered
2272,3363,08/05/23,,bluedart,In Transit
2273,10202,17/08/22,,fedex,In Transit
2274,10149,30/10/22,,fedex,In Transit
2275,5125,21/02/20,,ups,In Transit
2276,9773,01/01/22,,bluedart,In Transit
2277,15053,03/04/22,,fedex,Delivered
2278,15788,06/01/21,,usps,Delivered
2279,19686,05/02/20,,fedex,Delivered
2280,5577,26/03/21,,usps,In Transit
2281,835,03/12/23,,dhl,Delivered
2282,18588,16/12/20,,ups,In Transit
2283,10915,21/05/20,,dhl,In Transit
2284,10118,04/04/23,,fedex,Delivered
2285,3549,23/12/22,13/01/23,bluedart,Returned
2286,4306,19/08/20,,fedex,Cancelled
2287,10868,03/03/20,,fedex,Delivered
2288,15442,09/04/21,,fedex,Delivered
2289,6513,27/04/21,,bluedart,Delivered
2290,14204,16/03/23,,bluedart,Delivered
2291,1503,30/12/21,,usps,Delivered
2292,21327,06/05/23,,fedex,In Transit
2293,8883,03/06/22,,fedex,Delivered
2294,11194,11/05/22,,ups,In Transit
2295,7733,12/11/23,,ups,Delivered
2296,8817,26/02/22,,dhl,Delivered
2297,6317,31/08/23,,bluedart,Delivered
2298,18885,24/05/23,,fedex,Delivered
2299,17329,01/01/21,,dhl,Delivered
2300,4187,30/06/21,,ups,Delivered
2301,4160,26/11/22,,dhl,In Transit
2302,3442,20/02/23,,usps,In Transit
2303,2915,31/12/22,,fedex,In Transit
2304,6524,17/05/20,,fedex,In Transit
2305,726,17/06/22,,fedex,Delivered
2306,16434,22/03/20,,fedex,Delivered
2307,405,30/05/20,,bluedart,Delivered
2308,10692,09/08/22,,bluedart,In Transit
2309,7719,28/08/21,,fedex,Delivered
2310,2900,29/10/20,,bluedart,In Transit
2311,14857,26/05/21,,dhl,Delivered
2312,3896,01/07/22,,fedex,Delivered
2313,4624,13/01/20,,ups,In Transit
2314,19599,21/11/22,,fedex,Delivered
2315,5489,01/09/22,,usps,Delivered
2316,1565,05/01/20,,fedex,In Transit
2317,3323,16/08/21,,dhl,Delivered
2318,13923,02/09/20,,usps,Cancelled
2319,11104,15/05/20,,dhl,Delivered
2320,11415,10/03/22,,usps,Cancelled
2321,17179,26/01/22,,fedex,Cancelled
2322,15955,06/01/22,,ups,Delivered
2323,17501,23/01/21,,fedex,In Transit
2324,13283,30/05/22,,bluedart,Delivered
2325,8332,11/02/20,,fedex,In Transit
2326,12751,17/05/20,,bluedart,Delivered
2327,2284,18/07/23,,fedex,Delivered
2328,19666,20/01/23,,ups,Delivered
2329,8787,19/09/23,,fedex,Delivered
2330,17643,05/06/22,,dhl,Delivered
2331,18353,14/10/23,,usps,In Transit
2332,3692,13/09/22,,dhl,In Transit
2333,6004,05/11/22,,dhl,Delivered
2334,11341,24/04/23,,bluedart,Delivered
2335,12754,04/02/22,,dhl,Delivered
2336,2520,26/06/23,,fedex,Delivered
2337,18458,18/07/20,,dhl,In Transit
2338,9916,24/10/21,,fedex,Delivered
2339,17951,19/04/20,,bluedart,Delivered
2340,5141,22/06/21,,dhl,In Transit
2341,15504,16/09/20,,fedex,Delivered
2342,13242,04/05/20,,ups,Delivered
2343,16923,21/04/21,,fedex,In Transit
2344,4044,17/07/20,27/07/20,fedex,Returned
2345,8585,18/12/23,,bluedart,In Transit
2346,14486,18/08/22,,fedex,In Transit
2347,19187,24/01/22,,fedex,Delivered
2348,4288,17/08/21,,dhl,Delivered
2349,15660,05/09/21,,fedex,Delivered
2350,15715,21/11/21,27/11/21,fedex,Returned
2351,6156,24/10/22,,fedex,Cancelled
2352,10724,17/09/21,,fedex,Delivered
2353,1961,09/01/22,,ups,In Transit
2354,21322,14/01/22,,bluedart,In Transit
2355,8706,18/04/20,,fedex,Cancelled
2356,765,16/10/21,,fedex,Delivered
2357,10121,20/12/21,,bluedart,Delivered
2358,17695,18/12/23,,fedex,Delivered
2359,13485,20/08/23,,bluedart,In Transit
2360,5389,05/05/20,,ups,In Transit
2361,21485,14/12/22,,fedex,In Transit
2362,6325,08/12/23,,fedex,In Transit
2363,6703,13/12/20,,ups,In Transit
2364,20769,12/02/21,,fedex,In Transit
2365,13622,04/06/22,,fedex,In Transit
2366,19224,27/05/22,,fedex,In Transit
2367,4858,24/05/21,,fedex,Delivered
2368,9275,27/06/22,,fedex,In Transit
2369,12147,28/01/23,,ups,Delivered
2370,12126,12/02/23,,fedex,In Transit
2371,16853,10/03/23,18/03/23,bluedart,Returned
2372,18478,20/04/20,,fedex,Delivered
2373,19202,04/02/23,,bluedart,In Transit
2374,3853,27/10/22,,fedex,In Transit
2375,1014,02/03/23,,ups,Cancelled
2376,15213,13/05/22,,fedex,Delivered
2377,209,02/01/21,,ups,Delivered
2378,7382,16/11/23,,fedex,Delivered
2379,17102,15/04/21,,fedex,Delivered
2380,9068,18/07/20,,dhl,In Transit
2381,11553,03/09/23,,fedex,Delivered
2382,1608,13/08/22,,dhl,Delivered
2383,15587,27/06/20,,ups,Delivered
2384,18303,23/01/22,,usps,Delivered
2385,14081,25/06/22,,fedex,Delivered
2386,2167,04/07/22,,fedex,In Transit
2387,17609,12/07/22,,fedex,In Transit
2388,955,16/04/20,,ups,Delivered
2389,20923,21/01/22,,bluedart,Delivered
2390,7980,02/09/20,,dhl,In Transit
2391,13677,11/07/23,,ups,Delivered
2392,17505,06/02/22,,ups,Cancelled
2393,7179,20/10/22,25/10/22,bluedart,Returned
2394,13682,15/12/21,,fedex,Delivered
2395,18215,09/09/23,,fedex,Delivered
2396,3186,26/12/22,,fedex,In Transit
2397,9487,17/10/21,,fedex,Delivered
2398,1581,25/12/20,,fedex,Cancelled
2399,15143,25/07/20,,dhl,In Transit
2400,5266,15/09/20,,fedex,Delivered
2401,17638,24/12/22,,ups,Delivered
2402,14804,03/08/21,,usps,Delivered
2403,1258,30/06/21,,fedex,Delivered
2404,9449,30/04/20,,dhl,In Transit
2405,11951,22/08/22,,fedex,Delivered
2406,5498,10/12/23,,fedex,Delivered
2407,12801,21/03/22,,bluedart,In Transit
2408,10842,28/05/21,,usps,In Transit
2409,13609,16/12/21,,fedex,In Transit
2410,11351,18/08/21,,dhl,Delivered
2411,3094,25/12/21,,dhl,Delivered
2412,10069,13/06/22,,ups,Delivered
2413,15969,16/06/21,,bluedart,In Transit
2414,11911,01/05/20,,fedex,In Transit
2415,7325,22/11/23,,bluedart,In Transit
2416,19517,12/03/20,,fedex,Delivered
2417,9708,17/01/20,,fedex,Delivered
2418,20944,25/08/21,,dhl,Delivered
2419,18708,02/10/20,,fedex,Cancelled
2420,4697,14/03/20,,fedex,In Transit
2421,3631,19/11/23,,fedex,Delivered
2422,19358,05/06/21,,fedex,Delivered
2423,11423,10/03/21,,dhl,Delivered
2424,19137,18/12/23,,usps,In Transit
2425,2496,22/05/20,,ups,Delivered
2426,20236,30/10/20,,fedex,In Transit
2427,15406,12/11/23,,fedex,In Transit
2428,20257,09/11/21,,fedex,Delivered
2429,8451,03/08/20,,fedex,In Transit
2430,13011,29/03/21,,ups,In Transit
2431,228,10/01/21,,usps,Cancelled
2432,18523,11/03/20,,fedex,Cancelled
2433,20392,04/01/21,,dhl,Delivered
2434,396,10/08/22,,fedex,Delivered
2435,18092,07/07/20,,fedex,Cancelled
2436,15800,14/09/22,,fedex,In Transit
2437,10441,24/02/21,,fedex,In Transit
2438,3097,01/02/23,,fedex,In Transit
2439,4321,16/02/20,,bluedart,Delivered
2440,5872,19/07/22,,dhl,In Transit
2441,16479,04/08/22,,dhl,Delivered
2442,15802,16/06/23,,fedex,In Transit
2443,8281,11/11/23,,ups,Delivered
2444,9600,21/09/21,,fedex,Delivered
2445,13742,11/10/20,,dhl,In Transit
2446,7923,18/09/23,,dhl,Delivered
2447,10092,06/06/21,,bluedart,Delivered
2448,11776,11/02/23,,usps,Delivered
2449,2778,03/01/21,,ups,Delivered
2450,9064,21/05/22,,bluedart,In Transit
2451,8958,09/08/23,,ups,Delivered
2452,7264,27/11/23,,fedex,Delivered
2453,12061,04/01/21,,bluedart,In Transit
2454,1191,20/08/22,,bluedart,In Transit
2455,1948,31/08/23,,fedex,Delivered
2456,13865,07/04/21,,bluedart,Delivered
2457,10455,17/04/23,,dhl,In Transit
2458,10736,20/04/22,,fedex,In Transit
2459,7134,14/09/23,,fedex,Delivered
2460,1089,09/10/21,,dhl,Delivered
2461,5320,15/06/23,,dhl,In Transit
2462,7832,19/04/23,,dhl,In Transit
2463,3253,12/04/20,,fedex,Delivered
2464,19950,10/04/22,,fedex,In Transit
2465,10907,17/10/20,,dhl,Delivered
2466,21365,17/07/23,,fedex,In Transit
2467,10282,26/09/23,,fedex,Delivered
2468,2577,06/01/22,,bluedart,In Transit
2469,18877,31/05/22,,bluedart,In Transit
2470,13395,28/02/20,,fedex,Delivered
2471,18685,07/12/23,,bluedart,Delivered
2472,7448,23/02/22,,fedex,Delivered
2473,9343,11/04/20,,fedex,Delivered
2474,11620,08/06/20,,dhl,Delivered
2475,14170,27/09/21,,bluedart,In Transit
2476,12724,12/07/22,,bluedart,Delivered
2477,18401,08/03/23,,fedex,Delivered
2478,19712,28/03/23,,dhl,Delivered
2479,16634,07/07/23,,dhl,In Transit
2480,1772,11/04/20,,ups,In Transit
2481,5290,23/02/20,,fedex,In Transit
2482,21159,29/03/22,,fedex,In Transit
2483,16251,17/03/23,,dhl,In Transit
2484,17733,07/09/21,,fedex,Delivered
2485,10269,17/07/22,,fedex,In Transit
2486,14850,26/12/23,,fedex,Delivered
2487,8705,14/01/20,,bluedart,In Transit
2488,5888,18/10/21,,dhl,In Transit
2489,16996,22/09/23,,fedex,Delivered
2490,10001,12/01/21,,fedex,In Transit
2491,4046,21/12/20,,fedex,Delivered
2492,18829,22/06/23,,fedex,In Transit
2493,2859,17/06/22,,ups,Delivered
2494,15744,21/03/23,,ups,In Transit
2495,1533,02/04/20,,fedex,Delivered
2496,16916,03/05/21,,dhl,Delivered
2497,15135,25/05/20,,bluedart,Delivered
2498,6526,04/02/22,,usps,Delivered
2499,3785,25/04/23,,dhl,Delivered
2500,5751,24/03/22,,fedex,Delivered
2501,7188,31/07/22,,fedex,Cancelled
2502,5427,27/10/22,,bluedart,Delivered
2503,556,03/11/22,,fedex,Cancelled
2504,21445,14/12/23,,fedex,Delivered
2505,8567,20/09/23,,fedex,In Transit
2506,20643,13/02/20,,dhl,In Transit
2507,3794,08/07/20,,usps,In Transit
2508,9816,26/08/21,,dhl,Delivered
2509,9321,21/11/22,,bluedart,Delivered
2510,19354,30/12/22,,dhl,In Transit
2511,16959,22/02/21,,dhl,Delivered
2512,11199,16/06/22,,fedex,Delivered
2513,3978,11/07/21,,dhl,Delivered
2514,15465,13/11/23,,usps,Cancelled
2515,14740,14/06/22,,fedex,Delivered
2516,6669,07/08/20,,dhl,Delivered
2517,19857,10/07/20,,fedex,Delivered
2518,20772,14/02/22,,dhl,Delivered
2519,5149,23/08/22,,fedex,In Transit
2520,15203,09/01/22,,fedex,Delivered
2521,20508,12/02/23,,bluedart,Delivered
2522,20020,10/05/20,,fedex,Delivered
2523,8212,25/10/23,,bluedart,Delivered
2524,1112,06/01/20,,ups,Delivered
2525,3801,21/01/21,,fedex,Delivered
2526,5010,26/09/20,,fedex,Delivered
2527,13484,04/10/22,,fedex,Delivered
2528,21019,05/12/22,,fedex,In Transit
2529,17623,01/05/20,,fedex,Delivered
2530,19042,07/11/23,,fedex,Delivered
2531,3600,07/11/21,,fedex,In Transit
2532,3496,15/08/20,,dhl,Delivered
2533,20101,08/07/20,,dhl,Delivered
2534,4776,22/09/21,,ups,In Transit
2535,14994,16/12/22,,ups,Delivered
2536,19668,29/12/21,,fedex,Delivered
2537,2545,12/02/21,,dhl,Delivered
2538,11647,16/10/20,,fedex,Delivered
2539,12450,13/08/20,,fedex,In Transit
2540,2708,16/12/20,,fedex,Delivered
2541,6183,21/05/20,,fedex,Delivered
2542,19359,07/04/22,,fedex,Delivered
2543,5120,08/02/21,,ups,Delivered
2544,19188,28/07/20,,usps,In Transit
2545,1653,10/03/23,,fedex,Cancelled
2546,10974,22/09/23,,ups,Delivered
2547,19154,10/03/22,,fedex,In Transit
2548,14397,14/01/23,,bluedart,Delivered
2549,6949,23/08/21,,usps,Delivered
2550,10072,25/08/23,,bluedart,Delivered
2551,11902,05/10/20,,fedex,Cancelled
2552,15990,05/09/20,15/09/20,fedex,Returned
2553,1284,24/08/23,13/09/23,ups,Returned
2554,17380,30/09/20,,fedex,Cancelled
2555,18606,07/01/21,,bluedart,Delivered
2556,8594,22/07/21,,fedex,In Transit
2557,14227,03/03/20,,ups,Delivered
2558,19588,10/10/20,,usps,In Transit
2559,19530,26/08/21,,fedex,In Transit
2560,7658,13/07/21,,usps,Delivered
2561,21495,21/09/23,,dhl,In Transit
2562,7240,30/11/22,,fedex,Delivered
2563,13891,10/03/20,,fedex,Delivered
2564,2746,05/05/20,,fedex,Delivered
2565,11883,25/08/20,,bluedart,Delivered
2566,11113,15/07/22,,bluedart,Delivered
2567,16005,11/10/22,,dhl,Delivered
2568,9577,02/11/21,,bluedart,In Transit
2569,6679,11/07/22,,fedex,Delivered
2570,11120,03/03/22,,fedex,Delivered
2571,20033,24/06/23,,fedex,In Transit
2572,8427,13/05/20,,usps,Cancelled
2573,13404,02/06/20,,fedex,Delivered
2574,11825,13/09/21,,fedex,Delivered
2575,15309,03/04/21,,bluedart,Delivered
2576,14558,26/10/23,,fedex,In Transit
2577,12130,25/05/21,,fedex,Delivered
2578,6291,10/12/23,,fedex,Delivered
2579,16307,04/09/21,,dhl,In Transit
2580,6671,08/08/20,,fedex,In Transit
2581,5997,25/07/20,,fedex,In Transit
2582,5165,17/03/21,,fedex,In Transit
2583,15470,10/02/20,,fedex,In Transit
2584,19122,14/06/21,,dhl,Delivered
2585,18612,10/05/21,,ups,In Transit
2586,16164,22/08/22,,ups,Delivered
2587,18783,23/04/21,,dhl,In Transit
2588,20562,09/10/20,,ups,Delivered
2589,11027,07/08/20,,dhl,Delivered
2590,21004,23/08/20,,usps,Delivered
2591,14961,16/07/22,,fedex,In Transit
2592,11747,03/04/20,,usps,Delivered
2593,20302,28/04/20,,ups,In Transit
2594,10963,01/09/21,,fedex,Delivered
2595,20082,18/08/22,,fedex,Delivered
2596,13649,10/01/22,,dhl,In Transit
2597,20987,29/04/22,,fedex,Delivered
2598,12447,27/05/23,,bluedart,Delivered
2599,18976,23/04/20,,bluedart,Delivered
2600,2052,29/08/20,,fedex,In Transit
2601,7825,03/12/21,,bluedart,Delivered
2602,21418,04/10/21,,fedex,In Transit
2603,16300,22/03/20,,fedex,In Transit
2604,2921,14/12/20,,dhl,In Transit
2605,1451,04/05/20,,dhl,In Transit
2606,6016,26/05/23,,ups,Delivered
2607,11926,28/07/23,,fedex,Delivered
2608,4545,18/05/23,,ups,In Transit
2609,9947,10/01/21,,fedex,Delivered
2610,7046,25/07/23,,fedex,Delivered
2611,16125,05/03/23,,fedex,Delivered
2612,15093,11/04/20,,fedex,Delivered
2613,541,26/10/21,,fedex,Delivered
2614,17541,31/03/22,,fedex,In Transit
2615,14048,03/08/21,,fedex,In Transit
2616,16936,29/09/22,,fedex,Delivered
2617,20141,04/09/20,,ups,In Transit
2618,21562,10/03/20,,usps,Delivered
2619,5300,27/01/21,,fedex,Delivered
2620,16579,18/06/23,,fedex,Delivered
2621,14288,20/08/20,,bluedart,Delivered
2622,8623,06/05/23,,fedex,Delivered
2623,15265,08/12/21,,dhl,In Transit
2624,11787,18/02/22,,dhl,Delivered
2625,19672,13/04/21,,bluedart,Delivered
2626,10080,12/12/23,,fedex,Delivered
2627,1622,23/01/21,,bluedart,Delivered
2628,9544,31/10/21,,fedex,Delivered
2629,19590,12/03/22,,ups,Delivered
2630,17611,03/06/21,,dhl,Delivered
2631,2692,27/09/21,,fedex,Delivered
2632,20000,14/03/20,,fedex,Cancelled
2633,15595,15/02/20,,bluedart,In Transit
2634,21050,11/11/20,,fedex,Delivered
2635,21108,22/01/23,,ups,Delivered
2636,3125,10/12/20,,dhl,In Transit
2637,13460,22/10/23,,fedex,Delivered
2638,17606,20/02/23,,fedex,In Transit
2639,127,08/04/22,,fedex,Delivered
2640,7195,15/12/20,,fedex,Delivered
2641,2289,01/11/20,,bluedart,Delivered
2642,13793,03/03/22,,ups,Delivered
2643,5170,09/07/21,,fedex,Delivered
2644,2536,16/01/20,,fedex,Cancelled
2645,3091,19/09/21,,ups,In Transit
2646,2197,21/02/23,,fedex,Delivered
2647,17509,02/06/21,,fedex,In Transit
2648,4488,19/10/23,,fedex,Delivered
2649,9734,11/04/22,,ups,Delivered
2650,15702,26/12/22,,usps,In Transit
2651,17575,11/11/23,,bluedart,In Transit
2652,1893,11/08/21,,ups,In Transit
2653,10017,11/01/20,,usps,Delivered
2654,7569,23/06/23,,fedex,Delivered
2655,8230,23/03/20,,dhl,Delivered
2656,6751,04/08/21,,fedex,Delivered
2657,8692,03/08/21,,dhl,In Transit
2658,19747,13/06/22,,bluedart,Delivered
2659,8387,18/05/22,,fedex,Delivered
2660,2075,17/06/20,,bluedart,Delivered
2661,14141,25/06/21,,bluedart,In Transit
2662,6215,19/10/21,,fedex,Delivered
2663,14225,19/01/21,,dhl,In Transit
2664,1002,19/08/23,,fedex,Delivered
2665,15635,30/04/23,,fedex,In Transit
2666,5401,22/06/23,,fedex,Delivered
2667,11803,28/04/21,,ups,Delivered
2668,10683,03/05/20,,bluedart,Cancelled
2669,18241,22/11/23,,bluedart,In Transit
2670,20295,09/03/20,27/03/20,dhl,Returned
2671,17213,24/03/21,,ups,Delivered
2672,517,29/08/22,,dhl,Delivered
2673,14901,13/03/21,,fedex,Delivered
2674,17976,16/09/22,,dhl,In Transit
2675,14391,12/01/20,,fedex,In Transit
2676,360,26/10/20,,fedex,In Transit
2677,10166,06/09/22,,bluedart,Delivered
2678,17392,05/03/22,,bluedart,Delivered
2679,507,23/11/20,,ups,Delivered
2680,12192,10/10/20,,ups,In Transit
2681,12058,18/10/22,,bluedart,Delivered
2682,3623,10/04/20,,dhl,Delivered
2683,18507,04/10/21,,fedex,In Transit
2684,533,30/10/23,,dhl,In Transit
2685,9941,23/11/20,,bluedart,In Transit
2686,2196,17/05/20,,fedex,Cancelled
2687,18907,28/07/20,,dhl,Delivered
2688,14886,14/09/20,,fedex,Delivered
2689,10480,03/11/20,,fedex,In Transit
2690,8673,10/05/20,,dhl,Delivered
2691,15929,02/09/22,,fedex,In Transit
2692,6307,02/10/23,,bluedart,In Transit
2693,15985,03/07/23,10/07/23,fedex,Returned
2694,4176,19/12/21,,bluedart,Delivered
2695,21529,12/10/23,,dhl,Delivered
2696,20599,12/01/20,,ups,Delivered
2697,11634,27/05/22,,bluedart,In Transit
2698,16290,15/12/23,,dhl,In Transit
2699,13854,11/10/22,,dhl,Delivered
2700,17504,27/03/23,,bluedart,Delivered
2701,13255,22/11/22,,dhl,Delivered
2702,2362,26/12/22,,fedex,Delivered
2703,15401,12/08/23,,fedex,In Transit
2704,21527,07/11/21,,fedex,In Transit
2705,16921,06/03/23,,fedex,Cancelled
2706,15906,09/09/21,,bluedart,Delivered
2707,7893,17/06/23,,fedex,Delivered
2708,16927,10/12/23,,dhl,Delivered
2709,9431,05/10/21,,fedex,Delivered
2710,17418,10/07/23,,ups,In Transit
2711,8166,27/07/21,,dhl,Delivered
2712,18794,30/07/23,,fedex,Delivered
2713,12184,15/12/21,,fedex,In Transit
2714,12189,10/05/21,,ups,In Transit
2715,7883,02/10/20,,fedex,In Transit
2716,9763,21/01/22,,dhl,Delivered
2717,10122,20/03/20,,fedex,Delivered
2718,4233,16/12/23,,ups,Delivered
2719,3285,22/12/21,,dhl,In Transit
2720,253,16/06/23,,fedex,In Transit
2721,18399,15/02/21,,fedex,In Transit
2722,2360,22/04/21,,dhl,Delivered
2723,7252,23/10/20,,fedex,Cancelled
2724,6884,23/09/20,,bluedart,Cancelled
2725,6409,21/11/20,,fedex,In Transit
2726,700,14/02/21,,bluedart,Delivered
2727,7372,24/12/22,,usps,Delivered
2728,8830,27/06/23,,ups,Delivered
2729,10701,31/05/21,,fedex,Delivered
2730,2550,16/07/23,,dhl,In Transit
2731,16395,12/04/22,,ups,In Transit
2732,1176,27/08/21,,ups,Delivered
2733,10413,28/01/21,,fedex,Delivered
2734,18803,03/06/20,,fedex,Delivered
2735,1304,10/04/23,,fedex,In Transit
2736,11248,17/02/22,,fedex,In Transit
2737,5346,12/04/21,,dhl,Delivered
2738,9934,11/05/20,,fedex,In Transit
2739,358,05/06/22,,fedex,Delivered
2740,15841,16/02/21,,ups,Delivered
2741,12299,26/12/23,,bluedart,In Transit
2742,3833,12/04/22,,fedex,Delivered
2743,20264,12/08/23,,fedex,Delivered
2744,17334,06/07/21,,fedex,In Transit
2745,14112,10/09/23,,fedex,Delivered
2746,1244,11/01/21,,fedex,Delivered
2747,11801,10/10/22,28/10/22,fedex,Returned
2748,19512,18/06/22,,fedex,Delivered
2749,4373,22/06/21,,usps,In Transit
2750,11707,06/08/20,31/08/20,bluedart,Returned
2751,10870,28/01/21,,bluedart,Delivered
2752,19746,12/06/23,,fedex,Delivered
2753,4561,18/08/21,,fedex,In Transit
2754,1580,09/10/20,,fedex,Delivered
2755,13982,13/01/20,,fedex,Delivered
2756,14367,10/09/22,,fedex,Delivered
2757,9400,02/06/23,,fedex,In Transit
2758,5843,01/09/20,,fedex,Delivered
2759,8814,03/01/21,,ups,In Transit
2760,3220,22/11/21,,fedex,Cancelled
2761,15991,14/01/21,,bluedart,In Transit
2762,11949,22/12/22,,bluedart,Cancelled
2763,3263,07/09/22,,fedex,Delivered
2764,3161,24/02/23,,usps,Delivered
2765,10051,25/05/20,,dhl,In Transit
2766,8231,11/02/20,,fedex,In Transit
2767,3669,09/06/22,,fedex,In Transit
2768,7701,01/02/22,,bluedart,Delivered
2769,7544,20/05/22,,dhl,In Transit
2770,15972,09/07/23,,ups,In Transit
2771,19893,13/05/23,,fedex,In Transit
2772,17600,28/11/23,,fedex,Delivered
2773,16007,08/01/22,,dhl,Delivered
2774,3763,08/10/23,,usps,Delivered
2775,12168,31/03/23,,fedex,In Transit
2776,5064,24/04/23,,fedex,Delivered
2777,15275,01/02/20,,fedex,In Transit
2778,16870,11/01/21,,usps,Delivered
2779,17856,04/02/21,,bluedart,In Transit
2780,5968,23/04/23,,fedex,In Transit
2781,2841,15/05/21,,fedex,Delivered
2782,3675,20/07/20,,fedex,In Transit
2783,4241,27/03/22,,dhl,Delivered
2784,21216,24/12/22,,dhl,In Transit
2785,21250,04/08/21,,dhl,Delivered
2786,11835,16/04/21,,fedex,Delivered
2787,2873,19/07/21,,dhl,Delivered
2788,17189,14/11/21,,bluedart,Delivered
2789,6417,18/06/23,,dhl,In Transit
2790,757,11/12/21,,bluedart,Delivered
2791,19306,18/12/22,,fedex,Delivered
2792,16022,31/07/23,,fedex,Delivered
2793,12425,17/04/21,,fedex,In Transit
2794,11484,14/05/20,,dhl,Cancelled
2795,12672,30/09/21,,bluedart,Delivered
2796,9475,22/04/22,29/04/22,fedex,Returned
2797,8340,19/04/23,28/04/23,dhl,Returned
2798,19233,10/09/23,,bluedart,Delivered
2799,12964,30/05/21,,fedex,Delivered
2800,17499,20/05/20,,fedex,Delivered
2801,11084,29/12/20,,dhl,In Transit
2802,9153,30/01/22,,bluedart,In Transit
2803,3314,26/04/22,,ups,Delivered
2804,10686,17/08/23,,bluedart,In Transit
2805,21438,25/01/20,,fedex,Delivered
2806,4664,19/06/22,,usps,Delivered
2807,18978,20/10/21,,fedex,Delivered
2808,17040,24/04/23,,dhl,In Transit
2809,19615,04/03/21,,fedex,Delivered
2810,3256,22/10/20,,fedex,Cancelled
2811,16689,13/02/20,,fedex,Delivered
2812,13163,11/12/20,,bluedart,In Transit
2813,19450,04/05/21,,dhl,Delivered
2814,8468,07/09/20,,ups,In Transit
2815,10624,31/05/21,,usps,Delivered
2816,2991,16/09/23,,bluedart,In Transit
2817,4201,17/11/21,,fedex,Delivered
2818,13150,04/11/22,,fedex,Delivered
2819,8805,10/11/22,,bluedart,In Transit
2820,14001,10/03/22,,fedex,In Transit
2821,2693,27/07/21,,dhl,In Transit
2822,15888,14/04/21,,ups,Delivered
2823,11081,05/02/22,,fedex,Delivered
2824,5841,08/12/21,,fedex,Delivered
2825,14215,19/04/21,,fedex,Delivered
2826,11519,25/02/23,,usps,Delivered
2827,6686,29/10/23,,usps,Delivered
2828,14946,14/06/21,,fedex,In Transit
2829,14143,13/10/21,,fedex,In Transit
2830,13806,23/06/20,,usps,Delivered
2831,511,23/08/20,,fedex,Delivered
2832,3034,30/03/23,,dhl,Delivered
2833,7227,11/05/20,,fedex,In Transit
2834,2554,12/05/20,,dhl,In Transit
2835,16890,02/12/22,,fedex,In Transit
2836,3599,05/09/22,,fedex,In Transit
2837,20240,28/12/22,,bluedart,Delivered
2838,7672,24/07/21,,fedex,Cancelled
2839,9695,03/01/20,,ups,In Transit
2840,4098,13/05/20,,dhl,Delivered
2841,19378,13/06/20,,fedex,Delivered
2842,18731,13/12/23,,fedex,In Transit
2843,17412,20/10/23,,fedex,Delivered
2844,12772,21/03/22,,fedex,In Transit
2845,19695,12/08/23,,fedex,Delivered
2846,11107,15/11/23,,fedex,Delivered
2847,11311,21/09/22,,fedex,In Transit
2848,9084,05/09/22,,usps,In Transit
2849,17238,29/06/22,,fedex,Delivered
2850,1097,13/08/21,,dhl,Delivered
2851,7256,09/01/20,,dhl,In Transit
2852,16392,21/04/21,,bluedart,Delivered
2853,8658,25/08/21,,dhl,Delivered
2854,272,23/02/21,,dhl,Delivered
2855,18846,01/02/22,,fedex,In Transit
2856,9217,17/04/22,,usps,In Transit
2857,4525,23/10/23,,dhl,Delivered
2858,20864,04/06/20,,fedex,Delivered
2859,15225,14/12/21,,bluedart,Cancelled
2860,3565,16/05/20,,fedex,In Transit
2861,21166,30/11/20,,fedex,Delivered
2862,12143,23/03/20,,dhl,Delivered
2863,12546,09/08/22,,fedex,Delivered
2864,15142,22/08/23,,bluedart,Delivered
2865,5137,16/06/20,,bluedart,In Transit
2866,19956,16/02/23,,ups,Delivered
2867,20225,05/12/21,,dhl,Delivered
2868,15803,22/11/20,06/12/20,bluedart,Returned
2869,20209,30/12/21,,ups,Cancelled
2870,17272,06/06/23,30/06/23,fedex,Returned
2871,6945,21/01/23,,usps,In Transit
2872,5354,02/02/22,,fedex,Delivered
2873,4710,05/04/22,,dhl,Delivered
2874,19026,20/12/21,,fedex,In Transit
2875,11894,21/01/23,,fedex,Delivered
2876,1839,05/07/22,,fedex,Delivered
2877,4198,15/02/21,,fedex,In Transit
2878,14250,04/06/22,,bluedart,Delivered
2879,1542,22/10/21,,fedex,Delivered
2880,18601,03/03/23,,ups,In Transit
2881,14877,27/02/21,,fedex,Delivered
2882,18952,29/12/21,,usps,In Transit
2883,8026,25/06/22,,ups,Delivered
2884,6321,20/06/21,,fedex,Delivered
2885,1717,01/11/22,,dhl,Delivered
2886,17469,04/02/21,,ups,Cancelled
2887,21362,05/07/20,,fedex,Delivered
2888,10672,10/12/22,,fedex,In Transit
2889,335,06/05/21,,fedex,Delivered
2890,19967,24/02/23,,bluedart,Delivered
2891,17347,04/09/21,,fedex,Delivered
2892,4774,04/09/21,,fedex,In Transit
2893,17932,03/10/21,,fedex,In Transit
2894,1307,05/04/21,,bluedart,Delivered
2895,16712,26/05/23,,bluedart,In Transit
2896,962,19/10/21,,ups,Delivered
2897,19126,23/01/20,,fedex,In Transit
2898,3490,05/07/22,,ups,Delivered
2899,1944,24/05/21,,fedex,In Transit
2900,3955,05/11/23,,usps,Delivered
2901,3869,26/02/21,,fedex,In Transit
2902,14519,29/05/22,,fedex,In Transit
2903,8803,12/09/22,,fedex,In Transit
2904,17886,24/10/23,,bluedart,In Transit
2905,19432,31/10/21,,bluedart,Delivered
2906,651,07/08/20,,ups,In Transit
2907,770,30/01/21,,fedex,Delivered
2908,1380,28/02/23,,fedex,In Transit
2909,10307,08/01/21,,fedex,Delivered
2910,12983,25/12/20,,bluedart,Cancelled
2911,2381,10/10/21,,fedex,In Transit
2912,5943,27/09/23,,dhl,In Transit
2913,14213,14/12/23,,dhl,Delivered
2914,4521,20/05/20,,dhl,Delivered
2915,14703,17/01/23,,dhl,Delivered
2916,20783,24/08/22,,ups,Cancelled
2917,17026,27/04/22,,dhl,Cancelled
2918,17267,09/10/22,,ups,In Transit
2919,15654,08/03/23,,fedex,In Transit
2920,6299,23/11/20,,fedex,Delivered
2921,18926,13/09/22,,dhl,In Transit
2922,2898,07/03/21,,fedex,Delivered
2923,21379,11/05/22,16/05/22,dhl,Returned
2924,13908,11/09/20,,fedex,Delivered
2925,18102,29/10/23,,usps,In Transit
2926,1957,12/04/22,,usps,Cancelled
2927,15600,31/03/20,,bluedart,In Transit
2928,13557,15/03/20,,ups,In Transit
2929,3598,22/12/20,,bluedart,Delivered
2930,7009,16/09/23,,usps,Delivered
2931,9818,25/04/23,,fedex,In Transit
2932,18138,29/05/20,,ups,Delivered
2933,1359,16/08/22,,dhl,Delivered
2934,14030,06/02/23,,fedex,Delivered
2935,8073,09/12/22,,fedex,In Transit
2936,3162,22/01/21,,dhl,Delivered
2937,1462,23/05/22,,dhl,Delivered
2938,14830,21/08/23,,fedex,Delivered
2939,5807,12/11/23,,fedex,In Transit
2940,9112,19/06/21,06/07/21,ups,Returned
2941,19027,09/06/21,,fedex,In Transit
2942,6367,25/02/22,,fedex,Delivered
2943,7528,18/02/20,,fedex,In Transit
2944,3567,07/10/23,,bluedart,In Transit
2945,18754,08/07/21,,usps,In Transit
2946,11185,19/03/22,,ups,Delivered
2947,17879,09/03/23,,dhl,In Transit
2948,19575,18/06/21,,usps,Cancelled
2949,6182,18/10/23,,dhl,Delivered
2950,10551,27/08/22,,fedex,In Transit
2951,453,16/08/22,,fedex,In Transit
2952,21331,08/06/21,,fedex,Delivered
2953,4131,19/01/21,,bluedart,In Transit
2954,13665,29/12/20,,dhl,In Transit
2955,77,04/10/21,,fedex,Delivered
2956,7592,20/04/21,,dhl,Delivered
2957,13171,19/07/22,,ups,Delivered
2958,12904,28/04/23,,fedex,Delivered
2959,2893,25/12/21,,dhl,Delivered
2960,17640,19/11/20,,bluedart,Delivered
2961,8381,15/10/22,,fedex,In Transit
2962,19670,30/11/22,,dhl,Delivered
2963,12572,31/12/20,,bluedart,Delivered
2964,8226,27/05/21,,fedex,Delivered
2965,10738,16/07/22,,fedex,Delivered
2966,9388,19/02/22,,fedex,In Transit
2967,19496,24/06/23,,dhl,In Transit
2968,5759,04/02/21,,fedex,Delivered
2969,9901,23/03/20,,dhl,Delivered
2970,19014,23/04/23,,usps,Delivered
2971,2737,07/11/20,,fedex,Delivered
2972,13787,12/04/20,,fedex,Delivered
2973,1680,27/07/22,,fedex,Delivered
2974,19539,03/03/22,,fedex,Delivered
2975,20104,12/12/21,,dhl,Delivered
2976,15908,04/08/22,,ups,Cancelled
2977,7431,23/02/21,,usps,Cancelled
2978,2285,28/11/23,,dhl,Delivered
2979,10595,03/05/21,,usps,In Transit
2980,18212,08/02/21,,fedex,In Transit
2981,6452,20/07/21,,bluedart,Delivered
2982,13624,21/07/21,,fedex,Delivered
2983,3343,23/09/22,,ups,Delivered
2984,13647,11/12/20,,fedex,Delivered
2985,14725,09/11/21,,bluedart,Delivered
2986,16414,12/07/22,,fedex,Delivered
2987,18650,23/04/23,,ups,Cancelled
2988,14590,23/02/22,,fedex,Delivered
2989,4864,30/10/20,,ups,In Transit
2990,13531,29/07/22,,ups,Delivered
2991,6821,26/06/23,,bluedart,Delivered
2992,14719,21/04/23,,dhl,Delivered
2993,10391,02/10/21,,bluedart,Delivered
2994,15739,06/12/21,,fedex,Delivered
2995,14624,28/05/22,,bluedart,Delivered
2996,1725,17/01/22,,dhl,Delivered
2997,9551,11/09/23,,fedex,Delivered
2998,10070,09/02/21,,dhl,Delivered
2999,10811,28/06/22,,fedex,In Transit
3000,17172,30/03/23,,dhl,Delivered
3001,6913,03/08/21,,fedex,Delivered
3002,8187,06/03/20,,fedex,In Transit
3003,4559,27/01/23,,usps,Delivered
3004,4908,25/02/22,,fedex,Delivered
3005,9292,16/01/20,,ups,Delivered
3006,17217,26/09/22,,fedex,Delivered
3007,14678,03/12/23,,bluedart,Delivered
3008,2995,16/04/23,,dhl,Delivered
3009,16086,21/09/23,,ups,Delivered
3010,14369,12/10/21,,dhl,In Transit
3011,5958,02/05/22,,dhl,Delivered
3012,19581,01/02/23,,bluedart,Delivered
3013,20777,12/01/22,,fedex,In Transit
3014,14469,15/04/20,,dhl,Cancelled
3015,7435,12/06/20,,bluedart,Delivered
3016,15216,05/03/22,,dhl,Delivered
3017,6042,16/03/23,,bluedart,In Transit
3018,18132,11/12/21,,fedex,In Transit
3019,18104,14/02/20,,dhl,Delivered
3020,3006,27/10/20,,usps,Delivered
3021,473,24/05/20,,fedex,Delivered
3022,15727,02/02/22,,fedex,In Transit
3023,5720,09/12/20,,fedex,Delivered
3024,9069,08/01/23,,ups,In Transit
3025,13900,21/03/21,,fedex,Cancelled
3026,1350,23/06/22,,fedex,Cancelled
3027,7011,30/10/22,,fedex,Cancelled
3028,7768,31/12/23,,fedex,In Transit
3029,5511,25/09/20,,fedex,Delivered
3030,2078,11/09/22,,fedex,In Transit
3031,3230,04/04/23,,bluedart,Delivered
3032,7085,07/09/23,,dhl,Delivered
3033,6820,07/05/21,,fedex,Delivered
3034,3077,27/08/23,,dhl,In Transit
3035,7857,11/12/23,,fedex,Delivered
3036,9190,29/10/20,,fedex,In Transit
3037,13489,15/12/23,,fedex,Delivered
3038,15630,13/10/20,,bluedart,Delivered
3039,17574,27/11/20,,usps,In Transit
3040,285,18/12/20,,dhl,Cancelled
3041,9839,13/07/21,,ups,Delivered
3042,13367,05/07/22,,fedex,In Transit
3043,4407,05/12/21,,fedex,Delivered
3044,15735,24/02/20,,dhl,Delivered
3045,1654,31/05/20,,fedex,In Transit
3046,2486,22/03/22,,ups,Delivered
3047,19737,27/05/22,11/06/22,dhl,Returned
3048,19649,13/09/23,,fedex,Delivered
3049,19846,15/04/22,,ups,In Transit
3050,21188,28/07/23,,dhl,Delivered
3051,17627,03/02/22,,fedex,Delivered
3052,3373,29/07/23,,dhl,Delivered
3053,251,26/11/23,,dhl,Delivered
3054,19248,26/11/21,,ups,In Transit
3055,21528,04/04/21,,fedex,In Transit
3056,13912,13/04/23,,fedex,Delivered
3057,19773,10/05/23,,dhl,Cancelled
3058,20360,25/12/23,,fedex,Delivered
3059,16676,20/02/22,,fedex,Delivered
3060,179,28/10/20,,bluedart,Delivered
3061,6449,16/01/23,,fedex,In Transit
3062,3607,23/10/22,,fedex,Delivered
3063,2370,20/07/21,,bluedart,Delivered
3064,10921,11/05/21,,fedex,In Transit
3065,18203,18/02/20,,ups,Delivered
3066,1188,13/12/22,,fedex,Delivered
3067,9673,17/01/20,,fedex,Delivered
3068,10769,22/01/20,,usps,In Transit
3069,5721,10/12/22,,fedex,In Transit
3070,13709,01/04/22,,fedex,Delivered
3071,16087,09/01/23,,ups,Delivered
3072,11915,01/01/21,,dhl,In Transit
3073,13846,26/06/21,,fedex,Delivered
3074,2784,06/03/20,,fedex,Delivered
3075,1295,07/09/23,,usps,In Transit
3076,11174,20/05/23,,dhl,Cancelled
3077,3637,16/05/23,,fedex,In Transit
3078,20890,20/06/20,,bluedart,Delivered
3079,1047,12/03/20,,dhl,Delivered
3080,8791,07/10/22,16/10/22,fedex,Returned
3081,11774,15/04/23,06/05/23,dhl,Returned
3082,16012,06/01/20,,dhl,Cancelled
3083,20174,16/03/20,,fedex,Delivered
3084,8892,27/05/23,,fedex,Delivered
3085,14585,01/11/23,,fedex,Delivered
3086,14284,22/02/20,,ups,Cancelled
3087,7751,06/08/22,,ups,Delivered
3088,14926,23/10/21,,fedex,In Transit
3089,629,21/05/23,,fedex,Delivered
3090,4849,09/09/20,,bluedart,Delivered
3091,2655,22/05/20,,ups,Delivered
3092,2700,29/12/22,,dhl,In Transit
3093,4981,03/06/20,,fedex,Delivered
3094,3014,03/04/20,,bluedart,In Transit
3095,17161,27/12/23,,ups,Delivered
3096,17568,10/06/21,,bluedart,Delivered
3097,17654,27/01/20,,fedex,In Transit
3098,19484,31/07/23,,fedex,Delivered
3099,9379,03/12/22,,usps,Delivered
3100,8641,26/05/23,,bluedart,In Transit
3101,11646,05/07/23,,bluedart,Delivered
3102,1424,21/06/22,,fedex,In Transit
3103,16504,19/02/21,,dhl,In Transit
3104,1328,28/12/22,,usps,Delivered
3105,18734,10/04/22,,dhl,Delivered
3106,11083,16/06/22,03/07/22,fedex,Returned
3107,483,16/05/21,,ups,Delivered
3108,10502,20/01/20,,dhl,Delivered
3109,217,07/02/20,,fedex,In Transit
3110,11388,13/10/22,,dhl,In Transit
3111,8576,13/07/23,,fedex,Delivered
3112,8591,14/12/21,,fedex,Delivered
3113,13737,07/06/20,,fedex,Delivered
3114,15362,30/04/22,,ups,In Transit
3115,2774,19/05/22,30/05/22,bluedart,Returned
3116,1984,07/10/23,13/10/23,fedex,Returned
3117,3835,09/01/20,,bluedart,In Transit
3118,2183,15/04/20,,fedex,Delivered
3119,5626,13/05/23,,ups,In Transit
3120,2151,04/07/22,,fedex,Delivered
3121,3225,23/01/20,,ups,Cancelled
3122,11019,11/09/21,,fedex,Delivered
3123,417,03/11/23,,dhl,In Transit
3124,20566,22/07/20,,usps,In Transit
3125,6596,08/04/20,,fedex,In Transit
3126,1684,16/02/21,13/03/21,ups,Returned
3127,1289,01/12/23,,ups,Delivered
3128,2117,24/04/20,,usps,Cancelled
3129,8660,30/05/23,,fedex,In Transit
3130,13722,01/05/22,,fedex,Delivered
3131,5087,29/09/22,,dhl,Delivered
3132,246,03/01/24,,fedex,Delivered
3133,15571,03/02/20,,fedex,Delivered
3134,18967,29/06/22,,fedex,Delivered
3135,11451,17/07/23,,fedex,In Transit
3136,15932,10/07/22,,dhl,Delivered
3137,7223,03/12/23,,fedex,Delivered
3138,21314,18/05/22,,fedex,In Transit
3139,6706,02/03/20,,dhl,Delivered
3140,1177,26/09/22,,fedex,In Transit
3141,6837,26/07/20,,ups,Delivered
3142,1971,11/07/22,,fedex,Delivered
3143,7368,28/01/22,,ups,Delivered
3144,21464,30/07/20,,bluedart,Delivered
3145,20164,18/09/22,,fedex,Delivered
3146,11672,22/10/20,,dhl,In Transit
3147,3001,09/03/20,,fedex,Cancelled
3148,8761,28/05/20,,ups,Delivered
3149,8922,16/09/21,,dhl,In Transit
3150,11110,08/05/22,,fedex,Delivered
3151,7024,28/07/23,,fedex,In Transit
3152,12246,01/03/23,,usps,Delivered
3153,17641,09/09/23,,fedex,Delivered
3154,15019,26/06/22,,dhl,Delivered
3155,17964,23/10/23,,bluedart,In Transit
3156,8864,07/09/21,,dhl,In Transit
3157,10435,13/04/20,24/04/20,ups,Returned
3158,8609,16/09/22,,bluedart,In Transit
3159,2671,14/09/20,,usps,In Transit
3160,18616,29/06/22,,bluedart,In Transit
3161,1761,18/06/23,,dhl,In Transit
3162,19028,23/06/20,,dhl,Delivered
3163,17663,30/03/20,,fedex,In Transit
3164,18257,04/11/20,,bluedart,Delivered
3165,11177,06/12/22,,fedex,In Transit
3166,19759,17/03/20,,dhl,Delivered
3167,8718,22/01/20,,fedex,Delivered
3168,18290,02/08/22,,fedex,Cancelled
3169,8380,02/04/21,,fedex,In Transit
3170,18995,29/10/22,,ups,Delivered
3171,1724,16/01/23,,fedex,Delivered
3172,10940,30/12/20,18/01/21,dhl,Returned
3173,5746,16/10/20,,usps,Delivered
3174,19210,20/10/21,,dhl,Delivered
3175,2071,23/05/22,,fedex,Delivered
3176,20158,28/07/22,,fedex,Cancelled
3177,6439,17/03/21,,dhl,Delivered
3178,486,13/03/23,,ups,Delivered
3179,4471,13/01/21,,ups,In Transit
3180,18811,21/01/22,,dhl,In Transit
3181,9360,16/10/23,,fedex,Cancelled
3182,6639,19/02/22,,fedex,In Transit
3183,15376,24/08/23,,dhl,Delivered
3184,14960,06/03/23,,fedex,In Transit
3185,13398,28/08/20,,bluedart,In Transit
3186,5301,05/05/23,,fedex,In Transit
3187,21085,03/05/22,,dhl,In Transit
3188,18128,18/11/20,,fedex,In Transit
3189,9277,29/04/21,,bluedart,In Transit
3190,21153,23/08/22,,dhl,In Transit
3191,20027,07/09/21,,fedex,In Transit
3192,14249,27/03/23,,dhl,Delivered
3193,1949,17/11/22,,dhl,Delivered
3194,20577,25/05/20,,fedex,Cancelled
3195,1609,15/04/22,28/04/22,dhl,Returned
3196,12562,11/09/22,,fedex,Delivered
3197,2932,04/04/23,,fedex,Delivered
3198,15794,10/11/20,,fedex,In Transit
3199,7577,28/02/23,,fedex,In Transit
3200,7472,27/11/20,,fedex,Delivered
3201,4855,03/08/22,,fedex,Delivered
3202,6591,05/08/21,,dhl,Delivered
3203,18721,19/09/21,,ups,In Transit
3204,16799,23/07/23,,dhl,In Transit
3205,18228,20/02/22,,dhl,Delivered
3206,17924,09/04/20,,ups,Delivered
3207,11878,12/10/21,,fedex,In Transit
3208,8002,30/11/23,,dhl,Cancelled
3209,13091,29/05/20,,ups,Delivered
3210,15941,20/07/22,,bluedart,Cancelled
3211,10458,06/10/22,,fedex,Delivered
3212,3873,06/11/23,,fedex,Delivered
3213,6274,12/03/23,,ups,Delivered
3214,2034,29/08/23,,bluedart,Delivered
3215,17079,14/11/22,,fedex,In Transit
3216,13324,19/02/22,,usps,Delivered
3217,16088,09/07/22,,fedex,Delivered
3218,4424,09/10/20,,bluedart,Delivered
3219,5544,16/04/21,,usps,Delivered
3220,2874,25/04/23,,fedex,Delivered
3221,12619,20/12/22,,fedex,In Transit
3222,14309,29/08/21,,fedex,Delivered
3223,6153,26/09/22,,dhl,In Transit
3224,9254,22/10/21,,fedex,Delivered
3225,19121,31/12/23,,fedex,Delivered
3226,5485,02/04/20,,fedex,Delivered
3227,16903,04/08/20,,ups,Delivered
3228,17009,30/03/21,,fedex,Delivered
3229,16244,16/06/23,,dhl,Delivered
3230,19912,03/03/21,,fedex,In Transit
3231,324,13/06/20,,bluedart,Delivered
3232,17681,25/08/22,,fedex,Cancelled
3233,833,22/07/23,,fedex,In Transit
3234,16159,18/01/21,,bluedart,Delivered
3235,6071,05/04/20,,dhl,In Transit
3236,10320,17/03/23,,dhl,In Transit
3237,21557,10/04/20,,usps,In Transit
3238,4022,30/04/20,,dhl,In Transit
3239,270,21/01/21,,fedex,Delivered
3240,15764,24/12/23,,bluedart,In Transit
3241,3233,30/08/20,21/09/20,fedex,Returned
3242,6287,14/10/23,,ups,In Transit
3243,15379,01/10/23,,fedex,Delivered
3244,10100,07/11/23,,usps,In Transit
3245,1700,20/08/20,,dhl,Delivered
3246,17293,23/12/23,,bluedart,Delivered
3247,722,16/01/21,,bluedart,In Transit
3248,847,08/06/22,,fedex,Delivered
3249,14187,17/02/20,,fedex,Delivered
3250,9570,17/07/22,,fedex,Delivered
3251,17003,10/06/23,,dhl,In Transit
3252,16065,16/02/23,,fedex,Delivered
3253,11477,15/03/23,,fedex,In Transit
3254,10668,15/02/21,,bluedart,In Transit
3255,694,19/05/22,,ups,In Transit
3256,1404,04/08/22,,fedex,Delivered
3257,6081,18/01/21,,bluedart,Delivered
3258,19274,23/03/23,,fedex,In Transit
3259,20103,03/11/23,,fedex,In Transit
3260,58,28/05/21,,fedex,Delivered
3261,15855,12/05/22,,bluedart,Delivered
3262,6247,12/12/23,,dhl,Delivered
3263,8758,07/04/22,,dhl,Delivered
3264,6572,06/08/21,,dhl,Delivered
3265,17789,03/07/23,,ups,Delivered
3266,1639,03/09/21,,fedex,Delivered
3267,3831,16/12/21,,usps,Delivered
3268,5448,08/02/23,,ups,In Transit
3269,219,05/04/22,,fedex,In Transit
3270,1488,14/04/20,,fedex,Delivered
3271,11375,25/11/21,,bluedart,Delivered
3272,5469,17/03/23,,usps,Delivered
3273,3039,14/08/20,,ups,Delivered
3274,602,27/11/23,,dhl,In Transit
3275,10013,21/02/23,,dhl,In Transit
3276,15779,07/05/23,,fedex,Cancelled
3277,2551,07/07/23,,bluedart,In Transit
3278,12604,24/12/22,,fedex,Delivered
3279,12338,06/06/22,,ups,Delivered
3280,13986,01/06/20,,dhl,Delivered
3281,8826,01/01/24,,fedex,Cancelled
3282,11718,28/10/23,,fedex,Delivered
3283,2695,20/11/20,,dhl,Delivered
3284,16718,20/04/23,,bluedart,Delivered
3285,18045,02/12/21,,bluedart,In Transit
3286,3815,04/01/22,,fedex,Delivered
3287,13315,13/10/22,30/10/22,dhl,Returned
3288,5470,18/03/20,,bluedart,In Transit
3289,12664,16/01/20,,ups,Delivered
3290,20446,17/04/21,,fedex,In Transit
3291,19821,21/05/20,,fedex,In Transit
3292,12624,22/07/21,,ups,Delivered
3293,3138,02/01/23,,fedex,In Transit
3294,14313,12/02/21,,fedex,In Transit
3295,1479,25/01/23,,fedex,Delivered
3296,19863,15/07/22,,dhl,In Transit
3297,17307,04/01/20,,bluedart,In Transit
3298,18046,17/10/20,,fedex,Delivered
3299,18022,04/06/21,,fedex,In Transit
3300,9871,24/01/21,,fedex,Delivered
3301,8687,07/07/20,,dhl,Delivered
3302,10777,03/01/20,,dhl,Delivered
3303,4061,14/04/22,,fedex,In Transit
3304,528,15/02/22,,dhl,In Transit
3305,375,18/04/20,,fedex,Delivered
3306,3907,02/10/23,,dhl,Delivered
3307,4527,02/07/20,,bluedart,Delivered
3308,20595,01/12/21,,dhl,In Transit
3309,12030,29/05/23,,dhl,Delivered
3310,6981,24/10/22,,fedex,Delivered
3311,10598,15/10/22,,dhl,In Transit
3312,11109,09/06/22,,dhl,Cancelled
3313,6858,16/09/23,,usps,In Transit
3314,7381,18/02/20,,ups,Delivered
3315,20232,28/03/21,,bluedart,Delivered
3316,3109,05/08/23,,fedex,Cancelled
3317,12149,19/05/23,,bluedart,Delivered
3318,15928,07/06/21,,fedex,Delivered
3319,6662,29/05/21,,fedex,Delivered
3320,6448,30/06/21,,usps,Delivered
3321,6661,05/10/23,,bluedart,Cancelled
3322,3890,02/11/23,,fedex,Delivered
3323,1212,08/03/21,,fedex,In Transit
3324,14108,04/05/20,,dhl,Delivered
3325,10037,23/03/20,,fedex,Delivered
3326,19360,09/08/23,,fedex,Cancelled
3327,5901,19/07/21,,dhl,Delivered
3328,20148,10/09/22,,fedex,Cancelled
3329,18250,12/06/21,,dhl,Delivered
3330,6716,28/06/22,,fedex,Delivered
3331,20288,01/06/22,,usps,Cancelled
3332,20975,23/02/23,,fedex,Delivered
3333,14746,01/03/22,,bluedart,In Transit
3334,5414,06/09/22,,dhl,Delivered
3335,16766,20/01/22,,dhl,In Transit
3336,14730,17/11/23,,bluedart,In Transit
3337,6604,17/10/21,,fedex,In Transit
3338,2519,16/06/23,,dhl,In Transit
3339,15469,16/05/22,25/05/22,fedex,Returned
3340,7358,03/03/23,,fedex,Delivered
3341,17326,08/12/23,,dhl,In Transit
3342,7704,16/06/20,,fedex,In Transit
3343,12379,03/11/22,,fedex,Delivered
3344,14054,26/04/21,,usps,Delivered
3345,3281,15/06/20,,dhl,Delivered
3346,11478,01/09/21,,ups,Delivered
3347,16995,04/09/23,,usps,Delivered
3348,7874,27/05/22,,fedex,Delivered
3349,1687,31/08/23,,fedex,Delivered
3350,17356,29/08/21,,usps,Delivered
3351,822,04/11/20,,fedex,Delivered
3352,9657,14/04/20,,fedex,Delivered
3353,20328,27/09/21,,bluedart,Delivered
3354,5621,20/07/20,,usps,Delivered
3355,5490,01/10/21,,fedex,In Transit
3356,8213,02/01/22,,dhl,Cancelled
3357,12776,05/06/22,,dhl,Delivered
3358,14507,25/01/22,,fedex,Delivered
3359,18272,29/03/23,,fedex,In Transit
3360,7759,12/12/22,,bluedart,In Transit
3361,2006,27/11/23,,ups,Delivered
3362,8436,02/06/20,,bluedart,In Transit
3363,17979,18/01/23,,bluedart,In Transit
3364,8439,18/02/21,,dhl,Delivered
3365,20391,24/07/23,,bluedart,Delivered
3366,8328,22/08/22,,fedex,Delivered
3367,3640,17/01/22,,dhl,In Transit
3368,4744,01/11/21,,bluedart,Delivered
3369,18106,12/11/20,,fedex,Cancelled
3370,9589,18/05/22,,dhl,Delivered
3371,9155,17/03/21,,fedex,Delivered
3372,20621,20/10/22,,dhl,Delivered
3373,15770,25/02/22,,fedex,Delivered
3374,9582,25/07/22,,dhl,In Transit
3375,5025,21/08/23,,ups,In Transit
3376,10520,25/08/23,,dhl,Cancelled
3377,20995,16/10/22,,usps,In Transit
3378,9591,11/09/23,,fedex,Cancelled
3379,13140,18/01/21,,fedex,Delivered
3380,11172,21/06/21,,ups,In Transit
3381,10468,16/08/22,,dhl,Delivered
3382,8669,17/10/20,,fedex,In Transit
3383,20242,30/07/22,,fedex,Delivered
3384,512,15/04/21,,fedex,In Transit
3385,10791,02/05/22,,ups,In Transit
3386,7112,22/06/20,,dhl,Delivered
3387,11162,08/09/20,,dhl,In Transit
3388,16207,09/09/20,,fedex,Delivered
3389,4881,01/01/23,,bluedart,In Transit
3390,20379,13/08/20,,dhl,Cancelled
3391,20996,04/04/20,,fedex,In Transit
3392,7966,02/06/22,18/06/22,fedex,Returned
3393,19288,14/07/23,,fedex,In Transit
3394,226,07/06/20,,ups,Delivered
3395,11914,20/07/22,,dhl,In Transit
3396,7287,29/03/20,,bluedart,Delivered
3397,7172,30/08/20,,fedex,Cancelled
3398,18806,01/02/20,,bluedart,Delivered
3399,7736,08/02/21,,dhl,Delivered
3400,11006,01/06/20,,bluedart,Delivered
3401,5327,21/10/22,,dhl,Delivered
3402,14780,22/07/22,,ups,Delivered
3403,16715,10/06/20,,fedex,Delivered
3404,16698,04/02/20,,fedex,Delivered
3405,7583,05/12/21,,bluedart,In Transit
3406,9486,10/09/20,,bluedart,Delivered
3407,10720,09/05/21,,usps,Delivered
3408,18494,27/12/20,,ups,Delivered
3409,4757,27/03/23,,fedex,In Transit
3410,18561,29/07/22,,fedex,In Transit
3411,9183,10/06/23,,bluedart,Delivered
3412,18466,19/12/23,,fedex,Delivered
3413,16446,27/03/23,,dhl,In Transit
3414,10402,06/09/22,,dhl,Delivered
3415,4222,04/08/20,,ups,Delivered
3416,2186,06/05/22,,fedex,In Transit
3417,5342,20/09/20,,bluedart,Delivered
3418,17922,16/06/21,,fedex,Delivered
3419,19923,19/09/23,,fedex,Delivered
3420,8844,10/08/23,30/08/23,fedex,Returned
3421,10618,14/09/22,,ups,Cancelled
3422,20684,02/04/23,08/04/23,bluedart,Returned
3423,21458,09/05/23,,fedex,Cancelled
3424,20843,04/09/23,,fedex,Delivered
3425,15050,09/04/21,,dhl,Delivered
3426,3942,03/10/23,,ups,Delivered
3427,20964,18/11/22,,ups,Cancelled
3428,19577,11/10/20,,dhl,Delivered
3429,15565,15/01/21,,ups,In Transit
3430,17089,10/08/20,,ups,In Transit
3431,7905,29/09/23,,fedex,In Transit
3432,15302,15/12/22,,usps,Cancelled
3433,1760,08/10/20,,ups,Delivered
3434,761,07/12/21,,dhl,In Transit
3435,11847,22/01/23,,fedex,Delivered
3436,10742,10/09/23,,ups,Delivered
3437,4838,25/10/23,,fedex,Delivered
3438,1539,19/05/23,,fedex,Delivered
3439,15940,09/06/20,,ups,In Transit
3440,13875,10/05/21,,dhl,In Transit
3441,6734,23/02/23,,fedex,In Transit
3442,20788,24/05/23,,fedex,Delivered
3443,18956,01/11/21,,fedex,Delivered
3444,2509,31/01/20,,dhl,Cancelled
3445,8834,18/11/21,,fedex,Delivered
3446,13328,30/06/20,,bluedart,In Transit
3447,9511,13/10/21,,fedex,Delivered
3448,20067,29/02/20,,usps,In Transit
3449,8759,13/05/20,,fedex,Delivered
3450,6562,10/08/23,,bluedart,Delivered
3451,15288,14/09/23,,fedex,In Transit
3452,5643,11/04/20,,ups,Delivered
3453,20189,19/05/21,,bluedart,Delivered
3454,4911,20/01/21,,dhl,In Transit
3455,18041,12/04/21,,fedex,Delivered
3456,1638,25/11/21,,fedex,Delivered
3457,10038,30/01/23,,fedex,In Transit
3458,14155,10/06/20,,fedex,In Transit
3459,13931,27/10/23,,dhl,In Transit
3460,8775,14/03/21,,fedex,Delivered
3461,12222,17/12/21,,dhl,In Transit
3462,3399,14/04/22,,dhl,In Transit
3463,5579,24/09/21,,dhl,In Transit
3464,5573,02/02/20,,dhl,Delivered
3465,2856,03/11/23,,fedex,Delivered
3466,17862,11/07/22,,fedex,In Transit
3467,20906,21/01/23,,fedex,In Transit
3468,13969,19/08/23,,dhl,Delivered
3469,3770,27/04/23,,fedex,Delivered
3470,7520,11/03/21,,usps,Delivered
3471,8581,08/06/23,,fedex,Delivered
3472,1481,12/04/21,,bluedart,Cancelled
3473,13936,16/02/22,,bluedart,In Transit
3474,5131,04/11/22,,bluedart,Delivered
3475,12124,18/03/22,,dhl,Delivered
3476,4329,19/07/20,,ups,Delivered
3477,15075,05/10/20,,fedex,In Transit
3478,18268,06/01/20,,fedex,Delivered
3479,6527,14/08/21,,usps,Delivered
3480,5114,24/05/20,,ups,Delivered
3481,12261,05/02/22,,bluedart,In Transit
3482,5592,09/10/20,,dhl,In Transit
3483,20628,19/01/22,,bluedart,In Transit
3484,11505,22/01/20,,fedex,In Transit
3485,5659,04/02/20,,fedex,In Transit
3486,18244,18/03/23,,fedex,In Transit
3487,9641,24/03/23,,fedex,Delivered
3488,21221,12/01/22,,fedex,Cancelled
3489,19511,01/05/20,10/05/20,bluedart,Returned
3490,18568,08/07/20,,ups,Delivered
3491,78,06/04/21,,ups,Cancelled
3492,19522,03/06/20,,fedex,In Transit
3493,1887,10/10/21,,ups,Delivered
3494,1114,28/08/20,,usps,Delivered
3495,16762,24/01/20,,usps,Delivered
3496,897,09/02/21,,fedex,In Transit
3497,5810,28/02/23,,usps,Delivered
3498,21040,18/10/23,,bluedart,In Transit
3499,3752,06/01/23,,usps,Delivered
3500,15961,12/12/20,,usps,In Transit
3501,11359,17/04/20,,dhl,Delivered
3502,14095,01/10/22,,fedex,In Transit
3503,308,08/11/20,,fedex,Delivered
3504,3344,11/11/21,,dhl,In Transit
3505,66,19/10/21,,bluedart,Delivered
3506,4440,19/02/20,,ups,Delivered
3507,11876,10/07/20,,usps,Delivered
3508,11222,19/10/21,,dhl,In Transit
3509,11812,06/08/20,,fedex,Delivered
3510,1283,24/07/21,,fedex,In Transit
3511,16475,24/05/22,,fedex,Cancelled
3512,18125,08/10/20,,fedex,Delivered
3513,20408,12/08/23,,dhl,In Transit
3514,6362,03/04/22,,bluedart,In Transit
3515,13408,26/07/20,19/08/20,fedex,Returned
3516,2245,12/09/21,,fedex,Delivered
3517,9163,30/05/22,,bluedart,In Transit
3518,21583,21/10/20,,dhl,In Transit
3519,6941,08/11/22,,fedex,Delivered
3520,9915,19/03/20,,fedex,In Transit
3521,15576,02/10/22,,dhl,In Transit
3522,11054,13/02/20,,ups,Delivered
3523,1668,12/05/23,,fedex,Delivered
3524,10129,29/06/22,,ups,Delivered
3525,15369,30/06/21,,bluedart,Delivered
3526,9134,02/12/21,,fedex,Delivered
3527,5966,23/03/20,,dhl,In Transit
3528,11692,10/03/23,,dhl,Delivered
3529,15891,10/05/22,,fedex,Delivered
3530,4438,05/04/22,,fedex,Delivered
3531,8027,26/03/21,,fedex,Delivered
3532,12002,26/11/22,,fedex,In Transit
3533,17720,26/03/23,,fedex,In Transit
3534,15212,27/03/22,,ups,In Transit
3535,16378,14/07/21,,fedex,In Transit
3536,19083,28/05/22,,ups,Cancelled
3537,7323,23/11/21,,dhl,Delivered
3538,16270,21/12/20,,fedex,In Transit
3539,6008,09/07/23,,dhl,In Transit
3540,21357,23/08/22,,usps,Delivered
3541,14096,20/01/20,,ups,Delivered
3542,4040,10/05/23,,fedex,In Transit
3543,6196,24/11/23,03/12/23,ups,Returned
3544,14818,22/11/23,,fedex,Cancelled
3545,18666,16/07/20,,fedex,Delivered
3546,69,02/12/22,,fedex,In Transit
3547,3362,18/11/22,,fedex,Delivered
3548,21252,11/02/23,,bluedart,Delivered
3549,6714,20/09/22,,ups,Delivered
3550,16394,05/08/20,,ups,In Transit
3551,11512,03/04/21,,fedex,Delivered
3552,14811,20/10/21,,fedex,Delivered
3553,14259,12/05/22,,dhl,Delivered
3554,712,18/05/22,,fedex,Delivered
3555,8122,13/10/23,,ups,Cancelled
3556,18174,06/11/21,,fedex,Delivered
3557,16229,03/03/23,,bluedart,Delivered
3558,15354,04/03/22,,usps,In Transit
3559,4449,21/07/22,,fedex,In Transit
3560,16721,08/07/20,,bluedart,Delivered
3561,2163,15/12/22,,fedex,In Transit
3562,13850,25/12/21,,usps,Delivered
3563,3159,09/04/22,,ups,Delivered
3564,12073,13/07/22,,fedex,In Transit
3565,7508,25/06/22,,usps,In Transit
3566,19089,04/08/22,,fedex,Delivered
3567,17518,03/01/22,27/01/22,fedex,Returned
3568,18339,22/01/22,,fedex,Delivered
3569,17113,01/03/22,,bluedart,Delivered
3570,7242,08/03/22,,dhl,In Transit
3571,16029,12/01/21,,fedex,In Transit
3572,8813,16/01/23,,fedex,Cancelled
3573,9312,01/02/20,,ups,Delivered
3574,6917,28/10/21,,fedex,In Transit
3575,8,15/03/22,,bluedart,Delivered
3576,14882,31/03/21,,bluedart,Delivered
3577,4398,13/06/22,,fedex,Delivered
3578,13006,01/10/21,,dhl,In Transit
3579,14790,09/08/22,,fedex,Delivered
3580,14613,14/06/20,,usps,Delivered
3581,17315,15/04/20,,dhl,Cancelled
3582,16964,24/07/22,,fedex,In Transit
3583,9717,19/05/22,,fedex,Delivered
3584,17417,03/06/21,,ups,Delivered
3585,15230,02/07/20,,fedex,Delivered
3586,18365,12/12/23,,dhl,Delivered
3587,299,30/09/23,,bluedart,Delivered
3588,13670,01/12/20,,fedex,Delivered
3589,19128,14/11/23,,fedex,Cancelled
3590,2754,26/07/20,,fedex,Delivered
3591,5248,20/06/22,,fedex,Delivered
3592,21100,21/08/23,,fedex,Cancelled
3593,9683,19/07/20,,bluedart,Delivered
3594,12117,03/12/21,,usps,Delivered
3595,12251,12/05/20,,ups,Cancelled
3596,5924,16/02/23,,fedex,Delivered
3597,15175,21/09/22,,fedex,In Transit
3598,7664,04/10/20,,fedex,Cancelled
3599,6399,04/03/21,,ups,Delivered
3600,5193,25/12/20,,bluedart,In Transit
3601,1711,13/10/20,,fedex,In Transit
3602,7003,03/11/23,,fedex,In Transit
3603,4246,20/07/23,,ups,Delivered
3604,3477,02/09/23,,ups,Delivered
3605,6354,18/08/22,,usps,Cancelled
3606,17786,22/11/22,,dhl,In Transit
3607,9537,12/11/20,,fedex,Delivered
3608,6923,21/09/20,,fedex,Delivered
3609,18679,27/01/20,,dhl,Delivered
3610,16696,17/07/22,,fedex,In Transit
3611,20128,17/11/21,,fedex,In Transit
3612,11150,17/05/21,,fedex,Cancelled
3613,13265,01/06/20,,dhl,Delivered
3614,19732,15/04/21,,fedex,In Transit
3615,13110,16/04/21,,usps,In Transit
3616,2476,09/08/23,,ups,Delivered
3617,11903,27/05/23,,bluedart,In Transit
3618,2690,28/03/21,,dhl,Delivered
3619,664,12/04/23,,fedex,In Transit
3620,10731,13/03/21,,fedex,In Transit
3621,17101,08/01/22,,dhl,Delivered
3622,12893,05/02/23,,bluedart,Delivered
3623,20278,11/01/23,,dhl,Delivered
3624,6827,30/01/21,,ups,In Transit
3625,13100,18/09/20,,bluedart,In Transit
3626,10588,16/03/22,,dhl,Delivered
3627,18396,13/02/23,,bluedart,Delivered
3628,13248,03/05/23,,fedex,Delivered
3629,4937,03/05/20,,bluedart,In Transit
3630,714,02/08/21,,fedex,In Transit
3631,1671,23/02/21,,fedex,Delivered
3632,16345,13/02/22,,bluedart,Cancelled
3633,8768,24/11/21,,fedex,In Transit
3634,191,14/08/21,,fedex,Delivered
3635,7677,04/08/22,,fedex,Delivered
3636,12495,24/08/23,,dhl,Delivered
3637,488,29/06/20,,bluedart,In Transit
3638,2678,08/12/22,,bluedart,Cancelled
3639,3965,16/03/21,,ups,In Transit
3640,921,17/08/22,,usps,In Transit
3641,4202,21/12/20,,fedex,Delivered
3642,13794,21/10/21,,ups,In Transit
3643,13312,25/04/22,,bluedart,In Transit
3644,16681,15/03/22,,fedex,Delivered
3645,2352,30/06/20,,bluedart,Cancelled
3646,20191,30/03/21,,fedex,Delivered
3647,10806,12/09/20,,dhl,Delivered
3648,870,31/10/22,,fedex,In Transit
3649,17889,20/05/23,,fedex,In Transit
3650,3218,03/10/22,,fedex,Delivered
3651,4862,08/04/21,,fedex,Delivered
3652,9847,24/07/23,,fedex,Delivered
3653,20847,22/09/23,,bluedart,In Transit
3654,6421,10/11/20,,fedex,Cancelled
3655,16873,01/10/20,,bluedart,Delivered
3656,21517,22/09/23,,fedex,Delivered
3657,20989,17/06/20,,usps,In Transit
3658,16555,28/05/20,,fedex,In Transit
3659,659,02/04/21,,bluedart,Delivered
3660,3087,10/04/20,,fedex,Delivered
3661,12349,22/07/20,09/08/20,fedex,Returned
3662,20250,15/09/22,,fedex,In Transit
3663,18434,27/04/22,,dhl,In Transit
3664,7598,10/05/23,,fedex,Delivered
3665,914,25/07/22,,fedex,Delivered
3666,19047,16/12/22,,dhl,Delivered
3667,7795,24/04/23,,ups,In Transit
3668,12766,01/02/22,,ups,In Transit
3669,8991,11/01/22,,usps,In Transit
3670,2119,06/01/22,,fedex,Delivered
3671,11137,12/02/22,,fedex,Delivered
3672,8494,07/11/23,,fedex,In Transit
3673,5412,13/09/23,,fedex,Delivered
3674,9491,10/07/22,,dhl,Delivered
3675,8165,07/03/21,,fedex,Delivered
3676,10040,17/08/20,,dhl,In Transit
3677,20418,06/12/22,,fedex,Delivered
3678,2908,29/11/22,,fedex,Delivered
3679,16852,14/06/22,,dhl,Delivered
3680,9829,01/07/23,,bluedart,Delivered
3681,21116,29/12/23,,fedex,Delivered
3682,14640,27/10/22,,fedex,Delivered
3683,1831,18/01/20,,fedex,In Transit
3684,13339,08/07/23,,dhl,In Transit
3685,2174,14/05/21,22/05/21,dhl,Returned
3686,8925,19/12/23,,dhl,In Transit
3687,13186,27/10/23,,fedex,Delivered
3688,10586,04/07/21,,fedex,Delivered
3689,4944,04/02/20,,bluedart,In Transit
3690,20258,09/04/20,,dhl,Delivered
3691,12194,31/08/22,,ups,Delivered
3692,11462,08/03/22,,usps,In Transit
3693,15711,08/09/23,,fedex,In Transit
3694,294,17/01/20,,bluedart,In Transit
3695,18422,06/07/22,,fedex,Delivered
3696,11217,07/01/23,,dhl,Delivered
3697,2566,10/09/21,,fedex,In Transit
3698,6414,31/05/23,,bluedart,In Transit
3699,1610,06/04/22,,dhl,In Transit
3700,1821,10/07/21,,bluedart,Delivered
3701,8812,23/09/21,,dhl,Delivered
3702,2523,17/08/23,,bluedart,Delivered
3703,12826,15/05/20,,dhl,In Transit
3704,395,02/05/21,,ups,Delivered
3705,5734,21/08/22,,fedex,Delivered
3706,2148,15/08/23,23/08/23,fedex,Returned
3707,15818,04/08/20,,fedex,In Transit
3708,15473,20/11/23,,dhl,In Transit
3709,5982,03/01/22,,dhl,Delivered
3710,9444,31/10/22,,fedex,Delivered
3711,8877,24/01/22,,dhl,Delivered
3712,686,31/07/20,,fedex,In Transit
3713,746,01/05/20,,ups,In Transit
3714,11094,29/03/20,,dhl,Delivered
3715,6742,02/11/20,,ups,In Transit
3716,8464,13/08/20,,fedex,In Transit
3717,15162,09/02/22,,fedex,In Transit
3718,1306,09/05/21,,bluedart,Delivered
3719,1960,09/03/22,,usps,Cancelled
3720,11166,05/07/21,,dhl,In Transit
3721,14679,08/07/21,,dhl,In Transit
3722,18120,19/04/23,,fedex,Delivered
3723,2997,15/05/20,,fedex,Delivered
3724,5656,04/02/23,,dhl,In Transit
3725,4916,24/11/20,,fedex,Delivered
3726,3041,18/12/20,,fedex,Delivered
3727,2043,18/10/22,,dhl,In Transit
3728,176,21/02/20,,bluedart,Delivered
3729,18048,18/09/21,,ups,Delivered
3730,21326,30/07/23,,ups,In Transit
3731,1427,11/11/22,,dhl,Cancelled
3732,3889,07/07/23,,fedex,In Transit
3733,20695,12/05/22,,fedex,In Transit
3734,12647,12/08/23,,dhl,Delivered
3735,4361,22/09/23,,dhl,In Transit
3736,1651,27/12/20,,fedex,Delivered
3737,21063,14/11/21,,ups,Delivered
3738,10593,09/10/20,,fedex,Delivered
3739,17344,02/12/23,,fedex,In Transit
3740,7779,23/05/23,,bluedart,Cancelled
3741,9384,27/06/23,,fedex,Delivered
3742,2088,30/04/20,,bluedart,Delivered
3743,12394,14/10/20,,dhl,In Transit
3744,13382,20/03/23,,fedex,In Transit
3745,1390,19/08/20,,ups,Delivered
3746,14837,13/02/21,,ups,Delivered
3747,12140,23/06/22,,bluedart,Delivered
3748,21176,01/06/23,,fedex,In Transit
3749,13232,19/04/20,,usps,Delivered
3750,15047,29/01/20,,dhl,Delivered
3751,12703,04/12/23,,fedex,In Transit
3752,20026,18/07/20,,fedex,In Transit
3753,12322,22/04/23,,fedex,Cancelled
3754,13657,04/04/22,,fedex,Delivered
3755,9022,18/04/21,,dhl,Delivered
3756,13446,08/11/23,,fedex,Delivered
3757,2606,13/03/23,,ups,Delivered
3758,9770,02/02/21,,fedex,Cancelled
3759,10751,15/12/21,,bluedart,In Transit
3760,7140,26/07/22,,fedex,Delivered
3761,2343,29/06/23,,ups,In Transit
3762,6135,21/10/22,,dhl,In Transit
3763,16917,01/04/20,,bluedart,Delivered
3764,7197,17/02/21,,dhl,In Transit
3765,11357,27/05/20,,ups,Delivered
3766,18752,17/07/20,,dhl,In Transit
3767,19744,05/09/22,,bluedart,Delivered
3768,21234,17/12/23,,dhl,Delivered
3769,5855,18/06/21,,ups,Delivered
3770,5564,08/05/21,,bluedart,In Transit
3771,21466,23/11/20,01/12/20,fedex,Returned
3772,21573,28/07/22,,dhl,Cancelled
3773,8327,01/10/20,,fedex,Delivered
3774,8171,18/08/20,,fedex,Delivered
3775,8832,03/02/20,,dhl,Delivered
3776,1958,12/10/22,,dhl,Delivered
3777,4598,30/01/20,,fedex,Delivered
3778,11496,22/07/20,,dhl,Delivered
3779,1672,30/01/22,,fedex,In Transit
3780,13461,16/02/21,,fedex,Cancelled
3781,14757,07/12/23,,fedex,In Transit
3782,10538,16/11/21,,ups,In Transit
3783,9501,24/02/21,,dhl,In Transit
3784,6430,12/04/21,,fedex,In Transit
3785,2295,12/07/21,,ups,Delivered
3786,11101,08/10/20,,fedex,In Transit
3787,1582,26/11/23,,bluedart,In Transit
3788,13836,25/09/23,,fedex,Delivered
3789,7871,22/11/23,,fedex,In Transit
3790,6908,09/02/23,,fedex,In Transit
3791,13911,01/10/23,,bluedart,Delivered
3792,1557,21/12/21,,fedex,Delivered
3793,20062,27/08/20,,usps,Delivered
3794,12844,02/08/20,,ups,In Transit
3795,20285,20/11/23,,usps,In Transit
3796,2863,29/03/22,,ups,Delivered
3797,11565,05/08/22,,dhl,Delivered
3798,15489,18/03/21,,dhl,Delivered
3799,9406,30/09/21,,usps,Cancelled
3800,12929,10/10/20,,fedex,In Transit
3801,5784,07/10/20,,ups,Delivered
3802,14518,20/12/21,,fedex,Delivered
3803,3733,24/05/21,,fedex,Delivered
3804,10410,24/11/23,,fedex,Delivered
3805,15781,24/05/22,,fedex,Delivered
3806,7014,17/06/21,,fedex,Delivered
3807,4771,16/03/23,,dhl,Delivered
3808,13338,24/02/23,,dhl,Delivered
3809,12828,29/07/23,,fedex,In Transit
3810,11741,19/02/20,,dhl,Delivered
3811,1947,07/04/21,,dhl,Delivered
3812,2602,08/04/21,,fedex,In Transit
3813,17154,02/09/20,,bluedart,In Transit
3814,1129,03/06/23,,dhl,Delivered
3815,8358,08/09/23,,ups,In Transit
3816,15164,03/04/20,,fedex,Delivered
3817,1985,30/07/22,,ups,Delivered
3818,6677,20/12/21,,usps,Delivered
3819,19402,03/08/21,,fedex,Delivered
3820,16472,03/05/23,,dhl,Delivered
3821,248,13/02/22,,fedex,In Transit
3822,131,25/05/21,,fedex,Delivered
3823,7018,04/04/21,,fedex,In Transit
3824,2097,25/04/21,04/05/21,fedex,Returned
3825,5645,27/08/22,,fedex,In Transit
3826,14648,07/04/22,,ups,Delivered
3827,6927,16/03/23,,fedex,Delivered
3828,2258,17/03/22,,ups,Cancelled
3829,7417,01/05/22,,ups,Delivered
3830,5500,15/07/22,,fedex,Delivered
3831,5682,17/08/22,,bluedart,In Transit
3832,5946,02/12/23,,fedex,Delivered
3833,17713,21/09/23,,dhl,In Transit
3834,21301,02/05/23,,fedex,In Transit
3835,21621,15/01/22,,fedex,Delivered
3836,3445,29/10/22,,dhl,Delivered
3837,695,27/03/20,,ups,Delivered
3838,12099,25/11/23,,bluedart,In Transit
3839,4193,09/04/22,,bluedart,Delivered
3840,20647,22/10/21,,fedex,Delivered
3841,17621,19/02/21,,fedex,In Transit
3842,19645,12/08/20,26/08/20,dhl,Returned
3843,4340,10/10/21,,fedex,Delivered
3844,18717,26/03/23,,fedex,In Transit
3845,5304,18/04/20,,fedex,In Transit
3846,9623,20/07/20,,fedex,In Transit
3847,17766,17/10/20,,dhl,Delivered
3848,8098,20/02/22,,ups,Delivered
3849,4076,08/05/22,,fedex,Delivered
3850,16613,14/02/22,,dhl,Delivered
3851,17993,30/11/21,,usps,In Transit
3852,1815,03/10/23,,fedex,Delivered
3853,15355,06/04/21,,dhl,Delivered
3854,11936,15/08/20,,bluedart,Delivered
3855,7708,04/06/20,,fedex,Delivered
3856,11406,24/12/23,,fedex,Cancelled
3857,15625,25/09/20,,ups,In Transit
3858,16347,12/10/23,,dhl,Delivered
3859,17423,21/03/20,,ups,In Transit
3860,16628,30/05/21,,fedex,Delivered
3861,21455,01/06/21,,dhl,Delivered
3862,20858,04/08/23,,fedex,Delivered
3863,9723,14/01/22,,fedex,Delivered
3864,19099,25/11/23,,dhl,Delivered
3865,6463,21/06/21,,fedex,Delivered
3866,18486,11/05/20,,bluedart,Delivered
3867,7844,12/08/20,,fedex,Delivered
3868,1739,18/06/21,,fedex,Delivered
3869,14753,30/09/23,,fedex,Delivered
3870,12021,26/08/22,,fedex,Delivered
3871,10708,06/10/20,,fedex,In Transit
3872,15146,24/10/23,,ups,In Transit
3873,17140,17/01/21,,usps,Cancelled
3874,4343,08/11/20,,fedex,Cancelled
3875,14936,25/12/23,,fedex,Delivered
3876,18553,28/04/21,,ups,Delivered
3877,13207,20/01/20,,fedex,In Transit
3878,3180,12/03/20,,fedex,Delivered
3879,14366,14/12/23,,fedex,Delivered
3880,20125,30/01/23,,dhl,Delivered
3881,14402,08/08/21,,dhl,In Transit
3882,16266,03/08/23,,fedex,In Transit
3883,20931,09/11/20,,dhl,Delivered
3884,13754,28/02/22,,ups,Delivered
3885,17048,27/03/20,,fedex,In Transit
3886,18896,18/08/22,,ups,Delivered
3887,7050,10/05/21,,dhl,Delivered
3888,10341,22/04/23,,fedex,Cancelled
3889,806,30/12/23,,fedex,Delivered
3890,16386,15/06/21,,dhl,Delivered
3891,307,23/01/22,,fedex,In Transit
3892,17085,19/08/22,,bluedart,In Transit
3893,15205,02/07/23,,dhl,Delivered
3894,14065,12/10/22,,fedex,In Transit
3895,5779,17/07/20,,fedex,Delivered
3896,17792,19/04/20,,fedex,Delivered
3897,21259,10/02/21,,dhl,In Transit
3898,17925,20/07/20,,fedex,In Transit
3899,9494,26/04/21,,dhl,In Transit
3900,10706,08/08/20,,bluedart,Delivered
3901,5303,29/08/20,,fedex,In Transit
3902,11354,08/11/23,,fedex,In Transit
3903,13618,13/03/23,,usps,In Transit
3904,5799,02/12/23,11/12/23,fedex,Returned
3905,18193,02/06/20,,fedex,Delivered
3906,19290,16/05/21,,dhl,In Transit
3907,12290,08/11/20,,fedex,Delivered
3908,4811,20/07/23,,ups,Cancelled
3909,20048,02/03/21,,fedex,Delivered
3910,13284,03/11/20,,dhl,Delivered
3911,13795,11/06/22,,fedex,Delivered
3912,18499,19/08/20,,dhl,Delivered
3913,14039,09/10/23,,fedex,In Transit
3914,2838,06/03/22,16/03/22,fedex,Returned
3915,4536,26/12/22,,dhl,Delivered
3916,13215,20/01/23,,fedex,Delivered
3917,9331,13/02/23,,bluedart,Delivered
3918,3029,09/12/21,,dhl,Delivered
3919,17037,14/10/22,,fedex,In Transit
3920,18491,06/01/22,,usps,In Transit
3921,6469,09/04/20,,bluedart,In Transit
3922,6972,07/09/21,17/09/21,fedex,Returned
3923,8954,26/10/21,,dhl,Delivered
3924,9184,18/10/22,,dhl,Cancelled
3925,10084,18/02/21,,fedex,Delivered
3926,236,03/12/21,,dhl,In Transit
3927,12083,12/03/21,,dhl,Delivered
3928,2540,01/11/23,,ups,In Transit
3929,11395,19/03/22,,fedex,Delivered
3930,16787,21/08/20,,fedex,In Transit
3931,13626,07/10/23,,bluedart,In Transit
3932,10127,23/02/23,,dhl,In Transit
3933,20341,29/07/21,,usps,Delivered
3934,925,30/07/23,,ups,Delivered
3935,14989,02/02/21,,fedex,Delivered
3936,9741,10/07/20,,dhl,In Transit
3937,1550,02/06/23,,fedex,Delivered
3938,13691,05/10/23,,bluedart,Delivered
3939,6829,03/03/23,,dhl,Delivered
3940,6177,16/02/20,,fedex,Delivered
3941,6212,09/07/22,,usps,Delivered
3942,4454,25/12/23,,fedex,Delivered
3943,2913,11/02/21,,fedex,In Transit
3944,15746,30/04/23,,dhl,Delivered
3945,19105,21/03/20,,ups,Delivered
3946,18091,12/08/21,,bluedart,Delivered
3947,17974,06/05/22,,fedex,Delivered
3948,14107,04/07/23,,fedex,Delivered
3949,9976,20/12/23,,bluedart,In Transit
3950,6327,18/01/21,05/02/21,usps,Returned
3951,3332,22/06/21,,fedex,Delivered
3952,9079,01/11/22,,bluedart,Delivered
3953,1471,10/12/21,,fedex,In Transit
3954,14831,08/03/22,,dhl,Delivered
3955,9300,10/07/20,,fedex,Delivered
3956,8354,16/12/22,,fedex,Delivered
3957,1710,14/01/22,,ups,In Transit
3958,13355,05/06/21,14/06/21,dhl,Returned
3959,20516,25/11/20,,fedex,In Transit
3960,8407,27/08/20,,fedex,Delivered
3961,3177,27/10/21,07/11/21,bluedart,Returned
3962,1667,26/05/22,,dhl,Delivered
3963,15076,15/11/20,,fedex,Delivered
3964,17455,12/12/20,,fedex,In Transit
3965,13922,16/04/22,,ups,Delivered
3966,10705,07/07/22,,ups,Delivered
3967,12008,21/06/20,,bluedart,In Transit
3968,19401,16/06/20,08/07/20,fedex,Returned
3969,17543,14/11/20,,fedex,In Transit
3970,14724,14/06/22,,fedex,Delivered
3971,20480,20/10/23,,fedex,Delivered
3972,4539,21/11/21,,fedex,Delivered
3973,7029,13/04/22,,usps,In Transit
3974,11523,30/04/23,,fedex,Delivered
3975,15365,13/10/22,28/10/22,dhl,Returned
3976,3553,14/04/23,,ups,Cancelled
3977,18613,29/10/22,,fedex,Delivered
3978,18970,15/07/23,,dhl,Delivered
3979,3581,01/01/24,,fedex,Delivered
3980,13902,14/12/22,,ups,In Transit
3981,20603,25/02/21,,fedex,In Transit
3982,17793,07/09/22,,fedex,Delivered
3983,15938,15/11/22,,bluedart,In Transit
3984,11290,10/06/20,,fedex,Delivered
3985,5532,20/11/20,,dhl,Cancelled
3986,1953,15/11/22,,dhl,Delivered
3987,14550,08/05/23,,fedex,Delivered
3988,15289,15/04/20,,fedex,Delivered
3989,1623,27/06/21,,bluedart,In Transit
3990,3056,22/12/22,,bluedart,Delivered
3991,13474,22/07/21,,dhl,In Transit
3992,8209,06/12/22,,ups,Delivered
3993,12536,26/06/22,,ups,Delivered
3994,14253,24/04/23,,ups,In Transit
3995,8981,18/04/20,,usps,Delivered
3996,14163,07/12/23,,ups,In Transit
3997,19234,25/06/23,,fedex,Delivered
3998,8225,13/08/23,,fedex,Delivered
3999,17270,04/01/21,,dhl,Delivered
4000,3530,06/11/20,,fedex,Delivered
4001,776,08/06/23,,dhl,In Transit
4002,9223,26/08/21,,fedex,In Transit
4003,14360,13/09/22,,ups,Delivered
4004,1566,09/06/22,,usps,Cancelled
4005,12892,17/10/20,,dhl,Delivered
4006,19340,10/12/23,30/12/23,fedex,Returned
4007,9664,01/03/20,,dhl,In Transit
4008,9443,22/10/20,,fedex,Delivered
4009,12607,03/11/22,,dhl,Delivered
4010,21037,03/06/20,,fedex,Delivered
4011,11570,22/02/21,,fedex,In Transit
4012,3513,12/07/22,,bluedart,Delivered
4013,12511,15/01/23,,dhl,In Transit
4014,20602,14/04/22,,bluedart,Delivered
4015,3897,07/04/22,,dhl,Delivered
4016,4350,30/08/20,,fedex,Delivered
4017,14545,02/04/22,,usps,In Transit
4018,3742,09/01/21,,ups,Delivered
4019,21163,18/12/23,,bluedart,Delivered
4020,14277,02/01/23,,dhl,In Transit
4021,14052,11/12/22,,dhl,Delivered
4022,1720,28/11/21,,bluedart,Delivered
4023,10632,31/03/21,,ups,Cancelled
4024,14267,23/12/23,,bluedart,In Transit
4025,18316,20/01/22,,fedex,Cancelled
4026,2816,17/07/21,,usps,In Transit
4027,6585,21/07/23,,fedex,In Transit
4028,19023,22/06/20,,fedex,Delivered
4029,5593,05/11/23,,fedex,Delivered
4030,8828,05/07/22,,dhl,In Transit
4031,9877,02/05/22,,fedex,In Transit
4032,3516,19/09/21,,bluedart,Delivered
4033,18261,01/08/21,,ups,Delivered
4034,19678,23/10/22,,bluedart,Cancelled
4035,6101,18/08/22,,fedex,Delivered
4036,19169,02/09/23,,ups,Delivered
4037,5944,10/05/20,,bluedart,In Transit
4038,8113,14/04/22,,dhl,Delivered
4039,15221,27/03/20,,usps,Delivered
4040,7277,05/01/21,,fedex,In Transit
4041,157,13/08/22,,fedex,Delivered
4042,20324,17/05/22,,ups,In Transit
4043,9235,25/09/22,,fedex,Delivered
4044,4430,26/07/20,,usps,In Transit
4045,9428,01/01/21,,usps,Delivered
4046,647,01/09/22,,usps,Delivered
4047,2761,02/04/20,,bluedart,Delivered
4048,18506,16/08/22,,fedex,Delivered
4049,14595,28/06/21,,dhl,In Transit
4050,9858,07/03/23,,bluedart,Delivered
4051,8255,13/01/22,,fedex,In Transit
4052,13699,25/03/22,,usps,In Transit
4053,4721,17/10/21,,dhl,In Transit
4054,13241,16/10/22,,usps,Delivered
4055,16592,17/05/22,,dhl,Delivered
4056,15219,31/03/21,,fedex,Delivered
4057,2219,18/08/20,,dhl,Delivered
4058,2517,07/09/22,,fedex,Delivered
4059,20337,16/09/20,,dhl,Delivered
4060,14773,02/08/22,,fedex,Delivered
4061,3295,19/10/20,,dhl,Cancelled
4062,9003,10/08/20,,fedex,Delivered
4063,7686,08/03/21,,bluedart,In Transit
4064,14827,25/06/23,,fedex,In Transit
4065,14843,30/10/23,,fedex,In Transit
4066,10561,20/05/23,,fedex,Delivered
4067,20990,14/07/22,,bluedart,In Transit
4068,17350,13/01/20,,ups,Delivered
4069,11682,03/02/23,,fedex,In Transit
4070,2105,07/06/21,,bluedart,In Transit
4071,12602,30/10/20,,ups,Delivered
4072,9558,11/01/21,,dhl,Delivered
4073,10327,08/02/22,,fedex,In Transit
4074,17429,25/08/21,,bluedart,Delivered
4075,2861,27/03/20,,fedex,In Transit
4076,14665,24/10/22,,fedex,Delivered
4077,13420,13/02/22,,fedex,Delivered
4078,11920,01/10/23,,fedex,Delivered
4079,7802,15/06/20,,fedex,Delivered
4080,17237,02/09/22,,fedex,In Transit
4081,13966,01/02/20,,bluedart,Delivered
4082,3347,10/11/22,,bluedart,Delivered
4083,4704,27/01/22,,dhl,In Transit
4084,5353,14/09/20,,bluedart,Cancelled
4085,3951,18/03/20,,usps,Delivered
4086,21043,29/11/23,,bluedart,In Transit
4087,11302,10/01/22,,fedex,Delivered
4088,5338,24/12/21,,ups,Delivered
4089,5549,24/03/22,,bluedart,In Transit
4090,15804,18/06/22,,fedex,Delivered
4091,17462,12/03/23,,fedex,Delivered
4092,351,07/06/21,,usps,In Transit
4093,16644,26/05/20,,fedex,In Transit
4094,9041,18/06/22,30/06/22,bluedart,Returned
4095,11793,09/04/22,,bluedart,Delivered
4096,11072,18/07/22,,fedex,Delivered
4097,795,15/06/20,,fedex,Delivered
4098,7727,31/01/20,,fedex,Delivered
4099,2779,16/02/23,,usps,In Transit
4100,18294,18/09/22,,bluedart,Delivered
4101,12915,13/05/23,,fedex,Delivered
4102,11731,23/09/22,,fedex,In Transit
4103,6,02/05/23,,bluedart,Delivered
4104,1872,08/06/23,,dhl,Delivered
4105,15743,15/09/21,,usps,In Transit
4106,13593,12/01/20,,dhl,In Transit
4107,11402,16/12/23,,ups,Delivered
4108,13370,11/06/20,,bluedart,Delivered
4109,9432,18/11/20,,fedex,In Transit
4110,15419,04/03/23,,bluedart,Delivered
4111,9870,10/09/21,,fedex,Delivered
4112,5892,05/12/21,18/12/21,dhl,Returned
4113,11648,24/09/23,,fedex,In Transit
4114,8626,23/03/22,,bluedart,In Transit
4115,20040,04/05/20,,dhl,Delivered
4116,18285,16/08/23,,usps,Cancelled
4117,16776,16/01/20,,fedex,Delivered
4118,20894,20/08/21,,fedex,In Transit
4119,12538,19/01/20,,ups,In Transit
4120,3296,02/07/20,10/07/20,dhl,Returned
4121,15638,03/04/22,,dhl,In Transit
4122,9362,03/07/22,,fedex,Cancelled
4123,11810,19/03/21,,ups,Cancelled
4124,10658,24/09/23,,fedex,Cancelled
4125,20926,11/08/20,,dhl,In Transit
4126,17236,15/10/22,,fedex,Delivered
4127,16107,05/08/21,,ups,Delivered
4128,20825,15/03/21,,ups,Delivered
4129,3661,16/10/23,,fedex,Delivered
4130,7083,25/02/23,,usps,Delivered
4131,21345,12/11/23,,dhl,In Transit
4132,411,05/10/22,,fedex,Delivered
4133,13302,17/12/20,,fedex,In Transit
4134,19777,26/12/23,,fedex,Delivered
4135,220,01/11/20,,ups,In Transit
4136,18927,16/06/21,02/07/21,ups,Returned
4137,13588,15/04/23,,bluedart,Delivered
4138,18278,10/12/22,,dhl,Delivered
4139,15696,14/10/22,,fedex,In Transit
4140,13719,15/08/23,,fedex,Delivered
4141,7217,26/01/22,,usps,Delivered
4142,14268,09/06/20,,fedex,Delivered
4143,20773,12/11/20,,fedex,In Transit
4144,18932,30/08/22,,fedex,Cancelled
4145,20955,02/05/22,,fedex,Delivered
4146,5538,08/12/20,,dhl,In Transit
4147,12794,16/05/21,,usps,Delivered
4148,4950,30/08/23,,fedex,In Transit
4149,19256,05/11/20,,fedex,Delivered
4150,10875,08/02/23,,ups,Delivered
4151,16797,28/12/21,,fedex,Delivered
4152,6394,30/06/23,,fedex,In Transit
4153,21096,06/11/23,,ups,In Transit
4154,3460,11/01/22,,ups,In Transit
4155,5238,08/03/20,,fedex,Delivered
4156,5236,06/10/20,,fedex,In Transit
4157,18851,14/05/22,,fedex,In Transit
4158,13957,20/03/21,,ups,In Transit
4159,15481,27/11/21,,fedex,In Transit
4160,17936,23/07/22,,fedex,Delivered
4161,10739,08/12/20,,fedex,In Transit
4162,16867,12/12/20,,fedex,Delivered
4163,6264,30/12/23,,fedex,Delivered
4164,7949,28/01/22,,ups,Delivered
4165,8222,25/04/21,,bluedart,Delivered
4166,16021,02/07/20,,fedex,Delivered
4167,17892,05/08/23,,bluedart,Delivered
4168,6548,03/07/23,,fedex,Delivered
4169,1713,20/08/20,,fedex,In Transit
4170,223,11/12/20,,fedex,In Transit
4171,9616,06/08/20,,fedex,Delivered
4172,3292,24/07/22,,fedex,In Transit
4173,20592,21/02/20,,fedex,Delivered
4174,908,02/07/21,,fedex,In Transit
4175,6918,20/05/22,,fedex,Delivered
4176,10030,17/01/20,,fedex,In Transit
4177,7842,26/03/20,,bluedart,In Transit
4178,2568,03/11/20,,bluedart,Cancelled
4179,4824,05/08/21,,fedex,In Transit
4180,5282,08/09/20,,fedex,Delivered
4181,8357,22/02/22,,usps,Delivered
4182,9118,01/10/20,,usps,Delivered
4183,21537,08/06/21,,fedex,Delivered
4184,17158,19/05/21,,fedex,In Transit
4185,7165,03/02/20,,fedex,Delivered
4186,16976,23/03/20,,dhl,In Transit
4187,11066,15/11/21,,fedex,In Transit
4188,5657,24/03/20,,fedex,Delivered
4189,12523,23/07/22,,fedex,Cancelled
4190,18556,01/09/23,,dhl,Delivered
4191,2215,22/08/23,,usps,In Transit
4192,5639,10/04/21,,bluedart,Delivered
4193,6319,13/03/21,,dhl,Delivered
4194,8363,23/08/22,,fedex,In Transit
4195,21074,08/04/20,,ups,Delivered
4196,5003,05/10/20,,dhl,Delivered
4197,2815,08/10/23,,usps,In Transit
4198,20630,25/03/22,,dhl,In Transit
4199,18597,27/11/21,,fedex,In Transit
4200,20604,27/09/21,,bluedart,Cancelled
4201,3062,30/11/20,,usps,Delivered
4202,14238,26/09/21,,bluedart,In Transit
4203,4036,29/08/23,,ups,Delivered
4204,20726,18/10/23,,fedex,In Transit
4205,17241,04/08/21,,usps,In Transit
4206,17877,14/01/23,,ups,In Transit
4207,16235,12/05/20,,fedex,Delivered
4208,19063,24/07/23,,dhl,Delivered
4209,2433,08/04/20,,fedex,In Transit
4210,5123,22/02/23,,fedex,In Transit
4211,5306,20/09/21,,fedex,Delivered
4212,11371,15/08/20,,dhl,Delivered
4213,17657,27/02/23,,ups,Delivered
4214,1604,22/03/22,,bluedart,In Transit
4215,1335,01/06/22,,ups,Delivered
4216,3426,29/03/22,,fedex,In Transit
4217,9530,11/08/20,,fedex,In Transit
4218,4191,07/09/21,,fedex,Delivered
4219,10762,01/07/21,,fedex,Delivered
4220,3997,19/06/22,,dhl,Delivered
4221,4475,10/08/22,,bluedart,Delivered
4222,14815,14/04/22,,fedex,In Transit
4223,5142,27/05/21,,fedex,Delivered
4224,9468,28/09/23,,ups,In Transit
4225,2643,17/01/23,,fedex,Delivered
4226,12599,05/06/21,,bluedart,Delivered
4227,21349,22/04/20,,fedex,Delivered
4228,11681,04/03/22,14/03/22,usps,Returned
4229,6531,28/02/21,,dhl,Delivered
4230,13311,25/07/22,,fedex,In Transit
4231,14097,22/07/20,,fedex,Delivered
4232,16577,15/06/20,,fedex,Delivered
4233,4136,21/01/23,,fedex,In Transit
4234,17135,21/05/23,,ups,In Transit
4235,19381,28/01/20,,fedex,In Transit
4236,7514,09/01/22,,dhl,In Transit
4237,13027,02/05/22,,fedex,Delivered
4238,4137,10/11/23,,bluedart,Delivered
4239,11000,24/10/22,,fedex,In Transit
4240,3996,01/08/23,,bluedart,Delivered
4241,15662,26/05/23,,bluedart,In Transit
4242,7079,06/03/23,,fedex,Delivered
4243,13309,30/03/20,,fedex,Delivered
4244,20501,27/10/22,,usps,Delivered
4245,34,23/02/20,01/03/20,bluedart,Returned
4246,19815,04/05/20,,fedex,Delivered
4247,1007,20/09/23,,fedex,In Transit
4248,3680,17/07/20,,fedex,In Transit
4249,14485,12/12/20,,bluedart,Delivered
4250,17625,08/07/21,,usps,In Transit
4251,6328,21/04/20,,dhl,In Transit
4252,3904,18/01/21,,fedex,Delivered
4253,17264,11/12/20,,fedex,In Transit
4254,1833,07/09/21,,fedex,Delivered
4255,12013,03/01/23,,bluedart,Delivered
4256,10407,27/11/20,,dhl,Delivered
4257,11390,30/08/21,,bluedart,In Transit
4258,14011,13/11/22,,dhl,In Transit
4259,8721,01/01/22,,fedex,Delivered
4260,9027,14/06/21,,dhl,Delivered
4261,5472,06/03/20,,fedex,Delivered
4262,14677,01/09/21,,fedex,Delivered
4263,14383,14/03/23,,fedex,In Transit
4264,3691,12/01/21,,fedex,In Transit
4265,16363,31/05/21,,ups,Delivered
4266,19100,20/07/22,,fedex,In Transit
4267,14709,09/10/20,,dhl,In Transit
4268,14895,23/12/22,,dhl,Delivered
4269,7643,24/04/22,,dhl,Delivered
4270,17901,03/10/23,,bluedart,Delivered
4271,5168,12/06/20,,fedex,Delivered
4272,8961,13/05/22,,bluedart,In Transit
4273,15793,07/01/20,28/01/20,fedex,Returned
4274,2283,14/03/23,,fedex,In Transit
4275,3038,06/12/23,,bluedart,Delivered
4276,9720,06/09/22,,bluedart,In Transit
4277,14657,22/01/23,,bluedart,Delivered
4278,11745,15/05/21,,fedex,Delivered
4279,20409,22/02/21,,dhl,Delivered
4280,6743,16/08/21,,usps,Delivered
4281,18636,14/01/20,,fedex,Delivered
4282,1943,27/06/20,,dhl,Delivered
4283,17383,27/04/22,,fedex,In Transit
4284,21412,06/06/21,,dhl,Delivered
4285,15345,07/01/20,,dhl,In Transit
4286,16922,16/02/22,,fedex,Delivered
4287,5151,14/05/20,,fedex,Delivered
4288,13520,21/07/23,,ups,In Transit
4289,12522,12/01/21,,ups,Delivered
4290,1857,26/09/21,,fedex,Delivered
4291,16265,25/03/21,,fedex,Delivered
4292,11670,09/05/21,,dhl,Delivered
4293,12967,10/08/20,,ups,Delivered
4294,4537,11/02/23,,dhl,In Transit
4295,12767,22/10/23,,dhl,Delivered
4296,8646,02/07/22,,fedex,Delivered
4297,7367,28/03/20,,dhl,Delivered
4298,12123,15/04/21,,fedex,Delivered
4299,3356,26/07/20,,fedex,In Transit
4300,6521,10/04/23,,fedex,Delivered
4301,10227,27/05/22,,fedex,In Transit
4302,7016,25/05/22,,bluedart,In Transit
4303,11727,22/01/20,,dhl,Delivered
4304,18518,03/07/22,,usps,Delivered
4305,18435,14/08/21,,fedex,In Transit
4306,18009,15/08/22,,fedex,Delivered
4307,2412,20/01/20,,dhl,Cancelled
4308,747,21/11/21,,dhl,In Transit
4309,3308,08/09/21,,ups,Delivered
4310,10316,25/12/22,,fedex,Delivered
4311,1834,13/08/21,,ups,In Transit
4312,12365,09/01/23,,fedex,In Transit
4313,8717,24/07/22,,usps,Delivered
4314,9451,14/01/20,,fedex,In Transit
4315,19909,27/06/21,,bluedart,Delivered
4316,13837,05/04/22,,fedex,Delivered
4317,21317,13/06/23,,fedex,In Transit
4318,18295,06/03/20,,bluedart,Delivered
4319,4542,13/03/22,,fedex,Delivered
4320,7537,11/02/22,,fedex,In Transit
4321,6143,07/10/23,,fedex,Delivered
4322,12115,30/09/20,,fedex,In Transit
4323,6252,24/04/20,,ups,Delivered
4324,15482,08/04/23,,ups,In Transit
4325,8173,17/05/21,,ups,In Transit
4326,13942,18/08/23,,dhl,Delivered
4327,254,10/02/23,,fedex,Delivered
4328,4162,09/07/22,,fedex,Delivered
4329,11953,28/08/22,,fedex,Cancelled
4330,14717,14/06/22,,fedex,Delivered
4331,11833,03/11/22,,dhl,In Transit
4332,17357,04/09/21,,fedex,Delivered
4333,10393,24/02/22,,dhl,In Transit
4334,17451,23/12/22,,usps,Delivered
4335,21009,07/10/22,,fedex,Delivered
4336,14101,16/12/21,,fedex,Delivered
4337,9822,21/03/21,,fedex,In Transit
4338,6241,07/05/22,,ups,In Transit
4339,15884,01/03/22,,fedex,Delivered
4340,20142,09/09/23,,fedex,Delivered
4341,4126,28/02/21,,fedex,Delivered
4342,14524,14/01/23,,bluedart,In Transit
4343,8794,16/08/21,,bluedart,In Transit
4344,16153,22/07/21,,fedex,In Transit
4345,16745,08/02/22,,bluedart,In Transit
4346,9878,26/09/23,,ups,Cancelled
4347,13188,27/11/20,,bluedart,Delivered
4348,7873,22/06/23,,ups,Delivered
4349,6721,20/12/23,,fedex,Delivered
4350,3154,13/03/20,,fedex,Delivered
4351,12565,01/02/23,,dhl,Delivered
4352,5421,30/03/20,,fedex,Delivered
4353,18718,23/11/21,,fedex,Delivered
4354,6075,05/10/20,,ups,Delivered
4355,9199,08/07/23,22/07/23,dhl,Returned
4356,8476,30/04/22,,dhl,Delivered
4357,12941,27/07/23,,fedex,Delivered
4358,9248,20/06/20,,fedex,Delivered
4359,20220,12/01/20,,fedex,Delivered
4360,14031,17/07/21,,usps,In Transit
4361,11763,20/07/21,,ups,In Transit
4362,5921,01/11/20,,fedex,Delivered
4363,12397,26/03/23,,fedex,In Transit
4364,18230,26/04/20,,fedex,In Transit
4365,10394,23/10/23,,ups,In Transit
4366,17628,11/11/23,,fedex,Delivered
4367,20963,15/01/21,,bluedart,Delivered
4368,8531,17/05/21,,fedex,In Transit
4369,4706,24/10/21,,ups,Delivered
4370,19882,03/05/23,,fedex,In Transit
4371,18647,13/11/20,,fedex,Delivered
4372,13676,12/03/23,,dhl,Delivered
4373,18874,10/03/22,,ups,Delivered
4374,16536,08/08/22,,fedex,Delivered
4375,20211,25/06/22,,fedex,Delivered
4376,8023,22/03/23,,dhl,In Transit
4377,2260,20/09/23,,fedex,Delivered
4378,10987,27/05/23,01/06/23,fedex,Returned
4379,10922,21/01/23,,fedex,In Transit
4380,16258,05/09/22,,bluedart,Delivered
4381,17544,30/04/22,,dhl,Delivered
4382,15005,27/12/22,,bluedart,In Transit
4383,12207,29/05/22,,bluedart,Cancelled
4384,12817,29/05/22,,fedex,Delivered
4385,8058,20/02/21,,fedex,Delivered
4386,14093,15/08/22,,dhl,Delivered
4387,12121,15/07/22,,ups,In Transit
4388,10965,21/05/23,,fedex,Delivered
4389,5918,11/11/23,04/12/23,usps,Returned
4390,12429,17/04/23,,bluedart,In Transit
4391,3792,12/04/22,,dhl,Delivered
4392,6961,06/01/22,,dhl,Delivered
4393,8164,27/12/23,02/01/24,fedex,Returned
4394,10068,14/06/22,,ups,In Transit
4395,12198,28/02/21,,bluedart,In Transit
4396,6954,11/01/21,,usps,In Transit
4397,14335,23/11/21,,bluedart,In Transit
4398,16227,06/05/20,,fedex,In Transit
4399,15173,13/06/23,,dhl,Delivered
4400,10869,20/01/23,,bluedart,In Transit
4401,12634,07/05/20,,fedex,In Transit
4402,21313,22/10/20,06/11/20,fedex,Returned
4403,5366,06/02/20,,ups,Delivered
4404,4983,25/07/23,,fedex,In Transit
4405,6324,27/10/21,,fedex,In Transit
4406,8930,18/12/23,,fedex,In Transit
4407,11246,13/10/20,24/10/20,dhl,Returned
4408,6752,18/12/21,,fedex,Cancelled
4409,12774,25/07/20,,usps,In Transit
4410,18493,21/12/23,,bluedart,In Transit
4411,7540,04/09/21,,dhl,Delivered
4412,8074,18/10/20,,usps,Delivered
4413,20500,12/02/22,,fedex,Delivered
4414,4185,31/03/21,,fedex,Delivered
4415,1449,25/12/21,,fedex,In Transit
4416,4940,14/11/21,,bluedart,In Transit
4417,10998,28/06/23,,bluedart,Delivered
4418,14702,30/05/23,,fedex,In Transit
4419,13336,10/11/22,,usps,Delivered
4420,8206,23/09/23,,dhl,In Transit
4421,1268,18/01/20,,fedex,Cancelled
4422,2058,14/11/20,,usps,In Transit
4423,2449,27/11/23,,dhl,Delivered
4424,21405,12/12/23,,dhl,In Transit
4425,7521,08/11/22,,dhl,Delivered
4426,7231,24/08/20,,fedex,Delivered
4427,19658,13/06/21,,ups,Delivered
4428,12721,19/04/22,,bluedart,Delivered
4429,19546,05/06/23,,fedex,In Transit
4430,8170,21/11/23,08/12/23,usps,Returned
4431,19947,14/12/22,,ups,In Transit
4432,21273,09/01/20,,dhl,Delivered
4433,19959,01/12/23,,dhl,In Transit
4434,11558,07/02/22,,fedex,In Transit
4435,14389,12/08/20,,bluedart,Delivered
4436,13965,19/07/20,,usps,In Transit
4437,2467,23/01/22,,fedex,In Transit
4438,8896,11/10/21,,dhl,Delivered
4439,1297,22/09/22,,bluedart,Delivered
4440,14950,25/10/23,,fedex,Delivered
4441,7348,22/04/21,,bluedart,In Transit
4442,17935,01/09/21,,bluedart,Delivered
4443,18576,21/05/21,,dhl,In Transit
4444,18675,12/10/23,,fedex,Delivered
4445,14178,25/01/21,,ups,In Transit
4446,5,06/07/22,,fedex,Delivered
4447,21194,05/06/23,,usps,Delivered
4448,11693,21/06/22,,dhl,Delivered
4449,33,26/05/23,,fedex,In Transit
4450,8280,24/09/20,,usps,In Transit
4451,6370,10/10/23,,ups,Cancelled
4452,10885,05/03/20,,bluedart,Delivered
4453,9984,23/09/23,,dhl,Delivered
4454,6730,02/08/20,,dhl,Delivered
4455,1413,07/06/20,,fedex,In Transit
4456,19390,16/03/21,,fedex,Delivered
4457,6342,13/11/22,,ups,Cancelled
4458,18766,25/04/22,,fedex,Delivered
4459,18198,09/02/22,,fedex,Delivered
4460,9322,15/01/23,,usps,Delivered
4461,11560,21/05/21,,ups,Delivered
4462,7812,14/04/22,,fedex,Delivered
4463,16311,20/11/21,,bluedart,Cancelled
4464,14845,13/08/20,,dhl,In Transit
4465,16226,17/07/23,,dhl,Delivered
4466,10211,13/11/23,,fedex,In Transit
4467,20093,13/08/20,,dhl,In Transit
4468,12699,02/03/22,,dhl,In Transit
4469,3638,08/04/22,,dhl,In Transit
4470,20663,01/06/23,,usps,Delivered
4471,16272,20/11/22,,usps,In Transit
4472,8288,09/11/23,,fedex,In Transit
4473,918,02/12/20,,dhl,Delivered
4474,10587,10/12/20,,bluedart,Delivered
4475,11029,06/01/20,,fedex,Delivered
4476,15918,05/05/22,,ups,In Transit
4477,10270,06/03/20,,fedex,Delivered
4478,17233,03/06/22,,fedex,Delivered
4479,2440,24/06/21,,ups,Delivered
4480,12913,26/11/23,,fedex,Delivered
4481,19087,08/10/20,,fedex,Delivered
4482,14814,12/05/21,,bluedart,Delivered
4483,7142,20/07/20,,dhl,Delivered
4484,3165,14/05/22,,fedex,In Transit
4485,20491,02/07/21,,fedex,Delivered
4486,7563,09/01/20,,dhl,Delivered
4487,4516,10/02/21,,usps,Delivered
4488,18911,13/07/22,,dhl,In Transit
4489,21577,16/01/20,,usps,Delivered
4490,5711,29/04/22,,bluedart,Delivered
4491,3756,24/10/23,10/11/23,bluedart,Returned
4492,15057,16/12/23,,dhl,Delivered
4493,4737,22/03/20,,dhl,Delivered
4494,19869,04/11/22,,fedex,In Transit
4495,15582,18/11/22,,dhl,In Transit
4496,17480,15/05/23,,fedex,Delivered
4497,21488,15/03/20,,fedex,In Transit
4498,1528,29/04/23,,fedex,Cancelled
4499,19482,19/12/21,,ups,Delivered
4500,4642,14/06/21,,fedex,Delivered
4501,16934,13/09/22,,fedex,Delivered
4502,8886,10/11/23,,bluedart,Cancelled
4503,12857,14/09/21,,fedex,Delivered
4504,13263,26/06/21,,bluedart,Delivered
4505,10636,14/07/21,,fedex,Cancelled
4506,14083,13/01/22,,ups,In Transit
4507,8250,27/05/21,,fedex,Delivered
4508,3088,18/02/23,,dhl,In Transit
4509,9231,24/02/23,,bluedart,In Transit
4510,3804,20/04/22,,fedex,In Transit
4511,16352,08/11/20,,dhl,In Transit
4512,11549,11/08/22,,fedex,In Transit
4513,9969,19/10/23,,fedex,In Transit
4514,5325,06/11/22,,fedex,Delivered
4515,13447,29/08/22,,fedex,In Transit
4516,13411,18/08/21,,fedex,Delivered
4517,12482,29/04/20,,fedex,Delivered
4518,15676,10/03/21,,fedex,In Transit
4519,21290,29/11/23,,usps,Delivered
4520,1562,09/05/22,,fedex,Cancelled
4521,17519,19/05/21,,fedex,In Transit
4522,904,14/07/23,,usps,In Transit
4523,1635,02/11/20,,fedex,Delivered
4524,1370,30/08/21,,ups,Delivered
4525,2588,02/10/21,,fedex,Delivered
4526,15689,08/01/22,,ups,Delivered
4527,14720,14/06/20,,fedex,Delivered
4528,6543,04/06/21,,dhl,In Transit
4529,15237,14/10/21,,fedex,Delivered
4530,20279,27/02/23,,fedex,Delivered
4531,13920,17/04/23,,bluedart,Delivered
4532,6599,23/05/20,,bluedart,Delivered
4533,19252,23/10/21,,fedex,In Transit
4534,4408,13/01/22,,ups,Cancelled
4535,9465,07/11/20,,fedex,In Transit
4536,11800,16/05/21,,fedex,In Transit
4537,7913,30/07/23,,fedex,Delivered
4538,17414,29/01/23,,ups,Delivered
4539,14221,07/11/21,22/11/21,dhl,Returned
4540,12046,24/05/21,,dhl,Delivered
4541,18359,10/08/22,,bluedart,Delivered
4542,10301,28/03/21,,ups,Delivered
4543,2293,15/05/23,,fedex,In Transit
4544,18798,14/04/23,,bluedart,Delivered
4545,19952,23/05/23,,fedex,Delivered
4546,11143,10/11/21,,dhl,Delivered
4547,5356,27/09/21,14/10/21,bluedart,Returned
4548,17988,16/10/20,,usps,Delivered
4549,11515,16/10/23,,usps,Delivered
4550,6727,22/08/20,,ups,Delivered
4551,15343,18/08/21,,fedex,Delivered
4552,20532,18/09/21,,ups,Delivered
4553,3394,05/05/22,,fedex,Delivered
4554,1447,23/07/22,,ups,Delivered
4555,17398,29/06/20,,dhl,In Transit
4556,19834,15/09/22,,bluedart,Delivered
4557,15046,28/04/23,,bluedart,Delivered
4558,19723,27/06/22,,fedex,Delivered
4559,3336,10/05/21,,bluedart,In Transit
4560,2786,11/02/21,,fedex,In Transit
4561,20212,09/02/21,,fedex,Delivered
4562,8238,31/12/20,,fedex,Delivered
4563,16135,20/05/22,,usps,Delivered
4564,21328,17/08/22,,ups,Delivered
4565,13154,27/02/21,,dhl,In Transit
4566,7322,18/06/21,,bluedart,Delivered
4567,12632,12/07/20,,fedex,Delivered
4568,17666,25/09/20,,fedex,Delivered
4569,18281,16/05/21,,bluedart,Delivered
4570,5277,21/02/21,,usps,In Transit
4571,16105,05/08/20,,dhl,Delivered
4572,10882,04/11/20,,ups,In Transit
4573,13433,13/02/22,,fedex,In Transit
4574,4558,16/02/21,,fedex,In Transit
4575,6767,30/12/21,,fedex,In Transit
4576,10073,27/03/21,,bluedart,Delivered
4577,2404,14/05/22,,fedex,In Transit
4578,11632,19/07/23,,fedex,In Transit
4579,18488,06/02/20,,ups,In Transit
4580,19938,23/01/20,09/02/20,ups,Returned
4581,4069,04/10/20,,bluedart,In Transit
4582,587,13/02/23,,dhl,Cancelled
4583,5361,08/06/22,,usps,Delivered
4584,4177,27/02/21,,fedex,Delivered
4585,10878,25/09/23,,dhl,Delivered
4586,15058,04/10/22,,fedex,Delivered
4587,11324,28/04/21,,ups,Delivered
4588,18971,01/04/21,,fedex,In Transit
4589,21377,23/02/23,,bluedart,In Transit
4590,520,08/02/21,,fedex,Delivered
4591,1854,16/05/22,,fedex,In Transit
4592,6575,03/12/23,,usps,In Transit
4593,17910,06/04/23,,fedex,Delivered
4594,1132,14/12/23,,fedex,In Transit
4595,12415,19/12/22,,fedex,Delivered
4596,7601,15/01/23,,bluedart,Delivered
4597,1214,11/04/20,,bluedart,Delivered
4598,10293,22/02/22,,fedex,In Transit
4599,13910,09/11/22,,ups,Delivered
4600,3509,21/07/23,,fedex,Delivered
4601,16593,08/10/23,,bluedart,In Transit
4602,15617,21/12/23,,fedex,In Transit
4603,16888,11/11/20,,fedex,Delivered
4604,11282,18/12/21,,fedex,Delivered
4605,4386,01/09/20,,ups,Delivered
4606,17904,01/08/23,,dhl,In Transit
4607,815,26/10/23,,bluedart,In Transit
4608,4832,25/06/21,,fedex,Delivered
4609,19081,08/11/22,,fedex,In Transit
4610,1333,06/07/20,,dhl,Delivered
4611,21622,03/01/21,,ups,In Transit
4612,383,20/02/20,,bluedart,Cancelled
4613,11802,09/08/22,,ups,In Transit
4614,591,14/06/23,,usps,In Transit
4615,19204,03/08/20,,usps,In Transit
4616,19372,27/12/21,,usps,In Transit
4617,8457,16/03/22,,dhl,In Transit
4618,16400,06/05/22,,dhl,In Transit
4619,1459,02/01/21,,dhl,Delivered
4620,16502,30/11/23,,fedex,Cancelled
4621,17243,25/01/22,,fedex,Delivered
4622,21456,02/08/21,,fedex,Delivered
4623,14016,20/10/20,,fedex,In Transit
4624,7473,09/06/20,27/06/20,fedex,Returned
4625,12182,16/10/23,,fedex,In Transit
4626,3288,19/04/22,,fedex,Cancelled
4627,9325,23/12/21,,fedex,In Transit
4628,16003,24/02/20,,ups,Delivered
4629,12525,28/11/21,,dhl,In Transit
4630,5667,11/03/20,27/03/20,dhl,Returned
4631,3686,26/09/23,,fedex,Delivered
4632,9074,08/04/20,,fedex,Cancelled
4633,4715,18/02/21,,bluedart,Delivered
4634,10519,29/05/20,,fedex,In Transit
4635,13238,28/09/22,,dhl,Delivered
4636,21209,16/06/22,,fedex,In Transit
4637,12865,31/08/21,,fedex,Delivered
4638,20442,24/09/21,16/10/21,fedex,Returned
4639,19117,21/05/21,,fedex,Delivered
4640,2670,05/07/22,,ups,Cancelled
4641,12934,13/09/21,,dhl,In Transit
4642,4065,22/09/21,,fedex,Delivered
4643,20744,06/07/21,,usps,Delivered
4644,4873,18/10/20,,usps,Delivered
4645,10996,11/07/21,,dhl,In Transit
4646,14547,20/02/21,,dhl,In Transit
4647,1820,28/06/22,,fedex,Delivered
4648,15461,15/11/22,,dhl,In Transit
4649,8701,02/01/22,,fedex,Delivered
4650,16203,01/02/20,,fedex,Delivered
4651,16512,04/12/20,,fedex,Delivered
4652,1369,02/10/23,,fedex,Delivered
4653,13919,19/08/22,,ups,In Transit
4654,1207,14/04/21,,fedex,In Transit
4655,18182,13/06/20,,usps,Delivered
4656,18376,15/07/21,,dhl,Delivered
4657,3683,17/12/22,,fedex,Delivered
4658,7267,09/11/21,,dhl,In Transit
4659,10363,03/03/22,,dhl,Delivered
4660,16931,09/01/21,,fedex,Delivered
4661,9852,12/04/21,,bluedart,Delivered
4662,5158,16/02/23,,ups,In Transit
4663,12320,30/05/20,,dhl,In Transit
4664,20988,27/10/23,,fedex,In Transit
4665,4498,27/04/23,,dhl,In Transit
4666,6810,17/07/20,,fedex,In Transit
4667,3802,25/02/23,,fedex,Delivered
4668,12474,03/03/22,,bluedart,In Transit
4669,2405,16/08/21,,dhl,Cancelled
4670,15125,17/09/22,,fedex,In Transit
4671,6709,03/06/23,,dhl,In Transit
4672,1699,19/02/21,,dhl,Delivered
4673,1324,12/08/21,,usps,Delivered
4674,9143,20/08/21,,ups,Cancelled
4675,12347,14/12/21,,fedex,Delivered
4676,2812,13/03/20,,usps,Delivered
4677,1133,16/10/22,,usps,Cancelled
4678,17546,19/01/23,,bluedart,Delivered
4679,16042,14/06/20,,fedex,Delivered
4680,422,07/04/20,,usps,Delivered
4681,10962,05/01/22,,dhl,Cancelled
4682,1647,22/10/23,,dhl,Cancelled
4683,10847,02/07/20,,bluedart,Cancelled
4684,7620,31/05/22,,ups,Cancelled
4685,4208,19/04/21,,dhl,Delivered
4686,10246,12/11/20,,fedex,In Transit
4687,15471,18/09/20,,usps,In Transit
4688,21629,20/04/20,,fedex,Delivered
4689,1262,21/01/23,,dhl,Delivered
4690,10643,11/11/23,,dhl,Cancelled
4691,14497,25/09/21,,bluedart,In Transit
4692,6625,16/06/22,,bluedart,In Transit
4693,11966,21/06/20,,fedex,Delivered
4694,3346,30/12/23,,dhl,In Transit
4695,6157,12/12/20,,fedex,In Transit
4696,7588,23/02/20,,fedex,Cancelled
4697,14715,06/08/23,,fedex,Delivered
4698,5687,14/01/22,,fedex,In Transit
4699,18745,27/06/20,,ups,Cancelled
4700,8533,12/05/21,19/05/21,ups,Returned
4701,9951,08/01/20,,fedex,Delivered
4702,337,01/11/21,,usps,In Transit
4703,8097,06/11/20,,bluedart,In Transit
4704,8432,10/05/22,,ups,In Transit
4705,5738,24/10/21,,ups,In Transit
4706,15333,22/06/20,,fedex,Delivered
4707,6895,03/03/22,,fedex,Delivered
4708,4599,30/06/23,,ups,Delivered
4709,9924,04/11/21,,fedex,In Transit
4710,21011,11/03/22,,fedex,Delivered
4711,17290,31/08/20,,bluedart,Cancelled
4712,18796,17/05/23,,dhl,In Transit
4713,5569,03/10/23,,dhl,In Transit
4714,18828,29/11/22,,fedex,Delivered
4715,5245,19/06/20,29/06/20,fedex,Returned
4716,2672,25/07/23,,fedex,Delivered
4717,4875,11/06/21,,fedex,Delivered
4718,7455,06/10/20,,bluedart,In Transit
4719,5124,15/07/21,,fedex,Delivered
4720,19675,21/03/23,,fedex,In Transit
4721,80,24/06/22,,fedex,In Transit
4722,16175,25/03/22,,dhl,Delivered
4723,4760,03/09/20,,ups,In Transit
4724,200,14/06/22,,usps,Cancelled
4725,3355,07/11/21,,bluedart,Delivered
4726,19147,20/06/20,,fedex,In Transit
4727,16253,05/01/20,,bluedart,Delivered
4728,19770,06/08/23,,usps,Delivered
4729,13269,05/10/21,,fedex,Delivered
4730,18300,03/02/21,,bluedart,In Transit
4731,17585,26/11/21,,dhl,Delivered
4732,15787,02/07/22,,fedex,Cancelled
4733,15299,12/06/22,,fedex,Delivered
4734,11001,27/12/20,,ups,In Transit
4735,18097,10/09/21,,fedex,Delivered
4736,21453,13/02/22,,fedex,Delivered
4737,5439,09/05/22,,fedex,Delivered
4738,6922,02/07/23,,fedex,Delivered
4739,19134,10/08/23,,dhl,In Transit
4740,11630,30/04/23,,usps,Delivered
4741,10364,16/06/23,,bluedart,In Transit
4742,13710,22/04/20,,fedex,In Transit
4743,4436,19/03/23,,fedex,In Transit
4744,18547,08/06/21,,dhl,Cancelled
4745,3045,03/01/22,,ups,In Transit
4746,5203,29/12/20,,fedex,Delivered
4747,16320,19/08/22,,dhl,In Transit
4748,6613,08/02/21,,dhl,In Transit
4749,1895,03/05/20,,usps,In Transit
4750,3501,21/10/21,,dhl,In Transit
4751,681,17/03/23,,ups,Delivered
4752,14544,25/02/20,,dhl,Delivered
4753,15297,11/11/21,,fedex,Delivered
4754,16435,14/02/22,,fedex,Delivered
4755,21057,13/11/22,,dhl,In Transit
4756,922,04/11/22,,fedex,Delivered
4757,14734,11/06/22,,fedex,In Transit
4758,10446,16/02/22,,fedex,Delivered
4759,7960,05/11/22,,bluedart,In Transit
4760,17486,27/10/22,,bluedart,In Transit
4761,13107,10/07/20,,ups,Delivered
4762,4876,05/02/23,,usps,Delivered
4763,5026,08/07/23,,bluedart,Delivered
4764,10558,28/11/23,,fedex,Delivered
4765,18168,10/10/23,,fedex,Delivered
4766,231,09/01/20,,ups,Cancelled
4767,19690,02/06/20,,fedex,In Transit
4768,7645,10/04/23,,fedex,Delivered
4769,2979,22/11/20,,ups,Delivered
4770,11337,31/12/22,,dhl,Cancelled
4771,4383,29/06/21,,bluedart,Cancelled
4772,1645,12/11/21,18/11/21,dhl,Returned
4773,15449,10/09/21,,dhl,Delivered
4774,12938,20/05/20,,fedex,Delivered
4775,16462,26/06/23,,ups,Delivered
4776,18972,16/10/20,,usps,In Transit
4777,19699,09/02/20,,fedex,Delivered
4778,9105,16/02/22,,fedex,In Transit
4779,2764,13/09/23,,usps,Cancelled
4780,920,03/09/20,,usps,In Transit
4781,7669,18/02/22,,dhl,In Transit
4782,10086,09/03/22,,fedex,Delivered
4783,7318,20/11/23,,fedex,Delivered
4784,14786,23/03/23,,fedex,Delivered
4785,12660,19/11/23,05/12/23,fedex,Returned
4786,2687,23/08/23,,bluedart,In Transit
4787,6141,29/11/23,,fedex,Cancelled
4788,10935,14/10/23,,ups,In Transit
4789,3715,10/11/20,,ups,In Transit
4790,3249,23/04/22,,fedex,Cancelled
4791,11921,05/06/21,,dhl,In Transit
4792,21149,14/11/20,,dhl,Delivered
4793,1031,07/08/23,24/08/23,fedex,Returned
4794,14931,10/09/20,,usps,Delivered
4795,20047,17/09/20,,usps,Delivered
4796,12530,14/07/23,,dhl,Delivered
4797,15277,25/12/20,30/12/20,fedex,Returned
4798,1751,21/03/22,,fedex,In Transit
4799,6193,26/02/21,,dhl,Cancelled
4800,4121,28/10/20,,fedex,In Transit
4801,1053,14/10/23,,fedex,In Transit
4802,15110,14/08/21,,fedex,Delivered
4803,11596,12/09/22,,fedex,In Transit
4804,1561,10/05/22,,usps,Delivered
4805,5478,29/08/21,,usps,In Transit
4806,15747,09/03/23,,fedex,In Transit
4807,8544,21/07/23,,fedex,In Transit
4808,9421,15/01/20,,usps,In Transit
4809,9220,25/07/22,,fedex,In Transit
4810,13055,05/07/22,,fedex,Delivered
4811,12758,19/09/22,,bluedart,Delivered
4812,14878,20/11/20,,bluedart,Delivered
4813,8841,22/11/21,,fedex,Delivered
4814,10923,21/07/20,,ups,Cancelled
4815,10357,09/11/20,,dhl,Delivered
4816,19554,28/10/20,,fedex,Delivered
4817,16524,10/03/23,,dhl,Delivered
4818,19088,27/09/23,,bluedart,In Transit
4819,15426,22/11/23,,fedex,Delivered
4820,3377,23/09/20,,dhl,In Transit
4821,19843,12/07/20,,usps,Delivered
4822,5129,28/02/23,,bluedart,In Transit
4823,7763,10/06/23,,bluedart,Delivered
4824,5823,11/08/21,,fedex,Delivered
4825,16190,15/12/20,,dhl,Delivered
4826,263,15/01/23,,fedex,In Transit
4827,17866,10/12/22,,ups,In Transit
4828,15534,16/11/22,,dhl,Delivered
4829,8937,20/04/22,,fedex,Delivered
4830,14419,02/04/20,,fedex,In Transit
4831,2424,06/11/20,,dhl,Delivered
4832,9211,20/05/22,08/06/22,usps,Returned
4833,7535,04/10/22,,fedex,Delivered
4834,20046,10/07/21,,fedex,Delivered
4835,8674,30/11/20,,fedex,In Transit
4836,19044,23/10/21,,fedex,Delivered
4837,1882,19/03/20,,dhl,Delivered
4838,4990,07/07/22,,fedex,Delivered
4839,16697,25/07/20,,fedex,Delivered
4840,21006,28/10/23,,bluedart,Delivered
4841,18586,04/09/21,,dhl,Delivered
4842,12069,09/06/22,,bluedart,Delivered
4843,9789,24/10/22,,fedex,Cancelled
4844,16535,21/03/20,,bluedart,Cancelled
4845,11314,15/08/20,,fedex,In Transit
4846,6460,15/08/21,,ups,Delivered
4847,4878,02/03/23,,fedex,In Transit
4848,12235,12/08/23,24/08/23,fedex,Returned
4849,567,19/04/23,,fedex,Delivered
4850,14338,18/08/22,,fedex,In Transit
4851,11167,06/01/20,,fedex,In Transit
4852,12267,09/01/20,,fedex,In Transit
4853,1970,17/03/21,,bluedart,Delivered
4854,19200,17/10/23,,dhl,Delivered
4855,16956,16/12/23,,fedex,Delivered
4856,6164,10/03/23,,bluedart,Delivered
4857,11207,15/05/20,,dhl,Cancelled
4858,1218,26/12/20,,usps,Delivered
4859,10375,05/11/22,,fedex,Delivered
4860,6322,22/05/22,,fedex,Delivered
4861,12247,04/11/20,,fedex,Delivered
4862,2674,16/12/22,,bluedart,Delivered
4863,11176,24/05/21,,dhl,Delivered
4864,1024,05/09/21,,dhl,Delivered
4865,12994,30/04/22,,ups,Delivered
4866,21597,22/03/22,,bluedart,In Transit
4867,2724,24/05/22,,fedex,In Transit
4868,14089,18/10/21,,bluedart,Delivered
4869,20395,11/03/21,,bluedart,Delivered
4870,15760,06/05/22,,dhl,In Transit
4871,3420,08/12/22,,dhl,Delivered
4872,8021,16/11/20,,dhl,Delivered
4873,9416,19/12/23,,bluedart,Delivered
4874,7741,09/07/23,,ups,In Transit
4875,12709,26/03/23,,fedex,Delivered
4876,20329,01/11/21,,dhl,Delivered
4877,13422,13/07/23,,ups,Delivered
4878,19738,02/04/23,,fedex,In Transit
4879,4949,04/07/22,,dhl,Delivered
4880,5425,19/05/22,,fedex,Delivered
4881,18879,06/05/22,,dhl,In Transit
4882,6700,10/12/21,,fedex,In Transit
4883,15151,14/05/21,,ups,In Transit
4884,14145,11/07/20,,fedex,Delivered
4885,11817,27/12/20,,dhl,Delivered
4886,16257,05/10/22,,dhl,Delivered
4887,4494,01/09/21,,fedex,Delivered
4888,21145,17/01/22,,dhl,In Transit
4889,20768,07/07/21,,dhl,In Transit
4890,6849,02/01/24,,dhl,Delivered
4891,9836,15/09/23,,fedex,Delivered
4892,16507,16/04/23,30/04/23,dhl,Returned
4893,13606,31/01/21,,fedex,Delivered
4894,16833,30/09/21,,fedex,Delivered
4895,5802,01/10/21,,usps,In Transit
4896,7224,21/10/22,,fedex,In Transit
4897,14118,15/05/22,,dhl,Cancelled
4898,7530,21/06/22,,fedex,Delivered
4899,16310,24/05/21,,fedex,Delivered
4900,11281,29/03/21,,fedex,Delivered
4901,12816,05/05/22,,usps,Delivered
4902,8301,16/07/20,,dhl,Delivered
4903,5728,03/10/20,,fedex,In Transit
4904,8847,09/03/21,,fedex,Delivered
4905,1829,14/10/21,,dhl,In Transit
4906,9911,19/07/21,,bluedart,Delivered
4907,17750,29/07/22,,fedex,In Transit
4908,14085,07/10/20,,dhl,Delivered
4909,16851,04/12/21,,fedex,Delivered
4910,20003,09/03/21,,dhl,Cancelled
4911,10976,17/03/22,,fedex,In Transit
4912,11881,27/12/22,,fedex,In Transit
4913,17520,28/11/22,,fedex,Delivered
4914,19221,18/02/21,,dhl,Delivered
4915,14126,05/11/20,,usps,Delivered
4916,9171,24/05/20,,dhl,Delivered
4917,3189,30/07/20,,dhl,Delivered
4918,12414,17/03/20,,fedex,In Transit
4919,19584,11/03/21,,fedex,In Transit
4920,12107,23/03/20,,bluedart,Delivered
4921,19868,16/04/23,,fedex,Delivered
4922,1351,20/03/23,,dhl,Delivered
4923,14152,28/02/20,,ups,Delivered
4924,13127,04/01/23,29/01/23,fedex,Returned
4925,21615,26/09/23,,fedex,Delivered
4926,11918,03/11/23,,fedex,Delivered
4927,2806,24/01/21,,fedex,Delivered
4928,6124,17/10/22,,bluedart,Delivered
4929,20371,30/03/21,,ups,In Transit
4930,8999,10/01/22,,bluedart,Delivered
4931,19002,29/11/22,,dhl,Delivered
4932,1076,27/02/21,,fedex,Delivered
4933,6441,06/12/21,,ups,In Transit
4934,4653,27/11/21,,dhl,Delivered
4935,3390,19/09/22,,ups,In Transit
4936,20276,01/11/22,,ups,Delivered
4937,5602,19/04/22,01/05/22,dhl,Returned
4938,14401,27/10/22,,fedex,Delivered
4939,16920,30/11/21,,dhl,Delivered
4940,20515,19/02/21,,fedex,In Transit
4941,11988,22/11/22,,fedex,In Transit
4942,4939,25/03/21,,fedex,Cancelled
4943,7579,08/01/23,,fedex,Delivered
4944,899,15/11/21,,bluedart,In Transit
4945,2563,10/12/22,,fedex,In Transit
4946,5084,12/10/20,,fedex,In Transit
4947,6189,07/09/21,,dhl,In Transit
4948,11189,30/10/22,,fedex,Delivered
4949,19812,17/10/22,,fedex,Delivered
4950,6242,07/03/21,,fedex,In Transit
4951,11051,11/07/22,,usps,Delivered
4952,21334,21/01/22,15/02/22,fedex,Returned
4953,14050,18/09/22,,ups,In Transit
4954,17021,04/04/23,,dhl,In Transit
4955,155,19/06/21,,bluedart,Delivered
4956,848,04/02/21,,fedex,Delivered
4957,12863,26/08/22,,usps,Delivered
4958,6059,22/08/22,,fedex,Delivered
4959,14673,13/07/22,,fedex,Delivered
4960,9252,01/01/20,,ups,In Transit
4961,18354,14/04/20,,ups,Delivered
4962,5934,10/06/21,,usps,In Transit
4963,7314,21/05/20,,usps,In Transit
4964,19497,28/06/20,,fedex,Delivered
4965,19836,04/01/20,,usps,Delivered
4966,10411,24/12/22,,fedex,In Transit
4967,7324,25/06/23,,dhl,Delivered
4968,7667,26/05/20,,ups,In Transit
4969,7044,29/09/21,,dhl,Delivered
4970,11131,17/09/20,,fedex,In Transit
4971,5704,07/03/21,,usps,In Transit
4972,14263,18/09/20,,fedex,Delivered
4973,18328,08/06/21,,fedex,Delivered
4974,10323,15/11/22,,ups,Delivered
4975,12106,04/12/23,,fedex,Delivered
4976,16177,01/01/21,,fedex,In Transit
4977,17751,06/10/21,,fedex,In Transit
4978,5767,11/04/22,,bluedart,In Transit
4979,9315,26/08/21,09/09/21,fedex,Returned
4980,4784,12/10/21,,usps,Delivered
4981,4128,26/09/20,,dhl,Delivered
4982,11939,18/06/21,,bluedart,Delivered
4983,11516,06/12/20,,dhl,Delivered
4984,21232,15/12/22,,fedex,Delivered
4985,20140,08/12/22,,dhl,Delivered
4986,1067,25/12/22,,usps,Delivered
4987,1830,30/06/20,,fedex,Delivered
4988,7073,17/11/22,,dhl,Delivered
4989,17514,07/04/20,,bluedart,In Transit
4990,15145,11/07/23,,fedex,In Transit
4991,3429,06/02/21,,dhl,Delivered
4992,16463,10/10/20,,ups,Delivered
4993,10970,28/10/20,,bluedart,Delivered
4994,6097,16/10/23,,bluedart,Cancelled
4995,13042,13/02/20,,ups,Delivered
4996,14400,15/06/22,,fedex,Delivered
4997,2664,25/12/21,,fedex,In Transit
4998,5390,27/08/23,,fedex,In Transit
4999,12255,12/02/23,,fedex,In Transit
5000,21271,29/12/23,,fedex,Delivered
5001,2239,25/04/22,,dhl,Delivered
5002,5355,21/12/21,,ups,Delivered
5003,15242,07/01/20,,fedex,In Transit
5004,18042,14/10/21,,dhl,Delivered
5005,14321,25/06/23,,fedex,Delivered
5006,18216,15/12/20,,usps,Delivered
5007,16037,26/08/23,,fedex,Delivered
5008,4297,17/05/22,,fedex,Delivered
5009,12956,29/03/22,,bluedart,In Transit
5010,6080,06/09/23,,ups,Cancelled
5011,11996,19/04/21,,fedex,Delivered
5012,2934,05/11/21,,fedex,In Transit
5013,20575,05/05/22,,dhl,Delivered
5014,5257,02/05/23,,fedex,Delivered
5015,21175,25/01/20,,usps,Delivered
5016,957,15/04/23,,fedex,Delivered
5017,20764,11/01/23,,usps,Delivered
5018,6245,27/02/20,,fedex,Delivered
5019,5705,14/04/22,,fedex,In Transit
5020,15112,31/01/20,,bluedart,Delivered
5021,11080,18/06/23,,fedex,In Transit
5022,12139,05/04/22,,fedex,Delivered
5023,3016,21/07/23,,fedex,Delivered
5024,13876,23/04/22,,ups,Cancelled
5025,14805,18/12/23,,fedex,Delivered
5026,18039,01/01/22,,usps,In Transit
5027,12739,29/01/20,,fedex,Delivered
5028,18028,17/07/20,,bluedart,Delivered
5029,8556,02/11/21,,fedex,In Transit
5030,21560,13/05/20,,bluedart,Delivered
5031,18575,20/01/22,,ups,In Transit
5032,16808,21/07/21,,ups,Delivered
5033,8406,07/06/22,,fedex,Delivered
5034,20363,06/05/23,,usps,In Transit
5035,11149,29/07/23,,dhl,Delivered
5036,6532,25/12/20,,usps,Delivered
5037,12174,28/12/23,,bluedart,Delivered
5038,6685,01/09/21,,ups,In Transit
5039,3427,31/03/21,08/04/21,fedex,Returned
5040,21396,22/10/20,,fedex,In Transit
5041,5837,30/10/22,,fedex,In Transit
5042,23,06/10/23,,bluedart,Cancelled
5043,12367,30/10/23,,bluedart,Cancelled
5044,17378,09/08/21,,fedex,Delivered
5045,9310,09/09/20,,fedex,In Transit
5046,10182,02/10/22,,fedex,Delivered
5047,16857,26/03/23,,fedex,Delivered
5048,16692,26/08/20,,fedex,Delivered
5049,1606,22/03/20,,fedex,In Transit
5050,16926,02/06/22,,fedex,In Transit
5051,21324,26/09/23,,fedex,Delivered
5052,463,16/10/21,,ups,Delivered
5053,15403,19/02/23,,dhl,In Transit
5054,20694,29/03/21,,usps,In Transit
5055,16687,05/05/21,,usps,Delivered
5056,9166,02/01/22,,fedex,In Transit
5057,8524,11/01/22,,fedex,In Transit
5058,4719,27/04/20,,bluedart,In Transit
5059,2103,15/04/20,,fedex,In Transit
5060,5183,07/01/23,,bluedart,Delivered
5061,6503,30/01/22,,ups,Delivered
5062,5220,14/11/21,,ups,In Transit
5063,16188,26/10/20,,fedex,In Transit
5064,1431,27/05/22,,dhl,Delivered
5065,4142,19/05/22,,fedex,In Transit
5066,3834,21/08/20,,usps,Delivered
5067,8269,20/05/21,,fedex,In Transit
5068,8144,23/09/22,,fedex,Cancelled
5069,6924,07/10/21,,dhl,Delivered
5070,6489,03/04/21,,dhl,In Transit
5071,18683,14/12/20,,fedex,In Transit
5072,21624,19/04/23,,fedex,In Transit
5073,21093,06/12/21,,bluedart,Cancelled
5074,16091,26/10/23,,bluedart,In Transit
5075,20335,06/12/23,,fedex,In Transit
5076,8996,26/03/23,,usps,Delivered
5077,2977,15/01/20,,fedex,Delivered
5078,15456,24/02/20,,ups,In Transit
5079,19311,26/12/22,,fedex,Delivered
5080,1418,16/08/22,,fedex,Cancelled
5081,5821,10/07/21,,ups,Delivered
5082,4783,11/10/23,,fedex,In Transit
5083,8202,24/02/20,,fedex,Delivered
5084,3681,25/05/22,,fedex,In Transit
5085,1196,28/11/20,,fedex,In Transit
5086,12465,23/12/21,,fedex,Delivered
5087,1455,18/02/22,,bluedart,Delivered
5088,8284,09/10/21,,fedex,In Transit
5089,18342,16/12/21,,ups,In Transit
5090,12810,16/01/23,,usps,In Transit
5091,7209,03/03/22,,usps,Delivered
5092,16496,04/06/22,,fedex,In Transit
5093,7453,18/05/20,,usps,Cancelled
5094,21558,09/12/20,,dhl,Delivered
5095,1178,19/06/20,,fedex,Cancelled
5096,3723,29/08/23,,fedex,Delivered
5097,16186,08/02/23,,ups,Delivered
5098,19925,03/03/23,,ups,In Transit
5099,4146,24/08/22,,fedex,Delivered
5100,12090,20/04/21,,fedex,In Transit
5101,10075,19/05/21,,fedex,Delivered
5102,16173,20/04/23,,bluedart,In Transit
5103,210,17/04/20,,dhl,In Transit
5104,3697,19/04/22,,usps,In Transit
5105,461,02/02/20,,fedex,Delivered
5106,7107,16/08/21,,fedex,Delivered
5107,12229,16/08/20,,fedex,Delivered
5108,9505,28/09/22,,fedex,In Transit
5109,9271,15/03/20,,dhl,In Transit
5110,17960,21/06/23,,fedex,Delivered
5111,14682,25/06/22,,ups,Delivered
5112,8708,24/01/22,,fedex,In Transit
5113,11778,02/02/21,,fedex,In Transit
5114,13391,01/03/22,,fedex,Delivered
5115,17848,07/08/22,,ups,Cancelled
5116,5739,14/06/23,,fedex,Delivered
5117,15567,05/01/21,,fedex,Delivered
5118,18513,23/03/23,,fedex,Delivered
5119,21137,03/07/23,,fedex,Delivered
5120,1785,23/11/23,,ups,Delivered
5121,5598,08/11/23,,dhl,Cancelled
5122,11040,19/04/23,,bluedart,In Transit
5123,16189,16/05/21,,fedex,Delivered
5124,10725,24/08/22,,fedex,Delivered
5125,7111,01/12/22,,fedex,Delivered
5126,14208,05/01/20,,dhl,Delivered
5127,13973,15/09/22,,fedex,In Transit
5128,19894,08/02/23,,fedex,Delivered
5129,7288,24/06/21,,ups,In Transit
5130,19694,20/11/22,,fedex,In Transit
5131,12240,04/01/22,,bluedart,In Transit
5132,20902,27/12/20,,bluedart,In Transit
5133,20911,12/12/23,,fedex,Delivered
5134,9727,26/07/20,,bluedart,In Transit
5135,17276,19/02/20,,fedex,Delivered
5136,8410,05/10/20,,dhl,Cancelled
5137,13128,09/07/22,,dhl,In Transit
5138,8066,06/10/20,,fedex,Delivered
5139,7699,01/10/20,,bluedart,Cancelled
5140,7070,21/10/23,,bluedart,Delivered
5141,4476,18/06/20,,ups,In Transit
5142,15486,03/12/21,,ups,Delivered
5143,8631,05/07/20,,fedex,In Transit
5144,21389,17/05/23,,fedex,Delivered
5145,5177,05/09/23,,ups,In Transit
5146,21490,17/08/21,,dhl,In Transit
5147,2798,12/04/22,,fedex,Delivered
5148,19191,08/10/22,,fedex,Delivered
5149,17962,12/12/23,,dhl,In Transit
5150,12270,22/11/20,07/12/20,fedex,Returned
5151,271,05/06/21,,ups,In Transit
5152,995,24/06/20,,bluedart,Delivered
5153,14184,07/07/21,,dhl,Delivered
5154,13218,13/02/20,,fedex,In Transit
5155,19343,29/06/20,,fedex,Delivered
5156,19618,10/11/21,,usps,Delivered
5157,7101,12/10/20,,bluedart,Delivered
5158,3269,08/01/23,,dhl,Cancelled
5159,8637,10/05/20,,ups,In Transit
5160,6668,03/08/23,,fedex,In Transit
5161,21227,03/04/21,,dhl,In Transit
5162,11755,15/07/20,,usps,In Transit
5163,16240,07/02/21,,usps,Delivered
5164,13221,19/10/21,,fedex,In Transit
5165,9694,17/07/23,,dhl,In Transit
5166,7243,24/09/21,05/10/21,fedex,Returned
5167,13552,14/10/21,,dhl,In Transit
5168,20567,15/09/20,,bluedart,Delivered
5169,3494,19/08/23,,usps,In Transit
5170,5561,19/10/23,,fedex,Delivered
5171,8240,01/04/22,,dhl,Delivered
5172,11151,27/04/22,,dhl,In Transit
5173,9780,17/10/21,,dhl,Delivered
5174,21425,01/10/22,,fedex,Delivered
5175,1880,09/11/22,,ups,In Transit
5176,14663,21/02/20,,dhl,In Transit
5177,17569,11/07/21,,fedex,Delivered
5178,13998,28/04/21,,fedex,Delivered
5179,17686,18/08/21,,ups,Delivered
5180,9587,29/10/23,,usps,Delivered
5181,9179,16/08/20,,ups,Delivered
5182,8863,28/07/23,,fedex,Delivered
5183,2621,03/03/21,,ups,In Transit
5184,11333,24/10/22,,usps,In Transit
5185,8742,07/07/22,,usps,In Transit
5186,16985,26/07/22,,bluedart,Delivered
5187,19598,10/11/22,,bluedart,Delivered
5188,1648,21/01/20,,fedex,Delivered
5189,5679,27/08/21,,bluedart,Delivered
5190,1088,14/06/23,,fedex,In Transit
5191,15691,08/10/22,,ups,Delivered
5192,18420,08/06/22,,fedex,In Transit
5193,10556,22/03/22,,bluedart,Delivered
5194,4175,26/06/23,,fedex,Cancelled
5195,15432,14/03/21,,fedex,Delivered
5196,14799,07/02/20,,fedex,Delivered
5197,12644,01/06/23,,dhl,Delivered
5198,20256,25/07/23,,fedex,Cancelled
5199,10314,18/06/21,,usps,Delivered
5200,11777,30/07/23,,ups,Delivered
5201,16014,22/12/20,,fedex,Delivered
5202,17810,06/05/21,,dhl,Delivered
5203,14199,04/10/21,,dhl,Delivered
5204,5408,09/03/23,,ups,In Transit
5205,8796,09/02/21,,fedex,In Transit
5206,609,05/03/22,,ups,Delivered
5207,16875,05/11/21,,dhl,Delivered
5208,10190,22/11/20,,dhl,Cancelled
5209,10646,17/06/20,,fedex,In Transit
5210,2826,13/06/23,,fedex,Cancelled
5211,20699,06/04/22,,fedex,In Transit
5212,25,18/02/21,,fedex,Delivered
5213,5773,12/09/20,,fedex,In Transit
5214,6815,07/09/22,19/09/22,dhl,Returned
5215,20090,08/02/20,,fedex,Delivered
5216,16339,29/12/21,,fedex,Delivered
5217,13750,25/01/23,,ups,Delivered
5218,149,09/11/23,,bluedart,Delivered
5219,18087,08/12/21,,fedex,Delivered
5220,1669,19/03/23,,fedex,Delivered
5221,5585,21/07/20,,bluedart,Cancelled
5222,1894,27/10/20,,fedex,Delivered
5223,16349,31/03/20,,ups,In Transit
5224,8904,21/01/23,,fedex,Delivered
5225,9080,05/05/20,,usps,Delivered
5226,2471,31/08/23,,ups,In Transit
5227,5070,01/01/22,,dhl,Delivered
5228,13392,22/03/20,,ups,Delivered
5229,5828,23/10/20,,fedex,Delivered
5230,20686,03/06/22,,fedex,Delivered
5231,5077,03/02/23,,bluedart,Delivered
5232,3434,14/07/21,,dhl,Delivered
5233,3252,22/12/22,08/01/23,usps,Returned
5234,11846,19/10/22,,usps,Delivered
5235,11753,19/10/21,,fedex,In Transit
5236,3092,20/08/23,,fedex,Cancelled
5237,9812,04/06/22,,bluedart,In Transit
5238,7080,30/03/21,,ups,Delivered
5239,17011,04/10/22,,ups,Delivered
5240,14230,19/08/21,,fedex,In Transit
5241,16082,24/02/20,,bluedart,Delivered
5242,5007,15/08/22,,fedex,In Transit
5243,13298,10/05/22,,ups,Delivered
5244,16097,06/03/23,,fedex,Cancelled
5245,17422,08/08/21,,dhl,Delivered
5246,21309,14/08/20,,fedex,Delivered
5247,10498,23/06/23,,bluedart,Delivered
5248,891,24/01/22,,fedex,Delivered
5249,20474,18/04/21,,dhl,In Transit
5250,3155,28/01/23,,fedex,Delivered
5251,11360,05/12/20,,fedex,In Transit
5252,9420,06/05/21,,bluedart,Delivered
5253,1438,04/04/23,,dhl,Delivered
5254,14188,09/03/22,,usps,Delivered
5255,21613,14/09/23,,fedex,In Transit
5256,2735,25/10/22,,ups,Delivered
5257,11349,18/07/23,,fedex,Cancelled
5258,2465,03/10/23,,fedex,In Transit
5259,537,22/05/22,,fedex,In Transit
5260,14060,24/12/21,,fedex,Delivered
5261,14135,06/06/20,,usps,In Transit
5262,12098,12/05/21,,ups,Delivered
5263,14651,11/06/21,,fedex,Delivered
5264,11969,13/03/23,,bluedart,In Transit
5265,525,24/09/23,,fedex,In Transit
5266,2337,30/12/22,,dhl,Cancelled
5267,428,13/01/21,,fedex,In Transit
5268,10607,04/10/23,,fedex,In Transit
5269,20458,02/04/20,,fedex,Delivered
5270,7238,02/06/22,,fedex,Delivered
5271,7917,06/06/20,,dhl,Delivered
5272,20356,10/08/23,,usps,Cancelled
5273,12109,07/11/22,,fedex,Delivered
5274,2218,14/05/22,,fedex,Cancelled
5275,21503,04/01/22,,fedex,Delivered
5276,10440,02/08/22,,fedex,In Transit
5277,11319,25/12/21,,bluedart,Delivered
5278,967,12/10/22,,usps,Delivered
5279,4665,30/11/20,,fedex,Delivered
5280,9922,20/11/23,,dhl,Delivered
5281,11711,06/08/20,,bluedart,Delivered
5282,19412,15/04/20,,fedex,In Transit
5283,19865,22/12/23,,fedex,Delivered
5284,6074,26/05/20,,ups,In Transit
5285,13492,23/11/23,,fedex,In Transit
5286,8416,05/05/20,,bluedart,In Transit
5287,15458,26/12/20,,fedex,Cancelled
5288,13539,30/12/22,13/01/23,fedex,Returned
5289,21144,09/03/22,,dhl,In Transit
5290,5933,28/04/21,17/05/21,fedex,Returned
5291,3619,18/10/22,,ups,Delivered
5292,19478,21/10/21,,fedex,Delivered
5293,4133,03/03/21,,fedex,Delivered
5294,5345,22/04/20,,fedex,In Transit
5295,12175,06/12/20,,ups,Delivered
5296,6167,13/09/22,,fedex,Delivered
5297,20470,01/10/23,,fedex,In Transit
5298,19520,02/04/23,,fedex,Delivered
5299,16415,17/01/21,,usps,In Transit
5300,7745,09/09/21,,fedex,In Transit
5301,9532,20/05/22,,fedex,In Transit
5302,15737,03/10/21,,dhl,Delivered
5303,20837,26/11/20,,ups,In Transit
5304,16660,01/02/21,,fedex,In Transit
5305,5330,21/11/20,,fedex,Delivered
5306,3397,03/05/23,,dhl,In Transit
5307,19060,16/10/21,,dhl,Delivered
5308,5182,27/11/23,,dhl,Delivered
5309,15388,24/01/22,,bluedart,Delivered
5310,16814,17/05/21,,fedex,In Transit
5311,1377,17/02/20,,dhl,In Transit
5312,18114,11/09/22,,fedex,In Transit
5313,14529,08/10/23,,fedex,Delivered
5314,7896,30/05/22,,ups,Delivered
5315,20208,27/06/21,,fedex,In Transit
5316,11685,01/03/20,,fedex,Cancelled
5317,19568,02/07/22,,dhl,Delivered
5318,1850,16/04/23,,ups,Delivered
5319,6641,14/09/23,,dhl,In Transit
5320,11631,02/06/20,,fedex,Cancelled
5321,749,01/12/21,,fedex,Cancelled
5322,11005,25/12/23,,dhl,Delivered
5323,10749,16/01/22,,fedex,Delivered
5324,11225,01/05/20,,fedex,Delivered
5325,9113,23/03/21,30/03/21,fedex,Returned
5326,13175,05/07/21,,bluedart,Delivered
5327,7724,11/12/22,,fedex,Delivered
5328,18787,17/07/20,,dhl,Delivered
5329,9242,19/04/22,,fedex,In Transit
5330,10772,13/05/22,,dhl,Delivered
5331,19406,14/02/21,,bluedart,Delivered
5332,10288,22/09/23,,dhl,Delivered
5333,6027,10/11/20,,usps,Delivered
5334,11093,02/09/20,,fedex,In Transit
5335,12502,12/02/21,03/03/21,ups,Returned
5336,1876,02/11/22,,fedex,Delivered
5337,114,21/12/20,,fedex,Cancelled
5338,9114,01/07/22,,dhl,Delivered
5339,13093,07/02/21,,fedex,Delivered
5340,16040,14/08/22,,dhl,In Transit
5341,6000,11/12/20,,fedex,Delivered
5342,20305,07/09/23,,fedex,Delivered
5343,825,16/03/21,,fedex,Delivered
5344,7995,03/05/21,,fedex,Delivered
5345,5785,18/09/22,,ups,Delivered
5346,7596,27/09/22,,fedex,Delivered
5347,10134,03/01/23,,usps,In Transit
5348,116,13/02/21,,ups,Delivered
5349,3425,12/02/21,,usps,In Transit
5350,12946,14/08/20,,dhl,In Transit
5351,17310,20/02/21,,ups,In Transit
5352,5206,08/03/23,,bluedart,Delivered
5353,21428,15/07/21,,fedex,In Transit
5354,18860,29/04/21,,bluedart,In Transit
5355,8005,22/02/21,12/03/21,usps,Returned
5356,5376,01/01/22,,fedex,Cancelled
5357,387,07/03/20,,fedex,Delivered
5358,20688,09/11/20,,dhl,In Transit
5359,8537,09/06/23,,fedex,In Transit
5360,11550,05/03/22,,fedex,Delivered
5361,10513,09/09/21,,ups,In Transit
5362,5992,01/06/23,,bluedart,Delivered
5363,3301,10/07/20,,fedex,Delivered
5364,12358,07/02/21,,bluedart,Delivered
5365,12012,13/05/20,,fedex,Delivered
5366,14146,11/07/21,,fedex,Delivered
5367,21182,29/08/20,,dhl,Delivered
5368,20192,09/05/22,,fedex,Delivered
5369,5186,03/08/22,,dhl,Delivered
5370,11232,04/03/22,,fedex,Delivered
5371,11502,28/09/21,,dhl,Delivered
5372,21373,23/08/23,,fedex,Delivered
5373,109,26/06/22,,fedex,Delivered
5374,6702,22/02/23,,fedex,Delivered
5375,17377,15/08/22,28/08/22,dhl,Returned
5376,11744,30/12/22,,bluedart,Delivered
5377,11811,18/04/23,,fedex,Delivered
5378,10871,29/09/23,,fedex,In Transit
5379,4433,13/11/20,20/11/20,fedex,Returned
5380,2102,07/03/22,,dhl,Delivered
5381,20355,18/03/22,,dhl,Delivered
5382,6984,20/11/23,,fedex,In Transit
5383,19632,30/04/20,,ups,In Transit
5384,5716,28/10/20,,dhl,In Transit
5385,3081,04/09/23,,fedex,In Transit
5386,11453,31/08/23,,ups,In Transit
5387,3718,21/03/23,,bluedart,In Transit
5388,7215,28/09/22,,usps,Delivered
5389,15238,10/10/21,,dhl,In Transit
5390,15948,28/10/22,,dhl,Delivered
5391,21058,21/04/20,,dhl,Cancelled
5392,17745,23/08/20,,dhl,In Transit
5393,345,08/05/22,,dhl,Delivered
5394,5363,05/06/23,,fedex,Cancelled
5395,16659,22/02/20,,dhl,In Transit
5396,11650,09/04/21,,fedex,Delivered
5397,5798,06/03/20,,dhl,Delivered
5398,5678,17/08/21,,fedex,Delivered
5399,20111,28/04/20,,fedex,Delivered
5400,15194,05/03/23,,fedex,In Transit
5401,11786,27/06/22,,bluedart,Delivered
5402,17247,07/01/22,,bluedart,In Transit
5403,4662,22/06/23,,usps,In Transit
5404,1363,23/09/20,,ups,Delivered
5405,4326,13/02/22,,dhl,Delivered
5406,13210,10/09/22,,fedex,Delivered
5407,16607,30/10/23,,fedex,In Transit
5408,17008,15/11/22,,fedex,Delivered
5409,13724,08/06/22,,bluedart,In Transit
5410,8286,04/02/20,,usps,Delivered
5411,12855,31/01/20,,dhl,In Transit
5412,4563,22/11/23,,fedex,In Transit
5413,15006,01/09/22,,dhl,Cancelled
5414,4991,23/10/22,,fedex,In Transit
5415,19485,18/09/21,,fedex,Cancelled
5416,21480,26/03/22,,fedex,In Transit
5417,7305,21/09/20,,dhl,Cancelled
5418,11508,21/06/23,,fedex,In Transit
5419,13426,19/02/20,,fedex,Delivered
5420,20828,22/03/20,,fedex,Delivered
5421,14364,05/09/22,,usps,In Transit
5422,14537,11/06/20,,fedex,Delivered
5423,16112,24/02/21,,usps,Delivered
5424,12056,25/07/20,,bluedart,Delivered
5425,18334,01/11/23,,fedex,Delivered
5426,2988,01/07/22,,fedex,Delivered
5427,4578,26/11/21,,dhl,Cancelled
5428,6347,19/01/21,,fedex,Delivered
5429,6867,03/12/21,,bluedart,Delivered
5430,10116,01/12/22,,usps,In Transit
5431,15252,03/03/22,,usps,In Transit
5432,7487,14/07/23,,dhl,Delivered
5433,16330,24/02/21,,fedex,In Transit
5434,12959,26/11/21,,fedex,In Transit
5435,10016,20/04/20,,fedex,In Transit
5436,17352,28/09/22,,fedex,Delivered
5437,12748,03/04/20,,ups,In Transit
5438,19090,30/12/22,,dhl,In Transit
5439,21381,15/04/22,,bluedart,In Transit
5440,4385,26/07/23,,fedex,Delivered
5441,18514,11/06/21,,fedex,Delivered
5442,19201,02/06/23,,fedex,Cancelled
5443,3241,18/07/20,,bluedart,In Transit
5444,18515,06/12/22,,fedex,Delivered
5445,13726,26/12/23,,bluedart,Delivered
5446,9735,12/04/22,,dhl,Delivered
5447,19361,26/08/20,,dhl,Delivered
5448,774,06/08/22,,fedex,Delivered
5449,21036,30/12/21,,ups,Delivered
5450,6880,09/09/22,,dhl,In Transit
5451,5419,06/02/23,,bluedart,Delivered
5452,6885,18/02/23,,dhl,Delivered
5453,12045,05/06/21,,dhl,In Transit
5454,17183,05/02/21,,dhl,Delivered
5455,3164,03/10/23,,fedex,Delivered
5456,10137,25/12/22,,bluedart,In Transit
5457,14549,06/06/21,,fedex,In Transit
5458,18474,28/03/22,,fedex,Delivered
5459,12042,05/08/23,,usps,In Transit
5460,3790,28/05/23,,dhl,Delivered
5461,4231,04/11/23,,dhl,Delivered
5462,10715,23/10/22,,dhl,In Transit
5463,12819,07/03/20,,ups,Delivered
5464,993,11/11/23,,fedex,Delivered
5465,12991,05/11/22,,dhl,Delivered
5466,10383,08/09/23,,usps,Delivered
5467,5358,14/09/20,,dhl,In Transit
5468,443,16/01/21,,fedex,In Transit
5469,16370,27/03/23,,fedex,In Transit
5470,12581,29/01/20,,dhl,In Transit
5471,19467,06/10/21,,dhl,Delivered
5472,13067,11/01/20,,dhl,Delivered
5473,1674,13/02/22,,bluedart,Delivered
5474,14348,05/06/20,,dhl,Delivered
5475,20465,12/07/22,,bluedart,Delivered
5476,8700,11/10/21,,fedex,Delivered
5477,2781,24/08/20,,usps,Delivered
5478,20771,15/07/22,,dhl,In Transit
5479,14458,12/01/21,,fedex,In Transit
5480,20954,22/02/21,,fedex,Delivered
5481,13981,29/03/22,,fedex,Delivered
5482,4871,05/07/22,,fedex,Delivered
5483,12635,14/06/23,,fedex,Delivered
5484,713,13/06/21,,bluedart,Delivered
5485,5964,05/06/23,,dhl,In Transit
5486,5672,18/04/22,,fedex,Delivered
5487,6107,12/01/22,,usps,Delivered
5488,9075,18/04/20,,fedex,In Transit
5489,11312,01/02/23,,dhl,Delivered
5490,1152,18/10/20,,fedex,Delivered
5491,8458,21/06/21,,fedex,Delivered
5492,7226,13/03/22,,fedex,Delivered
5493,16665,17/08/20,,fedex,In Transit
5494,9304,06/12/22,,bluedart,In Transit
5495,12639,14/02/23,,ups,Delivered
5496,3988,18/09/23,,fedex,In Transit
5497,20154,08/10/21,,fedex,Delivered
5498,16803,11/01/20,,fedex,Delivered
5499,7853,20/07/20,,ups,Cancelled
5500,16425,27/03/23,,bluedart,Delivered
5501,2513,15/01/22,,bluedart,Delivered
5502,19113,29/09/21,,dhl,In Transit
5503,16405,21/05/22,,dhl,Cancelled
5504,3840,16/09/22,,dhl,Delivered
5505,8108,30/12/21,,ups,Delivered
5506,10344,12/02/23,,fedex,In Transit
5507,18888,01/04/23,,ups,Delivered
5508,2270,11/08/21,,bluedart,In Transit
5509,952,10/04/22,,fedex,Delivered
5510,140,02/01/22,,fedex,Delivered
5511,15232,03/11/22,,ups,In Transit
5512,7512,16/06/23,,fedex,In Transit
5513,21414,08/08/23,,ups,In Transit
5514,15453,17/12/21,,usps,In Transit
5515,11476,04/07/22,,bluedart,In Transit
5516,5396,11/03/22,,fedex,Cancelled
5517,4093,09/02/22,,fedex,In Transit
5518,1938,21/10/20,09/11/20,fedex,Returned
5519,11992,17/07/20,,dhl,Delivered
5520,16418,23/06/21,,ups,Cancelled
5521,3517,15/01/21,,fedex,In Transit
5522,18008,24/01/21,,fedex,Delivered
5523,19953,19/10/23,,fedex,In Transit
5524,18177,06/10/21,27/10/21,bluedart,Returned
5525,5619,27/07/21,,fedex,In Transit
5526,12930,03/12/22,,fedex,Cancelled
5527,14005,09/03/21,,fedex,In Transit
5528,6272,21/11/20,,dhl,Delivered
5529,1586,04/11/20,,usps,Cancelled
5530,9686,28/10/20,,dhl,In Transit
5531,8233,29/08/22,,bluedart,In Transit
5532,780,13/11/23,,fedex,Delivered
5533,1194,28/05/22,,bluedart,Cancelled
5534,2848,29/12/20,,ups,Delivered
5535,16796,22/11/23,,bluedart,Delivered
5536,2403,10/11/22,,bluedart,Delivered
5537,7279,26/09/22,,ups,Delivered
5538,11887,13/11/22,,fedex,Delivered
5539,4301,28/10/22,,dhl,In Transit
5540,12043,06/01/21,,dhl,Delivered
5541,18150,11/04/20,,fedex,Delivered
5542,8273,24/09/21,,dhl,Cancelled
5543,10230,08/04/23,,fedex,In Transit
5544,15402,19/11/23,,dhl,In Transit
5545,11379,22/10/23,,fedex,Delivered
5546,8820,19/01/22,,bluedart,Delivered
5547,7925,18/04/22,,ups,In Transit
5548,11826,10/03/21,,fedex,Delivered
5549,3278,08/08/22,,fedex,In Transit
5550,19633,07/01/22,,fedex,Cancelled
5551,6722,09/01/21,,fedex,Delivered
5552,18791,18/08/22,,bluedart,Delivered
5553,3277,11/06/22,,ups,Delivered
5554,2886,19/12/23,,fedex,Delivered
5555,10223,24/12/22,,fedex,Delivered
5556,15589,15/02/20,,fedex,In Transit
5557,6645,02/03/20,,dhl,In Transit
5558,9273,21/05/20,,fedex,Delivered
5559,5763,12/01/21,,fedex,Delivered
5560,2189,06/12/21,,fedex,In Transit
5561,16442,07/12/20,,bluedart,Delivered
5562,14872,04/08/20,,fedex,In Transit
5563,7207,20/06/23,,fedex,In Transit
5564,11428,18/01/23,,dhl,Delivered
5565,20010,05/02/22,,bluedart,In Transit
5566,17030,22/04/22,,bluedart,In Transit
5567,17201,10/08/22,,usps,In Transit
5568,1544,11/12/20,,fedex,In Transit
5569,13831,15/05/22,,dhl,In Transit
5570,9110,02/11/23,,fedex,Delivered
5571,8577,11/10/21,,dhl,Cancelled
5572,5638,14/10/20,,dhl,Delivered
5573,4434,15/06/20,,fedex,Delivered
5574,8392,08/03/23,,dhl,In Transit
5575,17188,26/07/20,,bluedart,In Transit
5576,2131,05/12/23,,ups,In Transit
5577,21340,28/04/23,,ups,In Transit
5578,9015,27/02/23,,fedex,Delivered
5579,13397,13/10/21,,fedex,Delivered
5580,16080,04/05/21,,dhl,Delivered
5581,2443,12/12/20,,ups,Cancelled
5582,13415,02/11/21,,bluedart,Delivered
5583,14551,29/09/23,,fedex,In Transit
5584,20730,18/03/22,,ups,Delivered
5585,2234,17/06/22,,fedex,Delivered
5586,1068,13/02/23,,dhl,In Transit
5587,3837,03/11/23,,fedex,Delivered
5588,13947,26/06/23,,dhl,In Transit
5589,2243,27/09/23,,fedex,Delivered
5590,20326,01/04/22,,usps,Delivered
5591,18349,20/11/22,,dhl,Delivered
5592,4200,24/11/21,,bluedart,Cancelled
5593,3096,15/03/21,,usps,Delivered
5594,8366,10/10/22,,bluedart,Delivered
5595,16118,26/04/23,,fedex,Delivered
5596,12648,15/01/20,,fedex,Delivered
5597,19229,29/02/20,,fedex,In Transit
5598,20882,08/03/22,,fedex,Delivered
5599,19940,26/05/20,,fedex,In Transit
5600,16837,15/04/23,,dhl,Delivered
5601,7452,25/01/21,,fedex,In Transit
5602,15554,09/08/22,,ups,In Transit
5603,874,31/03/20,,bluedart,Delivered
5604,14884,05/09/20,,fedex,Delivered
5605,4825,25/01/22,,bluedart,In Transit
5606,13318,06/08/20,,fedex,Delivered
5607,12869,07/04/23,,bluedart,Cancelled
5608,13199,01/04/21,,usps,In Transit
5609,20281,22/08/21,,bluedart,Cancelled
5610,4863,23/04/21,,bluedart,In Transit
5611,6857,08/03/21,,fedex,Delivered
5612,10491,30/08/22,,fedex,In Transit
5613,17873,23/10/20,,dhl,Delivered
5614,16910,03/02/21,,dhl,In Transit
5615,5685,08/06/22,,bluedart,In Transit
5616,21320,29/01/21,,fedex,Delivered
5617,6656,01/09/23,,dhl,Delivered
5618,5106,01/11/21,,bluedart,Cancelled
5619,11529,28/01/21,,fedex,Delivered
5620,6467,07/05/21,,usps,Cancelled
5621,8682,13/08/23,,fedex,In Transit
5622,9860,31/05/22,,fedex,In Transit
5623,703,27/12/20,,fedex,Delivered
5624,20224,09/06/23,23/06/23,fedex,Returned
5625,500,26/06/21,,fedex,Cancelled
5626,3309,06/01/20,,fedex,Delivered
5627,6673,16/06/22,,fedex,Delivered
5628,16344,10/08/23,,bluedart,Delivered
5629,14810,08/02/21,,usps,Delivered
5630,14410,13/06/22,,usps,Delivered
5631,3007,16/10/22,,fedex,In Transit
5632,4067,04/01/21,,bluedart,In Transit
5633,4576,13/02/23,,bluedart,Delivered
5634,9441,03/05/22,,ups,Delivered
5635,21483,02/01/24,,bluedart,Delivered
5636,9744,28/07/23,,fedex,Delivered
5637,13047,24/12/20,,fedex,In Transit
5638,9713,22/10/21,,bluedart,In Transit
5639,963,17/02/23,,fedex,In Transit
5640,20143,14/12/21,,fedex,Delivered
5641,16702,03/06/22,,fedex,Cancelled
5642,17333,15/12/23,,dhl,Delivered
5643,20543,05/11/22,,usps,In Transit
5644,4804,26/09/23,,fedex,Delivered
5645,18892,29/06/22,,fedex,In Transit
5646,3744,12/05/20,,fedex,In Transit
5647,11141,25/09/21,,fedex,Delivered
5648,1102,12/11/21,,fedex,Delivered
5649,1028,23/06/20,,ups,Delivered
5650,5126,21/09/23,,dhl,In Transit
5651,16350,09/01/20,,dhl,In Transit
5652,8495,02/06/20,,usps,Delivered
5653,19050,12/10/21,,fedex,Delivered
5654,5244,05/07/20,,usps,Delivered
5655,14433,25/01/22,,ups,Cancelled
5656,16662,04/11/23,,dhl,In Transit
5657,15599,03/10/23,,fedex,Cancelled
5658,16666,08/02/21,,ups,Delivered
5659,18773,20/10/21,,ups,In Transit
5660,15317,23/04/20,,fedex,In Transit
5661,19822,06/12/20,,fedex,In Transit
5662,12287,23/11/22,,bluedart,Delivered
5663,15750,21/08/20,,fedex,Delivered
5664,3048,07/09/21,,fedex,Delivered
5665,16331,31/03/21,,fedex,In Transit
5666,11551,26/01/21,,usps,Delivered
5667,17282,11/08/21,,fedex,Delivered
5668,10535,19/02/22,,usps,Delivered
5669,17947,21/01/20,,fedex,Delivered
5670,18761,24/02/21,,usps,In Transit
5671,55,27/06/22,,fedex,Delivered
5672,21465,16/10/23,,usps,In Transit
5673,10813,05/10/22,,dhl,In Transit
5674,8625,03/11/21,,fedex,Delivered
5675,2824,18/08/20,,fedex,In Transit
5676,15180,03/09/21,,dhl,In Transit
5677,18751,20/09/23,,fedex,In Transit
5678,13575,17/02/21,,usps,Delivered
5679,1153,16/01/21,,ups,In Transit
5680,5088,29/11/22,,fedex,Delivered
5681,4002,14/01/20,29/01/20,usps,Returned
5682,561,08/02/22,,fedex,In Transit
5683,9259,24/04/21,,fedex,In Transit
5684,15197,07/04/20,,fedex,Delivered
5685,14893,14/12/21,,dhl,Delivered
5686,1243,19/03/21,,fedex,Delivered
5687,3893,21/04/23,,bluedart,Delivered
5688,509,22/09/23,12/10/23,ups,Returned
5689,16980,16/09/21,,fedex,In Transit
5690,2272,22/03/21,13/04/21,fedex,Returned
5691,19648,27/08/21,,ups,Delivered
5692,19513,05/07/23,,fedex,Delivered
5693,5608,31/12/22,,usps,In Transit
5694,16214,01/10/22,,dhl,In Transit
5695,9869,23/04/22,,dhl,Delivered
5696,5753,16/07/21,,fedex,In Transit
5697,11056,13/08/22,,fedex,Delivered
5698,10319,12/05/20,,dhl,Delivered
5699,895,31/05/20,,fedex,In Transit
5700,21230,27/03/23,,fedex,Delivered
5701,1934,25/02/22,06/03/22,dhl,Returned
5702,15491,29/08/21,,dhl,Delivered
5703,2844,26/04/22,,fedex,Delivered
5704,4622,26/12/20,,fedex,Delivered
5705,2155,23/02/21,,bluedart,Delivered
5706,4353,06/01/22,,fedex,Delivered
5707,7781,27/11/21,,fedex,Delivered
5708,17507,30/10/22,,fedex,In Transit
5709,12594,29/08/22,,dhl,Delivered
5710,9709,21/05/22,,dhl,Delivered
5711,5242,16/03/20,,fedex,In Transit
5712,21215,09/04/22,,fedex,In Transit
5713,9975,24/10/20,,fedex,Delivered
5714,6772,28/05/20,,fedex,Delivered
5715,19838,10/01/21,,fedex,In Transit
5716,21609,23/03/22,,fedex,In Transit
5717,14964,07/02/20,,bluedart,Delivered
5718,13543,11/02/21,,fedex,Delivered
5719,4477,25/01/21,,bluedart,In Transit
5720,9058,23/01/21,,bluedart,In Transit
5721,8816,14/06/20,,ups,Delivered
5722,16511,20/12/22,,fedex,Delivered
5723,18716,28/01/20,,fedex,Delivered
5724,17231,16/01/21,,fedex,Delivered
5725,10311,14/06/23,,fedex,Cancelled
5726,14020,29/04/22,,ups,Delivered
5727,15078,13/05/21,,fedex,In Transit
5728,305,11/08/22,,ups,In Transit
5729,3568,09/05/20,,fedex,In Transit
5730,3283,11/08/20,,dhl,Delivered
5731,13870,11/04/21,,bluedart,Cancelled
5732,10567,14/04/20,,fedex,In Transit
5733,19287,01/03/23,,fedex,In Transit
5734,3250,22/07/20,,ups,Delivered
5735,7602,27/12/20,,ups,Cancelled
5736,16277,26/11/23,,fedex,Delivered
5737,15902,27/10/23,,usps,Cancelled
5738,10078,06/09/20,,fedex,Delivered
5739,1848,25/03/23,,dhl,Cancelled
5740,12797,26/01/21,,fedex,Delivered
5741,7154,26/08/22,,ups,Delivered
5742,6400,29/07/20,,usps,Cancelled
5743,19680,25/11/21,,dhl,Delivered
5744,12628,15/05/22,,usps,In Transit
5745,6343,02/01/24,15/01/24,fedex,Returned
5746,9886,24/08/22,,bluedart,Delivered
5747,10308,04/02/20,,fedex,Delivered
5748,9502,09/12/23,,fedex,Delivered
5749,13949,18/04/20,,bluedart,In Transit
5750,17450,15/02/22,,ups,In Transit
5751,1707,08/04/23,,dhl,Delivered
5752,16804,23/06/22,,ups,Delivered
5753,15543,04/12/23,,bluedart,Delivered
5754,3611,17/09/22,,fedex,Delivered
5755,1004,02/12/20,,fedex,Delivered
5756,12718,12/07/21,,dhl,In Transit
5757,7876,24/08/22,,bluedart,Cancelled
5758,4135,14/03/21,,dhl,In Transit
5759,15763,06/02/22,,bluedart,In Transit
5760,10439,24/02/22,,dhl,Delivered
5761,18562,18/10/20,,dhl,Delivered
5762,21018,15/02/23,,bluedart,Delivered
5763,16854,17/09/21,,bluedart,Delivered
5764,20729,17/11/23,,fedex,Delivered
5765,9557,10/12/22,,fedex,Delivered
5766,9032,18/04/23,,dhl,Cancelled
5767,20850,19/10/21,,usps,Delivered
5768,13062,02/04/20,,bluedart,In Transit
5769,15443,13/10/22,,fedex,Delivered
5770,11258,24/02/23,,fedex,Cancelled
5771,19133,02/07/23,,dhl,In Transit
5772,15740,22/11/20,,dhl,Delivered
5773,16951,23/12/20,,fedex,Delivered
5774,1762,23/10/21,,fedex,Delivered
5775,6485,23/11/21,,fedex,Delivered
5776,7025,28/06/23,,fedex,Delivered
5777,14626,22/06/20,,fedex,In Transit
5778,18335,07/09/20,,fedex,Delivered
5779,10569,20/04/22,,fedex,Delivered
5780,18634,07/11/21,,fedex,Cancelled
5781,3435,10/11/20,,fedex,Delivered
5782,1141,21/09/21,,fedex,In Transit
5783,16753,10/12/22,,fedex,In Transit
5784,9766,02/07/21,,bluedart,Delivered
5785,18289,17/05/22,,bluedart,Cancelled
5786,6271,15/03/23,,fedex,Cancelled
5787,21120,13/05/21,,fedex,Delivered
5788,3131,19/06/23,,fedex,Cancelled
5789,9752,25/11/22,,ups,Delivered
5790,4861,14/12/22,,usps,In Transit
5791,4639,20/04/23,,usps,Delivered
5792,9072,30/06/22,,dhl,In Transit
5793,20877,03/10/22,,dhl,Delivered
5794,20133,09/03/20,,bluedart,In Transit
5795,3660,20/03/23,,ups,In Transit
5796,17997,19/05/21,,bluedart,Delivered
5797,20049,30/01/22,,fedex,In Transit
5798,15937,18/07/21,,ups,In Transit
5799,12815,10/08/20,,fedex,Delivered
5800,5660,22/10/22,,dhl,Delivered
5801,7959,11/08/21,,fedex,Delivered
5802,15661,17/10/21,,fedex,In Transit
5803,5393,05/07/21,,fedex,In Transit
5804,5413,11/02/21,,fedex,Delivered
5805,8039,13/11/22,,fedex,Cancelled
5806,15111,20/11/22,,bluedart,Delivered
5807,14940,19/09/23,,bluedart,In Transit
5808,9297,14/08/21,,dhl,In Transit
5809,12874,03/08/23,,bluedart,Delivered
5810,13152,30/07/21,,dhl,Cancelled
5811,9169,19/04/20,,fedex,Delivered
5812,19159,15/04/23,,bluedart,Delivered
5813,9176,17/05/23,,dhl,Delivered
5814,9823,23/02/20,,bluedart,Cancelled
5815,4164,12/12/20,,dhl,Delivered
5816,6903,18/06/23,,fedex,In Transit
5817,8189,29/01/23,,dhl,Cancelled
5818,21026,20/10/22,,dhl,Delivered
5819,4571,21/06/21,,dhl,In Transit
5820,4533,20/04/20,,dhl,In Transit
5821,4261,08/01/21,,fedex,Delivered
5822,20376,26/01/21,,dhl,Cancelled
5823,8257,26/01/20,,usps,Delivered
5824,19790,16/04/22,,usps,Delivered
5825,630,25/09/21,,bluedart,Delivered
5826,9507,08/11/22,,dhl,Delivered
5827,16761,05/08/22,,bluedart,Delivered
5828,2914,18/01/22,,bluedart,Delivered
5829,3636,18/05/23,,ups,Delivered
5830,19562,11/03/20,,fedex,In Transit
5831,5931,09/06/22,,usps,In Transit
5832,5204,18/01/21,,fedex,Delivered
5833,7459,01/11/21,,dhl,Delivered
5834,15062,23/11/21,11/12/21,dhl,Returned
5835,7236,13/01/22,,fedex,Delivered
5836,14978,19/03/20,,fedex,In Transit
5837,9986,25/06/23,09/07/23,bluedart,Returned
5838,15544,13/02/22,,bluedart,In Transit
5839,4703,11/09/21,,fedex,In Transit
5840,13094,28/06/20,,fedex,Delivered
5841,1579,05/04/20,,fedex,In Transit
5842,5936,31/12/22,,fedex,In Transit
5843,1421,05/10/20,,dhl,Cancelled
5844,16004,01/02/21,,fedex,In Transit
5845,8831,01/04/22,,dhl,Delivered
5846,7351,03/06/23,,fedex,Delivered
5847,12226,11/12/23,,fedex,Delivered
5848,12318,27/05/22,,fedex,In Transit
5849,7730,14/06/22,,fedex,In Transit
5850,12188,16/11/21,,fedex,Delivered
5851,9920,28/03/23,,ups,In Transit
5852,29,09/11/20,,fedex,Delivered
5853,8983,13/11/21,,fedex,Delivered
5854,9929,10/03/22,,fedex,In Transit
5855,4209,22/10/22,,fedex,In Transit
5856,9644,26/06/21,,fedex,Cancelled
5857,16790,17/06/21,,bluedart,In Transit
5858,7523,26/12/23,,dhl,In Transit
5859,18086,10/12/23,,fedex,In Transit
5860,18465,09/04/22,,fedex,In Transit
5861,8627,01/11/21,,fedex,Delivered
5862,14036,07/09/20,,fedex,Delivered
5863,4593,18/11/22,,dhl,Delivered
5864,5545,21/01/21,,fedex,Delivered
5865,19798,22/12/23,,fedex,In Transit
5866,20286,23/09/22,,dhl,In Transit
5867,15240,10/05/22,,dhl,Delivered
5868,5380,03/03/22,,ups,Delivered
5869,20078,02/10/23,,bluedart,Cancelled
5870,18437,28/10/22,,dhl,Delivered
5871,2238,03/03/23,,usps,Delivered
5872,16160,30/01/20,,usps,Delivered
5873,7371,08/12/21,,ups,Delivered
5874,15033,29/09/20,,dhl,In Transit
5875,3451,13/07/22,,ups,In Transit
5876,3144,18/04/21,,usps,Cancelled
5877,14274,27/12/20,,fedex,Delivered
5878,10195,15/03/21,,bluedart,Delivered
5879,13113,21/06/21,,fedex,Delivered
5880,11930,28/01/21,,fedex,Delivered
5881,4221,15/07/20,,bluedart,Delivered
5882,20112,05/01/21,,dhl,Delivered
5883,15572,16/10/20,,dhl,Delivered
5884,14418,11/06/20,,fedex,Delivered
5885,4161,09/07/22,,fedex,Cancelled
5886,12441,06/12/21,,fedex,Delivered
5887,13778,17/10/21,,dhl,Delivered
5888,21604,27/11/23,,fedex,Delivered
5889,17785,13/01/20,,fedex,Delivered
5890,20770,13/09/22,,ups,Delivered
5891,9669,06/03/20,,ups,Cancelled
5892,9755,21/01/21,,ups,Delivered
5893,18573,11/09/22,,fedex,Delivered
5894,8300,15/08/22,,fedex,In Transit
5895,4242,01/10/23,,dhl,Delivered
5896,1851,20/11/20,,usps,Cancelled
5897,14912,28/11/23,,fedex,In Transit
5898,1154,13/07/20,,fedex,Delivered
5899,8356,13/12/20,,dhl,Delivered
5900,19963,22/04/22,,fedex,Delivered
5901,3401,09/12/23,,fedex,Delivered
5902,7914,06/09/22,,dhl,Cancelled
5903,142,17/02/21,,ups,In Transit
5904,8037,28/02/22,,fedex,In Transit
5905,7320,01/04/21,,dhl,In Transit
5906,8553,18/05/23,,fedex,In Transit
5907,8560,25/06/23,,fedex,Delivered
5908,16142,15/12/23,,fedex,In Transit
5909,9564,13/03/23,,fedex,In Transit
5910,11715,08/05/20,,ups,Delivered
5911,17074,22/04/23,,bluedart,Delivered
5912,10592,18/03/20,,fedex,Delivered
5913,20660,15/05/22,02/06/22,bluedart,Returned
5914,3489,02/04/21,,bluedart,Cancelled
5915,9985,22/12/23,,fedex,Delivered
5916,7271,26/01/23,,fedex,Delivered
5917,21476,06/02/23,,fedex,Delivered
5918,4486,06/08/21,,dhl,Delivered
5919,18895,18/12/23,,bluedart,Delivered
5920,18603,07/03/23,,ups,In Transit
5921,3541,05/07/21,,fedex,Delivered
5922,9999,29/05/23,,dhl,In Transit
5923,20411,06/05/20,,fedex,Delivered
5924,17958,10/11/20,,fedex,Delivered
5925,19681,07/02/20,,fedex,Delivered
5926,20179,17/06/22,,fedex,In Transit
5927,4228,26/03/20,,fedex,Delivered
5928,10978,13/05/21,,bluedart,In Transit
5929,3843,11/08/22,,dhl,Delivered
5930,12353,16/12/21,,fedex,In Transit
5931,11086,06/04/22,,fedex,In Transit
5932,4746,18/10/21,,ups,In Transit
5933,21080,02/02/22,,fedex,In Transit
5934,3449,03/08/20,27/08/20,ups,Returned
5935,17748,21/05/22,,fedex,In Transit
5936,5808,15/06/21,,ups,In Transit
5937,20331,17/03/21,,usps,Delivered
5938,14593,23/05/20,,usps,Delivered
5939,19600,08/09/23,,bluedart,Delivered
5940,19207,04/05/21,,dhl,Delivered
5941,1419,15/05/21,,ups,Delivered
5942,14574,01/07/22,,dhl,Delivered
5943,3467,11/11/20,21/11/20,fedex,Returned
5944,5596,29/01/21,,fedex,Delivered
5945,4050,22/11/23,,dhl,Delivered
5946,12675,05/10/22,,fedex,Cancelled
5947,18686,04/07/23,,dhl,Delivered
5948,3212,06/12/20,,usps,Delivered
5949,980,12/06/23,,usps,Delivered
5950,18594,19/04/20,,bluedart,Delivered
5951,6451,07/09/21,,ups,Delivered
5952,20254,03/08/21,,dhl,Cancelled
5953,11813,11/03/21,,dhl,Cancelled
5954,21590,28/02/23,,ups,Delivered
5955,16505,14/05/23,,fedex,Delivered
5956,14421,04/05/22,,ups,In Transit
5957,15606,07/08/21,,bluedart,Delivered
5958,7373,23/01/23,,usps,Delivered
5959,6943,26/11/23,,fedex,Delivered
5960,10133,08/07/20,,fedex,Delivered
5961,5065,25/02/22,,dhl,In Transit
5962,11824,05/11/22,,bluedart,Delivered
5963,20590,11/02/20,,usps,In Transit
5964,8278,05/04/20,,bluedart,Delivered
5965,5788,24/10/21,,fedex,In Transit
5966,18357,09/04/20,,ups,In Transit
5967,7045,16/05/22,,bluedart,In Transit
5968,144,24/12/22,,bluedart,Delivered
5969,9593,11/05/20,,fedex,In Transit
5970,20334,27/06/20,,usps,Delivered
5971,9195,05/04/22,,fedex,In Transit
5972,6431,15/11/23,,fedex,Delivered
5973,12679,10/10/22,,bluedart,Delivered
5974,21224,02/03/20,,ups,In Transit
5975,15444,23/12/22,,fedex,Delivered
5976,21077,02/07/21,,usps,In Transit
5977,4638,14/07/22,,ups,Delivered
5978,8128,15/07/20,,bluedart,In Transit
5979,20489,26/04/22,10/05/22,fedex,Returned
5980,153,18/04/21,,usps,In Transit
5981,17895,20/12/22,,bluedart,In Transit
5982,21578,29/04/20,,fedex,In Transit
5983,6967,21/01/22,,fedex,In Transit
5984,17128,22/08/23,,dhl,Delivered
5985,18456,08/06/20,,fedex,Delivered
5986,4482,10/11/20,,fedex,In Transit
5987,10839,18/06/21,,usps,Delivered
5988,20106,02/09/20,,bluedart,Delivered
5989,18605,17/12/23,,bluedart,In Transit
5990,2397,13/07/23,,bluedart,Delivered
5991,10010,25/08/20,,ups,In Transit
5992,19461,15/12/23,,bluedart,In Transit
5993,5407,18/06/23,,dhl,Cancelled
5994,5117,28/03/21,,bluedart,Delivered
5995,19768,08/10/22,,dhl,Delivered
5996,9525,04/11/20,,bluedart,In Transit
5997,7711,29/04/21,,dhl,Delivered
5998,18413,16/12/22,,fedex,Delivered
5999,5221,02/09/22,,usps,Delivered
6000,586,29/01/20,,dhl,In Transit
6001,1379,25/06/21,,bluedart,In Transit
6002,4970,16/05/20,,fedex,Cancelled
6003,15377,13/05/20,,fedex,Delivered
6004,19383,29/10/20,,dhl,Delivered
6005,8263,14/10/21,,dhl,In Transit
6006,15367,21/06/23,,ups,In Transit
6007,16321,06/07/20,,ups,Delivered
6008,4347,06/03/22,,fedex,In Transit
6009,4500,19/11/21,,fedex,In Transit
6010,1749,09/05/22,,bluedart,In Transit
6011,6410,09/06/23,,fedex,Delivered
6012,12157,18/06/20,,ups,Delivered
6013,7069,19/01/21,,dhl,Delivered
6014,6920,21/04/21,,fedex,In Transit
6015,12015,10/02/21,,dhl,Delivered
6016,3527,21/01/20,,dhl,In Transit
6017,7851,16/10/23,,usps,In Transit
6018,2905,21/05/22,,fedex,Delivered
6019,13253,14/11/23,,dhl,Delivered
6020,1888,23/04/23,,fedex,In Transit
6021,13938,06/04/20,,fedex,Delivered
6022,13907,22/08/20,,ups,Delivered
6023,12596,24/04/23,,ups,Delivered
6024,3153,13/04/21,,fedex,In Transit
6025,19490,21/08/20,,fedex,Cancelled
6026,7622,23/07/21,,dhl,Delivered
6027,13116,06/07/22,,fedex,In Transit
6028,20312,06/10/20,,fedex,Delivered
6029,12577,10/04/23,,bluedart,In Transit
6030,11830,07/05/22,,ups,Delivered
6031,19102,10/08/22,,ups,In Transit
6032,3534,29/11/23,,fedex,Delivered
6033,17757,18/08/21,,bluedart,In Transit
6034,4138,29/11/21,,fedex,Delivered
6035,978,29/07/23,,fedex,Delivered
6036,10279,13/10/21,,fedex,In Transit
6037,20531,19/06/21,,bluedart,In Transit
6038,5695,12/03/22,,ups,Cancelled
6039,11073,10/04/22,,dhl,In Transit
6040,20126,30/09/20,,dhl,In Transit
6041,17437,12/04/21,,bluedart,Delivered
6042,11099,25/02/21,,bluedart,Delivered
6043,5172,27/05/23,,bluedart,In Transit
6044,15339,05/10/22,,usps,Cancelled
6045,8311,21/12/23,,bluedart,In Transit
6046,13617,07/01/23,,dhl,In Transit
6047,2919,13/09/23,,fedex,Delivered
6048,13763,18/10/23,,usps,Delivered
6049,18673,20/06/22,,fedex,Delivered
6050,10853,03/11/22,,fedex,Cancelled
6051,2734,29/07/20,,ups,In Transit
6052,10351,20/11/23,,dhl,Delivered
6053,13898,10/10/23,,fedex,Cancelled
6054,13146,20/02/21,,fedex,In Transit
6055,2933,19/02/23,,ups,Delivered
6056,21546,29/08/20,,bluedart,In Transit
6057,7503,12/01/23,,fedex,Delivered
6058,20565,14/07/20,,bluedart,In Transit
6059,17899,25/05/22,,bluedart,In Transit
6060,20204,13/03/22,,fedex,In Transit
6061,7564,12/10/21,,usps,Delivered
6062,6806,08/03/23,,fedex,Delivered
6063,2580,03/05/22,,dhl,Delivered
6064,19313,19/05/21,,dhl,In Transit
6065,19472,03/04/21,,fedex,Delivered
6066,3542,10/02/21,,ups,Delivered
6067,579,10/11/22,,bluedart,Delivered
6068,16573,05/08/23,,bluedart,Cancelled
6069,15483,05/05/23,,fedex,In Transit
6070,11215,30/09/22,,fedex,Cancelled
6071,11465,24/09/21,,fedex,Delivered
6072,13625,05/08/20,,fedex,In Transit
6073,11261,02/06/22,,usps,Delivered
6074,17826,15/03/22,,ups,In Transit
6075,15526,30/05/20,,fedex,In Transit
6076,14180,27/08/21,,dhl,Delivered
6077,13503,24/05/23,,dhl,In Transit
6078,5404,23/06/22,,fedex,Cancelled
6079,15472,17/07/23,,dhl,Delivered
6080,7298,11/03/23,,fedex,Delivered
6081,4016,05/12/21,,fedex,Delivered
6082,15239,22/10/21,,fedex,Delivered
6083,20737,21/04/21,,fedex,Delivered
6084,20424,17/10/23,,fedex,Delivered
6085,15008,27/01/22,,fedex,Delivered
6086,16515,13/05/21,,fedex,Delivered
6087,138,08/12/21,,dhl,Delivered
6088,4583,26/03/21,,fedex,Delivered
6089,5696,13/07/20,,dhl,Delivered
6090,7931,17/05/21,,ups,Delivered
6091,3949,14/12/20,,bluedart,Delivered
6092,11144,25/10/22,,dhl,In Transit
6093,12026,17/02/23,,fedex,Delivered
6094,14980,29/05/22,,fedex,Cancelled
6095,5454,20/01/20,,dhl,Delivered
6096,10717,28/05/20,,fedex,Delivered
6097,7920,27/06/21,,dhl,In Transit
6098,21343,17/04/21,,dhl,In Transit
6099,10575,15/02/23,,bluedart,Delivered
6100,12291,28/08/23,,fedex,Delivered
6101,7283,06/02/20,,usps,Delivered
6102,186,08/11/20,,fedex,Delivered
6103,8903,09/09/21,03/10/21,dhl,Returned
6104,126,01/04/22,,fedex,Cancelled
6105,6498,21/11/20,,bluedart,Delivered
6106,16679,30/10/20,,fedex,Delivered
6107,3758,01/05/22,,fedex,In Transit
6108,15946,24/02/23,,ups,In Transit
6109,11935,21/02/22,,fedex,In Transit
6110,258,04/07/23,,fedex,In Transit
6111,8227,23/10/23,,fedex,In Transit
6112,7316,22/09/20,,bluedart,In Transit
6113,16928,20/01/22,,usps,Delivered
6114,12262,25/01/20,,usps,Delivered
6115,9973,25/03/21,,bluedart,In Transit
6116,13759,04/07/22,,ups,In Transit
6117,563,13/11/22,,dhl,Delivered
6118,18772,29/03/22,,fedex,Delivered
6119,2837,03/01/23,,fedex,Delivered
6120,3788,27/12/23,,fedex,Delivered
6121,3759,13/05/20,,fedex,Delivered
6122,12125,19/06/20,,ups,Delivered
6123,16498,05/06/20,,dhl,Delivered
6124,3441,03/04/20,,fedex,Delivered
6125,19135,17/04/21,,fedex,Delivered
6126,18788,16/12/20,,bluedart,Delivered
6127,6201,19/08/20,,dhl,In Transit
6128,104,25/09/21,,bluedart,In Transit
6129,9966,31/07/22,,usps,In Transit
6130,10945,03/07/22,,dhl,In Transit
6131,18898,14/05/22,,fedex,Delivered
6132,1402,18/04/22,,usps,Delivered
6133,20580,08/06/22,,dhl,In Transit
6134,6184,17/06/23,,dhl,Cancelled
6135,841,10/06/21,,fedex,Delivered
6136,6804,28/05/23,,fedex,In Transit
6137,17,25/03/22,,usps,Delivered
6138,17741,01/04/23,,fedex,Cancelled
6139,13607,24/07/20,,fedex,In Transit
6140,20722,05/10/22,,usps,Delivered
6141,16574,20/05/21,,dhl,In Transit
6142,3639,17/08/22,,fedex,Delivered
6143,15226,19/08/23,,bluedart,In Transit
6144,769,21/07/22,,bluedart,Delivered
6145,3839,18/06/21,,dhl,Delivered
6146,19543,08/08/21,,fedex,In Transit
6147,13349,17/11/22,,usps,Delivered
6148,18973,21/09/20,,dhl,Delivered
6149,5265,07/04/22,,bluedart,In Transit
6150,18560,21/12/20,,bluedart,Delivered
6151,18938,24/07/23,,fedex,Delivered
6152,10980,18/05/22,,fedex,In Transit
6153,2572,09/04/23,,ups,Delivered
6154,18496,06/02/23,,fedex,Delivered
6155,4684,20/08/21,,usps,Delivered
6156,589,16/05/23,,fedex,In Transit
6157,19810,09/10/23,,fedex,In Transit
6158,11545,03/01/22,,ups,In Transit
6159,12750,30/04/21,,dhl,Delivered
6160,8529,02/03/22,,ups,Delivered
6161,16669,16/07/21,,fedex,Cancelled
6162,20485,27/05/22,,usps,In Transit
6163,18776,17/03/20,,fedex,Delivered
6164,4157,08/01/22,,fedex,Cancelled
6165,9578,31/08/23,,ups,Delivered
6166,14581,07/12/22,,fedex,Delivered
6167,7509,22/09/20,,fedex,Delivered
6168,12445,21/05/23,,fedex,In Transit
6169,7584,30/07/20,,usps,Delivered
6170,12800,09/06/22,,fedex,In Transit
6171,1,19/03/22,,fedex,Delivered
6172,646,16/05/21,,usps,Delivered
6173,3215,27/03/21,,bluedart,Delivered
6174,11799,25/10/20,,dhl,Delivered
6175,18115,10/06/21,,dhl,Cancelled
6176,15639,02/07/21,,ups,Delivered
6177,17245,05/07/22,,fedex,Delivered
6178,9797,08/07/23,,fedex,Delivered
6179,7548,10/11/21,,bluedart,Delivered
6180,21268,31/12/22,,fedex,Delivered
6181,4000,04/08/21,,dhl,Delivered
6182,13599,21/07/20,,bluedart,In Transit
6183,9263,20/05/20,,fedex,Delivered
6184,5604,20/09/22,,fedex,In Transit
6185,10436,12/01/21,,bluedart,Cancelled
6186,7524,24/06/20,,fedex,In Transit
6187,3200,10/12/20,27/12/20,bluedart,Returned
6188,20795,03/07/21,,fedex,In Transit
6189,6083,29/04/22,,fedex,Delivered
6190,14132,03/02/23,,fedex,Delivered
6191,5675,03/08/20,,fedex,In Transit
6192,7391,28/12/21,,dhl,Delivered
6193,869,08/06/21,,bluedart,In Transit
6194,10088,08/12/21,,fedex,Delivered
6195,926,21/04/20,,fedex,Delivered
6196,15116,08/04/22,,dhl,Delivered
6197,10291,19/11/21,,fedex,Delivered
6198,3329,30/03/22,,fedex,In Transit
6199,19620,31/07/23,,ups,Delivered
6200,7804,21/09/21,,ups,Delivered
6201,7559,02/12/23,,dhl,Delivered
6202,19347,20/10/23,,fedex,In Transit
6203,17443,28/05/21,,usps,In Transit
6204,17905,22/07/21,,fedex,In Transit
6205,15499,27/03/23,,usps,Delivered
6206,15968,11/07/21,,bluedart,Delivered
6207,16448,19/08/23,,fedex,Cancelled
6208,11726,03/09/22,,usps,Delivered
6209,6200,25/07/23,,bluedart,In Transit
6210,16120,09/01/22,,fedex,Delivered
6211,16982,29/10/21,22/11/21,ups,Returned
6212,12935,29/04/21,,fedex,Delivered
6213,15896,20/08/20,13/09/20,fedex,Returned
6214,20311,28/11/20,,fedex,Delivered
6215,3110,17/07/21,,usps,In Transit
6216,19679,05/01/21,,fedex,Delivered
6217,18015,24/11/23,,fedex,In Transit
6218,6051,24/08/21,,fedex,In Transit
6219,4082,22/10/21,,bluedart,Delivered
6220,21513,10/10/20,,dhl,Delivered
6221,8994,01/03/21,,fedex,Delivered
6222,17969,06/02/22,,usps,Delivered
6223,3689,12/11/23,,usps,Delivered
6224,20833,22/07/22,,usps,Delivered
6225,18072,19/06/21,,fedex,Cancelled
6226,2334,12/03/23,,fedex,Delivered
6227,2304,21/09/23,,ups,In Transit
6228,17857,11/06/21,,ups,Delivered
6229,16958,28/06/21,,fedex,Delivered
6230,18656,03/10/21,,fedex,Cancelled
6231,13656,18/05/20,,dhl,In Transit
6232,8842,21/11/21,,bluedart,Delivered
6233,9803,22/08/22,,dhl,Cancelled
6234,11770,26/07/21,,dhl,Delivered
6235,17652,23/02/21,,dhl,In Transit
6236,88,24/11/22,,fedex,Delivered
6237,8125,01/08/21,,fedex,Cancelled
6238,14633,27/08/20,,fedex,Delivered
6239,197,23/03/20,,fedex,In Transit
6240,21288,01/02/23,,usps,In Transit
6241,3536,15/09/23,,usps,Delivered
6242,12272,09/03/22,,dhl,Delivered
6243,1714,11/11/22,,ups,Cancelled
6244,5465,14/08/21,,dhl,Delivered
6245,18025,12/04/20,,fedex,Delivered
6246,11722,19/09/22,,bluedart,Delivered
6247,11999,04/01/22,,dhl,Delivered
6248,12276,26/11/20,,fedex,In Transit
6249,15141,21/01/20,,ups,Delivered
6250,11413,03/11/21,,fedex,Delivered
6251,14797,04/02/23,,fedex,In Transit
6252,11175,18/01/20,,bluedart,In Transit
6253,15098,12/09/23,,ups,In Transit
6254,10057,24/10/21,,bluedart,Delivered
6255,3262,20/09/21,,dhl,Delivered
6256,2484,18/10/23,,usps,Delivered
6257,19825,20/12/23,,bluedart,In Transit
6258,10215,05/01/22,,fedex,In Transit
6259,19066,19/04/22,,fedex,Delivered
6260,13934,17/06/21,,fedex,In Transit
6261,16655,27/03/23,,fedex,Delivered
6262,19386,29/10/23,,dhl,Delivered
6263,20667,14/06/21,,dhl,Delivered
6264,14342,08/11/21,,fedex,Delivered
6265,10145,04/01/24,,dhl,Delivered
6266,16614,30/05/20,18/06/20,fedex,Returned
6267,10367,07/07/21,,fedex,Delivered
6268,11820,09/07/20,,dhl,Delivered
6269,5945,11/11/21,,fedex,Delivered
6270,16375,19/04/22,,fedex,In Transit
6271,6335,23/07/21,,ups,Delivered
6272,16550,19/10/22,,ups,In Transit
6273,3582,16/06/20,,fedex,Delivered
6274,2048,01/06/21,,dhl,In Transit
6275,11364,01/06/22,,fedex,In Transit
6276,3098,08/05/21,,usps,In Transit
6277,6150,03/12/22,,fedex,In Transit
6278,619,17/07/23,,ups,Delivered
6279,13278,23/02/22,,fedex,In Transit
6280,6811,03/06/21,,dhl,Cancelled
6281,4420,20/06/21,,fedex,Delivered
6282,15070,25/04/21,,fedex,Delivered
6283,18665,11/10/20,,fedex,Delivered
6284,2185,27/12/22,,fedex,In Transit
6285,2685,12/05/22,,bluedart,In Transit
6286,3258,25/08/22,,usps,Delivered
6287,13275,05/06/22,,ups,Cancelled
6288,4159,07/06/20,,dhl,In Transit
6289,12854,28/03/22,,fedex,Cancelled
6290,5199,16/12/23,,dhl,In Transit
6291,17878,21/11/22,,fedex,Delivered
6292,17999,29/05/21,,dhl,Delivered
6293,10417,01/07/23,,ups,In Transit
6294,10077,30/08/20,,fedex,In Transit
6295,8318,29/01/20,,ups,Delivered
6296,13744,04/01/21,,dhl,Delivered
6297,8149,29/08/21,,bluedart,Delivered
6298,18270,06/10/21,,bluedart,Cancelled
6299,3642,11/01/22,,fedex,In Transit
6300,1682,10/05/21,,bluedart,Delivered
6301,1423,05/06/21,,ups,Delivered
6302,20517,30/11/22,,fedex,In Transit
6303,6959,19/04/23,,fedex,Cancelled
6304,10029,25/03/23,,dhl,In Transit
6305,20139,26/10/21,,bluedart,Delivered
6306,10795,30/06/20,,fedex,Delivered
6307,18195,03/11/22,,fedex,Delivered
6308,424,01/03/23,,dhl,Cancelled
6309,17876,19/07/22,,usps,In Transit
6310,15726,27/12/23,,fedex,Delivered
6311,15540,11/11/20,,fedex,In Transit
6312,1354,17/11/20,,ups,Delivered
6313,7180,24/07/20,,fedex,In Transit
6314,18837,22/04/23,,fedex,Delivered
6315,6109,19/05/21,,fedex,Delivered
6316,14396,29/11/21,,dhl,Cancelled
6317,13105,05/07/21,,fedex,In Transit
6318,20013,06/09/23,,fedex,In Transit
6319,596,07/05/23,,fedex,In Transit
6320,10405,26/03/22,,bluedart,Delivered
6321,15860,23/09/23,,fedex,Delivered
6322,20943,21/08/23,,dhl,Delivered
6323,19385,07/06/21,,bluedart,Delivered
6324,8229,13/04/23,,ups,Delivered
6325,19704,07/06/21,,fedex,Delivered
6326,11085,22/04/22,,fedex,In Transit
6327,19423,29/12/21,,usps,In Transit
6328,5333,23/08/21,,bluedart,In Transit
6329,11772,02/06/20,,ups,Delivered
6330,4484,17/09/20,,bluedart,In Transit
6331,18255,30/09/21,,dhl,In Transit
6332,14148,20/11/20,,fedex,In Transit
6333,14452,02/04/21,,fedex,Delivered
6334,3566,25/05/20,,fedex,Cancelled
6335,14302,08/05/21,,ups,Delivered
6336,1436,08/09/22,,ups,Delivered
6337,10796,30/07/23,,dhl,Delivered
6338,20056,10/04/20,,fedex,In Transit
6339,18256,14/03/20,,bluedart,Delivered
6340,1051,11/06/23,,ups,Delivered
6341,8184,22/03/21,,fedex,In Transit
6342,3337,25/06/22,,bluedart,Delivered
6343,18536,11/11/21,,fedex,In Transit
6344,6512,30/07/23,,fedex,Cancelled
6345,9264,12/11/22,,dhl,In Transit
6346,19073,31/03/21,,bluedart,In Transit
6347,14426,04/02/21,,fedex,Delivered
6348,7865,24/10/20,,fedex,In Transit
6349,10721,03/09/23,,usps,Delivered
6350,5932,12/03/20,,usps,Delivered
6351,2961,27/08/21,,usps,Delivered
6352,13077,25/01/21,,bluedart,Delivered
6353,19177,10/02/21,,ups,Delivered
6354,17682,04/09/23,,fedex,Delivered
6355,11460,10/06/20,,dhl,In Transit
6356,14487,06/08/23,,bluedart,Cancelled
6357,8434,09/06/22,,dhl,Delivered
6358,5185,06/04/20,,bluedart,In Transit
6359,20691,01/01/22,,usps,Delivered
6360,16174,30/06/23,,fedex,Delivered
6361,19350,15/11/20,,bluedart,In Transit
6362,14099,13/05/23,,fedex,Delivered
6363,14647,08/02/22,,usps,Delivered
6364,18512,19/03/21,,bluedart,In Transit
6365,8774,10/01/21,,usps,Delivered
6366,12410,22/02/23,,bluedart,Delivered
6367,8941,15/09/21,,usps,Delivered
6368,13544,10/07/20,21/07/20,fedex,Returned
6369,3852,05/04/23,,fedex,In Transit
6370,9201,06/09/20,,fedex,In Transit
6371,3199,13/07/22,,dhl,Delivered
6372,20031,19/08/20,,fedex,In Transit
6373,12329,01/07/23,,dhl,Delivered
6374,3609,13/05/21,,fedex,Delivered
6375,11606,26/07/22,,fedex,Cancelled
6376,3093,26/06/21,,fedex,Delivered
6377,21143,13/03/23,,fedex,Delivered
6378,12787,09/08/22,,ups,Delivered
6379,2747,13/06/22,,fedex,Delivered
6380,10234,06/04/22,,fedex,In Transit
6381,19848,01/02/21,,fedex,Delivered
6382,14229,05/10/20,22/10/20,ups,Returned
6383,11879,21/02/22,,fedex,Delivered
6384,14853,15/10/20,,dhl,Delivered
6385,4767,21/08/20,,fedex,In Transit
6386,9005,09/08/21,,fedex,Delivered
6387,11601,17/05/20,,dhl,Delivered
6388,19703,13/11/21,,fedex,In Transit
6389,956,11/12/23,,bluedart,In Transit
6390,13990,09/08/21,,fedex,Delivered
6391,13220,23/06/20,,dhl,Delivered
6392,16897,05/11/22,,fedex,Delivered
6393,1308,08/07/22,,dhl,Delivered
6394,9631,28/08/20,,fedex,In Transit
6395,15427,29/12/22,,usps,Delivered
6396,3282,10/02/20,,fedex,In Transit
6397,10011,07/04/21,,fedex,Delivered
6398,1253,11/09/21,,fedex,Delivered
6399,13427,31/08/23,,fedex,Delivered
6400,11410,17/08/22,,fedex,Delivered
6401,17624,27/08/22,,bluedart,Cancelled
6402,8664,31/07/22,,fedex,Delivered
6403,6345,28/08/21,18/09/21,fedex,Returned
6404,18747,29/07/23,,fedex,Delivered
6405,12876,02/09/20,,fedex,Delivered
6406,5801,20/07/22,04/08/22,fedex,Returned
6407,10790,19/09/23,,fedex,Delivered
6408,17897,14/08/20,,bluedart,Delivered
6409,10702,21/04/23,,fedex,In Transit
6410,13504,10/06/21,,bluedart,Delivered
6411,6494,06/08/21,,usps,Delivered
6412,10365,09/04/22,,ups,Delivered
6413,12391,26/08/21,,dhl,In Transit
6414,148,10/02/23,,dhl,Delivered
6415,5587,16/04/21,,fedex,Delivered
6416,12284,06/04/23,,fedex,Delivered
6417,17464,05/11/20,,fedex,Delivered
6418,17835,16/09/22,,fedex,In Transit
6419,5103,26/09/20,,fedex,Delivered
6420,6429,19/11/20,,fedex,Delivered
6421,13440,23/09/22,,fedex,Delivered
6422,1974,27/10/22,,fedex,In Transit
6423,12702,07/04/20,18/04/20,fedex,Returned
6424,4892,07/11/21,,fedex,Delivered
6425,1670,04/07/23,,dhl,Delivered
6426,600,23/05/20,,ups,Cancelled
6427,10183,10/12/20,,dhl,In Transit
6428,21463,14/09/22,,dhl,In Transit
6429,17538,30/07/20,,fedex,In Transit
6430,14540,27/03/20,,fedex,Delivered
6431,20314,11/04/20,,ups,Delivered
6432,1200,29/04/20,,bluedart,Delivered
6433,3382,18/07/23,,ups,Delivered
6434,8815,26/06/21,,usps,Delivered
6435,11320,09/01/22,,fedex,In Transit
6436,6644,10/07/23,,ups,Delivered
6437,10993,25/11/20,,fedex,Delivered
6438,21103,23/07/20,,fedex,In Transit
6439,273,18/01/23,,bluedart,In Transit
6440,1458,14/10/22,,usps,In Transit
6441,18617,05/07/20,,ups,In Transit
6442,1525,23/10/20,,dhl,Delivered
6443,19444,15/09/23,,ups,Delivered
6444,1869,21/02/21,,bluedart,Delivered
6445,16427,12/06/21,,fedex,Delivered
6446,14953,05/10/21,,dhl,In Transit
6447,2649,26/10/23,,ups,Delivered
6448,13434,25/04/20,,bluedart,Delivered
6449,9078,20/08/22,,fedex,Delivered
6450,2393,05/05/22,,usps,In Transit
6451,7366,24/12/20,,fedex,Delivered
6452,1035,16/12/23,,ups,In Transit
6453,10794,02/06/22,,dhl,Delivered
6454,8397,22/01/20,,ups,Delivered
6455,17655,07/01/23,,fedex,In Transit
6456,13080,23/03/23,,fedex,In Transit
6457,13488,20/07/21,,fedex,In Transit
6458,2286,29/08/21,,dhl,Cancelled
6459,16824,11/04/23,,dhl,Delivered
6460,8216,29/10/22,,ups,In Transit
6461,4592,06/12/22,,fedex,Delivered
6462,21109,21/08/20,,fedex,Cancelled
6463,2248,15/03/22,,fedex,In Transit
6464,19762,02/04/22,,fedex,In Transit
6465,4295,18/05/21,,bluedart,Delivered
6466,494,09/07/21,,bluedart,Delivered
6467,15350,25/12/23,,dhl,In Transit
6468,3380,01/03/23,,dhl,In Transit
6469,1279,14/08/20,,dhl,Delivered
6470,14769,23/07/20,,bluedart,Cancelled
6471,16358,13/03/22,,dhl,Delivered
6472,14902,04/07/20,,fedex,Delivered
6473,21470,23/03/21,08/04/21,ups,Returned
6474,3741,09/09/21,,fedex,Delivered
6475,14505,06/08/23,11/08/23,dhl,Returned
6476,14386,06/12/21,,dhl,Delivered
6477,15007,15/08/22,,usps,Delivered
6478,729,06/02/23,,dhl,In Transit
6479,14168,19/09/22,,fedex,Delivered
6480,2993,14/03/20,,dhl,Delivered
6481,9161,12/03/23,,dhl,In Transit
6482,13537,19/01/23,,usps,In Transit
6483,9450,11/12/20,,fedex,In Transit
6484,17291,28/04/21,,ups,Delivered
6485,17151,10/12/22,,fedex,In Transit
6486,14382,23/12/22,,bluedart,Delivered
6487,2365,16/09/21,,fedex,Delivered
6488,21179,04/02/23,,fedex,Delivered
6489,14789,27/05/21,,bluedart,Delivered
6490,10425,02/06/21,,bluedart,Delivered
6491,19056,02/10/23,,bluedart,Delivered
6492,14630,21/09/22,,bluedart,Delivered
6493,10207,04/03/20,,dhl,Delivered
6494,14407,20/06/23,,fedex,In Transit
6495,497,07/11/20,,fedex,Delivered
6496,6610,03/06/23,,dhl,In Transit
6497,2026,08/09/23,,usps,Cancelled
6498,13435,09/09/23,,bluedart,Delivered
6499,8683,15/12/23,,fedex,Delivered
6500,1453,23/04/20,,fedex,In Transit
6501,20598,31/08/22,,fedex,Delivered
6502,17955,13/08/23,,usps,Delivered
6503,4959,29/10/20,,dhl,Delivered
6504,7393,09/07/20,,fedex,Delivered
6505,3960,25/04/21,,fedex,In Transit
6506,8885,19/03/21,,bluedart,In Transit
6507,17622,07/05/23,,dhl,Delivered
6508,19244,05/02/22,,dhl,Delivered
6509,16532,07/07/20,,bluedart,In Transit
6510,9261,08/01/20,,bluedart,Delivered
6511,10041,17/06/21,,dhl,In Transit
6512,19419,30/04/20,,dhl,In Transit
6513,16993,25/06/22,,usps,Delivered
6514,1729,04/12/23,,dhl,In Transit
6515,15871,29/01/21,14/02/21,fedex,Returned
6516,17852,26/08/21,,fedex,Delivered
6517,508,11/05/20,,fedex,Delivered
6518,5249,25/12/22,,fedex,Cancelled
6519,7449,20/10/22,,fedex,In Transit
6520,3980,28/08/23,,bluedart,In Transit
6521,15026,23/06/21,,fedex,In Transit
6522,20045,07/11/22,,fedex,Delivered
6523,1519,13/09/20,,fedex,Cancelled
6524,6475,22/10/23,,ups,Delivered
6525,17945,12/02/23,,fedex,In Transit
6526,18723,13/11/20,,dhl,Delivered
6527,19743,13/03/22,,fedex,Delivered
6528,5727,03/05/21,,bluedart,Delivered
6529,17597,19/03/21,,dhl,Delivered
6530,9671,27/03/21,,dhl,Delivered
6531,11203,09/02/21,,ups,In Transit
6532,1201,26/09/22,,fedex,In Transit
6533,8450,31/10/23,,dhl,Delivered
6534,16622,23/11/22,,ups,Delivered
6535,6559,15/07/23,29/07/23,fedex,Returned
6536,13799,22/07/21,,fedex,Cancelled
6537,4531,21/09/21,,fedex,In Transit
6538,2098,12/03/22,,fedex,Delivered
6539,3383,28/04/22,,ups,Delivered
6540,10511,07/09/22,,ups,In Transit
6541,14689,04/08/20,,fedex,Delivered
6542,7332,02/08/20,,fedex,Delivered
6543,17042,21/03/20,,fedex,Cancelled
6544,20728,07/06/20,,fedex,Delivered
6545,369,30/03/22,,fedex,Delivered
6546,8944,26/02/23,,fedex,In Transit
6547,15448,27/11/23,,dhl,Delivered
6548,20495,24/03/22,,bluedart,In Transit
6549,5008,03/01/24,,fedex,Delivered
6550,16056,03/03/20,,fedex,In Transit
6551,6289,29/11/23,,fedex,In Transit
6552,2659,29/11/22,,dhl,Cancelled
6553,15880,21/12/20,,bluedart,Delivered
6554,6846,19/10/21,,ups,Delivered
6555,6540,05/02/20,,dhl,In Transit
6556,7976,29/10/23,,dhl,In Transit
6557,8417,21/09/22,02/10/22,dhl,Returned
6558,16261,08/02/20,,dhl,In Transit
6559,9356,31/07/23,10/08/23,dhl,Returned
6560,15995,13/06/22,,dhl,In Transit
6561,6545,12/08/22,,fedex,In Transit
6562,15958,11/01/23,,usps,Delivered
6563,17341,23/03/21,,bluedart,Delivered
6564,6649,24/03/21,,fedex,Delivered
6565,19062,29/11/22,,usps,In Transit
6566,7204,03/12/20,,usps,Delivered
6567,17539,05/12/23,,bluedart,In Transit
6568,5523,10/10/21,,ups,Delivered
6569,6708,23/09/20,,dhl,In Transit
6570,5398,05/09/23,,bluedart,Delivered
6571,13834,28/08/22,,dhl,Delivered
6572,12790,23/08/21,,fedex,Delivered
6573,8699,25/04/20,,fedex,Delivered
6574,15592,20/04/22,,ups,In Transit
6575,16110,26/04/23,,usps,Delivered
6576,7709,20/09/20,,ups,Delivered
6577,1445,19/10/23,,fedex,Delivered
6578,19438,23/03/23,,fedex,Delivered
6579,6371,02/06/21,,fedex,In Transit
6580,3514,05/06/22,30/06/22,fedex,Returned
6581,17583,04/03/21,,fedex,In Transit
6582,17742,12/12/21,,fedex,Delivered
6583,18808,21/05/22,,usps,Delivered
6584,3124,25/08/22,,ups,In Transit
6585,2262,19/06/22,,fedex,In Transit
6586,7536,21/12/20,,dhl,Delivered
6587,9921,01/02/20,,usps,Delivered
6588,6894,06/08/20,,bluedart,Cancelled
6589,21266,18/03/20,31/03/20,bluedart,Returned
6590,9088,17/04/20,,bluedart,Delivered
6591,21127,04/07/20,,bluedart,Delivered
6592,5072,17/11/20,,fedex,In Transit
6593,10937,29/10/21,,dhl,In Transit
6594,9668,12/07/22,,ups,Delivered
6595,1541,08/12/22,,ups,In Transit
6596,20853,01/11/21,,ups,Delivered
6597,7280,12/10/23,30/10/23,usps,Returned
6598,4300,29/12/22,,fedex,In Transit
6599,18415,09/12/20,,ups,Delivered
6600,7744,16/12/22,,fedex,Delivered
6601,4154,21/12/21,,dhl,Delivered
6602,18924,15/02/22,,dhl,Delivered
6603,5756,07/07/23,,dhl,Delivered
6604,12680,14/10/22,26/10/22,ups,Returned
6605,14920,16/05/21,,ups,Delivered
6606,10544,21/11/23,,fedex,Delivered
6607,16406,20/01/21,,ups,In Transit
6608,5049,22/01/21,,usps,In Transit
6609,13,17/06/22,,fedex,In Transit
6610,9820,23/09/23,,dhl,Delivered
6611,19416,02/02/23,,dhl,Delivered
6612,1085,13/09/20,,fedex,In Transit
6613,10471,23/02/21,,dhl,Delivered
6614,1149,22/01/21,,ups,Delivered
6615,11619,05/03/20,,bluedart,Delivered
6616,20939,15/11/23,,dhl,Delivered
6617,5044,22/01/21,,usps,In Transit
6618,12980,17/08/21,,fedex,In Transit
6619,18441,23/01/21,,fedex,In Transit
6620,12383,19/08/23,06/09/23,fedex,Returned
6621,15210,04/01/21,,fedex,Delivered
6622,2945,21/05/23,,fedex,In Transit
6623,8391,21/02/20,,ups,Cancelled
6624,9648,26/09/20,,fedex,Delivered
6625,19981,13/06/20,,dhl,Delivered
6626,15179,07/01/20,,bluedart,In Transit
6627,3920,26/05/20,,fedex,Delivered
6628,2528,11/01/20,,fedex,Delivered
6629,5507,18/12/22,,fedex,Delivered
6630,4962,25/11/22,,fedex,Delivered
6631,11932,07/01/21,,fedex,Delivered
6632,18439,22/07/23,,bluedart,Delivered
6633,9902,27/03/20,,fedex,Delivered
6634,10389,16/06/23,,fedex,In Transit
6635,4496,11/03/21,,dhl,Delivered
6636,7626,12/11/20,,fedex,Delivered
6637,21581,24/03/23,,bluedart,Cancelled
6638,21516,07/10/21,,bluedart,In Transit
6639,12278,12/11/22,,dhl,In Transit
6640,3033,19/11/21,,dhl,Delivered
6641,21409,26/08/22,,fedex,Cancelled
6642,19719,02/12/21,,fedex,In Transit
6643,8986,06/07/20,,ups,Delivered
6644,5251,27/01/22,,ups,In Transit
6645,17485,16/10/23,,fedex,Delivered
6646,11243,01/06/21,,fedex,Delivered
6647,12949,01/10/23,,fedex,In Transit
6648,20463,25/12/20,,fedex,In Transit
6649,18564,06/02/20,,ups,Delivered
6650,3297,15/04/21,,dhl,Cancelled
6651,17359,12/11/20,,bluedart,Delivered
6652,3074,24/02/23,,usps,Delivered
6653,21448,10/12/21,,ups,In Transit
6654,12179,01/07/22,,fedex,In Transit
6655,9943,17/04/20,,dhl,Delivered
6656,21130,14/10/23,,dhl,Delivered
6657,14661,29/07/22,14/08/22,fedex,Returned
6658,547,18/06/20,,bluedart,Delivered
6659,7566,09/07/23,,ups,Delivered
6660,14167,22/01/21,,fedex,Delivered
6661,16323,15/07/23,,ups,Delivered
6662,8596,28/02/22,,fedex,In Transit
6663,9425,13/07/23,,dhl,In Transit
6664,13933,06/08/22,,dhl,In Transit
6665,6146,30/08/20,,bluedart,Delivered
6666,18080,01/10/20,,dhl,Delivered
6667,6985,08/08/22,,bluedart,Delivered
6668,21124,14/04/21,,bluedart,Cancelled
6669,20899,14/02/22,,fedex,Delivered
6670,3784,07/02/20,,fedex,Delivered
6671,16760,14/01/20,,ups,Delivered
6672,7891,13/02/21,,ups,In Transit
6673,4749,31/08/21,,ups,Delivered
6674,3,14/10/20,,ups,In Transit
6675,2970,30/12/21,,bluedart,Delivered
6676,1392,16/07/21,,fedex,Delivered
6677,15384,14/05/23,,fedex,Delivered
6678,13296,23/01/23,,bluedart,Delivered
6679,13948,25/09/23,,ups,In Transit
6680,2252,02/07/20,,bluedart,Cancelled
6681,18864,07/12/22,,dhl,Delivered
6682,21321,08/09/23,,bluedart,Delivered
6683,9633,05/07/23,,fedex,In Transit
6684,12851,31/05/23,,bluedart,In Transit
6685,12050,12/08/20,,bluedart,In Transit
6686,21399,28/09/20,,dhl,In Transit
6687,13690,29/10/20,,fedex,Delivered
6688,21387,10/03/23,,fedex,Delivered
6689,249,20/06/21,,dhl,Delivered
6690,17106,08/05/23,,bluedart,Delivered
6691,9796,11/06/23,,fedex,In Transit
6692,10657,20/06/21,,fedex,In Transit
6693,7788,05/07/22,,ups,In Transit
6694,4952,11/07/20,,bluedart,Delivered
6695,11277,05/08/21,,fedex,Delivered
6696,19830,10/01/21,,fedex,Delivered
6697,18757,28/01/23,,fedex,Delivered
6698,20999,05/02/22,,ups,Delivered
6699,12408,03/11/23,,fedex,Delivered
6700,944,23/12/23,,ups,In Transit
6701,19339,10/01/23,,fedex,In Transit
6702,13106,25/10/22,,fedex,Delivered
6703,17553,15/10/21,,dhl,In Transit
6704,20457,15/12/22,,bluedart,Delivered
6705,6258,24/06/23,,dhl,In Transit
6706,6960,25/02/22,,fedex,In Transit
6707,9867,19/05/23,,fedex,In Transit
6708,16508,05/02/23,,fedex,Delivered
6709,18610,09/07/22,,usps,Delivered
6710,10272,05/03/21,,fedex,Delivered
6711,166,13/03/23,,usps,Delivered
6712,19752,26/08/23,,fedex,In Transit
6713,16600,05/03/20,,bluedart,In Transit
6714,18155,17/04/22,,dhl,Delivered
6715,6376,08/04/21,,dhl,In Transit
6716,3486,13/12/22,,dhl,In Transit
6717,9423,27/11/21,,fedex,In Transit
6718,17304,11/07/22,,fedex,Delivered
6719,12843,25/08/23,,fedex,Delivered
6720,2896,08/10/21,,bluedart,In Transit
6721,8198,14/09/20,,usps,Cancelled
6722,8838,28/06/22,,ups,Delivered
6723,2799,02/09/21,,fedex,In Transit
6724,13811,31/07/21,,fedex,In Transit
6725,16487,08/06/22,,usps,Delivered
6726,13616,18/10/23,,bluedart,Delivered
6727,15519,01/10/22,,bluedart,In Transit
6728,9661,07/11/21,,fedex,Cancelled
6729,4699,06/05/22,,usps,In Transit
6730,19304,09/06/21,,dhl,In Transit
6731,8384,30/10/23,,fedex,Delivered
6732,4786,04/05/21,,dhl,In Transit
6733,4512,20/04/22,,fedex,In Transit
6734,9879,17/06/22,,dhl,Delivered
6735,6283,08/10/20,,fedex,In Transit
6736,987,10/07/20,,bluedart,Cancelled
6737,9824,28/01/23,,fedex,In Transit
6738,7148,30/07/20,,fedex,In Transit
6739,2529,07/07/22,,dhl,Delivered
6740,9693,24/08/22,,fedex,Delivered
6741,1745,03/07/21,,fedex,Delivered
6742,4255,24/07/23,,dhl,Delivered
6743,21489,30/06/23,17/07/23,ups,Returned
6744,15417,30/09/23,,fedex,Delivered
6745,3031,20/12/20,,fedex,Delivered
6746,3289,28/12/23,,fedex,Delivered
6747,11805,18/12/23,,bluedart,Cancelled
6748,4152,26/03/21,,fedex,Delivered
6749,20656,24/12/21,,fedex,Delivered
6750,13967,14/10/20,,fedex,In Transit
6751,21242,07/02/22,,ups,Delivered
6752,13993,21/03/22,26/03/22,ups,Returned
6753,8836,03/07/21,,fedex,In Transit
6754,19823,11/02/23,,dhl,In Transit
6755,8545,10/05/21,,fedex,Delivered
6756,7444,24/12/23,,fedex,Delivered
6757,4565,21/08/23,,fedex,In Transit
6758,3072,31/07/23,,fedex,In Transit
6759,43,23/09/21,,fedex,In Transit
6760,16249,24/12/21,,bluedart,Delivered
6761,5499,01/10/22,,fedex,In Transit
6762,6172,08/09/23,,fedex,In Transit
6763,8245,18/06/21,,dhl,Delivered
6764,7938,08/12/20,,dhl,In Transit
6765,10545,23/09/21,,bluedart,Delivered
6766,19910,12/04/20,,bluedart,Cancelled
6767,7928,05/06/22,,fedex,Delivered
6768,5134,04/09/22,,dhl,Delivered
6769,959,13/11/21,,usps,In Transit
6770,6788,13/12/21,,dhl,Delivered
6771,12710,30/01/21,,dhl,Delivered
6772,15642,06/10/21,,fedex,Delivered
6773,4546,26/09/23,,dhl,In Transit
6774,8259,31/12/20,,bluedart,Delivered
6775,8377,13/07/21,,fedex,Delivered
6776,2706,07/01/22,,dhl,Delivered
6777,4481,19/02/21,,ups,Delivered
6778,1545,01/09/22,09/09/22,dhl,Returned
6779,16552,14/01/22,,fedex,Delivered
6780,9830,03/04/21,,ups,In Transit
6781,11049,17/05/23,,ups,Cancelled
6782,531,04/06/20,,fedex,Delivered
6783,14963,06/11/20,,fedex,In Transit
6784,7346,21/03/20,,fedex,Delivered
6785,7531,01/08/20,,dhl,Delivered
6786,1319,12/02/23,,fedex,In Transit
6787,19970,27/12/23,,fedex,In Transit
6788,18081,31/10/23,,dhl,In Transit
6789,8536,08/08/23,,fedex,In Transit
6790,19001,25/06/21,,usps,In Transit
6791,451,24/03/20,,bluedart,Delivered
6792,19630,29/06/23,,bluedart,Delivered
6793,15952,18/12/22,,fedex,Delivered
6794,15722,15/01/21,,bluedart,Delivered
6795,2142,25/10/23,,bluedart,In Transit
6796,11937,25/12/22,,ups,Delivered
6797,8093,18/11/20,,ups,In Transit
6798,3410,28/03/21,,fedex,Delivered
6799,20857,17/06/22,,bluedart,In Transit
6800,15882,27/07/23,,fedex,Delivered
6801,6114,08/04/21,,fedex,In Transit
6802,19937,04/03/22,,usps,Cancelled
6803,6374,22/02/22,,fedex,Delivered
6804,11467,20/08/21,,dhl,Delivered
6805,11827,01/09/21,,usps,In Transit
6806,13233,18/04/23,,usps,In Transit
6807,5876,07/05/22,,ups,In Transit
6808,5503,18/03/21,,dhl,Delivered
6809,19919,15/09/22,,ups,In Transit
6810,3643,12/03/21,02/04/21,bluedart,Returned
6811,19989,17/01/20,,fedex,In Transit
6812,8379,12/09/22,,dhl,Delivered
6813,8034,13/07/20,,fedex,Delivered
6814,7837,13/05/22,,fedex,In Transit
6815,5904,27/12/20,,dhl,Delivered
6816,16369,26/12/20,17/01/21,ups,Returned
6817,15593,29/08/22,,dhl,Cancelled
6818,12579,08/03/22,,fedex,Delivered
6819,15970,27/05/22,,usps,In Transit
6820,15091,26/09/21,,dhl,In Transit
6821,8168,04/10/23,,fedex,Delivered
6822,5747,01/01/21,,fedex,Delivered
6823,8114,26/07/22,,dhl,Delivered
6824,10248,24/07/21,,ups,Delivered
6825,4932,10/08/21,,usps,In Transit
6826,14404,22/06/20,,fedex,Cancelled
6827,12759,22/08/22,,dhl,Delivered
6828,3724,21/01/21,,dhl,Delivered
6829,4081,28/07/21,,dhl,In Transit
6830,3032,14/03/22,,fedex,Cancelled
6831,12484,10/09/22,,bluedart,Delivered
6832,8681,11/09/22,,dhl,Delivered
6833,4035,25/04/20,,bluedart,Delivered
6834,20611,24/08/23,,fedex,Delivered
6835,11184,10/04/23,,dhl,In Transit
6836,17481,13/07/21,,dhl,Delivered
6837,2514,24/02/22,,fedex,Delivered
6838,7477,18/10/23,,dhl,Cancelled
6839,685,07/12/22,,bluedart,Delivered
6840,3431,16/10/23,,bluedart,Delivered
6841,8304,29/12/23,,fedex,In Transit
6842,2133,09/12/23,,fedex,In Transit
6843,10059,06/06/22,,fedex,In Transit
6844,19936,28/01/23,,fedex,Cancelled
6845,11934,07/11/21,,bluedart,Delivered
6846,17467,20/11/20,,fedex,Delivered
6847,8080,12/08/23,,fedex,Delivered
6848,15474,22/04/23,,fedex,Delivered
6849,19841,04/12/22,,dhl,Delivered
6850,3395,23/05/21,,ups,In Transit
6851,9,07/03/21,,fedex,Cancelled
6852,4367,18/12/23,,fedex,Delivered
6853,1814,23/02/23,,bluedart,Delivered
6854,15320,25/05/22,,fedex,Delivered
6855,13888,15/12/23,,bluedart,In Transit
6856,7053,23/11/22,,fedex,In Transit
6857,132,09/01/22,,ups,Delivered
6858,18797,29/02/20,,fedex,In Transit
6859,7071,05/05/20,,dhl,In Transit
6860,13567,09/12/22,,bluedart,Delivered
6861,154,21/05/23,,bluedart,In Transit
6862,9037,09/05/21,,dhl,In Transit
6863,3504,25/12/22,,fedex,Cancelled
6864,10250,19/07/22,30/07/22,bluedart,Returned
6865,3444,26/04/23,,usps,In Transit
6866,6034,18/04/22,,bluedart,Delivered
6867,3412,22/09/23,,fedex,In Transit
6868,19473,18/03/20,,fedex,In Transit
6869,2279,04/12/23,,usps,In Transit
6870,18943,31/05/22,,ups,In Transit
6871,12978,15/09/20,,dhl,In Transit
6872,11683,21/06/23,,fedex,Delivered
6873,5004,28/03/22,,dhl,Delivered
6874,12431,18/01/20,,fedex,In Transit
6875,287,26/02/22,,fedex,In Transit
6876,10205,02/03/23,,ups,In Transit
6877,11401,12/12/23,,fedex,Delivered
6878,7429,15/10/23,,fedex,In Transit
6879,11679,31/12/20,,dhl,Delivered
6880,15085,31/12/22,,dhl,Delivered
6881,19771,30/01/20,,ups,In Transit
6882,16785,14/09/23,,dhl,Delivered
6883,21172,15/05/21,,bluedart,Delivered
6884,13738,19/03/20,,ups,Delivered
6885,8691,27/12/22,,fedex,Delivered
6886,12708,11/05/23,,dhl,Delivered
6887,13899,18/05/21,,fedex,Delivered
6888,14587,21/01/23,,dhl,In Transit
6889,5278,01/08/22,,fedex,Delivered
6890,10244,04/01/20,,dhl,In Transit
6891,17616,22/01/20,,fedex,Delivered
6892,3979,04/10/23,,ups,Delivered
6893,10255,16/01/20,,fedex,Delivered
6894,9571,10/08/20,,fedex,Delivered
6895,1624,15/10/21,,ups,In Transit
6896,13321,12/05/21,,usps,In Transit
6897,20079,07/03/20,,ups,Delivered
6898,17180,10/11/22,,fedex,Delivered
6899,17678,26/03/20,,bluedart,Delivered
6900,11348,04/12/20,,bluedart,Delivered
6901,17366,18/01/21,,fedex,Delivered
6902,6774,21/06/23,,fedex,In Transit
6903,14622,10/11/22,,fedex,In Transit
6904,9635,09/01/21,,fedex,Delivered
6905,12137,08/06/21,,fedex,In Transit
6906,1305,26/03/21,,fedex,In Transit
6907,7403,05/09/22,,fedex,Delivered
6908,14124,23/03/22,,ups,In Transit
6909,12325,31/03/22,,ups,Delivered
6910,321,20/01/21,,bluedart,Delivered
6911,21568,26/08/21,,dhl,Delivered
6912,20157,02/10/22,,fedex,Delivered
6913,16149,24/02/20,,fedex,Delivered
6914,4734,12/09/20,,usps,Delivered
6915,4232,30/11/22,05/12/22,fedex,Returned
6916,1629,20/03/21,,usps,In Transit
6917,7169,19/11/20,,dhl,Delivered
6918,10176,04/10/21,,fedex,In Transit
6919,6504,11/06/23,,fedex,In Transit
6920,20798,27/05/21,,fedex,In Transit
6921,17051,26/05/20,,usps,In Transit
6922,13805,01/12/21,,fedex,Delivered
6923,14280,31/08/22,,bluedart,Delivered
6924,16864,13/07/22,,fedex,In Transit
6925,11699,25/02/21,,fedex,Delivered
6926,17769,29/01/22,,fedex,Delivered
6927,6276,07/01/23,,fedex,In Transit
6928,16543,28/06/22,,usps,Delivered
6929,20555,29/03/20,,fedex,Delivered
6930,7956,18/09/23,,fedex,In Transit
6931,17145,11/06/21,,bluedart,In Transit
6932,18805,04/06/21,,bluedart,Delivered
6933,1298,09/07/23,,fedex,Delivered
6934,18698,23/11/21,,usps,Delivered
6935,7313,20/01/23,,ups,Delivered
6936,14346,30/01/23,20/02/23,fedex,Returned
6937,5209,01/11/21,,fedex,Delivered
6938,4480,11/09/21,,bluedart,Delivered
6939,15849,04/02/21,,fedex,In Transit
6940,7379,04/03/22,,fedex,Delivered
6941,18201,03/11/23,,fedex,Delivered
6942,4412,10/05/22,,bluedart,In Transit
6943,3450,26/09/22,,usps,In Transit
6944,19140,28/06/22,,fedex,Cancelled
6945,13065,04/01/22,,fedex,Cancelled
6946,3209,09/08/23,,dhl,In Transit
6947,2390,28/07/20,,fedex,In Transit
6948,12104,13/11/23,,dhl,Delivered
6949,18782,30/12/21,,fedex,In Transit
6950,9395,04/09/22,,usps,Delivered
6951,118,09/10/20,,fedex,In Transit
6952,2233,04/11/23,,ups,Delivered
6953,3760,11/01/22,,dhl,Delivered
6954,5154,23/09/22,,fedex,In Transit
6955,20071,08/10/23,,usps,Delivered
6956,6807,01/01/24,,dhl,Cancelled
6957,6792,26/04/22,,dhl,In Transit
6958,3863,06/02/22,,bluedart,Delivered
6959,17157,16/02/21,,ups,Delivered
6960,15922,24/02/20,,usps,In Transit
6961,18516,16/12/23,,fedex,In Transit
6962,2242,21/07/22,,ups,Cancelled
6963,13525,21/04/21,,dhl,Cancelled
6964,18799,09/04/22,23/04/22,usps,Returned
6965,17693,26/09/21,,dhl,Delivered
6966,8933,03/06/20,,fedex,In Transit
6967,19265,20/03/23,,fedex,Delivered
6968,19465,18/11/22,,bluedart,In Transit
6969,5893,19/02/22,,ups,In Transit
6970,3807,20/11/21,,fedex,In Transit
6971,7750,11/08/22,,fedex,In Transit
6972,7869,18/10/22,,dhl,Delivered
6973,1465,03/10/23,,fedex,Cancelled
6974,18221,09/11/22,,fedex,In Transit
6975,4240,28/06/22,,dhl,Delivered
6976,10936,22/09/21,,dhl,In Transit
6977,6606,07/03/21,,bluedart,In Transit
6978,12082,31/10/22,,fedex,Delivered
6979,3592,14/02/21,,fedex,Delivered
6980,2357,05/09/21,,dhl,In Transit
6981,14295,22/03/22,,fedex,Delivered
6982,9942,12/04/21,,fedex,In Transit
6983,19973,09/07/21,,fedex,Delivered
6984,15102,18/07/23,,dhl,Delivered
6985,3433,07/06/22,,ups,In Transit
6986,19716,18/10/23,,dhl,Delivered
6987,4229,06/11/21,,ups,In Transit
6988,2675,04/06/22,,fedex,Delivered
6989,720,30/04/23,,ups,In Transit
6990,5247,07/10/23,,fedex,Delivered
6991,10097,04/03/23,,fedex,In Transit
6992,2902,22/05/21,,fedex,In Transit
6993,19754,11/11/20,,dhl,Delivered
6994,4169,23/03/22,,fedex,In Transit
6995,18769,25/11/21,,bluedart,Delivered
6996,11257,29/03/22,,fedex,Delivered
6997,18192,06/07/21,,fedex,In Transit
6998,2526,05/05/23,,fedex,In Transit
6999,3521,03/08/20,,fedex,Delivered
7000,15925,28/05/21,,fedex,In Transit
7001,1697,25/01/20,,fedex,Delivered
7002,1769,23/09/20,,usps,In Transit
7003,16743,24/01/22,,bluedart,Delivered
7004,20419,02/11/23,,fedex,Delivered
7005,14231,19/07/22,,ups,Delivered
7006,625,03/06/20,,dhl,In Transit
7007,15187,09/04/23,19/04/23,fedex,Returned
7008,13344,16/10/20,,bluedart,In Transit
7009,19899,18/12/21,,bluedart,Delivered
7010,2569,26/03/23,,dhl,Delivered
7011,16289,21/03/22,,bluedart,Cancelled
7012,12570,30/12/20,,fedex,Cancelled
7013,15666,08/07/21,,fedex,Delivered
7014,11629,09/10/23,,fedex,Delivered
7015,650,14/11/22,,dhl,In Transit
7016,2750,09/03/23,,fedex,Delivered
7017,11958,26/09/22,,fedex,In Transit
7018,9923,13/03/21,,dhl,In Transit
7019,9917,15/10/23,,ups,In Transit
7020,4754,11/07/20,,fedex,Cancelled
7021,13930,21/09/23,12/10/23,fedex,Returned
7022,16410,08/11/20,,dhl,Delivered
7023,9621,23/02/23,,usps,In Transit
7024,13798,14/12/22,,fedex,In Transit
7025,9989,12/08/20,,ups,In Transit
7026,18832,22/02/20,,fedex,Cancelled
7027,14090,07/07/22,,dhl,Cancelled
7028,11762,10/08/20,,fedex,Delivered
7029,7261,24/03/23,,dhl,Cancelled
7030,21584,12/02/20,,fedex,In Transit
7031,10298,28/02/20,,ups,In Transit
7032,1271,14/06/21,,fedex,Delivered
7033,16506,16/11/22,,dhl,Delivered
7034,12558,21/01/21,,fedex,Delivered
7035,18083,19/06/20,,ups,In Transit
7036,15786,08/01/22,27/01/22,bluedart,Returned
7037,5179,14/10/23,25/10/23,dhl,Returned
7038,15819,18/01/23,,fedex,Delivered
7039,14533,28/09/21,,fedex,Delivered
7040,21086,09/12/23,,ups,Delivered
7041,5524,18/01/23,,fedex,Delivered
7042,20781,11/08/20,,fedex,In Transit
7043,9214,10/08/22,,fedex,In Transit
7044,13256,13/03/22,,ups,Delivered
7045,6260,08/04/23,,fedex,Cancelled
7046,12095,21/09/23,,ups,Delivered
7047,12573,03/12/22,,fedex,In Transit
7048,3963,15/12/20,,fedex,In Transit
7049,2194,01/08/22,,bluedart,In Transit
7050,16447,01/07/21,,dhl,Delivered
7051,1381,19/07/21,,fedex,Delivered
7052,2958,03/03/22,,usps,Delivered
7053,4409,17/07/21,,fedex,In Transit
7054,17849,12/02/21,,fedex,In Transit
7055,21520,04/03/20,,fedex,In Transit
7056,5040,06/07/22,,fedex,Delivered
7057,10297,26/02/23,,ups,Delivered
7058,18681,25/04/21,,dhl,In Transit
7059,5074,24/06/20,,dhl,Delivered
7060,19807,18/03/22,,ups,In Transit
7061,17022,22/06/21,,ups,In Transit
7062,10277,15/12/20,,dhl,In Transit
7063,15431,23/03/23,,dhl,In Transit
7064,8740,01/04/20,,usps,Delivered
7065,7104,18/03/20,,bluedart,In Transit
7066,21497,30/09/20,,fedex,In Transit
7067,278,12/01/23,,fedex,Delivered
7068,14182,11/01/22,,dhl,In Transit
7069,4369,01/11/20,,dhl,Delivered
7070,13661,31/01/22,,fedex,Delivered
7071,7471,25/06/21,,usps,In Transit
7072,14353,23/05/22,,usps,In Transit
7073,2049,06/06/20,,bluedart,Delivered
7074,15962,16/10/22,,bluedart,Delivered
7075,6278,17/08/20,,fedex,Delivered
7076,8998,25/02/21,,bluedart,In Transit
7077,8704,23/08/21,,bluedart,Delivered
7078,8045,07/10/20,,usps,In Transit
7079,7539,27/05/23,,fedex,Delivered
7080,1873,22/08/20,,fedex,Delivered
7081,3348,05/02/23,,fedex,Cancelled
7082,3665,23/07/23,,fedex,Delivered
7083,21481,12/06/22,,fedex,In Transit
7084,4217,30/11/21,,bluedart,Delivered
7085,3995,23/06/22,,fedex,Delivered
7086,10071,16/02/22,,fedex,In Transit
7087,20152,14/01/21,,fedex,In Transit
7088,7137,31/12/21,,bluedart,In Transit
7089,3682,01/11/23,,dhl,Delivered
7090,6390,01/03/20,,ups,In Transit
7091,12982,31/08/21,,dhl,Delivered
7092,16197,07/09/23,,fedex,Delivered
7093,16835,24/10/21,,usps,Delivered
7094,8572,15/02/21,,fedex,Delivered
7095,6433,15/12/21,,fedex,Delivered
7096,5296,01/07/22,,bluedart,Delivered
7097,18432,15/12/23,,usps,In Transit
7098,9011,24/03/22,,dhl,In Transit
7099,1013,25/10/21,,dhl,Delivered
7100,1198,08/02/23,,fedex,In Transit
7101,21253,22/01/21,,fedex,Delivered
7102,12740,11/02/21,,usps,In Transit
7103,2594,05/05/23,,bluedart,In Transit
7104,11541,13/05/23,,ups,Delivered
7105,2022,12/07/20,,fedex,In Transit
7106,20589,14/12/21,,ups,Delivered
7107,8564,02/12/20,,fedex,In Transit
7108,10675,17/02/21,,usps,Delivered
7109,1434,26/10/23,,fedex,Delivered
7110,4049,03/12/20,,ups,Delivered
7111,15923,11/04/23,,fedex,In Transit
7112,577,21/01/22,,fedex,Delivered
7113,7556,25/12/23,,fedex,Delivered
7114,18778,07/01/22,,fedex,Delivered
7115,7725,21/01/20,,fedex,Delivered
7116,4679,08/01/21,,dhl,In Transit
7117,7728,10/08/23,,ups,Delivered
7118,12688,22/01/21,,ups,Delivered
7119,17718,18/06/21,,dhl,Delivered
7120,4400,19/11/20,,bluedart,Delivered
7121,21628,03/10/21,,dhl,Delivered
7122,7684,19/07/23,,dhl,Cancelled
7123,11662,22/06/20,,dhl,In Transit
7124,878,02/03/23,,bluedart,Cancelled
7125,11286,19/04/23,,bluedart,Delivered
7126,3181,19/05/20,,fedex,Delivered
7127,455,29/06/23,,fedex,Delivered
7128,6737,24/08/21,,usps,Cancelled
7129,9354,29/01/23,,usps,In Transit
7130,5312,28/07/22,,bluedart,Delivered
7131,4268,10/01/22,,usps,Delivered
7132,3706,13/10/22,,fedex,Delivered
7133,9795,09/11/22,,dhl,In Transit
7134,12088,03/08/23,,fedex,In Transit
7135,11850,23/09/22,,fedex,In Transit
7136,11877,01/01/21,,usps,Delivered
7137,6305,19/03/20,,bluedart,Delivered
7138,7007,14/10/20,27/10/20,dhl,Returned
7139,20096,10/06/22,,bluedart,Delivered
7140,16751,27/08/21,,fedex,Delivered
7141,7441,12/02/22,,fedex,In Transit
7142,1886,05/09/20,,fedex,In Transit
7143,16670,06/07/20,,fedex,Delivered
7144,14466,18/04/23,,fedex,In Transit
7145,20377,08/07/21,,fedex,Delivered
7146,13519,25/10/21,,usps,Delivered
7147,9650,11/05/21,,ups,In Transit
7148,7463,27/04/22,,fedex,Delivered
7149,8401,09/09/23,,ups,In Transit
7150,9417,28/08/23,,dhl,In Transit
7151,17335,19/01/20,,fedex,In Transit
7152,10165,20/02/23,,fedex,Delivered
7153,2599,13/02/20,,bluedart,In Transit
7154,6356,09/01/20,,usps,Delivered
7155,19990,29/02/20,,fedex,Delivered
7156,14774,21/07/20,,fedex,In Transit
7157,16297,05/11/23,,fedex,Delivered
7158,10164,21/03/20,,dhl,In Transit
7159,13251,02/02/23,,fedex,Delivered
7160,392,25/03/22,,fedex,Delivered
7161,2835,07/04/22,,bluedart,Delivered
7162,8566,23/05/23,,fedex,In Transit
7163,19292,27/07/20,,fedex,Delivered
7164,15396,05/02/20,,fedex,Delivered
7165,255,04/03/23,,fedex,Delivered
7166,8655,23/06/22,,ups,Delivered
7167,11335,13/09/21,,fedex,Delivered
7168,2775,10/03/23,,bluedart,Cancelled
7169,4403,14/10/22,,bluedart,In Transit
7170,2092,02/06/23,,dhl,Cancelled
7171,1846,21/05/23,,fedex,In Transit
7172,4853,08/10/22,,fedex,Cancelled
7173,20461,09/07/20,,dhl,Delivered
7174,16312,13/04/23,,dhl,Delivered
7175,2488,07/08/20,,bluedart,In Transit
7176,16998,19/10/22,,fedex,Delivered
7177,17346,05/12/21,,dhl,In Transit
7178,4474,21/01/20,,dhl,Delivered
7179,17817,23/04/22,,bluedart,Cancelled
7180,14982,21/12/23,,usps,Delivered
7181,13161,27/09/20,,usps,Cancelled
7182,21219,22/12/21,,bluedart,Delivered
7183,7296,05/04/22,,usps,In Transit
7184,16723,02/01/22,,fedex,Delivered
7185,7253,15/08/22,,usps,In Transit
7186,20753,02/07/21,,ups,In Transit
7187,15060,04/02/22,,fedex,Cancelled
7188,13821,22/05/23,,dhl,Delivered
7189,12556,21/10/23,,ups,Delivered
7190,7687,25/09/21,,fedex,Delivered
7191,306,20/07/22,,bluedart,Delivered
7192,12078,27/08/23,,dhl,Delivered
7193,13501,16/01/23,,usps,In Transit
7194,397,12/11/21,,fedex,Delivered
7195,21075,18/05/21,,bluedart,Delivered
7196,4292,06/09/20,,fedex,Delivered
7197,6377,09/02/22,,fedex,In Transit
7198,10687,25/08/22,,fedex,Delivered
7199,15621,23/12/20,,fedex,In Transit
7200,18893,13/04/21,01/05/21,fedex,Returned
7201,9560,20/07/23,,dhl,Delivered
7202,10451,25/08/22,,dhl,In Transit
7203,5410,16/09/21,,fedex,Delivered
7204,2929,04/10/22,,ups,Delivered
7205,13008,10/12/20,,fedex,Cancelled
7206,786,06/02/20,,usps,In Transit
7207,21098,24/05/22,,dhl,In Transit
7208,18571,04/10/20,,fedex,Cancelled
7209,3017,09/05/22,30/05/22,fedex,Returned
7210,14451,12/08/22,,bluedart,In Transit
7211,15113,22/12/21,,dhl,Delivered
7212,14035,09/12/22,,fedex,In Transit
7213,12551,01/05/23,,ups,Delivered
7214,9523,02/10/21,,dhl,Delivered
7215,8680,12/03/23,,fedex,Cancelled
7216,13659,13/05/20,,dhl,Delivered
7217,12250,09/05/21,,dhl,Delivered
7218,10460,08/10/20,,usps,Delivered
7219,11350,02/11/22,,usps,Delivered
7220,20540,07/07/20,,dhl,Delivered
7221,3455,22/12/23,,usps,Cancelled
7222,8078,02/09/22,,bluedart,In Transit
7223,8638,12/05/20,,fedex,In Transit
7224,5022,15/09/22,,fedex,Delivered
7225,16162,07/11/21,,dhl,In Transit
7226,14577,14/09/21,,usps,In Transit
7227,13510,03/12/22,,fedex,In Transit
7228,5653,17/04/21,,fedex,Delivered
7229,20436,09/05/21,,fedex,Delivered
7230,10335,02/08/21,,dhl,In Transit
7231,6921,05/03/23,,fedex,Delivered
7232,12037,13/08/20,,dhl,In Transit
7233,8201,25/05/23,,dhl,In Transit
7234,11450,05/10/20,,fedex,Delivered
7235,13881,25/08/23,,fedex,Delivered
7236,17669,11/05/22,,fedex,Delivered
7237,17839,16/10/20,,fedex,Delivered
7238,12132,23/01/20,,fedex,In Transit
7239,10814,01/06/20,,fedex,Delivered
7240,6865,26/05/21,,dhl,In Transit
7241,12418,25/10/22,,fedex,Delivered
7242,13469,19/02/21,,usps,In Transit
7243,18733,13/05/21,,dhl,Delivered
7244,5897,03/09/21,22/09/21,usps,Returned
7245,16901,12/11/20,,fedex,Delivered
7246,19787,18/12/23,,fedex,Delivered
7247,2721,20/08/22,,dhl,Delivered
7248,6822,29/09/21,,dhl,In Transit
7249,15090,16/09/23,,usps,Delivered
7250,1079,24/03/22,,ups,Delivered
7251,9052,10/05/20,,ups,Delivered
7252,18659,12/11/20,,fedex,Delivered
7253,20091,01/10/20,,dhl,Delivered
7254,3254,29/11/20,,fedex,In Transit
7255,21128,14/11/20,,ups,Cancelled
7256,9483,27/07/20,,usps,In Transit
7257,17478,06/07/20,,bluedart,In Transit
7258,17252,26/03/22,,fedex,In Transit
7259,9061,14/08/22,,fedex,In Transit
7260,19808,25/11/20,,fedex,Delivered
7261,14870,05/11/23,,fedex,Delivered
7262,19418,14/05/23,,fedex,In Transit
7263,3842,06/12/20,,usps,In Transit
7264,17578,22/05/20,,fedex,Delivered
7265,20876,10/03/22,,bluedart,Delivered
7266,5438,05/09/22,,fedex,In Transit
7267,15303,18/05/21,,ups,In Transit
7268,13734,08/05/20,,fedex,Delivered
7269,7933,14/05/20,,fedex,Delivered
7270,3226,05/06/23,,fedex,Delivered
7271,620,03/03/23,,fedex,In Transit
7272,11954,06/11/22,,dhl,Delivered
7273,11014,09/06/20,,dhl,In Transit
7274,5588,03/03/20,,fedex,In Transit
7275,7022,13/01/21,,fedex,Delivered
7276,7742,26/01/20,,fedex,In Transit
7277,18218,13/08/22,,ups,Delivered
7278,85,18/02/21,,bluedart,In Transit
7279,14385,12/02/21,,usps,Delivered
7280,6001,26/05/22,,fedex,Delivered
7281,3606,10/01/20,,usps,Delivered
7282,7059,16/12/20,,fedex,In Transit
7283,11398,03/02/20,,fedex,Delivered
7284,10045,03/10/23,,ups,Delivered
7285,1443,25/09/22,,fedex,Delivered
7286,14322,13/07/20,,ups,Delivered
7287,13202,06/04/22,,fedex,Delivered
7288,13267,15/06/21,,ups,Delivered
7289,1969,18/06/22,,fedex,Delivered
7290,18222,06/01/20,,dhl,Delivered
7291,8802,14/03/22,,fedex,Delivered
7292,3821,29/04/21,,fedex,Delivered
7293,7948,27/12/21,,dhl,In Transit
7294,20263,10/11/21,,dhl,In Transit
7295,510,14/05/20,,ups,Delivered
7296,10169,03/09/21,,fedex,Cancelled
7297,6197,28/08/23,,bluedart,Delivered
7298,18707,23/04/22,,fedex,In Transit
7299,4978,30/10/22,,ups,In Transit
7300,14440,24/06/22,,fedex,Delivered
7301,11896,26/06/20,,fedex,Delivered
7302,9677,20/03/23,,fedex,In Transit
7303,14846,20/10/23,,dhl,In Transit
7304,6077,03/10/23,,ups,Delivered
7305,4758,23/08/20,,fedex,In Transit
7306,3895,07/12/22,,bluedart,In Transit
7307,7319,11/05/22,,fedex,In Transit
7308,3066,08/05/20,,fedex,In Transit
7309,13937,15/06/21,,fedex,In Transit
7310,15916,10/10/22,,fedex,In Transit
7311,8748,20/08/21,,fedex,Delivered
7312,8036,23/05/22,,bluedart,Delivered
7313,16478,06/06/20,,dhl,Delivered
7314,7567,30/03/23,,bluedart,Delivered
7315,2462,08/04/21,,dhl,Delivered
7316,13054,23/01/23,,fedex,Delivered
7317,18763,31/07/21,,fedex,Delivered
7318,13935,17/07/23,,fedex,Delivered
7319,19505,15/10/21,,bluedart,Delivered
7320,10512,10/12/20,,fedex,Delivered
7321,15729,10/05/21,,fedex,Delivered
7322,17893,02/03/20,,fedex,In Transit
7323,7027,03/05/21,,fedex,Delivered
7324,16389,14/06/22,,fedex,Delivered
7325,15220,28/11/21,,bluedart,Delivered
7326,3877,01/08/20,,fedex,Cancelled
7327,14286,29/12/23,,dhl,In Transit
7328,14539,26/06/22,,dhl,Delivered
7329,4248,13/11/23,,ups,Cancelled
7330,11880,05/01/22,,bluedart,Delivered
7331,2865,16/01/21,,bluedart,Delivered
7332,750,21/11/20,,fedex,In Transit
7333,17992,13/10/21,,ups,Cancelled
7334,12626,27/02/21,,fedex,Cancelled
7335,9290,21/07/20,,usps,Delivered
7336,19499,09/01/23,,ups,Delivered
7337,9556,07/10/20,,usps,Delivered
7338,15000,08/03/20,,fedex,In Transit
7339,19540,20/07/23,,bluedart,In Transit
7340,5912,01/05/23,,fedex,Delivered
7341,13533,07/06/21,,dhl,In Transit
7342,1290,24/01/22,,bluedart,Delivered
7343,17926,06/07/20,,fedex,In Transit
7344,19948,01/08/21,,fedex,In Transit
7345,18461,24/05/22,,fedex,In Transit
7346,20605,04/10/21,,fedex,Delivered
7347,12609,22/10/22,,fedex,In Transit
7348,8153,24/11/23,16/12/23,fedex,Returned
7349,18073,31/07/21,,bluedart,Cancelled
7350,11616,25/11/21,,fedex,Delivered
7351,20705,09/02/21,,fedex,Delivered
7352,8408,02/08/23,,fedex,Delivered
7353,2948,18/04/22,,dhl,Delivered
7354,1836,06/03/22,,fedex,Delivered
7355,11961,15/05/20,,fedex,In Transit
7356,11716,23/10/22,,fedex,Delivered
7357,719,22/02/22,,dhl,Delivered
7358,13532,17/04/23,,dhl,Delivered
7359,10368,04/04/22,,dhl,Delivered
7360,20941,12/05/23,,fedex,In Transit
7361,2972,11/04/22,,fedex,Delivered
7362,4560,23/12/20,,fedex,Delivered
7363,10478,08/08/20,,fedex,In Transit
7364,3265,30/10/22,,bluedart,In Transit
7365,19596,05/01/22,,dhl,Delivered
7366,10816,03/02/21,,dhl,Delivered
7367,8306,02/12/23,,fedex,Cancelled
7368,14619,01/03/21,,ups,Delivered
7369,16011,14/01/22,,dhl,Delivered
7370,16848,05/10/20,,fedex,Cancelled
7371,21233,05/07/22,,dhl,Cancelled
7372,2154,14/06/20,,fedex,Cancelled
7373,13790,25/09/21,,usps,In Transit
7374,9180,17/06/23,,fedex,Delivered
7375,18570,03/07/21,,ups,In Transit
7376,15768,03/12/21,,bluedart,In Transit
7377,6547,20/01/21,,usps,Delivered
7378,19817,25/07/21,,ups,Delivered
7379,442,09/07/21,,dhl,In Transit
7380,15327,26/10/22,,fedex,In Transit
7381,858,30/03/21,,usps,Delivered
7382,8662,08/01/23,,fedex,Delivered
7383,2268,14/06/21,,fedex,Delivered
7384,4503,26/04/21,,bluedart,Delivered
7385,16438,09/01/21,,fedex,Delivered
7386,5435,04/11/20,,bluedart,In Transit
7387,12253,07/09/21,,usps,Delivered
7388,1649,01/09/22,,fedex,Delivered
7389,3635,08/12/20,,dhl,Delivered
7390,1986,14/05/22,,fedex,Delivered
7391,10287,08/09/23,,ups,Delivered
7392,11769,18/08/21,,bluedart,In Transit
7393,14075,12/05/23,,ups,Delivered
7394,8884,26/04/20,,bluedart,Delivered
7395,49,22/09/21,,dhl,Delivered
7396,10179,31/07/21,,bluedart,Delivered
7397,2463,06/08/21,,dhl,Delivered
7398,10006,19/08/22,,fedex,Delivered
7399,20290,13/11/20,,fedex,Delivered
7400,13849,04/08/21,,dhl,Delivered
7401,15556,11/07/21,,fedex,In Transit
7402,17554,18/09/21,,ups,Delivered
7403,12141,28/10/22,,bluedart,In Transit
7404,17650,29/11/23,,fedex,Delivered
7405,13285,02/05/20,,bluedart,In Transit
7406,19280,01/12/20,,bluedart,Delivered
7407,17255,24/10/22,,fedex,Cancelled
7408,14758,12/08/22,,dhl,In Transit
7409,6060,04/08/23,,dhl,Delivered
7410,20891,31/08/21,,fedex,In Transit
7411,17630,22/11/23,,fedex,Delivered
7412,12438,17/09/20,,fedex,Delivered
7413,2960,15/08/22,,fedex,Delivered
7414,7424,23/07/21,,usps,In Transit
7415,2149,04/02/21,,bluedart,In Transit
7416,2181,06/05/22,,fedex,Delivered
7417,4419,11/04/20,,ups,Delivered
7418,12060,16/12/21,,fedex,Delivered
7419,3502,25/12/22,15/01/23,bluedart,Returned
7420,9850,02/08/23,,fedex,In Transit
7421,20291,15/12/23,,fedex,Delivered
7422,5836,15/02/22,,ups,Delivered
7423,1844,25/07/20,,fedex,Cancelled
7424,20793,14/11/22,,bluedart,Delivered
7425,16554,17/11/21,,fedex,Delivered
7426,20014,15/03/20,,fedex,Cancelled
7427,9705,13/04/21,,bluedart,Delivered
7428,9268,16/04/22,,fedex,In Transit
7429,6477,09/12/20,,bluedart,Delivered
7430,10340,27/09/22,22/10/22,dhl,Returned
7431,7895,21/03/21,,fedex,In Transit
7432,5115,28/07/23,,dhl,Delivered
7433,6366,27/11/22,,dhl,Delivered
7434,18165,25/08/23,,dhl,In Transit
7435,12323,29/01/23,,ups,Cancelled
7436,8851,23/09/23,,fedex,Delivered
7437,20037,02/02/22,,fedex,Delivered
7438,8919,01/01/24,,dhl,In Transit
7439,14197,10/06/20,,usps,Delivered
7440,16961,25/05/22,,ups,Delivered
7441,3901,27/01/23,,usps,In Transit
7442,20129,05/09/23,,dhl,Delivered
7443,9583,02/10/23,,bluedart,Delivered
7444,2760,07/11/23,,fedex,Delivered
7445,3887,16/04/22,,ups,Delivered
7446,5395,31/05/21,,usps,Delivered
7447,17872,30/10/20,,fedex,Delivered
7448,4466,05/05/20,,fedex,In Transit
7449,11730,08/05/21,,fedex,In Transit
7450,13365,20/06/20,,ups,Delivered
7451,21235,17/08/21,,bluedart,Delivered
7452,16431,22/04/22,,ups,Delivered
7453,18007,20/11/22,,bluedart,Delivered
7454,8901,05/09/20,,ups,Delivered
7455,5910,19/02/22,,dhl,Cancelled
7456,15636,27/04/23,,fedex,Delivered
7457,6499,21/06/22,,bluedart,In Transit
7458,2345,31/08/22,,dhl,Delivered
7459,6092,27/12/23,,dhl,Delivered
7460,12757,31/08/20,,fedex,Cancelled
7461,7013,28/03/23,,fedex,Delivered
7462,4591,26/04/22,,ups,Delivered
7463,15411,23/03/23,,dhl,Delivered
7464,18480,14/03/21,,fedex,In Transit
7465,8921,06/12/20,,bluedart,Delivered
7466,19700,01/12/20,,fedex,In Transit
7467,11077,01/07/22,,dhl,Delivered
7468,14697,30/08/22,,fedex,Delivered
7469,13686,09/11/21,,fedex,In Transit
7470,18626,12/02/22,,bluedart,Delivered
7471,13182,03/08/22,,ups,Delivered
7472,18974,26/12/20,,dhl,Delivered
7473,6573,10/09/22,,bluedart,Delivered
7474,9243,25/11/23,,fedex,Delivered
7475,10883,18/05/20,,fedex,Delivered
7476,1066,06/08/21,,fedex,In Transit
7477,6007,09/10/20,,fedex,Cancelled
7478,7889,29/02/20,,dhl,Delivered
7479,20448,09/08/23,,fedex,Delivered
7480,4337,03/08/22,,fedex,In Transit
7481,11044,07/12/21,,ups,In Transit
7482,20523,04/06/21,,usps,Delivered
7483,3647,11/08/23,,bluedart,Cancelled
7484,16948,13/02/22,,fedex,In Transit
7485,15837,15/11/22,,dhl,Delivered
7486,3574,21/04/21,,ups,Delivered
7487,435,20/04/21,,dhl,In Transit
7488,20004,12/10/22,,usps,Delivered
7489,15360,01/06/21,,fedex,Delivered
7490,3421,04/08/22,,usps,Delivered
7491,20300,14/05/20,,fedex,Delivered
7492,12970,15/02/23,,bluedart,Delivered
7493,10663,15/12/22,,fedex,Delivered
7494,2459,17/12/21,,fedex,Delivered
7495,5611,12/05/20,,fedex,Delivered
7496,14437,20/02/20,,ups,Delivered
7497,4302,09/01/23,,fedex,In Transit
7498,8258,01/06/22,,dhl,Delivered
7499,10716,15/09/22,,ups,Delivered
7500,2501,16/04/22,,usps,In Transit
7501,15624,24/07/20,,fedex,Delivered
7502,15133,21/11/21,,fedex,Delivered
7503,1996,18/06/21,,fedex,In Transit
7504,15973,31/08/21,,fedex,Delivered
7505,6002,02/12/21,,dhl,Delivered
7506,18918,17/03/23,,fedex,In Transit
7507,11843,22/02/21,,fedex,Delivered
7508,6031,10/02/22,,ups,Delivered
7509,17191,11/08/22,,fedex,In Transit
7510,11657,02/01/21,,fedex,In Transit
7511,10027,19/12/21,,fedex,In Transit
7512,3614,15/07/23,,fedex,In Transit
7513,9831,23/12/23,,dhl,Delivered
7514,10767,25/03/20,,fedex,Delivered
7515,9202,10/12/21,,bluedart,Delivered
7516,19269,30/11/22,,fedex,Delivered
7517,3259,22/02/22,,usps,Delivered
7518,3418,09/01/20,,fedex,Delivered
7519,18425,15/03/21,,fedex,In Transit
7520,1765,04/10/22,,bluedart,Delivered
7521,890,30/07/21,,fedex,Delivered
7522,4088,22/06/21,,usps,In Transit
7523,18403,18/04/21,,fedex,In Transit
7524,21147,22/01/21,,fedex,Delivered
7525,9542,14/06/21,,dhl,In Transit
7526,5011,29/04/22,,usps,Delivered
7527,12503,12/05/20,,bluedart,In Transit
7528,10744,01/07/21,,ups,In Transit
7529,1226,21/06/23,,ups,In Transit
7530,5525,27/11/22,,fedex,Delivered
7531,21084,23/11/21,,fedex,In Transit
7532,9438,29/11/23,,dhl,In Transit
7533,3927,07/11/20,,usps,Delivered
7534,9632,26/01/20,,usps,Delivered
7535,3272,17/05/20,,usps,Delivered
7536,14584,25/04/21,,fedex,Cancelled
7537,17261,10/02/22,,fedex,Delivered
7538,1537,14/04/20,,dhl,In Transit
7539,21310,20/03/23,,fedex,Delivered
7540,5420,15/02/20,,dhl,In Transit
7541,6069,12/04/23,,dhl,In Transit
7542,5451,19/04/22,,dhl,Delivered
7543,2753,12/09/20,,fedex,In Transit
7544,6100,28/10/23,,fedex,Delivered
7545,439,14/10/21,,dhl,Delivered
7546,1511,30/08/20,,dhl,In Transit
7547,10025,21/05/21,,dhl,In Transit
7548,13157,14/05/23,,dhl,Delivered
7549,17156,05/07/22,,bluedart,Delivered
7550,11547,28/06/22,,fedex,Delivered
7551,21449,22/01/21,,fedex,Delivered
7552,14824,24/12/22,,dhl,In Transit
7553,18505,31/05/21,,bluedart,Delivered
7554,2978,03/09/22,,ups,Delivered
7555,16986,29/08/20,,dhl,Cancelled
7556,1368,30/08/23,,fedex,Cancelled
7557,18429,18/08/22,,fedex,In Transit
7558,5332,13/11/22,,usps,In Transit
7559,6574,18/05/22,,usps,Delivered
7560,13818,17/08/22,,usps,Delivered
7561,9979,28/06/23,,fedex,In Transit
7562,18910,14/04/20,,ups,In Transit
7563,6227,05/07/21,,bluedart,Delivered
7564,977,19/04/23,,bluedart,In Transit
7565,3579,17/05/22,,dhl,In Transit
7566,18756,06/05/22,,fedex,Delivered
7567,5373,08/03/23,,fedex,Delivered
7568,4929,02/05/20,,dhl,Delivered
7569,3898,14/12/21,,bluedart,In Transit
7570,4611,15/01/23,,dhl,In Transit
7571,10426,10/01/20,,fedex,In Transit
7572,20430,17/04/20,,fedex,In Transit
7573,13022,17/10/22,,ups,Delivered
7574,2010,15/08/20,,fedex,Delivered
7575,6011,18/01/21,,bluedart,In Transit
7576,7762,01/04/20,,fedex,Delivered
7577,1211,09/01/23,,fedex,In Transit
7578,18348,13/07/23,,fedex,Delivered
7579,19687,12/03/21,,fedex,In Transit
7580,11668,21/12/22,,fedex,Delivered
7581,19235,17/05/22,,dhl,Delivered
7582,5714,21/09/23,,dhl,Delivered
7583,2677,25/09/22,,usps,In Transit
7584,7133,28/11/23,,fedex,Delivered
7585,14465,14/11/22,,bluedart,Delivered
7586,2290,19/10/22,,fedex,In Transit
7587,13083,24/06/20,,dhl,In Transit
7588,18152,24/05/21,,fedex,In Transit
7589,4224,25/01/21,,ups,In Transit
7590,8837,26/04/20,,fedex,Delivered
7591,19570,08/01/23,,ups,Delivered
7592,5016,06/03/22,,dhl,Delivered
7593,9604,30/09/21,24/10/21,bluedart,Returned
7594,6491,08/08/20,,fedex,In Transit
7595,19640,05/01/23,,bluedart,Delivered
7596,7409,17/05/21,,ups,In Transit
7597,11328,26/04/22,,ups,In Transit
7598,10599,12/06/23,,dhl,Cancelled
7599,12297,10/05/23,,fedex,In Transit
7600,15347,24/11/22,,fedex,Delivered
7601,10594,02/12/20,,ups,Cancelled
7602,6062,10/11/21,,fedex,Delivered
7603,18426,03/03/23,,bluedart,In Transit
7604,8906,15/08/23,,fedex,Delivered
7605,339,17/11/22,,ups,Delivered
7606,402,14/05/23,,dhl,Delivered
7607,8659,06/09/23,,dhl,In Transit
7608,20177,01/07/22,,fedex,Delivered
7609,18638,08/09/21,,fedex,Delivered
7610,16588,27/05/20,,fedex,In Transit
7611,12782,07/07/22,,fedex,In Transit
7612,4927,06/02/23,,fedex,Delivered
7613,8868,06/11/22,,ups,In Transit
7614,14423,04/08/22,,ups,Delivered
7615,5536,24/01/22,,dhl,In Transit
7616,8237,13/01/21,,fedex,In Transit
7617,2122,03/05/20,,fedex,Delivered
7618,18922,19/06/23,,fedex,Delivered
7619,19884,04/03/23,,ups,In Transit
7620,562,10/09/20,,fedex,Delivered
7621,12155,31/05/22,,dhl,Delivered
7622,6947,07/01/23,,ups,In Transit
7623,21505,14/05/23,,bluedart,In Transit
7624,16729,21/11/20,,ups,Delivered
7625,19908,04/11/23,,ups,In Transit
7626,523,28/07/23,,fedex,Delivered
7627,17476,23/09/23,,dhl,Delivered
7628,7843,20/05/22,,usps,Delivered
7629,6718,10/04/22,,fedex,In Transit
7630,1340,01/02/21,,dhl,In Transit
7631,17015,15/09/20,,dhl,Delivered
7632,19642,19/01/21,,fedex,Delivered
7633,21437,27/05/21,,fedex,Delivered
7634,3300,27/01/23,,ups,In Transit
7635,11728,11/12/23,,ups,In Transit
7636,7491,23/05/22,,ups,Delivered
7637,16027,23/01/20,,usps,In Transit
7638,8698,01/03/22,,fedex,Delivered
7639,17972,16/04/21,,ups,Delivered
7640,17986,23/07/21,,fedex,In Transit
7641,802,16/08/23,,fedex,Delivered
7642,7784,23/09/23,,fedex,Delivered
7643,658,24/05/21,,fedex,In Transit
7644,12791,06/12/20,,fedex,Delivered
7645,16134,12/08/22,,fedex,Delivered
7646,12835,23/06/21,,bluedart,Delivered
7647,16373,03/11/20,,dhl,In Transit
7648,18402,23/10/22,,fedex,Delivered
7649,17353,25/10/22,,bluedart,Delivered
7650,6561,26/05/21,,fedex,Delivered
7651,14867,08/04/20,,fedex,Delivered
7652,9928,24/07/22,,dhl,In Transit
7653,19536,02/02/22,27/02/22,dhl,Returned
7654,3725,01/11/21,,fedex,Delivered
7655,9958,10/10/22,,dhl,Delivered
7656,7408,20/02/21,,ups,In Transit
7657,13320,01/02/20,,fedex,Delivered
7658,17072,05/06/23,,usps,Delivered
7659,2206,20/04/21,,dhl,In Transit
7660,18176,19/10/22,,fedex,Delivered
7661,18210,27/02/20,,fedex,Cancelled
7662,3936,16/06/21,,fedex,Delivered
7663,12400,12/03/23,,bluedart,In Transit
7664,11071,08/10/23,,fedex,Delivered
7665,2266,08/11/21,,fedex,Delivered
7666,6006,06/04/21,,fedex,Delivered
7667,2079,02/07/22,,bluedart,Delivered
7668,16642,06/12/22,,bluedart,Delivered
7669,3059,20/12/21,,usps,Delivered
7670,21523,24/08/23,,fedex,Cancelled
7671,16271,23/02/20,,fedex,Delivered
7672,21243,15/01/23,,dhl,Delivered
7673,20862,19/06/20,,ups,Delivered
7674,8747,11/04/20,,fedex,Delivered
7675,18462,21/02/22,,usps,Delivered
7676,14642,01/10/20,,fedex,Delivered
7677,1099,28/05/22,,fedex,Delivered
7678,17322,02/02/21,,dhl,Delivered
7679,8473,20/01/22,,dhl,Delivered
7680,9874,18/12/23,,fedex,Delivered
7681,13585,08/06/20,,dhl,In Transit
7682,14941,10/04/21,,fedex,In Transit
7683,14340,09/08/22,,dhl,Delivered
7684,16068,10/09/23,,ups,Delivered
7685,13921,17/08/23,,fedex,Cancelled
7686,9807,09/03/23,,fedex,In Transit
7687,13270,15/09/21,,bluedart,In Transit
7688,1460,21/08/23,,dhl,Delivered
7689,2845,15/07/22,,usps,Delivered
7690,1448,18/10/23,,fedex,Delivered
7691,8205,16/11/21,,fedex,Delivered
7692,10173,27/07/22,,ups,Delivered
7693,10532,30/12/23,,fedex,In Transit
7694,17316,31/08/22,,usps,Cancelled
7695,6996,30/08/21,,dhl,Delivered
7696,527,18/09/22,,ups,Cancelled
7697,820,08/05/21,,fedex,In Transit
7698,792,26/06/20,,fedex,In Transit
7699,1472,19/12/21,,fedex,Delivered
7700,2261,13/10/20,06/11/20,fedex,Returned
7701,5508,27/04/22,,fedex,Delivered
7702,14522,05/03/23,,ups,Delivered
7703,13556,07/01/20,,fedex,Delivered
7704,3158,04/07/22,,dhl,In Transit
7705,753,16/11/22,,fedex,Delivered
7706,2956,15/03/23,,ups,In Transit
7707,13758,08/07/20,,ups,Delivered
7708,1757,11/11/22,,fedex,Delivered
7709,6739,23/12/23,,fedex,In Transit
7710,2385,15/09/22,,dhl,Cancelled
7711,15114,17/08/21,,bluedart,Cancelled
7712,865,28/05/23,,ups,Delivered
7713,14868,12/06/20,,bluedart,Cancelled
7714,518,08/07/20,,fedex,Delivered
7715,15241,13/10/20,,bluedart,Delivered
7716,16499,25/10/21,,fedex,Cancelled
7717,7637,28/06/20,,dhl,In Transit
7718,21403,25/07/22,,dhl,In Transit
7719,4019,08/10/21,,dhl,Cancelled
7720,16035,07/01/20,,dhl,In Transit
7721,15259,27/11/22,,dhl,Delivered
7722,10151,19/03/21,,ups,In Transit
7723,21540,10/02/23,,bluedart,In Transit
7724,14136,17/02/23,,bluedart,Delivered
7725,18928,13/05/21,,fedex,Delivered
7726,7052,12/11/21,,bluedart,Delivered
7727,4616,21/10/22,,dhl,In Transit
7728,12653,20/02/21,,fedex,Delivered
7729,4293,27/02/22,13/03/22,ups,Returned
7730,15183,14/05/21,,ups,Delivered
7731,180,19/08/20,,fedex,In Transit
7732,4532,07/02/21,,usps,Cancelled
7733,10799,01/05/23,,dhl,Delivered
7734,14032,06/01/20,,fedex,Delivered
7735,20009,10/01/20,,usps,In Transit
7736,11023,18/10/21,,fedex,Delivered
7737,2832,05/10/23,,dhl,In Transit
7738,4234,31/03/20,,usps,Delivered
7739,11236,04/09/23,,fedex,In Transit
7740,4530,03/04/21,,dhl,Cancelled
7741,1437,21/02/20,03/03/20,bluedart,Returned
7742,6228,25/06/23,,dhl,Cancelled
7743,5583,09/02/20,,ups,Delivered
7744,933,03/08/20,,bluedart,In Transit
7745,6173,24/07/21,,ups,Delivered
7746,14598,21/05/21,,usps,Delivered
7747,14149,09/04/22,,fedex,Delivered
7748,17306,09/01/22,,fedex,Cancelled
7749,14292,16/07/23,,dhl,Cancelled
7750,15917,29/12/20,,bluedart,In Transit
7751,4620,13/10/23,,fedex,Delivered
7752,16963,11/11/22,,bluedart,Delivered
7753,14476,08/12/21,,fedex,Delivered
7754,10746,13/10/23,,usps,In Transit
7755,15586,11/06/21,,dhl,Delivered
7756,7723,24/12/22,,fedex,In Transit
7757,12665,02/03/23,,fedex,Delivered
7758,487,28/03/22,02/04/22,dhl,Returned
7759,14879,19/12/22,,ups,In Transit
7760,19659,23/01/22,,dhl,Delivered
7761,616,02/09/22,10/09/22,dhl,Returned
7762,2460,10/03/21,,fedex,Delivered
7763,1416,01/02/21,,bluedart,In Transit
7764,12351,08/01/22,,fedex,Delivered
7765,9760,13/05/22,,fedex,Delivered
7766,796,18/08/22,,fedex,In Transit
7767,16420,06/04/20,,fedex,Delivered
7768,5443,20/10/21,,fedex,In Transit
7769,4079,02/09/22,,fedex,Cancelled
7770,19914,07/06/22,,fedex,In Transit
7771,13143,19/08/20,,dhl,In Transit
7772,18640,11/06/23,,fedex,Delivered
7773,15455,04/06/21,,fedex,Delivered
7774,14272,04/02/20,,fedex,Delivered
7775,6550,31/01/21,,fedex,In Transit
7776,13915,31/03/20,,fedex,In Transit
7777,11322,30/11/21,,fedex,In Transit
7778,13507,23/01/21,,usps,Delivered
7779,1956,30/12/22,,fedex,Delivered
7780,171,18/08/21,,fedex,In Transit
7781,4850,21/06/21,,ups,In Transit
7782,1071,20/09/21,,ups,Delivered
7783,21107,04/04/22,,bluedart,In Transit
7784,15757,19/07/20,,usps,Delivered
7785,10495,16/05/22,,ups,In Transit
7786,1382,11/12/21,,bluedart,Delivered
7787,9508,11/03/21,,fedex,Delivered
7788,1147,25/12/20,,fedex,In Transit
7789,5674,18/05/23,,fedex,Delivered
7790,14327,12/01/22,26/01/22,ups,Returned
7791,182,13/09/22,,fedex,In Transit
7792,9492,20/04/20,,usps,Delivered
7793,12285,11/01/20,,ups,Delivered
7794,2736,04/10/22,,bluedart,Delivered
7795,1605,01/07/21,,fedex,Delivered
7796,17132,02/02/22,,fedex,Delivered
7797,7861,12/02/21,,ups,Delivered
7798,6268,11/04/21,,fedex,Delivered
7799,11240,22/07/20,,dhl,In Transit
7800,17604,07/11/20,,usps,Delivered
7801,11156,08/05/22,,fedex,Delivered
7802,9597,07/05/22,,ups,In Transit
7803,1292,22/01/23,,bluedart,Delivered
7804,13613,28/09/21,,bluedart,Delivered
7805,7233,29/01/23,,ups,Delivered
7806,4976,28/05/21,,fedex,In Transit
7807,10704,07/04/22,,dhl,In Transit
7808,6556,25/11/23,02/12/23,fedex,Returned
7809,15429,30/12/21,,fedex,Delivered
7810,18841,18/03/22,,fedex,Delivered
7811,14416,21/10/20,,fedex,Delivered
7812,21091,10/01/20,,bluedart,Cancelled
7813,20718,18/08/21,,fedex,Delivered
7814,19165,23/02/21,,ups,Cancelled
7815,20893,24/11/23,,bluedart,In Transit
7816,4655,01/05/22,,bluedart,In Transit
7817,21126,31/05/20,,dhl,In Transit
7818,8135,19/08/20,,bluedart,In Transit
7819,20840,21/12/21,,fedex,In Transit
7820,20682,13/05/21,,ups,Delivered
7821,17216,10/04/21,,fedex,Delivered
7822,6956,30/12/22,,fedex,Delivered
7823,18319,07/11/23,,usps,Delivered
7824,11268,12/03/23,,ups,Delivered
7825,19944,13/02/23,,fedex,In Transit
7826,2530,09/01/22,,ups,In Transit
7827,17182,10/05/23,,fedex,Delivered
7828,6104,07/02/21,,fedex,Delivered
7829,4993,22/04/21,,dhl,Delivered
7830,21402,24/08/22,,fedex,Delivered
7831,3847,01/08/21,,ups,Delivered
7832,10951,01/12/23,,fedex,In Transit
7833,14120,03/01/21,,fedex,Delivered
7834,7856,18/02/20,,fedex,In Transit
7835,8908,25/07/20,,bluedart,In Transit
7836,15933,20/01/22,,fedex,Delivered
7837,15706,19/09/20,,fedex,In Transit
7838,17576,22/03/20,,ups,Delivered
7839,8843,05/06/23,,fedex,Delivered
7840,7947,24/06/23,,fedex,Delivered
7841,12824,01/01/21,,fedex,In Transit
7842,10872,04/10/21,,bluedart,Delivered
7843,6502,10/10/20,,fedex,Delivered
7844,12471,22/11/23,,fedex,In Transit
7845,338,28/06/22,,fedex,Delivered
7846,5957,15/12/21,,fedex,In Transit
7847,12906,18/01/21,,fedex,Delivered
7848,8744,04/12/21,,dhl,Delivered
7849,19614,20/10/21,,bluedart,Delivered
7850,489,07/07/23,,dhl,In Transit
7851,12230,30/10/20,,bluedart,Delivered
7852,11358,29/07/20,,fedex,Delivered
7853,15139,01/07/20,,bluedart,Delivered
7854,2722,31/01/23,,usps,Delivered
7855,7056,07/01/23,,fedex,In Transit
7856,6186,28/06/22,,dhl,Delivered
7857,7122,23/01/20,,fedex,In Transit
7858,12737,22/04/21,,ups,Delivered
7859,19856,04/04/23,,fedex,Cancelled
7860,5192,30/06/22,,ups,In Transit
7861,11251,29/05/21,,dhl,Delivered
7862,7612,30/07/22,,fedex,Cancelled
7863,16231,12/10/23,,bluedart,Cancelled
7864,11382,01/01/24,,usps,In Transit
7865,7628,25/12/21,,bluedart,In Transit
7866,568,07/11/22,,ups,In Transit
7867,909,24/06/20,,fedex,In Transit
7868,17711,30/06/23,,fedex,Delivered
7869,1339,04/09/22,,usps,Delivered
7870,7903,23/07/20,,fedex,Delivered
7871,8749,11/01/23,,fedex,Delivered
7872,12899,11/03/23,,fedex,Cancelled
7873,5090,03/09/22,26/09/22,fedex,Returned
7874,7878,10/03/21,,dhl,Delivered
7875,19867,27/03/22,,dhl,Delivered
7876,11916,22/06/21,,fedex,Delivered
7877,6234,06/04/20,,fedex,Cancelled
7878,13274,24/06/22,,bluedart,Delivered
7879,16786,07/02/21,,dhl,Delivered
7880,7932,05/08/20,,fedex,In Transit
7881,14772,23/09/22,,fedex,Delivered
7882,4192,01/06/23,,ups,In Transit
7883,19371,13/09/20,,usps,In Transit
7884,6174,05/11/20,,fedex,In Transit
7885,10727,19/04/20,,fedex,Delivered
7886,3174,03/02/20,,dhl,In Transit
7887,14044,13/06/21,19/06/21,dhl,Returned
7888,676,18/08/22,,bluedart,In Transit
7889,8214,11/02/22,,fedex,Cancelled
7890,20806,17/05/22,,ups,In Transit
7891,15734,14/11/20,,fedex,In Transit
7892,2869,27/10/20,,dhl,Delivered
7893,15436,20/12/22,,fedex,Cancelled
7894,15619,07/11/21,,dhl,In Transit
7895,2425,15/01/21,,bluedart,Delivered
7896,15930,26/10/23,,dhl,In Transit
7897,1347,27/08/21,,bluedart,Delivered
7898,4103,21/05/23,,bluedart,In Transit
7899,20447,19/11/20,,fedex,In Transit
7900,15575,26/02/22,,usps,Delivered
7901,5321,10/02/23,,dhl,Delivered
7902,12190,01/06/21,,fedex,Delivered
7903,7484,03/10/22,,fedex,Delivered
7904,18784,15/07/20,,fedex,In Transit
7905,13260,24/12/20,,bluedart,In Transit
7906,18700,20/10/23,,dhl,Delivered
7907,11408,14/03/20,,bluedart,Delivered
7908,14117,08/09/23,,dhl,In Transit
7909,6076,19/10/20,25/10/20,fedex,Returned
7910,13478,29/09/23,,bluedart,Delivered
7911,16488,20/07/21,,bluedart,Cancelled
7912,16755,06/10/23,,bluedart,Delivered
7913,11432,06/01/21,,fedex,Delivered
7914,18332,18/11/23,,bluedart,Delivered
7915,818,20/12/20,,fedex,In Transit
7916,19523,15/02/23,,dhl,In Transit
7917,9017,02/03/21,,usps,In Transit
7918,17256,15/04/21,,fedex,Delivered
7919,9638,10/09/20,,fedex,In Transit
7920,4299,18/02/20,,dhl,Delivered
7921,20138,18/10/21,,bluedart,Delivered
7922,15887,04/12/21,,fedex,Delivered
7923,15868,17/08/20,,fedex,Delivered
7924,10397,21/08/23,,dhl,In Transit
7925,16224,02/01/21,,dhl,Delivered
7926,7213,03/09/20,,fedex,In Transit
7927,7650,11/08/22,,fedex,In Transit
7928,13905,25/10/21,,fedex,Delivered
7929,18154,16/07/21,,fedex,Delivered
7930,21204,18/11/21,,fedex,In Transit
7931,8727,10/07/20,,dhl,In Transit
7932,20873,16/08/20,,fedex,Delivered
7933,9514,19/01/22,,fedex,In Transit
7934,3583,16/01/21,,bluedart,Delivered
7935,5698,17/09/21,,usps,Delivered
7936,9700,21/09/23,09/10/23,fedex,Returned
7937,18463,04/07/20,,bluedart,Delivered
7938,6651,20/03/21,,ups,Delivered
7939,378,11/07/23,,fedex,In Transit
7940,12587,14/10/22,,ups,Cancelled
7941,8855,14/07/23,,fedex,Delivered
7942,7877,10/02/23,,dhl,Delivered
7943,13098,22/04/22,,fedex,Delivered
7944,18590,26/09/21,,fedex,Delivered
7945,3532,17/03/20,,usps,Cancelled
7946,17902,25/08/23,,bluedart,In Transit
7947,5424,03/02/21,,ups,Cancelled
7948,18351,17/07/22,,dhl,Delivered
7949,4778,25/03/21,,ups,Delivered
7950,7655,01/11/23,,fedex,In Transit
7951,17460,27/07/21,,dhl,In Transit
7952,10644,09/08/20,,usps,In Transit
7953,730,29/05/22,,ups,Delivered
7954,10543,29/09/20,,bluedart,Delivered
7955,17516,30/11/23,,fedex,Delivered
7956,1175,27/06/23,,dhl,In Transit
7957,13375,25/10/20,,bluedart,Cancelled
7958,1372,22/08/21,,ups,Delivered
7959,1733,26/11/23,,dhl,Delivered
7960,7210,22/09/22,,usps,Cancelled
7961,6419,22/07/23,,bluedart,Cancelled
7962,20155,21/07/20,,bluedart,Delivered
7963,974,18/01/22,,bluedart,In Transit
7964,10507,12/07/21,,ups,In Transit
7965,14422,10/04/23,,bluedart,Cancelled
7966,15513,29/08/22,,ups,In Transit
7967,2682,13/12/20,,ups,In Transit
7968,3480,24/09/22,,fedex,Delivered
7969,11990,21/02/23,,bluedart,Delivered
7970,14192,29/01/23,,bluedart,Delivered
7971,8362,29/07/21,,fedex,Delivered
7972,12430,09/02/20,,ups,Delivered
7973,17018,11/03/20,,fedex,Cancelled
7974,13240,06/06/22,,bluedart,Delivered
7975,3061,29/06/23,,fedex,Delivered
7976,794,06/12/21,,bluedart,Delivered
7977,19728,31/12/20,,bluedart,In Transit
7978,6207,17/11/20,,bluedart,Delivered
7979,1384,11/02/22,,ups,Delivered
7980,16777,07/10/23,,fedex,In Transit
7981,6235,24/03/23,,ups,Cancelled
7982,9458,19/07/22,,fedex,Delivered
7983,10859,26/02/21,,bluedart,In Transit
7984,7303,17/07/22,,usps,In Transit
7985,7944,31/05/21,,fedex,Delivered
7986,18532,20/01/22,03/02/22,ups,Returned
7987,9305,17/02/20,,ups,Delivered
7988,336,24/04/22,,fedex,Delivered
7989,19424,30/05/22,,fedex,Delivered
7990,21422,24/07/23,,ups,Delivered
7991,17599,11/02/22,,fedex,Delivered
7992,7369,27/07/20,,usps,Delivered
7993,4923,13/09/23,,fedex,Delivered
7994,20834,17/06/22,,dhl,Delivered
7995,5902,03/05/21,,fedex,Delivered
7996,3722,02/06/20,,usps,In Transit
7997,18428,23/03/23,,dhl,Delivered
7998,21354,28/07/20,,fedex,In Transit
7999,1267,08/01/22,,usps,In Transit
8000,20669,02/10/21,,fedex,In Transit
8001,18301,28/04/20,,bluedart,Delivered
8002,13061,07/12/20,,usps,Delivered
8003,14731,27/01/21,,fedex,In Transit
8004,3482,11/11/21,,usps,Delivered
8005,3284,03/03/20,,fedex,In Transit
8006,8503,14/09/20,,fedex,Delivered
8007,5250,01/10/23,,usps,Cancelled
8008,5058,26/09/22,,dhl,Delivered
8009,18687,19/02/22,,fedex,Cancelled
8010,8860,26/06/21,,fedex,In Transit
8011,10516,06/04/23,,fedex,Delivered
8012,13766,05/10/20,,fedex,In Transit
8013,13711,09/02/22,,usps,Delivered
8014,16211,01/04/23,,dhl,Delivered
8015,17582,27/04/21,,fedex,Delivered
8016,4223,24/09/20,,bluedart,Cancelled
8017,14998,05/04/20,,usps,In Transit
8018,13101,26/04/22,,fedex,In Transit
8019,16713,19/01/23,,fedex,In Transit
8020,15311,15/01/23,,fedex,In Transit
8021,14865,21/06/20,,ups,In Transit
8022,13916,26/06/21,,bluedart,Delivered
8023,1708,17/01/23,,dhl,Delivered
8024,2637,29/11/22,,fedex,In Transit
8025,16694,24/01/22,,fedex,In Transit
8026,10797,09/08/23,,fedex,Delivered
8027,17635,08/02/21,,fedex,In Transit
8028,10866,07/12/23,,dhl,In Transit
8029,6935,02/07/22,,dhl,Delivered
8030,5800,25/09/22,,fedex,Delivered
8031,15719,23/04/21,,fedex,Delivered
8032,852,14/10/23,,ups,Delivered
8033,12584,16/12/20,,fedex,Delivered
8034,468,22/08/21,,fedex,In Transit
8035,18958,14/01/20,,dhl,Delivered
8036,20687,05/03/23,,fedex,Delivered
8037,11760,31/10/22,,dhl,Delivered
8038,11011,21/12/21,,bluedart,Delivered
8039,8563,09/08/21,,fedex,Delivered
8040,772,08/08/20,,fedex,Delivered
8041,5865,01/02/22,,fedex,In Transit
8042,13526,27/07/23,,usps,In Transit
8043,1378,01/08/23,,fedex,Delivered
8044,2301,11/09/22,,fedex,Cancelled
8045,17253,22/09/22,,usps,Delivered
8046,6862,31/01/23,,dhl,Delivered
8047,20327,03/10/22,,dhl,Delivered
8048,10112,06/10/22,,bluedart,In Transit
8049,8251,05/04/23,,usps,Delivered
8050,19370,24/05/20,,dhl,In Transit
8051,2510,25/03/21,,fedex,Delivered
8052,1373,11/04/20,,fedex,Delivered
8053,10448,10/08/20,,usps,In Transit
8054,10132,28/06/23,,fedex,Delivered
8055,20107,03/04/22,,bluedart,Delivered
8056,6216,01/03/22,,fedex,Delivered
8057,9908,09/06/21,,fedex,In Transit
8058,11112,19/05/21,,fedex,In Transit
8059,19849,29/11/22,,ups,Delivered
8060,6148,22/09/21,,bluedart,In Transit
8061,8810,20/02/21,,bluedart,In Transit
8062,18781,12/03/21,,fedex,In Transit
8063,8580,17/11/23,,fedex,In Transit
8064,14223,15/08/20,,dhl,Delivered
8065,19709,22/08/22,,fedex,In Transit
8066,6175,06/07/22,,fedex,Delivered
8067,16243,20/06/20,,dhl,Delivered
8068,15254,07/05/22,,usps,Delivered
8069,357,01/11/21,,fedex,Delivered
8070,14530,30/10/21,,fedex,Cancelled
8071,15132,31/01/22,,dhl,In Transit
8072,6580,28/05/21,,fedex,In Transit
8073,18044,28/02/22,,fedex,In Transit
8074,7758,24/04/22,,dhl,Delivered
8075,15813,14/08/20,,dhl,In Transit
8076,15675,16/04/22,,ups,In Transit
8077,2083,13/10/22,,ups,Delivered
8078,15821,21/01/21,,fedex,Delivered
8079,2244,30/05/23,,ups,In Transit
8080,9474,12/03/23,,dhl,In Transit
8081,10198,08/02/21,,bluedart,In Transit
8082,11400,05/10/22,,usps,Delivered
8083,19692,30/08/22,,dhl,In Transit
8084,2444,17/10/21,,fedex,Delivered
8085,11135,07/01/21,,bluedart,Delivered
8086,8159,20/09/23,,dhl,Delivered
8087,19582,02/05/23,,dhl,In Transit
8088,6801,26/03/21,,dhl,In Transit
8089,11384,27/08/23,,ups,Delivered
8090,4473,23/07/21,,bluedart,Cancelled
8091,15641,09/07/20,,fedex,Delivered
8092,21492,25/08/22,,usps,Delivered
8093,13044,23/03/20,,fedex,In Transit
8094,4797,20/08/22,,fedex,Delivered
8095,11506,25/01/20,10/02/20,ups,Returned
8096,19286,02/04/22,,ups,In Transit
8097,1981,10/05/23,,bluedart,In Transit
8098,9283,17/08/21,,bluedart,In Transit
8099,6537,18/09/21,,bluedart,Delivered
8100,21297,18/11/22,,fedex,In Transit
8101,18552,26/07/20,,fedex,Delivered
8102,12568,05/08/23,,dhl,Delivered
8103,13348,23/04/22,,fedex,In Transit
8104,4396,05/03/20,,dhl,In Transit
8105,7586,30/09/21,,fedex,In Transit
8106,12686,29/05/23,,fedex,In Transit
8107,15353,02/12/23,,fedex,In Transit
8108,17744,13/09/20,,fedex,Delivered
8109,10431,13/03/20,,bluedart,In Transit
8110,9649,04/07/22,,dhl,Delivered
8111,3058,02/01/21,,fedex,Delivered
8112,3064,07/05/21,,fedex,Delivered
8113,17020,09/09/21,,dhl,Delivered
8114,4538,15/09/23,07/10/23,usps,Returned
8115,11687,01/05/22,,fedex,In Transit
8116,572,31/10/22,,usps,Delivered
8117,10430,22/03/22,,usps,Delivered
8118,14417,18/06/23,,fedex,Cancelled
8119,13681,28/02/21,,bluedart,Delivered
8120,4869,06/05/22,,fedex,In Transit
8121,622,08/09/21,,fedex,Delivered
8122,2620,16/05/22,,dhl,Delivered
8123,638,04/02/23,,fedex,Cancelled
8124,18692,14/01/23,,dhl,Delivered
8125,17196,21/09/23,,bluedart,Delivered
8126,17938,16/05/20,,dhl,In Transit
8127,11556,08/06/21,,fedex,Delivered
8128,16844,12/04/21,,fedex,Delivered
8129,13760,05/10/21,,ups,Delivered
8130,8188,19/03/21,,dhl,Delivered
8131,10665,01/11/23,,fedex,Delivered
8132,21236,16/12/20,,usps,Cancelled
8133,13387,25/09/23,,dhl,Delivered
8134,2642,27/07/23,,bluedart,Delivered
8135,14269,25/05/23,,fedex,Delivered
8136,2399,23/09/21,,dhl,In Transit
8137,7800,18/05/23,,fedex,Delivered
8138,13452,20/11/20,,fedex,Delivered
8139,6392,29/11/22,,fedex,Delivered
8140,19926,03/07/22,,bluedart,Delivered
8141,823,03/09/23,,bluedart,In Transit
8142,14445,20/08/21,,bluedart,In Transit
8143,1811,30/10/20,,fedex,Cancelled
8144,19408,25/09/21,,fedex,Delivered
8145,5512,12/12/20,,fedex,Delivered
8146,14508,13/06/22,,usps,In Transit
8147,3935,03/04/20,,dhl,Delivered
8148,16937,27/11/22,,fedex,Delivered
8149,17032,27/06/20,,bluedart,Delivered
8150,17978,04/01/23,,fedex,Delivered
8151,6798,07/07/20,,fedex,Delivered
8152,5417,18/02/22,,fedex,Delivered
8153,16601,20/11/22,,fedex,Delivered
8154,9729,17/06/20,,dhl,Delivered
8155,13597,27/10/20,,fedex,In Transit
8156,5191,28/09/23,,fedex,Cancelled
8157,14599,25/09/20,,ups,In Transit
8158,13467,04/01/21,,fedex,Delivered
8159,6802,24/03/21,,fedex,Delivered
8160,18069,09/01/22,,bluedart,Delivered
8161,8776,28/05/23,,fedex,Delivered
8162,9692,06/06/22,,usps,Delivered
8163,4277,13/10/20,,fedex,In Transit
8164,13187,24/08/20,,bluedart,In Transit
8165,3775,30/05/22,,ups,In Transit
8166,12884,26/10/22,,fedex,Delivered
8167,10418,16/03/22,,fedex,In Transit
8168,8007,11/12/21,05/01/22,fedex,Returned
8169,12148,20/12/23,,fedex,Delivered
8170,1987,08/08/22,,bluedart,In Transit
8171,19891,15/10/21,,bluedart,Delivered
8172,5735,22/05/21,,dhl,In Transit
8173,17086,01/01/21,,fedex,In Transit
8174,7937,20/07/21,,dhl,In Transit
8175,15336,08/04/23,,fedex,Delivered
8176,13683,15/06/21,,fedex,Delivered
8177,16884,29/01/20,,dhl,In Transit
8178,12350,07/03/22,,fedex,Delivered
8179,2633,03/06/23,,ups,Delivered
8180,19320,15/02/20,,ups,In Transit
8181,8893,01/12/22,,fedex,In Transit
8182,5146,25/01/20,,fedex,In Transit
8183,17753,19/07/21,,usps,Delivered
8184,10433,31/08/23,,fedex,Delivered
8185,1780,18/12/20,,fedex,Delivered
8186,3228,13/05/23,,fedex,In Transit
8187,8440,21/11/21,,usps,In Transit
8188,14301,25/01/22,,dhl,In Transit
8189,7731,03/09/21,,bluedart,Delivered
8190,10745,31/08/22,,bluedart,In Transit
8191,12142,03/08/20,,dhl,Delivered
8192,8085,04/07/21,,bluedart,In Transit
8193,13068,22/09/23,,ups,In Transit
8194,5447,23/05/21,,fedex,In Transit
8195,342,09/04/23,,dhl,In Transit
8196,17114,05/03/22,,dhl,Delivered
8197,7495,26/09/23,,fedex,Delivered
8198,139,05/12/23,,fedex,Delivered
8199,16279,20/04/23,,fedex,In Transit
8200,624,08/01/21,,fedex,Delivered
8201,21267,03/12/21,,usps,In Transit
8202,18677,17/09/23,,ups,In Transit
8203,18760,26/01/20,,fedex,Delivered
8204,19151,02/11/20,,fedex,Cancelled
8205,7962,24/01/20,,fedex,In Transit
8206,20719,13/05/21,,dhl,Delivered
8207,13071,31/12/21,,fedex,In Transit
8208,6819,19/08/21,,ups,Delivered
8209,6236,29/07/21,,fedex,In Transit
8210,19389,30/12/20,,bluedart,In Transit
8211,1681,05/12/23,,ups,Delivered
8212,636,08/01/21,,ups,Delivered
8213,10377,15/07/22,,ups,Delivered
8214,17088,23/08/23,,bluedart,Delivered
8215,14046,17/04/22,,fedex,In Transit
8216,8661,08/04/20,,dhl,Delivered
8217,19652,17/03/22,,usps,Delivered
8218,2627,28/03/20,,dhl,Delivered
8219,5922,17/09/20,,ups,Delivered
8220,8518,25/03/20,,bluedart,In Transit
8221,11164,06/04/20,,bluedart,Delivered
8222,1816,11/02/23,,ups,In Transit
8223,16519,18/01/20,,bluedart,Delivered
8224,5546,26/08/20,,fedex,Delivered
8225,2421,15/08/21,,fedex,In Transit
8226,8514,12/04/20,,fedex,In Transit
8227,9997,15/11/23,,fedex,Delivered
8228,20036,19/12/23,,dhl,In Transit
8229,8266,09/07/23,,fedex,In Transit
8230,9634,29/09/20,,usps,In Transit
8231,11485,23/06/22,,fedex,In Transit
8232,13653,30/12/21,,dhl,In Transit
8233,16960,11/06/20,,dhl,In Transit
8234,18410,25/02/21,,fedex,Delivered
8235,19555,24/12/21,,fedex,Cancelled
8236,3247,29/11/21,,dhl,Delivered
8237,3203,24/02/23,,fedex,Delivered
8238,14751,12/06/23,,fedex,Delivered
8239,3654,12/09/20,,dhl,In Transit
8240,15181,16/07/20,,fedex,Delivered
8241,7875,01/03/20,,fedex,In Transit
8242,12947,07/08/21,,dhl,Delivered
8243,8614,27/01/22,,dhl,Delivered
8244,13257,05/01/23,,ups,In Transit
8245,12545,06/10/21,,fedex,Delivered
8246,17406,16/01/20,,fedex,In Transit
8247,11643,01/10/20,,bluedart,Delivered
8248,167,04/04/20,,dhl,In Transit
8249,19298,13/06/20,,bluedart,In Transit
8250,12868,31/05/21,,dhl,In Transit
8251,15375,19/02/20,,bluedart,In Transit
8252,15372,23/08/21,,fedex,Delivered
8253,8449,28/05/20,,fedex,Delivered
8254,2152,17/11/22,,ups,Delivered
8255,5635,05/02/21,,fedex,Delivered
8256,17232,19/07/23,,dhl,Cancelled
8257,8107,16/05/21,08/06/21,fedex,Returned
8258,11518,07/07/20,,bluedart,In Transit
8259,17419,05/11/22,28/11/22,usps,Returned
8260,17814,04/05/20,,dhl,In Transit
8261,12698,27/09/22,,dhl,Delivered
8262,8180,15/11/23,,dhl,In Transit
8263,13829,08/04/21,,ups,In Transit
8264,13963,13/01/20,27/01/20,dhl,Returned
8265,12066,31/03/20,,dhl,Delivered
8266,6315,10/01/20,,usps,Cancelled
8267,8249,28/06/20,,bluedart,Delivered
8268,5676,03/06/23,,usps,Delivered
8269,19900,29/02/20,,fedex,In Transit
8270,11868,02/01/22,,fedex,In Transit
8271,19216,22/08/20,,bluedart,In Transit
8272,21420,14/09/20,,fedex,In Transit
8273,21101,24/12/22,,usps,Delivered
8274,12958,26/12/20,,ups,In Transit
8275,13826,16/02/20,,dhl,Delivered
8276,8389,31/10/23,,fedex,Delivered
8277,18099,07/05/22,,dhl,Cancelled
8278,19410,08/07/21,,fedex,Cancelled
8279,7674,24/08/21,,dhl,Delivered
8280,13466,29/11/22,,dhl,Delivered
8281,8042,27/09/21,,fedex,Delivered
8282,3326,15/04/22,,fedex,In Transit
8283,15331,16/11/22,,dhl,In Transit
8284,14219,02/10/23,,bluedart,Delivered
8285,7421,07/06/23,,ups,In Transit
8286,21306,07/12/23,18/12/23,dhl,Returned
8287,3594,21/09/20,,dhl,Delivered
8288,15069,11/09/22,,fedex,In Transit
8289,8790,24/02/22,,fedex,Delivered
8290,13880,20/02/20,,ups,Delivered
8291,18274,02/06/21,,fedex,Delivered
8292,17345,23/09/21,,fedex,Delivered
8293,11259,05/05/21,,fedex,Delivered
8294,12548,09/03/20,,dhl,Delivered
8295,252,07/10/20,,fedex,In Transit
8296,9193,28/09/20,,bluedart,In Transit
8297,13072,05/08/22,,dhl,In Transit
8298,13839,09/11/20,,ups,In Transit
8299,4355,06/06/23,,bluedart,In Transit
8300,14583,06/10/20,,usps,Delivered
8301,2347,10/11/20,,bluedart,Delivered
8302,1852,07/03/23,,dhl,Delivered
8303,18703,10/06/22,,bluedart,Delivered
8304,20239,28/09/22,,dhl,Delivered
8305,10989,31/03/20,,fedex,In Transit
8306,2032,30/07/22,,dhl,Cancelled
8307,20582,16/02/20,,fedex,In Transit
8308,2489,10/05/23,,fedex,Delivered
8309,11577,23/10/20,,fedex,In Transit
8310,3857,29/09/22,,fedex,Cancelled
8311,17560,22/05/23,,dhl,Delivered
8312,15956,27/07/23,,fedex,In Transit
8313,20872,09/01/20,,usps,Delivered
8314,15603,25/02/22,,dhl,Delivered
8315,3777,27/06/22,,fedex,In Transit
8316,12992,31/03/21,,usps,In Transit
8317,7437,05/03/21,,usps,Delivered
8318,178,02/04/21,,fedex,Delivered
8319,21296,18/06/21,,bluedart,In Transit
8320,1955,12/02/23,,dhl,Delivered
8321,3573,02/12/21,,dhl,Delivered
8322,8382,17/12/23,,fedex,Delivered
8323,19574,11/06/20,,fedex,In Transit
8324,4349,25/08/20,,ups,Delivered
8325,10604,05/11/20,,fedex,Cancelled
8326,894,19/04/21,27/04/21,bluedart,Returned
8327,3476,06/01/21,23/01/21,fedex,Returned
8328,16821,17/06/21,,ups,In Transit
8329,5308,15/02/21,,fedex,In Transit
8330,8283,30/10/20,,fedex,Cancelled
8331,1087,15/01/23,,dhl,Delivered
8332,7436,03/02/23,,bluedart,In Transit
8333,19535,25/02/22,,ups,Delivered
8334,5071,05/02/22,,fedex,Delivered
8335,8690,07/03/22,,ups,In Transit
8336,67,20/12/23,,fedex,In Transit
8337,318,03/03/20,,ups,Delivered
8338,3670,23/02/21,,fedex,Delivered
8339,7343,17/04/21,,fedex,Cancelled
8340,12085,24/07/21,,dhl,Delivered
8341,15637,26/07/22,,bluedart,Delivered
8342,6969,01/06/22,,ups,In Transit
8343,20398,19/08/21,,bluedart,Delivered
8344,9320,07/07/20,,ups,Delivered
8345,5326,22/07/22,,fedex,Delivered
8346,385,29/07/22,,fedex,Delivered
8347,7385,01/05/21,,fedex,In Transit
8348,1411,07/09/22,,ups,Delivered
8349,7119,19/06/22,,dhl,In Transit
8350,1866,13/08/21,,dhl,Delivered
8351,10221,08/10/22,,dhl,Delivered
8352,6191,23/03/23,,fedex,Cancelled
8353,14266,11/11/22,,fedex,Delivered
8354,21311,17/09/22,,bluedart,Delivered
8355,11605,20/08/23,,bluedart,In Transit
8356,19212,24/04/23,,bluedart,Delivered
8357,19811,22/09/23,,dhl,Delivered
8358,11088,22/10/20,,fedex,In Transit
8359,12442,28/11/23,,usps,Delivered
8360,14608,25/05/20,,fedex,Delivered
8361,12996,22/05/23,08/06/23,fedex,Returned
8362,6412,20/09/20,,bluedart,Delivered
8363,1316,11/02/22,,fedex,Delivered
8364,6378,26/10/21,,ups,In Transit
8365,1265,20/02/23,,fedex,Delivered
8366,693,13/01/22,,ups,In Transit
8367,3318,20/08/22,,dhl,Delivered
8368,2849,29/12/21,,dhl,In Transit
8369,8668,16/05/20,,bluedart,Delivered
8370,648,08/11/22,,dhl,Delivered
8371,738,23/01/20,,usps,Delivered
8372,15678,27/04/21,,bluedart,Delivered
8373,846,05/01/20,,dhl,Delivered
8374,14379,28/09/21,,fedex,Delivered
8375,4382,21/12/22,,dhl,Delivered
8376,5188,20/05/20,,dhl,Delivered
8377,20265,18/09/22,,ups,Delivered
8378,5467,18/09/20,,fedex,Delivered
8379,12422,29/12/20,,fedex,Delivered
8380,10454,05/12/20,,usps,Cancelled
8381,10722,15/04/22,,bluedart,Delivered
8382,18223,10/02/21,,usps,Cancelled
8383,6588,02/05/20,,ups,Delivered
8384,7821,24/05/22,,bluedart,In Transit
8385,20086,14/01/23,,dhl,In Transit
8386,4508,10/07/23,,bluedart,Delivered
8387,8733,08/10/20,,fedex,Delivered
8388,8907,11/11/21,,ups,Delivered
8389,5891,03/03/20,,dhl,In Transit
8390,2438,12/09/22,,fedex,Delivered
8391,12553,14/11/23,,dhl,In Transit
8392,20802,26/06/23,,fedex,Delivered
8393,20025,05/09/23,,dhl,Delivered
8394,12480,07/01/20,,dhl,Cancelled
8395,4027,14/04/21,,dhl,Delivered
8396,15425,19/04/20,,bluedart,Delivered
8397,10865,16/05/21,,dhl,Delivered
8398,5462,17/09/22,,fedex,In Transit
8399,8633,17/05/20,,usps,In Transit
8400,19123,27/07/22,,ups,Delivered
8401,9940,24/11/22,,fedex,Delivered
8402,8942,24/03/21,,bluedart,Delivered
8403,3201,17/04/23,,bluedart,Delivered
8404,17057,28/12/23,,bluedart,In Transit
8405,11909,06/08/23,,ups,Delivered
8406,13641,13/06/23,,fedex,Delivered
8407,15934,26/08/22,,ups,Cancelled
8408,6134,09/08/23,,fedex,In Transit
8409,2720,17/09/22,27/09/22,fedex,Returned
8410,17911,06/03/22,,fedex,Delivered
8411,6220,22/07/20,,fedex,Delivered
8412,3795,04/02/20,,dhl,In Transit
8413,8145,30/06/22,,dhl,Cancelled
8414,13000,15/12/22,,fedex,In Transit
8415,1569,31/01/22,,ups,Delivered
8416,8191,19/04/23,,fedex,In Transit
8417,14279,15/02/22,,dhl,Delivered
8418,11749,14/03/23,,fedex,In Transit
8419,14072,03/12/22,,fedex,In Transit
8420,20655,01/05/20,,dhl,Cancelled
8421,7281,02/03/22,,dhl,Delivered
8422,12216,21/10/21,03/11/21,fedex,Returned
8423,3049,08/08/20,,dhl,In Transit
8424,9971,15/06/21,,fedex,Cancelled
8425,7285,08/03/23,,fedex,Delivered
8426,985,15/10/20,,dhl,In Transit
8427,9956,06/05/23,,fedex,Delivered
8428,13120,24/07/23,,usps,Delivered
8429,5987,03/01/23,,ups,Cancelled
8430,12943,07/03/23,,ups,Cancelled
8431,3361,25/05/22,,dhl,In Transit
8432,11644,07/05/22,,bluedart,Delivered
8433,16707,19/09/22,,fedex,Delivered
8434,10332,04/11/23,,fedex,In Transit
8435,4627,14/12/21,,fedex,In Transit
8436,5655,19/02/21,,usps,Delivered
8437,2327,25/01/22,,fedex,In Transit
8438,17909,24/05/20,,usps,Delivered
8439,11342,10/11/20,,bluedart,In Transit
8440,18662,26/01/21,,dhl,In Transit
8441,5150,30/05/22,,bluedart,Delivered
8442,7499,08/11/23,,bluedart,Delivered
8443,6635,07/06/23,,fedex,Delivered
8444,742,10/08/22,,fedex,Delivered
8445,576,14/05/23,,bluedart,Delivered
8446,17141,04/08/23,,dhl,Delivered
8447,1572,05/05/20,,dhl,Delivered
8448,11096,26/07/21,,bluedart,In Transit
8449,9737,26/02/21,,fedex,Delivered
8450,9023,05/06/22,,dhl,In Transit
8451,15068,17/04/21,,fedex,In Transit
8452,2177,16/03/22,,ups,In Transit
8453,9353,21/10/23,,usps,Delivered
8454,6218,29/03/23,,dhl,In Transit
8455,282,27/07/20,,dhl,Delivered
8456,12667,01/09/23,,dhl,Delivered
8457,11471,27/07/23,,bluedart,Delivered
8458,3866,03/02/20,,bluedart,Delivered
8459,13897,14/06/23,,dhl,In Transit
8460,12363,30/07/21,18/08/21,fedex,Returned
8461,6582,29/07/20,,ups,Delivered
8462,6695,22/10/21,,dhl,Delivered
8463,18629,22/09/22,,bluedart,Delivered
8464,10449,12/09/21,27/09/21,fedex,Returned
8465,13406,31/08/21,,dhl,Delivered
8466,14777,30/11/21,,fedex,In Transit
8467,663,09/05/22,,ups,In Transit
8468,4718,09/11/20,,dhl,In Transit
8469,20304,30/08/20,,fedex,Delivered
8470,9373,08/01/22,,bluedart,Delivered
8471,17587,12/10/23,,bluedart,Delivered
8472,17739,25/12/20,,ups,Delivered
8473,4810,17/03/23,,fedex,In Transit
8474,423,31/12/23,,fedex,Delivered
8475,16869,21/11/20,,ups,In Transit
8476,17459,18/02/22,,bluedart,Delivered
8477,8985,13/07/23,,bluedart,In Transit
8478,2765,12/01/21,,bluedart,In Transit
8479,14669,10/04/20,,fedex,Delivered
8480,21366,28/06/22,,fedex,Delivered
8481,12765,23/04/23,,ups,Delivered
8482,10661,08/08/21,,bluedart,Delivered
8483,18171,21/07/20,,bluedart,Cancelled
8484,20696,10/09/23,,fedex,Delivered
8485,15123,08/10/22,,fedex,Delivered
8486,2000,12/06/21,,fedex,Cancelled
8487,17726,25/01/21,,ups,Delivered
8488,18643,09/02/21,,dhl,Delivered
8489,7854,11/12/20,,fedex,In Transit
8490,19886,10/05/21,,dhl,In Transit
8491,20325,31/12/22,,ups,Delivered
8492,13381,10/06/21,,fedex,Delivered
8493,19855,06/12/21,,usps,In Transit
8494,2387,20/05/21,,fedex,Delivered
8495,9386,10/02/22,,fedex,Delivered
8496,2766,16/03/23,,fedex,Delivered
8497,10756,16/10/22,25/10/22,fedex,Returned
8498,17833,23/10/21,,fedex,Delivered
8499,14475,22/01/20,,fedex,In Transit
8500,17994,03/07/23,,fedex,In Transit
8501,3749,29/09/21,,bluedart,Delivered
8502,7631,25/04/21,,fedex,In Transit
8503,5803,29/05/21,,usps,Delivered
8504,12472,04/08/21,,ups,Delivered
8505,13840,17/02/21,,fedex,Delivered
8506,2198,04/02/20,,fedex,Delivered
8507,18481,29/11/21,,fedex,In Transit
8508,18060,26/02/21,,bluedart,In Transit
8509,6914,15/06/23,,fedex,Delivered
8510,7580,22/06/23,,dhl,Delivered
8511,17477,29/01/23,,fedex,Delivered
8512,889,19/02/23,,usps,In Transit
8513,5445,20/08/22,,ups,Delivered
8514,9476,09/01/22,,fedex,In Transit
8515,2339,29/12/22,,ups,Delivered
8516,2165,28/10/20,,fedex,In Transit
8517,18381,26/09/23,,bluedart,In Transit
8518,2923,07/06/20,,fedex,In Transit
8519,13869,18/02/20,,fedex,Cancelled
8520,12747,11/05/23,,bluedart,In Transit
8521,4812,05/05/23,,dhl,In Transit
8522,13877,18/09/21,,dhl,Delivered
8523,9148,04/08/20,,fedex,In Transit
8524,7618,11/01/20,,ups,Delivered
8525,14142,13/02/21,,fedex,In Transit
8526,11370,17/10/21,,dhl,In Transit
8527,1486,12/03/21,,fedex,Delivered
8528,13639,22/04/23,,dhl,Delivered
8529,6682,10/11/23,,usps,Delivered
8530,6992,27/04/20,,fedex,Delivered
8531,6195,19/12/20,,usps,Delivered
8532,17028,18/12/20,,fedex,In Transit
8533,8548,23/03/22,,fedex,Delivered
8534,14823,01/09/23,10/09/23,ups,Returned
8535,21152,08/06/23,,fedex,Delivered
8536,18777,02/02/23,,ups,In Transit
8537,10142,06/10/21,25/10/21,bluedart,Returned
8538,4628,08/04/21,,fedex,In Transit
8539,5940,12/04/22,,usps,Delivered
8540,12225,20/05/20,,bluedart,In Transit
8541,9363,11/05/23,,fedex,In Transit
8542,3905,25/03/22,,bluedart,Delivered
8543,19427,01/06/21,,fedex,Delivered
8544,7185,03/08/21,,fedex,Delivered
8545,6495,02/02/23,,fedex,Delivered
8546,14727,04/12/20,,usps,Delivered
8547,12204,09/07/21,,fedex,Delivered
8548,2626,15/07/22,,bluedart,Delivered
8549,7997,06/09/22,,fedex,Delivered
8550,14654,06/11/22,,fedex,Delivered
8551,5719,09/11/21,,fedex,Delivered
8552,17403,20/01/20,,dhl,Delivered
8553,1070,08/02/23,,bluedart,Delivered
8554,13788,13/05/22,,ups,In Transit
8555,11420,08/07/22,,dhl,In Transit
8556,2567,25/07/22,,fedex,Delivered
8557,14007,13/04/23,,fedex,In Transit
8558,1838,06/09/22,,dhl,Cancelled
8559,9398,23/05/20,,fedex,In Transit
8560,2398,10/04/22,,ups,Delivered
8561,13871,10/03/23,,fedex,Cancelled
8562,12813,12/11/20,,bluedart,In Transit
8563,16514,26/10/20,,fedex,Delivered
8564,13997,20/11/22,,fedex,Cancelled
8565,15679,19/11/22,,fedex,In Transit
8566,50,22/09/21,,ups,In Transit
8567,15876,12/06/21,,bluedart,Delivered
8568,20215,18/04/21,,bluedart,Delivered
8569,20609,20/04/22,,fedex,In Transit
8570,12642,09/12/20,,dhl,Delivered
8571,4119,08/03/23,,fedex,In Transit
8572,12171,14/09/23,,fedex,In Transit
8573,5819,27/11/21,,fedex,Delivered
8574,13014,31/08/21,,fedex,Cancelled
8575,10501,12/12/23,,dhl,Cancelled
8576,5085,05/03/20,,dhl,Delivered
8577,8643,23/02/20,,fedex,Cancelled
8578,4868,15/12/22,,bluedart,In Transit
8579,14358,14/11/23,,fedex,Delivered
8580,15269,04/02/22,,bluedart,In Transit
8581,18066,21/06/21,,ups,Delivered
8582,11614,07/01/23,,bluedart,In Transit
8583,16348,14/08/22,,dhl,In Transit
8584,18525,02/07/20,,bluedart,In Transit
8585,8148,02/05/23,,fedex,Delivered
8586,13855,26/02/22,,bluedart,Delivered
8587,5460,25/07/21,,bluedart,Delivered
8588,15172,28/02/22,,fedex,In Transit
8589,8487,26/07/20,,bluedart,In Transit
8590,17656,14/11/21,,fedex,Delivered
8591,19682,14/09/20,,usps,In Transit
8592,2982,10/08/20,,fedex,Delivered
8593,717,07/05/22,,ups,In Transit
8594,892,23/04/20,,fedex,Delivered
8595,16758,19/03/23,,dhl,Delivered
8596,7091,25/06/21,,dhl,In Transit
8597,11079,14/09/21,,usps,In Transit
8598,20897,26/08/23,,usps,Delivered
8599,4324,23/05/23,,fedex,Delivered
8600,11064,11/08/21,,fedex,In Transit
8601,5690,21/12/20,,bluedart,Delivered
8602,2936,03/04/20,,bluedart,In Transit
8603,20163,05/04/22,,ups,Cancelled
8604,11554,11/03/21,,dhl,Delivered
8605,17311,27/07/22,,ups,Delivered
8606,9158,27/12/23,,fedex,Delivered
8607,15013,30/08/22,,dhl,Delivered
8608,13359,04/04/22,,ups,Cancelled
8609,16157,28/09/23,,fedex,In Transit
8610,17977,26/12/22,,fedex,Cancelled
8611,9327,17/08/22,,fedex,Delivered
8612,5791,24/11/20,,dhl,In Transit
8613,6445,11/07/20,,fedex,Delivered
8614,19276,20/11/22,,fedex,Delivered
8615,11486,19/10/21,,fedex,Delivered
8616,1912,20/05/22,,ups,Delivered
8617,16073,01/09/20,,fedex,In Transit
8618,8650,15/04/23,,bluedart,Delivered
8619,12683,25/07/21,,bluedart,In Transit
8620,790,18/03/22,,bluedart,Delivered
8621,21614,19/04/21,,fedex,Cancelled
8622,1476,11/06/22,,fedex,Delivered
8623,20662,23/05/20,,ups,Delivered
8624,12807,28/02/22,,dhl,In Transit
8625,13443,17/09/21,,ups,Delivered
8626,4220,30/10/20,,dhl,Delivered
8627,11454,02/11/21,,fedex,In Transit
8628,13964,10/02/22,,fedex,Cancelled
8629,16979,08/11/22,,fedex,Delivered
8630,8375,12/10/20,,fedex,In Transit
8631,11339,16/04/20,,ups,Delivered
8632,21530,02/09/23,,dhl,In Transit
8633,18318,23/02/20,,ups,Delivered
8634,16542,15/12/20,,fedex,Delivered
8635,6127,03/07/20,,fedex,In Transit
8636,8478,29/10/21,,ups,Delivered
8637,16327,22/09/22,,fedex,In Transit
8638,5928,21/09/22,,dhl,Delivered
8639,20186,14/10/23,,fedex,Delivered
8640,2275,19/06/21,,dhl,Delivered
8641,16326,20/12/21,,ups,In Transit
8642,5369,23/07/21,,bluedart,Delivered
8643,9004,08/05/22,,fedex,In Transit
8644,14056,15/12/20,,fedex,Delivered
8645,18550,01/11/23,,usps,Delivered
8646,6864,30/12/23,,bluedart,In Transit
8647,14896,19/04/22,,dhl,Delivered
8648,7480,12/02/21,,fedex,Delivered
8649,16990,02/11/21,,bluedart,Delivered
8650,9826,18/10/23,,dhl,Delivered
8651,17262,23/12/21,,fedex,Delivered
8652,19142,19/03/22,,fedex,Delivered
8653,4901,27/11/23,,bluedart,In Transit
8654,971,08/11/20,,fedex,In Transit
8655,13706,31/01/21,,fedex,Delivered
8656,4756,28/08/23,,dhl,In Transit
8657,18521,18/10/21,,fedex,Delivered
8658,2427,18/07/20,,fedex,In Transit
8659,2414,30/11/23,,bluedart,Delivered
8660,16538,20/01/21,,bluedart,In Transit
8661,9246,11/06/20,,fedex,In Transit
8662,9968,16/03/23,,bluedart,In Transit
8663,19698,05/06/20,,fedex,In Transit
8664,20711,05/11/22,,usps,Delivered
8665,14355,12/08/23,,ups,In Transit
8666,18792,11/11/20,,ups,Delivered
8667,17284,15/05/21,,dhl,Delivered
8668,13246,03/01/23,,dhl,Delivered
8669,19580,24/08/23,,bluedart,In Transit
8670,18049,05/08/20,,dhl,Cancelled
8671,11893,13/01/23,,fedex,In Transit
8672,12891,20/05/20,,ups,Delivered
8673,14198,16/04/21,,bluedart,Delivered
8674,2432,17/02/20,,dhl,Cancelled
8675,7818,01/02/21,,bluedart,In Transit
8676,5927,26/04/21,,dhl,In Transit
8677,2271,17/12/22,,fedex,In Transit
8678,16806,07/09/20,,fedex,Delivered
8679,10232,11/05/23,,ups,Delivered
8680,15524,01/01/22,,bluedart,Delivered
8681,16099,04/11/23,,bluedart,Delivered
8682,14464,12/02/22,,dhl,Delivered
8683,3678,25/06/20,,fedex,In Transit
8684,3587,03/12/21,,fedex,In Transit
8685,1878,11/08/22,,dhl,In Transit
8686,12655,05/12/20,,fedex,In Transit
8687,13141,27/02/22,,fedex,Delivered
8688,7757,05/05/20,,fedex,Delivered
8689,17294,15/06/22,,fedex,In Transit
8690,3745,23/09/23,,fedex,In Transit
8691,13590,03/07/23,,bluedart,In Transit
8692,10894,17/03/20,,dhl,In Transit
8693,763,29/02/20,,fedex,Delivered
8694,21122,10/01/22,,ups,In Transit
8695,10553,01/06/23,,ups,Cancelled
8696,20007,14/03/23,,dhl,In Transit
8697,3080,17/12/21,,fedex,In Transit
8698,775,08/11/22,,dhl,Delivered
8699,15703,12/08/22,,fedex,Delivered
8700,16845,20/08/20,,ups,Delivered
8701,17660,10/10/21,,fedex,Delivered
8702,3210,29/09/23,,ups,Delivered
8703,10218,09/12/20,,fedex,Delivered
8704,7345,22/09/21,,dhl,Delivered
8705,18838,12/08/22,,fedex,Delivered
8706,19421,27/04/20,,fedex,Delivered
8707,3240,28/08/20,,ups,Cancelled
8708,10684,03/09/23,,fedex,In Transit
8709,18989,20/12/22,,bluedart,Delivered
8710,4211,28/11/21,,bluedart,Delivered
8711,20573,27/03/21,,fedex,Delivered
8712,17948,01/12/22,,fedex,Cancelled
8713,14424,06/02/21,,fedex,In Transit
8714,11497,12/02/22,,dhl,In Transit
8715,10499,26/05/23,,ups,Delivered
8716,4117,10/02/21,,bluedart,Cancelled
8717,438,25/08/21,,bluedart,Delivered
8718,1877,02/11/22,19/11/22,dhl,Returned
8719,11964,24/12/21,,dhl,In Transit
8720,1202,06/02/23,,usps,Delivered
8721,12501,01/12/22,,ups,Delivered
8722,3317,06/08/22,,ups,Delivered
8723,11026,02/11/23,,ups,In Transit
8724,5384,26/09/23,,dhl,In Transit
8725,11127,17/05/22,,bluedart,Delivered
8726,3103,21/09/20,09/10/20,fedex,Returned
8727,11743,08/09/23,,bluedart,Delivered
8728,7705,25/05/22,,fedex,Delivered
8729,1169,03/03/22,,usps,In Transit
8730,7989,07/09/20,,bluedart,Delivered
8731,16564,29/03/23,,fedex,Delivered
8732,2454,04/12/21,,ups,Delivered
8733,9757,05/01/23,,fedex,Delivered
8734,245,07/04/20,,ups,Delivered
8735,8143,12/10/22,,usps,Delivered
8736,16559,04/01/22,,bluedart,In Transit
8737,1584,19/11/21,,fedex,Delivered
8738,14494,29/02/20,,dhl,In Transit
8739,642,02/11/21,,fedex,In Transit
8740,18690,20/01/20,,usps,Delivered
8741,11435,25/09/23,,fedex,In Transit
8742,6612,27/02/23,,fedex,Cancelled
8743,11095,31/12/23,,fedex,In Transit
8744,19430,24/07/20,,fedex,Delivered
8745,10506,06/10/23,,dhl,Delivered
8746,2273,02/08/20,,fedex,Delivered
8747,13716,19/04/23,,dhl,In Transit
8748,9639,27/07/22,,fedex,Delivered
8749,16299,11/02/22,,fedex,In Transit
8750,3169,25/03/21,,bluedart,Delivered
8751,12263,14/06/23,,fedex,In Transit
8752,14775,19/02/21,,ups,In Transit
8753,17620,15/03/23,,dhl,Delivered
8754,2689,16/12/20,,dhl,Delivered
8755,15842,15/10/23,,fedex,Delivered
8756,20280,18/04/22,,fedex,In Transit
8757,10477,06/01/21,,bluedart,In Transit
8758,4829,24/02/22,,fedex,Delivered
8759,19537,24/10/22,,bluedart,In Transit
8760,16133,28/07/21,,bluedart,In Transit
8761,2494,27/06/22,,fedex,Delivered
8762,6687,02/04/20,,fedex,In Transit
8763,5449,12/08/23,,ups,Delivered
8764,21352,18/08/23,,fedex,In Transit
8765,3234,27/05/22,,usps,Delivered
8766,19061,23/07/22,,dhl,Delivered
8767,6874,21/04/22,,ups,Cancelled
8768,18641,20/10/20,,fedex,Delivered
8769,2447,21/12/21,,ups,In Transit
8770,14871,09/11/22,,fedex,In Transit
8771,12076,28/08/20,,usps,In Transit
8772,11943,21/12/22,,bluedart,Delivered
8773,1168,24/04/21,,fedex,In Transit
8774,12403,20/09/22,,fedex,In Transit
8775,14251,03/05/20,,dhl,Delivered
8776,1063,18/09/22,,fedex,Delivered
8777,3984,09/12/23,,bluedart,Delivered
8778,21044,25/05/20,,ups,In Transit
8779,5211,01/01/21,,fedex,Delivered
8780,10909,23/09/22,,usps,Cancelled
8781,8543,30/11/20,,bluedart,In Transit
8782,12948,19/05/20,,fedex,Delivered
8783,11922,20/06/21,,bluedart,Delivered
8784,12535,06/07/20,,usps,In Transit
8785,16426,08/08/22,,fedex,Delivered
8786,16691,08/10/22,,fedex,Cancelled
8787,698,04/03/23,,fedex,Delivered
8788,6595,04/09/21,,bluedart,Delivered
8789,5506,15/06/21,,dhl,Delivered
8790,15723,28/05/20,,usps,Delivered
8791,6803,17/04/21,,ups,Delivered
8792,11751,10/12/22,,usps,In Transit
8793,7919,02/06/21,,ups,Delivered
8794,3047,11/05/20,,ups,In Transit
8795,14874,29/07/20,,fedex,Delivered
8796,7570,04/12/23,,fedex,In Transit
8797,10392,29/06/20,,usps,Delivered
8798,8181,19/10/21,,fedex,Delivered
8799,2909,14/11/23,,dhl,Delivered
8800,18144,26/05/23,,dhl,In Transit
8801,6096,22/07/21,,ups,In Transit
8802,10826,03/11/20,,ups,Delivered
8803,7005,23/02/20,,bluedart,Delivered
8804,174,11/01/23,,bluedart,In Transit
8805,18600,08/03/20,,ups,In Transit
8806,11514,30/06/22,,dhl,Cancelled
8807,4989,16/11/22,,ups,In Transit
8808,16356,21/04/22,,bluedart,Delivered
8809,10959,01/03/22,,dhl,In Transit
8810,16192,09/05/20,,fedex,In Transit
8811,11470,09/07/20,,usps,Cancelled
8812,17162,21/03/21,,usps,In Transit
8813,17230,29/12/20,,fedex,Delivered
8814,1062,29/04/20,,fedex,Delivered
8815,14979,21/05/20,,dhl,Delivered
8816,17533,09/12/22,,ups,Delivered
8817,21475,13/10/21,,ups,Delivered
8818,21509,01/01/24,,dhl,In Transit
8819,6577,07/09/22,,bluedart,Delivered
8820,16728,26/05/21,,bluedart,In Transit
8821,5453,22/01/23,,fedex,Delivered
8822,2639,09/02/20,,fedex,Delivered
8823,10252,05/02/21,,dhl,Delivered
8824,15341,05/11/21,,fedex,Delivered
8825,7067,11/07/20,,fedex,In Transit
8826,3197,23/07/21,,bluedart,In Transit
8827,4303,19/04/22,,fedex,In Transit
8828,1822,22/10/22,,fedex,Delivered
8829,1642,21/08/20,,fedex,In Transit
8830,614,02/07/20,,ups,In Transit
8831,202,09/03/21,,fedex,In Transit
8832,2942,14/01/21,,fedex,In Transit
8833,4666,20/09/20,,dhl,Cancelled
8834,13924,20/08/23,,fedex,In Transit
8835,10348,12/11/22,,fedex,In Transit
8836,20415,02/01/20,,usps,Delivered
8837,13707,26/11/21,,dhl,Delivered
8838,3053,15/04/23,,fedex,In Transit
8839,1607,28/04/22,,fedex,Delivered
8840,12337,18/04/21,,fedex,In Transit
8841,4379,31/01/20,,fedex,In Transit
8842,12202,03/04/23,,ups,Delivered
8843,14275,01/05/21,,fedex,In Transit
8844,19132,02/07/20,,fedex,Delivered
8845,866,10/04/21,,fedex,Delivered
8846,6568,19/06/21,,fedex,Delivered
8847,15515,24/03/22,,fedex,In Transit
8848,2573,18/05/20,,ups,Delivered
8849,13015,04/11/21,,dhl,Cancelled
8850,16847,17/11/20,,ups,Delivered
8851,9925,27/03/22,,dhl,Delivered
8852,19566,13/11/22,,fedex,Delivered
8853,416,03/06/20,,fedex,Delivered
8854,14713,03/06/23,,bluedart,In Transit
8855,13158,02/03/22,,fedex,In Transit
8856,6564,26/06/23,,fedex,In Transit
8857,9612,10/10/21,,bluedart,Delivered
8858,6873,17/07/23,,ups,Delivered
8859,17800,05/02/20,,fedex,Delivered
8860,8931,15/02/20,,fedex,In Transit
8861,6590,23/07/20,,ups,Delivered
8862,3769,27/05/23,,fedex,Delivered
8863,2137,02/11/20,,fedex,Delivered
8864,15761,09/01/20,,fedex,In Transit
8865,26,10/04/20,,ups,Delivered
8866,10591,27/04/21,19/05/21,fedex,Returned
8867,7377,17/12/23,,bluedart,Cancelled
8868,3245,12/06/20,,fedex,In Transit
8869,18330,27/03/21,,fedex,Delivered
8870,1026,01/03/21,,ups,Delivered
8871,6587,16/03/23,,ups,Delivered
8872,18873,19/03/20,,dhl,In Transit
8873,393,10/11/22,,dhl,In Transit
8874,10457,31/07/22,,fedex,In Transit
8875,7961,26/07/21,,dhl,Delivered
8876,10552,25/05/22,,dhl,Delivered
8877,6796,19/10/23,,dhl,Delivered
8878,20262,28/01/22,,fedex,Delivered
8879,17298,15/08/20,,dhl,Delivered
8880,21217,17/06/22,,fedex,In Transit
8881,11278,04/02/21,,fedex,In Transit
8882,12592,24/06/23,,fedex,Delivered
8883,1906,10/08/23,,ups,In Transit
8884,8967,11/11/23,,bluedart,In Transit
8885,4657,31/01/23,10/02/23,fedex,Returned
8886,10602,14/04/20,,ups,In Transit
8887,11018,07/06/22,,fedex,Delivered
8888,12324,22/10/20,,bluedart,Delivered
8889,1046,02/08/22,,bluedart,In Transit
8890,4550,28/02/21,,fedex,Delivered
8891,6375,19/09/23,,ups,Delivered
8892,12309,17/05/21,,fedex,Delivered
8893,3227,21/10/22,,bluedart,Delivered
8894,16918,12/05/22,,fedex,Delivered
8895,17571,24/09/23,,bluedart,In Transit
8896,19436,13/08/21,,ups,In Transit
8897,10890,27/04/20,,fedex,Delivered
8898,3558,30/10/20,,fedex,Cancelled
8899,20884,27/01/23,12/02/23,fedex,Returned
8900,4543,26/11/22,,fedex,Delivered
8901,3716,14/07/22,,fedex,Delivered
8902,7114,23/09/20,,fedex,In Transit
8903,12197,31/07/20,,dhl,In Transit
8904,15555,15/04/23,,dhl,Delivered
8905,16763,06/01/22,,bluedart,Delivered
8906,10283,22/04/22,,usps,In Transit
8907,11235,23/11/20,,dhl,In Transit
8908,10733,06/10/22,,ups,In Transit
8909,6583,02/01/22,,fedex,Delivered
8910,17117,10/11/20,,ups,Delivered
8911,15967,03/04/22,,fedex,In Transit
8912,3070,27/03/21,,fedex,Delivered
8913,11857,20/03/20,02/04/20,usps,Returned
8914,10824,04/01/23,,usps,Delivered
8915,7189,18/05/20,,usps,Delivered
8916,9371,18/09/23,,dhl,Delivered
8917,1497,18/05/21,,ups,In Transit
8918,13739,04/12/23,,bluedart,Delivered
8919,8414,19/08/20,,fedex,In Transit
8920,19148,01/02/21,,usps,Delivered
8921,10917,23/12/21,,fedex,Delivered
8922,4491,05/08/20,,dhl,Delivered
8923,8895,26/07/21,,fedex,Delivered
8924,9946,16/09/22,,fedex,Delivered
8925,16351,11/07/21,,fedex,Delivered
8926,16981,09/11/22,,fedex,Delivered
8927,6459,23/02/21,,dhl,Delivered
8928,18759,10/03/20,,fedex,In Transit
8929,21001,15/09/23,,fedex,Delivered
8930,7839,26/07/22,,fedex,In Transit
8931,7899,29/05/21,,fedex,Cancelled
8932,1758,21/05/21,,bluedart,Delivered
8933,14589,22/07/22,,fedex,In Transit
8934,9853,21/06/23,,dhl,In Transit
8935,10503,10/09/21,,bluedart,Delivered
8936,18980,28/02/23,,usps,Delivered
8937,12307,18/10/20,,ups,In Transit
8938,12845,14/05/21,,dhl,Delivered
8939,3584,15/06/20,,fedex,In Transit
8940,4572,28/06/20,,fedex,Cancelled
8941,16061,23/06/20,,dhl,Delivered
8942,6838,08/07/23,,fedex,Delivered
8943,880,28/06/23,,dhl,Delivered
8944,2582,19/06/20,,ups,In Transit
8945,4670,14/07/23,,ups,Delivered
8946,20967,08/04/23,,ups,In Transit
8947,9808,12/11/20,,fedex,In Transit
8948,9718,03/02/20,,usps,In Transit
8949,2989,03/04/23,,fedex,Delivered
8950,10278,19/09/22,,fedex,Delivered
8951,2030,02/03/21,,ups,Delivered
8952,17916,30/08/21,,fedex,Cancelled
8953,1696,18/03/23,,dhl,Delivered
8954,11924,09/02/22,,fedex,In Transit
8955,1174,22/03/23,,fedex,Delivered
8956,15025,19/10/21,,dhl,Cancelled
8957,11931,16/05/23,,fedex,Delivered
8958,20451,12/01/20,,fedex,In Transit
8959,5938,25/12/23,,fedex,In Transit
8960,3803,09/09/21,,ups,Delivered
8961,11146,17/12/22,,fedex,In Transit
8962,4444,15/01/22,,bluedart,In Transit
8963,15927,15/08/23,,fedex,Delivered
8964,21048,23/08/23,,usps,Delivered
8965,2975,10/07/21,21/07/21,bluedart,Returned
8966,11955,14/04/22,,dhl,Delivered
8967,12,13/02/22,,fedex,Delivered
8968,295,05/07/21,,dhl,In Transit
8969,3002,10/03/22,,dhl,Delivered
8970,12722,22/01/23,,fedex,Delivered
8971,7798,27/12/23,,fedex,Delivered
8972,14645,04/07/23,,bluedart,In Transit
8973,12809,11/10/20,,fedex,In Transit
8974,13084,30/05/23,,ups,Delivered
8975,4798,04/10/21,,fedex,In Transit
8976,15808,13/04/23,,dhl,Delivered
8977,8360,26/05/22,,usps,Delivered
8978,3720,12/10/22,,fedex,Delivered
8979,5009,09/09/23,,fedex,In Transit
8980,8574,12/03/23,,fedex,In Transit
8981,12637,15/07/22,,dhl,Delivered
8982,11552,07/11/21,,bluedart,Delivered
8983,17513,09/05/22,,fedex,Delivered
8984,12265,06/05/23,,fedex,In Transit
8985,19647,06/09/23,,fedex,Delivered
8986,11285,01/02/23,14/02/23,fedex,Returned
8987,11140,06/02/21,,fedex,Delivered
8988,18857,06/06/23,,bluedart,Delivered
8989,11653,07/04/23,,fedex,Delivered
8990,7163,21/07/21,,fedex,Delivered
8991,13039,27/03/23,,bluedart,Delivered
8992,16539,21/04/21,,fedex,Delivered
8993,16782,22/11/22,,bluedart,Cancelled
8994,20052,10/12/23,,ups,Cancelled
8995,7274,27/10/21,15/11/21,ups,Returned
8996,1617,22/01/20,,dhl,Delivered
8997,19285,20/06/21,,bluedart,Delivered
8998,17474,31/12/20,,fedex,In Transit
8999,5105,15/10/21,,fedex,Delivered
9000,14667,21/06/21,,bluedart,Delivered
9001,21307,08/02/22,,dhl,Delivered
9002,19239,04/12/20,,bluedart,Delivered
9003,8126,21/01/23,,dhl,In Transit
9004,20527,20/09/22,,fedex,Delivered
9005,16078,18/03/20,,dhl,Delivered
9006,3305,01/05/22,,fedex,In Transit
9007,19792,01/05/23,,usps,Delivered
9008,564,03/01/23,,bluedart,Delivered
9009,11202,17/01/22,,ups,Delivered
9010,12227,11/07/20,,dhl,In Transit
9011,9053,27/11/23,,bluedart,Delivered
9012,15099,10/08/22,,usps,In Transit
9013,14432,22/01/20,,fedex,In Transit
9014,7244,28/10/22,,bluedart,Cancelled
9015,4411,26/02/22,,fedex,In Transit
9016,8068,14/12/20,,bluedart,Delivered
9017,3872,01/06/22,,dhl,Delivered
9018,1992,26/04/20,,dhl,In Transit
9019,872,24/08/23,,fedex,In Transit
9020,8116,08/10/20,,fedex,Delivered
9021,72,15/03/23,,fedex,Delivered
9022,11978,21/03/20,,bluedart,In Transit
9023,17687,21/02/23,,dhl,Delivered
9024,3721,24/05/21,,dhl,Delivered
9025,16892,08/12/23,,fedex,Cancelled
9026,12489,26/08/22,,fedex,In Transit
9027,1731,05/04/21,,fedex,In Transit
9028,17138,17/11/22,,ups,In Transit
9029,14698,11/09/21,,ups,Delivered
9030,20593,10/04/21,,fedex,In Transit
9031,21601,14/11/21,,fedex,Delivered
9032,16520,12/07/21,,dhl,Delivered
9033,2180,26/08/23,,dhl,Delivered
9034,9209,17/07/23,,bluedart,Delivered
9035,18003,31/10/23,,fedex,In Transit
9036,18451,28/09/21,,dhl,Delivered
9037,15178,06/09/21,,fedex,Delivered
9038,4140,10/05/23,,fedex,Delivered
9039,5360,17/04/23,,ups,Delivered
9040,7689,27/09/23,20/10/23,bluedart,Returned
9041,13901,16/12/22,,fedex,Delivered
9042,1524,13/10/20,,bluedart,Delivered
9043,11409,25/02/20,,fedex,In Transit
9044,3577,03/07/21,20/07/21,usps,Returned
9045,20811,30/08/23,,dhl,Cancelled
9046,19246,31/05/20,,dhl,Delivered
9047,9415,01/02/23,,fedex,In Transit
9048,1145,31/08/22,,dhl,In Transit
9049,16403,28/08/23,,fedex,Delivered
9050,11638,30/07/23,,bluedart,Delivered
9051,10642,05/11/23,,fedex,In Transit
9052,919,08/08/20,,dhl,Delivered
9053,6509,02/08/21,,fedex,Delivered
9054,13235,16/07/23,,usps,Delivered
9055,5378,13/05/23,,fedex,Delivered
9056,21363,09/08/23,,fedex,In Transit
9057,14125,04/12/21,,dhl,Delivered
9058,11148,12/05/20,,ups,Delivered
9059,7397,18/12/23,,fedex,Delivered
9060,10891,10/03/22,,usps,Delivered
9061,4090,20/12/21,,bluedart,Delivered
9062,4289,04/08/21,,fedex,Delivered
9063,5558,08/05/22,,bluedart,Delivered
9064,5335,22/04/22,,fedex,Delivered
9065,19420,11/02/21,,ups,Delivered
9066,3196,28/04/21,,bluedart,Cancelled
9067,21408,22/04/22,,usps,Delivered
9068,8818,30/07/23,,fedex,Delivered
9069,419,05/06/20,,fedex,In Transit
9070,21187,19/04/20,,ups,Delivered
9071,15816,01/10/20,,ups,Delivered
9072,4768,15/08/22,,ups,Delivered
9073,5086,25/12/22,,fedex,In Transit
9074,8938,17/02/20,,dhl,Delivered
9075,4166,05/03/23,,usps,Delivered
9076,10,22/09/23,,dhl,Delivered
9077,902,07/01/21,,fedex,Delivered
9078,17815,10/09/22,,usps,In Transit
9079,9228,19/01/22,,dhl,In Transit
9080,7582,13/08/22,,dhl,In Transit
9081,11075,01/06/22,,bluedart,Delivered
9082,18890,17/06/23,,fedex,In Transit
9083,5742,17/05/22,,fedex,In Transit
9084,7721,14/02/20,,bluedart,In Transit
9085,3485,09/04/21,,dhl,In Transit
9086,21588,18/12/22,,fedex,In Transit
9087,3291,26/10/23,,bluedart,In Transit
9088,17325,15/12/20,,fedex,In Transit
9089,3411,12/11/20,,fedex,In Transit
9090,5228,29/12/23,08/01/24,ups,Returned
9091,1385,02/04/21,,dhl,Delivered
9092,13954,14/03/21,,fedex,In Transit
9093,8475,17/10/20,,fedex,Delivered
9094,3646,19/04/22,,usps,Delivered
9095,21089,16/01/20,,ups,Delivered
9096,18356,25/06/23,,dhl,In Transit
9097,260,21/12/21,,ups,Cancelled
9098,15529,14/05/20,,fedex,In Transit
9099,4904,19/09/21,,bluedart,Delivered
9100,4732,15/10/23,,dhl,Delivered
9101,18741,25/04/22,,fedex,In Transit
9102,2118,22/12/20,,fedex,Delivered
9103,1353,10/10/22,,bluedart,Delivered
9104,2090,16/12/21,,fedex,Delivered
9105,1030,18/09/21,,fedex,Delivered
9106,18633,18/08/22,,dhl,In Transit
9107,10831,04/10/23,,fedex,In Transit
9108,301,04/09/23,24/09/23,fedex,Returned
9109,7338,07/06/20,,ups,Delivered
9110,21364,26/12/23,,bluedart,Delivered
9111,21600,21/06/20,,fedex,Delivered
9112,13887,16/08/23,,fedex,Delivered
9113,20454,27/11/22,,fedex,Delivered
9114,13890,12/07/23,,fedex,Cancelled
9115,3687,16/03/21,,fedex,In Transit
9116,7120,19/05/21,,fedex,Delivered
9117,11732,23/05/21,,dhl,Delivered
9118,15897,07/11/21,,fedex,Delivered
9119,361,12/01/22,,ups,Delivered
9120,10932,27/05/20,,fedex,In Transit
9121,17787,22/12/20,,fedex,In Transit
9122,1939,20/02/23,,dhl,Delivered
9123,9311,21/10/21,,bluedart,Delivered
9124,8507,15/08/23,,fedex,In Transit
9125,9240,31/01/22,,fedex,Delivered
9126,9983,13/07/22,,ups,Delivered
9127,13514,01/08/22,,fedex,Delivered
9128,14082,27/06/20,,ups,Delivered
9129,16079,28/03/20,,fedex,Cancelled
9130,6095,25/02/21,,usps,Delivered
9131,7942,02/03/21,,fedex,Delivered
9132,8642,20/04/23,,fedex,Delivered
9133,11628,08/09/23,,fedex,In Transit
9134,9399,25/04/23,,fedex,Delivered
9135,6748,15/10/23,,fedex,In Transit
9136,2107,06/01/22,,fedex,Delivered
9137,6416,07/05/20,,fedex,In Transit
9138,20936,10/06/23,,fedex,Delivered
9139,20094,15/05/23,,dhl,In Transit
9140,12605,04/06/21,,dhl,Delivered
9141,7513,04/10/21,,fedex,Delivered
9142,19205,30/06/22,,fedex,Delivered
9143,7127,20/02/23,,bluedart,Delivered
9144,19319,13/01/21,,fedex,Delivered
9145,5255,29/09/20,,fedex,Delivered
9146,10857,23/10/23,,fedex,In Transit
9147,2094,04/07/23,,fedex,Cancelled
9148,18566,16/10/20,,fedex,Delivered
9149,17806,04/11/23,,fedex,Delivered
9150,20945,24/12/20,,ups,Delivered
9151,11325,19/08/22,,dhl,Delivered
9152,17829,24/06/22,,dhl,In Transit
9153,6632,21/06/20,,fedex,Delivered
9154,16988,31/01/22,,dhl,Delivered
9155,15207,09/10/21,,dhl,Delivered
9156,14196,12/07/22,,fedex,Delivered
9157,6988,01/10/23,,ups,In Transit
9158,5629,20/06/22,,dhl,Delivered
9159,13290,10/08/21,,fedex,Delivered
9160,18391,28/06/21,,fedex,Delivered
9161,9538,10/09/21,,fedex,Delivered
9162,9815,07/08/21,,dhl,In Transit
9163,9721,07/06/20,,fedex,Delivered
9164,20156,01/05/22,24/05/22,dhl,Returned
9165,18377,14/05/21,,dhl,In Transit
9166,79,08/06/20,,fedex,Delivered
9167,8104,19/11/22,,dhl,In Transit
9168,13702,05/11/20,,ups,In Transit
9169,13056,02/05/21,,bluedart,Delivered
9170,8028,29/12/22,,bluedart,In Transit
9171,20956,26/04/23,,fedex,Delivered
9172,1855,08/01/22,,fedex,Delivered
9173,11719,25/09/23,,dhl,Delivered
9174,313,06/06/20,,dhl,Delivered
9175,493,08/09/23,,bluedart,Delivered
9176,14300,14/07/22,,dhl,In Transit
9177,6731,24/02/21,,dhl,Delivered
9178,13728,11/05/23,,fedex,Delivered
9179,11494,21/07/23,,fedex,Delivered
9180,460,10/04/20,,dhl,In Transit
9181,13052,23/10/22,,usps,Cancelled
9182,18735,23/12/21,,ups,In Transit
9183,7126,22/06/23,,usps,Delivered
9184,19984,11/05/23,,fedex,Delivered
9185,14880,29/06/20,,ups,Delivered
9186,3151,03/01/22,,dhl,In Transit
9187,18645,13/07/23,,bluedart,Delivered
9188,9771,01/10/21,,bluedart,Delivered
9189,7915,20/12/20,,fedex,In Transit
9190,12554,14/02/21,,dhl,Cancelled
9191,8342,18/07/21,,fedex,Delivered
9192,19594,10/09/22,05/10/22,bluedart,Returned
9193,3040,30/09/22,,usps,Delivered
9194,7130,18/06/21,,usps,In Transit
9195,3597,24/08/21,,ups,In Transit
9196,2951,01/02/21,,bluedart,Delivered
9197,18581,03/11/23,,fedex,Delivered
9198,14446,31/01/23,,fedex,Delivered
9199,1755,03/07/23,,fedex,Delivered
9200,14129,20/12/20,,fedex,Delivered
9201,4896,10/03/20,,dhl,Delivered
9202,7311,14/05/23,,fedex,In Transit
9203,12460,04/07/22,,dhl,In Transit
9204,2329,27/08/21,,ups,In Transit
9205,10810,26/05/22,,dhl,In Transit
9206,4447,15/09/20,,fedex,Delivered
9207,19314,01/10/22,,bluedart,Delivered
9208,10877,05/02/20,,fedex,Delivered
9209,20471,22/11/21,,bluedart,Delivered
9210,9792,01/04/22,,dhl,Delivered
9211,12034,06/08/22,,fedex,In Transit
9212,10256,06/03/20,,fedex,Cancelled
9213,14615,04/01/21,,usps,In Transit
9214,21391,17/02/23,,ups,In Transit
9215,11658,19/09/20,,ups,Delivered
9216,5847,21/11/23,,ups,In Transit
9217,17208,04/08/23,,fedex,Delivered
9218,4132,29/08/21,,dhl,Delivered
9219,3428,30/07/23,,fedex,In Transit
9220,5468,27/10/20,,fedex,Delivered
9221,7141,26/02/20,,dhl,Delivered
9222,19708,29/11/23,,bluedart,In Transit
9223,8161,01/11/22,,ups,Delivered
9224,11981,08/01/20,,bluedart,Cancelled
9225,9008,21/06/22,,dhl,Delivered
9226,11907,18/04/21,,usps,Delivered
9227,9972,14/07/22,,bluedart,Delivered
9228,13281,28/03/23,,dhl,Delivered
9229,11301,16/07/20,,fedex,Delivered
9230,3195,12/06/22,,fedex,Delivered
9231,9728,04/11/21,,fedex,Delivered
9232,1678,28/02/23,,fedex,Delivered
9233,2811,29/05/22,,dhl,In Transit
9234,14660,12/03/23,,fedex,Delivered
9235,11851,19/06/22,,bluedart,In Transit
9236,3668,04/12/20,,dhl,Delivered
9237,13513,12/03/23,,fedex,Delivered
9238,539,29/09/21,,fedex,Delivered
9239,2330,28/12/22,,dhl,Delivered
9240,12154,26/08/20,,ups,In Transit
9241,7222,27/07/23,,fedex,In Transit
9242,14561,01/04/22,,ups,Cancelled
9243,3404,23/10/21,,fedex,Cancelled
9244,19308,27/06/21,,fedex,Delivered
9245,4621,13/02/21,,dhl,Delivered
9246,5148,10/06/20,,fedex,In Transit
9247,4283,27/12/21,,dhl,In Transit
9248,14852,09/10/20,,fedex,In Transit
9249,11659,17/07/21,,dhl,In Transit
9250,16704,07/08/22,,fedex,Delivered
9251,19464,22/03/20,,fedex,Delivered
9252,6413,21/04/22,,usps,Delivered
9253,2593,02/12/21,,fedex,Delivered
9254,14133,03/04/23,,bluedart,In Transit
9255,17095,24/05/21,,dhl,Delivered
9256,7972,11/12/22,,ups,In Transit
9257,12832,30/07/21,,fedex,In Transit
9258,12804,08/08/22,,fedex,Delivered
9259,11535,27/09/21,,fedex,In Transit
9260,16242,05/02/20,,usps,In Transit
9261,2504,27/06/20,,ups,Delivered
9262,3216,21/03/22,,bluedart,In Transit
9263,5180,08/12/23,,bluedart,In Transit
9264,3634,28/09/23,,fedex,Delivered
9265,8622,10/10/21,,ups,In Transit
9266,11263,28/11/21,,fedex,Delivered
9267,13773,18/10/21,,fedex,Delivered
9268,7476,09/02/22,,dhl,In Transit
9269,6735,13/05/20,,dhl,Delivered
9270,18834,17/01/20,,dhl,In Transit
9271,2039,30/01/23,,fedex,Delivered
9272,13785,25/05/23,,dhl,In Transit
9273,3386,07/10/22,,usps,Cancelled
9274,18206,18/08/21,,fedex,In Transit
9275,18235,07/01/21,,bluedart,Delivered
9276,5294,19/11/20,,usps,Delivered
9277,16055,07/11/20,,fedex,Delivered
9278,6571,29/04/22,,dhl,Cancelled
9279,5825,16/09/21,,ups,Delivered
9280,17668,15/04/23,,fedex,In Transit
9281,7695,03/10/22,,dhl,In Transit
9282,17168,02/08/23,,fedex,In Transit
9283,12768,04/02/21,,usps,Delivered
9284,6620,17/11/23,,dhl,In Transit
9285,5572,03/10/23,,fedex,Delivered
9286,18400,13/02/22,,bluedart,Delivered
9287,3836,03/07/22,,fedex,In Transit
9288,21467,24/03/20,,bluedart,Delivered
9289,12398,14/01/20,,fedex,In Transit
9290,2161,10/09/20,,usps,Delivered
9291,18075,12/03/23,,ups,In Transit
9292,1595,26/06/23,,bluedart,Delivered
9293,14525,01/05/21,,dhl,Delivered
9294,2373,12/06/23,,dhl,Delivered
9295,474,12/03/21,,ups,Delivered
9296,7755,15/03/20,,fedex,In Transit
9297,13695,05/02/22,,fedex,Delivered
9298,19897,15/10/22,,usps,In Transit
9299,6311,19/05/22,,fedex,In Transit
9300,4230,22/01/21,,dhl,Cancelled
9301,5970,11/07/20,,fedex,In Transit
9302,8571,07/08/20,,fedex,Delivered
9303,9539,25/05/22,,ups,Delivered
9304,8394,25/08/20,,fedex,Delivered
9305,17929,30/09/22,,fedex,Cancelled
9306,15492,16/09/23,,dhl,In Transit
9307,16259,02/10/22,,dhl,In Transit
9308,1548,12/07/23,,fedex,Delivered
9309,17842,28/12/23,,fedex,Delivered
9310,16812,15/03/21,,dhl,Delivered
9311,16221,07/06/20,,fedex,Delivered
9312,20670,11/03/20,,dhl,Delivered
9313,7615,06/11/21,,ups,In Transit
9314,12468,16/07/23,,fedex,In Transit
9315,20869,23/11/21,,fedex,Delivered
9316,6973,02/03/20,,dhl,Cancelled
9317,3849,10/03/21,,ups,Delivered
9318,8320,07/01/20,,dhl,Delivered
9319,19196,23/10/22,,usps,In Transit
9320,479,02/08/22,22/08/22,bluedart,Returned
9321,6078,02/09/23,,fedex,In Transit
9322,12377,28/09/20,,bluedart,Delivered
9323,15780,04/08/21,,fedex,In Transit
9324,19697,02/04/22,,bluedart,In Transit
9325,5547,02/04/20,,fedex,Delivered
9326,13129,12/08/23,,fedex,Delivered
9327,11721,27/09/23,,fedex,Delivered
9328,5683,18/12/22,,fedex,In Transit
9329,3989,25/10/22,,usps,Delivered
9330,15349,03/12/22,,bluedart,In Transit
9331,4404,27/05/23,06/06/23,dhl,Returned
9332,21012,09/12/23,,bluedart,Delivered
9333,758,15/02/21,,bluedart,In Transit
9334,20634,20/11/21,,dhl,Delivered
9335,558,07/10/20,,dhl,Delivered
9336,11305,25/07/23,,fedex,Delivered
9337,13448,28/06/23,,fedex,Delivered
9338,2585,24/08/20,,fedex,Delivered
9339,8703,30/01/20,,dhl,In Transit
9340,19761,05/08/22,,dhl,In Transit
9341,17595,05/12/22,,bluedart,In Transit
9342,7813,07/09/20,,ups,In Transit
9343,3761,20/03/21,,fedex,In Transit
9344,18367,14/02/20,,fedex,Cancelled
9345,2875,05/03/22,,fedex,In Transit
9346,20386,10/05/20,,dhl,Delivered
9347,1081,30/03/22,,usps,Delivered
9348,2269,19/04/22,,dhl,In Transit
9349,19794,18/01/23,,fedex,Delivered
9350,13016,25/04/21,,fedex,Delivered
9351,20681,01/10/20,,dhl,In Transit
9352,11224,26/04/20,,bluedart,Delivered
9353,16156,22/11/21,,dhl,In Transit
9354,16147,09/08/21,,usps,Delivered
9355,7996,06/12/20,,fedex,Delivered
9356,5977,22/10/20,,fedex,In Transit
9357,11748,09/09/22,,usps,Delivered
9358,7182,14/10/23,,ups,Delivered
9359,990,10/03/21,,fedex,Delivered
9360,10997,07/09/21,,ups,Delivered
9361,12847,16/03/20,,dhl,In Transit
9362,7975,19/04/20,,fedex,Cancelled
9363,2377,20/04/22,,dhl,Delivered
9364,8105,07/05/20,,dhl,In Transit
9365,14299,30/03/23,,bluedart,Delivered
9366,14086,30/09/23,,dhl,Cancelled
9367,4894,10/03/21,,bluedart,Delivered
9368,16361,13/10/22,,ups,In Transit
9369,690,27/07/22,,usps,In Transit
9370,7416,12/04/22,,fedex,Delivered
9371,19757,18/03/23,,fedex,Delivered
9372,8934,24/08/23,,fedex,Delivered
9373,1564,30/10/23,,dhl,Delivered
9374,6024,14/10/23,,ups,In Transit
9375,12968,08/04/23,,fedex,Delivered
9376,17798,15/11/21,,usps,Cancelled
9377,16815,10/02/23,,fedex,In Transit
9378,5642,22/01/23,,dhl,Delivered
9379,19769,03/06/20,,usps,In Transit
9380,10775,09/08/22,,dhl,Delivered
9381,2087,14/10/21,,fedex,Delivered
9382,4358,05/12/21,,dhl,In Transit
9383,7969,27/10/21,,bluedart,Delivered
9384,1166,24/01/23,,ups,Delivered
9385,6893,16/07/20,,fedex,Delivered
9386,2590,21/11/22,,dhl,Cancelled
9387,3183,09/02/21,,fedex,Delivered
9388,1741,03/01/20,,bluedart,Delivered
9389,11522,17/12/23,,fedex,Delivered
9390,19657,23/05/21,,dhl,Cancelled
9391,10525,18/04/23,,bluedart,In Transit
9392,4595,12/10/21,,bluedart,Delivered
9393,4462,11/07/20,,bluedart,In Transit
9394,661,30/07/23,,ups,In Transit
9395,14276,21/01/22,,fedex,In Transit
9396,4360,16/10/20,,dhl,Delivered
9397,15211,01/10/23,,fedex,Delivered
9398,13293,24/09/23,,dhl,Delivered
9399,13498,29/04/23,,dhl,Delivered
9400,6631,01/07/22,,fedex,Delivered
9401,20487,09/05/21,,bluedart,In Transit
9402,15503,10/01/21,,bluedart,Delivered
9403,4206,10/10/20,,fedex,In Transit
9404,7467,28/01/20,,dhl,Delivered
9405,1142,31/05/21,,bluedart,Cancelled
9406,10931,27/08/20,,dhl,In Transit
9407,12478,14/09/22,,ups,Delivered
9408,6361,30/09/23,,fedex,Delivered
9409,16209,30/04/23,,fedex,In Transit
9410,13989,10/09/21,,fedex,Delivered
9411,4954,27/03/22,,dhl,In Transit
9412,11689,11/12/20,,fedex,Delivered
9413,5830,21/07/21,,usps,Delivered
9414,12902,13/10/20,,fedex,Delivered
9415,21223,25/11/23,,bluedart,Delivered
9416,14588,21/09/21,,bluedart,In Transit
9417,19895,17/12/21,,ups,In Transit
9418,13048,21/10/20,,fedex,Delivered
9419,16525,06/04/23,,fedex,In Transit
9420,17791,29/09/21,,dhl,Delivered
9421,17985,27/03/23,,fedex,Delivered
9422,15866,18/12/22,,fedex,In Transit
9423,11546,22/10/20,,fedex,Delivered
9424,19302,26/08/22,,fedex,In Transit
9425,10493,08/07/20,,fedex,In Transit
9426,6950,17/12/20,,usps,Delivered
9427,6775,03/03/22,,usps,In Transit
9428,928,23/12/22,,ups,Delivered
9429,3385,02/11/22,,fedex,Delivered
9430,9473,12/09/23,,fedex,Cancelled
9431,15393,19/09/20,,dhl,Delivered
9432,20665,17/12/22,,ups,In Transit
9433,10432,23/08/22,,dhl,Cancelled
9434,18133,12/05/23,,fedex,Delivered
9435,13429,07/01/22,,usps,Delivered
9436,17966,10/02/21,,dhl,Delivered
9437,16783,28/12/21,,bluedart,In Transit
9438,15061,10/12/22,,dhl,Delivered
9439,14398,08/12/20,,ups,In Transit
9440,3121,11/11/23,,fedex,Delivered
9441,101,26/09/22,,usps,Cancelled
9442,28,04/02/21,,fedex,Delivered
9443,8317,03/08/20,,fedex,Delivered
9444,9454,12/10/23,,fedex,Delivered
9445,9931,02/08/23,,dhl,In Transit
9446,18789,12/05/23,,usps,Delivered
9447,10163,08/01/23,,dhl,Delivered
9448,12300,25/01/20,,dhl,Delivered
9449,20649,05/11/21,,fedex,Delivered
9450,14610,14/12/23,,ups,Delivered
9451,13388,26/05/20,,fedex,In Transit
9452,8022,13/10/20,20/10/20,dhl,Returned
9453,14122,08/05/22,,fedex,Delivered
9454,7161,09/05/23,,dhl,Cancelled
9455,6129,14/11/21,,bluedart,Delivered
9456,6073,10/08/21,,bluedart,Delivered
9457,106,02/12/23,,ups,In Transit
9458,3569,10/09/22,,fedex,Delivered
9459,21561,04/08/20,25/08/20,fedex,Returned
9460,12920,14/06/22,06/07/22,fedex,Returned
9461,1832,24/02/23,,bluedart,In Transit
9462,2976,14/04/22,,fedex,In Transit
9463,13297,08/11/20,,bluedart,Delivered
9464,11303,23/11/23,,bluedart,Delivered
9465,2375,30/12/22,,fedex,Delivered
9466,13456,04/08/22,,fedex,Delivered
9467,5043,28/09/23,,ups,In Transit
9468,8158,04/01/23,,bluedart,Delivered
9469,20733,11/07/22,,fedex,In Transit
9470,5805,22/03/21,,ups,Delivered
9471,13294,21/11/20,,fedex,Delivered
9472,10043,13/04/20,,dhl,Delivered
9473,12777,21/08/22,,fedex,In Transit
9474,13904,12/02/22,,usps,Delivered
9475,20390,29/07/20,10/08/20,fedex,Returned
9476,16168,05/05/22,,bluedart,Cancelled
9477,8667,06/05/22,,dhl,Delivered
9478,8385,16/03/22,04/04/22,fedex,Returned
9479,1928,01/02/22,,fedex,Delivered
9480,13317,07/06/23,,bluedart,In Transit
9481,16661,05/01/22,,ups,Delivered
9482,18839,06/05/22,,ups,In Transit
9483,15200,11/11/21,,fedex,Cancelled
9484,12296,05/12/21,,fedex,Delivered
9485,4667,08/11/23,,dhl,Delivered
9486,16587,18/01/23,,bluedart,Delivered
9487,9672,06/12/20,,dhl,Delivered
9488,16293,17/03/22,,dhl,In Transit
9489,5145,10/04/23,,ups,Delivered
9490,12685,13/02/22,06/03/22,dhl,Returned
9491,3229,20/09/23,,ups,In Transit
9492,16626,07/03/21,,fedex,Delivered
9493,19093,03/12/22,,fedex,Delivered
9494,868,24/07/23,,bluedart,In Transit
9495,18738,24/03/21,,dhl,Delivered
9496,14988,02/11/20,,fedex,Delivered
9497,2555,25/04/20,,fedex,In Transit
9498,21477,19/01/21,,fedex,Delivered
9499,20998,02/11/23,,bluedart,Delivered
9500,9706,03/11/23,,ups,In Transit
9501,13176,21/04/20,,usps,In Transit
9502,11317,03/10/22,,fedex,Delivered
9503,18482,24/07/20,29/07/20,fedex,Returned
9504,10404,27/04/22,,usps,In Transit
9505,18475,01/06/22,,fedex,In Transit
9506,12952,29/04/21,,fedex,In Transit
9507,12763,11/08/23,,fedex,In Transit
9508,8772,31/10/22,,fedex,In Transit
9509,16342,26/03/20,,bluedart,In Transit
9510,17225,23/02/20,,fedex,In Transit
9511,6037,11/02/21,,usps,In Transit
9512,9044,16/03/20,,dhl,In Transit
9513,18457,18/07/23,,bluedart,Delivered
9514,3128,09/06/22,,fedex,Delivered
9515,15467,16/12/23,,ups,Delivered
9516,5835,19/11/20,,dhl,Delivered
9517,5797,27/03/22,,dhl,Delivered
9518,17773,14/06/22,,fedex,In Transit
9519,8033,12/06/23,,dhl,Delivered
9520,7145,09/07/23,,usps,Delivered
9521,18535,13/11/20,,ups,Delivered
9522,20707,05/12/22,,bluedart,In Transit
9523,2322,28/07/23,,usps,In Transit
9524,6832,29/11/22,,ups,Cancelled
9525,4459,01/08/23,,fedex,In Transit
9526,9165,03/11/21,,bluedart,Delivered
9527,12169,28/06/21,,bluedart,In Transit
9528,7691,01/05/23,,dhl,Delivered
9529,2280,27/01/22,,dhl,Delivered
9530,1693,12/02/22,,fedex,Delivered
9531,8521,15/02/22,,fedex,Delivered
9532,6652,06/09/22,,fedex,Delivered
9533,7690,10/07/23,,fedex,Delivered
9534,10009,30/10/21,,ups,Delivered
9535,12303,07/11/22,,usps,Delivered
9536,7440,01/10/22,,fedex,In Transit
9537,17445,18/06/20,,fedex,Delivered
9538,9550,22/01/21,,fedex,Cancelled
9539,611,11/10/21,,bluedart,Cancelled
9540,15106,04/09/21,,usps,Delivered
9541,17535,01/08/22,,bluedart,Delivered
9542,5343,01/05/20,,fedex,In Transit
9543,15192,11/02/21,,bluedart,In Transit
9544,20315,24/03/22,,fedex,Delivered
9545,3071,30/12/20,,ups,In Transit
9546,6066,01/11/23,,bluedart,Cancelled
9547,10336,25/08/20,,fedex,In Transit
9548,12424,15/03/22,,dhl,Delivered
9549,20081,05/12/20,,bluedart,In Transit
9550,6353,23/01/21,,fedex,In Transit
9551,14793,22/02/21,,ups,Delivered
9552,1663,15/04/20,,ups,Cancelled
9553,19878,06/01/20,,dhl,Delivered
9554,2498,26/11/21,,fedex,Delivered
9555,11448,07/09/23,,fedex,In Transit
9556,3560,31/10/21,,usps,Delivered
9557,16179,08/10/22,,fedex,Delivered
9558,21087,21/06/21,,fedex,Delivered
9559,12582,08/05/22,,bluedart,In Transit
9560,18854,07/06/21,,bluedart,Delivered
9561,9295,02/11/21,,usps,Delivered
9562,1364,27/11/23,,ups,Delivered
9563,20831,16/04/21,,bluedart,Delivered
9564,19373,20/02/21,,fedex,Delivered
9565,5748,12/06/21,,fedex,Delivered
9566,18959,24/09/20,,bluedart,In Transit
9567,14733,09/12/20,17/12/20,fedex,Returned
9568,9974,10/04/22,,dhl,In Transit
9569,10555,23/07/23,,fedex,In Transit
9570,2613,13/05/22,,dhl,Delivered
9571,17740,01/09/20,,fedex,Delivered
9572,4377,19/01/20,,dhl,Delivered
9573,18116,29/06/21,,fedex,In Transit
9574,7710,25/05/20,,fedex,Delivered
9575,1759,01/10/22,,fedex,Delivered
9576,1116,30/01/20,,fedex,In Transit
9577,13236,02/08/23,,bluedart,Cancelled
9578,9660,15/06/23,,fedex,In Transit
9579,18311,07/01/23,,fedex,In Transit
9580,16671,14/01/21,,fedex,In Transit
9581,15261,12/08/21,,dhl,In Transit
9582,7302,20/09/21,,bluedart,Delivered
9583,3287,30/12/23,,dhl,Delivered
9584,20866,29/03/20,,usps,In Transit
9585,8741,13/05/20,,bluedart,Delivered
9586,19786,02/05/20,,bluedart,In Transit
9587,1705,05/08/20,,ups,Delivered
9588,12870,03/02/23,,bluedart,Delivered
9589,4189,26/02/22,,ups,Delivered
9590,8453,05/08/22,,fedex,In Transit
9591,266,05/04/21,,fedex,Delivered
9592,5295,22/07/20,,fedex,Delivered
9593,9765,06/10/20,,bluedart,Delivered
9594,18151,12/08/23,,bluedart,Delivered
9595,17942,16/03/22,,ups,Delivered
9596,18309,25/08/21,,fedex,Delivered
9597,6206,11/10/20,,fedex,Delivered
9598,2825,18/03/23,,fedex,Delivered
9599,9162,02/12/23,,dhl,Delivered
9600,20467,11/07/20,,fedex,In Transit
9601,13743,09/07/20,,fedex,Delivered
9602,17722,26/12/21,,fedex,Delivered
9603,17269,11/06/22,,bluedart,Cancelled
9604,195,08/09/23,,fedex,Delivered
9605,16509,24/07/21,,usps,Delivered
9606,4788,11/02/22,,fedex,Delivered
9607,8177,22/09/23,,ups,In Transit
9608,9351,17/09/22,,dhl,In Transit
9609,16798,09/01/21,,usps,Delivered
9610,7957,12/11/21,,fedex,Delivered
9611,3141,07/09/21,,ups,In Transit
9612,13334,27/01/22,,ups,In Transit
9613,2369,19/10/21,,dhl,Delivered
9614,9893,11/10/21,,usps,Delivered
9615,942,20/01/20,,dhl,In Transit
9616,10655,29/03/22,,fedex,Delivered
9617,574,01/10/20,,dhl,Delivered
9618,7418,09/08/20,,usps,In Transit
9619,15709,01/04/21,,ups,In Transit
9620,14461,27/04/21,,fedex,In Transit
9621,4453,01/10/22,,ups,In Transit
9622,13808,19/04/20,,dhl,Delivered
9623,16540,04/06/20,,bluedart,In Transit
9624,12122,11/02/21,,dhl,Delivered
9625,14787,28/11/22,,usps,Delivered
9626,19476,12/03/22,,dhl,In Transit
9627,21610,16/06/21,,usps,In Transit
9628,16364,07/04/20,,dhl,In Transit
9629,16633,11/06/23,26/06/23,fedex,Returned
9630,4150,23/04/23,,dhl,Delivered
9631,9024,24/10/23,,ups,In Transit
9632,1979,15/03/20,,dhl,Delivered
9633,19463,15/03/20,,fedex,In Transit
9634,5459,08/12/20,,usps,In Transit
9635,557,14/05/20,,usps,Delivered
9636,2436,29/03/22,,dhl,Delivered
9637,5298,01/08/21,,dhl,Delivered
9638,20015,04/04/23,,dhl,Delivered
9639,4238,27/11/21,,bluedart,In Transit
9640,8630,11/04/21,01/05/21,fedex,Returned
9641,18037,21/03/23,,fedex,Delivered
9642,3239,24/07/21,,fedex,Delivered
9643,16024,04/03/22,,bluedart,In Transit
9644,6320,09/05/22,,bluedart,In Transit
9645,1468,02/01/21,,fedex,In Transit
9646,11407,15/05/23,,dhl,Delivered
9647,6450,27/02/20,,fedex,Delivered
9648,398,09/11/22,,fedex,In Transit
9649,12773,19/09/21,,fedex,In Transit
9650,16819,25/10/22,,usps,Delivered
9651,13363,25/11/23,,fedex,Delivered
9652,15801,27/02/21,,bluedart,In Transit
9653,19110,18/08/22,,ups,In Transit
9654,8878,13/12/21,,fedex,In Transit
9655,2860,09/10/23,,fedex,Delivered
9656,14474,07/06/21,,bluedart,In Transit
9657,14862,15/10/21,,bluedart,In Transit
9658,16683,29/04/21,06/05/21,dhl,Returned
9659,11580,15/09/22,30/09/22,bluedart,Returned
9660,14176,02/09/20,,fedex,In Transit
9661,11917,02/08/22,,fedex,Delivered
9662,12849,06/08/22,,usps,Delivered
9663,9288,14/05/20,,fedex,Delivered
9664,18030,02/12/21,27/12/21,dhl,Returned
9665,21347,11/12/21,,fedex,Delivered
9666,4479,03/01/22,,usps,In Transit
9667,8279,10/04/21,,dhl,Delivered
9668,4936,03/08/23,,fedex,In Transit
9669,9350,08/09/22,,dhl,Delivered
9670,14254,11/01/22,,dhl,Delivered
9671,4816,17/06/23,,fedex,Delivered
9672,2768,23/06/22,,fedex,Delivered
9673,19096,18/08/22,,bluedart,Delivered
9674,276,19/04/23,24/04/23,bluedart,Returned
9675,1270,14/08/20,,fedex,Delivered
9676,10913,30/09/21,,dhl,In Transit
9677,11002,04/08/23,,fedex,In Transit
9678,881,23/10/23,,dhl,In Transit
9679,17991,03/02/22,,fedex,Cancelled
9680,2707,17/08/21,,fedex,Delivered
9681,3552,26/01/22,,ups,Delivered
9682,6162,06/03/21,,fedex,Delivered
9683,950,13/01/20,,fedex,In Transit
9684,19673,18/10/20,,fedex,Cancelled
9685,8502,06/01/20,,dhl,In Transit
9686,2451,04/05/21,,bluedart,Delivered
9687,17050,06/10/22,,fedex,Delivered
9688,18674,18/06/23,,ups,Delivered
9689,8324,22/10/21,,bluedart,In Transit
9690,16449,02/08/23,,fedex,In Transit
9691,15136,31/01/23,,fedex,In Transit
9692,4782,09/12/21,,fedex,Delivered
9693,9010,04/11/21,,bluedart,In Transit
9694,18912,20/04/21,,bluedart,In Transit
9695,18520,21/11/23,,bluedart,Delivered
9696,18651,04/09/23,,dhl,In Transit
9697,5056,23/10/20,,dhl,Delivered
9698,17596,31/07/22,,fedex,Delivered
9699,20615,24/02/21,,fedex,Delivered
9700,5317,30/06/22,,ups,Delivered
9701,16899,31/10/21,,bluedart,Cancelled
9702,18844,12/05/21,,fedex,Delivered
9703,2696,28/12/23,,fedex,Delivered
9704,4075,13/11/22,,dhl,In Transit
9705,8618,12/11/22,,fedex,Delivered
9706,11637,27/09/23,,bluedart,Delivered
9707,10381,09/05/22,,bluedart,In Transit
9708,17931,26/06/22,,dhl,Delivered
9709,4195,15/01/22,,ups,Delivered
9710,641,23/06/22,,bluedart,Delivered
9711,8138,25/06/22,18/07/22,bluedart,Returned
9712,5463,17/02/21,,fedex,In Transit
9713,9562,15/04/20,,ups,In Transit
9714,7630,26/07/22,,bluedart,In Transit
9715,15457,21/02/21,,fedex,In Transit
9716,9007,13/07/22,,fedex,In Transit
9717,3768,29/02/20,,fedex,Cancelled
9718,18127,30/08/22,,dhl,Delivered
9719,8338,22/12/22,30/12/22,fedex,Returned
9720,18620,18/05/20,,fedex,Delivered
9721,17774,19/08/21,,usps,Delivered
9722,11404,29/09/23,,dhl,In Transit
9723,9151,24/06/20,,dhl,In Transit
9724,1507,22/12/23,,usps,Cancelled
9725,7481,22/09/20,,fedex,Delivered
9726,4165,05/06/21,,bluedart,Cancelled
9727,12842,25/08/22,,usps,Delivered
9728,4260,09/11/23,,bluedart,Delivered
9729,17490,13/07/23,,fedex,In Transit
9730,3610,21/02/20,,ups,Delivered
9731,11607,10/04/22,,fedex,In Transit
9732,8070,16/05/21,,fedex,In Transit
9733,20572,02/08/21,,ups,Delivered
9734,21142,25/11/20,,fedex,Delivered
9735,17759,25/03/23,,fedex,Delivered
9736,10261,08/01/20,,dhl,Delivered
9737,529,18/02/23,,dhl,Delivered
9738,11316,04/03/23,,dhl,Delivered
9739,1054,16/05/20,,usps,Delivered
9740,14999,12/06/21,,fedex,In Transit
9741,13847,27/10/22,,fedex,In Transit
9742,18508,24/11/23,,usps,Delivered
9743,21435,03/04/22,,ups,In Transit
9744,21178,09/12/20,,dhl,In Transit
9745,1303,14/12/23,,bluedart,In Transit
9746,19527,02/12/20,,bluedart,Delivered
9747,18621,01/01/22,,fedex,Cancelled
9748,3656,11/09/23,,bluedart,In Transit
9749,7105,29/08/20,,fedex,Delivered
9750,1393,04/07/21,,dhl,Delivered
9751,17527,10/10/23,,bluedart,Delivered
9752,21068,12/07/23,,fedex,Delivered
9753,1491,24/12/22,,bluedart,In Transit
9754,5786,14/09/22,,fedex,Delivered
9755,5167,28/10/20,,ups,Delivered
9756,5464,31/08/21,,fedex,Cancelled
9757,21295,22/09/22,,fedex,Delivered
9758,8610,03/10/23,,dhl,Delivered
9759,9340,11/10/20,,fedex,Delivered
9760,3147,25/10/23,,dhl,Cancelled
9761,13572,04/08/23,,fedex,Delivered
9762,867,03/12/23,,dhl,Delivered
9763,19345,14/04/21,,ups,Delivered
9764,15282,13/08/21,,fedex,Delivered
9765,2125,08/03/23,,dhl,Delivered
9766,15410,25/11/23,,dhl,Delivered
9767,21136,31/12/22,,fedex,Cancelled
9768,17164,15/03/23,,usps,Delivered
9769,19991,12/04/22,,ups,In Transit
9770,8861,16/11/20,,dhl,Delivered
9771,3132,01/12/22,,bluedart,Delivered
9772,4415,07/06/20,,bluedart,Delivered
9773,1625,22/07/23,,dhl,In Transit
9774,13634,02/11/21,,fedex,In Transit
9775,10050,24/02/21,,dhl,Cancelled
9776,15649,06/10/21,,fedex,In Transit
9777,10387,20/09/22,,fedex,Delivered
9778,3273,22/07/23,,dhl,In Transit
9779,6108,14/08/21,,bluedart,Cancelled
9780,9681,04/11/21,,bluedart,Delivered
9781,16861,27/01/23,,fedex,In Transit
9782,12129,28/11/21,,dhl,Delivered
9783,11919,28/08/21,,ups,In Transit
9784,5666,25/05/20,,dhl,In Transit
9785,11034,10/03/23,,dhl,In Transit
9786,13688,15/01/20,,fedex,In Transit
9787,12541,08/11/23,,bluedart,Delivered
9788,14981,07/08/22,,bluedart,In Transit
9789,11007,02/01/23,,bluedart,Delivered
9790,15512,09/04/22,,fedex,Delivered
9791,21046,25/06/23,,usps,Delivered
9792,19015,06/05/22,,fedex,In Transit
9793,5479,20/03/21,,ups,In Transit
9794,2435,03/10/20,,fedex,In Transit
9795,7826,30/11/22,,bluedart,Delivered
9796,21140,28/07/21,,dhl,Delivered
9797,8485,12/08/23,,usps,Delivered
9798,15202,12/07/20,,fedex,Delivered
9799,19179,22/09/23,,fedex,Cancelled
9800,17136,24/08/20,,dhl,In Transit
9801,19552,18/07/23,,bluedart,Delivered
9802,11856,24/02/22,,dhl,Delivered
9803,4320,11/09/20,,fedex,Delivered
9804,21421,07/07/21,,dhl,Delivered
9805,2353,01/03/21,,fedex,Delivered
9806,4808,06/04/21,,dhl,Delivered
9807,21603,03/03/21,,fedex,Delivered
9808,16233,01/01/22,,dhl,Delivered
9809,8456,28/10/23,,usps,Delivered
9810,4421,13/01/22,,usps,In Transit
9811,5743,24/08/20,,fedex,In Transit
9812,19883,04/10/20,,fedex,In Transit
9813,5994,27/04/23,,fedex,In Transit
9814,17512,11/02/22,,dhl,Delivered
9815,366,07/06/21,,dhl,Delivered
9816,5237,04/02/20,,dhl,Cancelled
9817,8043,10/05/20,,dhl,Delivered
9818,16672,23/09/20,,fedex,In Transit
9819,8019,07/03/21,,bluedart,In Transit
9820,9785,19/06/22,,fedex,Delivered
9821,8344,12/09/20,,ups,Delivered
9822,20115,27/09/21,,bluedart,Delivered
9823,14821,05/01/20,,fedex,In Transit
9824,3251,08/07/20,,usps,Delivered
9825,3820,06/05/22,,fedex,In Transit
9826,3630,25/12/20,,dhl,Delivered
9827,16178,24/10/20,,fedex,In Transit
9828,8956,13/10/21,,fedex,Delivered
9829,4575,20/02/22,,fedex,Delivered
9830,1157,08/02/23,,ups,Delivered
9831,7010,29/11/23,,fedex,In Transit
9832,12661,12/07/22,,fedex,In Transit
9833,14839,27/04/23,,fedex,Delivered
9834,19904,29/04/20,,fedex,Delivered
9835,16194,30/08/22,,usps,Delivered
9836,10904,07/04/22,,fedex,In Transit
9837,718,13/02/22,,bluedart,Delivered
9838,12517,24/12/22,,dhl,In Transit
9839,19639,02/06/20,,dhl,Delivered
9840,5520,16/09/21,,fedex,In Transit
9841,14992,02/06/21,,ups,Delivered
9842,19924,24/03/21,,bluedart,Delivered
9843,9319,16/05/20,,usps,In Transit
9844,16098,07/03/22,,fedex,Delivered
9845,9480,26/03/20,,fedex,Delivered
9846,6859,27/08/20,,fedex,Delivered
9847,3491,03/04/23,,fedex,Delivered
9848,18914,26/03/23,,bluedart,Delivered
9849,9849,11/07/22,,fedex,In Transit
9850,14735,01/03/22,,bluedart,Delivered
9851,8329,16/10/22,,fedex,In Transit
9852,807,21/11/21,,fedex,Delivered
9853,6623,12/06/20,,fedex,In Transit
9854,13487,27/09/22,,dhl,Delivered
9855,9232,15/02/23,,fedex,Delivered
9856,19688,13/03/22,,dhl,In Transit
9857,14045,21/11/23,,usps,Delivered
9858,18245,22/08/20,,bluedart,In Transit
9859,4646,22/08/20,,bluedart,Delivered
9860,3787,13/10/22,,fedex,Delivered
9861,11858,04/02/20,26/02/20,fedex,Returned
9862,3556,02/02/23,,usps,Cancelled
9863,19041,27/05/20,,bluedart,Delivered
9864,608,02/08/21,,fedex,In Transit
9865,7545,22/06/21,,dhl,In Transit
9866,18609,25/08/22,,usps,Delivered
9867,18858,21/03/23,,bluedart,In Transit
9868,11038,14/04/23,,bluedart,Delivered
9869,21346,06/03/23,,fedex,Delivered
9870,3677,07/01/20,,fedex,In Transit
9871,15120,18/04/23,,ups,Delivered
9872,2067,07/09/20,,ups,In Transit
9873,19651,23/04/23,,dhl,Delivered
9874,5981,15/08/21,,fedex,Delivered
9875,8160,02/12/22,,fedex,Delivered
9876,12205,31/12/22,,ups,Delivered
9877,6203,28/01/23,,usps,In Transit
9878,12886,29/03/20,,ups,In Transit
9879,17545,22/12/20,,usps,Delivered
9880,10447,23/02/22,,fedex,In Transit
9881,5883,12/12/21,,fedex,In Transit
9882,12808,02/02/20,,usps,Delivered
9883,16565,08/08/23,,dhl,In Transit
9884,5139,30/05/21,,fedex,Delivered
9885,2379,02/12/20,,ups,Delivered
9886,8911,11/02/23,,fedex,In Transit
9887,20255,26/07/22,,fedex,Delivered
9888,13717,08/10/22,,ups,In Transit
9889,7847,09/03/22,,usps,Delivered
9890,12221,11/02/20,,dhl,Delivered
9891,15989,17/07/20,,fedex,Delivered
9892,20619,17/06/21,,ups,In Transit
9893,10609,18/09/20,,bluedart,Delivered
9894,6102,18/10/21,,dhl,In Transit
9895,16759,14/05/21,,dhl,Delivered
9896,9497,16/03/22,,bluedart,Delivered
9897,11766,25/02/23,,fedex,Delivered
9898,14332,19/11/23,,dhl,In Transit
9899,18619,09/01/23,,fedex,Delivered
9900,17831,01/04/20,,fedex,Delivered
9901,2318,22/02/20,,fedex,Delivered
9902,8447,23/02/20,,dhl,Delivered
9903,20496,03/04/23,,fedex,Delivered
9904,15434,16/06/23,,dhl,Delivered
9905,18706,13/11/22,,ups,Delivered
9906,8697,04/11/20,,bluedart,Delivered
9907,7998,15/07/23,,dhl,Cancelled
9908,17775,15/09/21,,fedex,Cancelled
9909,5163,28/12/23,,ups,Delivered
9910,459,18/12/20,,fedex,Delivered
9911,5885,04/12/21,,fedex,Delivered
9912,5539,14/12/22,,fedex,In Transit
9913,20757,17/04/21,,fedex,In Transit
9914,14860,14/04/21,,usps,In Transit
9915,9515,04/09/21,,usps,Delivered
9916,19197,02/06/22,,fedex,Delivered
9917,20120,16/11/22,,fedex,Delivered
9918,20901,26/02/21,,fedex,In Transit
9919,1077,22/05/20,,fedex,Delivered
9920,19141,30/12/20,,dhl,Delivered
9921,17795,07/10/21,,fedex,In Transit
9922,14564,01/03/23,,fedex,Delivered
9923,17111,19/01/23,,fedex,Cancelled
9924,13063,23/12/22,,fedex,Delivered
9925,17448,29/08/23,,bluedart,In Transit
9926,4689,25/07/22,,fedex,Delivered
9927,14914,10/03/21,,ups,In Transit
9928,18935,11/08/20,,bluedart,In Transit
9929,8764,18/08/23,,fedex,Delivered
9930,15974,23/08/22,,fedex,Delivered
9931,7329,13/11/23,,dhl,In Transit
9932,10200,04/12/21,,usps,In Transit
9933,21413,16/10/20,,fedex,Cancelled
9934,14488,03/03/21,,fedex,Delivered
9935,16999,15/06/23,,bluedart,In Transit
9936,3809,01/08/21,,dhl,Delivered
9937,10603,28/08/23,10/09/23,fedex,Returned
9938,16291,19/09/23,,bluedart,In Transit
9939,12731,10/03/20,,dhl,Delivered
9940,10548,06/08/23,,usps,In Transit
9941,12420,29/09/20,,fedex,Delivered
9942,20922,05/12/20,,fedex,Delivered
9943,21493,16/04/23,,ups,In Transit
9944,16182,09/09/20,,bluedart,Delivered
9945,5461,26/06/23,,dhl,Delivered
9946,1903,29/06/20,,fedex,Delivered
9947,4442,22/01/20,,fedex,Delivered
9948,1065,22/01/23,,ups,Delivered
9949,409,18/02/23,,dhl,In Transit
9950,2126,31/08/23,,dhl,Delivered
9951,17747,24/01/21,,bluedart,In Transit
9952,17683,10/04/20,,ups,Delivered
9953,5430,26/12/21,,fedex,Delivered
9954,15284,07/07/23,,bluedart,Delivered
9955,1011,02/10/20,,ups,In Transit
9956,19355,17/01/20,,dhl,In Transit
9957,1952,03/02/23,,fedex,Delivered
9958,447,04/06/22,,bluedart,Delivered
9959,3814,21/06/21,,usps,In Transit
9960,9855,01/09/23,,fedex,In Transit
9961,1983,23/09/22,,fedex,Delivered
9962,1841,12/07/22,,bluedart,In Transit
9963,19232,26/10/22,20/11/22,dhl,Returned
9964,8719,25/10/23,,bluedart,Delivered
9965,19388,09/11/20,,dhl,Cancelled
9966,5930,17/04/21,,fedex,Delivered
9967,2354,22/03/23,,usps,In Transit
9968,1167,25/04/20,,fedex,Delivered
9969,1433,26/04/22,,fedex,Delivered
9970,12493,16/01/23,,bluedart,In Transit
9971,8711,28/12/23,,bluedart,Delivered
9972,17688,06/07/21,,fedex,Delivered
9973,14655,15/12/22,,fedex,Delivered
9974,2564,08/12/23,,fedex,In Transit
9975,5246,10/03/23,,ups,Delivered
9976,17868,21/07/21,,bluedart,Delivered
9977,12507,14/01/23,,fedex,Delivered
9978,4431,22/11/20,,fedex,In Transit
9979,9101,25/10/20,,ups,Delivered
9980,12215,01/04/21,,fedex,Delivered
9981,15840,19/01/20,,bluedart,In Transit
9982,21054,02/04/20,,fedex,In Transit
9983,19859,09/07/23,,usps,Delivered
9984,19237,16/01/20,,fedex,In Transit
9985,9262,17/01/22,22/01/22,bluedart,Returned
9986,6337,21/11/23,,fedex,Delivered
9987,3123,01/09/21,,ups,Delivered
9988,11548,18/12/21,,fedex,Delivered
9989,10549,07/10/22,,bluedart,In Transit
9990,20243,07/08/22,,dhl,Delivered
9991,8887,28/04/23,,fedex,Delivered
9992,10673,15/11/21,,fedex,In Transit
9993,5442,25/05/21,,fedex,In Transit
9994,16561,23/05/20,,bluedart,Delivered
9995,17564,07/09/21,,usps,Delivered
9996,5983,22/06/22,09/07/22,bluedart,Returned
9997,4429,27/04/22,,usps,In Transit
9998,2853,20/05/22,,ups,Delivered
9999,20745,20/11/21,,fedex,In Transit
10000,14151,14/06/20,,fedex,Delivered
10001,17381,05/03/22,,bluedart,Delivered
10002,20763,16/09/23,,bluedart,Delivered
10003,19445,23/02/22,,usps,In Transit
10004,7015,05/05/21,28/05/21,fedex,Returned
10005,19223,26/08/20,,fedex,In Transit
10006,1874,05/02/22,,usps,In Transit
10007,1603,17/05/22,,fedex,In Transit
10008,11009,19/09/22,04/10/22,fedex,Returned
10009,19510,12/09/22,,fedex,In Transit
10010,18994,17/04/20,,ups,Delivered
10011,7985,11/02/21,,bluedart,Delivered
10012,13430,15/05/21,,dhl,Delivered
10013,10726,02/04/22,,fedex,Cancelled
10014,13295,16/05/22,,usps,Delivered
10015,3956,24/12/23,,usps,Delivered
10016,6764,28/10/21,,fedex,Cancelled
10017,14766,10/12/22,,usps,Delivered
10018,11583,22/07/21,,usps,Delivered
10019,10667,18/10/20,,ups,In Transit
10020,19268,18/09/20,,fedex,In Transit
10021,19337,29/12/21,,ups,Delivered
10022,13872,01/12/20,,fedex,Delivered
10023,8561,02/05/22,20/05/22,fedex,Returned
10024,291,02/02/23,,fedex,Delivered
10025,10247,11/01/23,,ups,In Transit
10026,5607,08/01/21,,ups,Delivered
10027,15380,24/03/23,,ups,Delivered
10028,11475,04/01/23,,ups,Delivered
10029,18762,19/07/22,01/08/22,fedex,Returned
10030,11190,14/02/20,,fedex,In Transit
10031,15264,03/06/20,,fedex,Delivered
10032,1910,21/08/20,,dhl,Delivered
10033,996,07/03/22,,ups,In Transit
10034,21265,07/11/21,,dhl,In Transit
10035,21254,09/06/23,,fedex,In Transit
10036,19242,04/12/21,,bluedart,In Transit
10037,15838,26/11/23,,bluedart,Delivered
10038,6508,21/08/21,,fedex,Delivered
10039,782,30/03/20,,fedex,Delivered
10040,7334,27/12/23,,ups,Cancelled
10041,16026,11/05/23,,dhl,Delivered
10042,14883,09/03/23,,fedex,In Transit
10043,3829,25/09/20,,ups,In Transit
10044,14732,01/03/23,,dhl,Cancelled
10045,18345,29/05/20,,fedex,In Transit
10046,20124,30/09/21,10/10/21,dhl,Returned
10047,16653,25/03/23,,dhl,In Transit
10048,1414,31/01/21,,ups,Delivered
10049,15108,02/04/20,,fedex,In Transit
10050,728,09/04/22,,dhl,Delivered
10051,19498,08/02/20,,dhl,Delivered
10052,18204,25/10/21,,fedex,Delivered
10053,5787,22/08/21,,fedex,In Transit
10054,12652,12/12/20,,fedex,Delivered
10055,13703,15/11/22,,fedex,In Transit
10056,20817,30/10/21,,fedex,In Transit
10057,3737,19/03/23,,fedex,Delivered
10058,18380,24/07/22,,bluedart,Delivered
10059,2608,15/02/21,,ups,Delivered
10060,4588,30/07/21,,bluedart,Delivered
10061,17820,14/05/21,,fedex,In Transit
10062,1180,24/03/20,,bluedart,Delivered
10063,13515,18/12/22,,fedex,Delivered
10064,17957,25/01/20,,fedex,Delivered
10065,18906,03/06/21,,bluedart,In Transit
10066,6780,04/06/23,,bluedart,In Transit
10067,10985,25/05/21,,dhl,In Transit
10068,8599,22/06/22,,fedex,Delivered
10069,16217,13/11/23,,fedex,Delivered
10070,9083,25/11/21,,fedex,Delivered
10071,18511,05/07/23,,dhl,Delivered
10072,12003,07/10/22,,fedex,In Transit
10073,15234,22/05/22,,ups,In Transit
10074,19260,18/03/21,,dhl,Delivered
10075,18710,10/10/22,,fedex,In Transit
10076,8221,10/11/23,,bluedart,Cancelled
10077,17510,03/09/23,,fedex,Delivered
10078,12293,17/09/23,,fedex,In Transit
10079,16772,23/02/21,,fedex,Delivered
10080,19911,13/08/20,,fedex,Delivered
10081,17317,10/12/21,,fedex,Delivered
10082,3576,27/10/20,,bluedart,In Transit
10083,19572,23/08/23,,fedex,Cancelled
10084,2631,20/12/23,,fedex,In Transit
10085,4249,16/02/21,,dhl,Delivered
10086,1746,22/12/23,,fedex,In Transit
10087,4199,30/04/21,,fedex,Delivered
10088,21056,05/05/22,,dhl,Delivered
10089,2518,21/04/21,,fedex,Delivered
10090,4698,02/07/22,,fedex,In Transit
10091,4612,10/10/21,,ups,Delivered
10092,11368,12/02/20,,usps,Delivered
10093,170,22/10/21,,bluedart,In Transit
10094,18917,23/11/20,,fedex,In Transit
10095,21319,10/08/23,,fedex,Cancelled
10096,803,05/05/23,,usps,In Transit
10097,19426,19/10/23,,ups,In Transit
10098,14293,26/09/20,,ups,In Transit
10099,15700,20/01/21,,fedex,In Transit
10100,12900,01/06/20,,fedex,Delivered
10101,3540,25/01/22,,fedex,Delivered
10102,8096,14/05/23,,fedex,Delivered
10103,7852,22/07/22,,fedex,Delivered
10104,19563,30/04/20,,dhl,Delivered
10105,1812,22/10/22,,dhl,In Transit
10106,21167,04/07/23,,fedex,Delivered
10107,1219,16/12/22,25/12/22,dhl,Returned
10108,16939,05/06/21,,usps,Delivered
10109,2813,13/08/22,05/09/22,fedex,Returned
10110,3780,29/08/21,,ups,In Transit
10111,1484,02/10/20,,fedex,Delivered
10112,6618,20/02/23,,ups,In Transit
10113,4330,04/09/22,,fedex,In Transit
10114,17482,26/05/20,,fedex,In Transit
10115,15247,04/10/20,,dhl,Delivered
10116,10325,01/05/20,,bluedart,Cancelled
10117,1686,14/11/21,,bluedart,In Transit
10118,16816,20/03/22,26/03/22,usps,Returned
10119,4287,16/06/22,03/07/22,fedex,Returned
10120,15614,08/07/21,,fedex,Cancelled
10121,1291,05/10/21,,fedex,In Transit
10122,7597,28/03/22,,usps,In Transit
10123,12561,07/03/20,,fedex,Delivered
10124,17975,28/11/20,,fedex,Delivered
10125,960,01/01/22,,fedex,Cancelled
10126,11640,29/12/23,,fedex,Delivered
10127,7718,02/01/21,,dhl,Delivered
10128,9197,26/04/22,,bluedart,In Transit
10129,7132,19/12/22,,bluedart,Delivered
10130,19374,24/04/21,,usps,Delivered
10131,16969,25/06/23,,fedex,Delivered
10132,10992,29/01/20,,dhl,Delivered
10133,9089,23/10/20,29/10/20,bluedart,Returned
10134,8493,22/04/21,,fedex,Delivered
10135,18537,20/09/23,,fedex,Delivered
10136,5128,11/04/22,,ups,Delivered
10137,2952,04/09/21,,usps,Cancelled
10138,16372,13/01/23,,usps,Delivered
10139,10886,09/05/23,,bluedart,Delivered
10140,14573,03/04/23,,fedex,Delivered
10141,5096,20/04/23,,fedex,In Transit
10142,2560,24/07/23,,bluedart,Delivered
10143,18840,05/11/20,,dhl,Delivered
10144,14298,27/10/20,,dhl,In Transit
10145,19038,26/08/23,,fedex,Delivered
10146,21498,11/07/22,,usps,Delivered
10147,21225,12/01/21,,dhl,In Transit
10148,15597,27/07/20,,fedex,Delivered
10149,15382,29/03/22,,fedex,Delivered
10150,20229,16/05/20,,fedex,Cancelled
10151,12407,29/06/20,,fedex,Delivered
10152,9998,15/11/21,,fedex,Delivered
10153,2172,24/10/22,,fedex,Delivered
10154,19656,24/10/21,,bluedart,Cancelled
10155,113,18/10/20,,fedex,In Transit
10156,21121,13/05/20,,dhl,In Transit
10157,11641,27/05/21,,fedex,In Transit
10158,10874,07/07/21,,fedex,Cancelled
10159,20717,28/06/23,,ups,In Transit
10160,21539,05/11/22,,bluedart,Delivered
10161,17126,24/07/22,30/07/22,fedex,Returned
10162,14224,09/11/20,,bluedart,Delivered
10163,5258,04/12/22,,fedex,Delivered
10164,19415,29/06/21,,fedex,Delivered
10165,15530,18/09/23,,bluedart,Delivered
10166,13866,22/11/21,,ups,Delivered
10167,18985,30/09/22,,bluedart,In Transit
10168,8558,10/07/22,,usps,Delivered
10169,8547,13/12/21,,usps,Cancelled
10170,8146,30/11/20,,fedex,Delivered
10171,2445,21/01/23,,fedex,Delivered
10172,5475,27/01/20,,fedex,Delivered
10173,2392,11/11/23,,dhl,Delivered
10174,9743,04/06/23,19/06/23,fedex,Returned
10175,9339,28/09/22,,fedex,Delivered
10176,19553,06/12/23,,bluedart,In Transit
10177,14164,15/10/21,,bluedart,Delivered
10178,17362,03/07/23,,fedex,Delivered
10179,2487,20/07/20,,fedex,Delivered
10180,19727,23/11/22,14/12/22,fedex,Returned
10181,9885,01/01/23,,fedex,Delivered
10182,6723,07/05/23,,bluedart,In Transit
10183,3339,05/11/21,,fedex,Delivered
10184,18849,12/11/23,,ups,In Transit
10185,14438,06/04/23,,dhl,Delivered
10186,15273,21/12/21,,dhl,Cancelled
10187,12856,10/11/22,,ups,Delivered
10188,8127,24/10/21,,fedex,Delivered
10189,3375,25/12/21,,fedex,Delivered
10190,18876,05/03/22,,fedex,In Transit
10191,13272,10/06/23,,dhl,Delivered
10192,5702,01/05/20,,fedex,In Transit
10193,5202,25/05/23,,bluedart,In Transit
10194,18961,19/11/23,,dhl,In Transit
10195,1366,01/01/21,,fedex,Cancelled
10196,19249,13/12/22,25/12/22,dhl,Returned
10197,7149,02/12/21,,bluedart,Cancelled
10198,11165,23/04/22,,dhl,Delivered
10199,1771,05/08/23,,dhl,Delivered
10200,18979,15/11/22,,fedex,In Transit
10201,11039,11/02/23,,fedex,Delivered
10202,18209,04/05/21,,dhl,Delivered
10203,5777,18/09/22,,ups,In Transit
10204,5765,14/11/22,,dhl,Cancelled
10205,10906,27/04/23,,dhl,In Transit
10206,10650,14/03/20,,usps,In Transit
10207,16467,12/05/22,,ups,In Transit
10208,13379,18/06/20,,fedex,Delivered
10209,21594,28/05/22,,fedex,Delivered
10210,16092,21/12/23,,fedex,In Transit
10211,1470,06/05/21,,bluedart,Delivered
10212,6478,28/10/22,,dhl,Delivered
10213,6539,03/12/23,,fedex,In Transit
10214,5052,11/10/21,,fedex,In Transit
10215,15322,03/08/21,,dhl,Delivered
10216,15873,29/09/20,,dhl,Cancelled
10217,6351,11/03/23,02/04/23,bluedart,Returned
10218,9764,11/08/20,25/08/20,bluedart,Returned
10219,18053,17/10/22,,bluedart,In Transit
10220,2002,18/06/21,,fedex,Delivered
10221,20612,18/01/21,,usps,Cancelled
10222,4694,12/09/21,,fedex,In Transit
10223,16366,12/03/21,,fedex,In Transit
10224,9645,02/05/20,,usps,Delivered
10225,20698,15/02/20,,fedex,In Transit
10226,6420,07/08/20,,fedex,Delivered
10227,11983,18/12/20,,bluedart,Delivered
10228,7019,30/07/23,,fedex,Delivered
10229,5104,09/12/23,,fedex,Delivered
10230,736,12/06/22,,dhl,Cancelled
10231,16094,27/04/23,,usps,Delivered
10232,10539,11/10/23,,fedex,Delivered
10233,7575,29/05/21,,dhl,In Transit
10234,16599,20/07/21,,fedex,Delivered
10235,2716,02/01/20,,dhl,Delivered
10236,7181,04/10/22,,fedex,Cancelled
10237,16346,03/03/22,,fedex,Delivered
10238,20175,03/08/22,,bluedart,In Transit
10239,18592,10/03/22,,usps,In Transit
10240,17287,02/10/21,,usps,In Transit
10241,9872,05/04/21,,fedex,In Transit
10242,2173,01/04/20,,dhl,Delivered
10243,7333,07/12/22,,dhl,In Transit
10244,17573,12/09/20,,fedex,In Transit
10245,5887,18/08/20,,fedex,Delivered
10246,4505,26/07/22,,dhl,Delivered
10247,21473,25/08/23,,bluedart,Delivered
10248,19827,29/04/21,,dhl,Delivered
10249,2658,23/04/21,,fedex,Delivered
10250,7970,16/02/21,,dhl,Delivered
10251,2618,02/04/20,,ups,Cancelled
10252,12354,24/12/22,03/01/23,bluedart,Returned
10253,15634,17/01/21,,fedex,Delivered
10254,17044,29/09/21,,fedex,In Transit
10255,3798,19/03/23,,fedex,In Transit
10256,3506,19/02/22,,dhl,Delivered
10257,15126,30/03/20,,ups,In Transit
10258,10187,20/06/21,,ups,Delivered
10259,17159,10/06/21,,fedex,Delivered
10260,16898,11/01/20,,fedex,Delivered
10261,3392,07/02/23,,fedex,Delivered
10262,11708,21/07/20,,bluedart,In Transit
10263,9772,25/02/22,,bluedart,Delivered
10264,10946,22/07/23,,fedex,Delivered
10265,1209,18/08/20,,ups,Delivered
10266,10067,04/04/20,,dhl,Delivered
10267,5867,17/04/23,,fedex,Delivered
10268,16859,16/07/21,,ups,Delivered
10269,3791,08/09/20,,fedex,Cancelled
10270,6202,06/07/23,25/07/23,fedex,Returned
10271,1238,10/06/20,,fedex,In Transit
10272,10063,22/07/22,,ups,In Transit
10273,7939,09/09/22,,bluedart,In Transit
10274,16667,07/10/21,,ups,Delivered
10275,19500,01/03/23,,fedex,In Transit
10276,20701,15/02/22,,fedex,In Transit
10277,20977,30/01/21,,usps,In Transit
10278,12011,26/01/21,,fedex,Delivered
10279,11977,13/01/20,,fedex,Delivered
10280,15209,03/06/22,,fedex,In Transit
10281,389,16/02/21,,bluedart,Delivered
10282,20800,25/12/20,,fedex,In Transit
10283,5201,19/10/21,,fedex,Delivered
10284,12319,01/01/21,,dhl,Delivered
10285,5879,03/09/22,,ups,Delivered
10286,19064,01/05/22,,ups,In Transit
10287,21274,04/03/23,,fedex,Cancelled
10288,7419,15/11/20,,bluedart,In Transit
10289,4547,31/07/21,,dhl,Delivered
10290,6010,09/09/20,,fedex,Delivered
10291,15615,15/06/22,,dhl,In Transit
10292,8902,27/12/21,,bluedart,In Transit
10293,6725,19/10/20,,fedex,Delivered
10294,12131,22/04/22,,ups,Delivered
10295,10776,12/02/23,,bluedart,Delivered
10296,13883,01/07/21,,fedex,Delivered
10297,11559,05/05/23,,fedex,In Transit
10298,15536,19/10/23,,fedex,Delivered
10299,16430,13/08/23,,fedex,Delivered
10300,7697,20/08/22,,fedex,Delivered
10301,9782,23/02/20,,ups,Delivered
10302,19040,02/02/23,,dhl,In Transit
10303,17271,02/03/23,08/03/23,fedex,Returned
10304,17320,12/03/20,,fedex,Delivered
10305,4678,27/05/23,,fedex,Delivered
10306,8839,19/07/20,,ups,Delivered
10307,9349,16/04/22,,bluedart,Cancelled
10308,16549,31/05/21,,fedex,Cancelled
10309,17619,04/09/23,,ups,In Transit
10310,5632,24/08/20,,dhl,Delivered
10311,8827,23/05/21,,fedex,Delivered
10312,5078,10/11/22,,ups,Delivered
10313,13303,22/02/21,,fedex,Delivered
10314,9675,12/03/20,,fedex,Delivered
10315,10338,21/04/21,,ups,Delivered
10316,4998,09/12/20,,bluedart,Cancelled
10317,11383,14/06/22,,usps,Delivered
10318,3417,30/04/21,,fedex,In Transit
10319,607,05/06/22,,fedex,Cancelled
10320,8402,29/09/22,,fedex,Cancelled
10321,8337,16/10/22,,ups,In Transit
10322,8562,28/08/23,,fedex,Delivered
10323,8460,04/07/23,,dhl,Delivered
10324,7068,22/04/21,,bluedart,Delivered
10325,2732,11/02/23,01/03/23,bluedart,Returned
10326,11463,02/02/21,,usps,In Transit
10327,16526,05/12/21,,usps,In Transit
10328,18539,10/07/23,,dhl,In Transit
10329,2624,15/07/21,,ups,Delivered
10330,17580,31/07/20,,ups,Delivered
10331,5654,29/03/21,,usps,Delivered
10332,13259,09/09/23,,bluedart,Cancelled
10333,6840,01/01/21,,ups,Delivered
10334,19558,09/08/22,,dhl,In Transit
10335,1563,25/09/22,,fedex,In Transit
10336,7153,11/08/21,,fedex,Delivered
10337,11417,03/08/22,,bluedart,In Transit
10338,20165,07/03/21,,fedex,In Transit
10339,18948,05/11/20,,fedex,In Transit
10340,18669,17/11/21,,fedex,In Transit
10341,14934,22/12/23,,bluedart,Delivered
10342,10317,13/02/20,,fedex,Delivered
10343,17556,16/01/22,,fedex,In Transit
10344,16225,13/09/20,,fedex,Delivered
10345,11526,28/01/21,,fedex,Delivered
10346,96,11/04/21,,fedex,Delivered
10347,10484,20/09/21,,usps,In Transit
10348,18187,25/04/23,,dhl,Delivered
10349,10329,14/03/23,,usps,In Transit
10350,2785,23/01/21,,ups,Delivered
10351,19851,22/09/23,,fedex,In Transit
10352,15997,15/10/22,,bluedart,Delivered
10353,5991,14/12/23,,dhl,Delivered
10354,10366,18/03/20,,fedex,Delivered
10355,14260,22/01/21,,fedex,Delivered
10356,11655,16/06/21,,fedex,Delivered
10357,7609,01/02/22,,dhl,Delivered
10358,6155,15/12/20,,ups,Delivered
10359,18016,25/02/22,,bluedart,Delivered
10360,2654,19/07/22,,ups,Delivered
10361,1546,23/11/20,,fedex,In Transit
10362,5132,14/10/22,,bluedart,Delivered
10363,9028,03/07/20,,dhl,Delivered
10364,19167,14/04/23,,fedex,Delivered
10365,9034,07/12/21,,dhl,Delivered
10366,7125,03/04/22,,fedex,Delivered
10367,20108,02/08/20,,fedex,Delivered
10368,13775,05/05/20,,ups,Delivered
10369,8497,13/08/22,,fedex,Delivered
10370,10295,29/01/23,,fedex,In Transit
10371,7698,05/06/23,,dhl,Delivered
10372,6726,30/01/20,,bluedart,Delivered
10373,17736,23/04/20,,fedex,In Transit
10374,21542,19/06/22,,fedex,Delivered
10375,10863,03/02/23,,usps,Delivered
10376,3236,19/01/21,,bluedart,In Transit
10377,5057,19/10/22,,dhl,Delivered
10378,5171,23/01/23,,fedex,Delivered
10379,7398,10/05/21,,ups,Delivered
10380,16384,24/12/21,,ups,In Transit
10381,17927,16/02/22,,bluedart,In Transit
10382,19392,27/11/22,,dhl,Delivered
10383,10333,16/01/22,,fedex,In Transit
10384,10802,12/02/22,,ups,In Transit
10385,8163,04/09/21,,fedex,In Transit
10386,16781,31/10/22,,bluedart,In Transit
10387,3471,15/11/20,,bluedart,Cancelled
10388,2085,16/09/22,,fedex,Cancelled
10389,5954,24/01/23,,bluedart,Delivered
10390,4886,04/11/20,,ups,Delivered
10391,21207,23/10/21,04/11/21,fedex,Returned
10392,15936,27/02/21,,bluedart,Delivered
10393,10854,21/09/21,,ups,Delivered
10394,5160,02/10/20,,fedex,In Transit
10395,2910,26/12/23,,ups,Delivered
10396,20476,04/09/23,,fedex,Delivered
10397,16328,10/09/20,,fedex,Delivered
10398,10975,03/08/20,,fedex,In Transit
10399,18815,19/02/22,,fedex,Delivered
10400,121,26/05/20,,usps,In Transit
10401,3019,22/07/23,,ups,Delivered
10402,1255,27/08/22,,fedex,In Transit
10403,21285,12/10/21,,dhl,In Transit
10404,18414,05/09/20,16/09/20,fedex,Returned
10405,10766,29/10/21,,dhl,Delivered
10406,8724,09/01/21,,dhl,In Transit
10407,2007,22/02/20,,ups,In Transit
10408,14962,31/08/22,,fedex,Delivered
10409,20512,07/02/22,,bluedart,Delivered
10410,1203,05/05/21,13/05/21,fedex,Returned
10411,4714,08/08/22,,dhl,Delivered
10412,9038,22/11/23,,fedex,In Transit
10413,19387,07/11/21,,fedex,Delivered
10414,9714,14/08/22,,dhl,In Transit
10415,21280,17/06/21,,dhl,In Transit
10416,11970,11/04/22,,fedex,In Transit
10417,13254,27/06/21,,fedex,Delivered
10418,11740,06/08/23,,fedex,Delivered
10419,17797,11/05/23,,fedex,Delivered
10420,15348,13/05/22,,fedex,In Transit
10421,6087,15/07/20,,dhl,Delivered
10422,19529,17/11/23,,usps,In Transit
10423,11429,06/03/20,,dhl,In Transit
10424,8753,18/01/22,,fedex,Delivered
10425,20245,12/11/23,,fedex,Delivered
10426,19346,03/07/22,,fedex,Delivered
10427,16568,12/02/21,,ups,In Transit
10428,18291,08/03/20,,fedex,In Transit
10429,15335,28/11/23,,fedex,Delivered
10430,10583,14/04/22,,fedex,Delivered
10431,9835,20/07/23,,bluedart,In Transit
10432,16247,12/08/22,,bluedart,In Transit
10433,21206,19/11/23,,ups,Delivered
10434,12695,05/07/20,,dhl,In Transit
10435,1798,16/04/22,,fedex,Delivered
10436,10933,05/04/23,,dhl,Delivered
10437,14527,25/10/21,,fedex,Delivered
10438,7793,16/09/23,,ups,Cancelled
10439,11058,29/11/20,,fedex,In Transit
10440,4058,29/06/23,,usps,Cancelled
10441,20821,16/06/22,,fedex,Delivered
10442,2349,18/12/22,,dhl,Delivered
10443,7284,01/01/22,,fedex,Delivered
10444,9554,22/06/22,,bluedart,In Transit
10445,3822,06/05/22,,fedex,Delivered
10446,824,12/04/22,,fedex,Delivered
10447,15222,11/09/23,,dhl,Delivered
10448,18831,05/09/22,,fedex,In Transit
10449,19508,13/03/20,,dhl,Delivered
10450,20384,24/05/23,,fedex,Delivered
10451,16379,19/12/22,,fedex,Delivered
10452,17343,21/02/23,,usps,Delivered
10453,21138,03/12/22,,fedex,Delivered
10454,15424,07/12/21,,fedex,Delivered
10455,10510,05/09/22,,bluedart,In Transit
10456,683,28/10/21,,bluedart,In Transit
10457,14498,21/10/23,,bluedart,In Transit
10458,20751,03/06/21,,fedex,In Transit
10459,8285,11/01/21,,ups,Delivered
10460,181,15/04/23,,ups,Delivered
10461,4683,17/11/20,07/12/20,bluedart,Returned
10462,14395,24/05/21,,fedex,Delivered
10463,18770,01/08/22,,usps,In Transit
10464,124,03/05/21,,usps,In Transit
10465,10960,13/03/22,,usps,Delivered
10466,16054,11/12/23,,usps,Delivered
10467,4204,08/01/20,,ups,Delivered
10468,15984,21/10/23,,fedex,Delivered
10469,19610,09/12/21,,bluedart,Delivered
10470,5339,06/01/22,,dhl,Delivered
10471,8870,04/10/20,,dhl,Delivered
10472,7478,20/05/21,,fedex,Delivered
10473,13909,14/04/22,,bluedart,Delivered
10474,502,01/05/20,,fedex,In Transit
10475,816,08/08/20,,fedex,Delivered
10476,19799,24/12/21,,fedex,Delivered
10477,4909,12/07/20,,bluedart,In Transit
10478,17410,10/11/21,,fedex,In Transit
10479,41,10/12/22,,ups,In Transit
10480,1942,25/06/23,,fedex,In Transit
10481,14646,04/11/21,,bluedart,In Transit
10482,11997,25/11/23,,dhl,Delivered
10483,18944,28/05/23,,fedex,Delivered
10484,404,10/01/21,,usps,In Transit
10485,4147,13/01/23,,fedex,In Transit
10486,3892,11/06/22,,dhl,In Transit
10487,929,29/05/20,,dhl,Delivered
10488,300,03/06/22,,dhl,In Transit
10489,12406,29/07/22,,dhl,Delivered
10490,6891,06/10/23,,fedex,In Transit
10491,6331,25/07/21,,fedex,In Transit
10492,12542,16/02/20,,fedex,Delivered
10493,20277,07/02/22,,fedex,Delivered
10494,11296,14/06/22,,bluedart,Delivered
10495,7064,24/10/20,,dhl,Delivered
10496,11804,30/12/21,,ups,Delivered
10497,7375,16/10/23,,bluedart,Delivered
10498,14987,21/10/23,,ups,Delivered
10499,8315,12/04/22,,fedex,In Transit
10500,6520,19/10/22,,fedex,Delivered
10501,11530,20/02/20,,ups,Delivered
10502,18344,25/08/20,,fedex,In Transit
10503,4947,25/12/23,,fedex,Cancelled
10504,15021,27/12/20,,dhl,In Transit
10505,7841,20/11/20,,dhl,Delivered
10506,4590,28/01/22,,dhl,Delivered
10507,10638,09/08/20,,dhl,Cancelled
10508,8874,22/12/23,,bluedart,Delivered
10509,2213,09/07/23,,bluedart,In Transit
10510,15204,13/06/22,,dhl,Delivered
10511,14876,24/02/20,,usps,In Transit
10512,17342,17/11/20,,bluedart,Delivered
10513,14594,20/11/21,,dhl,In Transit
10514,8783,15/06/23,,usps,Cancelled
10515,15334,09/05/20,,dhl,Cancelled
10516,972,10/02/23,,fedex,In Transit
10517,2276,10/03/22,,bluedart,Delivered
10518,9181,29/06/20,,ups,Delivered
10519,8314,04/06/20,,bluedart,Cancelled
10520,12256,07/02/21,,dhl,Delivered
10521,19326,20/07/22,,ups,In Transit
10522,6340,25/08/21,,fedex,In Transit
10523,6072,15/09/20,,ups,Delivered
10524,16269,10/09/21,,dhl,In Transit
10525,18417,27/02/22,,bluedart,In Transit
10526,14809,29/03/21,,fedex,In Transit
10527,16581,16/05/22,,fedex,Delivered
10528,5062,17/01/23,,ups,Delivered
10529,14375,02/12/21,,fedex,In Transit
10530,12328,28/09/23,,fedex,Delivered
10531,7191,19/11/22,,fedex,In Transit
10532,14888,19/11/20,,fedex,Delivered
10533,445,27/08/23,,bluedart,Delivered
10534,9230,19/09/23,,ups,Delivered
10535,14943,22/05/20,,usps,Delivered
10536,3311,18/10/21,,dhl,Delivered
10537,10438,04/01/20,,bluedart,Delivered
10538,3403,27/08/20,,ups,Delivered
10539,18390,19/05/21,,fedex,Delivered
10540,2441,21/07/21,,fedex,In Transit
10541,14944,20/10/22,,fedex,In Transit
10542,6382,24/12/21,,ups,In Transit
10543,5962,26/04/23,,fedex,Delivered
10544,13578,15/07/22,,usps,Delivered
10545,11908,06/03/22,,fedex,In Transit
10546,3211,12/04/22,,dhl,In Transit
10547,466,30/12/21,,fedex,In Transit
10548,1248,18/10/21,,fedex,In Transit
10549,19655,06/11/21,,fedex,In Transit
10550,4887,22/11/22,,ups,Cancelled
10551,2209,05/12/23,,fedex,Delivered
10552,19860,12/07/23,,dhl,Delivered
10553,1240,15/12/20,,fedex,Delivered
10554,2574,30/06/23,,fedex,Delivered
10555,18591,14/04/22,,dhl,Delivered
10556,20173,04/08/20,,dhl,Delivered
10557,4156,24/05/22,,dhl,Delivered
10558,1446,26/04/21,,ups,Delivered
10559,20607,14/06/21,,bluedart,Cancelled
10560,14764,14/03/22,,fedex,In Transit
10561,8731,24/02/23,,usps,Delivered
10562,10035,06/02/23,,fedex,Delivered
10563,17492,13/10/22,,fedex,In Transit
10564,14283,26/04/22,,fedex,Delivered
10565,15523,07/11/21,,dhl,Cancelled
10566,16076,16/01/22,,fedex,Delivered
10567,4023,04/02/23,,bluedart,Delivered
10568,10613,11/01/23,,bluedart,Delivered
10569,12993,07/07/20,,fedex,Delivered
10570,10300,17/01/22,,fedex,Delivered
10571,4331,04/04/21,,ups,Delivered
10572,11590,18/03/23,,fedex,Delivered
10573,4167,19/04/22,,fedex,Delivered
10574,17299,21/01/20,,fedex,Delivered
10575,17579,25/09/23,,dhl,In Transit
10576,21292,10/12/22,,dhl,In Transit
10577,9697,15/02/21,,ups,In Transit
10578,9996,23/11/20,,bluedart,In Transit
10579,21582,15/12/21,,bluedart,In Transit
10580,10629,13/04/23,23/04/23,fedex,Returned
10581,17855,15/01/20,,fedex,Delivered
10582,15464,26/01/20,08/02/20,fedex,Returned
10583,17219,14/09/22,,dhl,Delivered
10584,4257,05/08/20,,ups,Delivered
10585,18394,11/01/20,,usps,Delivered
10586,2455,08/02/23,,dhl,Delivered
10587,6756,23/09/20,,ups,Delivered
10588,19789,05/04/21,,dhl,Delivered
10589,16301,24/11/20,,fedex,In Transit
10590,10718,03/01/24,,fedex,Delivered
10591,5811,15/07/22,,fedex,In Transit
10592,3025,04/05/20,,ups,Delivered
10593,11587,05/03/21,18/03/21,dhl,Returned
10594,6530,19/04/20,,bluedart,Delivered
10595,18661,14/10/21,,dhl,In Transit
10596,19433,13/08/22,,fedex,In Transit
10597,12841,02/08/23,,usps,Delivered
10598,8052,05/12/20,,usps,Delivered
10599,3810,15/02/20,02/03/20,fedex,Returned
10600,12770,01/09/21,,fedex,Delivered
10601,10900,16/08/20,,usps,Delivered
10602,9094,20/05/22,,fedex,Delivered
10603,19828,14/12/22,,fedex,Delivered
10604,14059,15/11/22,,ups,In Transit
10605,20472,04/11/22,,ups,In Transit
10606,656,21/07/23,,fedex,In Transit
10607,11808,22/04/21,,fedex,In Transit
10608,10254,12/10/23,,fedex,In Transit
10609,3302,04/04/23,,dhl,In Transit
10610,17768,11/07/23,,dhl,Delivered
10611,3290,08/06/22,,fedex,Delivered
10612,3992,05/07/21,,dhl,Delivered
10613,16454,06/09/22,,fedex,In Transit
10614,1982,09/10/22,,dhl,Delivered
10615,5916,15/01/20,,dhl,In Transit
10616,1457,26/01/20,,dhl,Delivered
10617,19052,20/07/23,,ups,In Transit
10618,14482,08/07/22,,fedex,Delivered
10619,7098,12/06/20,19/06/20,fedex,Returned
10620,4581,04/05/22,,fedex,Cancelled
10621,13378,26/01/23,,dhl,Delivered
10622,19997,03/02/21,26/02/21,dhl,Returned
10623,3958,19/07/23,,ups,Delivered
10624,19186,25/03/20,,usps,Cancelled
10625,6816,16/08/21,,ups,Delivered
10626,4803,01/09/23,,dhl,Cancelled
10627,7349,30/08/22,,fedex,Delivered
10628,15161,05/02/21,27/02/21,dhl,Returned
10629,20631,19/11/22,,ups,Delivered
10630,12733,03/02/21,,fedex,Delivered
10631,18903,11/09/20,,dhl,Delivered
10632,3526,28/12/23,,usps,Delivered
10633,7033,24/08/21,,fedex,Cancelled
10634,3684,20/04/20,,dhl,Delivered
10635,7430,19/04/23,,dhl,In Transit
10636,4357,03/02/23,,bluedart,Delivered
10637,2267,03/02/22,,dhl,In Transit
10638,13812,05/04/23,,fedex,In Transit
10639,19331,25/07/23,,fedex,Cancelled
10640,16381,06/03/23,17/03/23,fedex,Returned
10641,12589,04/09/23,,fedex,Delivered
10642,19357,23/06/23,,bluedart,In Transit
10643,401,14/02/22,,bluedart,Delivered
10644,13664,24/10/21,,bluedart,Delivered
10645,16455,24/05/22,,fedex,In Transit
10646,20144,10/09/22,,bluedart,Delivered
10647,18010,03/04/20,,dhl,Delivered
10648,4842,25/08/23,,fedex,Delivered
10649,8025,10/03/21,,fedex,Delivered
10650,20878,10/05/20,,ups,Delivered
10651,1480,31/08/21,,bluedart,Delivered
10652,13642,22/09/20,,fedex,In Transit
10653,3747,19/09/20,,usps,In Transit
10654,11262,04/07/21,,dhl,Cancelled
10655,16131,31/10/21,,dhl,Delivered
10656,1571,14/02/21,,fedex,Cancelled
10657,17804,20/04/21,,ups,Delivered
10658,64,06/04/22,,fedex,In Transit
10659,12294,04/12/21,,ups,Delivered
10660,20274,08/09/22,,fedex,In Transit
10661,12515,13/12/22,,fedex,Cancelled
10662,16045,01/01/22,,usps,Delivered
10663,14609,08/07/21,,dhl,In Transit
10664,15463,06/05/23,,bluedart,In Transit
10665,7761,28/11/20,,fedex,In Transit
10666,3740,15/05/22,06/06/22,usps,Returned
10667,1008,03/09/20,,usps,Delivered
10668,7413,11/12/22,,fedex,Delivered
10669,4319,15/11/21,,fedex,In Transit
10670,11613,17/06/22,,fedex,Delivered
10671,18830,18/05/21,,fedex,In Transit
10672,814,06/05/20,,usps,Delivered
10673,9244,17/04/23,,bluedart,Delivered
10674,17743,22/08/22,,dhl,Delivered
10675,618,09/05/20,,bluedart,Delivered
10676,2042,23/02/23,,dhl,Delivered
10677,17192,13/08/20,,fedex,Cancelled
10678,312,25/09/21,,ups,Delivered
10679,4601,04/05/21,,dhl,In Transit
10680,6054,18/01/22,,fedex,Cancelled
10681,7740,08/04/20,,fedex,Delivered
10682,18321,23/11/20,,usps,Delivered
10683,13629,08/03/20,,fedex,In Transit
10684,893,10/06/23,,fedex,Delivered
10685,8398,21/02/22,,ups,In Transit
10686,7178,14/07/20,,dhl,Delivered
10687,12110,11/10/22,,ups,In Transit
10688,15301,07/03/20,,fedex,In Transit
10689,21110,09/03/21,,dhl,In Transit
10690,4130,02/01/21,,ups,In Transit
10691,13633,19/02/21,,bluedart,Delivered
10692,8242,04/05/22,,dhl,In Transit
10693,10605,01/09/20,,bluedart,Delivered
10694,19018,19/12/23,,fedex,In Transit
10695,10812,18/08/23,,fedex,In Transit
10696,16451,15/02/20,,fedex,In Transit
10697,17610,05/04/22,,fedex,In Transit
10698,13197,01/05/22,,ups,In Transit
10699,20445,28/11/22,,ups,In Transit
10700,4635,28/05/21,,fedex,Delivered
10701,4423,10/01/21,,usps,Delivered
10702,10108,05/05/23,,fedex,In Transit
10703,8897,07/12/20,,bluedart,In Transit
10704,1179,07/03/22,,fedex,In Transit
10705,8987,17/04/23,,usps,Delivered
10706,12186,17/02/22,,usps,In Transit
10707,17790,29/04/22,,fedex,In Transit
10708,11171,17/04/20,,dhl,In Transit
10709,13261,16/09/23,,fedex,Delivered
10710,21199,20/01/22,,fedex,Delivered
10711,9800,15/03/21,,fedex,Delivered
10712,11227,06/09/22,,bluedart,Delivered
10713,20614,20/03/21,,dhl,In Transit
10714,20373,07/08/20,,ups,Delivered
10715,16115,25/03/21,,bluedart,Delivered
10716,15268,26/04/21,,dhl,In Transit
10717,560,09/05/23,,ups,Delivered
10718,1575,21/02/20,,bluedart,In Transit
10719,21436,15/10/21,,bluedart,Cancelled
10720,12973,24/05/22,03/06/22,ups,Returned
10721,7756,19/03/20,,fedex,Cancelled
10722,187,19/10/22,,fedex,Delivered
10723,17332,15/03/20,,dhl,In Transit
10724,14262,04/04/21,,ups,Delivered
10725,1025,17/02/20,,fedex,Cancelled
10726,20969,25/02/23,,fedex,In Transit
10727,16393,22/09/22,,usps,In Transit
10728,8520,07/10/22,,fedex,Delivered
10729,18323,03/09/22,,fedex,In Transit
10730,930,09/01/22,,fedex,Delivered
10731,12580,01/07/20,,ups,In Transit
10732,6231,13/12/21,,fedex,In Transit
10733,19254,29/03/20,,fedex,Cancelled
10734,19968,23/01/21,08/02/21,fedex,Returned
10735,20110,03/04/21,,usps,Cancelled
10736,8584,26/02/20,,fedex,Delivered
10737,16946,21/01/23,,fedex,Delivered
10738,3884,10/03/21,,fedex,Delivered
10739,11090,26/03/21,,fedex,Delivered
10740,16049,18/04/21,,dhl,Delivered
10741,12374,09/01/23,,dhl,Delivered
10742,1796,24/03/20,,usps,Delivered
10743,10908,20/02/23,,fedex,In Transit
10744,24,22/08/23,,dhl,Cancelled
10745,20354,07/07/22,,fedex,Delivered
10746,20960,19/01/20,,bluedart,In Transit
10747,9128,27/08/22,,bluedart,In Transit
10748,12355,03/12/22,,dhl,Cancelled
10749,1863,12/12/20,,fedex,In Transit
10750,14555,16/10/23,,dhl,Delivered
10751,13463,10/03/21,,fedex,Cancelled
10752,11306,23/02/20,,fedex,In Transit
10753,17031,23/07/21,,bluedart,Delivered
10754,20065,15/08/21,,fedex,Delivered
10755,1675,27/07/20,,fedex,Delivered
10756,16978,15/01/22,,fedex,In Transit
10757,5497,16/01/21,,fedex,Delivered
10758,16084,21/09/22,,usps,Cancelled
10759,11142,26/04/20,,usps,Delivered
10760,14174,22/05/21,,usps,Delivered
10761,10385,10/04/20,,fedex,Delivered
10762,21031,02/01/21,,fedex,In Transit
10763,9066,07/12/21,,fedex,In Transit
10764,2524,15/10/21,,usps,Delivered
10765,7249,10/07/21,,ups,Cancelled
10766,20422,02/02/21,,usps,Delivered
10767,19277,10/04/20,,fedex,Delivered
10768,14069,21/07/23,,bluedart,Cancelled
10769,15903,28/06/20,,fedex,Delivered
10770,12049,14/02/22,,ups,Delivered
10771,19514,16/06/22,,usps,Delivered
10772,15914,07/09/20,,fedex,Delivered
10773,5989,01/03/20,,fedex,In Transit
10774,17549,15/11/20,,ups,Delivered
10775,19366,22/01/23,,usps,Delivered
10776,16,25/06/21,,dhl,Delivered
10777,16010,22/05/22,,dhl,In Transit
10778,18522,28/05/21,,fedex,In Transit
10779,15045,05/03/21,,dhl,Cancelled
10780,9341,05/06/20,,fedex,In Transit
10781,19253,26/02/22,,dhl,Delivered
10782,17409,20/11/20,,fedex,In Transit
10783,21304,27/12/20,,fedex,Delivered
10784,3952,20/03/21,,dhl,In Transit
10785,18445,21/09/23,,fedex,Delivered
10786,18002,10/02/21,,fedex,Delivered
10787,15059,02/07/21,,bluedart,Delivered
10788,18296,10/02/20,,bluedart,Delivered
10789,15166,11/12/20,,fedex,Delivered
10790,18984,08/05/23,,bluedart,Delivered
10791,5986,15/04/23,,usps,In Transit
10792,5121,15/07/20,,usps,In Transit
10793,16033,18/12/22,,dhl,Delivered
10794,6986,11/12/20,,ups,Delivered
10795,16731,04/08/22,,bluedart,Delivered
10796,20758,01/02/23,,bluedart,In Transit
10797,7097,09/04/23,,bluedart,In Transit
10798,4180,27/09/21,,fedex,Delivered
10799,13266,04/01/21,,fedex,Delivered
10800,5267,09/12/22,,fedex,In Transit
10801,4681,09/07/20,,dhl,Delivered
10802,8607,03/07/20,,fedex,Delivered
10803,4290,10/08/22,,fedex,Delivered
10804,9455,28/04/20,,bluedart,Delivered
10805,11017,01/11/21,,bluedart,Cancelled
10806,6724,16/08/23,,ups,Delivered
10807,766,24/10/22,,fedex,In Transit
10808,17147,30/05/22,,bluedart,In Transit
10809,18076,18/03/23,12/04/23,bluedart,Returned
10810,8880,07/11/23,,ups,Delivered
10811,14812,16/10/22,,fedex,Delivered
10812,8030,01/05/20,,fedex,Cancelled
10813,20537,12/02/23,,ups,In Transit
10814,14480,19/05/20,,bluedart,Delivered
10815,19317,15/09/22,,fedex,Delivered
10816,16501,27/01/21,18/02/21,ups,Returned
10817,5319,11/12/22,,dhl,Delivered
10818,6422,13/04/23,,usps,Delivered
10819,17673,28/11/23,,bluedart,Delivered
10820,15942,29/10/22,,fedex,Delivered
10821,5850,14/04/22,,fedex,Cancelled
10822,3916,24/12/20,,dhl,Delivered
10823,5347,24/05/22,,fedex,Delivered
10824,12504,13/01/21,,dhl,Delivered
10825,10631,31/05/22,,fedex,In Transit
10826,6013,29/07/21,,bluedart,Delivered
10827,12022,30/12/20,,fedex,In Transit
10828,9099,09/06/23,,ups,Delivered
10829,12944,16/06/21,,fedex,Delivered
10830,10117,09/10/21,,ups,In Transit
10831,13979,25/09/20,,fedex,In Transit
10832,526,29/11/23,,fedex,Delivered
10833,3819,04/05/23,,fedex,In Transit
10834,14538,28/01/21,,dhl,Delivered
10835,1806,25/10/23,,ups,In Transit
10836,14700,28/08/20,,dhl,In Transit
10837,11501,28/02/20,,dhl,In Transit
10838,14948,28/12/23,,ups,Delivered
10839,844,27/04/23,,ups,Cancelled
10840,2469,26/09/21,,usps,Delivered
10841,3423,26/01/23,,bluedart,In Transit
10842,2953,17/12/23,,fedex,In Transit
10843,10229,25/07/23,,ups,Delivered
10844,13414,13/03/21,,dhl,Delivered
10845,16325,12/05/21,,dhl,Delivered
10846,10530,17/05/22,,fedex,In Transit
10847,16966,04/01/24,,fedex,Delivered
10848,20306,12/03/20,,fedex,In Transit
10849,2401,31/12/21,,fedex,In Transit
10850,20921,04/10/23,,fedex,Delivered
10851,12658,05/09/20,,bluedart,Delivered
10852,3157,09/02/22,,fedex,Delivered
10853,1233,05/06/20,,fedex,Delivered
10854,5316,08/06/20,,ups,Delivered
10855,14314,15/03/20,,usps,Delivered
10856,9057,15/03/22,,fedex,Delivered
10857,11487,23/05/22,,dhl,Delivered
10858,20238,20/10/22,,bluedart,In Transit
10859,1794,09/04/20,16/04/20,ups,Returned
10860,21272,22/02/21,,fedex,Cancelled
10861,16402,27/08/22,,fedex,Delivered
10862,7278,01/11/21,,bluedart,Delivered
10863,3919,28/11/22,,bluedart,Delivered
10864,16801,17/10/21,,ups,Cancelled
10865,17339,29/07/21,,dhl,Delivered
10866,19273,15/11/21,,fedex,In Transit
10867,19166,23/02/22,,dhl,Delivered
10868,19267,23/07/22,,ups,Delivered
10869,8527,14/06/22,,bluedart,Cancelled
10870,8150,20/09/23,,dhl,In Transit
10871,9093,31/10/23,,ups,In Transit
10872,169,27/06/20,,fedex,In Transit
10873,19327,24/03/23,,bluedart,Cancelled
10874,7955,10/02/23,,fedex,Delivered
10875,17832,29/06/22,,ups,Delivered
10876,969,11/07/21,,fedex,Delivered
10877,4285,13/12/20,,fedex,Delivered
10878,11823,23/09/22,,fedex,Delivered
10879,9429,02/09/23,,bluedart,In Transit
10880,19545,20/04/20,,fedex,Delivered
10881,5832,14/09/22,,ups,Delivered
10882,14517,13/08/23,,usps,Delivered
10883,14025,30/11/22,,bluedart,In Transit
10884,4730,31/12/23,,fedex,Delivered
10885,18407,07/02/23,,dhl,In Transit
10886,15809,04/02/23,,fedex,Cancelled
10887,2814,07/07/21,,dhl,In Transit
10888,11187,26/10/23,,fedex,Delivered
10889,20503,28/03/23,,dhl,Delivered
10890,10801,23/05/23,,usps,Delivered
10891,18694,20/08/22,,fedex,Delivered
10892,15468,05/01/23,,fedex,Delivered
10893,15051,04/08/22,,fedex,In Transit
10894,5118,07/01/23,,bluedart,Delivered
10895,19377,12/10/22,,fedex,In Transit
10896,6697,01/10/20,,dhl,Delivered
10897,15847,03/03/23,,dhl,In Transit
10898,7770,11/06/20,,bluedart,Delivered
10899,9335,10/06/22,,fedex,In Transit
10900,4182,28/07/21,,fedex,In Transit
10901,20218,24/04/23,,dhl,Delivered
10902,15765,23/01/23,,bluedart,In Transit
10903,5253,16/01/23,,usps,In Transit
10904,11378,05/02/21,,dhl,In Transit
10905,8203,12/07/20,,bluedart,Delivered
10906,12756,09/09/22,,dhl,In Transit
10907,7621,17/11/21,,bluedart,Delivered
10908,20713,02/12/20,,bluedart,In Transit
10909,5795,04/06/21,,usps,Delivered
10910,2537,15/09/20,,fedex,Cancelled
10911,11065,24/06/23,,bluedart,Delivered
10912,5352,26/08/21,,bluedart,In Transit
10913,11283,18/02/20,,usps,Delivered
10914,16856,30/07/23,,fedex,In Transit
10915,9944,19/12/22,,dhl,Delivered
10916,2333,06/02/21,,dhl,In Transit
10917,7426,03/11/23,,fedex,Delivered
10918,6482,06/02/20,,bluedart,Delivered
10919,2380,15/09/21,,dhl,Delivered
10920,20896,19/11/21,,fedex,In Transit
10921,1330,05/07/23,,dhl,Cancelled
10922,475,16/05/21,,bluedart,Delivered
10923,12806,29/03/21,,bluedart,Delivered
10924,13059,07/09/23,,fedex,Cancelled
10925,9655,27/09/23,,bluedart,Delivered
10926,4963,22/08/21,,dhl,Delivered
10927,11105,22/10/23,30/10/23,fedex,Returned
10928,17174,09/10/20,,bluedart,Cancelled
10929,21294,21/07/23,,fedex,Delivered
10930,20959,13/09/23,,bluedart,Delivered
10931,11895,01/12/22,,fedex,Delivered
10932,7625,24/05/22,,dhl,In Transit
10933,7344,30/06/23,,ups,In Transit
10934,19181,15/12/22,,bluedart,Delivered
10935,15535,13/02/22,,ups,In Transit
10936,6538,17/04/23,,fedex,Delivered
10937,18064,16/03/20,,dhl,In Transit
10938,18299,01/02/23,,bluedart,Delivered
10939,84,13/03/23,,dhl,Delivered
10940,16749,07/10/20,,fedex,In Transit
10941,4522,25/11/21,,usps,Delivered
10942,19109,12/07/20,,dhl,Delivered
10943,18014,20/08/23,,ups,In Transit
10944,1037,08/04/21,,usps,Delivered
10945,17858,10/12/20,,ups,In Transit
10946,12583,05/07/23,,bluedart,In Transit
10947,4064,09/12/23,,fedex,In Transit
10948,1227,11/06/20,,dhl,In Transit
10949,1896,07/05/20,,fedex,Delivered
10950,7715,29/03/20,,usps,Delivered
10951,3983,25/05/20,,fedex,Delivered
10952,2025,21/04/23,,dhl,Delivered
10953,9299,29/11/23,,fedex,In Transit
10954,4957,10/09/23,,fedex,In Transit
10955,4717,15/08/22,,bluedart,In Transit
10956,11309,17/03/21,,dhl,Delivered
10957,18279,07/09/23,,fedex,In Transit
10958,21338,19/08/22,,fedex,In Transit
10959,11198,28/08/20,,dhl,Delivered
10960,14015,06/04/21,,dhl,Delivered
10961,4900,03/11/23,,usps,In Transit
10962,4860,07/06/23,,ups,Delivered
10963,6853,22/02/23,,fedex,Delivered
10964,9667,27/08/22,,fedex,Delivered
10965,20374,07/02/22,,bluedart,In Transit
10966,12534,16/09/23,,fedex,Delivered
10967,6021,17/03/23,,ups,Delivered
10968,12298,21/05/21,,fedex,Delivered
10969,9286,22/12/21,,bluedart,Delivered
10970,16453,04/09/20,,fedex,In Transit
10971,12435,14/04/21,,fedex,Delivered
10972,15663,09/02/23,,usps,In Transit
10973,7534,09/06/23,,fedex,In Transit
10974,4848,06/03/22,,dhl,In Transit
10975,7350,05/11/20,,dhl,In Transit
10976,3020,06/11/22,,dhl,In Transit
10977,14200,08/12/22,,bluedart,Cancelled
10978,8323,19/04/20,,dhl,Delivered
10979,3475,08/01/20,,fedex,Delivered
10980,19384,05/06/22,,fedex,Delivered
10981,2485,08/11/22,,fedex,Delivered
10982,11691,07/07/22,,fedex,Delivered
10983,3882,06/06/20,,ups,Cancelled
10984,12694,20/03/22,,fedex,Delivered
10985,8879,05/05/21,,ups,In Transit
10986,4052,02/05/20,,fedex,In Transit
10987,4304,24/03/20,,bluedart,In Transit
10988,17719,13/06/22,,fedex,Cancelled
10989,7846,24/10/22,,fedex,Delivered
10990,4926,04/02/23,,dhl,In Transit
10991,3179,18/08/23,,fedex,Delivered
10992,3883,04/09/21,,dhl,In Transit
10993,10064,13/02/21,,fedex,Cancelled
10994,6982,23/04/20,,fedex,Delivered
10995,20095,22/12/22,,fedex,Delivered
10996,20642,25/12/23,,fedex,In Transit
10997,7767,24/11/22,,fedex,In Transit
10998,12830,19/04/23,,dhl,Delivered
10999,381,04/08/23,,dhl,In Transit
11000,17704,20/03/21,,usps,Cancelled
11001,11119,13/07/21,,usps,In Transit
11002,2073,15/09/20,,usps,Delivered
11003,14553,01/12/21,,fedex,In Transit
11004,11840,21/02/20,,ups,In Transit
11005,9404,26/02/22,,ups,In Transit
11006,15620,10/04/22,,ups,Cancelled
11007,8048,05/11/20,,fedex,Cancelled
11008,12440,05/10/20,,fedex,Delivered
11009,18131,25/09/20,,fedex,Delivered
11010,850,12/10/20,,fedex,Delivered
11011,7950,03/08/23,,usps,Delivered
11012,9216,27/11/23,,fedex,In Transit
11013,21279,15/06/21,,ups,In Transit
11014,11186,18/11/22,,bluedart,Delivered
11015,3736,14/03/23,,ups,In Transit
11016,544,09/11/20,,dhl,In Transit
11017,12676,19/09/21,,dhl,Delivered
11018,12940,20/06/21,,fedex,In Transit
11019,9055,17/12/23,,fedex,Delivered
11020,20297,30/08/22,,dhl,Delivered
11021,14514,24/10/23,,dhl,In Transit
11022,16658,08/06/20,,fedex,In Transit
11023,7330,24/02/20,,fedex,In Transit
11024,1599,02/10/22,,fedex,Delivered
11025,12395,11/12/21,,bluedart,Cancelled
11026,4012,31/05/22,,usps,Delivered
11027,18630,10/03/21,,dhl,In Transit
11028,3371,30/09/20,,ups,Delivered
11029,11617,19/02/23,,fedex,Delivered
11030,7312,05/10/23,,fedex,In Transit
11031,12526,09/10/22,,ups,Delivered
11032,18032,27/08/21,,fedex,Delivered
11033,18954,13/07/22,,dhl,Delivered
11034,2164,08/05/20,,fedex,In Transit
11035,21169,05/05/23,,usps,In Transit
11036,18220,15/10/21,,fedex,Delivered
11037,10201,24/04/22,,dhl,Delivered
11038,18469,23/08/23,,bluedart,In Transit
11039,7993,11/10/21,,fedex,Delivered
11040,17496,13/07/20,,dhl,Delivered
11041,15064,04/02/21,,bluedart,Delivered
11042,6393,30/08/20,,bluedart,In Transit
11043,3051,06/05/20,,dhl,In Transit
11044,10855,26/02/22,,fedex,Delivered
11045,19146,31/10/20,,fedex,Delivered
11046,13351,27/04/22,,fedex,Delivered
11047,2442,11/10/21,,dhl,Delivered
11048,14781,01/06/20,,bluedart,Cancelled
11049,128,24/08/23,,ups,Delivered
11050,8067,27/07/23,,bluedart,Delivered
11051,837,26/05/20,,fedex,Delivered
11052,341,02/02/20,,fedex,Delivered
11053,13978,07/03/22,,bluedart,Delivered
11054,1288,09/12/21,,dhl,Delivered
11055,13768,26/04/21,,fedex,Delivered
11056,13454,10/04/22,,usps,Delivered
11057,15690,08/04/20,,fedex,Delivered
11058,10076,03/11/23,,fedex,In Transit
11059,14634,18/02/20,,fedex,Cancelled
11060,16057,22/11/20,,dhl,Delivered
11061,12786,26/04/23,,ups,Delivered
11062,813,01/10/23,,usps,In Transit
11063,5628,21/09/20,,bluedart,Delivered
11064,1173,27/12/22,,usps,In Transit
11065,18939,28/11/22,,usps,Delivered
11066,16440,18/06/22,,bluedart,Delivered
11067,14063,18/04/23,,fedex,In Transit
11068,20405,08/04/20,,usps,Cancelled
11069,2704,08/01/22,,dhl,In Transit
11070,17266,24/03/20,,fedex,In Transit
11071,19978,03/07/20,,dhl,In Transit
11072,10034,24/10/23,,fedex,Cancelled
11073,4637,27/10/23,,fedex,Delivered
11074,2124,13/02/21,,bluedart,In Transit
11075,8065,21/02/23,,ups,In Transit
11076,12153,06/01/22,,usps,In Transit
11077,8437,03/04/22,,fedex,Delivered
11078,2171,20/09/21,,ups,In Transit
11079,15154,13/10/22,,ups,Delivered
11080,2701,23/09/22,,usps,In Transit
11081,849,30/10/21,,bluedart,Delivered
11082,10647,16/08/20,,ups,Delivered
11083,7225,08/11/22,,dhl,In Transit
11084,3492,14/04/20,,fedex,Delivered
11085,11321,29/06/20,,fedex,Delivered
11086,15521,13/06/21,,fedex,Delivered
11087,15591,03/10/23,,dhl,Delivered
11088,6293,28/09/20,,bluedart,Delivered
11089,12444,27/05/21,,bluedart,Delivered
11090,13630,25/01/21,,usps,In Transit
11091,9715,19/03/21,,fedex,In Transit
11092,12696,10/10/21,,dhl,Delivered
11093,17391,14/04/23,23/04/23,dhl,Returned
11094,10258,10/02/21,,dhl,In Transit
11095,16398,09/03/21,,fedex,Delivered
11096,613,02/10/21,17/10/21,bluedart,Returned
11097,4586,19/05/21,,fedex,Delivered
11098,12203,14/05/23,,ups,In Transit
11099,7765,24/04/22,,dhl,Delivered
11100,9358,16/03/20,,fedex,Delivered
11101,19955,05/12/21,,fedex,In Transit
11102,15043,15/12/22,,fedex,In Transit
11103,267,19/07/20,,bluedart,Delivered
11104,125,01/09/21,,fedex,Delivered
11105,8349,30/11/21,,dhl,In Transit
11106,8489,21/12/21,,ups,Delivered
11107,10566,19/04/22,,fedex,Delivered
11108,8302,09/10/22,,usps,Delivered
11109,3171,24/10/23,,dhl,Delivered
11110,15931,26/10/23,,bluedart,Delivered
11111,2967,26/05/23,,fedex,Delivered
11112,21519,05/11/23,,dhl,In Transit
11113,13860,02/05/23,,dhl,In Transit
11114,21501,02/12/22,,fedex,In Transit
11115,2355,06/01/21,,usps,Delivered
11116,15766,04/11/21,,fedex,Delivered
11117,11387,08/09/23,,fedex,Delivered
11118,13530,31/05/20,,ups,Delivered
11119,15010,30/01/20,08/02/20,fedex,Returned
11120,5706,04/12/22,,dhl,In Transit
11121,14202,14/07/22,,dhl,Delivered
11122,13472,07/03/21,16/03/21,fedex,Returned
11123,7200,16/04/21,,fedex,In Transit
11124,4089,13/10/23,,fedex,Delivered
11125,19434,24/09/23,,fedex,Delivered
11126,16677,14/06/21,,fedex,Delivered
11127,756,27/10/22,,fedex,In Transit
11128,8011,06/07/23,,dhl,Delivered
11129,16043,02/07/22,,dhl,Delivered
11130,18055,18/08/21,,fedex,Delivered
11131,17898,26/04/23,,fedex,Delivered
11132,5053,06/10/22,,bluedart,In Transit
11133,14676,30/09/22,,bluedart,Delivered
11134,17388,27/03/23,,dhl,Delivered
11135,20761,17/11/20,,fedex,Delivered
11136,13784,22/03/22,,fedex,Delivered
11137,13010,30/04/22,,usps,Delivered
11138,15118,14/02/20,,dhl,Delivered
11139,4127,05/12/20,,dhl,Delivered
11140,11853,08/01/23,,usps,In Transit
11141,19996,17/12/23,08/01/24,bluedart,Returned
11142,19775,10/09/21,,fedex,In Transit
11143,19458,11/08/21,,fedex,Cancelled
11144,15279,24/10/22,,ups,Delivered
11145,4318,28/06/20,,fedex,In Transit
11146,9535,02/12/22,,fedex,Delivered
11147,8331,29/07/21,,ups,In Transit
11148,15109,16/06/21,,fedex,In Transit
11149,2759,07/05/21,,dhl,In Transit
11150,2236,06/07/21,,fedex,Delivered
11151,18134,07/11/21,,usps,Delivered
11152,15321,08/04/22,,fedex,Delivered
11153,16046,09/05/22,,fedex,Delivered
11154,4309,08/03/21,,fedex,Delivered
11155,17777,06/10/20,,dhl,Delivered
11156,2415,26/07/23,,bluedart,Delivered
11157,1115,18/09/22,,dhl,Delivered
11158,20571,21/11/21,,fedex,Delivered
11159,3010,28/08/22,,bluedart,Delivered
11160,2782,07/06/20,,fedex,In Transit
11161,2386,09/06/22,,usps,Delivered
11162,1588,18/03/21,,fedex,In Transit
11163,14983,25/02/21,,fedex,In Transit
11164,11369,09/10/21,,dhl,In Transit
11165,6944,18/04/22,,ups,Delivered
11166,19130,17/07/21,,fedex,Delivered
11167,8835,22/05/23,,fedex,Delivered
11168,21525,27/10/22,,ups,In Transit
11169,7640,23/02/23,,bluedart,Delivered
11170,309,23/06/22,,fedex,In Transit
11171,3753,20/09/20,,fedex,Delivered
11172,14668,17/10/21,,fedex,Delivered
11173,7295,09/07/23,,usps,Delivered
11174,12793,19/06/22,,dhl,Delivered
11175,4629,26/01/21,,dhl,In Transit
11176,20346,29/06/21,,fedex,Delivered
11177,8044,30/11/21,,fedex,In Transit
11178,16428,10/09/20,,usps,In Transit
11179,7486,26/09/22,,dhl,In Transit
11180,9778,26/08/22,,dhl,Delivered
11181,16625,21/12/23,,fedex,Delivered
11182,1702,14/08/22,,fedex,In Transit
11183,7906,28/06/22,,usps,Cancelled
11184,5113,06/03/21,13/03/21,bluedart,Returned
11185,6951,23/12/23,,fedex,Delivered
11186,16793,14/10/20,,fedex,Delivered
11187,13499,02/03/22,,ups,In Transit
11188,15498,19/02/21,,fedex,Delivered
11189,14153,29/11/20,,fedex,In Transit
11190,6213,16/10/21,,dhl,In Transit
11191,1508,01/03/21,,fedex,Delivered
11192,6085,06/05/20,,ups,Delivered
11193,20466,11/07/22,,fedex,In Transit
11194,20563,18/10/20,,fedex,Delivered
11195,21469,04/04/20,,bluedart,Delivered
11196,17100,31/08/23,,fedex,In Transit
11197,12611,22/07/21,,fedex,Delivered
11198,9992,28/12/23,,fedex,Delivered
11199,21155,22/12/23,,fedex,In Transit
11200,8287,01/07/23,,ups,Delivered
11201,14516,23/07/22,,fedex,Delivered
11202,15755,18/01/21,,usps,Delivered
11203,654,12/07/20,,fedex,Delivered
11204,1718,23/04/22,,bluedart,Delivered
11205,19362,07/11/21,,bluedart,Delivered
11206,8716,18/05/23,,bluedart,Delivered
11207,7272,18/09/21,,dhl,Delivered
11208,9569,07/02/23,,fedex,Delivered
11209,11536,16/04/20,,fedex,Cancelled
11210,10880,15/12/20,,usps,In Transit
11211,13401,01/03/20,,fedex,In Transit
11212,21237,06/03/22,,usps,In Transit
11213,3575,27/03/23,,fedex,Delivered
11214,4307,27/09/23,,fedex,Delivered
11215,15176,14/03/21,,dhl,Delivered
11216,16930,24/07/21,,fedex,Delivered
11217,4053,03/06/20,,usps,In Transit
11218,1397,26/02/21,,bluedart,In Transit
11219,15422,03/04/20,09/04/20,fedex,Returned
11220,15651,04/09/21,,fedex,Cancelled
11221,13030,27/10/23,,usps,Delivered
11222,19667,11/11/20,,fedex,In Transit
11223,13399,14/06/21,,usps,Delivered
11224,15557,06/03/21,27/03/21,bluedart,Returned
11225,9810,17/08/21,,usps,Delivered
11226,8797,03/02/20,,bluedart,In Transit
11227,7780,12/02/20,,bluedart,Delivered
11228,15605,09/03/21,,fedex,Delivered
11229,9817,15/12/22,,fedex,In Transit
11230,10217,05/06/23,,ups,Delivered
11231,16640,03/06/21,,dhl,In Transit
11232,11223,02/02/22,,fedex,Delivered
11233,15027,25/10/23,,bluedart,In Transit
11234,6479,23/02/23,,fedex,Delivered
11235,20199,20/12/22,,bluedart,In Transit
11236,11313,15/09/23,,dhl,Delivered
11237,4882,04/11/23,,fedex,In Transit
11238,15307,29/01/23,,bluedart,Delivered
11239,7135,22/09/21,,bluedart,Delivered
11240,9851,24/09/21,,bluedart,In Transit
11241,2713,07/01/22,,fedex,Delivered
11242,16161,20/08/22,,ups,In Transit
11243,13244,20/05/21,,ups,In Transit
11244,17080,01/08/20,,dhl,Delivered
11245,13087,17/03/22,,ups,In Transit
11246,1691,25/03/20,,fedex,Delivered
11247,15901,01/04/20,,fedex,Delivered
11248,14131,12/09/20,,dhl,Delivered
11249,13327,18/03/21,,dhl,Delivered
11250,20916,19/06/21,,fedex,In Transit
11251,19918,21/07/21,,fedex,In Transit
11252,18040,25/03/21,,fedex,In Transit
11253,15680,22/09/22,,fedex,Delivered
11254,18728,18/10/23,,bluedart,Delivered
11255,17754,02/02/23,,fedex,Delivered
11256,17354,17/03/23,,dhl,In Transit
11257,10199,18/06/20,,ups,Delivered
11258,17212,20/12/23,,usps,In Transit
11259,18173,10/01/21,,usps,Delivered
11260,18431,19/01/23,,dhl,In Transit
11261,18363,23/05/20,,ups,In Transit
11262,16738,15/08/21,,fedex,In Transit
11263,18360,03/10/20,,usps,Delivered
11264,1993,17/12/21,,fedex,Cancelled
11265,12622,17/12/21,,fedex,In Transit
11266,20680,18/08/22,,fedex,Delivered
11267,8542,08/08/23,,ups,In Transit
11268,11292,14/02/22,,fedex,Cancelled
11269,16362,14/12/21,,fedex,Delivered
11270,3238,09/04/20,,bluedart,Delivered
11271,17812,29/08/21,,dhl,Delivered
11272,14070,11/10/21,,usps,Delivered
11273,20381,10/05/20,04/06/20,dhl,Returned
11274,21359,26/06/22,,dhl,Delivered
11275,1003,25/08/22,,bluedart,Delivered
11276,8049,08/01/22,,usps,In Transit
11277,1871,08/09/22,,fedex,Delivered
11278,16907,29/07/23,,fedex,In Transit
11279,7546,22/04/23,,bluedart,Delivered
11280,4141,14/02/21,,ups,Delivered
11281,17321,09/01/20,,fedex,In Transit
11282,1498,01/01/21,18/01/21,fedex,Returned
11283,11210,28/12/20,,dhl,Delivered
11284,11220,22/05/20,,ups,Delivered
11285,1959,20/09/22,,dhl,Delivered
11286,4866,28/09/20,,ups,In Transit
11287,16872,03/04/22,,dhl,In Transit
11288,12527,18/12/20,,ups,In Transit
11289,16983,27/09/23,,fedex,In Transit
11290,12461,21/01/21,,dhl,Delivered
11291,12432,14/02/22,,dhl,Delivered
11292,14723,01/11/21,,fedex,Delivered
11293,19702,27/10/21,,fedex,Delivered
11294,6507,01/05/20,,bluedart,Delivered
11295,20735,14/03/22,,usps,Delivered
11296,11600,22/06/21,,dhl,Delivered
11297,10916,16/07/21,,fedex,In Transit
11298,2783,20/08/22,,fedex,Delivered
11299,3593,19/02/23,,dhl,Delivered
11300,2928,09/07/21,,ups,Delivered
11301,14922,17/09/23,,fedex,In Transit
11302,9086,17/06/21,,fedex,Delivered
11303,20640,09/03/23,,fedex,Delivered
11304,9150,12/09/20,,ups,Cancelled
11305,762,12/01/22,,ups,Delivered
11306,9545,29/08/20,,fedex,Delivered
11307,1042,27/03/22,,dhl,Delivered
11308,18554,21/06/20,,fedex,In Transit
11309,14680,04/09/23,,fedex,Delivered
11310,13211,20/06/23,,fedex,In Transit
11311,8228,27/02/23,09/03/23,bluedart,Returned
11312,6980,15/09/21,,fedex,In Transit
11313,7888,04/05/22,,ups,In Transit
11314,4961,21/06/23,,fedex,Cancelled
11315,13757,09/07/22,,ups,Delivered
11316,8517,16/02/20,,fedex,Delivered
11317,1261,01/06/23,,dhl,Delivered
11318,3294,01/12/23,,fedex,Delivered
11319,11863,18/01/22,,ups,Delivered
11320,11674,06/06/20,,bluedart,Delivered
11321,1323,19/03/23,,fedex,Delivered
11322,17598,07/12/22,,fedex,Delivered
11323,19564,10/09/22,,fedex,Delivered
11324,17205,21/07/20,,fedex,In Transit
11325,9087,20/10/22,,fedex,Delivered
11326,9025,12/02/22,,dhl,Delivered
11327,8766,31/10/23,,ups,Delivered
11328,19816,29/01/20,,fedex,In Transit
11329,2263,22/08/23,,fedex,Delivered
11330,11816,14/08/21,30/08/21,usps,Returned
11331,4226,25/06/23,,ups,In Transit
11332,17258,14/12/22,,dhl,Delivered
11333,16071,26/07/23,,fedex,Delivered
11334,7395,15/09/20,,fedex,Delivered
11335,233,23/01/22,,fedex,Delivered
11336,2986,14/11/21,,fedex,In Transit
11337,11972,27/08/23,,dhl,Delivered
11338,4258,10/12/20,,dhl,Delivered
11339,10660,28/07/22,,fedex,Delivered
11340,3243,09/01/20,,usps,Delivered
11341,20760,26/05/22,,ups,In Transit
11342,9618,26/06/23,,fedex,In Transit
11343,961,28/06/23,,ups,Delivered
11344,9982,06/11/20,,ups,Delivered
11345,8951,08/05/21,,fedex,In Transit
11346,9376,25/09/20,,bluedart,In Transit
11347,17248,29/04/20,,fedex,In Transit
11348,19622,28/01/22,,dhl,Delivered
11349,4008,10/11/20,,fedex,Delivered
11350,15542,18/08/23,,bluedart,In Transit
11351,5240,11/09/23,,fedex,In Transit
11352,7502,19/01/21,,fedex,Delivered
11353,5382,04/05/20,,fedex,In Transit
11354,9279,13/03/23,,fedex,Delivered
11355,8729,17/10/23,,dhl,In Transit
11356,14130,28/08/20,,dhl,In Transit
11357,15959,02/06/20,,bluedart,Delivered
11358,1676,16/10/20,,fedex,In Transit
11359,2450,11/02/21,,dhl,In Transit
11360,14616,31/08/22,,fedex,Delivered
11361,7388,01/06/23,,fedex,Delivered
11362,6900,24/09/21,,dhl,Delivered
11363,12823,24/06/20,,fedex,Delivered
11364,12880,18/03/20,,fedex,Delivered
11365,13034,23/02/23,,ups,In Transit
11366,4163,23/11/20,,bluedart,Delivered
11367,17108,23/09/22,,usps,Cancelled
11368,6814,11/12/20,,usps,In Transit
11369,15479,31/01/22,,fedex,In Transit
11370,15138,27/06/21,,fedex,Delivered
11371,8899,15/09/22,,dhl,Delivered
11372,340,16/12/23,,dhl,Delivered
11373,8840,26/06/21,,ups,Delivered
11374,19399,28/01/23,,fedex,Delivered
11375,10276,09/12/20,,fedex,Delivered
11376,1113,17/12/22,,bluedart,Delivered
11377,2917,28/08/22,,dhl,In Transit
11378,8823,06/07/22,,fedex,Delivered
11379,8945,10/08/22,,fedex,Delivered
11380,30,18/11/22,,bluedart,Delivered
11381,21556,04/07/23,,bluedart,In Transit
11382,19736,07/07/21,,fedex,In Transit
11383,2389,11/02/22,,fedex,Delivered
11384,13608,14/02/23,,fedex,In Transit
11385,1905,04/06/21,,fedex,Delivered
11386,15864,27/05/20,,ups,In Transit
11387,4168,17/10/21,,fedex,Delivered
11388,3933,20/01/22,,fedex,Delivered
11389,15231,27/05/20,,dhl,Delivered
11390,18180,06/01/20,,dhl,In Transit
11391,21134,31/05/20,,fedex,Delivered
11392,12716,25/06/22,,dhl,Delivered
11393,10710,30/04/22,,dhl,Delivered
11394,15004,21/05/21,,fedex,In Transit
11395,1712,04/05/20,,usps,Delivered
11396,6877,08/06/23,,bluedart,Delivered
11397,7171,04/02/22,,fedex,Delivered
11398,10412,13/08/20,,fedex,Delivered
11399,6681,16/07/23,,dhl,In Transit
11400,11483,05/08/21,,fedex,Delivered
11401,15650,26/02/23,,fedex,Delivered
11402,4731,10/07/23,,dhl,Delivered
11403,6558,15/09/20,27/09/20,fedex,Returned
11404,2924,20/08/20,,dhl,Delivered
11405,2317,17/05/20,,bluedart,Delivered
11406,12612,03/12/22,,fedex,In Transit
11407,16117,12/01/23,,fedex,In Transit
11408,13561,08/12/22,,ups,Delivered
11409,18292,16/01/22,,usps,Cancelled
11410,19915,23/11/22,,fedex,Delivered
11411,14139,16/02/22,,bluedart,Delivered
11412,17017,11/10/22,,dhl,In Transit
11413,2144,20/09/23,,fedex,Delivered
11414,9950,19/05/20,,ups,Delivered
11415,6925,27/05/20,,fedex,Delivered
11416,798,19/03/23,,fedex,Delivered
11417,17762,16/10/23,09/11/23,fedex,Returned
11418,19707,13/09/22,,bluedart,In Transit
11419,910,12/07/21,,bluedart,In Transit
11420,4410,16/11/23,,dhl,Delivered
11421,15121,14/02/21,,fedex,Delivered
11422,17265,11/03/22,,bluedart,In Transit
11423,5315,01/07/23,,bluedart,Delivered
11424,16359,15/12/21,,usps,In Transit
11425,7039,06/01/21,,ups,Delivered
11426,19469,22/11/20,,fedex,Delivered
11427,17036,12/09/21,,ups,Delivered
11428,12439,17/12/21,,fedex,Delivered
11429,898,28/11/22,,dhl,Delivered
11430,13486,18/05/22,,fedex,Cancelled
11431,2741,17/03/23,,ups,Delivered
11432,19214,21/04/22,,fedex,In Transit
11433,8057,12/12/20,,fedex,Delivered
11434,2987,20/08/21,13/09/21,fedex,Returned
11435,581,24/12/22,,fedex,Delivered
11436,5184,17/01/21,,fedex,Delivered
11437,4741,23/12/21,,ups,In Transit
11438,16008,29/12/23,,bluedart,Delivered
11439,15627,14/12/21,,fedex,In Transit
11440,15632,31/08/23,,dhl,Delivered
11441,9139,08/06/22,,fedex,In Transit
11442,19309,28/07/22,,dhl,Delivered
11443,12588,23/07/21,,fedex,Cancelled
11444,14318,04/03/20,,fedex,In Transit
11445,13445,05/12/22,,dhl,In Transit
11446,16163,14/09/22,,fedex,In Transit
11447,17260,16/05/21,,fedex,Delivered
11448,20217,28/10/21,,bluedart,Delivered
11449,10568,18/08/20,,fedex,In Transit
11450,14240,01/08/20,,bluedart,In Transit
11451,12206,22/06/22,,fedex,Delivered
11452,1716,01/11/22,,fedex,In Transit
11453,3783,07/08/20,,fedex,Delivered
11454,12659,27/08/20,,ups,In Transit
11455,16586,24/07/21,,fedex,Delivered
11456,17394,06/08/23,,fedex,Delivered
11457,20072,13/08/20,,usps,Delivered
11458,10674,05/02/23,,ups,Cancelled
11459,19312,14/12/20,,ups,Cancelled
11460,20134,13/10/20,,usps,Delivered
11461,2852,24/12/21,,bluedart,In Transit
11462,11971,17/07/22,,fedex,Delivered
11463,18545,14/09/22,,fedex,Delivered
11464,17717,26/03/21,,fedex,In Transit
11465,3117,10/02/20,,fedex,In Transit
11466,19139,20/11/22,,fedex,Delivered
11467,13747,05/11/21,,dhl,Delivered
11468,21171,21/07/22,,bluedart,Delivered
11469,7665,04/10/20,,bluedart,Delivered
11470,4632,19/06/21,13/07/21,fedex,Returned
11471,20854,30/12/21,,dhl,Delivered
11472,19363,15/06/21,25/06/21,dhl,Returned
11473,13592,23/01/22,,usps,In Transit
11474,12590,14/08/20,,dhl,Delivered
11475,15337,24/02/21,,bluedart,In Transit
11476,885,09/08/22,,fedex,Delivered
11477,982,09/09/21,,bluedart,Delivered
11478,10339,28/12/21,,fedex,Delivered
11479,10752,27/08/23,,fedex,Delivered
11480,7994,25/09/21,,fedex,Cancelled
11481,8355,20/10/20,,dhl,Delivered
11482,11136,14/02/20,,usps,Cancelled
11483,16629,25/05/23,,ups,In Transit
11484,19796,25/06/21,,fedex,Delivered
11485,18350,01/07/20,,dhl,Delivered
11486,21211,18/09/22,,ups,In Transit
11487,8303,09/09/21,,dhl,Delivered
11488,297,10/02/22,,fedex,Delivered
11489,20282,17/09/22,,fedex,Delivered
11490,7979,01/11/23,,dhl,In Transit
11491,17863,21/05/22,,dhl,In Transit
11492,17706,26/05/20,,fedex,Delivered
11493,15250,31/12/23,,dhl,Delivered
11494,13962,07/08/22,,ups,Delivered
11495,5112,22/04/22,,dhl,Delivered
11496,15577,11/11/20,,ups,In Transit
11497,17548,25/02/22,,bluedart,In Transit
11498,12829,27/04/21,,bluedart,In Transit
11499,1375,11/02/22,,dhl,Delivered
11500,11055,20/01/20,,bluedart,Cancelled
11501,14144,24/07/20,,fedex,In Transit
11502,11474,03/03/22,,fedex,In Transit
11503,1534,25/08/22,,fedex,Delivered
11504,4844,29/09/23,,bluedart,Delivered
11505,16752,22/10/23,,ups,In Transit
11506,21028,04/08/20,,fedex,Delivered
11507,14855,25/03/23,,ups,In Transit
11508,1977,13/08/22,,fedex,In Transit
11509,20449,09/03/20,,fedex,Delivered
11510,17360,13/05/21,,fedex,Delivered
11511,15875,11/11/21,,bluedart,Delivered
11512,19711,16/02/23,,dhl,Delivered
11513,15056,11/07/21,,dhl,Delivered
11514,8175,01/05/23,,bluedart,Delivered
11515,3612,05/02/21,,ups,In Transit
11516,15290,22/11/22,,fedex,Delivered
11517,4833,07/04/21,,dhl,Delivered
11518,14119,03/01/20,,usps,In Transit
11519,14270,16/06/20,,fedex,In Transit
11520,5133,05/08/20,,dhl,In Transit
11521,5911,05/08/21,,fedex,Cancelled
11522,11102,04/09/23,,fedex,Delivered
11523,13119,06/11/21,,bluedart,In Transit
11524,3306,05/08/22,,fedex,Delivered
11525,13224,07/03/20,,fedex,In Transit
11526,2562,27/08/22,,fedex,In Transit
11527,20569,11/06/20,,fedex,Delivered
11528,1578,19/08/22,,fedex,In Transit
11529,10208,07/07/22,,fedex,Delivered
11530,10361,11/03/23,,dhl,Delivered
11531,6432,05/10/21,,fedex,In Transit
11532,1558,27/08/20,,bluedart,Delivered
11533,11798,11/12/22,,dhl,Delivered
11534,15827,26/11/22,,ups,Delivered
11535,5264,28/12/22,12/01/23,bluedart,Returned
11536,21431,09/06/21,,fedex,In Transit
11537,2544,03/06/21,,bluedart,Delivered
11538,6044,06/04/23,,fedex,Delivered
11539,8582,07/01/21,,ups,In Transit
11540,18905,28/08/22,,fedex,In Transit
11541,11196,02/08/21,,fedex,Cancelled
11542,2274,26/11/23,,fedex,Delivered
11543,14794,26/07/22,,dhl,Delivered
11544,12209,07/04/23,,fedex,In Transit
11545,1264,12/04/21,,fedex,In Transit
11546,14716,02/06/20,,ups,In Transit
11547,12595,08/01/20,14/01/20,fedex,Returned
11548,13117,06/12/22,,fedex,In Transit
11549,14620,19/05/20,,fedex,Cancelled
11550,9175,16/02/23,,fedex,Delivered
11551,503,15/07/23,,bluedart,In Transit
11552,10354,31/10/21,,fedex,Delivered
11553,9267,20/02/23,,fedex,In Transit
11554,13069,07/07/23,,fedex,Delivered
11555,3043,21/07/21,,bluedart,Delivered
11556,4314,26/11/23,,fedex,Delivered
11557,19548,25/02/23,,fedex,In Transit
11558,10783,03/10/21,,dhl,Delivered
11559,14738,05/05/22,,fedex,Delivered
11560,1461,18/06/21,,fedex,Delivered
11561,13031,15/05/23,,dhl,Delivered
11562,6068,22/09/23,,dhl,In Transit
11563,14701,24/01/22,,dhl,Delivered
11564,1719,15/12/23,,ups,Delivered
11565,211,30/01/21,,fedex,Delivered
11566,16432,11/02/23,26/02/23,fedex,Returned
11567,13185,26/10/23,,fedex,Delivered
11568,9392,26/12/20,,usps,Delivered
11569,15648,11/06/21,,fedex,Delivered
11570,10091,15/12/21,,bluedart,Delivered
11571,20690,20/04/23,,dhl,In Transit
11572,17941,26/12/20,,ups,Cancelled
11573,11859,26/02/21,,dhl,Delivered
11574,13369,07/02/22,,fedex,In Transit
11575,20559,15/06/23,,fedex,Delivered
11576,10800,29/04/21,,fedex,Delivered
11577,2214,30/07/20,,dhl,Delivered
11578,2350,01/08/22,,ups,Delivered
11579,16315,03/05/22,,ups,In Transit
11580,18110,02/04/20,,dhl,Cancelled
11581,17764,02/05/21,,fedex,In Transit
11582,1477,08/12/21,02/01/22,usps,Returned
11583,13273,24/02/21,,bluedart,In Transit
11584,17104,25/10/21,,fedex,In Transit
11585,1897,14/11/22,,fedex,In Transit
11586,13114,03/10/23,,ups,In Transit
11587,14019,30/08/22,,fedex,Delivered
11588,10753,28/05/20,,fedex,Delivered
11589,670,01/06/21,,fedex,Delivered
11590,5069,20/02/22,,ups,Delivered
11591,17137,08/05/21,,fedex,Delivered
11592,3175,11/10/21,,fedex,Delivered
11593,18470,03/08/21,,ups,In Transit
11594,12208,09/01/23,,usps,In Transit
11595,21611,30/11/21,,dhl,In Transit
11596,15137,18/10/23,,ups,Delivered
11597,21129,24/06/23,,dhl,Delivered
11598,20221,22/03/22,,dhl,Delivered
11599,18541,28/06/23,,fedex,Delivered
11600,15328,18/03/23,,dhl,Cancelled
11601,257,03/06/20,,bluedart,In Transit
11602,18452,23/07/23,,dhl,Delivered
11603,11059,26/03/21,,fedex,Delivered
11604,12079,11/12/20,,dhl,In Transit
11605,11078,03/05/23,,dhl,Delivered
11606,19351,25/02/20,,dhl,Delivered
11607,10386,24/09/23,,fedex,Delivered
11608,17983,02/02/20,,bluedart,In Transit
11609,4084,03/04/23,,fedex,Delivered
11610,2601,21/01/20,,fedex,In Transit
11611,10014,06/10/22,,fedex,Delivered
11612,20608,06/11/22,,bluedart,Delivered
11613,2943,06/10/23,,dhl,Delivered
11614,7988,25/01/22,,bluedart,In Transit
11615,13591,28/08/20,,fedex,In Transit
11616,5726,13/10/20,,fedex,In Transit
11617,2086,11/07/21,,ups,Cancelled
11618,5972,07/07/20,,dhl,Cancelled
11619,17014,03/09/23,,fedex,Delivered
11620,485,17/09/21,,ups,Delivered
11621,17268,19/04/23,,fedex,Delivered
11622,2305,08/01/22,,usps,Delivered
11623,16469,27/11/23,,fedex,Delivered
11624,21312,08/06/23,,bluedart,Delivered
11625,7384,16/08/23,03/09/23,bluedart,Returned
11626,21486,04/07/23,,fedex,In Transit
11627,1747,01/09/21,,fedex,Delivered
11628,12687,04/03/23,,fedex,In Transit
11629,12860,23/08/23,,fedex,Delivered
11630,4256,03/07/22,,dhl,In Transit
11631,1345,16/04/21,,dhl,Delivered
11632,7364,27/06/21,,bluedart,In Transit
11633,11356,18/07/23,,dhl,Delivered
11634,4974,31/10/22,,usps,Delivered
11635,14420,05/07/21,,bluedart,Delivered
11636,18460,23/11/20,,dhl,In Transit
11637,4725,29/06/21,,fedex,Delivered
11638,16141,15/12/22,,dhl,Delivered
11639,4707,16/12/22,,usps,In Transit
11640,5309,19/12/22,,fedex,Delivered
11641,3947,27/08/22,,ups,Delivered
11642,12455,14/12/21,,ups,Delivered
11643,2247,26/04/23,,ups,Cancelled
11644,17364,17/08/23,,bluedart,Delivered
11645,7550,03/06/23,,fedex,Delivered
11646,10445,21/11/20,,dhl,In Transit
11647,989,09/09/20,20/09/20,fedex,Returned
11648,15673,10/01/20,,bluedart,In Transit
11649,12713,02/01/24,,bluedart,In Transit
11650,1740,27/04/20,,dhl,Delivered
11651,15870,09/06/22,,bluedart,In Transit
11652,6851,30/03/22,,fedex,Delivered
11653,12373,05/03/20,,dhl,Delivered
11654,2719,26/03/21,,dhl,In Transit
11655,965,26/04/21,,dhl,In Transit
11656,16589,09/02/23,,fedex,Delivered
11657,8208,17/02/23,,fedex,Delivered
11658,3378,30/01/20,,dhl,In Transit
11659,18275,17/03/21,,dhl,Delivered
11660,6458,08/11/20,,ups,Delivered
11661,2794,20/01/22,,ups,Cancelled
11662,4087,31/08/21,,fedex,Delivered
11663,12701,28/09/20,,bluedart,Delivered
11664,20587,22/08/23,,usps,Cancelled
11665,14750,24/04/22,08/05/22,dhl,Returned
11666,732,14/11/20,,bluedart,Delivered
11667,1842,23/04/22,,bluedart,In Transit
11668,7671,24/01/23,,fedex,Delivered
11669,8644,23/10/23,,dhl,In Transit
11670,2203,09/11/23,,bluedart,In Transit
11671,4034,28/10/22,,dhl,Delivered
11672,1698,01/10/22,,fedex,Cancelled
11673,19705,16/01/23,,ups,Delivered
11674,4529,04/06/22,,bluedart,Delivered
11675,11543,08/08/22,,fedex,Delivered
11676,9107,22/08/21,,fedex,In Transit
11677,235,16/05/21,,dhl,Delivered
11678,20581,26/08/23,,usps,Delivered
11679,19394,28/12/22,,fedex,Delivered
11680,18671,22/05/22,,dhl,Delivered
11681,12369,17/06/22,,fedex,Delivered
11682,17692,02/02/20,12/02/20,fedex,Returned
11683,1083,09/02/23,,bluedart,Delivered
11684,20881,03/03/22,,fedex,Delivered
11685,13135,10/06/23,,fedex,Delivered
11686,6223,02/09/23,,ups,Cancelled
11687,10470,28/07/23,,fedex,Delivered
11688,14617,01/03/22,,fedex,Delivered
11689,18580,12/12/22,,dhl,In Transit
11690,9756,16/03/22,,dhl,In Transit
11691,15157,26/11/21,,fedex,Delivered
11692,18919,07/11/20,,fedex,Delivered
11693,4769,15/12/22,,fedex,Delivered
11694,3969,16/12/22,24/12/22,fedex,Returned
11695,5030,19/04/20,,usps,Delivered
11696,15236,18/10/23,,fedex,In Transit
11697,16199,20/04/23,,dhl,Delivered
11698,13198,19/03/23,,bluedart,In Transit
11699,14762,26/07/20,,fedex,In Transit
11700,8616,07/06/20,,ups,In Transit
11701,1493,07/08/21,,dhl,Delivered
11702,16471,20/10/21,,fedex,Delivered
11703,14235,21/10/21,,ups,In Transit
11704,18467,18/07/22,,fedex,Delivered
11705,21,22/12/20,,bluedart,Delivered
11706,18899,30/03/21,,fedex,In Transit
11707,11355,23/06/21,,fedex,Delivered
11708,12105,16/01/22,,bluedart,In Transit
11709,3546,01/01/21,,dhl,Cancelled
11710,15915,03/11/20,12/11/20,fedex,Returned
11711,5336,22/11/21,,usps,Delivered
11712,6472,10/11/22,,ups,Delivered
11713,6868,03/04/22,,fedex,Delivered
11714,12779,20/11/20,,bluedart,In Transit
11715,368,25/09/23,,fedex,Delivered
11716,16468,01/11/20,,fedex,Delivered
11717,9876,19/07/23,,bluedart,Delivered
11718,12059,29/11/22,,usps,In Transit
11719,10517,01/11/23,,fedex,Delivered
11720,175,10/11/23,,bluedart,In Transit
11721,2204,14/02/23,,dhl,Delivered
11722,12158,07/11/23,,fedex,In Transit
11723,13684,03/11/21,,usps,Delivered
11724,6310,20/07/23,,fedex,Delivered
11725,1280,29/06/22,,fedex,In Transit
11726,7810,21/11/20,,fedex,Delivered
11727,15249,11/04/22,,ups,Delivered
11728,8455,17/09/22,,fedex,In Transit
11729,6405,27/03/20,,fedex,In Transit
11730,788,14/04/21,,dhl,In Transit
11731,10052,24/10/22,,fedex,Delivered
11732,12617,18/11/21,,dhl,Delivered
11733,5812,05/02/21,,fedex,In Transit
11734,11329,12/04/23,,ups,In Transit
11735,21090,01/01/24,,fedex,Delivered
11736,14970,06/11/20,,dhl,Delivered
11737,6683,20/01/22,,fedex,Delivered
11738,14373,09/03/22,,bluedart,Delivered
11739,17639,09/12/21,,bluedart,Delivered
11740,12080,21/08/20,,ups,Delivered
11741,13580,16/04/22,,fedex,Delivered
11742,7992,07/06/21,,usps,Delivered
11743,1331,24/08/22,,bluedart,In Transit
11744,17830,13/10/23,,fedex,Delivered
11745,16151,02/07/21,,fedex,Delivered
11746,10911,20/05/23,,fedex,Delivered
11747,12359,16/09/20,,fedex,Cancelled
11748,18298,16/01/22,,fedex,Delivered
11749,7399,13/08/23,,dhl,In Transit
11750,8728,08/05/23,,usps,In Transit
11751,16756,24/06/23,,bluedart,Delivered
11752,6594,15/09/23,,fedex,Delivered
11753,11963,06/02/21,,fedex,Delivered
11754,4607,12/11/23,,fedex,In Transit
11755,11742,04/04/21,,fedex,Delivered
11756,14339,16/05/20,,usps,In Transit
11757,21139,28/07/20,,fedex,In Transit
11758,12811,28/09/21,,fedex,Delivered
11759,1061,06/09/23,,usps,In Transit
11760,540,26/06/22,,fedex,Delivered
11761,6145,29/04/22,,dhl,Delivered
11762,14991,10/06/21,,dhl,In Transit
11763,536,26/12/21,,fedex,Delivered
11764,15352,03/07/22,,ups,In Transit
11765,384,02/06/20,11/06/20,bluedart,Returned
11766,4748,08/06/23,,dhl,Delivered
11767,15397,25/04/23,,fedex,Delivered
11768,2324,18/03/21,,bluedart,In Transit
11769,1704,12/05/21,,fedex,In Transit
11770,15982,30/06/21,,dhl,Delivered
11771,13896,22/08/21,,fedex,Delivered
11772,10820,19/06/20,,usps,In Transit
11773,12162,28/11/22,,dhl,Delivered
11774,10197,20/06/22,,fedex,Cancelled
11775,7241,03/03/20,,fedex,Cancelled
11776,5562,02/09/20,,dhl,Delivered
11777,4828,24/08/22,,bluedart,In Transit
11778,4024,25/02/23,,fedex,Delivered
11779,14173,17/08/20,,bluedart,In Transit
11780,159,26/02/22,,bluedart,In Transit
11781,5402,19/09/21,,ups,In Transit
11782,11490,13/04/22,,usps,Delivered
11783,17016,13/01/23,,dhl,In Transit
11784,10483,25/10/22,,fedex,Delivered
11785,17053,16/11/21,,fedex,Delivered
11786,16069,23/01/21,,fedex,Delivered
11787,12742,07/12/21,,fedex,Cancelled
11788,20720,19/03/22,,fedex,Delivered
11789,8935,16/07/21,,dhl,Delivered
11790,18111,01/06/20,,bluedart,Cancelled
11791,17370,18/08/22,,usps,In Transit
11792,19971,21/01/22,,bluedart,Delivered
11793,12519,10/03/22,,bluedart,Delivered
11794,1263,22/11/23,,fedex,Delivered
11795,7700,12/06/20,,dhl,Delivered
11796,1274,20/09/20,,fedex,Delivered
11797,16706,11/07/21,,bluedart,In Transit
11798,11247,21/07/20,,dhl,Delivered
11799,10947,17/07/23,,ups,Delivered
11800,7879,04/04/20,,usps,Delivered
11801,6285,02/04/20,,dhl,Delivered
11802,11060,05/11/21,,bluedart,Delivered
11803,10175,04/09/21,,bluedart,Delivered
11804,8106,12/03/23,,bluedart,Delivered
11805,9472,13/12/21,,usps,Delivered
11806,12006,22/03/23,,fedex,Delivered
11807,4915,11/01/20,,fedex,Delivered
11808,19475,18/06/20,,dhl,In Transit
11809,1965,18/01/21,,dhl,Delivered
11810,1247,23/10/21,,fedex,Delivered
11811,21033,08/08/21,,bluedart,Cancelled
11812,4078,18/06/21,,ups,Delivered
11813,11219,07/05/21,,bluedart,Delivered
11814,17845,09/10/20,,fedex,In Transit
11815,817,21/01/21,,ups,Delivered
11816,4898,13/08/20,,ups,In Transit
11817,3457,28/07/22,,dhl,Delivered
11818,13951,29/06/21,,ups,Cancelled
11819,2876,10/08/22,,bluedart,In Transit
11820,10268,08/11/21,17/11/21,bluedart,Returned
11821,5340,15/12/20,,fedex,In Transit
11822,13049,18/07/23,,bluedart,Delivered
11823,7981,31/12/23,,fedex,Delivered
11824,18293,27/10/23,,fedex,Delivered
11825,5906,03/03/22,,fedex,In Transit
11826,15283,21/08/22,,bluedart,Cancelled
11827,20616,16/12/22,,bluedart,Cancelled
11828,18065,15/10/20,,ups,In Transit
11829,4625,29/03/23,,dhl,Delivered
11830,16832,01/05/20,,fedex,Delivered
11831,1522,20/11/21,,usps,In Transit
11832,2660,23/06/20,,fedex,Delivered
11833,2796,26/01/20,,usps,In Transit
11834,6045,16/12/22,,usps,Delivered
11835,19587,01/01/23,08/01/23,fedex,Returned
11836,7936,23/01/22,,fedex,Delivered
11837,18161,07/12/23,,fedex,Delivered
11838,13696,15/05/20,,dhl,Delivered
11839,17433,08/07/22,,fedex,Delivered
11840,5488,04/08/23,,usps,In Transit
11841,13781,04/08/22,,dhl,In Transit
11842,20973,14/03/21,,bluedart,In Transit
11843,10148,28/07/21,,dhl,Delivered
11844,21350,30/05/22,,fedex,In Transit
11845,14745,01/07/21,,fedex,Delivered
11846,12571,18/05/23,,dhl,In Transit
11847,5198,21/08/23,,dhl,Delivered
11848,19526,13/02/22,,fedex,Cancelled
11849,17300,31/01/20,,dhl,Delivered
11850,4112,30/07/21,,fedex,Delivered
11851,315,10/10/22,,fedex,Delivered
11852,1216,04/01/20,,fedex,Delivered
11853,19231,25/03/23,,ups,Delivered
11854,1463,23/12/21,,fedex,Delivered
11855,8076,14/11/21,,dhl,In Transit
11856,4186,20/10/20,,bluedart,In Transit
11857,11438,22/03/23,,fedex,In Transit
11858,8554,04/04/22,,dhl,In Transit
11859,21276,15/04/21,,bluedart,Delivered
11860,16572,14/09/21,,ups,Delivered
11861,8979,01/03/22,,fedex,Delivered
11862,5745,05/01/23,,usps,Delivered
11863,2973,13/04/23,,dhl,Delivered
11864,9842,20/02/23,,fedex,Delivered
11865,9980,05/10/23,,fedex,In Transit
11866,5055,24/05/23,,usps,In Transit
11867,13555,08/06/22,,fedex,In Transit
11868,10920,19/04/20,,dhl,In Transit
11869,9390,12/01/23,,fedex,In Transit
11870,9653,14/08/20,,fedex,In Transit
11871,10973,28/07/22,17/08/22,fedex,Returned
11872,11022,24/04/23,,fedex,Delivered
11873,8445,04/03/21,,bluedart,Delivered
11874,19750,04/03/22,,bluedart,In Transit
11875,21325,10/09/22,,bluedart,Delivered
11876,9585,23/08/21,17/09/21,ups,Returned
11877,15947,27/01/21,,dhl,Delivered
11878,15266,22/08/20,,bluedart,In Transit
11879,16464,12/12/21,,usps,Delivered
11880,14803,01/05/20,,dhl,Delivered
11881,8405,22/12/23,,bluedart,Delivered
11882,5054,06/07/21,,fedex,Delivered
11883,16136,20/12/21,,bluedart,Delivered
11884,19999,06/04/22,,fedex,Delivered
11885,10152,04/11/20,,fedex,Delivered
11886,18882,18/03/23,,fedex,Delivered
11887,5852,02/01/21,,ups,Delivered
11888,18035,12/09/20,,fedex,Cancelled
11889,5477,23/05/22,,fedex,Delivered
11890,6615,11/10/20,,usps,Delivered
11891,1109,29/11/21,,ups,In Transit
11892,1337,05/12/22,,usps,Delivered
11893,809,22/02/20,,fedex,In Transit
11894,16423,05/05/20,,dhl,In Transit
11895,4015,24/06/20,,fedex,Delivered
11896,4905,31/10/20,,fedex,Delivered
11897,16066,01/08/20,,dhl,Delivered
11898,11621,16/11/21,,usps,In Transit
11899,21446,16/01/22,,fedex,In Transit
11900,4857,30/01/22,,dhl,Delivered
11901,13835,07/03/20,,fedex,In Transit
11902,2605,24/10/23,,dhl,Delivered
11903,4907,07/01/20,,fedex,Cancelled
11904,316,29/04/21,,fedex,Delivered
11905,17703,20/04/23,,fedex,In Transit
11906,1080,24/12/21,,fedex,In Transit
11907,924,02/02/22,,dhl,In Transit
11908,13554,26/08/20,,fedex,Delivered
11909,13453,07/05/23,,dhl,In Transit
11910,14193,17/01/23,,fedex,In Transit
11911,16639,27/07/21,,dhl,Delivered
11912,4144,10/07/21,,dhl,In Transit
11913,11015,20/05/23,,dhl,Cancelled
11914,14782,25/09/21,,fedex,Delivered
11915,14921,31/08/20,21/09/20,bluedart,Returned
11916,16248,05/02/22,,bluedart,Delivered
11917,10302,28/10/20,,dhl,In Transit
11918,5482,04/12/20,,fedex,In Transit
11919,17921,07/09/21,,fedex,Delivered
11920,2005,24/08/20,,fedex,Delivered
11921,8557,22/11/22,,usps,In Transit
11922,21592,12/04/20,,dhl,In Transit
11923,14246,01/07/20,,fedex,In Transit
11924,20022,08/08/21,,ups,Delivered
11925,14042,13/01/22,,fedex,In Transit
11926,13314,27/05/21,,ups,In Transit
11927,1783,26/07/22,,dhl,Delivered
11928,3469,09/03/20,,dhl,In Transit
11929,10033,22/08/23,,usps,In Transit
11930,7593,19/02/22,,fedex,Delivered
11931,548,20/12/21,,fedex,Delivered
11932,20475,28/01/22,,dhl,In Transit
11933,14113,28/07/20,,dhl,Cancelled
11934,18807,16/05/23,21/05/23,fedex,Returned
11935,6691,16/07/21,,fedex,In Transit
11936,6084,24/09/22,,bluedart,In Transit
11937,3021,17/03/20,,fedex,Delivered
11938,4596,08/02/23,,bluedart,In Transit
11939,168,14/06/21,,fedex,Delivered
11940,14273,18/05/22,,fedex,Delivered
11941,6238,02/09/21,,ups,Delivered
11942,3221,29/07/20,,dhl,Delivered
11943,18622,08/12/23,,dhl,Delivered
11944,18058,27/10/20,,fedex,In Transit
11945,16103,09/12/21,,dhl,Delivered
11946,12671,27/03/20,,usps,Delivered
11947,9910,20/08/22,,fedex,Delivered
11948,1234,30/05/23,,bluedart,Delivered
11949,19163,16/11/22,,usps,In Transit
11950,9035,31/03/21,,dhl,Delivered
11951,10977,11/12/20,,usps,Delivered
11952,6040,20/06/23,,dhl,In Transit
11953,19012,02/11/20,,dhl,In Transit
11954,3596,10/03/21,,fedex,Delivered
11955,8872,02/04/22,,bluedart,Delivered
11956,17581,31/03/22,,dhl,Delivered
11957,17000,13/01/22,,ups,Delivered
11958,4263,22/03/20,,fedex,Delivered
11959,9602,15/08/23,,ups,Delivered
11960,7092,20/09/23,,fedex,Delivered
11961,11666,25/02/23,,fedex,In Transit
11962,20275,18/05/23,30/05/23,bluedart,Returned
11963,11586,07/03/22,,dhl,Delivered
11964,1972,04/08/20,,fedex,Delivered
11965,1506,26/02/20,,ups,Delivered
11966,4251,08/06/20,,bluedart,In Transit
11967,2758,12/02/20,,bluedart,Delivered
11968,14431,05/03/21,,fedex,In Transit
11969,12662,18/07/22,,fedex,In Transit
11970,10125,16/07/22,,fedex,Delivered
11971,6609,14/09/20,,usps,In Transit
11972,20008,21/06/23,,dhl,Delivered
11973,2809,10/03/21,,fedex,Delivered
11974,13018,13/06/20,,usps,Delivered
11975,12064,12/05/23,,fedex,Delivered
11976,2297,25/04/23,,fedex,Delivered
11977,13078,06/10/23,,fedex,Delivered
11978,17551,09/12/20,,dhl,In Transit
11979,10833,15/06/21,,fedex,Delivered
11980,9739,03/09/22,,fedex,Delivered
11981,19330,02/08/21,,usps,Delivered
11982,12048,04/01/21,,fedex,In Transit
11983,9076,27/03/23,,bluedart,Delivered
11984,8467,10/04/23,,dhl,Delivered
11985,4676,06/03/23,,fedex,Cancelled
11986,4298,22/05/20,,fedex,Delivered
11987,13280,08/11/21,,fedex,In Transit
11988,12114,25/01/22,,dhl,In Transit
11989,9452,29/01/20,,bluedart,Delivered
11990,6123,06/11/23,,ups,Delivered
11991,7108,03/12/20,,fedex,Delivered
11992,16106,08/10/22,,bluedart,Delivered
11993,2623,15/02/21,,ups,Delivered
11994,14958,27/07/22,,bluedart,In Transit
11995,1598,04/02/23,,fedex,In Transit
11996,17160,28/07/20,,bluedart,In Transit
11997,2597,30/10/22,,usps,Delivered
11998,11563,25/07/21,11/08/21,ups,Returned
11999,6280,22/08/20,,fedex,Delivered
12000,18454,01/04/23,,fedex,Cancelled
12001,8200,03/07/21,,fedex,In Transit
12002,20205,12/01/23,18/01/23,fedex,Returned
12003,20506,24/04/21,,dhl,In Transit
12004,19509,11/03/22,,ups,In Transit
12005,9207,22/01/20,,fedex,In Transit
12006,16838,07/08/20,,bluedart,Delivered
12007,16018,17/09/21,,fedex,In Transit
12008,6902,29/08/20,,dhl,In Transit
12009,6541,27/11/23,,fedex,Delivered
12010,14,05/06/22,,fedex,Delivered
12011,7306,06/05/21,14/05/21,ups,Returned
12012,6667,11/01/23,17/01/23,dhl,Returned
12013,3495,10/07/23,,bluedart,In Transit
12014,18185,09/11/23,,bluedart,Cancelled
12015,432,08/11/21,,fedex,In Transit
12016,17195,21/05/23,,fedex,Delivered
12017,20591,14/04/20,,ups,In Transit
12018,2652,26/03/20,,dhl,Delivered
12019,7573,14/09/21,,ups,In Transit
12020,12875,16/09/23,,fedex,Delivered
12021,11498,19/06/23,,fedex,Cancelled
12022,18900,19/05/23,,fedex,In Transit
12023,18287,18/07/23,30/07/23,bluedart,Returned
12024,12160,12/01/21,,dhl,Delivered
12025,4921,29/04/23,,fedex,Delivered
12026,18676,09/09/22,,fedex,Delivered
12027,15083,04/06/21,27/06/21,ups,Returned
12028,4641,13/09/20,,dhl,Cancelled
12029,7365,04/10/23,,fedex,In Transit
12030,18436,02/06/23,,dhl,Delivered
12031,5033,27/04/23,,dhl,Delivered
12032,51,08/07/21,,fedex,Delivered
12033,19016,02/11/23,,fedex,Delivered
12034,11809,25/12/20,,fedex,In Transit
12035,19329,18/07/22,,dhl,In Transit
12036,15208,24/10/22,,fedex,Delivered
12037,21429,28/11/22,17/12/22,bluedart,Returned
12038,5701,20/10/22,,bluedart,Delivered
12039,11047,07/04/22,,dhl,Delivered
12040,5200,03/09/22,,usps,Delivered
12041,347,06/09/22,,ups,Delivered
12042,3076,22/12/20,,dhl,In Transit
12043,14951,21/06/21,,bluedart,In Transit
12044,5275,12/04/22,,usps,In Transit
12045,16219,25/04/20,,fedex,Delivered
12046,6693,06/01/21,,dhl,In Transit
12047,11544,27/11/22,,bluedart,Delivered
12048,9272,06/06/23,,fedex,Delivered
12049,16230,07/10/23,,fedex,Delivered
12050,17816,21/03/22,,ups,Delivered
12051,11499,19/06/20,13/07/20,usps,Returned
12052,14968,21/11/21,,usps,Delivered
12053,4282,13/01/20,20/01/20,usps,Returned
12054,10840,27/05/20,,fedex,Delivered
12055,19806,18/12/22,,bluedart,Delivered
12056,12277,18/03/20,,fedex,In Transit
12057,7964,05/03/21,,bluedart,In Transit
12058,11061,11/08/23,,fedex,In Transit
12059,20098,19/12/21,,dhl,In Transit
12060,19295,28/03/22,,dhl,Delivered
12061,5517,22/08/20,,bluedart,In Transit
12062,3729,06/01/23,,fedex,Delivered
12063,14363,01/09/23,,usps,Delivered
12064,2752,16/04/21,,fedex,Delivered
12065,4755,13/02/20,,bluedart,Delivered
12066,17110,23/10/20,,fedex,In Transit
12067,6825,16/10/22,,fedex,Delivered
12068,2994,30/01/23,,bluedart,In Transit
12069,9456,07/06/20,,fedex,In Transit
12070,6523,15/08/21,,dhl,In Transit
12071,14239,10/11/23,,fedex,In Transit
12072,3063,05/05/20,,bluedart,In Transit
12073,14282,19/08/21,,ups,Delivered
12074,4037,16/02/21,,dhl,Delivered
12075,11673,20/08/21,,dhl,In Transit
12076,18957,21/04/23,,dhl,Delivered
12077,14621,17/03/20,,usps,In Transit
12078,14754,05/09/23,,bluedart,Delivered
12079,18251,26/12/22,,ups,In Transit
12080,11575,06/11/22,,dhl,In Transit
12081,6634,12/11/21,,dhl,Delivered
12082,9000,30/04/23,,usps,Delivered
12083,19988,04/01/20,,usps,In Transit
12084,4830,04/06/23,,fedex,Delivered
12085,2483,09/04/22,,dhl,In Transit
12086,16943,25/04/21,,dhl,Delivered
12087,2292,17/02/22,,ups,Delivered
12088,5873,01/07/23,,fedex,In Transit
12089,2474,10/08/23,,fedex,Delivered
12090,11780,07/01/23,,fedex,Delivered
12091,1975,08/03/23,,bluedart,In Transit
12092,7254,13/12/22,,bluedart,Delivered
12093,6086,19/11/21,,bluedart,In Transit
12094,17286,10/10/22,,fedex,Cancelled
12095,6151,18/12/21,,bluedart,In Transit
12096,7211,16/07/23,,fedex,In Transit
12097,5796,26/04/20,,fedex,Delivered
12098,675,08/07/23,,fedex,In Transit
12099,11818,12/05/23,,fedex,In Transit
12100,11665,22/10/22,,bluedart,Delivered
12101,1473,30/06/21,,fedex,Delivered
12102,16015,25/03/20,,fedex,Delivered
12103,7945,08/01/22,,ups,Delivered
12104,19927,02/08/21,,bluedart,Delivered
12105,11249,22/12/20,,dhl,Delivered
12106,643,20/06/20,,usps,Delivered
12107,6728,25/01/21,,ups,Delivered
12108,13723,29/04/21,,dhl,Delivered
12109,13438,20/11/20,,dhl,In Transit
12110,11564,24/12/23,,fedex,Delivered
12111,3717,03/04/21,,bluedart,In Transit
12112,21332,06/07/22,,fedex,Delivered
12113,9149,05/08/21,,dhl,Delivered
12114,1883,04/08/20,,fedex,Delivered
12115,1429,14/11/22,,dhl,Delivered
12116,2804,04/03/22,,fedex,In Transit
12117,3122,24/03/20,,bluedart,Delivered
12118,14755,30/08/23,,fedex,In Transit
12119,11287,06/10/20,,bluedart,Delivered
12120,17373,01/07/20,,ups,Delivered
12121,18827,16/06/21,,fedex,Cancelled
12122,6694,30/04/23,,dhl,Delivered
12123,18207,04/04/22,,fedex,Delivered
12124,7262,30/05/23,,fedex,Delivered
12125,4235,26/07/20,,fedex,Cancelled
12126,19486,01/11/23,,fedex,Delivered
12127,15825,21/07/22,,fedex,In Transit
12128,2534,01/12/20,,fedex,Delivered
12129,6257,04/08/22,,fedex,Delivered
12130,9880,08/04/21,,dhl,Delivered
12131,8219,29/10/22,,dhl,In Transit
12132,11181,14/12/22,,dhl,In Transit
12133,14728,10/01/21,,fedex,In Transit
12134,5789,03/06/21,,bluedart,Cancelled
12135,9329,15/09/22,,dhl,Delivered
12136,14910,14/06/22,,ups,In Transit
12137,7030,27/05/23,06/06/23,usps,Returned
12138,18646,17/06/21,,fedex,Delivered
12139,17770,15/10/22,,fedex,In Transit
12140,20114,29/05/23,,bluedart,Cancelled
12141,13145,09/10/20,,bluedart,In Transit
12142,7220,27/09/23,,usps,In Transit
12143,16019,07/05/21,,fedex,In Transit
12144,1885,24/06/21,,ups,Delivered
12145,6966,10/11/23,,ups,Cancelled
12146,467,16/01/23,,fedex,Delivered
12147,2739,03/11/23,,usps,Delivered
12148,14022,03/11/22,,fedex,In Transit
12149,18031,12/01/22,,dhl,Cancelled
12150,21059,20/07/22,,bluedart,In Transit
12151,17407,09/10/21,,fedex,Cancelled
12152,8312,21/01/23,,dhl,In Transit
12153,9843,21/01/22,,usps,In Transit
12154,5862,05/06/23,,dhl,Delivered
12155,11557,24/07/21,,ups,In Transit
12156,12827,23/01/21,,ups,In Transit
12157,7515,04/08/23,,ups,Delivered
12158,571,10/07/20,,ups,In Transit
12159,19170,19/12/20,,bluedart,Delivered
12160,16089,30/08/21,,dhl,Delivered
12161,13845,14/01/21,,fedex,Delivered
12162,12024,23/03/22,,bluedart,Delivered
12163,7087,15/10/22,,bluedart,Delivered
12164,6916,09/02/23,,fedex,Delivered
12165,679,27/01/22,,fedex,Delivered
12166,10482,12/04/23,,ups,In Transit
12167,3735,01/09/23,,dhl,Delivered
12168,19160,26/07/23,,bluedart,Cancelled
12169,10723,07/06/20,,fedex,Delivered
12170,21370,09/06/23,,fedex,Delivered
12171,19573,16/02/21,,dhl,Delivered
12172,2683,30/12/23,,fedex,Delivered
12173,15559,13/01/23,,usps,Delivered
12174,20423,11/03/20,,fedex,Delivered
12175,12987,12/02/20,,ups,Delivered
12176,6753,31/01/22,,fedex,Cancelled
12177,10184,02/07/21,,fedex,In Transit
12178,723,11/08/22,,fedex,Delivered
12179,8972,15/07/22,,dhl,In Transit
12180,2464,13/06/20,,fedex,Delivered
12181,18593,03/03/20,,ups,In Transit
12182,1601,17/08/21,,bluedart,Cancelled
12183,21099,08/09/21,,ups,Delivered
12184,15326,25/07/21,,dhl,Delivered
12185,538,08/10/21,,bluedart,Delivered
12186,4836,15/03/22,,fedex,Delivered
12187,6823,25/08/20,,dhl,Delivered
12188,12233,22/10/21,,bluedart,Delivered
12189,16846,29/12/22,,ups,In Transit
12190,18385,11/12/20,,bluedart,In Transit
12191,16877,18/06/21,,fedex,Delivered
12192,13538,27/05/21,,fedex,Delivered
12193,13383,26/11/23,,fedex,Delivered
12194,10682,17/04/21,,usps,Delivered
12195,16127,11/11/23,,dhl,In Transit
12196,7845,09/10/22,,dhl,Delivered
12197,7106,18/03/20,,fedex,Cancelled
12198,6028,11/03/23,,fedex,Delivered
12199,7309,03/07/21,,fedex,In Transit
12200,19344,29/07/22,,fedex,Delivered
12201,1015,06/05/21,,bluedart,Delivered
12202,18181,10/10/20,,fedex,In Transit
12203,16212,21/04/22,,bluedart,Delivered
12204,16456,12/09/23,,ups,In Transit
12205,17671,21/03/22,,fedex,Delivered
12206,16623,23/11/23,,fedex,In Transit
12207,1701,13/10/20,,fedex,Cancelled
12208,12755,17/03/20,,usps,In Transit
12209,222,13/08/23,,dhl,In Transit
12210,16576,25/09/23,,fedex,In Transit
12211,13178,26/07/21,,ups,Delivered
12212,11010,28/03/21,,dhl,In Transit
12213,21518,30/08/20,,fedex,Delivered
12214,7790,09/09/23,,ups,In Transit
12215,1744,20/06/20,,bluedart,Delivered
12216,13277,31/12/21,,bluedart,In Transit
12217,10541,28/10/22,,fedex,Delivered
12218,13353,23/08/20,,bluedart,Delivered
12219,5254,19/04/22,,fedex,Cancelled
12220,2342,25/11/21,,dhl,In Transit
12221,1130,13/09/21,,usps,Delivered
12222,12735,11/01/23,,fedex,In Transit
12223,20898,01/06/21,,fedex,Delivered
12224,2663,05/03/22,,ups,Cancelled
12225,13862,27/04/20,,bluedart,In Transit
12226,4448,16/04/21,,bluedart,Delivered
12227,3957,26/11/23,,fedex,Delivered
12228,6872,16/09/20,,fedex,Delivered
12229,3376,16/05/22,26/05/22,fedex,Returned
12230,2406,13/08/20,,fedex,In Transit
12231,21024,29/07/20,,dhl,In Transit
12232,3079,11/12/20,,dhl,In Transit
12233,3826,15/10/21,,bluedart,In Transit
12234,18881,10/11/21,29/11/21,fedex,Returned
12235,15950,10/05/23,,fedex,Delivered
12236,17155,02/12/20,,fedex,Delivered
12237,10189,17/10/21,,bluedart,Delivered
12238,4346,14/05/23,,ups,Cancelled
12239,2169,21/10/21,,usps,Delivered
12240,16611,19/03/21,,fedex,Delivered
12241,3666,22/09/21,,ups,Delivered
12242,21618,07/06/23,,fedex,Delivered
12243,9186,21/08/20,,bluedart,Delivered
12244,3624,16/02/21,,fedex,Delivered
12245,13882,12/01/22,,dhl,In Transit
12246,18563,17/09/22,03/10/22,usps,Returned
12247,15685,14/06/20,,dhl,In Transit
12248,13718,11/04/23,,ups,In Transit
12249,13306,11/02/21,,fedex,Delivered
12250,19322,17/11/22,,bluedart,Cancelled
12251,9651,10/01/23,,fedex,Delivered
12252,7176,24/04/20,,dhl,In Transit
12253,11737,08/12/21,,ups,Delivered
12254,14712,21/11/20,,bluedart,Delivered
12255,15863,09/10/20,,usps,In Transit
12256,3818,26/02/22,,bluedart,Delivered
12257,10848,07/02/20,,fedex,Delivered
12258,17194,23/12/23,,bluedart,In Transit
12259,5829,02/04/22,,fedex,Delivered
12260,1302,08/02/23,,fedex,Delivered
12261,6493,26/03/20,,bluedart,In Transit
12262,14658,03/09/21,,fedex,Delivered
12263,8505,12/09/23,,fedex,In Transit
12264,13596,29/08/20,,fedex,Delivered
12265,21023,07/02/21,,dhl,In Transit
12266,15501,24/04/20,,fedex,Delivered
12267,4805,10/10/22,,fedex,Delivered
12268,11821,04/01/22,,fedex,Delivered
12269,936,19/05/21,,fedex,In Transit
12270,15791,07/09/22,,usps,In Transit
12271,19842,12/04/23,,bluedart,In Transit
12272,8619,05/04/20,,fedex,In Transit
12273,19152,10/04/20,,dhl,In Transit
12274,1756,18/12/23,,ups,Delivered
12275,18057,29/06/21,,fedex,In Transit
12276,8862,31/12/20,,usps,Delivered
12277,13124,03/12/23,,usps,Delivered
12278,8241,13/09/20,,ups,Delivered
12279,2819,08/09/21,,dhl,Delivered
12280,3293,11/09/20,,fedex,In Transit
12281,9422,11/01/20,,fedex,In Transit
12282,15313,21/10/22,,bluedart,Delivered
12283,3590,30/11/20,,fedex,Delivered
12284,7494,10/11/20,,ups,In Transit
12285,7194,25/09/21,,dhl,In Transit
12286,5866,18/07/22,,dhl,Delivered
12287,21460,21/02/20,,ups,In Transit
12288,14635,26/12/23,,usps,In Transit
12289,13400,07/11/20,,usps,Delivered
12290,21256,23/07/21,,fedex,In Transit
12291,9436,25/06/23,,fedex,Delivered
12292,15494,21/07/21,,fedex,Delivered
12293,3060,31/05/21,,fedex,Cancelled
12294,4691,02/06/20,,fedex,Delivered
12295,17123,03/10/20,,fedex,In Transit
12296,3990,27/11/23,,fedex,In Transit
12297,3652,08/08/22,,dhl,Delivered
12298,3848,07/12/23,,dhl,In Transit
12299,15386,12/10/23,,bluedart,Delivered
12300,15174,17/08/21,,dhl,Cancelled
12301,21151,09/10/23,,usps,Delivered
12302,8185,27/08/20,,fedex,Delivered
12303,20349,10/04/23,,dhl,Cancelled
12304,15272,15/09/23,,dhl,Delivered
12305,11566,01/09/21,,dhl,In Transit
12306,7683,24/07/20,,ups,In Transit
12307,6373,04/04/22,,ups,Delivered
12308,21238,22/05/21,,fedex,In Transit
12309,19425,22/11/20,,dhl,In Transit
12310,19004,01/02/23,,ups,Delivered
12311,9783,19/08/21,,bluedart,Delivered
12312,10474,13/07/21,,bluedart,In Transit
12313,19376,14/04/22,,fedex,Delivered
12314,7406,25/08/22,,dhl,Delivered
12315,12027,19/02/20,,bluedart,Delivered
12316,18404,08/09/20,,fedex,In Transit
12317,18689,16/08/20,,bluedart,Delivered
12318,19391,22/10/23,,dhl,Delivered
12319,1509,24/07/23,,dhl,Delivered
12320,1192,01/08/22,,ups,In Transit
12321,5452,11/12/20,,dhl,In Transit
12322,12846,05/10/21,,fedex,Delivered
12323,7031,08/10/21,,bluedart,In Transit
12324,16708,05/04/20,,bluedart,In Transit
12325,14826,16/08/23,,ups,Delivered
12326,3015,22/03/21,,fedex,Delivered
12327,3372,05/10/20,,fedex,Delivered
12328,999,05/01/20,,dhl,In Transit
12329,3498,16/10/22,,fedex,In Transit
12330,16737,16/07/23,,usps,Delivered
12331,15856,07/08/21,,fedex,Delivered
12332,7785,03/08/23,,dhl,Delivered
12333,7526,07/10/23,,fedex,Delivered
12334,6304,06/05/20,,fedex,In Transit
12335,2241,11/03/20,,fedex,Delivered
12336,9690,01/02/23,,fedex,In Transit
12337,3550,05/09/22,,fedex,Delivered
12338,3231,08/09/22,,ups,Delivered
12339,10758,13/03/21,,dhl,Delivered
12340,9995,03/05/22,,dhl,Delivered
12341,4658,29/12/22,,fedex,Delivered
12342,20172,08/06/20,,ups,Delivered
12343,12463,28/05/22,,bluedart,Delivered
12344,10285,14/11/22,,fedex,Delivered
12345,13528,05/12/20,,ups,Delivered
12346,7270,17/04/21,,dhl,Delivered
12347,15437,28/01/23,,fedex,In Transit
12348,18421,03/03/22,,fedex,In Transit
12349,6446,03/07/21,,bluedart,Delivered
12350,3685,07/04/22,,ups,Delivered
12351,3548,17/12/21,,fedex,Delivered
12352,2745,24/12/21,,fedex,Delivered
12353,6834,20/09/23,,ups,Delivered
12354,16264,10/04/21,,usps,Delivered
12355,17405,14/01/20,,bluedart,Cancelled
12356,4096,01/05/22,,bluedart,In Transit
12357,8963,04/09/20,,usps,Delivered
12358,13848,30/04/22,,fedex,Delivered
12359,5760,02/05/22,,bluedart,In Transit
12360,6638,04/04/21,,dhl,In Transit
12361,4207,27/08/21,,fedex,Delivered
12362,21264,28/08/23,,dhl,Cancelled
12363,5092,06/09/23,,dhl,Delivered
12364,10957,28/11/22,,ups,Delivered
12365,44,04/10/20,,dhl,Delivered
12366,11510,25/09/21,,bluedart,Cancelled
12367,10670,22/10/20,,usps,Delivered
12368,20646,09/05/23,22/05/23,fedex,Returned
12369,20219,06/05/20,,dhl,In Transit
12370,20401,17/02/22,,ups,Delivered
12371,9365,27/05/22,,fedex,Delivered
12372,19641,01/01/23,,bluedart,Cancelled
12373,10066,12/09/20,,bluedart,Delivered
12374,3150,09/03/23,,fedex,In Transit
12375,15562,22/05/23,,fedex,Delivered
12376,16929,27/11/20,,fedex,Delivered
12377,15262,31/05/22,,fedex,In Transit
12378,11480,07/12/20,,fedex,Delivered
12379,1748,14/02/21,,dhl,In Transit
12380,759,08/03/22,,dhl,Delivered
12381,14875,11/10/22,,fedex,In Transit
12382,11280,21/12/22,,ups,Delivered
12383,12834,05/09/23,,dhl,In Transit
12384,4492,13/07/21,,usps,Delivered
12385,15839,05/07/20,,ups,Delivered
12386,4247,26/09/20,,dhl,Delivered
12387,9643,21/05/21,,usps,In Transit
12388,1650,24/05/21,,fedex,In Transit
12389,11440,12/07/22,,ups,In Transit
12390,16977,05/12/20,,fedex,In Transit
12391,2017,10/09/23,,dhl,Cancelled
12392,7911,28/04/20,,bluedart,In Transit
12393,7591,20/07/21,,bluedart,Delivered
12394,6729,25/09/21,,fedex,In Transit
12395,12591,09/05/20,,fedex,In Transit
12396,12627,23/07/23,,fedex,Delivered
12397,117,20/10/22,,dhl,Delivered
12398,20497,18/08/21,,ups,Delivered
12399,519,23/09/20,,fedex,Cancelled
12400,16818,21/06/20,,dhl,Delivered
12401,14370,08/12/22,,dhl,In Transit
12402,13999,01/01/23,,fedex,In Transit
12403,11704,24/06/22,,fedex,Delivered
12404,10459,20/01/20,,fedex,Delivered
12405,4729,20/08/23,,fedex,Delivered
12406,7632,15/05/22,,fedex,Delivered
12407,11252,17/08/22,,fedex,In Transit
12408,1776,25/09/23,,fedex,In Transit
12409,470,08/03/21,,dhl,In Transit
12410,14296,02/06/23,,ups,Delivered
12411,3488,20/03/20,04/04/20,fedex,Returned
12412,19155,13/12/23,,fedex,In Transit
12413,7102,31/03/23,,fedex,In Transit
12414,3310,04/05/22,,fedex,In Transit
12415,20807,18/02/22,,fedex,Delivered
12416,20895,19/11/22,,usps,In Transit
12417,21029,19/02/21,,fedex,Delivered
12418,20536,25/04/21,,ups,In Transit
12419,11789,29/02/20,,dhl,In Transit
12420,3708,13/11/22,,ups,Delivered
12421,3462,19/03/22,,fedex,Cancelled
12422,14218,15/02/20,,bluedart,Delivered
12423,17836,12/03/20,,dhl,Delivered
12424,1574,23/08/20,,bluedart,In Transit
12425,8261,18/12/20,,fedex,Delivered
12426,4021,24/08/23,,fedex,In Transit
12427,19086,06/02/23,,ups,In Transit
12428,18565,27/07/20,,dhl,In Transit
12429,10527,18/08/23,,fedex,Delivered
12430,15775,18/03/23,,bluedart,In Transit
12431,16322,20/10/21,,dhl,In Transit
12432,19010,18/10/21,,fedex,In Transit
12433,9676,22/06/23,,fedex,Delivered
12434,10160,17/08/21,,fedex,Delivered
12435,16650,16/02/22,,bluedart,In Transit
12436,9185,08/10/22,,usps,Delivered
12437,17716,28/09/20,,bluedart,In Transit
12438,11353,11/10/22,,usps,Delivered
12439,6457,25/10/22,,dhl,In Transit
12440,13689,11/03/20,,bluedart,Delivered
12441,2941,26/09/21,,dhl,In Transit
12442,12183,05/09/20,,fedex,Delivered
12443,3586,01/09/21,,fedex,Delivered
12444,10601,15/07/22,,bluedart,Delivered
12445,6052,14/08/21,,fedex,In Transit
12446,5613,27/10/22,,fedex,Delivered
12447,10995,05/04/21,,fedex,In Transit
12448,14159,17/02/20,,bluedart,Delivered
12449,382,17/12/20,,fedex,In Transit
12450,11228,09/03/20,,fedex,In Transit
12451,5809,26/05/22,,bluedart,Delivered
12452,18079,13/12/23,,dhl,Delivered
12453,11491,17/04/22,,ups,In Transit
12454,2810,04/10/22,,fedex,In Transit
12455,7299,07/05/22,,fedex,Delivered
12456,20161,19/02/20,,fedex,In Transit
12457,984,22/08/21,,dhl,Delivered
12458,13987,01/04/22,,fedex,In Transit
12459,19011,17/11/20,,fedex,In Transit
12460,18705,15/03/22,,dhl,Delivered
12461,18891,28/05/22,,dhl,In Transit
12462,14759,22/01/23,,bluedart,Delivered
12463,12483,11/12/21,,fedex,Delivered
12464,3657,30/05/21,,dhl,In Transit
12465,11304,26/03/21,,fedex,Delivered
12466,12133,17/02/20,,fedex,In Transit
12467,3005,22/02/23,,fedex,Delivered
12468,4317,31/10/22,,fedex,In Transit
12469,13304,25/03/20,,dhl,In Transit
12470,11839,17/01/22,,fedex,Delivered
12471,19617,02/05/23,,bluedart,Delivered
12472,13471,20/03/20,,fedex,Delivered
12473,10466,05/10/20,,fedex,In Transit
12474,14287,02/05/21,,fedex,Delivered
12475,410,01/05/23,,ups,In Transit
12476,6776,05/12/22,,fedex,In Transit
12477,15314,30/10/20,,fedex,In Transit
12478,8512,14/01/21,,fedex,In Transit
12479,19108,31/08/23,23/09/23,fedex,Returned
12480,19003,22/06/23,,fedex,In Transit
12481,3674,05/02/20,,fedex,In Transit
12482,15829,30/11/21,,fedex,Delivered
12483,8484,15/02/22,,fedex,In Transit
12484,20308,21/11/23,,fedex,Delivered
12485,2553,29/06/23,,fedex,In Transit
12486,3525,05/01/23,11/01/23,bluedart,Returned
12487,3929,22/03/20,,fedex,In Transit
12488,18107,14/12/20,,ups,In Transit
12489,7357,15/11/20,,usps,Delivered
12490,10310,31/08/20,,dhl,Delivered
12491,6318,02/03/23,,usps,In Transit
12492,9249,20/01/23,,dhl,Delivered
12493,11158,12/09/22,,fedex,Delivered
12494,3503,15/08/23,,ups,Cancelled
12495,14134,08/09/23,,fedex,Delivered
12496,7926,14/05/22,,fedex,Delivered
12497,20348,11/03/20,,dhl,Delivered
12498,6036,28/12/23,,dhl,In Transit
12499,20918,07/11/22,,fedex,Delivered
12500,16485,07/05/20,,usps,Delivered
12501,12879,14/07/22,,usps,Delivered
12502,20061,25/05/22,,dhl,Delivered
12503,1881,14/04/23,,dhl,In Transit
12504,21386,11/01/21,,bluedart,Delivered
12505,16770,18/04/23,,fedex,In Transit
12506,5436,15/07/23,,fedex,In Transit
12507,20196,25/01/22,,fedex,Delivered
12508,4946,07/09/20,,fedex,Delivered
12509,17372,02/08/22,,dhl,Delivered
12510,20887,21/11/23,,bluedart,Delivered
12511,20092,18/02/23,,fedex,Delivered
12512,10098,26/06/23,,bluedart,In Transit
12513,6106,14/10/20,,fedex,Delivered
12514,3519,02/12/23,,usps,In Transit
12515,5271,10/11/22,,dhl,In Transit
12516,9177,21/12/22,13/01/23,fedex,Returned
12517,5567,03/10/23,,dhl,Delivered
12518,8894,03/05/22,,dhl,In Transit
12519,21060,16/10/21,,dhl,Delivered
12520,13004,27/09/23,,bluedart,Delivered
12521,11307,29/05/20,,dhl,Cancelled
12522,10233,14/10/22,,fedex,Delivered
12523,2417,29/09/21,,fedex,Delivered
12524,588,08/08/20,,fedex,In Transit
12525,7301,25/06/23,,dhl,Delivered
12526,18302,28/12/21,,dhl,Delivered
12527,16074,14/11/21,,ups,In Transit
12528,6383,28/10/21,,fedex,In Transit
12529,7764,24/01/20,,usps,Delivered
12530,5252,05/04/22,,dhl,Cancelled
12531,19225,17/08/23,,dhl,In Transit
12532,1916,09/05/23,,fedex,Delivered
12533,639,13/09/23,,ups,Delivered
12534,2033,22/06/21,,ups,In Transit
12535,18501,20/08/20,,fedex,Delivered
12536,10181,25/07/22,,ups,Delivered
12537,12036,07/08/23,,usps,Delivered
12538,13103,12/07/22,,ups,Delivered
12539,5580,02/04/21,,ups,Delivered
12540,4294,19/06/23,,dhl,Delivered
12541,12178,20/01/21,,bluedart,Delivered
12542,317,17/12/23,,fedex,Delivered
12543,7772,29/12/22,,dhl,Delivered
12544,11761,23/09/22,,ups,Delivered
12545,2543,28/01/22,,fedex,In Transit
12546,12555,01/09/23,,dhl,Delivered
12547,20105,30/01/23,,ups,Delivered
12548,17314,18/12/22,,fedex,Delivered
12549,11469,17/05/23,,fedex,In Transit
12550,1388,24/09/22,,dhl,Delivered
12551,5920,05/03/23,,ups,Delivered
12552,5713,22/02/20,,dhl,In Transit
12553,14817,23/08/22,,fedex,Delivered
12554,12889,28/05/23,,fedex,In Transit
12555,7823,29/07/21,,bluedart,In Transit
12556,16050,26/12/20,,fedex,Delivered
12557,12072,01/11/22,,fedex,Cancelled
12558,17458,18/06/21,,fedex,In Transit
12559,10099,07/05/23,,dhl,Delivered
12560,12025,02/08/21,,fedex,In Transit
12561,7894,01/09/20,18/09/20,dhl,Returned
12562,8807,02/12/20,,fedex,In Transit
12563,3537,21/10/23,,fedex,Delivered
12564,10267,19/06/20,,bluedart,Delivered
12565,9461,02/11/23,,ups,Delivered
12566,5935,27/08/21,,fedex,In Transit
12567,4852,19/07/23,,bluedart,Delivered
12568,9576,29/06/20,,bluedart,In Transit
12569,861,20/03/23,,fedex,Delivered
12570,12564,16/05/23,,fedex,In Transit
12571,10815,28/02/21,,usps,Delivered
12572,18372,20/09/20,,bluedart,Delivered
12573,2237,17/07/23,,usps,Delivered
12574,7328,17/12/20,,fedex,In Transit
12575,14212,26/05/23,,fedex,Delivered
12576,15994,27/05/22,,fedex,Delivered
12577,11161,27/08/20,,usps,Delivered
12578,8755,19/03/21,,bluedart,Delivered
12579,2591,24/01/21,,fedex,In Transit
12580,20636,21/12/22,,usps,In Transit
12581,9347,29/04/22,,bluedart,Delivered
12582,1400,04/03/22,09/03/22,dhl,Returned
12583,21617,05/08/22,,ups,In Transit
12584,17426,24/06/20,,fedex,Delivered
12585,1057,05/05/23,,fedex,Delivered
12586,11861,02/03/21,,bluedart,In Transit
12587,7362,07/08/22,,ups,Delivered
12588,20533,15/06/23,,dhl,Delivered
12589,15446,24/01/21,,ups,Delivered
12590,15835,16/09/23,,ups,Delivered
12591,16419,24/08/22,,fedex,Delivered
12592,11421,17/02/21,,dhl,In Transit
12593,18732,07/09/20,,fedex,Delivered
12594,12669,04/01/23,,dhl,Delivered
12595,20206,16/05/23,,fedex,Delivered
12596,4979,28/12/20,,fedex,Delivered
12597,1231,15/01/22,,ups,In Transit
12598,364,07/04/23,,fedex,Delivered
12599,21569,15/04/23,,fedex,Delivered
12600,9409,29/07/22,,fedex,Delivered
12601,16081,10/02/22,,fedex,Cancelled
12602,13983,18/05/21,,fedex,Delivered
12603,3945,09/06/21,,fedex,Delivered
12604,5871,26/04/21,,fedex,Delivered
12605,8504,01/06/23,,dhl,In Transit
12606,6355,16/02/20,,dhl,Delivered
12607,1320,18/12/20,,fedex,In Transit
12608,3354,08/07/21,,fedex,Delivered
12609,13009,10/12/20,,fedex,Delivered
12610,12528,24/10/22,,ups,In Transit
12611,1513,07/08/23,,fedex,Delivered
12612,9753,11/10/21,,dhl,In Transit
12613,19094,01/09/21,,fedex,Delivered
12614,8215,10/07/21,,dhl,Delivered
12615,6349,21/01/20,,fedex,In Transit
12616,15488,18/12/21,,bluedart,Delivered
12617,21022,07/04/20,,fedex,In Transit
12618,16172,15/01/20,,fedex,Delivered
12619,2378,26/04/22,,ups,In Transit
12620,20352,07/08/21,,bluedart,In Transit
12621,19296,12/05/21,,bluedart,Delivered
12622,14064,04/09/22,,dhl,Delivered
12623,12164,29/03/21,,dhl,Delivered
12624,16952,30/04/23,,fedex,Delivered
12625,19368,18/01/21,,fedex,Delivered
12626,6901,19/07/20,,fedex,In Transit
12627,10443,16/12/23,,dhl,Delivered
12628,10524,15/10/23,,fedex,Delivered
12629,7438,18/12/21,,dhl,Delivered
12630,17771,22/07/20,,fedex,Delivered
12631,2231,12/08/20,,fedex,In Transit
12632,9238,29/06/22,,dhl,Delivered
12633,7771,18/12/23,,ups,In Transit
12634,14565,04/04/22,,fedex,In Transit
12635,6919,07/08/21,,dhl,Delivered
12636,13385,26/01/23,,bluedart,In Transit
12637,2338,29/04/20,,bluedart,In Transit
12638,16556,13/11/20,,fedex,Delivered
12639,9146,08/06/20,,fedex,Delivered
12640,151,18/07/22,,fedex,Delivered
12641,13380,25/12/21,,fedex,Cancelled
12642,1073,05/12/21,,dhl,Cancelled
12643,93,29/11/21,,bluedart,Delivered
12644,566,13/11/21,,dhl,Delivered
12645,13988,03/07/22,,fedex,Delivered
12646,16138,31/10/23,,fedex,Delivered
12647,12974,15/11/22,,fedex,Delivered
12648,5625,29/12/21,,fedex,Delivered
12649,7317,08/07/23,,fedex,In Transit
12650,2230,26/03/21,,fedex,Cancelled
12651,6333,22/01/20,,fedex,In Transit
12652,12479,04/02/23,,usps,Delivered
12653,5491,15/02/22,,bluedart,Delivered
12654,12547,22/02/22,,dhl,Delivered
12655,9050,02/06/22,,fedex,In Transit
12656,8192,01/09/21,,bluedart,Delivered
12657,18749,13/12/23,,fedex,Delivered
12658,6005,11/06/23,,fedex,Delivered
12659,7202,15/02/20,,dhl,Delivered
12660,9462,15/06/22,,fedex,Delivered
12661,5926,14/03/22,28/03/22,fedex,Returned
12662,1357,24/04/20,,fedex,Delivered
12663,9791,13/10/21,,fedex,Cancelled
12664,839,11/01/20,,fedex,Delivered
12665,19917,14/11/23,,fedex,In Transit
12666,20756,24/06/22,,fedex,Delivered
12667,16874,27/12/23,,dhl,Delivered
12668,11602,17/02/20,,fedex,Delivered
12669,14430,15/06/21,,fedex,In Transit
12670,8745,02/01/23,,usps,Delivered
12671,16826,31/07/20,,fedex,Delivered
12672,14352,25/11/21,,dhl,Delivered
12673,15683,22/06/21,,usps,Delivered
12674,16185,18/05/21,,fedex,In Transit
12675,15041,10/02/23,20/02/23,fedex,Returned
12676,20193,10/02/22,,fedex,Delivered
12677,19928,05/01/22,,dhl,In Transit
12678,15485,05/01/22,,fedex,In Transit
12679,8730,01/07/21,,fedex,Delivered
12680,12593,08/08/21,,fedex,Delivered
12681,13548,02/10/22,,fedex,Delivered
12682,13748,09/10/22,,fedex,Delivered
12683,14623,27/07/23,,fedex,In Transit
12684,4672,10/02/20,,fedex,In Transit
12685,14439,10/12/23,,ups,In Transit
12686,9738,23/05/23,,dhl,In Transit
12687,6977,26/05/20,,bluedart,In Transit
12688,13885,20/07/21,,fedex,In Transit
12689,13017,27/11/21,,bluedart,In Transit
12690,6628,27/03/21,,ups,Delivered
12691,7109,09/03/21,,fedex,Delivered
12692,5584,05/03/21,,fedex,Delivered
12693,14459,30/04/23,,dhl,Delivered
12694,8852,20/10/22,,fedex,In Transit
12695,9336,17/10/21,,dhl,Delivered
12696,11842,23/03/23,,fedex,Delivered
12697,13559,21/08/21,,fedex,Cancelled
12698,3052,25/03/22,,usps,Cancelled
12699,21586,15/05/22,,ups,Delivered
12700,12428,08/09/22,17/09/22,bluedart,Returned
12701,1991,13/05/23,,ups,Delivered
12702,12490,11/11/21,,ups,Delivered
12703,21536,01/09/20,,bluedart,Delivered
12704,9437,21/02/23,,dhl,Delivered
12705,9594,26/06/22,,dhl,In Transit
12706,19660,24/10/23,,fedex,Cancelled
12707,3950,10/12/22,,usps,In Transit
12708,20462,17/03/22,,fedex,In Transit
12709,4244,11/05/20,,dhl,Delivered
12710,15525,22/09/23,,fedex,In Transit
12711,17933,28/12/23,,dhl,In Transit
12712,12862,15/06/21,,fedex,Delivered
12713,6936,12/06/21,,ups,In Transit
12714,10331,01/08/21,,fedex,In Transit
12715,5724,08/12/22,,bluedart,Delivered
12716,16025,15/10/20,,dhl,In Transit
12717,3419,01/08/23,,fedex,In Transit
12718,21055,11/01/21,,dhl,In Transit
12719,7967,27/07/21,,fedex,Delivered
12720,4264,04/09/21,,bluedart,Delivered
12721,21430,08/05/21,,fedex,Delivered
12722,15935,19/11/20,,fedex,Delivered
12723,20820,15/09/23,,dhl,Delivered
12724,17228,18/05/22,,dhl,Cancelled
12725,12921,28/10/22,,fedex,Delivered
12726,3095,30/12/22,,fedex,Delivered
12727,6704,31/05/21,05/06/21,ups,Returned
12728,14966,03/10/23,,usps,Delivered
12729,4820,06/08/22,,bluedart,In Transit
12730,5081,23/03/22,,fedex,Delivered
12731,11987,16/10/20,,bluedart,Delivered
12732,16216,31/10/23,,bluedart,Delivered
12733,20816,04/02/22,,dhl,Delivered
12734,19037,03/10/21,,fedex,In Transit
12735,242,03/06/21,,fedex,In Transit
12736,12723,17/11/20,,bluedart,In Transit
12737,19332,27/06/23,,fedex,In Transit
12738,2531,10/07/21,,dhl,In Transit
12739,1496,09/05/22,,fedex,Cancelled
12740,16409,27/03/23,,ups,Delivered
12741,15877,14/07/20,,fedex,Delivered
12742,9469,31/10/22,,dhl,Delivered
12743,1395,19/06/21,,fedex,In Transit
12744,20787,20/12/20,,dhl,Delivered
12745,9012,29/08/20,,ups,In Transit
12746,3529,11/11/22,,dhl,Delivered
12747,4515,28/05/22,,fedex,Delivered
12748,7600,06/01/23,,fedex,Delivered
12749,7571,20/05/20,,fedex,In Transit
12750,21184,09/08/22,,fedex,In Transit
12751,1918,22/11/21,,fedex,Delivered
12752,16730,23/03/20,,dhl,Delivered
12753,7470,28/12/23,,fedex,In Transit
12754,3867,05/01/22,,fedex,Cancelled
12755,2372,03/02/21,,bluedart,Delivered
12756,5622,02/09/20,,fedex,Delivered
12757,9198,11/01/22,,bluedart,In Transit
12758,6696,01/04/23,,fedex,In Transit
12759,3774,05/03/22,,bluedart,In Transit
12760,19637,27/06/21,,fedex,In Transit
12761,14100,10/01/22,,fedex,Delivered
12762,18719,16/08/21,,dhl,Delivered
12763,7870,12/10/22,,bluedart,In Transit
12764,10914,13/06/23,,fedex,In Transit
12765,12867,16/03/20,,dhl,Delivered
12766,5509,17/01/23,,bluedart,In Transit
12767,16306,26/01/20,,ups,Delivered
12768,19507,13/02/22,,ups,In Transit
12769,15129,26/09/22,,fedex,In Transit
12770,2069,28/07/21,,bluedart,Delivered
12771,1408,05/08/23,,fedex,In Transit
12772,13090,31/01/21,,fedex,In Transit
12773,8511,02/03/20,,fedex,Delivered
12774,19111,06/12/21,,bluedart,Cancelled
12775,17665,27/06/22,,fedex,In Transit
12776,14388,23/07/22,,bluedart,Delivered
12777,1334,10/09/20,,bluedart,Delivered
12778,17214,03/04/22,,fedex,Delivered
12779,14503,15/10/20,,dhl,Delivered
12780,9601,24/08/23,,bluedart,Delivered
12781,12200,07/11/20,,fedex,Delivered
12782,11352,09/03/20,,dhl,Cancelled
12783,19379,18/05/23,,bluedart,In Transit
12784,16198,26/11/22,,dhl,In Transit
12785,20568,09/06/23,,fedex,In Transit
12786,4348,23/03/22,,usps,In Transit
12787,8307,03/10/23,,fedex,Delivered
12788,4100,01/02/20,,fedex,In Transit
12789,3135,10/07/21,,dhl,Delivered
12790,13666,30/07/23,,usps,Cancelled
12791,21066,14/04/21,,fedex,Delivered
12792,4068,10/02/21,,ups,In Transit
12793,9575,09/12/20,,ups,In Transit
12794,15733,01/03/21,,dhl,Delivered
12795,2788,26/02/22,,usps,Delivered
12796,660,09/04/22,,dhl,Delivered
12797,8784,13/11/23,,fedex,Delivered
12798,2061,02/08/22,,fedex,Delivered
12799,18200,19/02/22,,bluedart,In Transit
12800,6771,25/08/20,,fedex,Delivered
12801,12720,04/12/22,,bluedart,In Transit
12802,18726,09/12/22,,fedex,Delivered
12803,14976,23/02/20,,fedex,In Transit
12804,709,26/02/20,,ups,Delivered
12805,11700,19/08/23,,fedex,In Transit
12806,3191,15/12/22,,usps,Delivered
12807,799,15/10/22,,fedex,Delivered
12808,18534,13/10/21,,bluedart,In Transit
12809,6424,03/08/23,,fedex,Delivered
12810,20747,14/02/21,,fedex,Delivered
12811,20868,24/04/20,,bluedart,In Transit
12812,2906,11/07/22,,fedex,Delivered
12813,4692,16/02/20,,ups,Delivered
12814,16775,07/06/23,,bluedart,In Transit
12815,18866,04/05/23,,dhl,In Transit
12816,3322,05/11/21,,fedex,In Transit
12817,4987,01/08/21,,fedex,Delivered
12818,10210,09/09/20,,bluedart,Delivered
12819,18082,02/07/21,,ups,Delivered
12820,20070,28/05/20,,bluedart,In Transit
12821,7952,27/03/20,,dhl,Delivered
12822,11767,09/01/22,,fedex,In Transit
12823,10304,14/05/22,,dhl,In Transit
12824,2918,30/06/21,,fedex,Delivered
12825,16582,25/11/21,,ups,In Transit
12826,16075,16/09/23,,bluedart,Delivered
12827,2740,27/12/22,,fedex,Delivered
12828,3004,07/11/22,,ups,Delivered
12829,3976,01/03/20,,fedex,In Transit
12830,14012,09/12/23,,dhl,Cancelled
12831,10330,13/01/21,,dhl,Delivered
12832,9595,08/09/23,,dhl,Delivered
12833,5138,15/05/23,,dhl,Delivered
12834,8024,18/06/23,,usps,Cancelled
12835,10350,03/02/22,,ups,In Transit
12836,17566,07/06/20,,dhl,Delivered
12837,9559,05/06/22,,fedex,Delivered
12838,13777,05/05/20,,fedex,Delivered
12839,9367,09/10/22,,usps,Delivered
12840,11611,22/01/23,,fedex,Delivered
12841,16429,26/12/23,,ups,Delivered
12842,8997,09/10/23,,ups,In Transit
12843,12116,08/04/22,,dhl,In Transit
12844,15978,14/04/22,,fedex,Delivered
12845,21158,08/04/21,,fedex,Delivered
12846,12405,25/07/23,,fedex,Delivered
12847,20986,27/10/20,,bluedart,In Transit
12848,2733,26/06/22,,fedex,In Transit
12849,17144,29/06/20,,fedex,Delivered
12850,1592,17/02/23,,fedex,Delivered
12851,7714,15/05/20,,fedex,In Transit
12852,15712,31/08/21,,bluedart,Delivered
12853,7466,29/08/22,,fedex,Delivered
12854,10924,17/02/22,,fedex,Delivered
12855,18750,15/06/22,,dhl,In Transit
12856,939,25/12/22,,fedex,In Transit
12857,11975,13/12/23,,fedex,Delivered
12858,18608,12/03/20,,bluedart,Delivered
12859,6710,17/10/20,,fedex,In Transit
12860,13674,01/01/21,,fedex,Delivered
12861,5737,31/07/20,,fedex,In Transit
12862,17224,22/04/22,,fedex,Delivered
12863,1837,26/02/21,,bluedart,In Transit
12864,10342,18/05/23,,bluedart,Delivered
12865,1589,04/06/23,,fedex,In Transit
12866,12019,18/04/20,02/05/20,bluedart,Returned
12867,21261,16/10/21,,fedex,In Transit
12868,6240,15/09/20,,fedex,In Transit
12869,8496,12/12/23,,usps,In Transit
12870,10289,06/01/21,,fedex,In Transit
12871,18983,17/05/21,,fedex,Delivered
12872,6519,24/12/22,,fedex,Cancelled
12873,17323,09/12/21,,ups,Delivered
12874,12981,25/11/23,,bluedart,In Transit
12875,19902,19/03/21,,usps,In Transit
12876,9555,25/09/22,,fedex,Delivered
12877,14813,20/02/22,,bluedart,Delivered
12878,10542,08/03/23,,fedex,In Transit
12879,15686,20/12/21,,bluedart,Delivered
12880,2946,04/02/23,,ups,Delivered
12881,15782,26/11/21,,dhl,In Transit
12882,2622,05/08/22,,usps,Delivered
12883,12065,22/04/21,,ups,Delivered
12884,12421,14/03/21,,fedex,Delivered
12885,9191,20/12/21,,dhl,Delivered
12886,18642,18/02/23,,fedex,Delivered
12887,9552,11/12/23,,usps,In Transit
12888,17801,15/03/22,,fedex,In Transit
12889,6793,07/08/23,,fedex,Delivered
12890,4606,28/09/21,,dhl,Delivered
12891,19175,22/05/22,,usps,Delivered
12892,4158,12/11/22,,fedex,In Transit
12893,5999,07/06/21,,fedex,In Transit
12894,14162,30/01/20,,dhl,Delivered
12895,19453,20/04/23,,fedex,In Transit
12896,15421,02/04/23,,dhl,Delivered
12897,5581,12/07/23,,fedex,Delivered
12898,16617,30/11/21,,fedex,In Transit
12899,10934,08/01/20,,ups,Delivered
12900,12932,10/01/23,,fedex,Delivered
12901,15508,02/10/23,,fedex,Delivered
12902,9215,15/03/22,,bluedart,Delivered
12903,13028,02/02/22,,fedex,Delivered
12904,15815,03/09/22,,bluedart,Delivered
12905,14761,18/06/21,,fedex,Delivered
12906,13470,28/07/23,,fedex,Delivered
12907,15405,14/07/21,,dhl,Delivered
12908,19829,26/10/23,,dhl,In Transit
12909,5854,11/08/22,,fedex,Delivered
12910,18572,17/03/20,,dhl,In Transit
12911,6447,16/08/20,,dhl,In Transit
12912,10427,08/05/20,,fedex,Cancelled
12913,20762,11/05/22,,bluedart,Delivered
12914,20633,25/11/21,,usps,In Transit
12915,1314,30/03/21,,fedex,Delivered
12916,20353,20/04/22,,bluedart,Cancelled
12917,8223,25/05/20,,fedex,In Transit
12918,8462,26/07/23,,dhl,In Transit
12919,18231,16/08/20,,fedex,Cancelled
12920,19272,29/09/21,,fedex,In Transit
12921,16656,12/04/20,,bluedart,Delivered
12922,14504,27/05/23,,fedex,Delivered
12923,9152,13/08/20,,ups,Delivered
12924,9629,20/02/22,,fedex,Delivered
12925,19310,11/01/21,,fedex,In Transit
12926,18800,10/09/22,,fedex,Delivered
12927,20658,01/12/22,,dhl,Delivered
12928,8013,12/09/20,,fedex,In Transit
12929,5130,26/10/22,,dhl,In Transit
12930,1867,06/08/22,,dhl,In Transit
12931,17234,27/01/23,18/02/23,dhl,Returned
12932,840,08/08/20,,usps,Delivered
12933,10369,17/01/22,,fedex,Delivered
12934,19261,03/11/21,,fedex,Delivered
12935,16213,13/06/22,,dhl,Delivered
12936,6192,30/10/22,,fedex,Delivered
12937,2950,03/05/22,,fedex,In Transit
12938,12111,24/05/21,,dhl,Delivered
12939,3198,11/01/21,,fedex,Delivered
12940,15684,26/11/20,,bluedart,Delivered
12941,11488,11/04/22,,fedex,Delivered
12942,9774,26/07/21,,ups,Cancelled
12943,5826,04/12/21,,fedex,Delivered
12944,10990,01/12/21,15/12/21,fedex,Returned
12945,4387,29/03/21,,dhl,In Transit
12946,8888,13/05/22,,dhl,In Transit
12947,5925,10/09/23,,dhl,Cancelled
12948,13384,10/09/23,,fedex,Delivered
12949,10696,14/02/23,,fedex,In Transit
12950,7040,27/12/22,,fedex,Delivered
12951,12281,27/06/21,,dhl,Cancelled
12952,2020,19/06/20,,fedex,Delivered
12953,3924,25/06/23,,fedex,Delivered
12954,15140,19/03/21,,fedex,Delivered
12955,2166,19/08/22,,fedex,In Transit
12956,14556,26/10/22,,ups,In Transit
12957,5024,04/01/21,,fedex,Delivered
12958,15564,18/02/23,,dhl,Delivered
12959,12877,01/04/20,,dhl,In Transit
12960,18196,20/12/20,,ups,In Transit
12961,15147,14/11/21,,bluedart,In Transit
12962,7678,31/07/23,,fedex,In Transit
12963,21432,29/05/23,,dhl,Delivered
12964,16957,18/03/23,,dhl,In Transit
12965,3844,14/01/21,,dhl,Delivered
12966,9030,16/05/22,,fedex,In Transit
12967,12275,28/01/21,,fedex,Delivered
12968,5884,26/01/20,,ups,In Transit
12969,17227,10/12/21,,usps,Delivered
12970,5882,19/09/23,,dhl,In Transit
12971,19211,08/03/23,,fedex,Delivered
12972,7748,22/07/21,,fedex,In Transit
12973,8621,11/06/22,,fedex,In Transit
12974,18324,10/04/21,,fedex,Delivered
12975,11841,29/11/21,,dhl,Delivered
12976,15759,15/09/22,,fedex,In Transit
12977,20492,02/07/22,,fedex,Delivered
12978,1628,31/12/21,,dhl,In Transit
12979,1096,05/07/20,,ups,In Transit
12980,2949,10/09/20,,fedex,In Transit
12981,12456,23/06/22,,ups,Delivered
12982,3712,07/10/21,,fedex,Delivered
12983,9397,11/06/22,,bluedart,Delivered
12984,8532,22/02/21,,bluedart,Delivered
12985,5471,16/02/21,,ups,Delivered
12986,800,14/09/22,,bluedart,Cancelled
12987,6889,25/10/23,,ups,In Transit
12988,13045,14/06/23,,fedex,Delivered
12989,19222,03/11/22,,fedex,In Transit
12990,10928,14/09/20,,dhl,Delivered
12991,14973,07/05/23,,usps,Delivered
12992,8515,05/09/23,,dhl,In Transit
12993,13714,13/08/23,,fedex,In Transit
12994,9413,27/03/20,,fedex,In Transit
12995,491,22/08/20,,dhl,Delivered
12996,19213,22/02/22,,fedex,In Transit
12997,15030,24/12/22,,bluedart,Delivered
12998,6435,02/04/20,,bluedart,Delivered
12999,13632,18/09/23,,usps,Delivered
13000,6948,08/06/20,,dhl,In Transit
13001,5484,22/08/21,,fedex,Delivered
13002,15478,09/10/20,,fedex,Delivered
13003,3615,07/10/21,21/10/21,fedex,Returned
13004,7057,02/11/23,,bluedart,Delivered
13005,5023,23/08/20,,bluedart,Cancelled
13006,6797,27/06/23,,ups,In Transit
13007,21376,19/12/21,,bluedart,Delivered
13008,3388,23/12/23,,bluedart,Delivered
13009,9758,09/08/20,,ups,Delivered
13010,21205,08/09/21,,fedex,In Transit
13011,1694,02/09/22,,bluedart,Delivered
13012,15774,03/05/22,,fedex,Delivered
13013,4371,31/12/23,,fedex,Delivered
13014,16077,07/11/23,,fedex,In Transit
13015,5351,17/10/23,,bluedart,In Transit
13016,20974,23/11/20,,fedex,In Transit
13017,3811,12/09/20,,dhl,In Transit
13018,4733,07/05/23,,fedex,Delivered
13019,10028,20/09/21,,fedex,Delivered
13020,14742,14/05/20,,bluedart,Delivered
13021,19144,12/02/20,,dhl,Delivered
13022,16085,02/01/21,,fedex,In Transit
13023,516,02/08/23,,ups,In Transit
13024,16236,23/09/23,,bluedart,In Transit
13025,11899,10/06/22,,bluedart,Cancelled
13026,3235,10/05/21,,fedex,In Transit
13027,18023,29/06/23,,dhl,Cancelled
13028,17592,22/01/21,,dhl,In Transit
13029,14534,17/11/22,,dhl,Delivered
13030,12041,29/06/22,,dhl,Cancelled
13031,19282,16/11/20,,ups,In Transit
13032,6754,03/06/22,,fedex,In Transit
13033,11242,03/07/22,,fedex,Cancelled
13034,13610,18/07/23,,usps,In Transit
13035,2669,02/08/22,,bluedart,Delivered
13036,3432,26/08/20,,bluedart,In Transit
13037,15233,25/02/22,,bluedart,Delivered
13038,2009,06/08/23,,dhl,Cancelled
13039,2328,26/10/20,,fedex,In Transit
13040,4668,01/02/21,,dhl,In Transit
13041,17047,10/10/23,,dhl,In Transit
13042,4363,13/08/23,,bluedart,Delivered
13043,2254,18/03/20,,fedex,Delivered
13044,11340,04/02/23,12/02/23,ups,Returned
13045,6055,02/09/22,,ups,Delivered
13046,4139,17/07/21,,bluedart,In Transit
13047,3653,12/09/22,,fedex,Delivered
13048,8003,10/10/21,,fedex,Delivered
13049,5458,15/02/20,,usps,In Transit
13050,14454,03/05/22,,fedex,In Transit
13051,18442,19/06/20,,fedex,Delivered
13052,6732,27/12/23,,dhl,Delivered
13053,16641,11/08/21,,dhl,In Transit
13054,17368,06/12/21,,ups,In Transit
13055,4354,20/07/23,,ups,Delivered
13056,20075,13/09/22,,fedex,In Transit
13057,6906,17/07/21,,ups,In Transit
13058,2076,19/09/22,,ups,Delivered
13059,19763,19/01/23,,ups,Delivered
13060,12689,05/12/21,,dhl,Delivered
13061,16493,06/10/23,,fedex,Delivered
13062,17384,18/03/23,,fedex,Delivered
13063,8295,17/04/22,,ups,In Transit
13064,221,13/02/21,,bluedart,Delivered
13065,4535,28/05/21,,dhl,Delivered
13066,8943,23/10/22,,bluedart,Delivered
13067,21589,18/05/22,,fedex,Delivered
13068,7442,27/09/22,17/10/22,dhl,Returned
13069,8176,23/10/20,,usps,Delivered
13070,6312,20/10/20,,dhl,Cancelled
13071,16002,11/03/20,,fedex,Delivered
13072,18544,15/06/22,,dhl,Delivered
13073,462,23/10/22,,bluedart,In Transit
13074,9282,18/11/22,,usps,Delivered
13075,10356,28/06/21,,dhl,Delivered
13076,15104,19/08/21,,fedex,Delivered
13077,11221,23/01/20,,fedex,In Transit
13078,6029,16/11/20,,bluedart,In Transit
13079,6600,12/09/20,,bluedart,Delivered
13080,19525,29/01/23,,fedex,In Transit
13081,17965,26/08/22,,ups,Delivered
13082,18667,21/04/20,,fedex,Delivered
13083,12922,07/10/20,,dhl,Delivered
13084,7608,25/09/22,,bluedart,In Transit
13085,10005,23/07/20,,dhl,Delivered
13086,2984,01/04/22,,usps,In Transit
13087,4705,23/05/23,,ups,Delivered
13088,5323,07/08/23,,dhl,Delivered
13089,1787,18/04/23,,dhl,In Transit
13090,9725,24/02/23,,fedex,Delivered
13091,18850,05/05/23,,dhl,Delivered
13092,8120,08/02/23,,dhl,In Transit
13093,11397,30/07/21,,fedex,Delivered
13094,9517,15/07/23,,ups,In Transit
13095,16522,28/06/20,16/07/20,ups,Returned
13096,15879,04/04/22,,dhl,In Transit
13097,19961,10/10/21,,fedex,Delivered
13098,16560,04/07/20,,ups,In Transit
13099,15134,16/11/20,,fedex,Delivered
13100,16365,23/05/22,,fedex,In Transit
13101,3374,20/11/22,,fedex,Delivered
13102,17737,03/08/20,,fedex,In Transit
13103,20759,10/05/23,,dhl,Cancelled
13104,16218,30/08/21,,ups,Delivered
13105,15450,27/06/23,,dhl,Cancelled
13106,12939,05/02/20,,bluedart,In Transit
13107,19195,15/09/22,,fedex,In Transit
13108,4468,12/04/21,,usps,Cancelled
13109,19793,26/08/22,,dhl,Delivered
13110,16619,14/05/22,,bluedart,Delivered
13111,21214,21/11/22,,bluedart,Delivered
13112,13705,19/03/21,26/03/21,fedex,Returned
13113,7123,24/11/21,,dhl,Delivered
13114,19058,24/01/20,,fedex,Delivered
13115,1464,05/07/23,,ups,In Transit
13116,18175,08/10/21,,bluedart,Delivered
13117,11904,21/07/23,,ups,Delivered
13118,11195,09/07/20,,dhl,Delivered
13119,20121,01/05/20,,dhl,Delivered
13120,6154,20/03/20,,usps,Cancelled
13121,17427,13/07/20,,fedex,In Transit
13122,9620,21/05/20,,fedex,Delivered
13123,13801,05/04/22,,fedex,Delivered
13124,13566,04/01/22,,fedex,Cancelled
13125,16970,04/12/23,,fedex,In Transit
13126,5494,25/05/21,,dhl,Delivered
13127,11503,14/11/20,,fedex,Delivered
13128,18472,08/09/22,,fedex,Delivered
13129,5618,19/11/23,,fedex,Delivered
13130,992,25/10/23,,ups,In Transit
13131,17846,11/06/20,,fedex,Delivered
13132,14776,16/11/20,,bluedart,Delivered
13133,7900,20/06/21,,fedex,Delivered
13134,1095,19/10/20,,ups,In Transit
13135,964,15/08/21,,bluedart,Delivered
13136,10415,03/06/21,,fedex,In Transit
13137,1532,26/03/22,,usps,Delivered
13138,3823,12/08/21,,bluedart,Cancelled
13139,13464,02/04/21,,fedex,In Transit
13140,4736,06/10/20,,dhl,Delivered
13141,19873,24/01/21,,fedex,Delivered
13142,15153,05/11/20,,bluedart,Delivered
13143,20814,03/09/21,,dhl,In Transit
13144,499,30/10/21,,fedex,Delivered
13145,7456,23/12/22,,bluedart,In Transit
13146,16769,17/05/22,,fedex,In Transit
13147,7885,18/03/21,,fedex,In Transit
13148,14177,24/07/22,,fedex,In Transit
13149,6640,28/11/20,,fedex,In Transit
13150,9608,03/06/20,,fedex,Delivered
13151,2756,20/10/20,,fedex,Delivered
13152,17109,17/07/23,,ups,Delivered
13153,3860,13/11/20,,dhl,Delivered
13154,2499,30/01/22,,usps,In Transit
13155,21360,04/10/20,,ups,In Transit
13156,14217,17/01/21,,ups,In Transit
13157,15018,21/03/21,,fedex,Delivered
13158,2495,10/01/21,,bluedart,Delivered
13159,2955,25/05/20,,fedex,Delivered
13160,16885,13/03/20,19/03/20,ups,Returned
13161,3696,11/09/20,,bluedart,Delivered
13162,8913,10/07/20,,fedex,In Transit
13163,1536,19/03/20,,fedex,In Transit
13164,4919,17/06/21,,fedex,Delivered
13165,5980,13/11/22,,ups,In Transit
13166,12633,17/06/21,,fedex,Delivered
13167,18067,22/08/20,,fedex,In Transit
13168,16938,25/07/23,,usps,Delivered
13169,14967,02/02/21,,usps,Delivered
13170,9894,19/04/21,,ups,Delivered
13171,16044,08/03/21,,fedex,In Transit
13172,19749,24/07/20,,fedex,Cancelled
13173,16778,20/02/20,07/03/20,fedex,Returned
13174,13903,01/07/21,,fedex,In Transit
13175,15628,23/05/22,,ups,Delivered
13176,21356,30/05/20,,fedex,Delivered
13177,9769,04/04/20,,bluedart,Delivered
13178,264,05/11/22,,bluedart,Cancelled
13179,1843,17/05/20,,dhl,In Transit
13180,3732,25/07/21,,bluedart,In Transit
13181,18395,22/08/22,,fedex,In Transit
13182,10036,03/03/21,,usps,Delivered
13183,7835,23/09/21,,bluedart,Delivered
13184,19805,15/09/22,25/09/22,fedex,Returned
13185,6381,02/09/23,,fedex,Cancelled
13186,16935,25/08/20,,fedex,In Transit
13187,8099,31/07/23,,fedex,Delivered
13188,3771,02/11/21,,fedex,Cancelled
13189,15028,24/03/22,,ups,In Transit
13190,16727,25/03/22,,ups,In Transit
13191,9054,17/05/22,,dhl,In Transit
13192,14996,01/05/22,,fedex,Cancelled
13193,14686,19/06/23,,fedex,Delivered
13194,9123,16/09/21,,fedex,In Transit
13195,5548,11/12/23,,usps,In Transit
13196,1158,08/03/22,,fedex,In Transit
13197,2694,27/06/23,,dhl,Delivered
13198,20550,24/11/21,,bluedart,Delivered
13199,8657,23/08/20,,fedex,Delivered
13200,15096,11/06/20,05/07/20,fedex,Returned
13201,20223,04/02/23,,dhl,Delivered
13202,13640,08/12/21,,dhl,In Transit
13203,322,31/03/22,,bluedart,Delivered
13204,192,11/03/21,,dhl,In Transit
13205,4310,11/10/20,,ups,Delivered
13206,18824,15/03/22,,fedex,Delivered
13207,18968,28/12/20,,bluedart,In Transit
13208,11779,09/12/20,,fedex,In Transit
13209,14278,16/12/21,,dhl,Delivered
13210,10481,29/12/22,,ups,Cancelled
13211,17279,09/02/20,,bluedart,Delivered
13212,3977,15/10/23,,fedex,In Transit
13213,3104,30/08/20,,usps,In Transit
13214,11885,29/09/20,14/10/20,bluedart,Returned
13215,2718,10/06/22,,fedex,Delivered
13216,4278,25/03/21,,dhl,Delivered
13217,9896,15/11/21,,fedex,In Transit
13218,2847,24/02/23,,fedex,Delivered
13219,10414,14/04/23,,fedex,Delivered
13220,7038,15/12/20,,dhl,Delivered
13221,12170,06/10/21,,fedex,Delivered
13222,2575,01/02/21,,dhl,Delivered
13223,2422,01/08/23,,fedex,In Transit
13224,15850,01/01/24,,fedex,In Transit
13225,8932,25/04/23,,fedex,In Transit
13226,14825,17/11/20,,dhl,In Transit
13227,20268,11/09/20,,fedex,In Transit
13228,3391,08/01/20,,dhl,In Transit
13229,7927,29/08/21,,usps,Delivered
13230,12606,30/05/23,,ups,Delivered
13231,12825,10/09/20,,bluedart,Delivered
13232,3557,22/06/20,07/07/20,fedex,Returned
13233,20576,03/08/23,,bluedart,In Transit
13234,8854,15/02/22,,dhl,In Transit
13235,15435,06/01/21,,dhl,Delivered
13236,6165,19/01/20,,ups,Delivered
13237,19182,23/11/20,,fedex,Delivered
13238,12156,28/08/23,,dhl,Delivered
13239,18786,12/10/21,,bluedart,Delivered
13240,19403,29/08/21,,fedex,In Transit
13241,8294,24/12/21,,bluedart,In Transit
13242,5974,14/08/23,,fedex,Delivered
13243,17062,05/09/23,,ups,Cancelled
13244,17500,06/03/23,,dhl,Cancelled
13245,19033,14/06/21,,fedex,In Transit
13246,12933,07/11/22,,fedex,In Transit
13247,8653,15/03/20,,ups,In Transit
13248,17907,23/06/22,,fedex,Delivered
13249,8091,16/08/21,,fedex,Delivered
13250,12950,23/12/23,,fedex,Delivered
13251,5268,10/05/22,,fedex,Delivered
13252,21200,23/02/23,,fedex,Delivered
13253,17954,18/09/21,,fedex,Delivered
13254,3621,15/09/23,,fedex,Delivered
13255,6565,08/05/23,,ups,In Transit
13256,21226,06/07/20,,fedex,Delivered
13257,2431,31/08/22,,ups,Delivered
13258,8325,10/08/22,25/08/22,fedex,Returned
13259,6442,27/01/20,,fedex,Delivered
13260,247,11/06/22,17/06/22,dhl,Returned
13261,7355,23/12/23,,ups,Delivered
13262,8069,30/05/21,,ups,Delivered
13263,12214,11/07/22,,dhl,In Transit
13264,13286,23/07/22,,fedex,Delivered
13265,3111,21/12/20,,fedex,Delivered
13266,4259,16/04/22,,fedex,Delivered
13267,14861,15/02/21,,fedex,Delivered
13268,1782,17/03/23,,fedex,Delivered
13269,9977,26/10/20,,fedex,Delivered
13270,3734,15/10/21,,fedex,Cancelled
13271,19935,06/04/22,,fedex,Delivered
13272,5947,28/06/20,,fedex,Delivered
13273,21117,29/11/20,,fedex,In Transit
13274,18883,26/11/21,,bluedart,Delivered
13275,1661,01/06/23,,fedex,In Transit
13276,6937,19/08/22,,bluedart,Delivered
13277,7754,27/04/20,,fedex,Delivered
13278,12603,16/12/20,,ups,Delivered
13279,4085,10/09/20,,bluedart,Delivered
13280,17425,14/09/21,,dhl,Delivered
13281,1441,23/04/20,,fedex,Delivered
13282,6359,05/01/22,,fedex,Delivered
13283,14467,01/03/22,,fedex,In Transit
13284,16830,15/10/22,,fedex,In Transit
13285,4727,09/01/20,26/01/20,fedex,Returned
13286,9133,20/06/21,,usps,Delivered
13287,13697,06/06/23,,bluedart,Delivered
13288,21404,22/04/21,,dhl,In Transit
13289,9109,01/01/23,,dhl,Delivered
13290,19228,05/10/23,,bluedart,Delivered
13291,6968,13/12/23,,fedex,In Transit
13292,16541,09/10/22,,bluedart,Delivered
13293,6939,23/09/23,,fedex,In Transit
13294,14194,31/08/22,,bluedart,In Transit
13295,20057,16/03/20,,dhl,Delivered
13296,10053,09/01/20,,fedex,Delivered
13297,546,28/02/20,,ups,Cancelled
13298,9701,21/07/21,,fedex,Delivered
13299,16805,25/06/20,,fedex,In Transit
13300,3714,18/10/21,,fedex,Delivered
13301,13225,09/02/23,,ups,Delivered
13302,20060,04/08/21,,fedex,Delivered
13303,9861,06/10/21,,fedex,Delivered
13304,15585,25/05/22,,fedex,In Transit
13305,8573,20/06/22,,fedex,In Transit
13306,7720,18/06/22,,fedex,Delivered
13307,9033,26/08/21,,dhl,Delivered
13308,19662,23/02/20,,ups,In Transit
13309,390,19/08/20,,fedex,Delivered
13310,12448,31/08/20,,usps,Delivered
13311,20750,16/05/23,,fedex,Delivered
13312,1317,21/11/20,,fedex,In Transit
13313,9222,21/05/20,,dhl,Delivered
13314,11308,18/08/23,,ups,In Transit
13315,10054,25/09/21,,fedex,In Transit
13316,16908,10/10/23,,fedex,Delivered
13317,12673,08/06/21,,fedex,In Transit
13318,14796,25/04/21,,fedex,Delivered
13319,11154,30/05/22,,fedex,Delivered
13320,6149,10/09/20,,fedex,In Transit
13321,15400,01/11/23,,bluedart,In Transit
13322,17093,14/03/23,,bluedart,In Transit
13323,19323,18/12/21,,fedex,In Transit
13324,5159,11/03/20,,bluedart,Delivered
13325,15865,26/02/20,,ups,Delivered
13326,2059,04/12/20,,ups,In Transit
13327,6567,01/08/23,,bluedart,Delivered
13328,2776,28/06/23,,bluedart,In Transit
13329,16987,11/11/23,,dhl,Delivered
13330,20068,03/03/20,,bluedart,Delivered
13331,13974,12/11/20,,fedex,Delivered
13332,15094,10/03/21,,fedex,Delivered
13333,10286,30/11/21,,bluedart,In Transit
13334,4291,13/09/22,,fedex,Delivered
13335,19661,05/11/21,,fedex,Delivered
13336,9355,11/04/23,,dhl,Delivered
13337,16387,02/12/23,,ups,Cancelled
13338,20797,20/11/20,,fedex,Delivered
13339,20856,06/07/22,,ups,Delivered
13340,7805,18/02/22,,bluedart,Delivered
13341,6940,18/01/20,,fedex,Delivered
13342,3022,09/11/21,,bluedart,Delivered
13343,18946,14/04/20,,fedex,In Transit
13344,5229,19/11/20,,usps,In Transit
13345,21587,31/12/20,,fedex,In Transit
13346,20823,26/10/22,,usps,In Transit
13347,18424,03/10/21,,usps,Delivered
13348,12785,13/07/21,,bluedart,In Transit
13349,2480,23/03/23,,bluedart,Cancelled
13350,2145,03/01/21,,fedex,Delivered
13351,19365,27/06/20,,fedex,Delivered
13352,20519,14/11/21,,bluedart,Delivered
13353,13040,10/08/22,,ups,In Transit
13354,9953,01/03/22,,dhl,Delivered
13355,17171,27/09/23,,bluedart,Delivered
13356,8757,16/09/20,,fedex,Delivered
13357,10346,08/06/22,,bluedart,Delivered
13358,20892,01/06/23,,fedex,Cancelled
13359,2195,19/01/23,,fedex,Delivered
13360,15993,07/09/20,,fedex,Delivered
13361,14562,07/10/23,,fedex,In Transit
13362,8197,14/01/20,,fedex,Cancelled
13363,21351,18/10/23,,fedex,In Transit
13364,20499,29/03/23,,bluedart,Delivered
13365,7062,29/09/23,,ups,Delivered
13366,6130,03/02/23,,bluedart,Delivered
13367,3107,25/11/23,,bluedart,Delivered
13368,3440,07/10/20,,fedex,In Transit
13369,292,30/05/21,,fedex,In Transit
13370,13289,12/10/21,,dhl,In Transit
13371,16578,27/01/22,,ups,Delivered
13372,3695,18/08/20,,dhl,Delivered
13373,7218,20/11/22,,usps,Delivered
13374,18483,28/12/21,,ups,Delivered
13375,9699,13/10/21,,ups,Delivered
13376,14937,31/05/21,,fedex,In Transit
13377,4327,02/05/23,,fedex,Cancelled
13378,17891,23/01/20,,bluedart,In Transit
13379,5122,16/05/20,,fedex,Delivered
13380,8092,28/08/20,,fedex,Delivered
13381,13620,25/12/21,,fedex,In Transit
13382,4738,18/08/22,,fedex,Delivered
13383,20594,23/04/21,,ups,In Transit
13384,18767,22/06/20,,dhl,Cancelled
13385,13581,28/12/20,,bluedart,In Transit
13386,16473,10/08/23,,fedex,In Transit
13387,7533,27/05/22,,usps,Cancelled
13388,10345,02/06/22,,fedex,Delivered
13389,4552,28/08/23,,bluedart,In Transit
13390,18329,13/04/22,,fedex,Delivered
13391,13142,30/11/22,,bluedart,Delivered
13392,17186,11/12/22,,dhl,Delivered
13393,15298,04/11/21,,fedex,Delivered
13394,6720,07/04/21,,fedex,Delivered
13395,13673,21/07/21,,bluedart,Delivered
13396,5381,10/06/20,,bluedart,In Transit
13397,8726,03/02/22,,dhl,Delivered
13398,14854,15/10/20,,fedex,Delivered
13399,14694,06/10/20,,usps,In Transit
13400,5080,13/10/21,26/10/21,bluedart,Returned
13401,1391,18/01/20,,fedex,Delivered
13402,14041,03/07/23,,dhl,In Transit
13403,334,09/06/23,,bluedart,Delivered
13404,11323,20/06/22,,fedex,Delivered
13405,17890,20/02/20,,fedex,In Transit
13406,3387,02/10/21,,fedex,Delivered
13407,5824,09/04/22,,fedex,In Transit
13408,17143,13/06/21,,ups,Delivered
13409,12569,13/12/21,,ups,Delivered
13410,6514,25/08/23,18/09/23,dhl,Returned
13411,9798,21/08/22,,dhl,Delivered
13412,1630,20/03/22,,fedex,Cancelled
13413,2012,27/03/20,,fedex,Delivered
13414,20725,06/01/22,,fedex,In Transit
13415,8471,04/01/23,,usps,In Transit
13416,7439,05/02/20,,fedex,In Transit
13417,4402,12/01/21,24/01/21,dhl,Returned
13418,14691,31/03/21,,ups,In Transit
13419,21164,18/09/23,,bluedart,In Transit
13420,6398,31/12/23,,usps,Delivered
13421,14190,19/09/20,,dhl,Delivered
13422,16072,04/01/24,,dhl,Cancelled
13423,15390,01/06/21,,dhl,Delivered
13424,14403,03/06/23,,ups,Delivered
13425,19969,25/03/20,,fedex,In Transit
13426,16096,18/08/23,,fedex,In Transit
13427,17039,30/07/21,,fedex,Cancelled
13428,5647,26/01/23,,fedex,Delivered
13429,13229,10/05/22,01/06/22,fedex,Returned
13430,10653,14/02/20,23/02/20,bluedart,Returned
13431,12108,25/07/20,30/07/20,fedex,Returned
13432,7075,22/04/21,,fedex,Delivered
13433,16070,31/12/23,,fedex,Cancelled
13434,18937,02/10/22,,fedex,Delivered
13435,18071,05/11/21,,dhl,In Transit
13436,17567,24/07/23,,fedex,In Transit
13437,6581,23/10/20,,ups,Delivered
13438,4511,09/11/22,,dhl,Delivered
13439,18263,19/05/23,,fedex,Delivered
13440,17222,28/08/22,,fedex,Delivered
13441,2726,23/08/22,,usps,Delivered
13442,1107,01/06/23,,usps,In Transit
13443,9580,25/02/22,,fedex,Delivered
13444,13073,09/04/20,,fedex,Delivered
13445,9258,20/04/22,04/05/22,usps,Returned
13446,4686,27/10/22,,fedex,In Transit
13447,11738,12/12/21,,bluedart,Delivered
13448,4213,03/04/21,,fedex,Delivered
13449,20469,14/01/21,,ups,Delivered
13450,4395,19/06/23,,ups,Delivered
13451,773,13/12/21,,bluedart,In Transit
13452,20785,02/04/21,,fedex,In Transit
13453,8990,08/01/20,,fedex,Delivered
13454,2050,05/04/20,,fedex,Delivered
13455,11608,13/02/23,,ups,In Transit
13456,18816,12/07/23,,fedex,Delivered
13457,2308,26/05/21,,fedex,In Transit
13458,9719,27/05/21,,fedex,Delivered
13459,3789,16/06/21,,ups,In Transit
13460,17529,28/08/20,,fedex,Delivered
13461,7500,10/04/23,27/04/23,fedex,Returned
13462,21308,16/12/20,,usps,In Transit
13463,11103,22/09/20,,bluedart,Delivered
13464,15858,10/08/21,28/08/21,dhl,Returned
13465,11293,19/12/20,,fedex,Delivered
13466,8819,01/04/20,,fedex,Delivered
13467,16585,03/05/21,,dhl,In Transit
13468,3705,12/01/20,02/02/20,fedex,Returned
13469,7247,22/02/20,,dhl,Delivered
13470,15500,25/12/22,,fedex,In Transit
13471,19982,12/09/23,,fedex,In Transit
13472,3511,30/05/22,,ups,Delivered
13473,10926,29/12/21,,fedex,Delivered
13474,3364,18/11/22,,usps,Delivered
13475,903,04/02/20,,bluedart,Cancelled
13476,19593,22/05/23,,ups,Delivered
13477,4821,06/05/20,,fedex,In Transit
13478,16441,26/11/20,,dhl,In Transit
13479,15318,19/05/22,,bluedart,Delivered
13480,6230,17/03/22,,bluedart,Delivered
13481,4455,01/08/21,13/08/21,fedex,Returned
13482,480,27/02/20,,fedex,Delivered
13483,9506,02/08/22,,fedex,Delivered
13484,14652,20/11/20,,usps,Delivered
13485,188,23/10/23,,dhl,In Transit
13486,6119,02/01/21,,bluedart,In Transit
13487,17035,01/09/22,,usps,Delivered
13488,7294,05/05/21,,ups,Delivered
13489,9945,15/08/23,,fedex,Delivered
13490,20064,04/03/23,,fedex,In Transit
13491,8671,17/01/20,,dhl,Delivered
13492,13193,14/05/20,,fedex,In Transit
13493,14102,21/06/21,,fedex,Delivered
13494,18326,09/04/21,19/04/21,fedex,Returned
13495,8651,04/03/21,25/03/21,bluedart,Returned
13496,1932,06/04/20,,dhl,Delivered
13497,3013,17/09/23,,dhl,Delivered
13498,5020,07/07/21,,fedex,Delivered
13499,9603,14/10/23,,fedex,Delivered
13500,18504,26/04/22,,usps,Delivered
13501,17059,03/06/23,,ups,Delivered
13502,10832,17/10/23,,fedex,Delivered
13503,13417,21/02/21,,fedex,Delivered
13504,7061,19/04/21,,fedex,Delivered
13505,6098,09/12/22,,fedex,Delivered
13506,15088,23/08/23,,bluedart,Delivered
13507,13968,02/07/23,,bluedart,In Transit
13508,8313,31/10/21,,ups,In Transit
13509,17060,05/01/22,,usps,Delivered
13510,11669,22/09/20,,fedex,Delivered
13511,1752,18/08/21,,fedex,Delivered
13512,1826,06/04/21,,bluedart,In Transit
13513,2653,16/02/20,,usps,Cancelled
13514,8809,01/03/20,,ups,Delivered
13515,7032,21/01/23,,fedex,In Transit
13516,17767,08/01/22,,ups,In Transit
13517,10546,18/11/20,,fedex,Cancelled
13518,15423,03/08/23,,fedex,Delivered
13519,16741,03/07/21,,fedex,Delivered
13520,12636,21/04/20,,fedex,In Transit
13521,21245,21/04/22,,fedex,Delivered
13522,15036,20/09/21,,fedex,Delivered
13523,20147,07/07/23,,bluedart,In Transit
13524,11466,22/04/22,,fedex,In Transit
13525,10676,04/12/23,,ups,Delivered
13526,10161,23/02/21,,ups,Delivered
13527,16298,11/05/21,,fedex,In Transit
13528,11525,04/03/21,,fedex,Delivered
13529,12029,20/11/20,08/12/20,fedex,Returned
13530,8305,16/05/20,,dhl,Delivered
13531,4997,30/10/20,,dhl,In Transit
13532,16399,30/07/20,,fedex,Delivered
13533,5073,17/02/21,,dhl,Delivered
13534,9581,22/09/23,,fedex,Delivered
13535,15957,02/08/22,,dhl,In Transit
13536,16583,24/07/21,,dhl,In Transit
13537,8960,13/05/21,,fedex,Delivered
13538,10140,01/06/21,,fedex,Delivered
13539,8867,23/11/20,,fedex,Delivered
13540,13051,21/06/21,,dhl,In Transit
13541,13389,24/03/22,,ups,Cancelled
13542,5273,11/02/21,,usps,Cancelled
13543,13782,17/02/22,,fedex,Delivered
13544,3713,12/12/23,,fedex,Cancelled
13545,8689,27/07/20,,usps,Delivered
13546,1499,30/03/20,,dhl,In Transit
13547,76,27/05/22,,usps,In Transit
13548,684,22/07/23,28/07/23,fedex,Returned
13549,1121,25/05/20,,fedex,Delivered
13550,11706,10/08/22,,bluedart,In Transit
13551,5038,01/05/20,,ups,Delivered
13552,15695,07/08/20,,fedex,Delivered
13553,10260,25/02/23,,bluedart,Delivered
13554,2883,12/11/22,,fedex,Delivered
13555,18490,12/07/21,,bluedart,Delivered
13556,2629,16/03/21,,bluedart,Delivered
13557,8112,22/11/21,,dhl,Delivered
13558,21531,20/06/21,01/07/21,fedex,Returned
13559,1690,17/03/21,,dhl,Delivered
13560,15001,28/08/21,,fedex,In Transit
13561,10898,12/06/20,,fedex,Delivered
13562,9689,21/02/20,,usps,Cancelled
13563,446,19/09/20,,ups,Delivered
13564,13268,02/09/22,,fedex,In Transit
13565,4568,09/05/21,,dhl,In Transit
13566,6301,28/03/22,,ups,Delivered
13567,13975,01/04/22,,fedex,In Transit
13568,8710,03/11/21,,bluedart,Delivered
13569,8957,23/12/21,,bluedart,Delivered
13570,10634,05/10/22,,fedex,In Transit
13571,4589,31/08/20,,bluedart,In Transit
13572,431,08/04/22,,fedex,Delivered
13573,19382,28/01/20,,fedex,Delivered
13574,19342,11/07/23,,fedex,Delivered
13575,10296,06/08/20,,fedex,Delivered
13576,15792,02/02/22,,dhl,In Transit
13577,16146,06/04/23,,dhl,In Transit
13578,16810,07/10/20,,fedex,In Transit
13579,20042,13/12/23,,fedex,Delivered
13580,20716,16/11/21,,bluedart,Delivered
13581,61,11/11/20,,fedex,Delivered
13582,8350,07/11/23,,ups,Delivered
13583,6132,30/07/22,,ups,In Transit
13584,953,06/12/22,,ups,Delivered
13585,6273,04/01/23,,usps,Delivered
13586,2226,15/01/20,,fedex,Delivered
13587,12387,08/09/22,,dhl,In Transit
13588,9854,23/02/22,,ups,In Transit
13589,6881,05/06/23,,fedex,Delivered
13590,16476,08/06/23,,dhl,In Transit
13591,6757,09/02/20,,fedex,In Transit
13592,13396,30/05/20,,bluedart,Delivered
13593,15324,04/09/20,,fedex,Delivered
13594,11087,17/08/20,,fedex,In Transit
13595,16949,13/04/23,,bluedart,In Transit
13596,14918,19/04/21,,fedex,In Transit
13597,9141,06/06/22,,usps,Delivered
13598,10353,30/06/21,,dhl,In Transit
13599,20340,24/02/21,,fedex,In Transit
13600,12690,23/05/21,,dhl,Delivered
13601,11598,08/04/20,,fedex,Delivered
13602,4518,21/03/21,,ups,In Transit
13603,3086,08/02/22,,dhl,In Transit
13604,14705,31/12/22,,fedex,Cancelled
13605,15977,15/06/20,,usps,Delivered
13606,16820,12/05/21,,fedex,Delivered
13607,5757,03/09/22,,bluedart,Delivered
13608,19491,18/01/22,,fedex,In Transit
13609,15003,28/03/23,,fedex,In Transit
13610,1778,13/07/21,,fedex,Delivered
13611,18712,08/09/20,,fedex,In Transit
13612,3629,17/04/20,,bluedart,In Transit
13613,20261,22/11/20,,ups,In Transit
13614,4663,18/02/21,,dhl,In Transit
13615,21374,16/05/20,,bluedart,Cancelled
13616,2035,17/09/20,,fedex,In Transit
13617,4149,02/07/22,,fedex,In Transit
13618,10372,17/06/20,,fedex,Delivered
13619,20528,03/10/20,,bluedart,In Transit
13620,20915,13/10/22,,fedex,Delivered
13621,7572,25/11/22,,dhl,Delivered
13622,12074,14/03/22,,dhl,Delivered
13623,15539,12/06/21,,dhl,Delivered
13624,14977,15/09/22,,dhl,Delivered
13625,14191,19/05/23,,bluedart,Delivered
13626,13373,26/10/22,,fedex,In Transit
13627,12818,15/05/21,,fedex,In Transit
13628,16062,17/07/22,,fedex,Delivered
13629,5615,10/10/21,,dhl,In Transit
13630,20201,12/11/21,,bluedart,In Transit
13631,12903,27/06/21,,fedex,Delivered
13632,15769,31/08/21,,fedex,Delivered
13633,3589,02/02/21,,usps,Delivered
13634,123,18/04/20,,bluedart,Delivered
13635,17685,28/07/21,,bluedart,Delivered
13636,19755,29/10/20,10/11/20,ups,Returned
13637,11030,09/03/22,,fedex,In Transit
13638,17788,23/05/21,,usps,Delivered
13639,13727,02/08/21,,fedex,Delivered
13640,3118,19/02/20,,fedex,Cancelled
13641,203,04/12/22,,ups,Delivered
13642,2205,12/02/23,,fedex,In Transit
13643,16925,03/01/22,,fedex,Cancelled
13644,21496,21/09/22,,ups,In Transit
13645,17454,16/10/21,,fedex,Delivered
13646,20309,08/09/21,,fedex,Delivered
13647,16204,19/05/20,,dhl,In Transit
13648,3830,09/05/23,03/06/23,fedex,Returned
13649,18119,17/08/23,,fedex,In Transit
13650,15616,13/11/22,,fedex,In Transit
13651,9703,16/03/22,,fedex,Delivered
13652,5692,27/12/21,,usps,Delivered
13653,2965,28/10/20,,bluedart,In Transit
13654,12795,05/05/21,,fedex,In Transit
13655,18005,08/04/22,,dhl,Delivered
13656,4603,23/01/22,,fedex,In Transit
13657,293,18/04/22,,bluedart,Delivered
13658,21220,29/01/22,,fedex,Delivered
13659,10398,22/05/23,,ups,Delivered
13660,9106,04/11/21,,usps,Cancelled
13661,17488,25/10/23,,fedex,Cancelled
13662,21358,04/06/21,,bluedart,Delivered
13663,21565,15/04/22,,bluedart,Delivered
13664,19826,29/06/20,,ups,Delivered
13665,15714,12/10/22,,usps,Delivered
13666,1383,17/08/23,,fedex,Delivered
13667,6617,08/01/22,,fedex,Delivered
13668,9624,01/07/21,,fedex,Delivered
13669,8141,18/05/21,,dhl,Delivered
13670,14264,29/09/22,,bluedart,Delivered
13671,20521,04/01/20,,fedex,Delivered
13672,20426,09/06/22,,ups,Delivered
13673,3223,09/02/22,,ups,Delivered
13674,13310,06/06/20,,dhl,Delivered
13675,13563,05/11/23,,dhl,Delivered
13676,19795,31/03/21,,dhl,Cancelled
13677,13650,10/10/22,,bluedart,Delivered
13678,14606,14/04/21,,ups,In Transit
13679,11241,04/08/23,,fedex,Delivered
13680,16337,08/10/22,,fedex,Delivered
13681,7525,10/06/23,,fedex,In Transit
13682,2326,14/04/22,,bluedart,In Transit
13683,216,12/11/22,25/11/22,fedex,Returned
13684,18672,02/05/23,,fedex,In Transit
13685,19586,08/09/22,,fedex,Delivered
13686,14201,17/01/22,,dhl,In Transit
13687,3939,28/08/22,,fedex,Delivered
13688,8390,16/12/20,,dhl,In Transit
13689,15753,31/08/21,,dhl,Delivered
13690,1636,14/09/22,,fedex,Delivered
13691,20815,16/08/20,,fedex,In Transit
13692,11723,24/08/22,,fedex,In Transit
13693,21192,17/11/23,,fedex,In Transit
13694,10991,13/05/21,,bluedart,Delivered
13695,15590,12/01/23,,fedex,Cancelled
13696,1502,17/01/22,,fedex,Delivered
13697,5166,22/03/20,,bluedart,Delivered
13698,15609,29/10/22,,dhl,Delivered
13699,11845,14/12/21,,fedex,Delivered
13700,10021,23/09/22,,fedex,Delivered
13701,11562,25/07/23,,fedex,In Transit
13702,19905,21/06/22,,dhl,In Transit
13703,3930,19/09/20,,fedex,Delivered
13704,11425,09/03/21,,ups,In Transit
13705,10150,24/03/23,,dhl,In Transit
13706,623,14/01/22,,fedex,In Transit
13707,12217,20/09/23,,fedex,Delivered
13708,20697,22/03/23,,fedex,Cancelled
13709,8750,06/11/22,,dhl,In Transit
13710,8488,30/07/23,,fedex,Delivered
13711,2827,08/01/21,,fedex,Delivered
13712,10700,04/02/22,,fedex,Delivered
13713,5717,10/02/23,,dhl,Delivered
13714,4074,28/08/20,,fedex,Delivered
13715,4587,18/08/23,,ups,In Transit
13716,7909,07/01/23,,dhl,Delivered
13717,18227,14/04/23,,fedex,In Transit
13718,876,11/12/21,,bluedart,Delivered
13719,7916,28/02/21,,bluedart,In Transit
13720,7651,16/06/21,,fedex,In Transit
13721,599,24/11/22,,fedex,In Transit
13722,20200,29/03/23,,fedex,Cancelled
13723,14695,12/03/22,,fedex,Delivered
13724,14040,06/06/21,,dhl,In Transit
13725,10465,11/03/20,,bluedart,In Transit
13726,8713,27/07/23,,fedex,Delivered
13727,4190,05/01/20,,fedex,In Transit
13728,310,25/12/21,,bluedart,In Transit
13729,4953,11/11/20,,fedex,In Transit
13730,14483,29/03/23,,fedex,Delivered
13731,10903,06/03/23,,fedex,In Transit
13732,9131,25/02/23,,usps,Delivered
13733,12077,17/10/21,,bluedart,In Transit
13734,504,02/01/23,,ups,Delivered
13735,14468,03/05/20,,bluedart,Delivered
13736,14114,21/04/20,,dhl,Delivered
13737,13971,02/12/21,,dhl,Delivered
13738,16250,06/04/23,,dhl,Delivered
13739,10056,17/09/23,,usps,Delivered
13740,14171,02/05/20,,fedex,Cancelled
13741,19055,13/01/22,,bluedart,Delivered
13742,15730,27/08/21,,ups,Delivered
13743,3000,16/01/22,,ups,In Transit
13744,8292,18/10/22,,fedex,Delivered
13745,11832,28/12/22,,ups,In Transit
13746,14320,06/03/21,,ups,In Transit
13747,18088,21/05/20,,fedex,Delivered
13748,4780,05/08/22,,usps,Delivered
13749,5953,19/04/23,,ups,In Transit
13750,2011,23/07/20,,fedex,In Transit
13751,18925,20/09/21,,ups,In Transit
13752,14907,24/05/22,,usps,Delivered
13753,13502,11/01/23,,fedex,Delivered
13754,5651,25/01/22,,fedex,In Transit
13755,17779,05/02/20,,bluedart,In Transit
13756,8393,23/02/23,,dhl,Delivered
13757,2158,13/11/23,,fedex,In Transit
13758,5560,21/05/22,,fedex,In Transit
13759,9658,16/08/22,,dhl,In Transit
13760,3655,18/10/20,,fedex,In Transit
13761,5314,14/10/22,,dhl,In Transit
13762,19840,27/05/20,,bluedart,In Transit
13763,2508,01/08/22,,ups,In Transit
13764,879,22/11/21,,fedex,In Transit
13765,2382,21/12/22,,bluedart,Delivered
13766,20160,30/12/23,,fedex,Delivered
13767,2525,10/12/21,,fedex,In Transit
13768,10685,02/08/23,,fedex,Delivered
13769,16234,17/06/23,,dhl,In Transit
13770,17340,15/05/21,,fedex,In Transit
13771,17175,03/04/22,,fedex,Delivered
13772,20741,18/11/20,,dhl,Delivered
13773,8857,27/02/20,,bluedart,Delivered
13774,11284,17/04/22,,fedex,Delivered
13775,20942,22/01/20,,fedex,Cancelled
13776,12508,13/07/23,,fedex,Delivered
13777,1914,05/10/23,,fedex,In Transit
13778,15748,04/09/23,,fedex,Delivered
13779,4555,10/08/20,23/08/20,usps,Returned
13780,8617,09/08/22,,fedex,In Transit
13781,20023,28/04/21,,fedex,Delivered
13782,13354,05/09/22,,fedex,Delivered
13783,6111,09/03/23,,fedex,Delivered
13784,12529,17/04/23,,fedex,In Transit
13785,3335,12/08/23,,fedex,Delivered
13786,5289,28/11/20,,fedex,In Transit
13787,4042,20/08/21,,fedex,In Transit
13788,20610,19/06/21,,fedex,Delivered
13789,15080,19/11/21,,ups,In Transit
13790,4056,02/01/23,,fedex,Delivered
13791,721,16/07/23,,bluedart,Delivered
13792,20626,10/05/22,,fedex,Cancelled
13793,20830,20/03/20,,dhl,Delivered
13794,16736,20/10/21,,bluedart,Delivered
13795,2446,12/04/23,,fedex,Delivered
13796,21550,05/03/21,15/03/21,fedex,Returned
13797,2665,05/02/21,,dhl,Delivered
13798,14939,19/06/22,,ups,In Transit
13799,1968,17/04/21,,fedex,In Transit
13800,4634,16/07/22,,ups,In Transit
13801,1029,20/07/22,,fedex,In Transit
13802,6605,23/11/21,,dhl,Cancelled
13803,15656,19/01/21,,bluedart,In Transit
13804,10044,28/06/22,,bluedart,Delivered
13805,15646,01/08/23,,fedex,In Transit
13806,11756,04/12/21,,usps,In Transit
13807,3360,25/01/22,,fedex,In Transit
13808,5858,03/05/22,,ups,Delivered
13809,5216,14/06/23,,usps,Cancelled
13810,10147,28/01/22,,fedex,Delivered
13811,12273,02/08/22,,ups,In Transit
13812,9227,18/07/20,,ups,Delivered
13813,20927,18/02/21,,dhl,In Transit
13814,8693,28/02/23,,bluedart,In Transit
13815,14833,23/01/23,,fedex,Delivered
13816,17259,27/05/20,,fedex,Delivered
13817,21545,09/09/21,,ups,Delivered
13818,11890,24/02/22,,bluedart,Delivered
13819,184,01/11/22,,usps,Cancelled
13820,7738,16/05/21,,bluedart,Delivered
13821,437,15/11/22,,bluedart,Delivered
13822,7706,28/08/23,,bluedart,In Transit
13823,10573,14/01/20,,fedex,In Transit
13824,20904,10/07/20,,fedex,Delivered
13825,3938,22/04/22,,fedex,In Transit
13826,11724,06/08/21,,dhl,In Transit
13827,8980,15/12/20,,bluedart,Delivered
13828,10109,14/03/22,,usps,Delivered
13829,17956,23/08/21,,fedex,In Transit
13830,1963,16/01/22,,fedex,In Transit
13831,1210,22/04/20,,usps,In Transit
13832,2974,04/08/20,,fedex,Cancelled
13833,12883,23/11/23,,fedex,Delivered
13834,5860,11/12/22,,ups,Delivered
13835,1679,22/09/20,,bluedart,In Transit
13836,2983,19/03/21,,fedex,Delivered
13837,1478,02/09/21,,bluedart,In Transit
13838,20541,20/01/23,,usps,Delivered
13839,9401,03/01/24,,fedex,Delivered
13840,2479,14/05/23,,dhl,Delivered
13841,13333,09/10/22,,fedex,Delivered
13842,5418,10/03/22,,dhl,Delivered
13843,4333,31/01/22,,dhl,Cancelled
13844,5059,09/09/20,,fedex,Delivered
13845,6563,26/06/23,,fedex,Cancelled
13846,5597,01/06/23,,dhl,Cancelled
13847,8483,15/08/23,,fedex,In Transit
13848,18361,28/06/21,,fedex,In Transit
13849,5894,02/05/23,25/05/23,bluedart,Returned
13850,21333,11/12/22,,dhl,Delivered
13851,6248,09/06/22,19/06/22,dhl,Returned
13852,5790,09/07/23,,dhl,Delivered
13853,13884,16/02/22,,usps,Delivered
13854,17327,25/10/23,,ups,In Transit
13855,4216,29/07/22,,bluedart,Delivered
13856,1009,28/10/21,,ups,In Transit
13857,1865,31/01/20,,fedex,In Transit
13858,19034,08/12/20,,ups,In Transit
13859,8423,28/03/23,,fedex,Cancelled
13860,8953,30/06/21,,fedex,In Transit
13861,7198,20/12/22,,fedex,Cancelled
13862,18487,05/07/23,,bluedart,In Transit
13863,14778,20/12/22,,dhl,Delivered
13864,19992,05/05/21,13/05/21,fedex,Returned
13865,9510,02/02/21,,fedex,In Transit
13866,12376,02/11/20,,fedex,In Transit
13867,10969,26/01/20,,usps,In Transit
13868,8804,16/05/20,,fedex,Delivered
13869,12341,19/06/21,,fedex,In Transit
13870,20123,17/01/23,,dhl,Delivered
13871,6529,17/02/23,,ups,Delivered
13872,21039,04/10/21,,bluedart,In Transit
13873,6760,12/11/21,,fedex,In Transit
13874,10496,07/01/21,,dhl,In Transit
13875,7051,13/10/22,,usps,In Transit
13876,21378,20/03/23,,bluedart,Delivered
13877,4709,07/02/21,,ups,In Transit
13878,845,24/05/23,,bluedart,Delivered
13879,9018,27/11/20,,dhl,Delivered
13880,13627,09/07/21,,ups,In Transit
13881,18386,26/05/22,,dhl,Delivered
13882,6861,28/11/21,,fedex,In Transit
13883,18492,20/07/20,,fedex,Delivered
13884,18336,08/10/23,26/10/23,dhl,Returned
13885,19031,07/10/23,,fedex,Delivered
13886,21606,09/04/23,,dhl,Delivered
13887,16682,06/02/21,,fedex,Delivered
13888,13439,01/02/21,,bluedart,Cancelled
13889,12007,12/05/22,,fedex,Delivered
13890,10621,24/02/21,,fedex,In Transit
13891,16971,25/08/21,,ups,In Transit
13892,6330,17/08/20,,fedex,Delivered
13893,20180,27/03/23,,fedex,In Transit
13894,6963,26/01/23,,fedex,Delivered
13895,14741,30/09/21,,fedex,Delivered
13896,4116,04/11/23,,fedex,Delivered
13897,10065,08/06/22,,usps,Delivered
13898,8762,17/06/23,,ups,In Transit
13899,7290,07/08/23,,fedex,Delivered
13900,1966,21/03/23,,dhl,Delivered
13901,20870,18/07/22,23/07/22,usps,Returned
13902,13598,28/03/23,,fedex,Delivered
13903,6341,13/07/23,,fedex,Delivered
13904,14377,14/01/23,,dhl,Delivered
13905,19078,21/09/20,,bluedart,In Transit
13906,21620,27/12/20,,fedex,Delivered
13907,9278,10/05/22,,dhl,Delivered
13908,9439,21/04/21,,fedex,Delivered
13909,17851,03/03/22,,dhl,In Transit
13910,1593,08/05/20,,fedex,Delivered
13911,3673,14/05/22,,fedex,Delivered
13912,17731,21/08/22,,fedex,In Transit
13913,18510,30/04/21,,fedex,In Transit
13914,10986,17/08/23,,fedex,Delivered
13915,13970,01/04/22,24/04/22,dhl,Returned
13916,7824,08/01/20,,fedex,Delivered
13917,3148,16/09/23,,dhl,Cancelled
13918,10374,12/09/21,,bluedart,Delivered
13919,10326,06/04/22,,dhl,Cancelled
13920,13361,15/02/23,,bluedart,Delivered
13921,10521,17/10/21,,fedex,In Transit
13922,20715,11/04/23,,fedex,In Transit
13923,2114,18/11/20,,dhl,Cancelled
13924,3035,06/10/21,,fedex,In Transit
13925,16528,10/12/23,,fedex,Delivered
13926,15381,08/08/22,,dhl,Delivered
13927,13827,21/10/21,,fedex,Delivered
13928,18267,25/11/23,,bluedart,In Transit
13929,11504,05/07/21,,bluedart,Delivered
13930,9237,26/01/22,,dhl,Cancelled
13931,372,25/11/21,,bluedart,Cancelled
13932,14949,24/01/20,,bluedart,Delivered
13933,5047,19/08/20,,fedex,In Transit
13934,6808,11/05/22,,fedex,Delivered
13935,14393,13/07/21,,fedex,In Transit
13936,7265,04/01/23,,fedex,In Transit
13937,6093,26/12/23,,usps,In Transit
13938,11701,20/01/22,,fedex,In Transit
13939,9071,11/04/21,,bluedart,Delivered
13940,20526,29/06/20,,dhl,In Transit
13941,10825,04/06/23,,bluedart,In Transit
13942,2801,27/10/23,,dhl,In Transit
13943,19983,03/07/20,,dhl,Delivered
13944,15034,24/02/21,,dhl,Delivered
13945,7360,09/04/21,,usps,In Transit
13946,6020,03/07/20,,fedex,Delivered
13947,9828,01/02/20,,dhl,In Transit
13948,5063,11/11/23,,fedex,In Transit
13949,20505,19/11/20,,bluedart,In Transit
13950,2084,07/08/22,,ups,In Transit
13951,2452,16/10/22,,ups,Delivered
13952,5755,14/03/22,,bluedart,In Transit
13953,20416,05/07/21,,bluedart,In Transit
13954,11649,23/03/21,,fedex,In Transit
13955,7183,20/10/23,,ups,Delivered
13956,17708,26/05/20,,bluedart,Delivered
13957,19532,31/10/22,,fedex,In Transit
13958,9513,05/03/22,,fedex,Cancelled
13959,13730,26/03/23,,fedex,Delivered
13960,16202,22/03/21,,dhl,In Transit
13961,20549,29/12/20,,fedex,In Transit
13962,137,01/08/21,,usps,Delivered
13963,11180,19/04/20,,fedex,Delivered
13964,12678,17/09/22,,fedex,In Transit
13965,20790,09/08/21,,fedex,Delivered
13966,9827,25/12/21,,fedex,Delivered
13967,17484,20/04/23,25/04/23,fedex,Returned
13968,1108,07/04/23,,fedex,In Transit
13969,3993,20/01/23,,ups,Delivered
13970,13822,06/04/20,,dhl,Delivered
13971,20438,16/09/22,,fedex,In Transit
13972,5283,19/11/22,,dhl,Delivered
13973,11193,23/03/23,,dhl,Delivered
13974,17274,27/04/20,,fedex,Cancelled
13975,6670,14/10/23,,ups,Delivered
13976,11758,25/03/21,,usps,Delivered
13977,6766,20/01/22,,bluedart,Cancelled
13978,20318,17/06/22,,dhl,Delivered
13979,348,04/02/20,,fedex,In Transit
13980,21185,22/12/21,,bluedart,In Transit
13981,12901,18/07/23,,fedex,In Transit
13982,17843,13/09/23,,fedex,In Transit
13983,9750,18/07/23,,usps,In Transit
13984,5700,03/10/21,,ups,In Transit
13985,19405,10/04/20,,fedex,Delivered
13986,12180,12/01/21,,fedex,In Transit
13987,7753,26/02/22,,fedex,Delivered
13988,1001,17/10/20,,fedex,Delivered
13989,19691,05/06/20,,fedex,Delivered
13990,12177,11/03/23,,fedex,Delivered
13991,10358,19/07/21,,dhl,Cancelled
13992,12362,26/06/23,,usps,Delivered
13993,2478,13/09/21,,fedex,Delivered
13994,10641,21/12/21,,fedex,Delivered
13995,21027,07/03/23,,bluedart,Cancelled
13996,15987,19/09/22,,usps,In Transit
13997,9611,09/02/23,,ups,In Transit
13998,4682,18/12/23,,ups,Delivered
13999,1559,25/07/20,,fedex,Delivered
14000,1171,06/11/22,,fedex,Delivered
14001,20734,04/06/22,,fedex,In Transit
14002,2867,04/07/21,,bluedart,Delivered
14003,6928,23/02/21,,fedex,Delivered
14004,17968,15/02/20,,usps,In Transit
14005,17915,20/02/21,,dhl,Delivered
14006,12145,23/11/22,,bluedart,Delivered
14007,19693,28/09/23,,fedex,Delivered
14008,13139,02/07/23,,dhl,In Transit
14009,1689,12/10/22,,bluedart,In Transit
14010,6629,05/05/20,,fedex,Delivered
14011,4955,03/03/20,,fedex,In Transit
14012,14252,29/06/22,,ups,Delivered
14013,11024,15/08/23,,dhl,Delivered
14014,10245,24/08/23,,fedex,Cancelled
14015,1266,18/10/21,,dhl,Delivered
14016,201,25/05/23,,fedex,Delivered
14017,13810,28/09/23,,ups,Delivered
14018,16223,12/11/22,,bluedart,Delivered
14019,12971,05/01/21,,fedex,Delivered
14020,20539,28/05/23,,fedex,In Transit
14021,2408,14/08/22,,bluedart,Cancelled
14022,10534,13/09/23,,fedex,In Transit
14023,14569,23/07/21,,fedex,In Transit
14024,11216,29/06/22,,fedex,Delivered
14025,10550,14/05/21,,fedex,In Transit
14026,9265,16/11/21,,fedex,In Transit
14027,10622,03/10/21,,dhl,In Transit
14028,19713,08/11/22,,fedex,Delivered
14029,15687,07/09/21,,fedex,Delivered
14030,12567,12/11/20,,fedex,Delivered
14031,20168,03/06/21,,fedex,In Transit
14032,18430,26/04/22,,bluedart,Delivered
14033,14768,04/01/22,,fedex,In Transit
14034,9234,12/07/23,,ups,Delivered
14035,10257,04/02/21,,ups,Delivered
14036,9014,11/09/20,,fedex,Delivered
14037,3054,30/03/20,10/04/20,ups,Returned
14038,8000,13/09/23,,fedex,Delivered
14039,412,30/05/20,,fedex,In Transit
14040,14333,11/09/23,,fedex,Delivered
14041,15044,17/10/23,,bluedart,In Transit
14042,1924,17/01/20,,dhl,Delivered
14043,16609,04/11/23,,fedex,Delivered
14044,2217,28/02/21,,bluedart,Delivered
14045,11697,12/11/23,,ups,In Transit
14046,14374,03/05/20,,usps,In Transit
14047,7859,12/08/21,,fedex,Delivered
14048,649,08/08/23,,fedex,Delivered
14049,7868,30/01/23,,usps,Delivered
14050,9172,10/05/23,,bluedart,Delivered
14051,12668,10/01/21,,usps,Delivered
14052,20190,31/12/23,,fedex,Delivered
14053,20184,04/08/20,,dhl,In Transit
14054,3470,06/03/23,,fedex,Delivered
14055,3555,04/06/23,,fedex,Delivered
14056,10574,25/06/23,,usps,In Transit
14057,11132,22/07/20,,bluedart,In Transit
14058,19542,06/07/23,,dhl,In Transit
14059,9704,26/01/22,,fedex,In Transit
14060,18254,23/03/23,,fedex,In Transit
14061,13174,17/01/23,,bluedart,Delivered
14062,6147,23/02/20,,bluedart,In Transit
14063,8336,05/01/20,,bluedart,Delivered
14064,1475,09/05/21,,fedex,Delivered
14065,5568,15/11/20,,ups,Delivered
14066,20561,25/02/22,,dhl,In Transit
14067,20099,19/06/21,,bluedart,Delivered
14068,11392,24/11/20,,fedex,Delivered
14069,1602,29/05/20,,fedex,Delivered
14070,12775,01/12/23,,fedex,Delivered
14071,12086,22/09/23,,bluedart,In Transit
14072,5276,09/01/21,,ups,In Transit
14073,11792,25/12/20,,fedex,Delivered
14074,7518,29/06/20,,bluedart,Delivered
14075,18121,05/06/22,14/06/22,ups,Returned
14076,18392,24/03/22,,ups,Delivered
14077,9073,03/01/22,,bluedart,Delivered
14078,1656,27/02/20,,ups,Delivered
14079,7090,20/08/23,,dhl,Cancelled
14080,20867,05/06/21,,dhl,Delivered
14081,10896,03/08/22,,fedex,Delivered
14082,883,21/02/22,,ups,Delivered
14083,20748,27/06/23,,dhl,Delivered
14084,6487,01/04/20,,ups,Cancelled
14085,21502,27/01/21,,fedex,In Transit
14086,9588,10/12/23,,fedex,In Transit
14087,10942,01/01/23,,fedex,Delivered
14088,15017,29/09/20,,dhl,In Transit
14089,9702,19/03/22,,fedex,In Transit
14090,6064,19/07/20,,fedex,Delivered
14091,21239,02/10/21,,fedex,Delivered
14092,3389,20/05/20,,bluedart,Delivered
14093,8321,11/04/20,,dhl,Delivered
14094,343,04/01/21,,fedex,Delivered
14095,16955,28/11/22,,fedex,In Transit
14096,2743,29/11/23,,fedex,Delivered
14097,10467,16/07/21,,usps,Delivered
14098,20028,18/08/22,,bluedart,Delivered
14099,8746,05/12/21,,usps,Delivered
14100,20794,16/06/20,,fedex,In Transit
14101,18894,20/10/20,,fedex,Delivered
14102,8207,11/09/21,,bluedart,Delivered
14103,752,25/01/21,,fedex,In Transit
14104,1803,31/01/20,,fedex,Cancelled
14105,1126,13/05/21,,fedex,Delivered
14106,3321,24/09/22,,fedex,In Transit
14107,4305,03/11/20,,fedex,Delivered
14108,13496,10/09/22,,fedex,Delivered
14109,4973,05/11/22,,bluedart,In Transit
14110,13347,15/12/20,,bluedart,In Transit
14111,997,31/08/20,,fedex,Delivered
14112,4801,21/09/20,,fedex,In Transit
14113,7446,13/11/22,,ups,Delivered
14114,10085,30/09/21,,fedex,In Transit
14115,20266,22/08/22,,fedex,Delivered
14116,15122,08/09/20,,fedex,Delivered
14117,14552,30/09/20,,bluedart,Delivered
14118,15387,30/10/22,,dhl,Delivered
14119,6298,08/07/20,,fedex,Delivered
14120,5260,27/08/20,,ups,Delivered
14121,1784,12/04/21,22/04/21,fedex,Returned
14122,4742,25/11/22,,fedex,In Transit
14123,14822,11/08/21,,bluedart,Delivered
14124,213,30/12/22,,dhl,In Transit
14125,5050,21/02/23,,bluedart,Delivered
14126,3859,31/01/20,,fedex,Delivered
14127,9200,29/12/20,,fedex,Delivered
14128,13282,09/10/23,,bluedart,Delivered
14129,17649,10/11/20,,fedex,Delivered
14130,16318,19/04/22,,bluedart,Delivered
14131,9460,04/02/21,,usps,Delivered
14132,14571,21/10/22,,fedex,In Transit
14133,10679,29/12/23,,dhl,Delivered
14134,9801,15/09/23,,fedex,In Transit
14135,20383,21/09/20,,usps,Delivered
14136,20169,14/03/22,,fedex,In Transit
14137,16537,19/06/23,,fedex,Delivered
14138,8770,02/08/21,,fedex,Delivered
14139,14800,24/08/22,,fedex,In Transit
14140,8082,24/07/20,,fedex,Delivered
14141,10805,25/03/20,,fedex,Delivered
14142,8139,01/05/20,,ups,Cancelled
14143,87,26/04/22,,fedex,Delivered
14144,7,05/04/22,,dhl,Delivered
14145,3659,11/10/21,,fedex,In Transit
14146,20703,22/01/21,,bluedart,Delivered
14147,14808,22/09/20,,fedex,In Transit
14148,18237,31/03/21,,fedex,In Transit
14149,12840,19/02/23,,fedex,Delivered
14150,311,18/06/23,,fedex,Delivered
14151,711,17/07/20,,fedex,Delivered
14152,7707,30/11/21,,fedex,Delivered
14153,3463,24/05/20,,usps,Delivered
14154,10714,21/04/22,,fedex,In Transit
14155,13264,07/06/22,,fedex,Delivered
14156,6952,11/11/21,,ups,Delivered
14157,10061,12/09/22,,ups,In Transit
14158,17607,10/06/23,,fedex,Delivered
14159,20805,30/09/21,,fedex,Delivered
14160,12151,05/05/22,,ups,In Transit
14161,13662,19/06/21,,fedex,In Transit
14162,4039,30/06/22,,fedex,Delivered
14163,19880,22/10/20,,dhl,In Transit
14164,6338,02/12/22,,dhl,Delivered
14165,3089,22/04/23,,ups,Delivered
14166,4174,03/12/23,,fedex,In Transit
14167,1643,14/01/23,,fedex,Delivered
14168,871,23/12/23,,ups,In Transit
14169,12560,11/08/21,,bluedart,In Transit
14170,10841,11/08/23,,fedex,Delivered
14171,1229,20/11/22,,fedex,Delivered
14172,8469,10/06/23,,fedex,In Transit
14173,17738,09/11/23,,ups,In Transit
14174,873,24/09/21,,dhl,Delivered
14175,3570,12/08/23,,fedex,Delivered
14176,3698,05/07/22,,fedex,Delivered
14177,10533,08/12/20,,dhl,Delivered
14178,2966,10/09/22,,fedex,Delivered
14179,21585,19/12/21,,dhl,Cancelled
14180,11882,06/07/22,,usps,Delivered
14181,19957,27/06/21,,bluedart,Delivered
14182,12730,26/11/22,,fedex,In Transit
14183,4011,24/10/20,,fedex,In Transit
14184,8917,27/08/20,,fedex,In Transit
14185,15441,26/04/22,,fedex,In Transit
14186,16376,09/02/23,,fedex,In Transit
14187,10047,26/12/23,,dhl,Delivered
14188,1034,07/12/20,,ups,Delivered
14189,4640,04/09/22,,fedex,Cancelled
14190,15359,07/05/22,,dhl,Delivered
14191,20292,02/03/21,,fedex,In Transit
14192,6786,21/09/20,,dhl,Cancelled
14193,2367,22/10/21,,fedex,Delivered
14194,13247,31/01/21,,bluedart,Cancelled
14195,16494,01/04/21,,fedex,In Transit
14196,12645,08/03/21,,fedex,Delivered
14197,5640,21/08/21,,ups,Delivered
14198,1828,23/01/21,,fedex,Delivered
14199,637,23/03/20,,bluedart,In Transit
14200,3856,29/01/22,,usps,Delivered
14201,10768,16/05/22,,usps,Delivered
14202,8798,31/05/22,,fedex,In Transit
14203,18089,28/10/21,22/11/21,usps,Returned
14204,3817,16/02/21,,fedex,Delivered
14205,16308,02/03/21,,fedex,Cancelled
14206,8282,24/09/20,,bluedart,In Transit
14207,19611,25/07/21,,fedex,Delivered
14208,18484,17/09/20,,fedex,Delivered
14209,4851,19/01/22,,dhl,Delivered
14210,11271,18/06/20,,fedex,In Transit
14211,10982,27/04/23,,bluedart,Delivered
14212,19097,17/02/20,,fedex,In Transit
14213,16500,22/10/20,,usps,In Transit
14214,15563,22/07/23,,ups,Delivered
14215,19591,26/11/20,,fedex,Delivered
14216,17068,26/01/23,,fedex,Delivered
14217,9965,10/07/21,,usps,Delivered
14218,11122,04/10/21,,bluedart,In Transit
14219,17338,30/08/23,,fedex,In Transit
14220,17632,12/08/23,,fedex,Delivered
14221,6407,20/04/22,,dhl,Cancelled
14222,20588,27/04/21,,fedex,Delivered
14223,18889,19/03/20,,ups,In Transit
14224,6379,05/04/20,,fedex,Cancelled
14225,2830,13/08/21,,fedex,Cancelled
14226,7971,28/07/20,,dhl,In Transit
14227,10927,25/11/20,,fedex,Delivered
14228,6701,28/01/22,,fedex,Delivered
14229,1058,29/08/22,,ups,Delivered
14230,9296,22/10/22,,usps,Cancelled
14231,5903,26/10/23,,fedex,Cancelled
14232,4636,03/11/23,,fedex,In Transit
14233,6418,28/06/23,,fedex,Delivered
14234,6569,09/08/23,,fedex,Delivered
14235,17489,02/02/21,,fedex,Delivered
14236,9762,08/08/22,,fedex,In Transit
14237,10505,22/09/23,,usps,Delivered
14238,11912,07/11/20,,fedex,Delivered
14239,17091,23/11/20,,bluedart,In Transit
14240,3023,04/03/23,,bluedart,Delivered
14241,19616,27/06/20,,dhl,Delivered
14242,9332,26/05/20,,fedex,Delivered
14243,21303,23/05/20,,fedex,In Transit
14244,7469,23/02/22,,dhl,Delivered
14245,426,15/03/20,,dhl,Delivered
14246,5658,10/03/22,,bluedart,Delivered
14247,5101,02/04/21,,dhl,Delivered
14248,8268,11/08/20,,dhl,Delivered
14249,20317,19/12/20,,fedex,Delivered
14250,3402,10/05/22,,usps,Delivered
14251,4815,04/10/20,,fedex,Delivered
14252,9440,03/01/23,,bluedart,Delivered
14253,13615,25/02/22,,ups,Delivered
14254,6878,12/03/22,,fedex,In Transit
14255,17633,12/09/20,,fedex,In Transit
14256,16811,20/08/22,,fedex,In Transit
14257,7840,02/11/21,,dhl,In Transit
14258,4097,09/02/21,,ups,In Transit
14259,17103,07/12/21,21/12/21,dhl,Returned
14260,20979,02/08/22,,fedex,In Transit
14261,17998,24/10/22,,ups,In Transit
14262,6249,01/05/22,,usps,In Transit
14263,12598,04/05/21,,fedex,Cancelled
14264,7603,01/02/22,,fedex,Cancelled
14265,9882,26/08/23,,ups,In Transit
14266,5456,10/07/21,,dhl,Delivered
14267,6294,05/02/23,,ups,Delivered
14268,18775,12/12/22,,fedex,In Transit
14269,9912,08/02/22,,fedex,Delivered
14270,15404,09/02/21,,fedex,Delivered
14271,18054,19/06/20,,fedex,Delivered
14272,6094,01/12/21,,fedex,In Transit
14273,2265,03/12/22,,fedex,In Transit
14274,11330,04/05/22,,dhl,Delivered
14275,17428,10/01/22,,fedex,Delivered
14276,1810,11/07/21,,dhl,Delivered
14277,8974,08/04/20,,bluedart,Delivered
14278,14928,28/08/20,,ups,In Transit
14279,17193,01/02/22,,usps,Cancelled
14280,3891,28/06/23,,fedex,Cancelled
14281,18637,15/08/22,,dhl,Delivered
14282,16685,09/07/22,,fedex,Delivered
14283,5661,25/05/21,,fedex,Delivered
14284,19215,22/03/22,,dhl,In Transit
14285,1164,02/04/23,,ups,Delivered
14286,5284,16/09/21,,dhl,In Transit
14287,11944,05/09/23,,fedex,Cancelled
14288,8946,14/03/22,,ups,In Transit
14289,12736,25/05/21,,dhl,In Transit
14290,8117,05/06/21,,fedex,Delivered
14291,1551,13/04/23,,fedex,Delivered
14292,11511,03/08/20,,fedex,Delivered
14293,3671,03/01/23,,fedex,In Transit
14294,9509,02/05/21,,dhl,Cancelled
14295,2777,29/04/21,,fedex,Cancelled
14296,18947,21/11/23,,usps,Delivered
14297,21255,13/11/21,,fedex,Delivered
14298,8523,04/02/21,,fedex,Delivered
14299,20428,02/05/23,,usps,Delivered
14300,3748,02/03/23,,dhl,In Transit
14301,6296,23/03/22,,ups,Delivered
14302,14672,28/05/22,,dhl,In Transit
14303,14909,12/01/23,,dhl,Delivered
14304,3333,15/05/21,,bluedart,In Transit
14305,19404,03/05/21,,fedex,In Transit
14306,388,20/12/20,,fedex,Delivered
14307,7673,07/09/20,,fedex,Delivered
14308,14969,01/09/20,,bluedart,Delivered
14309,585,11/01/20,,fedex,Delivered
14310,6912,26/02/22,,fedex,In Transit
14311,12279,22/07/21,,dhl,Delivered
14312,6830,24/09/22,,bluedart,In Transit
14313,16287,02/08/20,,dhl,In Transit
14314,7504,06/09/22,,dhl,Delivered
14315,2472,17/04/23,,usps,Delivered
14316,2490,27/01/20,,dhl,Delivered
14317,2963,08/07/22,,fedex,Delivered
14318,20080,14/02/23,,usps,Delivered
14319,18006,07/01/21,,ups,In Transit
14320,18094,12/08/20,,dhl,Delivered
14321,17557,01/01/22,,dhl,Delivered
14322,17115,18/03/23,,fedex,Delivered
14323,1641,19/01/21,,fedex,Delivered
14324,9274,02/02/20,,fedex,Delivered
14325,12873,02/07/20,,bluedart,Delivered
14326,19294,16/05/23,,dhl,Delivered
14327,16674,26/01/22,,bluedart,Delivered
14328,7339,07/09/20,,fedex,Delivered
14329,12040,11/05/23,,fedex,Delivered
14330,2253,16/03/21,22/03/21,fedex,Returned
14331,11768,24/11/21,,fedex,In Transit
14332,4328,27/02/22,,ups,Delivered
14333,17973,04/11/23,,fedex,Delivered
14334,2416,25/12/20,,fedex,Delivered
14335,3184,16/04/22,,usps,Delivered
14336,3879,23/03/23,,bluedart,In Transit
14337,11318,13/10/20,,dhl,In Transit
14338,20736,07/01/22,,dhl,In Transit
14339,12576,11/03/20,,dhl,Delivered
14340,13843,30/10/21,,fedex,Delivered
14341,5899,22/11/21,,fedex,Delivered
14342,17765,16/09/20,,fedex,Delivered
14343,7599,12/06/22,,usps,Delivered
14344,20620,21/09/20,04/10/20,fedex,Returned
14345,14345,30/11/23,,fedex,Delivered
14346,14387,30/09/21,,fedex,Delivered
14347,900,08/07/21,,bluedart,Delivered
14348,2641,10/10/21,,fedex,In Transit
14349,18628,17/08/21,,fedex,Delivered
14350,9257,18/10/22,,dhl,In Transit
14351,8677,07/09/20,,dhl,In Transit
14352,13332,01/01/21,,dhl,Cancelled
14353,13892,26/02/21,,dhl,Delivered
14354,13637,26/11/21,,fedex,Delivered
14355,2153,05/03/23,,bluedart,Delivered
14356,1252,23/04/21,,ups,In Transit
14357,7496,03/07/23,,fedex,Delivered
14358,4215,13/07/21,,usps,Delivered
14359,12559,11/03/21,,fedex,Delivered
14360,8186,02/10/21,,dhl,Delivered
14361,6648,24/07/21,,dhl,In Transit
14362,5978,01/10/20,,bluedart,Delivered
14363,4380,13/09/22,,bluedart,Delivered
14364,458,23/10/23,,fedex,Delivered
14365,10849,06/07/20,,fedex,Delivered
14366,9749,13/09/20,,dhl,Delivered
14367,15182,05/06/21,,fedex,Delivered
14368,615,05/03/21,,fedex,In Transit
14369,4336,15/01/22,,fedex,In Transit
14370,3136,20/09/22,,bluedart,In Transit
14371,16863,24/01/21,,dhl,Delivered
14372,20452,14/04/20,,usps,Delivered
14373,14444,22/03/22,,fedex,Delivered
14374,1021,22/05/20,,dhl,In Transit
14375,6608,16/04/20,,dhl,Delivered
14376,1510,01/06/23,,fedex,Delivered
14377,2638,21/06/21,,dhl,Cancelled
14378,92,23/02/22,,fedex,Delivered
14379,13003,05/11/20,,bluedart,Cancelled
14380,7946,05/03/21,,fedex,Delivered
14381,10669,17/04/22,,dhl,Delivered
14382,289,25/04/23,,fedex,Delivered
14383,16850,22/11/23,,fedex,Delivered
14384,14892,20/04/21,,fedex,Delivered
14385,13813,12/09/22,,fedex,Delivered
14386,6255,26/06/22,,dhl,Delivered
14387,8062,30/06/20,,usps,In Transit
14388,10349,03/05/22,,fedex,Delivered
14389,152,16/05/21,,fedex,Delivered
14390,19258,19/10/22,,fedex,Delivered
14391,3625,29/04/21,,fedex,In Transit
14392,3679,30/06/20,,fedex,Cancelled
14393,1220,08/03/22,,fedex,Delivered
14394,10693,19/08/21,,dhl,Delivered
14395,3320,30/12/20,,fedex,Delivered
14396,7354,14/06/23,,bluedart,In Transit
14397,19479,14/02/21,,ups,Delivered
14398,9280,29/01/23,,fedex,Delivered
14399,10019,01/12/20,,dhl,In Transit
14400,21548,20/09/21,,fedex,Delivered
14401,4785,08/01/20,,ups,Delivered
14402,18393,21/12/20,,fedex,Cancelled
14403,15699,04/03/23,,bluedart,In Transit
14404,19965,09/10/20,,dhl,Delivered
14405,4883,05/03/23,,fedex,In Transit
14406,8157,30/01/22,,fedex,Delivered
14407,19779,25/08/21,,fedex,Delivered
14408,2506,29/04/23,09/05/23,dhl,Returned
14409,18219,20/10/23,,fedex,In Transit
14410,6456,12/05/22,,fedex,In Transit
14411,4695,29/10/20,,dhl,In Transit
14412,5334,31/01/22,,fedex,Delivered
14413,1197,14/10/20,,fedex,In Transit
14414,444,16/06/22,,fedex,In Transit
14415,20213,11/11/21,,bluedart,Delivered
14416,14802,02/04/23,,dhl,Delivered
14417,15911,04/07/21,,fedex,Delivered
14418,5542,01/10/22,,dhl,Delivered
14419,16800,02/01/22,,bluedart,Delivered
14420,811,11/02/22,,fedex,In Transit
14421,14103,20/01/21,,ups,In Transit
14422,16385,28/01/22,,dhl,In Transit
14423,4110,09/08/21,,fedex,In Transit
14424,5691,19/10/23,,dhl,Delivered
14425,17371,22/12/23,,fedex,Delivered
14426,8578,13/06/20,,dhl,Delivered
14427,16452,01/03/20,,fedex,Delivered
14428,4540,03/09/23,,usps,Delivered
14429,6778,13/11/22,,fedex,In Transit
14430,15323,20/05/20,,usps,Cancelled
14431,791,19/05/21,,dhl,Delivered
14432,11865,16/01/20,,bluedart,Delivered
14433,20600,27/03/23,,dhl,Delivered
14434,18000,10/01/22,,fedex,In Transit
14435,5689,16/08/23,,dhl,In Transit
14436,8765,14/05/22,,ups,Delivered
14437,9732,06/04/20,,bluedart,Delivered
14438,21512,24/11/21,,bluedart,In Transit
14439,4971,22/02/21,,usps,Delivered
14440,14166,13/02/22,,fedex,In Transit
14441,1590,23/09/23,,bluedart,Delivered
14442,19278,27/09/22,,fedex,Delivered
14443,4250,29/09/20,,fedex,In Transit
14444,3911,10/08/21,,fedex,Delivered
14445,6256,08/08/23,,dhl,In Transit
14446,3694,26/02/21,,fedex,In Transit
14447,5612,13/07/23,,fedex,In Transit
14448,2060,07/11/22,,ups,Delivered
14449,4980,02/12/21,,ups,Delivered
14450,10224,11/12/23,,fedex,Delivered
14451,16924,28/08/22,,bluedart,Delivered
14452,2611,13/08/23,,fedex,Delivered
14453,4271,19/10/21,,fedex,Delivered
14454,18167,26/11/22,,dhl,In Transit
14455,19907,14/03/23,,dhl,In Transit
14456,15084,30/11/23,,fedex,Cancelled
14457,1904,18/01/20,,dhl,Cancelled
14458,20032,18/11/21,,fedex,Cancelled
14459,20774,08/08/20,,fedex,In Transit
14460,14905,16/07/20,,fedex,In Transit
14461,12433,27/09/21,,dhl,Delivered
14462,4272,11/07/23,,dhl,Delivered
14463,12820,17/02/20,11/03/20,dhl,Returned
14464,6692,04/12/21,,fedex,Delivered
14465,3941,22/04/23,10/05/23,ups,Returned
14466,2168,04/09/22,,fedex,Delivered
14467,2880,30/01/20,,fedex,Delivered
14468,10452,21/09/22,,dhl,Delivered
14469,16792,02/11/21,,ups,In Transit
14470,7766,11/11/22,,dhl,Delivered
14471,4972,21/05/23,,ups,In Transit
14472,229,23/04/22,,fedex,Delivered
14473,15783,16/08/23,,fedex,Delivered
14474,6579,17/09/20,,bluedart,In Transit
14475,9563,07/07/20,,bluedart,In Transit
14476,9568,09/03/23,,fedex,Delivered
14477,18199,17/06/21,,fedex,Delivered
14478,1193,11/02/22,,ups,In Transit
14479,17337,18/03/20,,bluedart,In Transit
14480,4148,14/01/20,,fedex,Delivered
14481,13012,17/12/20,,fedex,Delivered
14482,3622,05/03/21,,fedex,In Transit
14483,19397,27/05/22,,ups,Delivered
14484,11982,05/12/21,,usps,Delivered
14485,12608,02/12/21,,fedex,Delivered
14486,21049,04/03/23,,usps,Cancelled
14487,3648,21/03/21,,bluedart,Delivered
14488,16067,13/02/20,,dhl,In Transit
14489,10918,16/08/21,,fedex,Delivered
14490,6244,22/12/23,,fedex,Delivered
14491,6517,29/12/20,,bluedart,Delivered
14492,13929,05/07/21,,fedex,In Transit
14493,754,09/04/22,,dhl,In Transit
14494,10571,24/03/21,,dhl,In Transit
14495,6190,08/11/22,,fedex,Delivered
14496,11046,05/12/21,,fedex,Delivered
14497,12898,28/02/21,,fedex,Delivered
14498,988,29/06/23,,dhl,In Transit
14499,935,16/01/20,,fedex,In Transit
14500,21070,14/06/22,,dhl,Delivered
14501,7984,26/06/23,,fedex,Cancelled
14502,7791,09/07/22,,bluedart,Cancelled
14503,8102,17/10/23,,bluedart,Delivered
14504,2208,19/01/22,,ups,In Transit
14505,3931,13/06/22,,bluedart,Delivered
14506,18497,30/01/23,,bluedart,Delivered
14507,2439,12/04/20,,fedex,In Transit
14508,14900,08/02/20,,ups,Cancelled
14509,3127,20/01/22,,bluedart,In Transit
14510,14927,17/06/23,,fedex,Delivered
14511,7867,07/04/23,,dhl,Delivered
14512,17441,13/02/22,,fedex,Delivered
14513,4661,10/08/21,19/08/21,fedex,Returned
14514,8374,16/02/21,,bluedart,Delivered
14515,1976,17/06/22,,fedex,Delivered
14516,9281,25/10/23,,fedex,Cancelled
14517,20668,01/10/22,,dhl,Delivered
14518,10562,30/09/22,,ups,In Transit
14519,672,01/01/24,,fedex,Delivered
14520,4,08/05/20,,fedex,Delivered
14521,11967,16/05/22,,fedex,Delivered
14522,16422,27/01/21,,ups,Delivered
14523,743,12/05/20,,bluedart,In Transit
14524,17296,30/04/20,05/05/20,fedex,Returned
14525,12955,09/05/22,,fedex,Cancelled
14526,18765,19/04/22,,bluedart,Cancelled
14527,15694,26/03/23,20/04/23,bluedart,Returned
14528,4977,19/10/23,,fedex,Delivered
14529,16109,29/10/20,,dhl,Delivered
14530,20303,09/06/23,,fedex,Delivered
14531,3650,12/11/22,,ups,Delivered
14532,20702,04/09/23,,bluedart,In Transit
14533,12578,03/04/22,,fedex,Delivered
14534,13940,31/08/21,,ups,Delivered
14535,7605,07/09/23,,fedex,Delivered
14536,3369,06/08/21,,ups,Delivered
14537,2147,10/03/20,,dhl,Delivered
14538,18011,01/09/22,,ups,In Transit
14539,12761,20/05/21,,fedex,In Transit
14540,6646,03/04/22,,fedex,Delivered
14541,10843,19/11/22,,fedex,In Transit
14542,19353,28/11/23,,fedex,In Transit
14543,5292,28/02/21,,ups,Delivered
14544,9784,02/12/21,,fedex,In Transit
14545,20420,11/04/22,,ups,Delivered
14546,12146,07/08/23,,fedex,Cancelled
14547,7129,21/02/20,,dhl,Delivered
14548,1926,23/03/20,,ups,Delivered
14549,9949,04/03/21,,fedex,Delivered
14550,20176,28/05/20,,fedex,Delivered
14551,8743,10/01/20,,bluedart,In Transit
14552,18916,19/10/20,,bluedart,Delivered
14553,6535,20/12/20,,bluedart,Delivered
14554,8603,05/12/23,,fedex,Delivered
14555,604,02/10/23,,ups,Delivered
14556,7389,18/07/22,,dhl,In Transit
14557,15633,19/09/21,,bluedart,Delivered
14558,5108,10/11/22,,fedex,Delivered
14559,3312,22/11/21,,dhl,Delivered
14560,13252,01/10/23,,dhl,Delivered
14561,14632,20/06/23,,usps,Delivered
14562,12052,27/01/21,,fedex,Cancelled
14563,7862,31/08/23,,dhl,Delivered
14564,11750,15/01/21,,fedex,Delivered
14565,14779,18/11/20,,ups,Delivered
14566,9884,08/11/20,,dhl,In Transit
14567,21210,21/04/20,,usps,Delivered
14568,21270,31/10/20,,fedex,Delivered
14569,16747,06/12/22,,ups,Delivered
14570,14257,19/10/23,,dhl,Delivered
14571,2587,28/06/22,,fedex,In Transit
14572,20801,19/06/20,,usps,Delivered
14573,8992,03/02/20,,fedex,Delivered
14574,14605,19/10/22,,fedex,In Transit
14575,18242,01/09/22,,ups,Delivered
14576,11182,10/08/21,,ups,In Transit
14577,7151,21/04/21,,dhl,In Transit
14578,17705,15/07/20,,ups,Delivered
14579,14014,19/09/20,,fedex,Delivered
14580,13206,25/09/21,,fedex,Delivered
14581,16028,10/06/20,,fedex,Delivered
14582,5673,07/06/20,,fedex,In Transit
14583,17336,10/09/21,,fedex,In Transit
14584,11160,12/10/23,,bluedart,In Transit
14585,10967,24/02/23,,bluedart,Delivered
14586,1490,22/05/20,,usps,Cancelled
14587,6782,27/06/21,,bluedart,Delivered
14588,21510,13/11/23,,bluedart,Cancelled
14589,17605,08/08/23,,bluedart,Delivered
14590,6971,17/07/22,,fedex,Cancelled
14591,1737,13/12/21,,dhl,In Transit
14592,13362,19/02/23,,ups,In Transit
14593,3126,24/11/22,,ups,Delivered
14594,15771,19/03/22,,dhl,Delivered
14595,17617,06/09/23,,bluedart,In Transit
14596,14018,03/12/23,,dhl,In Transit
14597,5541,09/11/22,15/11/22,usps,Returned
14598,8519,06/01/20,,fedex,Delivered
14599,10123,10/04/23,,dhl,In Transit
14600,19219,05/08/22,,ups,Delivered
14601,9168,03/01/22,,fedex,Cancelled
14602,158,27/08/20,,usps,Delivered
14603,10861,29/05/21,,ups,In Transit
14604,5162,01/09/21,,ups,Delivered
14605,14105,25/01/21,,ups,In Transit
14606,7629,25/04/22,,dhl,Delivered
14607,2925,01/05/23,,dhl,In Transit
14608,4107,06/05/21,,fedex,Delivered
14609,9825,02/02/22,,ups,Delivered
14610,16329,05/06/21,,fedex,Delivered
14611,14546,19/02/23,,ups,Delivered
14612,2542,15/03/22,,fedex,In Transit
14613,20924,23/02/22,,fedex,Delivered
14614,19800,25/12/21,,usps,Delivered
14615,243,11/04/21,,bluedart,Delivered
14616,1512,21/08/22,,fedex,Delivered
14617,16962,16/02/23,,ups,Delivered
14618,7652,24/12/22,,fedex,Delivered
14619,6997,20/03/21,,fedex,Delivered
14620,17190,28/12/23,,bluedart,Cancelled
14621,12494,05/03/22,,fedex,Delivered
14622,17067,22/12/23,,usps,Delivered
14623,9040,06/08/23,,bluedart,In Transit
14624,18678,14/08/21,,ups,In Transit
14625,15732,29/09/22,,bluedart,Delivered
14626,7774,30/03/21,,usps,In Transit
14627,7282,10/12/20,,dhl,Delivered
14628,15156,22/03/21,,bluedart,Delivered
14629,14842,06/02/23,,fedex,Delivered
14630,17167,11/03/22,,ups,In Transit
14631,16608,07/03/21,,usps,Delivered
14632,37,02/04/20,,fedex,Delivered
14633,17463,30/08/23,,bluedart,Delivered
14634,3702,03/09/20,,fedex,In Transit
14635,20332,22/04/21,,dhl,In Transit
14636,10225,20/08/23,,fedex,In Transit
14637,13816,14/02/23,,fedex,Delivered
14638,15823,11/12/20,,bluedart,Delivered
14639,21180,20/10/23,,fedex,Delivered
14640,11153,11/05/21,,fedex,In Transit
14641,2182,07/06/22,,dhl,Delivered
14642,12966,27/01/22,,fedex,Cancelled
14643,11245,10/07/20,,fedex,In Transit
14644,136,19/05/23,,dhl,In Transit
14645,12513,24/02/21,,ups,Delivered
14646,2836,28/03/23,,dhl,Delivered
14647,7335,14/11/23,,bluedart,Delivered
14648,5305,26/12/23,,fedex,In Transit
14649,970,09/05/21,,bluedart,Delivered
14650,10294,06/11/23,,fedex,In Transit
14651,18358,08/09/22,,ups,Delivered
14652,16773,02/06/21,,ups,Delivered
14653,20803,13/12/22,,fedex,Delivered
14654,20153,01/03/22,,bluedart,Delivered
14655,11239,09/08/23,,bluedart,Delivered
14656,4958,02/07/20,,fedex,Delivered
14657,15833,23/12/21,,bluedart,In Transit
14658,11688,03/11/23,,ups,In Transit
14659,12311,21/08/20,,fedex,Delivered
14660,3453,27/01/23,,dhl,Delivered
14661,2051,13/03/23,,dhl,Delivered
14662,20507,03/10/22,,fedex,Delivered
14663,3178,19/06/22,,fedex,In Transit
14664,18140,14/12/21,,usps,In Transit
14665,8866,14/09/20,05/10/20,bluedart,Returned
14666,6226,25/02/20,,bluedart,Delivered
14667,2604,26/12/23,12/01/24,fedex,Returned
14668,10382,06/05/21,,dhl,Delivered
14669,14473,19/09/21,,ups,Delivered
14670,8602,21/07/20,,fedex,In Transit
14671,21336,07/03/21,,usps,Delivered
14672,21208,01/11/22,,usps,Delivered
14673,19184,29/02/20,,dhl,Delivered
14674,20336,08/08/20,,usps,Delivered
14675,9226,03/02/23,,usps,Delivered
14676,17019,09/05/20,,dhl,In Transit
14677,1060,14/12/22,,fedex,In Transit
14678,14639,08/04/22,21/04/22,fedex,Returned
14679,7814,24/04/21,,fedex,Cancelled
14680,5725,29/01/23,,dhl,In Transit
14681,237,09/09/21,,fedex,Cancelled
14682,16584,26/11/21,,bluedart,Delivered
14683,9678,02/06/23,,fedex,Delivered
14684,7273,06/10/20,,bluedart,Delivered
14685,11974,20/07/22,,fedex,Delivered
14686,12990,18/08/22,,fedex,Delivered
14687,15949,17/11/21,,fedex,In Transit
14688,13132,19/02/20,,ups,In Transit
14689,11642,17/09/23,,fedex,In Transit
14690,13305,06/05/21,,fedex,Delivered
14691,14986,19/02/21,05/03/21,ups,Returned
14692,5574,30/04/22,,fedex,Delivered
14693,1187,21/11/22,,ups,In Transit
14694,10318,11/02/20,,fedex,In Transit
14695,13337,03/11/22,,fedex,Delivered
14696,5566,02/07/23,,fedex,In Transit
14697,3751,27/03/22,,usps,In Transit
14698,13643,20/01/20,,dhl,In Transit
14699,8040,02/10/20,,ups,Delivered
14700,5601,30/08/22,,fedex,In Transit
14701,9794,25/05/21,,fedex,Delivered
14702,16408,01/06/23,,dhl,In Transit
14703,20459,05/07/20,,bluedart,Delivered
14704,11635,09/03/22,,bluedart,In Transit
14705,8763,05/07/23,,fedex,Delivered
14706,21563,05/07/21,,dhl,Delivered
14707,18559,12/07/21,,fedex,Delivered
14708,15487,15/07/23,,fedex,In Transit
14709,3472,28/06/23,,bluedart,Cancelled
14710,17055,22/09/22,,bluedart,Delivered
14711,7908,26/09/22,,dhl,In Transit
14712,5152,06/12/23,,dhl,Delivered
14713,704,14/10/21,,ups,In Transit
14714,13823,02/08/23,,fedex,In Transit
14715,3906,06/02/20,,ups,Delivered
14716,17667,17/08/21,,bluedart,Delivered
14717,7617,13/02/23,,dhl,Delivered
14718,12997,28/03/23,,dhl,Delivered
14719,16610,12/12/23,,fedex,Delivered
14720,13545,02/12/20,,fedex,Delivered
14721,4994,23/10/22,,usps,In Transit
14722,3728,03/03/20,,ups,In Transit
14723,18503,22/07/21,,dhl,Delivered
14724,19452,22/01/21,,bluedart,Delivered
14725,11717,25/12/23,,dhl,Cancelled
14726,5515,02/08/21,,dhl,Delivered
14727,21302,24/10/23,,bluedart,In Transit
14728,15708,07/06/23,,dhl,In Transit
14729,2709,21/01/21,,ups,Delivered
14730,13144,26/01/20,,ups,Delivered
14731,1296,27/09/21,,bluedart,Delivered
14732,17328,10/04/21,,dhl,Delivered
14733,17700,19/07/20,,bluedart,Delivered
14734,9605,07/09/20,,fedex,Delivered
14735,10362,15/10/20,,usps,In Transit
14736,12965,11/05/20,,ups,Delivered
14737,5578,19/10/23,,bluedart,In Transit
14738,14618,27/03/23,,usps,In Transit
14739,3106,24/11/22,,bluedart,Delivered
14740,12260,22/06/23,,ups,Delivered
14741,7321,17/01/23,,dhl,In Transit
14742,16878,14/07/22,,fedex,Delivered
14743,3793,23/02/23,,fedex,Delivered
14744,7581,28/10/20,,usps,Delivered
14745,13243,26/02/23,,fedex,In Transit
14746,2351,20/02/23,,dhl,Cancelled
14747,19138,31/08/23,,fedex,Cancelled
14748,16686,11/08/20,,bluedart,Delivered
14749,20146,03/08/20,,usps,Delivered
14750,20294,30/04/21,19/05/21,fedex,Returned
14751,19271,08/02/21,,fedex,In Transit
14752,20551,01/08/23,,bluedart,In Transit
14753,5367,11/05/21,,fedex,Cancelled
14754,8720,08/02/21,,bluedart,Delivered
14755,15584,07/06/20,,bluedart,Delivered
14756,15655,26/09/20,,fedex,Delivered
14757,6995,26/02/21,,bluedart,Delivered
14758,6598,30/01/22,06/02/22,fedex,Returned
14759,12054,22/08/23,,fedex,Delivered
14760,15148,20/04/21,,bluedart,In Transit
14761,9062,22/01/22,,dhl,Delivered
14762,3743,16/10/20,,bluedart,In Transit
14763,20259,04/07/21,14/07/21,fedex,Returned
14764,19797,25/03/23,,usps,Delivered
14765,17130,02/05/22,,usps,Delivered
14766,394,28/08/23,,fedex,Delivered
14767,19721,12/04/21,,bluedart,Delivered
14768,9490,11/04/22,,fedex,Delivered
14769,1322,15/06/23,,usps,Cancelled
14770,1917,21/02/22,,bluedart,Delivered
14771,9526,16/03/23,,fedex,In Transit
14772,2749,26/01/20,,bluedart,Delivered
14773,16119,07/07/22,,dhl,Delivered
14774,11623,12/02/20,,ups,Delivered
14775,17096,19/08/23,,usps,Cancelled
14776,3551,23/09/21,,fedex,Delivered
14777,18276,15/10/23,,fedex,Cancelled
14778,628,04/10/23,,fedex,In Transit
14779,20344,25/04/23,,fedex,Delivered
14780,19964,03/09/22,,fedex,In Transit
14781,16006,09/03/22,,fedex,In Transit
14782,3799,28/12/23,,fedex,Delivered
14783,13468,03/04/22,,fedex,Delivered
14784,11694,28/09/20,,fedex,In Transit
14785,7234,07/03/21,,dhl,Delivered
14786,7308,19/08/22,,dhl,Delivered
14787,12436,14/06/20,,bluedart,Delivered
14788,17139,27/08/22,,bluedart,Delivered
14789,10231,14/08/22,,ups,Cancelled
14790,3561,25/03/22,,bluedart,Cancelled
14791,8928,12/09/21,,fedex,Delivered
14792,13774,19/04/23,,bluedart,Cancelled
14793,11206,20/07/20,,usps,In Transit
14794,5838,11/09/21,,fedex,In Transit
14795,5627,22/11/20,,fedex,Delivered
14796,4010,29/03/23,21/04/23,dhl,Returned
14797,2316,24/11/20,,dhl,Delivered
14798,7341,13/10/21,,fedex,Delivered
14799,20584,04/07/21,,ups,Delivered
14800,19824,20/09/20,,fedex,Delivered
14801,18438,13/05/20,,fedex,In Transit
14802,9210,06/01/23,,fedex,Delivered
14803,19029,02/03/21,,fedex,In Transit
14804,1183,17/11/21,,fedex,Delivered
14805,12469,02/04/23,,fedex,Delivered
14806,12219,15/05/22,,dhl,Delivered
14807,17456,21/03/22,,bluedart,Delivered
14808,3037,21/04/20,,fedex,In Transit
14809,14929,01/10/23,,usps,In Transit
14810,11016,10/10/22,,bluedart,In Transit
14811,4018,08/04/21,,fedex,Delivered
14812,16534,08/03/20,,bluedart,In Transit
14813,3850,11/04/21,23/04/21,ups,Returned
14814,4113,11/12/21,,ups,Cancelled
14815,9446,25/01/20,,ups,Delivered
14816,18999,09/06/20,,usps,Delivered
14817,11994,10/08/20,,fedex,Delivered
14818,12437,15/06/21,,bluedart,In Transit
14819,20322,12/05/22,,usps,Delivered
14820,13913,29/06/20,,usps,In Transit
14821,2697,27/01/20,,bluedart,Delivered
14822,367,07/03/22,,fedex,Delivered
14823,7958,14/04/20,,bluedart,In Transit
14824,18019,12/05/22,,fedex,Delivered
14825,5039,20/02/23,,fedex,Delivered
14826,16047,16/01/22,,dhl,Delivered
14827,4819,10/02/20,,bluedart,In Transit
14828,7036,25/08/21,,fedex,Delivered
14829,10343,31/12/22,,ups,In Transit
14830,15954,06/04/22,,fedex,Delivered
14831,4728,22/05/21,,fedex,In Transit
14832,14515,17/12/20,,bluedart,Delivered
14833,9805,26/06/22,,fedex,Delivered
14834,19013,21/12/20,,fedex,In Transit
14835,19949,02/05/21,,fedex,Delivered
14836,16913,06/07/20,,dhl,In Transit
14837,6566,03/11/22,,dhl,Delivered
14838,3458,12/12/22,,ups,Cancelled
14839,14179,12/07/22,,fedex,Cancelled
14840,15664,04/08/22,,bluedart,In Transit
14841,11295,30/06/23,,usps,In Transit
14842,12370,16/01/21,31/01/21,dhl,Returned
14843,13319,02/03/20,,dhl,Delivered
14844,3368,01/06/20,,fedex,Delivered
14845,7340,13/06/22,,fedex,In Transit
14846,14938,16/03/21,,dhl,In Transit
14847,17374,18/06/21,,ups,Delivered
14848,4101,15/12/23,02/01/24,fedex,Returned
14849,15081,22/04/21,,bluedart,Delivered
14850,19129,22/10/21,,bluedart,Delivered
14851,6023,14/03/23,,bluedart,In Transit
14852,6784,22/08/20,,dhl,Delivered
14853,8334,08/09/21,,fedex,Cancelled
14854,19890,17/01/21,,dhl,Delivered
14855,20692,01/12/23,,fedex,Delivered
14856,15217,08/06/21,,fedex,Delivered
14857,8686,01/04/22,,dhl,Delivered
14858,7864,09/04/22,,dhl,Delivered
14859,6759,18/09/23,,bluedart,Delivered
14860,20357,19/07/22,28/07/22,bluedart,Returned
14861,2714,01/11/21,,dhl,In Transit
14862,20330,09/10/23,,fedex,Delivered
14863,19275,27/03/20,,fedex,Delivered
14864,2821,19/04/22,,dhl,Cancelled
14865,18744,19/04/21,,fedex,In Transit
14866,18388,23/07/20,,fedex,In Transit
14867,12335,19/01/20,,fedex,Delivered
14868,20283,16/05/22,,ups,In Transit
14869,6886,24/05/22,,fedex,Delivered
14870,18468,07/08/21,,ups,Delivered
14871,14290,13/02/20,,bluedart,In Transit
14872,741,08/01/20,,fedex,Delivered
14873,13108,16/08/21,,bluedart,Cancelled
14874,5543,28/09/20,,fedex,Delivered
14875,4602,30/10/20,,fedex,Delivered
14876,10373,12/10/23,,dhl,In Transit
14877,18479,11/06/20,,fedex,Delivered
14878,11696,16/09/23,,ups,Delivered
14879,2610,24/04/22,,dhl,Delivered
14880,10735,27/11/23,,fedex,Delivered
14881,20271,10/04/20,,ups,Cancelled
14882,18533,30/11/22,,fedex,Delivered
14883,735,13/11/21,,fedex,Delivered
14884,17837,12/04/23,,bluedart,Delivered
14885,11950,07/01/21,,fedex,Delivered
14886,110,17/10/23,,fedex,In Transit
14887,11791,13/09/21,,usps,Delivered
14888,11260,26/01/23,,dhl,Delivered
14889,17809,14/11/23,,dhl,In Transit
14890,13431,14/10/20,,fedex,Delivered
14891,13932,19/04/23,,bluedart,Cancelled
14892,8876,21/02/20,,bluedart,Delivered
14893,10515,10/02/22,,fedex,Delivered
14894,190,17/06/21,,ups,Delivered
14895,6115,18/05/22,,bluedart,In Transit
14896,20907,13/01/20,,usps,In Transit
14897,16594,07/09/20,,fedex,In Transit
14898,10554,24/11/23,,fedex,In Transit
14899,1620,09/11/21,,bluedart,Delivered
14900,6224,11/04/23,,dhl,Delivered
14901,3316,18/11/23,,fedex,Cancelled
14902,11041,08/09/22,,fedex,Delivered
14903,6909,16/05/22,,dhl,In Transit
14904,20812,31/03/21,,fedex,In Transit
14905,15438,13/07/22,,fedex,Delivered
14906,5048,03/12/21,,bluedart,Delivered
14907,15260,06/08/21,,ups,Delivered
14908,5575,06/06/20,,bluedart,In Transit
14909,17540,22/08/23,,fedex,Cancelled
14910,3524,05/08/22,,fedex,In Transit
14911,7315,23/01/21,,fedex,Delivered
14912,4724,12/09/21,,dhl,Cancelled
14913,17098,07/07/20,,fedex,Delivered
14914,7465,13/06/21,,usps,In Transit
14915,5552,04/11/23,,usps,Delivered
14916,5256,09/10/23,,fedex,Delivered
14917,11373,17/08/23,06/09/23,usps,Returned
14918,8811,07/12/20,,bluedart,Delivered
14919,21397,03/10/20,,fedex,Delivered
14920,9665,03/08/20,,fedex,Delivered
14921,20393,14/05/22,,dhl,In Transit
14922,13491,04/08/21,,ups,Delivered
14923,862,07/10/22,31/10/22,fedex,Returned
14924,14770,15/11/20,,fedex,In Transit
14925,13553,12/09/20,,dhl,Delivered
14926,11229,03/05/23,,fedex,Delivered
14927,9082,03/03/22,,ups,Delivered
14928,15095,31/07/23,,fedex,Delivered
14929,15799,27/11/22,,dhl,In Transit
14930,2132,05/06/23,,ups,Delivered
14931,12310,22/05/23,,usps,In Transit
14932,18034,17/07/23,,fedex,Delivered
14933,15368,09/10/23,,fedex,In Transit
14934,16774,17/06/20,,usps,Delivered
14935,13943,16/08/21,,dhl,Delivered
14936,5169,25/11/22,,bluedart,Cancelled
14937,12014,14/02/22,,usps,Delivered
14938,5079,18/09/21,,fedex,In Transit
14939,3772,05/04/21,,fedex,In Transit
14940,9103,24/01/20,,fedex,Delivered
14941,13946,26/10/23,,ups,Cancelled
14942,13976,16/07/22,,bluedart,Delivered
14943,6933,19/09/23,,fedex,Delivered
14944,16649,08/07/22,26/07/22,dhl,Returned
14945,18998,03/05/23,,dhl,Delivered
14946,19730,01/07/22,,fedex,Delivered
14947,15550,04/04/20,,dhl,In Transit
14948,12520,31/03/22,,fedex,Delivered
14949,6217,06/04/23,,bluedart,Delivered
14950,2104,01/03/21,,bluedart,Delivered
14951,2644,17/06/21,,dhl,Delivered
14952,14347,08/11/23,,usps,Delivered
14953,17825,30/05/20,,dhl,In Transit
14954,12714,18/06/21,,bluedart,Delivered
14955,4613,25/03/20,,fedex,Delivered
14956,2607,31/05/23,,fedex,Delivered
14957,1361,29/10/21,,bluedart,Delivered
14958,15454,13/03/21,,fedex,Delivered
14959,10892,04/07/21,,dhl,Delivered
14960,11279,02/11/22,,fedex,Delivered
14961,5207,16/07/21,,dhl,Delivered
14962,13654,07/03/23,,fedex,In Transit
14963,9567,11/11/22,,usps,Cancelled
14964,9091,01/02/20,,bluedart,Delivered
14965,8361,08/11/21,,fedex,In Transit
14966,12485,22/10/20,,bluedart,Cancelled
14967,16591,14/12/20,,dhl,In Transit
14968,4178,22/05/22,,fedex,In Transit
14969,12518,09/04/22,,fedex,Delivered
14970,20849,27/01/20,,bluedart,Delivered
14971,20226,24/12/20,,fedex,Delivered
14972,20084,09/11/21,,dhl,In Transit
14973,17033,06/02/23,,fedex,Cancelled
14974,9857,23/08/20,,ups,In Transit
14975,20957,10/08/22,,dhl,Delivered
14976,6125,26/01/21,,fedex,Delivered
14977,9236,02/06/22,,usps,In Transit
14978,6592,30/12/21,,dhl,Delivered
14979,9751,04/01/21,,usps,Delivered
14980,12726,17/02/22,,fedex,In Transit
14981,17218,29/10/20,,bluedart,Delivered
14982,4437,30/08/21,,fedex,Delivered
14983,8463,10/05/20,,bluedart,Delivered
14984,4967,15/05/22,,fedex,Delivered
14985,1913,20/08/21,,dhl,In Transit
14986,11021,13/06/22,,fedex,Delivered
14987,1658,12/02/22,,fedex,In Transit
14988,53,18/06/21,,usps,In Transit
14989,4342,22/05/20,,fedex,In Transit
14990,10671,02/05/23,,dhl,Delivered
14991,20050,06/10/23,,fedex,Delivered
14992,16571,20/07/23,,dhl,Delivered
14993,2579,07/06/20,,fedex,In Transit
14994,5782,15/04/20,,fedex,Cancelled
14995,13079,29/10/22,,usps,In Transit
14996,10243,11/05/20,,dhl,Delivered
14997,4854,26/01/23,,dhl,Delivered
14998,12711,20/05/20,,ups,Delivered
14999,16416,19/11/21,,ups,Delivered
15000,2410,25/08/22,,fedex,Cancelled
15001,15626,24/01/21,,fedex,In Transit
15002,2822,20/06/21,,bluedart,Delivered
15003,6288,02/05/21,,fedex,Delivered
15004,2036,26/07/20,,fedex,Delivered
15005,11289,08/04/20,,bluedart,In Transit
15006,19814,08/07/22,,ups,In Transit
15007,9528,07/08/21,,fedex,In Transit
15008,18611,17/11/23,,fedex,In Transit
15009,16992,14/10/23,,ups,Delivered
15010,465,22/08/22,,dhl,Delivered
15011,7639,10/04/22,,fedex,In Transit
15012,20182,23/07/21,,bluedart,Delivered
15013,1312,01/08/20,,fedex,Delivered
15014,3605,24/10/22,,dhl,Delivered
15015,8695,28/07/21,,fedex,Delivered
15016,11734,23/02/23,,dhl,Delivered
15017,17075,26/08/20,,bluedart,Delivered
15018,2018,16/08/23,,dhl,In Transit
15019,1374,24/10/21,,bluedart,Delivered
15020,2356,14/07/21,,fedex,Delivered
15021,4573,14/08/22,,fedex,In Transit
15022,1805,02/10/23,,ups,In Transit
15023,8491,13/11/22,,dhl,In Transit
15024,6637,13/09/22,,dhl,In Transit
15025,12924,17/07/23,,dhl,Delivered
15026,14457,20/11/21,,dhl,Cancelled
15027,13756,26/07/23,,ups,In Transit
15028,9687,15/08/20,,ups,Delivered
15029,17562,30/12/20,,ups,Delivered
15030,19804,16/05/21,,bluedart,Delivered
15031,4001,27/02/23,,dhl,Cancelled
15032,6866,30/03/21,,bluedart,In Transit
15033,16041,29/09/23,,fedex,Delivered
15034,7578,18/10/20,,fedex,In Transit
15035,19906,04/03/20,,dhl,Delivered
15036,1666,10/07/23,,fedex,Delivered
15037,1072,11/11/21,,usps,In Transit
15038,2985,25/12/21,,dhl,Delivered
15039,1235,27/12/22,,usps,In Transit
15040,9598,16/01/22,,dhl,Delivered
15041,9303,20/02/22,,fedex,In Transit
15042,20083,31/03/21,,fedex,Cancelled
15043,11386,11/10/21,,fedex,Delivered
15044,10251,08/12/22,,fedex,Delivered
15045,10818,15/11/23,,fedex,Delivered
15046,8875,03/06/23,,ups,In Transit
15047,7396,14/01/22,,fedex,Delivered
15048,9225,10/10/23,,fedex,In Transit
15049,4091,08/02/21,,bluedart,In Transit
15050,1420,11/08/20,,fedex,In Transit
15051,10222,10/04/21,,fedex,Delivered
15052,10956,12/10/20,,dhl,Delivered
15053,14088,01/11/20,,bluedart,In Transit
15054,13441,28/12/22,,fedex,In Transit
15055,4227,20/01/22,,usps,Cancelled
15056,7585,21/09/20,,dhl,Delivered
15057,15846,25/03/23,,fedex,In Transit
15058,857,12/05/21,,dhl,Delivered
15059,779,15/02/21,,fedex,Delivered
15060,2648,24/12/20,,fedex,In Transit
15061,5617,18/11/23,,usps,Delivered
15062,1870,26/02/20,,ups,In Transit
15063,19734,08/03/20,,fedex,Delivered
15064,19080,03/04/21,,fedex,Delivered
15065,8296,17/12/22,,usps,In Transit
15066,18884,05/07/21,,usps,Cancelled
15067,15570,15/11/22,,fedex,In Transit
15068,14955,02/11/22,,fedex,Delivered
15069,14158,11/10/21,,ups,In Transit
15070,13325,30/05/23,,dhl,Delivered
15071,4795,21/08/21,,dhl,Delivered
15072,2278,08/03/20,,fedex,Delivered
15073,19045,09/11/23,,ups,Cancelled
15074,20298,01/05/22,,dhl,Delivered
15075,9579,10/08/21,,fedex,In Transit
15076,11170,30/01/21,,dhl,In Transit
15077,6976,23/03/21,,ups,In Transit
15078,5157,06/04/21,,dhl,Delivered
15079,12413,28/03/23,04/04/23,fedex,Returned
15080,14997,11/10/20,,bluedart,Cancelled
15081,21535,11/08/21,,fedex,In Transit
15082,2829,25/07/21,,dhl,Delivered
15083,2249,13/11/22,,fedex,Delivered
15084,8722,27/08/22,,bluedart,In Transit
15085,10580,15/08/21,,dhl,In Transit
15086,5686,08/12/21,24/12/21,ups,Returned
15087,19279,08/01/23,,fedex,In Transit
15088,8541,08/04/20,,fedex,In Transit
15089,21298,24/09/20,,bluedart,In Transit
15090,14017,04/01/21,,dhl,Delivered
15091,17602,21/09/22,,ups,Delivered
15092,18159,13/11/20,,dhl,In Transit
15093,19813,06/06/20,,dhl,In Transit
15094,13867,01/09/21,,fedex,In Transit
15095,21337,14/12/23,,fedex,Delivered
15096,16285,02/07/22,,fedex,Delivered
15097,7807,26/10/23,,ups,In Transit
15098,4813,25/07/23,,ups,Delivered
15099,18450,08/12/21,,fedex,Cancelled
15100,20001,13/09/23,,usps,Delivered
15101,1929,04/04/20,,bluedart,In Transit
15102,21627,02/06/22,,bluedart,Delivered
15103,2344,08/10/20,,fedex,In Transit
15104,15883,24/01/23,,dhl,Delivered
15105,3173,21/04/22,,dhl,Cancelled
15106,19932,18/01/23,,ups,In Transit
15107,20323,05/10/20,,fedex,Delivered
15108,7401,09/12/21,,ups,Delivered
15109,16193,27/02/20,,ups,Delivered
15110,2309,15/04/21,,dhl,In Transit
15111,8365,20/10/22,,bluedart,Delivered
15112,10764,15/11/23,,fedex,In Transit
15113,13475,15/12/23,,dhl,Delivered
15114,20723,07/03/20,,dhl,In Transit
15115,19901,18/06/22,,fedex,Delivered
15116,7848,07/02/20,,bluedart,Delivered
15117,18962,22/12/20,,dhl,Delivered
15118,464,31/12/22,,fedex,In Transit
15119,18427,05/04/23,,dhl,Delivered
15120,10476,08/05/20,,dhl,Delivered
15121,163,24/05/20,,dhl,Delivered
15122,12399,05/12/20,,fedex,Delivered
15123,7020,07/02/21,,fedex,Delivered
15124,16548,01/06/20,,usps,Delivered
15125,9120,11/12/23,,fedex,Delivered
15126,5804,14/06/23,05/07/23,bluedart,Returned
15127,19092,19/06/23,,bluedart,Delivered
15128,14930,13/09/23,,fedex,In Transit
15129,5089,20/04/23,,ups,Delivered
15130,8359,25/11/23,,ups,Delivered
15131,7361,25/08/22,,bluedart,Delivered
15132,2763,12/12/23,,bluedart,In Transit
15133,13258,19/07/20,,fedex,Delivered
15134,12004,06/10/20,,fedex,Delivered
15135,20992,25/05/22,,dhl,Delivered
15136,21082,05/05/21,,fedex,In Transit
15137,13190,15/11/22,,bluedart,Delivered
15138,17861,26/01/21,,fedex,Cancelled
15139,75,27/05/21,,fedex,Delivered
15140,21599,30/09/23,,dhl,In Transit
15141,8965,08/08/23,,dhl,Delivered
15142,11807,13/03/20,,ups,Cancelled
15143,13584,04/07/21,,fedex,Delivered
15144,16768,08/10/23,,fedex,In Transit
15145,8923,15/12/23,,fedex,Delivered
15146,10755,31/03/23,,ups,Delivered
15147,1997,30/07/23,,fedex,In Transit
15148,10015,17/02/23,,fedex,In Transit
15149,19053,28/07/20,,bluedart,Delivered
15150,162,16/09/20,,fedex,Delivered
15151,18644,05/02/22,,fedex,Delivered
15152,1634,30/10/21,,fedex,Cancelled
15153,7055,28/09/23,,dhl,In Transit
15154,8600,10/11/21,,fedex,In Transit
15155,6738,26/12/21,,fedex,Delivered
15156,3899,26/04/21,,bluedart,Delivered
15157,532,11/01/20,,fedex,In Transit
15158,19489,06/08/22,,fedex,Delivered
15159,9204,12/05/20,22/05/20,fedex,Returned
15160,4086,27/02/21,,dhl,In Transit
15161,16095,19/06/20,,usps,In Transit
15162,4912,06/01/23,,fedex,In Transit
15163,18836,10/07/21,,fedex,Delivered
15164,6675,09/11/21,,usps,In Transit
15165,1730,25/12/22,,fedex,Delivered
15166,14863,14/05/23,,dhl,In Transit
15167,4490,22/09/20,,ups,Delivered
15168,4368,05/12/20,,usps,In Transit
15169,18602,05/11/23,,fedex,Cancelled
15170,19506,07/03/23,,ups,In Transit
15171,15398,26/10/21,,fedex,Delivered
15172,534,01/01/21,,fedex,Delivered
15173,3841,22/11/22,,fedex,Cancelled
15174,16638,16/03/23,,fedex,Delivered
15175,15040,01/08/23,,dhl,Delivered
15176,20706,04/10/23,,usps,Delivered
15177,21300,13/01/21,,fedex,Delivered
15178,19524,18/02/20,,fedex,Delivered
15179,3012,29/07/23,,dhl,In Transit
15180,5272,18/09/22,,fedex,Delivered
15181,3602,04/10/21,,usps,Delivered
15182,3268,15/07/22,,fedex,Delivered
15183,3202,23/09/20,,fedex,Delivered
15184,4764,17/04/21,,fedex,Delivered
15185,2926,12/08/23,,dhl,Delivered
15186,19247,24/07/20,,bluedart,Delivered
15187,18273,04/09/23,,bluedart,Delivered
15188,20429,01/12/22,,fedex,Delivered
15189,669,29/07/20,,dhl,In Transit
15190,20234,28/09/23,,dhl,In Transit
15191,1344,12/10/22,,dhl,Delivered
15192,16140,12/11/20,,dhl,In Transit
15193,17675,15/05/20,,fedex,In Transit
15194,10039,04/03/20,,fedex,In Transit
15195,603,06/07/22,,dhl,Delivered
15196,19176,13/09/23,,fedex,In Transit
15197,1043,18/11/20,,fedex,In Transit
15198,356,15/12/23,,dhl,In Transit
15199,20,26/01/23,,usps,In Transit
15200,11345,15/07/23,,fedex,In Transit
15201,21030,03/02/22,,dhl,In Transit
15202,4903,08/12/21,,fedex,Cancelled
15203,6015,17/09/21,,ups,Cancelled
15204,1879,13/11/23,,usps,In Transit
15205,3651,18/12/20,,dhl,Delivered
15206,6363,01/03/23,,fedex,Delivered
15207,21511,21/04/23,,dhl,In Transit
15208,7483,14/06/23,,dhl,In Transit
15209,932,08/09/21,,dhl,In Transit
15210,15672,26/09/21,,dhl,Delivered
15211,2521,12/04/22,,bluedart,In Transit
15212,5699,24/11/23,,fedex,In Transit
15213,8522,21/10/21,,fedex,Delivered
15214,6461,03/05/20,,ups,Cancelled
15215,11788,26/12/20,,fedex,Delivered
15216,3932,28/11/21,,fedex,Cancelled
15217,21554,28/12/21,,fedex,In Transit
15218,15784,17/07/21,,bluedart,Delivered
15219,8152,02/05/20,,fedex,In Transit
15220,11579,07/05/20,19/05/20,bluedart,Returned
15221,17223,15/12/20,,fedex,In Transit
15222,9496,19/07/23,,usps,In Transit
15223,12223,21/03/21,,bluedart,In Transit
15224,21262,14/08/23,,dhl,Cancelled
15225,3163,29/09/22,21/10/22,fedex,Returned
15226,12537,27/04/21,,dhl,Cancelled
15227,5526,26/05/20,,ups,Delivered
15228,10396,20/09/21,,bluedart,Cancelled
15229,12380,21/07/22,,ups,In Transit
15230,7001,02/02/21,,fedex,Delivered
15231,3908,18/02/21,,fedex,Delivered
15232,18653,19/03/21,,dhl,Delivered
15233,6099,29/05/23,,ups,Delivered
15234,14952,14/01/22,,dhl,In Transit
15235,3865,14/02/21,,usps,Delivered
15236,208,30/08/22,,ups,In Transit
15237,469,15/01/21,,fedex,In Transit
15238,5210,11/09/21,,fedex,Delivered
15239,9938,25/09/21,,fedex,Delivered
15240,6464,02/06/20,,fedex,Delivered
15241,597,09/11/20,,fedex,In Transit
15242,15144,08/04/23,,bluedart,Delivered
15243,15325,13/11/22,,ups,Delivered
15244,9637,03/07/22,,bluedart,In Transit
15245,14580,19/07/22,,fedex,In Transit
15246,21514,03/11/20,,fedex,Delivered
15247,3903,16/08/21,,usps,Delivered
15248,6831,18/03/20,,dhl,Delivered
15249,16716,04/10/22,,fedex,Delivered
15250,10626,07/09/23,,bluedart,In Transit
15251,4507,06/12/21,,dhl,Delivered
15252,1570,06/06/20,,fedex,In Transit
15253,2179,13/02/21,,bluedart,In Transit
15254,3319,02/06/21,,dhl,In Transit
15255,18213,10/06/23,,bluedart,In Transit
15256,6783,08/04/20,,bluedart,Delivered
15257,2548,21/02/21,,dhl,In Transit
15258,12332,07/12/22,,fedex,Delivered
15259,11473,16/08/21,,fedex,In Transit
15260,18282,18/11/22,,dhl,Delivered
15261,20135,28/11/21,,fedex,Delivered
15262,9477,27/06/20,,fedex,In Transit
15263,16701,20/05/22,,usps,Delivered
15264,4969,28/01/21,,ups,Delivered
15265,1946,30/07/23,,fedex,Delivered
15266,14237,07/12/22,,fedex,In Transit
15267,7086,24/10/20,16/11/20,fedex,Returned
15268,3405,24/08/20,,fedex,Delivered
15269,14165,25/12/20,14/01/21,dhl,Returned
15270,14061,10/06/21,,bluedart,Cancelled
15271,5771,06/08/23,,dhl,In Transit
15272,15822,04/11/23,,fedex,In Transit
15273,21286,10/10/21,,fedex,Delivered
15274,7160,17/09/23,,dhl,In Transit
15275,1754,01/08/23,,usps,Delivered
15276,11031,10/04/20,,fedex,Delivered
15277,12585,31/01/20,,fedex,Delivered
15278,18598,21/10/21,,fedex,In Transit
15279,14010,25/01/20,,usps,Delivered
15280,16303,09/08/20,,fedex,In Transit
15281,2717,26/07/23,,bluedart,In Transit
15282,4930,18/02/23,,usps,In Transit
15283,9630,07/12/21,,fedex,Cancelled
15284,18802,11/10/21,,fedex,In Transit
15285,9788,20/11/23,,fedex,Delivered
15286,17896,12/07/20,,fedex,In Transit
15287,15117,04/11/20,,ups,Delivered
15288,6169,06/11/21,,dhl,Delivered
15289,20310,07/03/20,,ups,Delivered
15290,12187,14/01/20,,fedex,In Transit
15291,18904,26/02/21,,ups,In Transit
15292,13655,28/07/23,,usps,In Transit
15293,9606,13/08/23,,usps,In Transit
15294,18579,11/08/23,,ups,In Transit
15295,9056,28/08/23,,fedex,Delivered
15296,2106,06/07/20,,fedex,In Transit
15297,13288,14/12/23,,fedex,Delivered
15298,16267,31/01/22,,dhl,In Transit
15299,18043,31/03/21,,ups,In Transit
15300,4366,10/05/20,,bluedart,Delivered
15301,4005,06/01/21,,fedex,In Transit
15302,4376,07/05/21,,ups,Delivered
15303,14441,26/03/21,,bluedart,Delivered
15304,17727,26/11/23,,fedex,Delivered
15305,12010,14/06/21,,fedex,Delivered
15306,20066,31/01/22,,bluedart,In Transit
15307,21524,12/06/20,,dhl,Cancelled
15308,12475,03/07/23,,dhl,Delivered
15309,13792,17/02/20,,fedex,Delivered
15310,81,02/10/23,,fedex,In Transit
15311,2089,15/05/20,,fedex,In Transit
15312,16942,11/04/22,,dhl,In Transit
15313,16860,17/05/22,,dhl,In Transit
15314,2359,14/01/22,,fedex,In Transit
15315,7527,18/01/22,,dhl,Delivered
15316,21189,21/09/21,,fedex,Delivered
15317,10292,04/03/21,,ups,Delivered
15318,2300,15/06/23,,fedex,Delivered
15319,146,07/12/23,,usps,Delivered
15320,6384,15/11/22,,fedex,Delivered
15321,4696,30/09/21,,fedex,In Transit
15322,8801,30/08/21,,dhl,Delivered
15323,4549,02/08/20,,dhl,In Transit
15324,15862,23/04/22,,fedex,Delivered
15325,19612,15/09/22,,dhl,In Transit
15326,21015,27/06/21,,dhl,Delivered
15327,6611,04/05/22,,bluedart,Delivered
15328,16268,30/12/23,,fedex,In Transit
15329,3870,21/02/23,,fedex,Delivered
15330,18211,24/07/22,,usps,In Transit
15331,16401,30/10/22,,dhl,Cancelled
15332,3018,20/07/22,,fedex,Delivered
15333,214,26/01/23,06/02/23,usps,Returned
15334,8995,14/07/20,,dhl,Delivered
15335,3024,26/05/23,,fedex,In Transit
15336,2503,22/07/21,,fedex,Delivered
15337,450,19/01/20,,ups,Delivered
15338,21368,26/12/21,,fedex,In Transit
15339,11875,06/07/20,,fedex,In Transit
15340,9710,03/08/23,,dhl,In Transit
15341,7806,03/09/23,,ups,Cancelled
15342,7485,04/05/20,,fedex,Delivered
15343,1766,23/10/21,,fedex,In Transit
15344,15089,24/04/23,,fedex,Delivered
15345,11752,28/06/20,,dhl,Delivered
15346,20579,07/05/22,,bluedart,Delivered
15347,4847,29/10/23,,dhl,Delivered
15348,17709,07/04/21,,ups,Delivered
15349,8636,29/10/23,,ups,Delivered
15350,20624,14/06/23,,fedex,In Transit
15351,9913,18/10/20,,fedex,Delivered
15352,18145,14/12/22,,bluedart,Delivered
15353,20676,07/03/20,,dhl,Delivered
15354,2790,10/04/21,,dhl,In Transit
15355,16038,03/12/23,,fedex,In Transit
15356,14258,23/06/22,,fedex,Delivered
15357,7276,17/02/23,,dhl,In Transit
15358,15280,04/02/22,,ups,Delivered
15359,12136,11/04/23,,bluedart,Cancelled
15360,206,23/06/20,,dhl,In Transit
15361,21390,18/12/20,,usps,In Transit
15362,7732,07/10/20,,dhl,In Transit
15363,9219,16/11/23,,dhl,Cancelled
15364,3778,11/10/20,,fedex,In Transit
15365,10008,18/10/20,,dhl,Delivered
15366,20195,01/11/21,,fedex,Delivered
15367,4700,13/06/23,21/06/23,usps,Returned
15368,15645,14/01/22,,dhl,In Transit
15369,10597,04/07/23,,bluedart,Delivered
15370,9208,21/11/20,09/12/20,ups,Returned
15371,13693,11/11/23,,fedex,Cancelled
15372,14326,28/02/21,,fedex,Delivered
15373,5775,26/11/22,,fedex,Delivered
15374,16632,19/06/21,,bluedart,Delivered
15375,10271,23/02/21,,fedex,In Transit
15376,13825,05/07/22,,bluedart,In Transit
15377,373,27/05/22,,fedex,Delivered
15378,13168,20/04/23,,fedex,Delivered
15379,21146,08/12/23,,usps,Delivered
15380,11481,11/09/23,,fedex,In Transit
15381,472,20/10/22,,fedex,In Transit
15382,5018,12/12/21,,fedex,Delivered
15383,5630,07/12/22,,fedex,Delivered
15384,549,07/10/23,,dhl,Cancelled
15385,11123,12/04/22,,bluedart,Cancelled
15386,16313,31/01/23,,fedex,Delivered
15387,19116,18/08/23,,fedex,Delivered
15388,15420,09/07/22,,fedex,Delivered
15389,14840,21/12/20,,fedex,In Transit
15390,5530,02/11/21,,ups,In Transit
15391,15460,25/09/22,,usps,In Transit
15392,14361,16/09/21,,ups,Delivered
15393,14629,06/03/20,,ups,Cancelled
15394,1036,16/06/20,10/07/20,ups,Returned
15395,9138,30/09/23,,fedex,In Transit
15396,230,24/01/21,,fedex,Delivered
15397,6128,02/03/23,,fedex,Delivered
15398,9565,29/06/23,,dhl,In Transit
15399,314,07/08/20,,fedex,Delivered
15400,19684,20/03/21,31/03/21,fedex,Returned
15401,18607,09/07/20,,usps,In Transit
15402,18991,26/10/21,,ups,In Transit
15403,16274,01/10/22,,ups,Delivered
15404,18964,30/01/23,,dhl,Delivered
15405,6284,27/05/21,,bluedart,Delivered
15406,13041,26/07/23,,ups,In Transit
15407,11627,03/07/20,,dhl,Delivered
15408,15795,13/03/22,,dhl,Delivered
15409,4800,04/12/20,,bluedart,In Transit
15410,7138,06/08/22,,fedex,In Transit
15411,19236,23/05/21,,fedex,Delivered
15412,16302,22/07/23,,fedex,Delivered
15413,21468,11/01/22,,fedex,In Transit
15414,13667,02/08/21,,ups,In Transit
15415,10781,13/12/23,,fedex,In Transit
15416,20486,09/12/21,,bluedart,In Transit
15417,15724,20/05/23,,fedex,Delivered
15418,434,02/06/21,,dhl,Delivered
15419,3204,29/09/21,,fedex,Delivered
15420,20545,26/11/20,,bluedart,Delivered
15421,4173,16/08/21,,usps,Delivered
15422,14408,04/04/21,14/04/21,fedex,Returned
15423,9865,07/02/23,,fedex,Delivered
15424,13162,14/03/21,,fedex,Delivered
15425,19627,03/06/23,,bluedart,Delivered
15426,13372,13/01/20,,bluedart,Delivered
15427,17473,16/04/20,25/04/20,dhl,Returned
15428,10167,28/12/23,,dhl,In Transit
15429,1127,30/09/23,,usps,Cancelled
15430,1059,18/12/20,,dhl,Delivered
15431,19017,28/03/20,,ups,In Transit
15432,513,06/12/22,,fedex,Delivered
15433,20460,06/12/20,,bluedart,Cancelled
15434,9294,08/06/20,,ups,Delivered
15435,9369,05/01/22,25/01/22,fedex,Returned
15436,14681,02/12/20,,ups,Delivered
15437,2512,18/08/20,,bluedart,Delivered
15438,16678,03/09/23,,usps,In Transit
15439,18582,06/12/22,,usps,Delivered
15440,5949,09/04/23,,bluedart,Delivered
15441,18809,14/09/20,,dhl,In Transit
15442,12113,23/12/20,,dhl,Delivered
15443,13889,21/01/20,,dhl,In Transit
15444,10178,05/05/22,,bluedart,In Transit
15445,12641,21/03/22,,fedex,Cancelled
15446,3690,15/09/22,,dhl,Cancelled
15447,10654,21/08/21,,dhl,In Transit
15448,15198,13/05/23,,usps,Delivered
15449,14207,03/10/22,,ups,Delivered
15450,8535,01/10/22,,fedex,Delivered
15451,10528,31/12/20,,fedex,Delivered
15452,2895,16/01/23,,ups,Delivered
15453,19098,14/02/22,,dhl,Delivered
15454,20287,30/07/21,,fedex,Delivered
15455,12067,25/02/23,,fedex,Delivered
15456,15588,16/08/21,,dhl,In Transit
15457,7482,17/09/22,,bluedart,Delivered
15458,189,22/01/21,,fedex,In Transit
15459,10798,15/09/23,,bluedart,Delivered
15460,11208,22/12/22,,fedex,Delivered
15461,11212,29/03/21,,fedex,In Transit
15462,14242,03/02/21,,fedex,In Transit
15463,18103,09/01/22,,fedex,Delivered
15464,13102,05/06/22,,dhl,In Transit
15465,5582,05/03/23,,ups,Delivered
15466,6657,18/01/20,,dhl,In Transit
15467,2222,21/10/21,,bluedart,In Transit
15468,19665,09/02/22,,fedex,Delivered
15469,4262,13/08/20,,ups,Delivered
15470,1859,18/07/20,,bluedart,Delivered
15471,17257,05/10/20,,usps,Delivered
15472,15758,08/10/21,,fedex,In Transit
15473,11315,10/02/20,,fedex,Delivered
15474,8234,23/03/20,,fedex,Delivered
15475,16596,29/01/23,,ups,In Transit
15476,18085,05/11/20,,fedex,Cancelled
15477,14116,08/02/23,,fedex,Delivered
15478,7635,20/11/21,,dhl,In Transit
15479,19972,22/05/23,,dhl,In Transit
15480,9394,07/11/23,,fedex,Cancelled
15481,4210,25/05/23,,dhl,Delivered
15482,20343,19/01/21,,fedex,In Transit
15483,1422,23/08/22,,fedex,In Transit
15484,19305,02/02/22,,ups,Delivered
15485,21447,25/11/22,,ups,In Transit
15486,11532,08/03/20,,fedex,Delivered
15487,16802,07/11/21,,fedex,In Transit
15488,20316,03/05/21,,fedex,In Transit
15489,11612,18/12/23,,dhl,In Transit
15490,19994,27/01/20,,usps,Delivered
15491,3688,10/09/20,,usps,In Transit
15492,14436,07/05/23,,dhl,Delivered
15493,17386,11/08/20,,fedex,Delivered
15494,1103,22/09/20,,ups,Delivered
15495,7488,21/08/20,02/09/20,fedex,Returned
15496,2770,12/08/20,,usps,In Transit
15497,9002,14/02/23,,ups,Delivered
15498,8509,16/11/21,,fedex,Delivered
15499,8371,06/05/23,,ups,Delivered
15500,18248,01/10/22,,fedex,Delivered
15501,19801,23/07/20,,fedex,Delivered
15502,17054,20/05/22,,fedex,Delivered
15503,15287,10/04/23,,fedex,Delivered
15504,18001,02/03/23,,dhl,Cancelled
15505,15042,29/11/20,,fedex,Delivered
15506,16316,12/08/22,,ups,Delivered
15507,764,12/09/20,,fedex,In Transit
15508,21423,21/05/20,,fedex,Delivered
15509,6506,29/04/22,,dhl,Delivered
15510,15193,06/03/22,,ups,In Transit
15511,10526,20/11/22,,dhl,Delivered
15512,16648,21/05/21,,usps,In Transit
15513,2855,23/09/20,,fedex,Delivered
15514,4017,15/01/22,,fedex,Cancelled
15515,14542,23/07/20,02/08/20,fedex,Returned
15516,16171,15/03/21,,dhl,In Transit
15517,3398,15/10/21,,fedex,Delivered
15518,20731,30/12/22,,fedex,Delivered
15519,19395,06/07/21,,usps,In Transit
15520,8615,16/07/20,,fedex,Delivered
15521,5164,20/08/20,,fedex,In Transit
15522,10664,14/01/21,,dhl,In Transit
15523,14528,10/02/21,,fedex,Delivered
15524,4574,28/02/21,,fedex,Delivered
15525,12894,16/07/20,,dhl,Delivered
15526,4720,22/03/23,,fedex,Delivered
15527,20938,08/08/22,,fedex,In Transit
15528,6316,24/09/23,,fedex,Delivered
15529,6926,10/10/20,,usps,Delivered
15530,16205,13/12/20,,fedex,Delivered
15531,9809,24/09/20,,dhl,Delivered
15532,7028,07/08/20,,ups,In Transit
15533,8194,11/09/20,,ups,Delivered
15534,5324,25/11/22,,dhl,In Transit
15535,13279,30/12/22,,bluedart,Delivered
15536,7043,20/06/20,,bluedart,Delivered
15537,4645,26/04/23,,dhl,Delivered
15538,2160,01/08/21,,bluedart,In Transit
15539,9313,30/09/21,,fedex,Delivered
15540,18960,27/12/22,,fedex,Delivered
15541,11952,11/04/20,,fedex,Delivered
15542,16200,23/03/20,,fedex,In Transit
15543,11785,10/04/22,,usps,In Transit
15544,6344,14/05/22,,bluedart,Delivered
15545,5522,25/06/22,,bluedart,Delivered
15546,13437,23/09/23,,usps,Delivered
15547,13134,05/12/21,18/12/21,bluedart,Returned
15548,4541,26/10/20,,dhl,Delivered
15549,9609,08/08/23,,ups,Delivered
15550,12470,09/09/23,,fedex,In Transit
15551,1224,22/08/23,,fedex,In Transit
15552,3334,18/02/21,,fedex,In Transit
15553,20150,03/04/21,,dhl,Delivered
15554,18191,25/03/21,,fedex,In Transit
15555,11589,05/10/22,,dhl,In Transit
15556,19609,21/02/22,03/03/22,ups,Returned
15557,20928,26/10/20,,ups,In Transit
15558,19007,05/06/20,,dhl,In Transit
15559,5907,04/03/20,29/03/20,dhl,Returned
15560,19474,23/07/20,,fedex,Delivered
15561,4806,05/11/21,,fedex,Delivered
15562,10902,19/05/22,,dhl,In Transit
15563,6309,18/09/20,,fedex,In Transit
15564,4125,10/11/23,,usps,In Transit
15565,3130,18/11/22,,fedex,Delivered
15566,14234,25/04/23,,usps,In Transit
15567,14169,05/06/22,,fedex,Delivered
15568,1927,01/02/23,,bluedart,Delivered
15569,20122,25/11/22,,fedex,Delivered
15570,16606,04/10/20,,fedex,In Transit
15571,8411,08/05/20,,ups,In Transit
15572,95,12/05/22,,dhl,In Transit
15573,18473,23/05/20,,fedex,In Transit
15574,5032,19/01/20,,ups,In Transit
15575,20244,16/04/22,,dhl,Delivered
15576,7411,01/01/24,,ups,Delivered
15577,13209,29/06/22,,fedex,Delivered
15578,20198,06/01/21,,dhl,In Transit
15579,1791,24/05/21,,bluedart,In Transit
15580,15945,28/03/21,,dhl,In Transit
15581,13204,28/02/22,,dhl,Delivered
15582,13991,12/11/20,,ups,Delivered
15583,9182,22/09/23,13/10/23,fedex,Returned
15584,68,18/01/23,,dhl,Delivered
15585,14788,13/05/23,,ups,Delivered
15586,16605,13/10/22,,bluedart,Delivered
15587,1386,16/09/22,,dhl,Delivered
15588,15119,20/10/20,10/11/20,fedex,Returned
15589,15541,20/09/22,,dhl,In Transit
15590,12749,03/06/21,,fedex,In Transit
15591,6650,11/03/20,,fedex,Delivered
15592,582,03/01/23,,ups,Cancelled
15593,14456,16/02/20,,bluedart,Delivered
15594,18284,11/12/23,,fedex,Cancelled
15595,760,16/10/21,,fedex,Delivered
15596,8510,30/12/21,,fedex,Delivered
15597,19046,15/05/20,,fedex,In Transit
15598,6188,12/04/23,,dhl,Delivered
15599,16839,10/01/22,,dhl,In Transit
15600,9518,04/02/23,,usps,Delivered
15601,11108,15/09/22,,ups,In Transit
15602,5774,22/08/21,,fedex,Delivered
15603,10403,04/11/20,,fedex,Delivered
15604,10376,16/01/22,,fedex,Delivered
15605,5433,10/01/23,,dhl,In Transit
15606,7912,13/04/20,,dhl,Delivered
15607,12150,17/12/23,,bluedart,Delivered
15608,7458,16/12/20,,fedex,Delivered
15609,10203,16/12/20,,fedex,In Transit
15610,17558,21/02/22,,ups,Delivered
15611,4526,20/11/20,,dhl,In Transit
15612,1995,23/06/23,,fedex,In Transit
15613,122,12/12/20,,fedex,In Transit
15614,17735,18/10/20,,fedex,Delivered
15615,13104,22/06/22,,bluedart,Delivered
15616,8071,22/12/21,,bluedart,Delivered
15617,3711,16/04/20,,fedex,Delivered
15618,11531,23/07/21,,dhl,In Transit
15619,17805,24/01/23,,ups,In Transit
15620,15610,14/11/22,,dhl,Delivered
15621,15167,14/02/20,,bluedart,Delivered
15622,16288,24/06/21,,fedex,Delivered
15623,14696,13/04/23,,bluedart,In Transit
15624,5998,15/03/23,,dhl,Delivered
15625,1988,05/05/21,27/05/21,fedex,Returned
15626,5996,15/02/23,,dhl,Delivered
15627,9866,19/02/21,,dhl,In Transit
15628,1804,01/07/22,,dhl,Delivered
15629,12882,03/10/21,,bluedart,Delivered
15630,1763,20/12/20,,fedex,Delivered
15631,9495,14/09/21,,fedex,Delivered
15632,12549,13/10/20,,dhl,In Transit
15633,1768,07/03/22,,fedex,Delivered
15634,9174,31/05/23,07/06/23,fedex,Returned
15635,7490,19/12/21,,usps,In Transit
15636,7158,31/07/21,,usps,Delivered
15637,3187,05/06/23,,usps,In Transit
15638,14047,14/08/23,,dhl,Delivered
15639,19174,22/01/21,,ups,Delivered
15640,14394,14/06/20,,usps,Delivered
15641,6809,23/05/21,04/06/21,usps,Returned
15642,5161,23/05/21,,ups,Delivered
15643,9255,22/11/23,,bluedart,In Transit
15644,8652,17/12/23,,bluedart,In Transit
15645,15496,09/06/22,,fedex,Delivered
15646,9380,06/10/20,,usps,Delivered
15647,1050,07/01/21,,dhl,In Transit
15648,15670,13/10/22,,fedex,In Transit
15649,18993,13/12/22,,fedex,In Transit
15650,21625,06/03/21,,dhl,Delivered
15651,682,07/01/23,,fedex,Delivered
15652,4762,31/08/21,,fedex,Delivered
15653,1138,16/10/23,,dhl,Delivered
15654,14021,20/01/23,,bluedart,Delivered
15655,15805,06/06/22,,fedex,In Transit
15656,8568,28/10/23,,bluedart,Delivered
15657,17131,14/10/23,,fedex,In Transit
15658,14889,03/10/23,,dhl,In Transit
15659,21575,12/05/23,,fedex,Delivered
15660,11147,08/11/23,,usps,Delivered
15661,17696,04/05/23,,fedex,In Transit
15662,425,28/12/20,,fedex,Cancelled
15663,12477,25/12/23,,fedex,Delivered
15664,14029,13/10/20,,dhl,In Transit
15665,6847,24/07/23,,fedex,In Transit
15666,15580,05/01/23,,bluedart,Delivered
15667,12196,07/09/20,,usps,Delivered
15668,18236,13/12/22,,dhl,In Transit
15669,14511,12/09/23,,usps,Delivered
15670,12473,27/12/23,,dhl,In Transit
15671,2363,27/08/23,,dhl,Delivered
15672,1626,08/06/23,,fedex,Delivered
15673,12352,22/07/21,,ups,Delivered
15674,9628,05/02/23,17/02/23,fedex,Returned
15675,7551,02/06/21,,dhl,Delivered
15676,3055,02/03/22,,dhl,In Transit
15677,10409,04/11/23,,usps,Delivered
15678,15998,26/11/20,,fedex,In Transit
15679,19069,20/11/21,,fedex,Delivered
15680,9130,23/01/23,,fedex,In Transit
15681,20675,27/01/21,,ups,In Transit
15682,10616,15/01/23,,dhl,In Transit
15683,19845,17/03/21,,dhl,Delivered
15684,9619,29/08/20,,fedex,Delivered
15685,18934,11/11/22,,ups,In Transit
15686,5778,22/02/20,,dhl,Delivered
15687,17242,28/11/23,,bluedart,Delivered
15688,627,13/11/22,,bluedart,Delivered
15689,21580,20/03/21,,ups,Delivered
15690,2313,26/03/20,,dhl,In Transit
15691,11633,30/07/22,,dhl,Delivered
15692,17577,04/10/20,,ups,Cancelled
15693,9548,24/10/20,,ups,In Transit
15694,7121,08/09/22,,fedex,In Transit
15695,1228,02/01/23,,ups,Delivered
15696,5671,15/10/23,,fedex,In Transit
15697,2884,21/12/21,,fedex,In Transit
15698,13715,01/01/21,,dhl,Delivered
15699,15315,20/08/22,,fedex,Delivered
15700,20542,10/03/23,,bluedart,Delivered
15701,4841,16/05/20,,fedex,Delivered
15702,1242,29/01/20,,fedex,Delivered
15703,4711,27/07/20,,dhl,In Transit
15704,1980,22/12/21,,ups,Delivered
15705,13046,01/10/22,,fedex,In Transit
15706,20235,29/06/23,,fedex,In Transit
15707,13791,19/01/22,,bluedart,Delivered
15708,17906,08/01/23,,usps,Delivered
15709,3864,24/07/20,,bluedart,Delivered
15710,2686,26/11/23,,fedex,In Transit
15711,20166,22/07/20,,fedex,In Transit
15712,20685,07/06/21,,dhl,Delivered
15713,671,28/12/22,,bluedart,Delivered
15714,19251,15/10/21,,bluedart,Cancelled
15715,3944,12/03/21,,bluedart,Cancelled
15716,20900,22/04/20,,usps,Cancelled
15717,9140,19/03/20,,dhl,Delivered
15718,19560,10/07/20,,fedex,Delivered
15719,16828,11/01/23,,ups,Delivered
15720,12193,31/03/20,,dhl,Delivered
15721,8781,03/04/21,,ups,Delivered
15722,7078,18/07/23,,dhl,Cancelled
15723,15439,13/05/20,,fedex,In Transit
15724,20378,11/05/20,,bluedart,In Transit
15725,6243,30/01/21,,fedex,In Transit
15726,8663,18/07/21,,usps,In Transit
15727,16705,01/06/23,,dhl,Delivered
15728,12693,28/06/21,,fedex,In Transit
15729,17387,02/11/20,,fedex,In Transit
15730,150,01/08/21,,ups,Cancelled
15731,8977,14/02/23,,fedex,Delivered
15732,1118,18/10/21,,fedex,In Transit
15733,1790,13/10/22,,fedex,Delivered
15734,15476,10/09/23,,fedex,Delivered
15735,724,20/10/21,,fedex,Delivered
15736,15189,15/07/23,,fedex,In Transit
15737,17589,28/09/22,,bluedart,Delivered
15738,21201,28/03/20,,dhl,Delivered
15739,18551,25/05/20,,fedex,Delivered
15740,18729,23/06/22,,dhl,In Transit
15741,7595,26/05/23,,fedex,Delivered
15742,9546,08/10/21,,fedex,Cancelled
15743,8461,10/07/22,,fedex,In Transit
15744,13771,02/02/23,23/02/23,ups,Returned
15745,7327,27/10/23,,dhl,Delivered
15746,8133,08/03/20,,dhl,In Transit
15747,3909,24/08/21,,fedex,Delivered
15748,16335,17/06/22,,usps,Delivered
15749,10728,07/02/21,,fedex,In Transit
15750,14714,02/01/23,,ups,Delivered
15751,3304,17/06/20,,dhl,In Transit
15752,19674,28/06/22,,fedex,Cancelled
15753,12600,02/11/23,,fedex,Delivered
15754,10652,28/03/22,,fedex,Delivered
15755,19646,05/06/23,,fedex,Delivered
15756,12103,31/01/20,,fedex,In Transit
15757,15517,01/12/23,,fedex,Delivered
15758,16130,05/11/20,,bluedart,In Transit
15759,10428,06/04/20,,bluedart,Delivered
15760,12062,08/04/21,,fedex,Delivered
15761,5513,16/01/20,,fedex,Delivered
15762,1664,15/04/22,,fedex,In Transit
15763,13833,11/09/23,18/09/23,dhl,Returned
15764,20920,11/06/22,,fedex,In Transit
15765,16319,27/03/22,,fedex,Delivered
15766,3414,18/01/21,30/01/21,fedex,Returned
15767,10456,25/12/22,,fedex,Delivered
15768,18965,06/08/21,,dhl,Delivered
15769,17065,06/11/21,,ups,Delivered
15770,1428,08/04/22,,fedex,In Transit
15771,18224,17/02/21,,bluedart,In Transit
15772,10576,27/08/21,,dhl,In Transit
15773,1868,04/03/22,,fedex,In Transit
15774,13189,02/02/20,,dhl,In Transit
15775,853,28/05/22,,fedex,In Transit
15776,6705,02/08/21,,fedex,Delivered
15777,5846,10/06/22,,usps,In Transit
15778,11372,10/08/22,,fedex,Delivered
15779,14832,29/09/21,,fedex,Delivered
15780,18920,12/12/22,,dhl,In Transit
15781,4134,01/12/22,,fedex,Delivered
15782,17664,01/03/21,,fedex,Delivered
15783,19898,24/08/21,,fedex,In Transit
15784,10944,08/09/22,,fedex,Delivered
15785,17730,13/08/20,,fedex,Delivered
15786,19802,24/05/20,,usps,Delivered
15787,18997,15/09/21,,bluedart,In Transit
15788,1500,04/04/23,,fedex,Delivered
15789,14434,19/11/20,,dhl,In Transit
15790,10281,05/07/20,,fedex,In Transit
15791,5067,04/12/23,,bluedart,Delivered
15792,16905,14/04/21,,usps,Delivered
15793,3973,27/07/22,,bluedart,In Transit
15794,1159,15/05/23,,ups,In Transit
15795,2391,02/09/22,,dhl,In Transit
15796,16546,28/05/22,,fedex,Delivered
15797,9740,20/01/21,,fedex,In Transit
15798,2681,09/08/22,,bluedart,Delivered
15799,15981,08/05/21,,ups,In Transit
15800,2502,08/02/20,,bluedart,Delivered
15801,11714,29/05/20,,fedex,In Transit
15802,8530,29/07/23,,bluedart,Delivered
15803,14008,29/01/21,,fedex,Delivered
15804,14463,15/09/22,,dhl,Delivered
15805,21626,24/11/21,,bluedart,Delivered
15806,7077,02/06/21,,dhl,Cancelled
15807,3168,02/09/21,,ups,In Transit
15808,16126,26/09/20,,fedex,Delivered
15809,2725,21/03/23,,ups,Delivered
15810,13894,09/07/20,,bluedart,Delivered
15811,21318,09/11/20,,fedex,Cancelled
15812,16858,30/10/20,,ups,In Transit
15813,13024,05/03/21,,dhl,In Transit
15814,2470,01/03/21,,dhl,In Transit
15815,2315,15/10/21,,fedex,In Transit
15816,11733,10/11/22,,fedex,Delivered
15817,13025,30/09/21,,bluedart,In Transit
15818,687,20/09/22,,dhl,Delivered
15819,6680,24/04/22,,fedex,Delivered
15820,21281,12/07/23,,fedex,In Transit
15821,13352,05/10/20,,fedex,Delivered
15822,2116,18/07/23,,dhl,In Transit
15823,11366,11/10/21,,fedex,In Transit
15824,9489,17/04/20,,ups,Cancelled
15825,18529,21/04/21,,dhl,In Transit
15826,20370,18/10/23,,usps,In Transit
15827,15814,28/03/23,,dhl,Delivered
15828,12032,09/08/23,,bluedart,Delivered
15829,14520,11/03/21,,ups,Delivered
15830,8443,04/06/20,,ups,Delivered
15831,16457,15/01/23,,ups,In Transit
15832,12452,20/04/23,,usps,In Transit
15833,2227,18/05/20,,dhl,Delivered
15834,13480,21/09/22,,dhl,In Transit
15835,11426,20/01/20,,fedex,Delivered
15836,13797,06/09/23,,bluedart,In Transit
15837,14675,17/03/22,,fedex,Delivered
15838,18880,13/06/23,,bluedart,Delivered
15839,18652,04/02/22,,dhl,In Transit
15840,12951,23/05/22,,fedex,Delivered
15841,13745,15/11/20,,ups,In Transit
15842,21533,19/02/22,,fedex,Delivered
15843,13602,18/08/23,,fedex,In Transit
15844,886,25/10/23,,fedex,In Transit
15845,7817,28/09/23,,ups,In Transit
15846,19049,27/02/21,,fedex,In Transit
15847,7492,07/04/22,,ups,In Transit
15848,12340,14/03/23,,fedex,Delivered
15849,13675,29/05/21,,dhl,In Transit
15850,3967,16/02/22,,fedex,In Transit
15851,11036,05/10/22,23/10/22,dhl,Returned
15852,3358,21/04/21,,usps,Delivered
15853,1518,01/04/23,,usps,Delivered
15854,9164,05/01/23,,fedex,In Transit
15855,14232,13/08/22,,fedex,Delivered
15856,7541,17/02/23,,fedex,Delivered
15857,1523,19/01/22,,bluedart,Delivered
15858,14228,03/09/23,,ups,Cancelled
15859,18498,27/10/21,,fedex,In Transit
15860,17005,30/04/20,,dhl,Delivered
15861,17555,02/11/20,,dhl,Cancelled
15862,21291,22/05/20,,dhl,Delivered
15863,9479,07/04/20,,fedex,Delivered
15864,18416,18/05/23,,bluedart,Delivered
15865,4179,16/09/21,,ups,Delivered
15866,18225,15/12/21,,fedex,In Transit
15867,6929,23/12/21,,fedex,Delivered
15868,4014,05/08/22,,fedex,Delivered
15869,18406,15/02/21,,usps,Delivered
15870,1104,16/09/21,,bluedart,In Transit
15871,6253,03/01/20,,dhl,In Transit
15872,20962,14/02/22,,bluedart,Delivered
15873,14708,21/07/20,,ups,Delivered
15874,14378,08/10/23,,ups,Delivered
15875,19429,10/02/23,,bluedart,In Transit
15876,17002,04/11/20,,fedex,In Transit
15877,11965,09/12/20,,dhl,In Transit
15878,18699,12/04/23,,fedex,In Transit
15879,9957,19/09/20,,fedex,Delivered
15880,5403,23/01/20,,bluedart,In Transit
15881,2047,07/04/20,,fedex,In Transit
15882,5005,18/12/23,,dhl,In Transit
15883,7866,21/02/23,,fedex,Delivered
15884,9832,17/12/23,,fedex,Delivered
15885,10104,14/01/23,,fedex,Delivered
15886,10450,20/12/22,,dhl,Cancelled
15887,13155,03/09/23,,fedex,Delivered
15888,4510,23/02/20,,fedex,In Transit
15889,11814,01/03/21,,ups,Delivered
15890,7037,21/06/23,,dhl,Delivered
15891,9845,21/10/20,,fedex,In Transit
15892,20819,30/07/20,16/08/20,usps,Returned
15893,21111,19/03/22,,dhl,Cancelled
15894,12533,14/06/20,,ups,Delivered
15895,7820,17/02/21,,ups,Delivered
15896,18093,26/02/20,,dhl,Delivered
15897,7922,04/06/22,25/06/22,bluedart,Returned
15898,20511,01/06/22,,usps,Delivered
15899,20021,09/03/22,,bluedart,Delivered
15900,14172,10/10/21,,fedex,Delivered
15901,17626,08/09/23,,bluedart,In Transit
15902,2492,22/05/23,,fedex,Delivered
15903,6211,03/06/22,,bluedart,Cancelled
15904,7170,31/08/23,,fedex,Delivered
15905,4745,01/09/21,,fedex,Delivered
15906,21047,19/04/20,,fedex,In Transit
15907,20625,29/01/20,,dhl,Delivered
15908,18555,08/08/21,,bluedart,In Transit
15909,11898,08/09/21,,ups,In Transit
15910,731,09/08/20,,usps,In Transit
15911,2016,18/09/22,,fedex,Delivered
15912,4845,05/03/22,,ups,Delivered
15913,5965,22/06/21,,fedex,Delivered
15914,18098,26/09/20,,fedex,In Transit
15915,673,22/11/20,,fedex,Delivered
15916,15899,13/08/22,,fedex,Delivered
15917,14028,27/11/20,,dhl,Delivered
15918,9566,06/12/23,,usps,In Transit
15919,19172,25/11/23,,fedex,In Transit
15920,19070,24/01/23,,fedex,Delivered
15921,5400,05/09/23,,fedex,In Transit
15922,6636,31/07/22,,fedex,Delivered
15923,457,23/01/22,,bluedart,In Transit
15924,2468,01/07/23,,fedex,Delivered
15925,10614,27/01/21,,fedex,In Transit
15926,3825,05/01/21,,dhl,Cancelled
15927,19051,14/09/23,,fedex,Delivered
15928,12257,05/04/21,,fedex,In Transit
15929,4690,17/11/21,,ups,Cancelled
15930,1239,20/09/20,,dhl,In Transit
15931,9221,03/01/22,,dhl,Delivered
15932,5286,17/03/20,,bluedart,In Transit
15933,3176,03/10/22,,fedex,Delivered
15934,17434,11/07/22,,ups,Delivered
15935,4094,05/12/23,,bluedart,In Transit
15936,11111,24/01/21,,fedex,Delivered
15937,12161,20/11/22,,fedex,Delivered
15938,2762,27/10/20,,fedex,Delivered
15939,15647,12/04/21,,fedex,Delivered
15940,21131,08/10/22,,fedex,Delivered
15941,3342,13/04/23,,usps,In Transit
15942,14575,07/06/20,,usps,In Transit
15943,14310,27/04/23,,bluedart,In Transit
15944,2834,11/02/23,,fedex,Delivered
15945,10835,28/05/23,,dhl,Delivered
15946,15447,01/07/21,,fedex,Delivered
15947,16495,21/06/21,,ups,In Transit
15948,4432,04/07/23,,fedex,In Transit
15949,21384,30/06/20,,fedex,Delivered
15950,9031,22/07/23,,fedex,Cancelled
15951,16108,24/10/21,,dhl,In Transit
15952,5975,13/05/22,,fedex,In Transit
15953,4311,25/11/21,,usps,In Transit
15954,129,23/10/20,,fedex,Delivered
15955,16630,26/05/22,,fedex,In Transit
15956,7193,19/06/21,07/07/21,bluedart,Returned
15957,16281,25/10/22,,dhl,Delivered
15958,10105,31/10/21,,ups,Delivered
15959,13201,26/03/22,,fedex,In Transit
15960,19888,08/07/20,,fedex,Delivered
15961,13961,16/03/22,,usps,Delivered
15962,3422,20/03/21,,fedex,In Transit
15963,19623,11/01/23,,bluedart,Delivered
15964,5941,20/09/22,,dhl,Delivered
15965,5116,21/09/21,,fedex,In Transit
15966,14000,19/09/22,,fedex,Delivered
15967,4464,06/07/23,,fedex,Delivered
15968,13985,11/01/20,,bluedart,In Transit
15969,5405,16/05/23,,fedex,Delivered
15970,8513,26/11/21,,dhl,In Transit
15971,6978,02/05/22,,usps,In Transit
15972,13980,25/10/21,,ups,Delivered
15973,2619,22/12/23,,ups,Delivered
15974,13678,20/11/20,,fedex,Delivered
15975,13950,28/03/22,,dhl,Delivered
15976,4391,15/02/23,,fedex,Cancelled
15977,981,20/12/21,,dhl,Delivered
15978,11757,02/07/21,,bluedart,Cancelled
15979,7004,19/09/23,,fedex,In Transit
15980,12753,13/07/23,,bluedart,Delivered
15981,18051,07/12/23,,fedex,Cancelled
15982,19084,07/06/21,,fedex,Delivered
15983,8256,06/09/20,,bluedart,Delivered
15984,16102,08/10/20,,fedex,Delivered
15985,17408,15/10/21,,dhl,In Transit
15986,5037,06/11/20,,fedex,Delivered
15987,6750,06/05/23,,fedex,In Transit
15988,8433,05/04/22,,fedex,In Transit
15989,18277,04/08/21,,bluedart,In Transit
15990,12926,18/01/22,,fedex,Delivered
15991,8670,03/03/23,,fedex,Delivered
15992,15980,24/04/22,,bluedart,Delivered
15993,7201,16/08/22,,dhl,Delivered
15994,3971,03/11/22,,bluedart,Cancelled
15995,4647,24/12/20,,dhl,Delivered
15996,19624,13/10/23,,fedex,In Transit
15997,6690,17/10/21,,fedex,Delivered
15998,1389,14/01/23,,bluedart,Cancelled
15999,19837,22/11/22,,fedex,In Transit
16000,9309,30/10/23,,bluedart,Delivered
16001,15373,30/07/21,,dhl,In Transit
16002,20063,24/11/23,,bluedart,Delivered
16003,9233,03/06/21,,fedex,In Transit
16004,21553,13/01/21,,fedex,In Transit
16005,10930,08/03/23,,bluedart,Delivered
16006,8123,24/03/22,,fedex,In Transit
16007,4362,26/12/23,,fedex,In Transit
16008,16933,14/05/22,,fedex,Delivered
16009,7642,25/11/21,,fedex,Delivered
16010,6250,22/06/23,,dhl,Delivered
16011,6813,24/12/21,,dhl,In Transit
16012,5385,23/05/21,,fedex,Cancelled
16013,1864,04/09/21,,fedex,Delivered
16014,19284,28/10/23,,fedex,Delivered
16015,7081,18/11/20,,fedex,In Transit
16016,10737,03/03/20,,fedex,In Transit
16017,12663,16/01/20,,fedex,Cancelled
16018,5068,14/01/21,,dhl,Cancelled
16019,6664,28/09/21,,fedex,Delivered
16020,12068,09/03/20,31/03/20,usps,Returned
16021,16255,11/12/21,,bluedart,In Transit
16022,3704,08/06/23,,dhl,In Transit
16023,319,08/01/20,15/01/20,bluedart,Returned
16024,4427,13/10/21,,fedex,In Transit
16025,17235,04/07/20,,ups,In Transit
16026,12305,18/09/21,,fedex,In Transit
16027,12119,26/10/23,,usps,In Transit
16028,20477,05/09/21,,fedex,Delivered
16029,5534,17/05/20,,ups,In Transit
16030,19607,20/12/20,,fedex,Delivered
16031,5896,09/06/23,,usps,In Transit
16032,13112,02/09/21,,ups,In Transit
16033,3667,11/09/21,,bluedart,Cancelled
16034,15188,17/08/23,,fedex,Cancelled
16035,11993,05/02/20,,fedex,Delivered
16036,20113,03/01/22,,fedex,In Transit
16037,2138,26/11/21,,bluedart,In Transit
16038,9117,17/04/23,,bluedart,In Transit
16039,2014,02/09/23,,fedex,Delivered
16040,2251,23/03/23,,fedex,Delivered
16041,17275,10/12/20,,bluedart,Delivered
16042,5533,30/06/22,,fedex,In Transit
16043,19136,14/09/20,,bluedart,In Transit
16044,21035,20/08/23,,fedex,Delivered
16045,10031,01/06/23,,bluedart,In Transit
16046,3359,25/03/23,,ups,Delivered
16047,14140,01/01/24,,fedex,In Transit
16048,19782,22/04/22,,fedex,In Transit
16049,653,20/07/20,,ups,Delivered
16050,5235,05/02/21,,dhl,Delivered
16051,14501,21/09/23,,usps,In Transit
16052,2957,18/12/20,,fedex,Delivered
16053,7834,03/01/21,,fedex,Delivered
16054,19487,02/06/23,,fedex,In Transit
16055,7693,07/05/20,,ups,Delivered
16056,5857,04/01/20,,bluedart,Delivered
16057,8276,25/07/20,,fedex,Cancelled
16058,10695,25/04/21,,fedex,In Transit
16059,3571,24/05/22,,bluedart,Delivered
16060,14706,28/06/22,,dhl,Delivered
16061,4270,08/10/23,,fedex,In Transit
16062,15505,27/08/22,,dhl,Delivered
16063,17880,05/10/21,,fedex,Delivered
16064,11872,14/07/21,,bluedart,In Transit
16065,6841,19/04/23,,ups,Delivered
16066,13050,01/08/20,,fedex,Delivered
16067,1456,27/09/22,,bluedart,Delivered
16068,9445,18/04/20,,fedex,In Transit
16069,14957,19/03/22,,ups,In Transit
16070,20641,25/11/21,,ups,Delivered
16071,821,31/08/23,,usps,Cancelled
16072,7587,05/12/22,,ups,Cancelled
16073,5143,28/05/22,,fedex,In Transit
16074,18447,06/02/22,,fedex,In Transit
16075,19916,24/03/20,,fedex,Delivered
16076,21174,24/01/20,,dhl,Delivered
16077,18307,28/12/23,,bluedart,Delivered
16078,7336,14/11/20,,ups,Delivered
16079,3633,05/09/22,,bluedart,In Transit
16080,9875,18/02/23,24/02/23,fedex,Returned
16081,13546,22/10/22,,usps,Delivered
16082,7174,27/01/22,,fedex,In Transit
16083,1967,09/03/22,,ups,In Transit
16084,21323,12/06/21,,ups,Delivered
16085,15271,10/07/20,,dhl,Delivered
16086,17319,26/06/22,,usps,Cancelled
16087,45,12/12/21,,fedex,Delivered
16088,13521,11/06/21,,bluedart,In Transit
16089,10400,27/05/21,,dhl,Delivered
16090,7799,26/02/22,,ups,Delivered
16091,19021,18/05/20,,fedex,In Transit
16092,4925,16/10/23,,bluedart,Delivered
16093,7300,25/02/21,,bluedart,In Transit
16094,2857,01/04/21,,dhl,In Transit
16095,10055,16/12/23,,dhl,Delivered
16096,17099,22/02/21,,ups,Delivered
16097,10689,26/03/23,,usps,In Transit
16098,15738,02/02/23,,ups,In Transit
16099,21330,22/06/21,,dhl,Cancelled
16100,16031,23/05/22,,bluedart,Delivered
16101,3926,14/04/23,,fedex,Delivered
16102,20183,29/03/23,,usps,Delivered
16103,6586,10/04/21,,fedex,Delivered
16104,15370,20/11/21,,ups,Delivered
16105,17457,08/11/23,,ups,Delivered
16106,14890,20/06/22,,bluedart,Delivered
16107,12989,18/02/21,,fedex,Delivered
16108,21521,24/06/23,,fedex,Delivered
16109,15895,27/12/22,,fedex,Delivered
16110,19654,22/06/23,,fedex,Delivered
16111,7203,31/05/20,,fedex,Delivered
16112,8709,22/03/20,,dhl,In Transit
16113,9070,29/01/23,,fedex,Delivered
16114,20018,23/06/20,,ups,Delivered
16115,12462,03/09/21,,dhl,Delivered
16116,3044,18/07/20,,usps,In Transit
16117,15844,19/05/21,,fedex,Delivered
16118,17672,21/08/20,,fedex,Delivered
16119,17165,04/08/22,,fedex,Delivered
16120,19942,04/11/22,,usps,In Transit
16121,20679,20/11/20,,fedex,Delivered
16122,13237,03/06/20,,usps,Delivered
16123,20570,19/09/20,,dhl,In Transit
16124,4753,15/01/22,,fedex,Delivered
16125,20270,14/10/20,,fedex,Delivered
16126,6536,03/06/21,,fedex,Delivered
16127,12746,04/11/21,,fedex,Delivered
16128,18755,27/02/21,,bluedart,In Transit
16129,16391,30/09/22,,fedex,Delivered
16130,4619,14/06/20,,dhl,Cancelled
16131,15165,03/12/21,,bluedart,Delivered
16132,19328,28/11/21,,dhl,Delivered
16133,9126,18/12/23,,bluedart,Delivered
16134,2298,22/11/22,,bluedart,Delivered
16135,7012,26/04/20,,fedex,Delivered
16136,2159,27/09/22,,bluedart,In Transit
16137,16651,19/02/21,,fedex,Delivered
16138,3437,20/06/20,,fedex,Delivered
16139,21062,20/05/22,,ups,Delivered
16140,19605,02/04/23,,ups,Delivered
16141,19544,13/07/20,,dhl,In Transit
16142,16953,04/06/21,,fedex,Cancelled
16143,8477,06/11/21,,fedex,In Transit
16144,141,12/08/22,,ups,Cancelled
16145,7498,03/03/20,,ups,Delivered
16146,19124,18/02/23,,dhl,Delivered
16147,2630,31/10/23,,fedex,Delivered
16148,8053,28/10/21,,fedex,In Transit
16149,9642,17/11/21,,bluedart,In Transit
16150,13594,13/03/20,,fedex,Delivered
16151,20530,24/12/23,,ups,Delivered
16152,10581,23/04/21,,fedex,In Transit
16153,4918,05/08/20,,fedex,Delivered
16154,6033,04/02/21,,fedex,In Transit
16155,1657,22/07/23,,fedex,Delivered
16156,9239,02/01/20,,ups,In Transit
16157,1482,26/05/20,,fedex,Delivered
16158,7554,24/02/23,,fedex,In Transit
16159,6105,13/04/21,,bluedart,Delivered
16160,12070,06/02/20,,bluedart,Delivered
16161,559,12/01/21,,fedex,Delivered
16162,8060,08/07/21,,ups,Delivered
16163,11591,09/01/20,,dhl,Delivered
16164,13725,07/11/20,,fedex,In Transit
16165,20441,26/08/21,,fedex,In Transit
16166,10462,30/09/23,,fedex,In Transit
16167,6905,23/07/20,,fedex,In Transit
16168,4389,30/04/21,,fedex,Delivered
16169,2141,08/04/21,,dhl,Delivered
16170,7356,07/05/22,,bluedart,Delivered
16171,17061,18/09/23,,dhl,Delivered
16172,16664,23/11/20,,ups,Delivered
16173,296,06/05/20,,ups,Delivered
16174,14493,29/08/23,,fedex,Delivered
16175,39,03/02/21,,fedex,In Transit
16176,2803,13/12/21,,fedex,Delivered
16177,7089,10/07/22,,bluedart,Delivered
16178,9051,19/03/22,,ups,Delivered
16179,10309,10/04/22,,fedex,In Transit
16180,12656,22/11/23,,fedex,In Transit
16181,333,26/01/20,,ups,Delivered
16182,18871,10/11/21,,dhl,Delivered
16183,17761,21/08/22,,fedex,In Transit
16184,14330,04/04/23,,fedex,Delivered
16185,18419,16/03/22,,fedex,Delivered
16186,2962,17/02/20,,usps,Delivered
16187,8244,15/10/21,,fedex,Delivered
16188,20971,22/09/22,,bluedart,In Transit
16189,12389,02/07/23,,usps,Delivered
16190,11713,24/05/23,,bluedart,In Transit
16191,16822,25/08/23,,fedex,Cancelled
16192,8274,08/11/22,,ups,Delivered
16193,17006,21/11/23,,fedex,In Transit
16194,9536,26/10/23,,usps,In Transit
16195,9933,25/07/21,,fedex,Delivered
16196,6659,20/07/23,,fedex,In Transit
16197,551,20/11/21,,usps,Delivered
16198,9111,28/06/23,,fedex,In Transit
16199,21598,08/04/23,,fedex,Delivered
16200,17046,03/05/20,,fedex,In Transit
16201,4835,11/12/21,,fedex,Delivered
16202,20055,25/12/23,,ups,In Transit
16203,19998,19/05/21,,ups,Delivered
16204,10899,11/02/22,,fedex,Delivered
16205,10155,26/09/20,,usps,In Transit
16206,1555,13/05/20,,usps,Delivered
16207,14233,22/07/23,,ups,In Transit
16208,10617,23/10/23,,bluedart,Delivered
16209,1318,12/05/23,,usps,Delivered
16210,14674,28/01/22,,dhl,In Transit
16211,9289,18/08/20,,fedex,Delivered
16212,4564,22/02/21,,fedex,Delivered
16213,20241,03/01/21,,dhl,In Transit
16214,3152,01/01/22,,fedex,Delivered
16215,14248,20/07/20,,ups,Cancelled
16216,18524,10/03/23,,bluedart,Delivered
16217,5487,08/08/23,,bluedart,Cancelled
16218,20935,18/06/20,,fedex,Delivered
16219,4051,07/12/23,,fedex,Delivered
16220,8760,26/09/23,,fedex,Delivered
16221,15692,30/07/23,,dhl,Delivered
16222,2418,16/09/20,,fedex,In Transit
16223,1792,18/03/20,,usps,In Transit
16224,11848,26/04/21,,bluedart,Delivered
16225,6053,10/05/23,,dhl,Delivered
16226,19112,22/10/20,,dhl,In Transit
16227,17715,04/01/24,,fedex,In Transit
16228,15295,12/09/23,,bluedart,Delivered
16229,2221,01/09/22,,fedex,In Transit
16230,20677,02/04/22,,dhl,In Transit
16231,20689,17/10/20,,bluedart,In Transit
16232,13994,12/09/23,,fedex,In Transit
16233,14596,08/07/21,,fedex,Delivered
16234,20313,14/06/21,,fedex,Delivered
16235,9276,27/01/23,,fedex,Delivered
16236,14490,25/02/20,,fedex,In Transit
16237,5310,19/08/20,,bluedart,Delivered
16238,14037,17/07/20,,ups,Delivered
16239,18585,26/12/22,,fedex,In Transit
16240,18139,16/02/23,,bluedart,In Transit
16241,12927,10/02/21,,fedex,Delivered
16242,12700,07/05/20,01/06/20,fedex,Returned
16243,20345,16/07/22,,fedex,In Transit
16244,3538,13/06/23,,ups,Delivered
16245,11739,24/05/22,,fedex,Delivered
16246,11028,16/02/20,,dhl,In Transit
16247,11690,14/11/22,,fedex,Cancelled
16248,12566,22/07/21,,dhl,Delivered
16249,16941,07/03/22,,dhl,Cancelled
16250,8795,14/12/23,,fedex,Delivered
16251,73,24/04/22,,fedex,Delivered
16252,11155,14/04/21,,fedex,Delivered
16253,7002,17/03/20,,dhl,Delivered
16254,17471,12/05/22,,dhl,In Transit
16255,18409,21/01/23,,bluedart,In Transit
16256,9224,06/04/23,,fedex,In Transit
16257,11157,04/03/21,,dhl,In Transit
16258,9009,07/11/23,,fedex,In Transit
16259,8155,26/10/21,,fedex,Delivered
16260,13122,09/03/23,,fedex,In Transit
16261,20767,17/01/22,,bluedart,Delivered
16262,18384,10/06/22,,fedex,Delivered
16263,18753,08/10/21,,fedex,Delivered
16264,19439,15/11/21,,usps,In Transit
16265,4631,01/02/21,,usps,Delivered
16266,4045,11/12/21,,fedex,In Transit
16267,7589,04/04/22,,fedex,Delivered
16268,13341,15/08/22,,usps,In Transit
16269,14614,14/08/20,,fedex,In Transit
16270,52,27/08/22,,fedex,Delivered
16271,19336,04/10/21,,dhl,In Transit
16272,3409,24/07/22,,fedex,Delivered
16273,7830,05/10/22,,dhl,In Transit
16274,16827,07/02/21,,ups,Delivered
16275,5391,29/09/22,,fedex,In Transit
16276,20194,02/09/23,,fedex,In Transit
16277,1721,25/04/21,,fedex,Delivered
16278,12371,29/09/23,,usps,Delivered
16279,6663,08/02/21,,usps,Delivered
16280,2140,29/07/21,,fedex,Delivered
16281,17996,15/03/22,,dhl,In Transit
16282,5917,09/08/20,,dhl,Delivered
16283,17498,12/03/21,,fedex,Delivered
16284,17850,02/10/22,,bluedart,Delivered
16285,12199,16/12/22,,dhl,Delivered
16286,6654,28/05/21,,ups,Delivered
16287,3396,17/12/21,,bluedart,Delivered
16288,11361,05/01/21,,fedex,In Transit
16289,8821,30/03/22,,dhl,Delivered
16290,18405,02/02/20,,ups,Delivered
16291,12181,11/10/20,,fedex,Delivered
16292,18764,30/11/21,,fedex,In Transit
16293,17949,08/11/20,,dhl,In Transit
16294,13126,07/08/21,,dhl,Delivered
16295,7128,05/12/22,,ups,In Transit
16296,7000,19/07/22,,fedex,In Transit
16297,7666,15/03/22,,ups,Delivered
16298,11578,21/01/23,,usps,In Transit
16299,304,07/03/22,,usps,Delivered
16300,16722,06/06/21,,fedex,In Transit
16301,19875,25/05/21,,dhl,In Transit
16302,20509,10/07/22,,fedex,In Transit
16303,4077,02/03/21,,fedex,Delivered
16304,18308,05/12/23,,fedex,Delivered
16305,18371,22/01/23,,bluedart,Delivered
16306,6251,31/12/23,,fedex,In Transit
16307,9549,23/02/21,,fedex,Delivered
16308,19364,31/05/20,,fedex,Delivered
16309,11985,14/10/20,,dhl,In Transit
16310,496,15/09/23,,bluedart,Delivered
16311,1597,05/07/23,,dhl,Delivered
16312,21342,15/05/21,,bluedart,Delivered
16313,18987,11/11/21,,ups,Delivered
16314,7507,03/09/21,,usps,Cancelled
16315,21042,06/06/23,,dhl,Cancelled
16316,4519,06/01/23,,ups,Delivered
16317,5950,10/03/21,,bluedart,Delivered
16318,1494,23/09/21,,dhl,Delivered
16319,8678,10/05/20,,fedex,In Transit
16320,17796,03/11/20,,ups,In Transit
16321,20844,31/12/22,,dhl,Delivered
16322,4534,16/09/21,28/09/21,dhl,Returned
16323,13323,19/11/22,,usps,Delivered
16324,6181,03/04/20,,dhl,Delivered
16325,17987,25/01/21,,dhl,Delivered
16326,19872,06/03/22,,dhl,Delivered
16327,7199,02/05/23,,usps,Delivered
16328,15497,05/12/20,,fedex,In Transit
16329,3613,07/12/23,,dhl,In Transit
16330,11976,27/08/21,,fedex,Delivered
16331,12416,14/06/22,,dhl,Delivered
16332,21555,01/02/20,,fedex,Delivered
16333,13239,11/07/21,,fedex,Delivered
16334,14185,19/03/21,,usps,In Transit
16335,583,19/02/20,,bluedart,Delivered
16336,14834,24/05/21,,ups,Cancelled
16337,9779,14/11/21,25/11/21,dhl,Returned
16338,3483,05/11/21,,bluedart,Delivered
16339,207,27/03/21,,dhl,In Transit
16340,15160,07/05/23,,fedex,Delivered
16341,1020,02/12/23,,fedex,Delivered
16342,7811,21/09/21,,ups,In Transit
16343,17808,05/08/22,,bluedart,Delivered
16344,14567,30/08/21,,bluedart,Delivered
16345,6332,06/10/23,,ups,Cancelled
16346,20058,16/05/21,,fedex,Delivered
16347,2516,28/05/21,,ups,In Transit
16348,11365,17/11/20,,fedex,Cancelled
16349,10754,19/03/20,,dhl,In Transit
16350,11584,18/09/22,,dhl,Delivered
16351,19,22/09/21,05/10/21,fedex,Returned
16352,12375,10/07/20,,fedex,Delivered
16353,5504,05/03/21,20/03/21,fedex,Returned
16354,14579,21/08/20,,usps,Delivered
16355,7735,12/09/23,,fedex,In Transit
16356,17358,21/10/22,,fedex,Delivered
16357,6518,28/04/23,,bluedart,In Transit
16358,20002,11/02/23,,fedex,Delivered
16359,4003,18/06/22,,dhl,In Transit
16360,2497,22/03/23,14/04/23,fedex,Returned
16361,9895,05/04/21,,ups,In Transit
16362,14429,11/07/23,,fedex,Delivered
16363,13076,06/12/21,,dhl,Delivered
16364,8272,26/06/20,,fedex,In Transit
16365,16904,15/09/20,,bluedart,Cancelled
16366,5880,10/02/23,,fedex,In Transit
16367,15015,25/05/20,,fedex,Delivered
16368,6334,27/05/21,,usps,In Transit
16369,2112,28/06/20,,ups,In Transit
16370,14414,24/01/20,,bluedart,Delivered
16371,4181,14/03/20,,ups,In Transit
16372,2840,20/10/20,,ups,Delivered
16373,11300,27/06/22,,dhl,In Transit
16374,8130,06/04/23,,usps,In Transit
16375,18259,15/10/22,,fedex,In Transit
16376,20683,30/01/22,,fedex,Delivered
16377,2331,23/06/23,,dhl,Delivered
16378,20875,21/11/23,,ups,In Transit
16379,15561,19/08/20,,dhl,Delivered
16380,688,13/10/23,,dhl,Delivered
16381,4960,29/07/20,,fedex,Delivered
16382,4143,21/06/22,,fedex,Delivered
16383,7063,27/07/23,,fedex,In Transit
16384,12089,19/08/20,,fedex,Delivered
16385,5631,02/03/23,,fedex,Delivered
16386,9561,21/10/22,,dhl,In Transit
16387,14820,25/01/23,,fedex,In Transit
16388,18178,24/11/20,09/12/20,fedex,Returned
16389,349,09/08/23,,ups,In Transit
16390,19518,30/11/22,,dhl,Delivered
16391,7275,28/08/22,,fedex,Delivered
16392,11192,10/11/21,,fedex,Delivered
16393,21416,23/01/20,,dhl,In Transit
16394,4418,20/11/23,,fedex,In Transit
16395,9948,22/02/21,,fedex,Delivered
16396,15900,27/01/20,,fedex,In Transit
16397,12954,14/08/22,,ups,In Transit
16398,16382,18/12/20,,bluedart,Delivered
16399,15383,30/06/23,,fedex,In Transit
16400,10485,14/09/23,,ups,Cancelled
16401,3738,08/12/22,,dhl,In Transit
16402,18736,16/04/20,,fedex,Delivered
16403,19784,12/02/20,,fedex,In Transit
16404,12138,09/09/22,,dhl,Delivered
16405,19601,03/06/21,,fedex,Delivered
16406,15581,05/05/20,,bluedart,Delivered
16407,4605,16/11/22,,fedex,In Transit
16408,12333,26/11/22,,dhl,In Transit
16409,12885,24/07/22,,dhl,In Transit
16410,13111,05/12/23,,fedex,Delivered
16411,16222,10/11/23,30/11/23,bluedart,Returned
16412,15983,13/06/23,,fedex,In Transit
16413,14718,24/09/22,,bluedart,In Transit
16414,19448,23/07/20,,usps,In Transit
16415,9156,01/07/21,,bluedart,Delivered
16416,11204,05/09/23,,usps,Delivered
16417,8778,30/09/22,,dhl,Delivered
16418,14869,06/12/20,,fedex,Delivered
16419,13326,02/08/21,,dhl,Cancelled
16420,20444,29/07/20,,dhl,In Transit
16421,17847,10/03/23,,usps,Delivered
16422,17563,23/04/20,,fedex,In Transit
16423,14066,11/02/22,,fedex,In Transit
16424,13191,08/04/23,,fedex,In Transit
16425,13343,30/10/23,,bluedart,Delivered
16426,5722,11/02/23,,ups,Cancelled
16427,14568,27/08/20,,fedex,Delivered
16428,15224,06/04/21,,fedex,Delivered
16429,2191,15/11/21,,fedex,Delivered
16430,15340,11/09/23,,bluedart,In Transit
16431,11211,23/08/23,,fedex,Delivered
16432,16894,27/05/23,,fedex,In Transit
16433,14281,07/10/22,,dhl,In Transit
16434,2310,08/12/23,,bluedart,In Transit
16435,17875,23/11/23,,fedex,In Transit
16436,10159,09/12/21,,dhl,Delivered
16437,14644,17/12/21,,fedex,Cancelled
16438,3547,29/04/23,,dhl,In Transit
16439,829,04/11/20,,dhl,Cancelled
16440,6136,20/06/20,,bluedart,Delivered
16441,8253,13/08/23,,dhl,In Transit
16442,391,01/02/23,,fedex,In Transit
16443,4914,02/05/23,,fedex,Delivered
16444,21478,22/10/21,,dhl,In Transit
16445,20949,25/11/20,,fedex,Delivered
16446,11888,18/08/23,,fedex,In Transit
16447,15909,17/11/20,,fedex,Delivered
16448,2598,23/02/22,,fedex,In Transit
16449,1160,01/01/23,,fedex,Cancelled
16450,13394,03/10/21,,ups,Delivered
16451,11004,01/09/22,,dhl,In Transit
16452,12682,10/08/22,,fedex,In Transit
16453,16711,09/03/22,,fedex,Delivered
16454,1134,29/07/22,,fedex,Delivered
16455,10305,24/05/21,,fedex,In Transit
16456,15082,26/04/22,,dhl,In Transit
16457,15574,05/08/22,,bluedart,In Transit
16458,14334,21/10/23,,ups,In Transit
16459,12910,11/01/23,22/01/23,dhl,Returned
16460,14319,02/04/23,,ups,In Transit
16461,3658,07/06/20,,fedex,Delivered
16462,160,17/12/20,,dhl,Cancelled
16463,12344,05/09/20,,ups,Delivered
16464,1189,10/02/23,,bluedart,In Transit
16465,11660,15/04/21,,bluedart,In Transit
16466,6589,17/11/20,,usps,Cancelled
16467,12509,10/03/20,,bluedart,Delivered
16468,20351,16/01/21,,usps,Delivered
16469,20178,13/08/20,,usps,Delivered
16470,11948,28/03/20,,bluedart,Delivered
16471,8442,13/05/23,,fedex,Cancelled
16472,15693,30/11/20,,fedex,Delivered
16473,18158,09/03/21,,usps,In Transit
16474,7159,24/05/20,,fedex,In Transit
16475,9387,15/11/22,,fedex,Delivered
16476,12651,10/08/20,,fedex,Cancelled
16477,1019,23/09/21,,fedex,In Transit
16478,1156,02/06/23,,fedex,Delivered
16479,14752,09/10/21,,fedex,Delivered
16480,250,06/01/22,,dhl,In Transit
16481,20961,07/03/23,,dhl,In Transit
16482,2264,08/05/22,,fedex,In Transit
16483,7162,06/10/22,,fedex,In Transit
16484,12540,23/06/23,,dhl,Delivered
16485,12937,07/07/21,,fedex,Delivered
16486,7173,27/10/23,04/11/23,dhl,Returned
16487,279,02/06/20,,dhl,Delivered
16488,3447,25/04/21,,dhl,Delivered
16489,6551,07/11/20,,fedex,Delivered
16490,18527,15/03/23,,usps,Delivered
16491,6049,13/05/21,,fedex,Cancelled
16492,4610,19/12/21,,bluedart,Delivered
16493,16417,02/10/20,,bluedart,In Transit
16494,2666,24/05/21,,fedex,Delivered
16495,17211,24/09/22,,bluedart,Delivered
16496,17052,26/06/23,,dhl,In Transit
16497,4030,07/01/21,,fedex,Cancelled
16498,1045,25/06/21,,usps,In Transit
16499,784,08/02/21,,bluedart,Delivered
16500,863,10/11/23,,ups,Delivered
16501,18742,15/08/21,,bluedart,In Transit
16502,12550,18/12/20,,fedex,Delivered
16503,2407,13/05/22,,dhl,Delivered
16504,12858,18/12/22,,bluedart,Delivered
16505,21113,22/06/23,,dhl,In Transit
16506,10925,23/02/22,,fedex,Delivered
16507,9952,19/10/23,,ups,Delivered
16508,17082,10/04/20,,dhl,In Transit
16509,8014,09/10/22,,fedex,Cancelled
16510,7035,07/02/23,,ups,Delivered
16511,18804,13/11/22,,fedex,Delivered
16512,19931,05/12/20,,fedex,In Transit
16513,812,22/05/20,,dhl,Cancelled
16514,12144,08/05/23,,fedex,Delivered
16515,20991,23/09/23,,dhl,Delivered
16516,1911,27/04/23,,fedex,Delivered
16517,1075,18/09/20,,dhl,In Transit
16518,17470,27/01/20,,fedex,In Transit
16519,15316,02/11/22,,dhl,Delivered
16520,17024,16/05/22,,ups,Delivered
16521,11989,23/03/20,,dhl,Delivered
16522,12167,29/06/22,,ups,Delivered
16523,19501,05/09/22,,dhl,Delivered
16524,2833,19/06/21,,bluedart,Delivered
16525,14710,08/02/23,,fedex,Delivered
16526,7177,05/06/20,,bluedart,Delivered
16527,10144,05/05/21,,usps,Delivered
16528,1286,09/11/22,,fedex,Delivered
16529,15306,08/10/21,,fedex,In Transit
16530,11338,15/02/21,,ups,Delivered
16531,1358,23/02/23,,bluedart,In Transit
16532,3618,14/09/20,,fedex,In Transit
16533,3985,20/12/21,14/01/22,ups,Returned
16534,13669,22/10/23,,fedex,Delivered
16535,9433,11/01/20,,fedex,In Transit
16536,60,06/01/21,,dhl,Delivered
16537,9377,26/05/20,,ups,In Transit
16538,15976,13/02/22,,dhl,Cancelled
16539,448,13/11/20,,usps,Cancelled
16540,11456,20/12/23,,fedex,Delivered
16541,9419,25/12/21,,fedex,In Transit
16542,11347,18/06/22,,bluedart,Delivered
16543,7522,24/05/20,,dhl,In Transit
16544,8736,11/09/21,,fedex,Delivered
16545,16437,04/03/20,,fedex,In Transit
16546,3082,25/06/22,,fedex,Delivered
16547,3085,19/04/22,,fedex,Delivered
16548,6474,12/11/23,,bluedart,Delivered
16549,13075,27/05/23,,dhl,In Transit
16550,10115,11/03/23,,fedex,Delivered
16551,19143,24/11/20,,dhl,Delivered
16552,652,09/11/22,,fedex,Delivered
16553,2004,21/10/22,,fedex,Cancelled
16554,14496,28/09/20,,fedex,In Transit
16555,2074,07/07/20,,fedex,Delivered
16556,19316,18/10/23,,bluedart,Delivered
16557,4899,23/12/23,,dhl,Delivered
16558,11913,03/02/20,,dhl,In Transit
16559,5848,06/08/23,,fedex,Cancelled
16560,14767,12/07/20,,dhl,Delivered
16561,8645,07/03/20,,bluedart,In Transit
16562,8647,09/12/23,,dhl,Delivered
16563,11517,31/01/23,,fedex,Delivered
16564,15516,13/07/23,,dhl,In Transit
16565,11419,04/11/22,,fedex,Cancelled
16566,16116,08/04/22,,dhl,Delivered
16567,10627,19/12/20,,bluedart,In Transit
16568,12988,18/02/22,,fedex,Delivered
16569,3595,17/07/20,22/07/20,dhl,Returned
16570,7668,12/07/21,,fedex,In Transit
16571,17918,24/10/23,,usps,Delivered
16572,4770,09/03/22,,fedex,In Transit
16573,13418,08/06/21,,fedex,Cancelled
16574,2358,01/07/20,,ups,Cancelled
16575,1788,03/12/22,,bluedart,Delivered
16576,5516,19/03/20,25/03/20,usps,Returned
16577,11441,28/12/22,,bluedart,Delivered
16578,6790,24/10/22,,ups,In Transit
16579,2710,01/12/21,,bluedart,Cancelled
16580,3270,12/08/23,,fedex,In Transit
16581,407,27/03/23,14/04/23,fedex,Returned
16582,9092,16/05/22,,fedex,Delivered
16583,16377,24/09/23,,fedex,Delivered
16584,12224,07/06/23,,fedex,Delivered
16585,1321,03/09/23,,fedex,In Transit
16586,2868,27/05/20,,dhl,Delivered
16587,436,17/09/21,,bluedart,Delivered
16588,4933,13/07/23,,dhl,Cancelled
16589,17461,23/06/21,,bluedart,In Transit
16590,3298,14/10/21,,dhl,In Transit
16591,10141,04/06/21,,fedex,Delivered
16592,2632,02/02/20,,dhl,Cancelled
16593,6088,22/09/22,,dhl,Delivered
16594,8403,10/05/23,,usps,In Transit
16595,21119,07/06/22,,fedex,Delivered
16596,601,28/08/20,,dhl,Delivered
16597,20661,17/05/21,,bluedart,Delivered
16598,18695,19/10/22,,fedex,Delivered
16599,16176,20/11/21,,bluedart,Delivered
16600,11479,12/05/23,18/05/23,dhl,Returned
16601,21105,01/10/23,,fedex,Cancelled
16602,5609,20/04/22,,usps,Cancelled
16603,2769,30/10/21,,dhl,In Transit
16604,3946,16/03/23,,ups,Delivered
16605,9389,29/12/21,,fedex,Delivered
16606,6389,19/05/20,,fedex,In Transit
16607,3533,17/06/21,,ups,In Transit
16608,3384,29/10/23,,fedex,In Transit
16609,14765,28/10/23,,fedex,Delivered
16610,552,13/05/22,,dhl,Delivered
16611,6030,19/01/20,,ups,Delivered
16612,10213,08/10/21,,ups,Delivered
16613,7796,10/08/20,,usps,Delivered
16614,16950,26/02/22,,bluedart,Delivered
16615,3608,21/01/21,,dhl,In Transit
16616,10003,26/12/21,,fedex,Delivered
16617,10536,29/08/23,,ups,Delivered
16618,17714,09/07/21,,fedex,Delivered
16619,9647,05/10/21,,bluedart,Delivered
16620,10952,20/08/22,,fedex,In Transit
16621,13074,22/12/20,,fedex,In Transit
16622,3871,27/04/23,,bluedart,Delivered
16623,19131,14/04/21,,fedex,In Transit
16624,16968,14/06/21,,ups,Delivered
16625,13421,19/05/23,,dhl,In Transit
16626,17094,14/02/20,,dhl,Delivered
16627,7147,03/08/21,,fedex,Delivered
16628,9964,26/09/21,,fedex,Cancelled
16629,20709,21/05/21,,fedex,In Transit
16630,323,07/06/22,,dhl,Delivered
16631,9961,30/07/20,,fedex,Delivered
16632,15285,11/11/21,,fedex,In Transit
16633,4840,13/09/23,,fedex,In Transit
16634,16016,18/09/23,,dhl,Delivered
16635,705,26/12/22,,fedex,Delivered
16636,21454,08/07/21,,ups,In Transit
16637,99,14/07/22,,fedex,Delivered
16638,21061,10/01/23,,dhl,Delivered
16639,4194,29/04/20,,fedex,Delivered
16640,9116,20/04/22,,ups,In Transit
16641,4713,26/05/20,,fedex,Delivered
16642,8601,11/06/22,,dhl,In Transit
16643,10012,05/09/21,,dhl,Delivered
16644,8858,21/07/22,,ups,Delivered
16645,19853,06/03/21,,ups,Delivered
16646,8910,02/06/21,,dhl,Delivered
16647,18229,13/11/21,,ups,In Transit
16648,11272,17/01/23,,dhl,In Transit
16649,12822,16/08/21,,dhl,Delivered
16650,1937,01/06/23,,bluedart,Delivered
16651,16914,03/07/21,,fedex,In Transit
16652,18240,25/02/20,,fedex,In Transit
16653,11933,13/10/21,,dhl,Delivered
16654,17930,14/09/20,,bluedart,In Transit
16655,17780,09/12/21,,fedex,Cancelled
16656,5446,09/09/21,,fedex,Delivered
16657,17838,12/06/20,,dhl,Delivered
16658,47,30/03/20,,fedex,In Transit
16659,13729,13/03/22,,fedex,Delivered
16660,484,24/02/20,,usps,In Transit
16661,4439,14/01/23,,dhl,Delivered
16662,15831,09/10/23,,bluedart,In Transit
16663,10378,22/01/20,,fedex,Delivered
16664,10113,18/06/21,,fedex,Delivered
16665,14737,13/01/21,,dhl,In Transit
16666,13886,12/02/21,,dhl,Delivered
16667,3757,30/06/20,,dhl,Delivered
16668,3065,26/06/20,,ups,Delivered
16669,1950,29/12/20,,usps,Delivered
16670,13413,25/02/22,,bluedart,In Transit
16671,4406,06/09/23,,fedex,Delivered
16672,19634,22/07/20,,fedex,In Transit
16673,16413,22/01/20,,fedex,Delivered
16674,18969,16/11/23,,bluedart,In Transit
16675,7110,11/08/23,,bluedart,Delivered
16676,12234,31/07/20,,ups,Cancelled
16677,17285,27/01/22,11/02/22,bluedart,Returned
16678,9652,15/07/22,,dhl,Cancelled
16679,13927,19/04/21,,fedex,In Transit
16680,18258,23/03/21,,dhl,Cancelled
16681,5637,24/06/21,,dhl,Delivered
16682,2143,24/09/23,,fedex,In Transit
16683,8688,26/09/23,,fedex,In Transit
16684,16292,25/11/20,,fedex,In Transit
16685,5827,16/10/22,,fedex,Delivered
16686,19819,25/08/20,,bluedart,In Transit
16687,9994,27/06/23,,bluedart,Delivered
16688,17794,07/03/20,,ups,Delivered
16689,5814,24/11/20,,fedex,Delivered
16690,17881,10/02/23,,ups,In Transit
16691,14049,26/01/23,,dhl,Delivered
16692,1170,23/05/22,,fedex,Delivered
16693,15430,21/09/23,,usps,In Transit
16694,19638,18/01/22,,usps,In Transit
16695,2383,23/09/21,,usps,In Transit
16696,20529,28/03/21,,usps,Delivered
16697,13861,19/06/20,,fedex,In Transit
16698,15731,11/05/22,,dhl,Cancelled
16699,13749,03/01/23,,bluedart,In Transit
16700,17209,02/07/23,,fedex,Delivered
16701,14137,17/12/22,,fedex,In Transit
16702,14543,26/10/22,,fedex,Cancelled
16703,4499,01/07/22,,fedex,Delivered
16704,16975,30/11/20,,ups,In Transit
16705,10999,17/06/20,,dhl,Delivered
16706,4626,27/03/22,,dhl,Delivered
16707,5729,03/07/21,,ups,In Transit
16708,15152,13/02/21,,usps,Delivered
16709,8806,13/04/21,,dhl,Delivered
16710,12315,22/05/23,,fedex,In Transit
16711,9085,22/12/20,,dhl,Delivered
16712,17413,19/05/21,,dhl,In Transit
16713,12091,19/01/23,,fedex,In Transit
16714,6082,26/01/23,,dhl,Delivered
16715,18604,15/12/23,,fedex,Delivered
16716,13809,26/12/22,,fedex,Delivered
16717,17594,11/04/21,,usps,In Transit
16718,3943,06/11/21,,dhl,Delivered
16719,16794,25/07/22,07/08/22,usps,Returned
16720,12238,09/05/23,,fedex,Delivered
16721,6466,21/02/22,,fedex,In Transit
16722,12467,05/02/20,,ups,Delivered
16723,8010,26/08/20,,bluedart,Delivered
16724,5406,16/12/21,,fedex,Delivered
16725,8004,09/02/22,,dhl,Cancelled
16726,12492,13/04/23,,fedex,Delivered
16727,3267,08/04/22,,fedex,Delivered
16728,13156,07/02/22,,fedex,Delivered
16729,15191,07/06/21,,ups,In Transit
16730,7404,12/10/22,,fedex,Delivered
16731,578,20/08/21,,bluedart,Delivered
16732,12799,09/04/21,,ups,Delivered
16733,8378,10/07/21,,dhl,Cancelled
16734,1989,19/09/23,,bluedart,Delivered
16735,12402,18/11/20,,usps,Delivered
16736,10639,23/10/22,,fedex,In Transit
16737,4975,10/11/23,,fedex,Delivered
16738,8169,04/02/23,,fedex,In Transit
16739,2703,15/02/22,26/02/22,fedex,Returned
16740,4172,01/07/23,,fedex,Delivered
16741,3591,05/07/20,,usps,Delivered
16742,8949,20/03/22,,fedex,Delivered
16743,3954,10/09/22,,usps,Delivered
16744,7144,20/03/20,,usps,Delivered
16745,12836,13/06/22,,usps,In Transit
16746,2792,27/05/23,,fedex,Delivered
16747,11449,28/11/20,,dhl,In Transit
16748,10162,10/11/20,,fedex,In Transit
16749,13644,17/01/21,,dhl,Delivered
16750,16699,08/06/23,,fedex,Cancelled
16751,15830,01/04/23,,ups,Delivered
16752,9426,19/02/22,,ups,Delivered
16753,9484,10/08/23,,fedex,Delivered
16754,19718,20/04/20,,fedex,In Transit
16755,4183,04/04/20,,dhl,Delivered
16756,16152,25/04/20,,dhl,Delivered
16757,11273,01/03/23,,fedex,Delivered
16758,8482,02/08/23,,fedex,Delivered
16759,12890,24/07/23,,ups,In Transit
16760,21020,13/04/21,19/04/21,bluedart,Returned
16761,6168,16/12/20,,fedex,Delivered
16762,11795,02/07/20,,ups,Delivered
16763,18982,20/12/22,,usps,In Transit
16764,20149,12/11/21,,fedex,In Transit
16765,7115,08/04/21,,fedex,Delivered
16766,2645,09/06/23,,bluedart,In Transit
16767,1325,07/01/21,,bluedart,In Transit
16768,14612,09/09/23,,fedex,In Transit
16769,12510,21/11/21,,fedex,In Transit
16770,13322,07/06/21,,ups,Cancelled
16771,14891,03/02/21,,fedex,In Transit
16772,17782,26/09/23,,usps,Delivered
16773,17023,30/03/22,,dhl,Delivered
16774,6387,14/04/20,,usps,Delivered
16775,8528,08/07/22,,bluedart,Delivered
16776,12872,15/12/21,,fedex,Delivered
16777,9424,31/07/21,,fedex,Delivered
16778,6836,26/05/20,,fedex,Delivered
16779,13064,08/08/20,,usps,Delivered
16780,20267,10/05/20,,bluedart,In Transit
16781,1920,28/09/23,,dhl,Cancelled
16782,9613,15/08/21,,fedex,Cancelled
16783,11968,26/05/21,,fedex,In Transit
16784,21572,06/08/21,,ups,In Transit
16785,16195,14/08/21,,fedex,Delivered
16786,3545,28/08/23,,fedex,Delivered
16787,14247,29/04/20,,fedex,In Transit
16788,1281,18/03/23,,ups,Delivered
16789,20073,23/05/20,,fedex,In Transit
16790,11819,21/11/20,,fedex,In Transit
16791,8499,28/01/23,,fedex,In Transit
16792,2546,22/11/23,,dhl,Delivered
16793,12871,20/09/20,,fedex,Delivered
16794,14913,09/12/20,,ups,Delivered
16795,6219,27/08/21,,ups,Delivered
16796,18264,02/01/20,,fedex,Cancelled
16797,10690,03/08/23,,fedex,Cancelled
16798,20034,28/02/20,,fedex,Delivered
16799,20652,21/06/22,,ups,Delivered
16800,15623,25/11/20,,fedex,In Transit
16801,12269,08/03/20,,fedex,In Transit
16802,15767,10/09/20,,bluedart,In Transit
16803,691,04/09/21,18/09/21,bluedart,Returned
16804,7897,07/05/21,,bluedart,Cancelled
16805,958,21/03/20,,fedex,Delivered
16806,2129,02/11/20,,fedex,Delivered
16807,8162,10/08/20,,fedex,Cancelled
16808,18398,07/02/23,,fedex,In Transit
16809,16603,20/12/22,,bluedart,Delivered
16810,13172,09/01/21,,fedex,In Transit
16811,18540,10/01/23,,fedex,In Transit
16812,19409,26/02/20,,fedex,Delivered
16813,1652,06/03/22,,fedex,In Transit
16814,4047,25/11/23,,fedex,Delivered
16815,17959,18/06/22,,fedex,Delivered
16816,14521,24/01/21,,bluedart,In Transit
16817,19644,26/06/20,,fedex,In Transit
16818,6781,10/09/23,,bluedart,In Transit
16819,12249,08/04/23,,usps,In Transit
16820,13868,16/06/20,,fedex,Delivered
16821,10049,15/02/22,,fedex,In Transit
16822,20839,22/09/23,,usps,In Transit
16823,5434,19/10/23,,fedex,Delivered
16824,16263,28/05/22,,dhl,Cancelled
16825,21367,17/03/23,,fedex,In Transit
16826,7794,09/04/22,,ups,Cancelled
16827,18297,20/12/20,,ups,Delivered
16828,10712,19/12/23,,fedex,Delivered
16829,7999,29/05/21,,fedex,Delivered
16830,12390,08/05/23,,fedex,In Transit
16831,14324,23/09/21,,fedex,Delivered
16832,11179,13/12/21,,fedex,In Transit
16833,13645,19/01/20,,fedex,Delivered
16834,13208,21/07/23,,fedex,In Transit
16835,1300,28/03/20,,dhl,Delivered
16836,8575,21/10/22,,fedex,Delivered
16837,19635,12/11/20,,usps,Delivered
16838,16101,30/09/23,,bluedart,Delivered
16839,20627,12/02/23,,usps,Cancelled
16840,6733,10/08/22,,ups,Delivered
16841,7297,23/10/21,,bluedart,In Transit
16842,16615,27/11/23,,dhl,Cancelled
16843,13092,18/12/20,,bluedart,Cancelled
16844,10497,01/10/23,,fedex,Delivered
16845,2981,11/02/22,,fedex,Delivered
16846,524,21/03/22,,usps,In Transit
16847,19720,14/04/20,,fedex,In Transit
16848,18688,19/05/23,,fedex,Delivered
16849,7065,04/11/20,,fedex,Delivered
16850,10083,21/11/22,,fedex,In Transit
16851,19528,21/06/22,,bluedart,In Transit
16852,3100,15/03/21,,fedex,Delivered
16853,6142,01/06/21,,dhl,In Transit
16854,13203,28/01/21,,fedex,In Transit
16855,10757,29/10/21,,ups,In Transit
16856,15063,09/01/23,,dhl,Delivered
16857,328,08/05/21,,bluedart,In Transit
16858,7978,11/07/20,,usps,Delivered
16859,3325,19/12/21,,fedex,Delivered
16860,14294,06/01/21,,fedex,Delivered
16861,17524,03/08/21,,fedex,Delivered
16862,2527,17/08/23,,ups,Delivered
16863,6496,12/08/22,,fedex,Delivered
16864,19585,09/09/23,,bluedart,Delivered
16865,17444,27/01/21,,fedex,Delivered
16866,3559,06/01/21,,ups,Delivered
16867,17083,25/06/20,,fedex,Delivered
16868,13216,30/01/21,,bluedart,In Transit
16869,2547,22/03/21,,fedex,In Transit
16870,13451,28/10/21,,ups,Delivered
16871,7113,03/09/22,,fedex,Delivered
16872,13565,05/10/22,,ups,Delivered
16873,17121,04/01/20,,bluedart,Delivered
16874,1038,30/03/22,,fedex,In Transit
16875,9470,26/07/21,,dhl,In Transit
16876,4659,21/09/22,,fedex,In Transit
16877,12427,02/08/21,,ups,Delivered
16878,6758,31/05/23,,ups,Delivered
16879,15613,22/04/20,,fedex,In Transit
16880,18471,25/12/20,,fedex,Delivered
16881,4095,13/03/20,07/04/20,fedex,Returned
16882,12942,19/09/20,,bluedart,In Transit
16883,13021,25/07/20,,usps,Delivered
16884,19054,02/06/22,,fedex,In Transit
16885,9987,28/03/22,,bluedart,Delivered
16886,12859,19/11/22,,dhl,Delivered
16887,16443,21/01/20,,ups,Delivered
16888,19685,07/07/21,,dhl,In Transit
16889,17984,31/07/22,,fedex,Delivered
16890,2872,23/10/23,,fedex,Delivered
16891,21078,02/10/20,,fedex,In Transit
16892,9696,06/03/20,,dhl,In Transit
16893,5455,21/10/23,,fedex,Delivered
16894,2522,21/05/21,,dhl,Delivered
16895,10966,04/05/21,,dhl,In Transit
16896,1474,19/12/21,,ups,In Transit
16897,13424,01/01/22,,ups,Delivered
16898,21419,09/11/23,,fedex,Delivered
16899,1560,01/06/22,,dhl,Delivered
16900,15834,07/03/20,,usps,Delivered
16901,5029,25/04/23,,fedex,In Transit
16902,1935,17/10/23,,dhl,Delivered
16903,6684,30/12/23,,ups,In Transit
16904,8232,23/08/21,,dhl,In Transit
16905,19104,26/07/20,,fedex,In Transit
16906,261,17/12/23,,dhl,In Transit
16907,19725,07/07/22,,ups,In Transit
16908,5212,22/07/22,,dhl,In Transit
16909,11237,14/05/20,,usps,In Transit
16910,6896,12/03/22,,dhl,Delivered
16911,13928,09/02/23,,bluedart,Delivered
16912,15852,11/09/20,,dhl,Delivered
16913,5274,05/10/23,,ups,Delivered
16914,9656,16/12/21,,bluedart,In Transit
16915,5869,20/04/20,,dhl,Delivered
16916,10494,28/07/21,,bluedart,Delivered
16917,20029,18/08/23,,bluedart,In Transit
16918,17148,25/05/23,,fedex,Delivered
16919,11500,08/11/21,,fedex,Delivered
16920,9270,28/04/22,08/05/22,fedex,Returned
16921,11091,14/03/20,,usps,In Transit
16922,12640,20/04/23,,usps,Delivered
16923,10442,01/02/20,,dhl,In Transit
16924,1466,10/04/23,,fedex,Cancelled
16925,3699,28/11/20,,dhl,In Transit
16926,12837,20/12/23,,fedex,In Transit
16927,18021,26/12/23,,fedex,Delivered
16928,7890,04/09/23,,fedex,In Transit
16929,429,14/01/21,,bluedart,In Transit
16930,1827,23/03/22,05/04/22,bluedart,Returned
16931,2772,05/08/20,,usps,In Transit
16932,12895,07/05/20,,ups,Delivered
16933,15514,13/05/21,,fedex,Delivered
16934,10788,21/04/20,,dhl,In Transit
16935,14058,10/01/23,,usps,Delivered
16936,12864,06/05/20,,dhl,Delivered
16937,18141,08/05/20,,fedex,In Transit
16938,13057,01/10/22,,dhl,In Transit
16939,12071,10/06/23,,dhl,Delivered
16940,12001,23/07/22,,dhl,Delivered
16941,262,30/09/23,,fedex,Delivered
16942,21461,15/04/22,,fedex,Delivered
16943,2581,21/06/23,,usps,Delivered
16944,8881,03/03/21,,dhl,Delivered
16945,11540,28/06/21,,fedex,Delivered
16946,18975,01/02/22,,dhl,In Transit
16947,10846,24/08/23,,dhl,In Transit
16948,10101,16/02/21,,bluedart,In Transit
16949,8648,15/04/21,,fedex,Delivered
16950,10488,29/12/20,,bluedart,Cancelled
16951,2628,31/05/23,,fedex,Delivered
16952,12308,21/07/20,,fedex,Delivered
16953,6627,21/10/22,,fedex,Delivered
16954,2426,26/04/21,,ups,In Transit
16955,21382,06/07/20,,ups,In Transit
16956,18615,03/10/21,,bluedart,Delivered
16957,4426,20/01/22,,fedex,In Transit
16958,2742,05/05/21,,bluedart,In Transit
16959,9991,25/08/22,,dhl,In Transit
16960,4205,10/09/21,,fedex,Delivered
16961,15257,24/11/20,,ups,Delivered
16962,19411,17/07/20,,ups,In Transit
16963,17199,16/09/20,,bluedart,Delivered
16964,5817,03/06/21,16/06/21,bluedart,Returned
16965,1941,16/04/21,,bluedart,In Transit
16966,8920,26/07/22,,fedex,In Transit
16967,16575,22/11/21,03/12/21,fedex,Returned
16968,12789,27/05/22,,bluedart,Delivered
16969,17760,25/10/21,30/10/21,dhl,Returned
16970,19710,24/08/23,,fedex,Delivered
16971,11806,24/07/22,,fedex,Delivered
16972,17840,11/03/22,,bluedart,Delivered
16973,11063,16/11/22,,fedex,In Transit
16974,20301,27/07/20,,bluedart,Delivered
16975,11849,19/02/22,,dhl,Delivered
16976,2374,01/08/21,,dhl,In Transit
16977,7260,11/06/20,,fedex,Delivered
16978,3464,23/05/21,,fedex,In Transit
16979,828,09/10/21,,fedex,Delivered
16980,17634,06/04/20,29/04/20,bluedart,Returned
16981,14881,10/05/20,,fedex,Delivered
16982,14315,24/06/22,,fedex,Delivered
16983,3357,28/08/20,,dhl,Delivered
16984,17784,08/10/21,,ups,Delivered
16985,5939,29/11/23,,fedex,Delivered
16986,8101,05/10/22,,dhl,Delivered
16987,6486,14/03/20,,bluedart,Delivered
16988,3465,18/04/23,,fedex,Delivered
16989,3645,19/10/20,,bluedart,In Transit
16990,1849,13/08/21,,dhl,Delivered
16991,16239,04/05/22,,fedex,In Transit
16992,3026,14/10/23,04/11/23,ups,Returned
16993,59,23/10/22,,fedex,Delivered
16994,19589,17/04/23,,ups,In Transit
16995,4600,09/11/22,,bluedart,Cancelled
16996,6576,21/10/21,,ups,In Transit
16997,1585,24/10/20,,dhl,In Transit
16998,5495,17/02/22,,dhl,Delivered
16999,18986,24/02/20,09/03/20,dhl,Returned
17000,18337,01/10/20,,fedex,Delivered
17001,3539,29/07/22,,dhl,Delivered
17002,2854,08/04/22,,fedex,Delivered
17003,11444,24/05/22,,fedex,In Transit
17004,20909,28/03/21,,fedex,In Transit
17005,13377,06/11/21,,dhl,Delivered
17006,2595,10/06/22,,fedex,In Transit
17007,8154,15/08/20,,usps,Cancelled
17008,13123,31/10/22,,fedex,In Transit
17009,16558,28/02/23,,fedex,Cancelled
17010,4523,22/12/20,,dhl,Cancelled
17011,10136,04/05/20,,fedex,Cancelled
17012,21407,04/06/22,,dhl,Delivered
17013,20230,26/02/21,,fedex,Delivered
17014,968,07/12/23,,dhl,Delivered
17015,9407,10/12/22,,usps,In Transit
17016,12977,16/05/23,,dhl,Delivered
17017,8624,17/02/22,24/02/22,fedex,Returned
17018,8540,05/04/23,,ups,In Transit
17019,14816,12/08/20,,ups,Delivered
17020,5886,03/01/20,,bluedart,Delivered
17021,3544,18/05/22,,fedex,Delivered
17022,13412,21/01/21,,bluedart,Delivered
17023,17278,05/05/22,,dhl,In Transit
17024,21190,20/08/22,,usps,Delivered
17025,16051,09/03/20,,fedex,Cancelled
17026,3438,08/09/21,,dhl,Delivered
17027,7930,09/03/22,,fedex,In Transit
17028,14220,30/01/21,,dhl,In Transit
17029,13721,10/10/21,,bluedart,Cancelled
17030,1241,24/02/23,,ups,Delivered
17031,18179,17/02/22,28/02/22,fedex,Returned
17032,14726,01/09/22,,bluedart,In Transit
17033,12134,20/12/22,,bluedart,Delivered
17034,13558,23/06/23,,fedex,In Transit
17035,15697,05/03/23,21/03/23,ups,Returned
17036,11134,03/07/21,,fedex,Delivered
17037,11569,05/11/23,,ups,Delivered
17038,16710,31/07/22,,bluedart,In Transit
17039,9930,04/05/22,,fedex,Delivered
17040,6110,15/02/23,,bluedart,Delivered
17041,21427,28/03/23,,dhl,Delivered
17042,3781,07/04/21,,dhl,Delivered
17043,8539,21/04/21,,fedex,Delivered
17044,5190,28/11/22,,usps,Delivered
17045,9531,08/04/21,,fedex,Delivered
17046,18596,14/10/23,,bluedart,In Transit
17047,18618,15/02/20,,dhl,Cancelled
17048,15953,29/01/22,,bluedart,Delivered
17049,19119,01/09/22,,ups,Delivered
17050,7497,03/07/21,,bluedart,Delivered
17051,11775,12/01/21,,dhl,Delivered
17052,1294,03/06/20,,fedex,In Transit
17053,5951,31/01/20,,fedex,In Transit
17054,14304,02/04/21,,ups,Delivered
17055,4059,02/03/20,,fedex,In Transit
17056,13213,09/09/20,,usps,Delivered
17057,21479,14/01/22,,dhl,In Transit
17058,2420,17/02/20,,dhl,In Transit
17059,4381,30/01/20,,ups,Delivered
17060,1709,24/04/21,,dhl,In Transit
17061,13506,28/03/21,,fedex,Delivered
17062,4370,03/04/21,,fedex,In Transit
17063,2077,21/04/21,,ups,In Transit
17064,17874,06/12/23,,ups,Delivered
17065,12802,12/01/20,,fedex,Cancelled
17066,14376,05/10/20,,fedex,Delivered
17067,4155,05/02/20,,fedex,Delivered
17068,17240,08/12/23,,ups,Delivered
17069,4787,10/03/23,,bluedart,Delivered
17070,14512,07/05/20,,bluedart,Delivered
17071,17431,25/08/20,,dhl,In Transit
17072,16680,06/03/22,,fedex,Delivered
17073,11254,10/11/21,,ups,Delivered
17074,20597,28/08/23,,fedex,Delivered
17075,9584,03/07/21,,fedex,Delivered
17076,18208,15/02/23,,usps,In Transit
17077,16688,12/03/22,,usps,Delivered
17078,10079,02/11/20,,dhl,Delivered
17079,8277,13/08/21,,ups,Delivered
17080,21088,02/08/22,,dhl,Delivered
17081,16657,24/11/22,,fedex,In Transit
17082,4487,23/05/21,,fedex,In Transit
17083,12301,20/09/20,,fedex,Delivered
17084,12905,26/04/21,,ups,Delivered
17085,4735,12/01/21,,fedex,Delivered
17086,6597,29/09/20,,dhl,In Transit
17087,7286,07/06/23,,fedex,Delivered
17088,13364,01/11/22,,fedex,In Transit
17089,10834,17/07/23,,fedex,Delivered
17090,12063,28/10/21,,fedex,Cancelled
17091,1936,04/03/20,,usps,Delivered
17092,83,03/07/20,,fedex,Delivered
17093,21104,24/10/20,,fedex,In Transit
17094,18136,22/11/22,,bluedart,Cancelled
17095,11431,28/09/20,,dhl,Delivered
17096,21593,10/01/20,,dhl,Delivered
17097,5610,23/07/23,,fedex,In Transit
17098,11860,23/10/20,,dhl,Delivered
17099,11116,12/09/20,,dhl,In Transit
17100,19913,24/06/20,,fedex,In Transit
17101,18740,01/01/22,,usps,Delivered
17102,16262,06/06/21,,fedex,Delivered
17103,7060,16/12/23,,fedex,Delivered
17104,11452,17/04/22,,fedex,In Transit
17105,15811,16/08/20,,fedex,Cancelled
17106,10360,06/01/20,,fedex,Delivered
17107,17215,21/11/22,,dhl,Delivered
17108,2307,14/02/22,22/02/22,bluedart,Returned
17109,2676,22/06/20,,usps,Delivered
17110,17615,07/03/20,,fedex,In Transit
17111,9359,07/06/23,17/06/23,dhl,Returned
17112,16693,30/04/22,,fedex,Delivered
17113,911,15/07/22,,dhl,Delivered
17114,17107,04/04/23,,fedex,In Transit
17115,19606,16/10/21,01/11/21,bluedart,Returned
17116,17001,18/12/20,,dhl,Delivered
17117,11773,11/04/22,,bluedart,Delivered
17118,13804,11/06/22,,fedex,In Transit
17119,10128,27/10/22,,bluedart,Cancelled
17120,12016,20/08/20,,fedex,Cancelled
17121,19603,24/06/21,,ups,In Transit
17122,17280,26/04/21,,fedex,Delivered
17123,18411,09/04/23,,dhl,Delivered
17124,20216,25/08/23,,dhl,In Transit
17125,18569,23/03/23,,dhl,In Transit
17126,10120,01/07/22,,dhl,In Transit
17127,20482,23/03/21,,dhl,In Transit
17128,20952,21/10/22,,fedex,Delivered
17129,9819,01/05/23,,fedex,In Transit
17130,7041,04/01/21,,fedex,Delivered
17131,4153,26/11/23,,fedex,Delivered
17132,10547,24/12/22,,fedex,Delivered
17133,10584,18/02/20,,fedex,Delivered
17134,4338,22/10/22,,fedex,In Transit
17135,9378,20/05/21,,bluedart,Delivered
17136,14384,05/07/21,,fedex,In Transit
17137,12839,31/10/22,,fedex,Delivered
17138,2871,22/09/23,,dhl,Cancelled
17139,17618,27/08/20,,fedex,Delivered
17140,3090,07/11/22,,fedex,Delivered
17141,10830,04/07/21,,bluedart,Delivered
17142,3102,01/05/20,,fedex,Delivered
17143,13419,04/09/21,,ups,Delivered
17144,9287,02/05/21,19/05/21,usps,Returned
17145,10740,29/01/21,,fedex,Delivered
17146,5646,17/07/21,,usps,In Transit
17147,3193,03/01/20,,fedex,Delivered
17148,42,11/12/22,,dhl,Delivered
17149,9142,13/04/20,,ups,Delivered
17150,19706,19/10/23,,ups,Delivered
17151,17502,06/10/20,,ups,Delivered
17152,20272,30/04/23,,ups,Delivered
17153,12053,05/04/20,,ups,Delivered
17154,17937,12/08/20,,dhl,In Transit
17155,8031,21/11/21,,dhl,In Transit
17156,7831,17/11/21,,ups,Cancelled
17157,16388,17/02/21,,bluedart,In Transit
17158,4884,12/11/23,,ups,In Transit
17159,5307,28/11/21,07/12/21,dhl,Returned
17160,20100,25/03/23,,fedex,Delivered
17161,3248,26/08/21,,dhl,Delivered
17162,2668,25/03/21,,fedex,Delivered
17163,6974,03/03/22,,fedex,In Transit
17164,20404,04/10/20,,fedex,Delivered
17165,19158,23/04/22,,dhl,Delivered
17166,17559,16/10/21,,fedex,In Transit
17167,9540,13/07/22,,fedex,In Transit
17168,13121,29/08/20,,usps,In Transit
17169,20905,19/01/20,,dhl,In Transit
17170,14111,15/03/21,,bluedart,In Transit
17171,15415,14/02/21,,fedex,In Transit
17172,18036,29/09/23,,ups,Delivered
17173,5856,30/10/21,,bluedart,Delivered
17174,2332,26/03/21,,dhl,Delivered
17175,19945,13/05/21,,bluedart,In Transit
17176,1360,11/12/23,,fedex,Delivered
17177,17355,19/12/23,,fedex,In Transit
17178,6427,03/01/22,,ups,Delivered
17179,2482,12/11/22,,dhl,Delivered
17180,9520,14/05/23,,fedex,Cancelled
17181,12339,27/03/20,,fedex,Delivered
17182,16336,09/09/20,,usps,Delivered
17183,8845,02/11/21,,fedex,In Transit
17184,2842,02/12/20,,fedex,Delivered
17185,20089,09/02/22,,fedex,In Transit
17186,11269,18/01/21,,ups,In Transit
17187,16973,16/04/20,,usps,Cancelled
17188,7613,07/09/22,,fedex,Delivered
17189,20880,14/05/22,,ups,In Transit
17190,17078,08/10/21,,bluedart,In Transit
17191,172,28/01/22,,dhl,In Transit
17192,3266,26/10/22,,fedex,In Transit
17193,10850,14/03/23,,fedex,In Transit
17194,785,14/11/21,,dhl,Delivered
17195,9170,21/01/21,,fedex,Delivered
17196,9674,04/02/20,,bluedart,In Transit
17197,4497,28/10/22,,fedex,Cancelled
17198,21400,28/04/21,,dhl,Delivered
17199,11266,20/12/20,,fedex,Cancelled
17200,10540,08/08/20,,fedex,In Transit
17201,1396,26/02/21,,dhl,In Transit
17202,3726,24/04/21,,dhl,Delivered
17203,14344,18/05/22,,fedex,Delivered
17204,15547,05/05/20,,fedex,In Transit
17205,1343,29/12/23,,usps,In Transit
17206,5492,12/07/23,,ups,Delivered
17207,710,21/12/21,,fedex,In Transit
17208,19980,05/12/22,,fedex,Cancelled
17209,13153,08/02/20,,fedex,Delivered
17210,4080,10/03/22,,dhl,In Transit
17211,20618,03/11/21,,dhl,Delivered
17212,13131,10/06/21,,dhl,Delivered
17213,8611,03/01/21,,fedex,Delivered
17214,20993,22/01/22,,ups,Delivered
17215,7088,06/06/21,,fedex,In Transit
17216,8754,30/05/23,,ups,In Transit
17217,20874,31/01/22,,bluedart,Delivered
17218,1275,01/02/23,,dhl,In Transit
17219,10981,15/06/21,,fedex,Delivered
17220,16144,13/10/20,,bluedart,Delivered
17221,5175,27/05/20,,fedex,In Transit
17222,18711,07/11/22,,ups,Delivered
17223,5905,05/02/21,,ups,Delivered
17224,5752,29/08/23,,ups,In Transit
17225,6492,31/08/22,,fedex,In Transit
17226,16636,20/01/20,,ups,Delivered
17227,18188,21/11/20,,fedex,In Transit
17228,535,18/04/22,,bluedart,Delivered
17229,5741,08/04/21,,usps,Cancelled
17230,18459,08/04/23,,ups,In Transit
17231,733,22/03/21,,fedex,Delivered
17232,13407,03/02/20,,fedex,Delivered
17233,10640,04/09/20,,usps,Cancelled
17234,10782,28/04/23,,fedex,In Transit
17235,240,20/05/23,,ups,In Transit
17236,9802,07/11/21,21/11/21,fedex,Returned
17237,18587,23/03/23,,dhl,In Transit
17238,18701,07/08/20,,fedex,Delivered
17239,16915,31/03/23,,dhl,Cancelled
17240,11,05/01/21,,fedex,Cancelled
17241,15408,06/07/21,27/07/21,usps,Returned
17242,8008,19/08/20,01/09/20,fedex,Returned
17243,12047,11/05/21,,dhl,Delivered
17244,947,30/09/21,,ups,Delivered
17245,16865,27/02/21,,ups,Delivered
17246,5736,09/07/20,,fedex,Delivered
17247,18869,19/06/21,,fedex,In Transit
17248,17515,02/06/20,,bluedart,Delivered
17249,14849,19/08/20,,dhl,In Transit
17250,15115,11/10/20,,fedex,Delivered
17251,17375,29/01/21,,fedex,In Transit
17252,16208,15/07/21,,fedex,Delivered
17253,16148,03/06/20,,fedex,Delivered
17254,13708,08/03/20,,fedex,Delivered
17255,3543,09/01/22,,bluedart,Delivered
17256,5359,07/05/20,,bluedart,In Transit
17257,10303,02/04/23,,fedex,Delivered
17258,8777,03/07/22,,fedex,Cancelled
17259,11276,19/10/22,,fedex,In Transit
17260,521,23/08/22,,fedex,In Transit
17261,16602,08/04/23,,dhl,In Transit
17262,5365,26/09/21,,fedex,Delivered
17263,11746,27/03/20,,dhl,Delivered
17264,18818,10/07/23,,ups,Delivered
17265,18746,05/02/23,,usps,Delivered
17266,17699,16/02/22,,fedex,Delivered
17267,21010,04/02/23,,fedex,Delivered
17268,976,30/05/23,,bluedart,Delivered
17269,7924,20/03/20,,usps,In Transit
17270,18691,12/01/20,,dhl,Delivered
17271,11270,19/03/23,30/03/23,fedex,Returned
17272,13291,09/01/22,,fedex,Delivered
17273,12051,05/02/23,,fedex,Delivered
17274,4809,31/10/22,,fedex,Delivered
17275,11645,05/06/22,,dhl,Delivered
17276,1124,31/12/20,,fedex,In Transit
17277,6931,11/07/20,,fedex,Delivered
17278,15356,28/03/23,,fedex,In Transit
17279,115,16/04/23,,fedex,Delivered
17280,514,29/09/23,,fedex,In Transit
17281,18546,18/06/20,,dhl,Delivered
17282,10770,06/05/21,25/05/21,fedex,Returned
17283,9001,31/05/20,,fedex,Delivered
17284,13574,31/07/20,,fedex,Delivered
17285,20714,13/06/22,,fedex,In Transit
17286,20342,12/12/21,,fedex,Cancelled
17287,15566,26/06/22,,dhl,Delivered
17288,15332,05/03/21,,usps,In Transit
17289,6907,20/12/23,,dhl,Delivered
17290,18867,03/06/22,,bluedart,Delivered
17291,12396,09/01/20,,fedex,In Transit
17292,135,09/03/23,,fedex,Cancelled
17293,10578,07/03/22,,ups,Delivered
17294,14209,19/03/23,,ups,In Transit
17295,6689,25/10/22,,usps,Delivered
17296,2400,07/07/22,,fedex,Delivered
17297,10901,30/03/22,05/04/22,dhl,Returned
17298,17894,08/03/21,,ups,In Transit
17299,98,23/12/23,,usps,In Transit
17300,6391,30/03/20,,fedex,In Transit
17301,6455,13/12/22,,bluedart,In Transit
17302,15717,18/04/20,,fedex,Delivered
17303,9926,14/05/20,,dhl,Cancelled
17304,18249,29/10/21,,fedex,In Transit
17305,11527,17/10/20,,fedex,Delivered
17306,5518,05/04/22,,ups,Delivered
17307,5480,09/03/23,,dhl,In Transit
17308,9334,03/01/22,,fedex,In Transit
17309,7378,05/06/20,,fedex,In Transit
17310,4814,30/08/20,,dhl,In Transit
17311,5889,15/07/21,,ups,In Transit
17312,8032,18/02/22,,usps,Delivered
17313,8546,12/07/22,,fedex,In Transit
17314,17821,15/09/20,,bluedart,In Transit
17315,12780,07/12/20,,usps,Delivered
17316,13495,17/12/20,,fedex,Delivered
17317,1505,07/06/22,,dhl,In Transit
17318,13672,05/11/23,,fedex,In Transit
17319,13842,13/05/22,,fedex,In Transit
17320,8399,16/04/21,,fedex,In Transit
17321,21315,05/05/23,,fedex,In Transit
17322,15671,14/09/20,,usps,In Transit
17323,7849,09/10/23,,fedex,Delivered
17324,9427,25/09/20,,fedex,Cancelled
17325,14582,21/11/22,,fedex,Delivered
17326,2959,25/04/20,,dhl,In Transit
17327,13859,05/03/21,,fedex,Delivered
17328,17399,01/01/23,,fedex,Delivered
17329,15798,09/01/23,,fedex,Delivered
17330,19019,27/08/23,,fedex,In Transit
17331,12326,21/03/21,,fedex,Cancelled
17332,9298,23/12/20,,fedex,Delivered
17333,19531,28/03/22,,ups,In Transit
17334,13712,29/11/23,,bluedart,Cancelled
17335,3299,22/02/23,,fedex,In Transit
17336,706,24/06/22,,fedex,In Transit
17337,2505,05/01/22,,dhl,In Transit
17338,15150,09/01/20,,fedex,Delivered
17339,18305,16/05/20,,fedex,Delivered
17340,12254,06/09/22,,bluedart,Delivered
17341,4275,20/02/23,,fedex,Delivered
17342,14743,22/06/21,,dhl,In Transit
17343,3350,30/05/21,,bluedart,In Transit
17344,12586,27/04/22,,fedex,In Transit
17345,6845,22/10/21,,fedex,Delivered
17346,9574,12/04/20,,bluedart,In Transit
17347,4218,28/06/20,,dhl,Delivered
17348,16000,27/03/22,,usps,Delivered
17349,17363,09/05/23,,fedex,Delivered
17350,1032,06/07/23,,fedex,Delivered
17351,11947,10/11/21,,fedex,Delivered
17352,9418,28/07/20,,usps,Delivered
17353,8555,21/09/20,,fedex,In Transit
17354,12120,06/12/23,,dhl,In Transit
17355,16063,30/03/23,,fedex,In Transit
17356,10131,21/07/22,,bluedart,Delivered
17357,11940,29/08/22,,bluedart,In Transit
17358,5217,26/01/23,,fedex,Cancelled
17359,5432,14/05/22,,usps,In Transit
17360,13217,02/12/20,,fedex,Delivered
17361,10490,26/02/20,,fedex,Delivered
17362,1587,06/04/23,,bluedart,Cancelled
17363,352,29/04/20,,fedex,Delivered
17364,6263,05/04/20,,bluedart,Cancelled
17365,16668,22/06/21,,fedex,Delivered
17366,10789,23/07/21,,dhl,Delivered
17367,18558,25/05/23,,fedex,Delivered
17368,13200,26/05/22,,fedex,Delivered
17369,13944,18/08/21,,bluedart,In Transit
17370,20494,16/09/22,,dhl,Delivered
17371,16557,24/01/21,,bluedart,Delivered
17372,21491,05/08/21,,dhl,Cancelled
17373,17990,27/05/20,,fedex,Delivered
17374,5102,11/03/23,,fedex,In Transit
17375,13605,17/11/22,,bluedart,Delivered
17376,15364,30/08/20,,usps,In Transit
17377,677,28/02/21,,usps,Delivered
17378,4996,10/07/22,,usps,In Transit
17379,16486,19/03/23,,bluedart,Cancelled
17380,9121,17/02/21,,fedex,Delivered
17381,18026,09/11/20,,dhl,In Transit
17382,17637,18/03/20,,bluedart,Delivered
17383,8265,20/10/22,,fedex,Delivered
17384,16836,25/04/21,,fedex,In Transit
17385,8346,24/06/23,,dhl,Delivered
17386,13571,10/07/22,,ups,Delivered
17387,5357,25/12/21,,fedex,In Transit
17388,18162,05/06/20,,fedex,In Transit
17389,7560,29/10/23,,fedex,In Transit
17390,2040,19/10/21,,dhl,Delivered
17391,13713,20/03/23,,fedex,In Transit
17392,19751,10/11/23,,fedex,In Transit
17393,5219,29/09/23,,ups,Delivered
17394,3149,24/01/22,,fedex,Delivered
17395,12998,17/03/22,,fedex,Delivered
17396,12638,17/05/20,,fedex,Delivered
17397,15159,10/11/20,,fedex,Delivered
17398,5971,15/06/20,,fedex,Delivered
17399,10074,17/10/20,,bluedart,In Transit
17400,5616,28/10/23,,fedex,Delivered
17401,12271,15/07/22,,usps,In Transit
17402,9049,13/04/20,,fedex,Delivered
17403,4747,22/12/22,,fedex,Delivered
17404,5036,18/08/22,,dhl,Delivered
17405,8654,25/09/23,,fedex,In Transit
17406,4073,05/02/21,,ups,In Transit
17407,11609,09/12/21,,bluedart,Delivered
17408,12266,29/05/22,,fedex,In Transit
17409,5269,20/10/22,,usps,Delivered
17410,12643,09/12/21,,ups,In Transit
17411,7214,30/04/20,,dhl,Delivered
17412,17940,26/01/20,,fedex,Delivered
17413,4877,31/07/21,,fedex,Delivered
17414,1137,27/09/23,,fedex,In Transit
17415,10787,03/06/22,,ups,Delivered
17416,12020,01/05/22,,bluedart,Delivered
17417,8136,07/02/22,,fedex,In Transit
17418,7656,30/09/21,,bluedart,Delivered
17419,17853,12/01/20,,fedex,In Transit
17420,11411,01/02/22,,fedex,Delivered
17421,9402,10/03/22,,bluedart,Delivered
17422,17844,09/03/21,,dhl,Delivered
17423,8665,19/07/23,,fedex,Delivered
17424,19441,20/01/20,,dhl,Delivered
17425,12384,17/03/23,,usps,In Transit
17426,8348,28/10/20,02/11/20,fedex,Returned
17427,1105,13/09/22,,bluedart,In Transit
17428,13878,06/08/23,,ups,Delivered
17429,7809,03/08/20,,fedex,Delivered
17430,4104,24/03/20,,ups,Delivered
17431,89,11/06/21,,fedex,Delivered
17432,17043,18/09/21,,dhl,In Transit
17433,1627,08/02/23,,fedex,Delivered
17434,10262,08/02/23,,dhl,Cancelled
17435,1637,12/04/22,,ups,In Transit
17436,21534,31/05/21,,fedex,Delivered
17437,20372,17/12/23,,fedex,In Transit
17438,11957,14/04/22,,dhl,Delivered
17439,7143,12/02/23,,dhl,In Transit
17440,4004,02/07/23,,fedex,In Transit
17441,7963,21/04/21,,bluedart,Delivered
17442,16492,04/10/20,,bluedart,In Transit
17443,17542,03/04/21,,fedex,In Transit
17444,21168,15/08/23,,usps,Delivered
17445,16551,23/09/21,,dhl,In Transit
17446,13550,16/05/21,,fedex,In Transit
17447,8316,29/10/20,,fedex,Cancelled
17448,10171,31/08/20,,dhl,Delivered
17449,4013,06/02/22,,dhl,Delivered
17450,2820,27/02/20,,usps,In Transit
17451,9159,27/08/22,,ups,In Transit
17452,16553,15/09/21,,dhl,Delivered
17453,14349,11/10/21,,dhl,Delivered
17454,19578,13/04/20,,bluedart,Delivered
17455,4054,21/09/23,,dhl,Delivered
17456,9405,11/01/23,,fedex,Delivered
17457,6844,14/05/22,,usps,In Transit
17458,1660,13/12/22,,fedex,In Transit
17459,17591,26/10/23,,fedex,In Transit
17460,2885,14/08/20,,fedex,Delivered
17461,17244,09/10/22,,fedex,In Transit
17462,20775,15/11/23,,usps,Delivered
17463,9375,04/05/21,,dhl,Delivered
17464,9250,12/02/21,,fedex,In Transit
17465,18364,19/12/21,,bluedart,In Transit
17466,7196,30/05/22,,fedex,Delivered
17467,1119,12/05/20,,bluedart,In Transit
17468,1052,30/06/20,,fedex,In Transit
17469,7529,12/08/20,,usps,Delivered
17470,3129,05/06/20,,fedex,Delivered
17471,17530,27/09/23,,dhl,Cancelled
17472,19065,27/01/20,,fedex,Delivered
17473,3113,22/09/21,,dhl,Delivered
17474,3479,01/03/22,,ups,Delivered
17475,2220,17/04/22,,bluedart,Delivered
17476,21202,15/12/20,,ups,In Transit
17477,19462,10/10/21,,fedex,Delivered
17478,16563,28/03/21,,fedex,Delivered
17479,11362,15/08/20,,dhl,Delivered
17480,11394,30/12/21,,ups,Delivered
17481,12426,18/07/20,,dhl,Cancelled
17482,3170,17/01/23,,ups,Delivered
17483,20648,06/08/21,,ups,Delivered
17484,4867,20/02/22,08/03/22,fedex,Returned
17485,6736,21/12/23,,ups,In Transit
17486,16139,20/10/23,,fedex,In Transit
17487,11126,29/03/21,,fedex,In Transit
17488,8500,02/11/23,,usps,In Transit
17489,4520,21/03/21,,ups,In Transit
17490,17070,24/06/21,,usps,Delivered
17491,17097,07/01/23,,ups,In Transit
17492,18341,18/05/22,,fedex,Delivered
17493,1410,11/04/22,,fedex,In Transit
17494,14484,21/08/21,,fedex,In Transit
17495,6282,26/12/20,,dhl,Delivered
17496,12248,28/02/23,,fedex,Delivered
17497,17439,18/07/21,,usps,Delivered
17498,11979,15/09/23,,fedex,Delivered
17499,5693,25/11/23,,fedex,Delivered
17500,10741,12/02/22,,fedex,Delivered
17501,8869,09/03/20,,dhl,In Transit
17502,18820,04/11/22,,dhl,In Transit
17503,14828,02/04/23,,bluedart,In Transit
17504,5222,17/04/20,,fedex,In Transit
17505,17953,27/07/23,,fedex,In Transit
17506,1613,13/09/21,,fedex,Cancelled
17507,19831,09/09/22,,dhl,In Transit
17508,2411,29/10/23,10/11/23,fedex,Returned
17509,20552,02/12/20,,usps,Delivered
17510,3487,14/11/21,,bluedart,Delivered
17511,13534,24/01/22,,bluedart,Delivered
17512,5046,14/08/20,,dhl,Delivered
17513,1715,10/09/21,,ups,Cancelled
17514,12812,27/04/20,,fedex,In Transit
17515,13796,15/07/23,,usps,Delivered
17516,20865,14/12/22,,fedex,Delivered
17517,9065,08/04/22,,dhl,Delivered
17518,18941,11/03/21,,dhl,Delivered
17519,668,13/05/23,,dhl,Delivered
17520,12912,18/12/21,,bluedart,Delivered
17521,12087,18/09/23,,bluedart,Delivered
17522,2091,01/02/22,,dhl,Delivered
17523,4669,20/11/20,,fedex,In Transit
17524,17210,01/05/22,,usps,Cancelled
17525,20826,09/12/20,,fedex,In Transit
17526,18137,08/05/22,,dhl,Delivered
17527,15920,10/02/20,,ups,Delivered
17528,17755,12/07/20,,ups,Delivered
17529,14428,18/08/23,,dhl,Delivered
17530,21441,05/08/20,14/08/20,dhl,Returned
17531,11118,04/08/23,,bluedart,Cancelled
17532,3030,24/07/21,,dhl,In Transit
17533,7829,13/10/23,,fedex,Delivered
17534,15229,10/04/21,,dhl,In Transit
17535,595,08/11/20,,fedex,In Transit
17536,20024,01/08/23,,fedex,In Transit
17537,13164,10/03/20,,fedex,Delivered
17538,17963,23/01/20,,ups,In Transit
17539,6396,08/09/20,02/10/20,dhl,Returned
17540,20585,29/05/20,,fedex,Delivered
17541,9124,19/02/21,,usps,Cancelled
17542,20544,01/10/20,,dhl,Delivered
17543,17658,16/05/23,,bluedart,In Transit
17544,18343,31/01/21,,fedex,Delivered
17545,20937,29/10/21,,fedex,In Transit
17546,16932,01/07/21,,bluedart,Delivered
17547,2101,08/02/20,,fedex,Delivered
17548,19767,06/07/21,,ups,In Transit
17549,11625,19/04/23,,bluedart,Delivered
17550,5377,18/03/21,,fedex,Delivered
17551,1401,08/11/23,,bluedart,Delivered
17552,6678,13/10/20,,dhl,Delivered
17553,2419,17/04/21,,usps,Delivered
17554,11588,16/12/22,,ups,In Transit
17555,14586,04/04/21,,usps,In Transit
17556,14471,04/10/20,,dhl,In Transit
17557,1407,28/09/23,,ups,Cancelled
17558,2015,11/10/20,,fedex,In Transit
17559,10730,23/06/22,,dhl,In Transit
17560,16862,23/05/22,,bluedart,In Transit
17561,17226,24/01/20,,fedex,In Transit
17562,19240,23/06/21,,ups,Delivered
17563,18378,01/12/21,,fedex,Delivered
17564,505,14/03/22,,bluedart,In Transit
17565,19127,22/09/23,,ups,Delivered
17566,7680,24/08/22,,usps,In Transit
17567,11188,02/05/22,,bluedart,Delivered
17568,20912,24/02/21,,fedex,In Transit
17569,20481,08/08/22,,fedex,In Transit
17570,15184,22/01/21,,dhl,Cancelled
17571,12976,30/04/22,,usps,Delivered
17572,7505,01/05/22,08/05/22,fedex,Returned
17573,6205,13/11/21,,bluedart,Delivered
17574,20053,13/01/23,,dhl,In Transit
17575,8786,15/02/21,,dhl,Delivered
17576,18109,26/08/22,,fedex,Delivered
17577,4323,08/10/22,,fedex,In Transit
17578,11986,04/09/22,,ups,In Transit
17579,9442,27/05/21,,usps,Delivered
17580,15155,25/08/23,,dhl,Delivered
17581,5849,16/04/21,,dhl,Delivered
17582,5868,01/12/21,,bluedart,In Transit
17583,1237,26/12/23,,usps,Delivered
17584,11389,13/08/22,,fedex,In Transit
17585,19068,02/07/22,,fedex,Delivered
17586,16284,21/05/21,,ups,Delivered
17587,13509,21/01/22,,fedex,Delivered
17588,17283,15/01/23,,usps,Delivered
17589,3280,09/11/21,,dhl,In Transit
17590,15086,04/06/23,,dhl,In Transit
17591,241,29/12/23,,ups,In Transit
17592,5174,16/10/22,,ups,In Transit
17593,19556,22/02/22,,fedex,In Transit
17594,20214,22/11/20,,fedex,Delivered
17595,6769,14/01/23,,fedex,Delivered
17596,21452,19/06/21,,bluedart,In Transit
17597,12911,29/03/21,,dhl,In Transit
17598,11533,22/10/21,,ups,Delivered
17599,10897,11/03/21,,ups,Delivered
17600,5362,14/11/21,,fedex,Delivered
17601,15186,29/06/22,,fedex,Cancelled
17602,6437,06/05/23,,fedex,In Transit
17603,827,14/12/21,,fedex,In Transit
17604,4548,28/06/23,,fedex,In Transit
17605,13732,04/06/23,,bluedart,Delivered
17606,10206,20/01/20,,fedex,Cancelled
17607,15067,25/01/22,,fedex,In Transit
17608,11255,19/06/20,,fedex,Delivered
17609,18945,27/07/21,,fedex,Delivered
17610,4334,15/12/20,,bluedart,Cancelled
17611,17679,26/07/21,,dhl,Delivered
17612,16734,24/08/20,,dhl,In Transit
17613,5806,09/06/23,,fedex,In Transit
17614,7836,09/07/23,,bluedart,In Transit
17615,19977,10/04/22,,bluedart,Delivered
17616,14611,30/04/20,,ups,In Transit
17617,12499,23/08/22,,dhl,Delivered
17618,16196,08/03/20,18/03/20,dhl,Returned
17619,7983,13/08/22,,fedex,In Transit
17620,11129,30/04/22,,fedex,Delivered
17621,17465,23/12/20,,ups,In Transit
17622,14785,17/01/21,,usps,Delivered
17623,11344,10/03/22,,ups,Delivered
17624,11076,24/06/21,,fedex,Delivered
17625,16238,10/03/21,,ups,In Transit
17626,4443,07/01/20,,fedex,In Transit
17627,598,09/05/20,,dhl,Delivered
17628,10691,28/04/21,,fedex,Delivered
17629,21025,31/08/22,,fedex,Delivered
17630,13573,15/03/21,,fedex,In Transit
17631,13668,21/12/21,,fedex,Delivered
17632,1909,16/12/21,,bluedart,In Transit
17633,16954,07/02/21,,fedex,In Transit
17634,1311,09/05/20,,ups,Delivered
17635,14933,25/03/21,,fedex,In Transit
17636,8368,22/08/20,,dhl,In Transit
17637,5028,17/09/21,,bluedart,Delivered
17638,21000,30/06/20,,fedex,Delivered
17639,20629,24/12/20,,fedex,Delivered
17640,14076,10/11/20,,fedex,Cancelled
17641,5394,17/09/23,,ups,Delivered
17642,14649,04/10/21,21/10/21,fedex,Returned
17643,2336,30/10/22,,fedex,In Transit
17644,16355,06/12/23,,bluedart,In Transit
17645,15342,20/06/20,,fedex,In Transit
17646,15546,02/04/21,,ups,Delivered
17647,4269,10/09/20,,ups,Delivered
17648,10760,05/06/23,,dhl,Delivered
17649,14791,07/06/23,,fedex,Delivered
17650,11458,16/06/21,,fedex,Delivered
17651,21160,23/07/20,,ups,In Transit
17652,9596,29/05/22,,fedex,In Transit
17653,17746,09/04/20,,usps,Cancelled
17654,13038,24/04/21,,usps,Delivered
17655,6158,02/01/24,,dhl,Delivered
17656,19293,24/10/22,,fedex,Delivered
17657,4105,12/10/22,,dhl,Delivered
17658,14897,25/07/22,,fedex,Delivered
17659,20932,10/06/21,,bluedart,In Transit
17660,4495,28/06/21,,ups,Delivered
17661,8369,13/10/22,,fedex,Delivered
17662,4656,08/08/22,,fedex,In Transit
17663,12618,18/05/21,,usps,Delivered
17664,1348,25/03/22,,dhl,Delivered
17665,1723,17/03/23,,fedex,Delivered
17666,5559,28/06/21,,dhl,In Transit
17667,10390,16/10/22,,fedex,Delivered
17668,12459,17/10/22,,ups,In Transit
17669,19005,06/09/21,,bluedart,Delivered
17670,13636,07/01/22,,fedex,In Transit
17671,826,06/09/20,,dhl,In Transit
17672,11115,07/07/20,,ups,In Transit
17673,20946,21/12/21,,fedex,Cancelled
17674,10214,17/01/23,,bluedart,Delivered
17675,2727,11/10/23,,ups,Delivered
17676,18050,20/11/20,,bluedart,Delivered
17677,17207,18/04/20,,dhl,Delivered
17678,6897,24/10/22,,usps,Delivered
17679,7801,19/03/23,,dhl,Delivered
17680,13786,29/04/22,,ups,In Transit
17681,8666,11/10/20,,ups,Delivered
17682,1146,23/09/23,,fedex,Delivered
17683,6302,11/03/22,,fedex,In Transit
17684,3940,07/05/23,,fedex,Cancelled
17685,11698,06/12/20,,bluedart,Delivered
17686,3454,19/01/23,,bluedart,Delivered
17687,20997,26/03/23,,fedex,Cancelled
17688,11125,08/05/22,,ups,In Transit
17689,14722,10/05/21,,usps,Delivered
17690,8846,16/12/20,,fedex,In Transit
17691,18739,23/05/23,,dhl,Delivered
17692,17367,30/04/23,,fedex,Delivered
17693,10649,28/08/23,,bluedart,Delivered
17694,8441,12/10/21,,ups,Cancelled
17695,6855,18/09/23,,dhl,In Transit
17696,12018,09/05/21,,fedex,Delivered
17697,6876,01/10/22,,dhl,Delivered
17698,11735,06/06/20,,ups,In Transit
17699,7616,23/10/22,,ups,Delivered
17700,10259,30/11/20,,bluedart,In Transit
17701,16237,06/06/21,,dhl,Delivered
17702,16090,12/11/22,,dhl,In Transit
17703,6826,19/12/23,,fedex,Cancelled
17704,4374,02/04/22,,fedex,Delivered
17705,11507,20/08/23,,usps,Delivered
17706,19299,04/06/20,,fedex,Delivered
17707,9293,17/03/21,,fedex,Delivered
17708,6032,17/06/23,,fedex,Delivered
17709,12831,26/06/22,,ups,Cancelled
17710,17479,01/09/23,,ups,Delivered
17711,20664,09/02/21,,usps,Delivered
17712,6180,04/11/22,,dhl,Delivered
17713,593,06/01/22,,usps,Delivered
17714,3115,02/05/20,,usps,Delivered
17715,12102,02/11/22,,fedex,Delivered
17716,13995,22/07/20,,dhl,Delivered
17717,11538,07/01/22,,fedex,In Transit
17718,19696,02/05/22,,bluedart,In Transit
17719,11264,22/11/22,27/11/22,bluedart,Returned
17720,15807,19/11/20,,fedex,Delivered
17721,11576,23/03/23,,usps,Delivered
17722,7662,06/02/21,,fedex,Delivered
17723,11597,28/09/21,,ups,In Transit
17724,13173,15/02/20,,fedex,Delivered
17725,20659,25/01/20,,fedex,Delivered
17726,2656,12/03/20,,fedex,Delivered
17727,9364,10/10/21,,dhl,In Transit
17728,20076,30/03/21,,bluedart,In Transit
17729,7342,09/07/20,,fedex,In Transit
17730,590,09/09/22,,dhl,In Transit
17731,8083,01/06/23,,ups,In Transit
17732,12654,10/10/20,,fedex,In Transit
17733,11068,17/10/20,,fedex,Delivered
17734,6199,28/12/22,,fedex,In Transit
17735,12563,10/02/23,,bluedart,Delivered
17736,3119,05/06/20,,fedex,Delivered
17737,1090,18/01/22,,usps,Delivered
17738,21532,18/03/23,,fedex,Delivered
17739,17254,29/05/22,,fedex,Delivered
17740,4237,23/02/23,,fedex,Delivered
17741,4038,26/01/20,,fedex,In Transit
17742,3484,02/03/20,,bluedart,Delivered
17743,13941,06/05/21,,fedex,Delivered
17744,10608,19/03/20,,ups,Delivered
17745,843,19/08/22,,dhl,In Transit
17746,10422,24/10/21,,dhl,Delivered
17747,16466,27/06/20,,fedex,Delivered
17748,21549,03/01/22,,bluedart,Cancelled
17749,15963,15/11/20,,usps,In Transit
17750,13184,28/07/22,,ups,Delivered
17751,5540,12/06/20,,fedex,Delivered
17752,7716,30/12/23,,dhl,Delivered
17753,14771,05/07/22,,bluedart,Delivered
17754,9776,20/04/23,,dhl,In Transit
17755,9499,11/04/20,,fedex,Delivered
17756,15742,11/09/21,,dhl,In Transit
17757,20043,15/10/22,,fedex,Delivered
17758,20953,05/03/23,,dhl,In Transit
17759,1921,18/05/23,,ups,Delivered
17760,1027,14/08/21,,usps,In Transit
17761,15872,22/05/23,,bluedart,In Transit
17762,19504,13/04/21,,bluedart,Cancelled
17763,10379,08/06/23,,fedex,Delivered
17764,1409,03/11/23,,ups,In Transit
17765,3961,16/12/22,,ups,In Transit
17766,20054,29/09/21,,dhl,Delivered
17767,225,11/10/23,,dhl,In Transit
17768,20402,02/09/20,,ups,In Transit
17769,10610,01/04/21,,fedex,Delivered
17770,1349,27/11/22,,bluedart,Cancelled
17771,18126,28/09/20,,dhl,In Transit
17772,18853,08/06/22,,fedex,Delivered
17773,15713,22/11/20,,usps,Delivered
17774,14328,15/09/20,,fedex,Delivered
17775,15889,14/06/22,,dhl,Delivered
17776,6887,11/02/22,,fedex,In Transit
17777,14448,18/01/20,,dhl,In Transit
17778,16652,27/05/22,,dhl,Delivered
17779,18990,20/09/23,,ups,In Transit
17780,3861,22/10/20,,fedex,Delivered
17781,18239,16/08/22,,fedex,In Transit
17782,7257,01/05/21,,dhl,In Transit
17783,11822,28/12/20,,fedex,In Transit
17784,5840,13/12/20,,fedex,Delivered
17785,13205,17/04/20,,dhl,In Transit
17786,1583,13/09/23,,fedex,In Transit
17787,21071,04/06/22,,dhl,In Transit
17788,7235,27/07/23,,bluedart,In Transit
17789,4685,24/09/22,,dhl,Delivered
17790,4777,30/04/21,,dhl,Delivered
17791,12623,01/06/20,,ups,Delivered
17792,4982,11/03/21,,fedex,Delivered
17793,5012,09/11/21,,dhl,In Transit
17794,5481,16/08/20,,fedex,Delivered
17795,10238,13/03/22,,ups,In Transit
17796,15124,24/11/20,,bluedart,Delivered
17797,10771,19/12/20,,fedex,In Transit
17798,10619,26/06/21,,bluedart,Delivered
17799,16368,29/11/23,,ups,Delivered
17800,18183,22/02/20,,fedex,In Transit
17801,19866,04/01/22,,fedex,Delivered
17802,617,24/08/20,,bluedart,Delivered
17803,8829,22/11/23,,dhl,Delivered
17804,1899,11/06/22,,fedex,Delivered
17805,14002,01/10/21,,ups,In Transit
17806,678,06/05/22,,bluedart,In Transit
17807,12331,17/06/23,,dhl,Delivered
17808,12925,06/05/21,,fedex,In Transit
17809,20260,16/10/23,,bluedart,Cancelled
17810,662,15/09/23,,usps,In Transit
17811,18190,13/04/22,,bluedart,Delivered
17812,3508,17/11/21,,fedex,In Transit
17813,10677,20/03/22,,bluedart,Delivered
17814,5551,09/11/22,,fedex,Delivered
17815,3331,11/04/20,,fedex,Delivered
17816,19579,22/07/23,,dhl,In Transit
17817,20827,10/10/22,,usps,In Transit
17818,2702,03/03/20,,fedex,Delivered
17819,12620,07/04/22,,fedex,In Transit
17820,9188,04/10/22,,fedex,Delivered
17821,4493,12/04/23,,bluedart,In Transit
17822,227,08/08/22,,fedex,Delivered
17823,18625,20/09/22,,dhl,Delivered
17824,21197,11/07/21,,dhl,In Transit
17825,1117,03/10/23,,ups,In Transit
17826,7778,18/06/20,,fedex,Delivered
17827,2647,04/06/23,,fedex,In Transit
17828,15054,27/03/20,,fedex,Delivered
17829,326,01/12/23,,ups,Delivered
17830,19861,08/07/20,,fedex,Delivered
17831,8264,05/02/21,,bluedart,In Transit
17832,10408,29/06/22,,fedex,In Transit
17833,11942,26/01/22,11/02/22,fedex,Returned
17834,7363,25/05/23,,fedex,Cancelled
17835,14291,27/04/23,,fedex,Delivered
17836,3535,21/12/23,,fedex,Delivered
17837,14183,05/02/21,,ups,In Transit
17838,6163,18/12/23,,dhl,Delivered
17839,15741,02/12/20,,fedex,Delivered
17840,15244,05/08/20,,fedex,Delivered
17841,14442,11/06/23,,ups,Delivered
17842,2651,05/07/22,,bluedart,Cancelled
17843,12451,06/04/20,,fedex,In Transit
17844,15169,01/01/24,,fedex,Delivered
17845,5099,04/09/23,,fedex,In Transit
17846,7457,01/02/22,,dhl,Delivered
17847,10929,19/12/20,,bluedart,Cancelled
17848,4478,08/04/21,,dhl,In Transit
17849,420,20/03/22,,fedex,Delivered
17850,19613,27/10/21,,fedex,Delivered
17851,7675,30/10/20,,fedex,In Transit
17852,9218,07/04/22,,dhl,Delivered
17853,20651,12/08/22,,usps,In Transit
17854,4948,07/02/21,,ups,In Transit
17855,11226,19/04/21,,fedex,Delivered
17856,10600,17/04/23,,bluedart,In Transit
17857,11173,27/12/20,,bluedart,In Transit
17858,18589,28/07/22,,ups,Delivered
17859,14317,25/12/20,,bluedart,Cancelled
17860,21551,15/03/21,,dhl,In Transit
17861,18197,01/06/22,,fedex,In Transit
17862,15358,14/11/21,,dhl,In Transit
17863,374,29/09/22,,fedex,Delivered
17864,18855,27/01/23,,dhl,Cancelled
17865,1862,25/04/22,,dhl,In Transit
17866,5571,26/02/22,,bluedart,Delivered
17867,3710,21/07/21,,fedex,In Transit
17868,13020,29/08/20,,dhl,Delivered
17869,2558,14/07/23,,dhl,Delivered
17870,2616,23/01/21,,dhl,Cancelled
17871,16896,30/05/22,,bluedart,Cancelled
17872,9374,21/07/22,,fedex,Delivered
17873,15255,19/01/23,,fedex,Delivered
17874,18913,12/02/22,,dhl,In Transit
17875,11651,17/05/23,,dhl,Delivered
17876,11889,21/09/22,,fedex,In Transit
17877,8289,14/08/20,,fedex,Delivered
17878,1056,20/04/21,,bluedart,Delivered
17879,18164,10/11/20,,fedex,Cancelled
17880,15493,19/02/23,,ups,Delivered
17881,7017,31/07/23,,dhl,Delivered
17882,8865,03/05/23,,fedex,In Transit
17883,9396,01/03/22,,bluedart,Delivered
17884,16060,01/11/20,,usps,In Transit
17885,2175,06/01/20,,bluedart,Delivered
17886,8525,31/08/21,,bluedart,Delivered
17887,14003,20/10/20,,ups,Delivered
17888,4554,10/02/21,,fedex,In Transit
17889,10836,28/06/20,,fedex,Delivered
17890,14405,29/04/23,,dhl,Delivered
17891,19538,31/03/23,,ups,Delivered
17892,1738,30/05/23,,dhl,Delivered
17893,10434,26/01/23,,usps,Delivered
17894,2888,24/07/22,,fedex,Delivered
17895,5681,03/02/23,,bluedart,In Transit
17896,19493,07/04/20,,ups,Delivered
17897,20197,12/04/23,,fedex,Delivered
17898,1143,28/01/20,,fedex,In Transit
17899,9266,30/07/23,,fedex,Delivered
17900,7918,09/03/23,,ups,In Transit
17901,18130,23/04/21,,bluedart,In Transit
17902,10829,15/05/22,,fedex,Delivered
17903,7965,16/05/21,,bluedart,Delivered
17904,7746,31/05/23,,usps,In Transit
17905,11866,11/12/22,,usps,Delivered
17906,5606,09/01/22,24/01/22,dhl,Returned
17907,19788,24/05/20,,ups,In Transit
17908,27,24/07/20,,fedex,Delivered
17909,1041,02/07/22,,fedex,In Transit
17910,1221,09/07/22,,fedex,In Transit
17911,3083,28/10/23,,usps,In Transit
17912,19683,29/09/21,,fedex,In Transit
17913,12218,30/12/20,,ups,In Transit
17914,14576,29/12/23,,fedex,Delivered
17915,10851,01/09/22,,bluedart,Delivered
17916,3286,11/08/21,,fedex,In Transit
17917,6998,20/06/22,,bluedart,Delivered
17918,19858,05/10/23,,dhl,Delivered
17919,19689,08/04/21,,ups,Delivered
17920,1793,17/09/23,,fedex,In Transit
17921,13350,03/02/23,,fedex,In Transit
17922,14671,13/04/20,,fedex,Delivered
17923,16246,07/08/21,,usps,In Transit
17924,19621,26/01/23,,bluedart,Delivered
17925,1915,29/05/21,,dhl,Cancelled
17926,10275,06/05/22,,dhl,Cancelled
17927,19466,01/06/21,,bluedart,Delivered
17928,14911,20/06/20,,bluedart,Delivered
17929,17149,03/03/22,,bluedart,Delivered
17930,10081,20/09/21,,dhl,Delivered
17931,9391,01/07/21,,fedex,Delivered
17932,8396,29/12/21,,bluedart,Delivered
17933,10577,04/10/21,,ups,Cancelled
17934,13576,03/07/21,,fedex,Delivered
17935,20433,22/09/20,,fedex,Delivered
17936,16991,22/02/20,,fedex,Delivered
17937,17807,26/02/21,,fedex,In Transit
17938,4992,13/03/20,,dhl,In Transit
17939,6402,08/03/21,,fedex,Delivered
17940,19885,17/05/20,,fedex,In Transit
17941,4856,08/08/21,,bluedart,Delivered
17942,7692,30/07/21,,bluedart,Delivered
17943,1315,16/06/23,,ups,Delivered
17944,7627,24/04/21,,bluedart,In Transit
17945,20721,21/02/23,,dhl,Delivered
17946,5368,25/06/23,,dhl,Delivered
17947,10095,29/03/20,,usps,Delivered
17948,1278,07/05/21,,fedex,Delivered
17949,20187,07/04/22,,fedex,Delivered
17950,12531,22/10/22,,fedex,Delivered
17951,21106,19/06/20,,fedex,In Transit
17952,8246,04/09/21,,fedex,Delivered
17953,8773,09/02/20,,dhl,Delivered
17954,17289,30/07/20,,fedex,In Transit
17955,5898,10/07/20,,fedex,In Transit
17956,17723,02/09/20,,fedex,In Transit
17957,16604,22/09/20,,usps,In Transit
17958,10209,13/12/20,30/12/20,fedex,Returned
17959,13449,18/02/20,,dhl,In Transit
17960,16895,28/06/21,,bluedart,Delivered
17961,7607,18/02/23,,usps,In Transit
17962,15537,23/10/23,,fedex,Delivered
17963,17376,19/05/22,,ups,In Transit
17964,6616,27/01/21,,dhl,In Transit
17965,10280,21/01/21,,fedex,Delivered
17966,884,04/11/21,,bluedart,In Transit
17967,8993,31/12/23,,fedex,Delivered
17968,7251,03/12/23,,fedex,In Transit
17969,3507,19/07/21,,bluedart,In Transit
17970,11037,06/08/22,,dhl,Delivered
17971,10819,17/11/23,,fedex,Delivered
17972,14670,20/04/23,,fedex,Delivered
17973,4197,28/09/22,,dhl,In Transit
17974,8732,10/08/21,,dhl,Delivered
17975,20553,18/09/21,,fedex,In Transit
17976,12712,22/12/20,,dhl,Cancelled
17977,12000,27/07/22,,usps,In Transit
17978,11595,04/06/21,,bluedart,In Transit
17979,18232,20/08/20,,dhl,In Transit
17980,10359,22/09/20,,bluedart,In Transit
17981,18202,02/12/21,,fedex,Delivered
17982,20319,12/07/21,,ups,In Transit
17983,3672,23/07/20,,fedex,In Transit
17984,13621,16/06/23,,fedex,In Transit
17985,13955,15/09/22,,dhl,In Transit
17986,15011,06/07/22,,fedex,Delivered
17987,14554,01/08/22,,fedex,Delivered
17988,20440,25/06/21,,ups,Delivered
17989,8948,18/03/20,,fedex,Delivered
17990,4557,29/08/23,,fedex,Delivered
17991,612,20/04/20,,fedex,Delivered
17992,12848,21/08/20,,fedex,Delivered
17993,15215,04/08/23,,dhl,Delivered
17994,8435,19/11/22,,dhl,Delivered
17995,8752,28/05/21,,ups,In Transit
17996,3510,18/05/23,,dhl,In Transit
17997,19663,14/10/23,,fedex,Delivered
17998,8015,19/01/21,,fedex,Delivered
17999,15440,27/06/20,,dhl,In Transit
18000,19862,17/05/23,,bluedart,Delivered
18001,9284,23/08/22,,fedex,In Transit
18002,5205,09/10/23,,fedex,Delivered
18003,20948,25/07/22,,usps,Delivered
18004,21541,10/08/23,,fedex,Delivered
18005,12852,21/07/23,,fedex,Delivered
18006,12112,09/12/21,,fedex,In Transit
18007,16547,30/12/20,,fedex,In Transit
18008,7468,14/06/23,,bluedart,In Transit
18009,5388,20/01/22,,usps,Delivered
18010,4716,22/09/22,09/10/22,usps,Returned
18011,1128,15/06/20,,fedex,Delivered
18012,7221,14/02/22,,ups,In Transit
18013,21246,27/02/22,,usps,Delivered
18014,8859,23/09/21,,bluedart,In Transit
18015,19393,10/03/23,22/03/23,fedex,Returned
18016,860,12/04/21,,fedex,In Transit
18017,18915,14/02/23,,dhl,Delivered
18018,17536,19/05/23,,dhl,In Transit
18019,11927,10/11/21,,fedex,Cancelled
18020,10046,12/10/21,,dhl,Delivered
18021,15291,02/06/22,,dhl,Delivered
18022,11343,23/11/21,,fedex,Delivered
18023,17012,01/08/21,,fedex,Delivered
18024,9393,22/06/20,,bluedart,Delivered
18025,5107,16/05/21,,dhl,Delivered
18026,2340,08/11/21,,fedex,Delivered
18027,9372,16/08/21,,fedex,Delivered
18028,19193,21/08/20,,dhl,Delivered
18029,265,14/05/22,22/05/22,fedex,Returned
18030,9316,17/09/21,,dhl,Cancelled
18031,5641,02/08/22,,ups,In Transit
18032,20799,13/12/22,,bluedart,In Transit
18033,10763,13/05/22,,ups,In Transit
18034,19103,21/12/22,,fedex,In Transit
18035,18310,01/01/23,,fedex,In Transit
18036,31,01/10/22,23/10/22,dhl,Returned
18037,2139,07/05/20,,usps,Delivered
18038,12213,07/11/23,,fedex,In Transit
18039,2789,23/01/23,,dhl,In Transit
18040,10146,13/03/20,,fedex,Delivered
18041,1727,16/12/22,,bluedart,Delivered
18042,15416,17/10/20,,dhl,In Transit
18043,13780,24/02/23,,dhl,In Transit
18044,8353,21/04/23,,ups,Delivered
18045,32,18/08/20,,usps,Delivered
18046,1640,14/08/20,,dhl,In Transit
18047,10784,06/04/20,,usps,Delivered
18048,2680,13/01/22,,fedex,Delivered
18049,6525,28/03/23,,fedex,Delivered
18050,11138,21/08/20,,fedex,In Transit
18051,2584,21/08/22,,dhl,Delivered
18052,8095,07/09/20,,bluedart,Delivered
18053,15885,24/06/20,03/07/20,ups,Returned
18054,5502,29/05/22,,fedex,Delivered
18055,7855,21/06/23,,fedex,Delivered
18056,19400,15/10/22,,fedex,In Transit
18057,16829,17/07/22,,dhl,In Transit
18058,9036,20/09/22,,dhl,Delivered
18059,3991,05/12/20,,bluedart,Delivered
18060,12833,06/06/21,,fedex,In Transit
18061,13535,30/10/23,,fedex,Delivered
18062,3816,16/01/20,,fedex,In Transit
18063,14306,22/12/21,,dhl,Delivered
18064,16013,14/02/23,,dhl,Delivered
18065,9060,06/02/21,,fedex,In Transit
18066,17981,14/06/22,,dhl,Delivered
18067,11599,05/08/21,,dhl,Delivered
18068,2751,02/04/21,,fedex,Delivered
18069,12481,03/04/20,,fedex,In Transit
18070,4966,20/10/22,,fedex,Delivered
18071,17691,27/04/23,,fedex,Delivered
18072,7049,05/09/23,,dhl,Delivered
18073,5226,11/04/20,,fedex,Delivered
18074,9733,27/05/23,,fedex,In Transit
18075,12861,26/07/22,,fedex,Delivered
18076,7414,12/10/23,,bluedart,Delivered
18077,5350,12/01/21,,dhl,Delivered
18078,4378,10/10/21,,dhl,Delivered
18079,3786,27/03/21,,fedex,Delivered
18080,2024,29/04/21,,fedex,Delivered
18081,5322,16/12/22,,usps,Delivered
18082,9868,06/11/22,,fedex,In Transit
18083,21571,08/08/22,15/08/22,dhl,Returned
18084,20883,03/10/23,,ups,Delivered
18085,2667,11/09/22,,dhl,In Transit
18086,20490,06/03/23,,fedex,Delivered
18087,19156,19/09/20,,bluedart,Delivered
18088,5127,29/09/21,04/10/21,dhl,Returned
18089,2968,27/07/23,,dhl,Cancelled
18090,2299,21/05/21,,usps,Delivered
18091,2325,17/02/23,,dhl,Delivered
18092,4789,09/06/20,,usps,In Transit
18093,413,28/08/20,,bluedart,In Transit
18094,19000,23/12/22,,dhl,In Transit
18095,2723,16/12/20,,fedex,Delivered
18096,9147,27/12/21,,fedex,Delivered
18097,12268,26/08/21,,dhl,Delivered
18098,10948,27/05/22,,fedex,In Transit
18099,14453,15/09/22,,fedex,In Transit
18100,20038,24/04/23,,fedex,Delivered
18101,5318,04/04/22,,fedex,In Transit
18102,9711,06/02/23,,usps,In Transit
18103,11275,02/07/22,,fedex,In Transit
18104,594,03/07/23,,dhl,In Transit
18105,3242,03/01/21,,fedex,In Transit
18106,5733,16/06/20,,dhl,Delivered
18107,17698,16/11/23,21/11/23,bluedart,Returned
18108,17303,08/12/20,,fedex,In Transit
18109,3912,19/08/20,,usps,In Transit
18110,15560,13/03/22,,ups,Delivered
18111,21442,13/02/20,,bluedart,Delivered
18112,5851,07/09/22,,bluedart,Cancelled
18113,6622,29/04/22,,dhl,Cancelled
18114,15545,15/08/23,,dhl,In Transit
18115,11695,02/08/22,,fedex,In Transit
18116,3345,05/02/21,,fedex,In Transit
18117,6835,26/12/21,,fedex,In Transit
18118,20574,29/08/22,,bluedart,In Transit
18119,17729,03/10/23,,fedex,Delivered
18120,888,09/07/20,,bluedart,Delivered
18121,19669,22/08/21,,dhl,Cancelled
18122,8386,26/01/23,,fedex,Delivered
18123,15528,10/08/20,,dhl,Delivered
18124,1501,31/01/21,10/02/21,fedex,Returned
18125,14597,29/05/22,,fedex,In Transit
18126,16143,20/07/22,,fedex,In Transit
18127,16353,07/02/21,,fedex,In Transit
18128,2146,27/01/23,,fedex,In Transit
18129,13493,22/11/22,,bluedart,Delivered
18130,21102,15/12/23,,fedex,Cancelled
18131,15986,24/03/22,,fedex,In Transit
18132,11618,18/10/21,,bluedart,Delivered
18133,18862,10/06/22,,usps,In Transit
18134,10659,15/05/22,,dhl,Delivered
18135,13482,31/05/23,,dhl,Delivered
18136,11197,26/05/22,,fedex,Delivered
18137,21462,28/01/23,,bluedart,Delivered
18138,12392,14/11/20,25/11/20,fedex,Returned
18139,18639,03/03/21,,fedex,In Transit
18140,7250,19/12/23,,bluedart,Delivered
18141,10678,07/06/23,,bluedart,In Transit
18142,8853,13/08/21,,dhl,Delivered
18143,7775,29/04/23,,fedex,Cancelled
18144,18408,08/09/23,,fedex,Delivered
18145,9680,06/11/23,,fedex,Delivered
18146,21181,26/03/23,,dhl,Delivered
18147,14638,27/01/21,,bluedart,Delivered
18148,1371,22/01/21,,fedex,In Transit
18149,14848,28/11/21,,dhl,Delivered
18150,16866,21/01/21,,bluedart,Delivered
18151,16887,29/10/23,,dhl,Delivered
18152,1553,12/12/21,,fedex,Delivered
18153,7921,15/06/22,,ups,In Transit
18154,15130,06/06/20,,ups,Delivered
18155,6425,28/12/23,,fedex,Delivered
18156,3588,26/01/21,,fedex,Delivered
18157,13088,14/09/22,,fedex,Delivered
18158,15886,22/10/23,,fedex,Delivered
18159,7552,22/08/21,,usps,Delivered
18160,2817,02/09/21,,dhl,Delivered
18161,9904,21/11/23,,bluedart,In Transit
18162,4339,09/10/21,,ups,In Transit
18163,19161,02/02/23,,fedex,Delivered
18164,17308,03/01/22,,fedex,Delivered
18165,6210,30/06/23,,dhl,Delivered
18166,15409,02/03/21,,bluedart,In Transit
18167,4630,29/03/21,,bluedart,In Transit
18168,9682,08/01/23,,bluedart,Delivered
18169,11003,24/02/21,,ups,In Transit
18170,12343,20/10/23,,fedex,Cancelled
18171,16201,29/06/21,,fedex,Delivered
18172,20431,08/06/21,,fedex,Delivered
18173,13250,25/12/20,,fedex,In Transit
18174,18186,11/06/21,,ups,Delivered
18175,19879,23/10/22,,fedex,Delivered
18176,13589,07/12/21,,dhl,In Transit
18177,332,23/10/23,,dhl,Cancelled
18178,7977,02/10/20,,ups,Delivered
18179,3805,10/05/22,,fedex,Delivered
18180,3208,23/06/23,,bluedart,In Transit
18181,1735,07/05/20,,fedex,In Transit
18182,19178,02/11/20,,fedex,Delivered
18183,8059,13/06/21,,dhl,Delivered
18184,1394,03/10/20,,ups,Delivered
18185,1773,09/08/21,,fedex,Delivered
18186,18724,07/08/22,,fedex,Delivered
18187,9459,01/11/20,13/11/20,fedex,Returned
18188,1223,24/01/20,,fedex,In Transit
18189,14157,21/02/23,,ups,Delivered
18190,6116,20/11/22,,bluedart,Cancelled
18191,21371,06/11/21,,bluedart,Delivered
18192,18018,30/01/20,,fedex,Delivered
18193,10226,30/05/23,,bluedart,In Transit
18194,6262,28/11/21,,ups,In Transit
18195,14887,20/10/21,,fedex,Delivered
18196,12961,16/07/21,,bluedart,In Transit
18197,11396,20/11/22,,dhl,In Transit
18198,2805,06/04/22,,fedex,Delivered
18199,10241,11/04/22,,dhl,Delivered
18200,13345,10/09/21,,dhl,Delivered
18201,20871,20/10/21,,dhl,Delivered
18202,4722,21/10/22,,fedex,Delivered
18203,14380,27/07/20,,dhl,Delivered
18204,17952,29/01/23,,bluedart,Cancelled
18205,1753,22/03/20,,fedex,Delivered
18206,8466,27/05/23,,fedex,In Transit
18207,4580,21/12/20,,fedex,Delivered
18208,19407,05/04/20,,usps,In Transit
18209,19106,17/10/22,,fedex,Delivered
18210,17491,03/09/20,,bluedart,Delivered
18211,20743,20/06/20,,ups,Delivered
18212,13945,19/12/22,,fedex,Delivered
18213,440,11/06/23,,bluedart,In Transit
18214,2864,18/05/20,,dhl,In Transit
18215,10337,07/10/21,,dhl,Delivered
18216,20710,13/02/22,,usps,Delivered
18217,19281,21/06/21,,fedex,In Transit
18218,4759,23/02/23,,fedex,Cancelled
18219,3137,02/10/22,,bluedart,In Transit
18220,16703,12/02/22,,ups,Cancelled
18221,6642,06/02/22,,bluedart,Delivered
18222,20727,23/09/22,,fedex,In Transit
18223,2229,05/06/22,,fedex,In Transit
18224,9348,23/02/21,,bluedart,Delivered
18225,7510,21/06/22,,dhl,Delivered
18226,12796,06/12/22,,dhl,Delivered
18227,4344,26/12/21,,fedex,In Transit
18228,6484,08/08/22,,dhl,Delivered
18229,3459,18/02/22,05/03/22,ups,Returned
18230,11201,05/01/20,,fedex,Cancelled
18231,808,12/02/22,,fedex,Delivered
18232,5153,25/06/22,,fedex,Delivered
18233,15951,24/02/23,,fedex,Delivered
18234,20657,11/01/22,,fedex,Delivered
18235,20252,14/01/23,,bluedart,Delivered
18236,21278,11/06/20,,fedex,Delivered
18237,15965,02/02/23,,dhl,Delivered
18238,1049,07/11/20,,dhl,In Transit
18239,15806,22/12/23,,ups,In Transit
18240,19626,22/04/21,,fedex,Delivered
18241,2361,26/09/21,,bluedart,In Transit
18242,8465,02/06/23,,dhl,In Transit
18243,17552,17/02/20,,fedex,In Transit
18244,14509,10/06/20,,dhl,In Transit
18245,205,17/03/22,,fedex,Cancelled
18246,3351,13/12/20,,usps,Delivered
18247,5839,30/06/22,,fedex,In Transit
18248,4296,04/08/22,,usps,Delivered
18249,14051,10/06/22,,fedex,Delivered
18250,6699,04/04/20,,bluedart,In Transit
18251,10103,18/10/23,,bluedart,Cancelled
18252,63,06/08/21,,fedex,Delivered
18253,16083,02/08/21,,fedex,Delivered
18254,5633,13/09/20,,fedex,In Transit
18255,16129,05/12/21,,bluedart,Delivered
18256,18921,07/11/22,,fedex,In Transit
18257,2064,30/07/20,,fedex,Delivered
18258,20369,07/10/23,,fedex,In Transit
18259,21240,29/07/20,,ups,Delivered
18260,7516,14/03/20,,dhl,In Transit
18261,3172,04/04/22,,fedex,Delivered
18262,6554,12/05/21,,fedex,Delivered
18263,11891,06/12/23,,fedex,In Transit
18264,18847,21/09/22,,fedex,Delivered
18265,19255,20/01/22,,fedex,Delivered
18266,16675,04/04/21,,fedex,Delivered
18267,12327,12/09/23,,fedex,Delivered
18268,4225,01/09/23,,bluedart,Delivered
18269,13736,15/01/22,,fedex,Delivered
18270,3603,11/11/23,,bluedart,In Transit
18271,10838,01/03/20,,fedex,In Transit
18272,14195,09/12/21,,bluedart,Delivered
18273,5877,12/05/20,,usps,Delivered
18274,17034,04/04/23,,fedex,Cancelled
18275,10237,09/11/23,,fedex,In Transit
18276,5668,07/03/21,,dhl,In Transit
18277,4413,13/06/21,,bluedart,Cancelled
18278,12366,07/12/23,,fedex,Delivered
18279,6178,03/10/21,,fedex,In Transit
18280,12476,20/10/20,,ups,Cancelled
18281,10018,29/10/20,,fedex,Delivered
18282,2851,11/11/22,,fedex,Delivered
18283,6465,26/05/22,,ups,In Transit
18284,12729,27/05/21,,bluedart,In Transit
18285,2056,11/07/22,,ups,Delivered
18286,2296,10/01/22,,fedex,Delivered
18287,19742,05/05/23,,dhl,Delivered
18288,21570,24/04/23,,ups,Delivered
18289,19036,18/05/22,,fedex,Delivered
18290,4399,30/01/23,,dhl,In Transit
18291,3709,12/11/20,,fedex,In Transit
18292,8260,03/05/21,,dhl,In Transit
18293,19226,08/06/21,,dhl,In Transit
18294,13019,11/09/23,,bluedart,Cancelled
18295,19291,29/06/20,,fedex,Delivered
18296,7606,02/07/20,,fedex,In Transit
18297,8413,11/09/22,,bluedart,Delivered
18298,18265,05/11/21,,dhl,Delivered
18299,4517,16/01/23,,bluedart,In Transit
18300,13679,03/09/21,,fedex,In Transit
18301,1795,30/06/20,,dhl,Delivered
18302,3264,01/03/21,,dhl,In Transit
18303,20606,18/05/21,,bluedart,Delivered
18304,14965,17/05/22,,fedex,Delivered
18305,9189,18/08/21,,fedex,Cancelled
18306,13444,20/03/21,13/04/21,bluedart,Returned
18307,13227,07/03/20,,fedex,In Transit
18308,17674,15/09/21,,dhl,Delivered
18309,10873,15/02/20,,fedex,Delivered
18310,13604,27/02/23,,fedex,Delivered
18311,5441,04/04/21,,dhl,Delivered
18312,6198,20/04/20,,dhl,In Transit
18313,16436,17/01/21,,bluedart,Delivered
18314,5794,31/05/21,,fedex,Delivered
18315,4485,23/04/23,,fedex,Delivered
18316,7475,14/12/22,,usps,In Transit
18317,4325,13/06/22,,fedex,Cancelled
18318,21282,14/08/22,,bluedart,Delivered
18319,4501,10/07/23,,fedex,Delivered
18320,21132,25/05/21,,fedex,Delivered
18321,2135,01/08/20,,dhl,Delivered
18322,17090,31/05/20,,fedex,Delivered
18323,6281,04/11/23,,fedex,Delivered
18324,12304,22/05/22,,fedex,In Transit
18325,2866,31/10/20,,dhl,In Transit
18326,19993,23/05/23,,dhl,Delivered
18327,1326,31/12/22,,fedex,In Transit
18328,14460,20/10/20,,dhl,Delivered
18329,5232,20/04/20,,fedex,In Transit
18330,9194,04/11/23,,bluedart,In Transit
18331,6043,03/11/20,,fedex,In Transit
18332,21097,21/12/21,,dhl,In Transit
18333,18172,28/08/22,,fedex,Delivered
18334,17440,09/03/21,,fedex,Delivered
18335,11057,08/03/23,,fedex,Delivered
18336,19101,05/11/22,,fedex,Cancelled
18337,1538,14/07/21,,usps,Cancelled
18338,912,17/08/23,,bluedart,Cancelled
18339,14747,26/07/20,,fedex,Delivered
18340,11573,12/04/22,25/04/22,fedex,Returned
18341,5215,17/05/23,,dhl,Delivered
18342,3923,29/04/20,,ups,Delivered
18343,9135,21/02/20,,ups,In Transit
18344,2348,06/01/21,,dhl,In Transit
18345,8339,20/07/23,,bluedart,In Transit
18346,16444,28/05/20,,bluedart,In Transit
18347,19414,25/11/23,,fedex,In Transit
18348,18897,05/04/22,,fedex,In Transit
18349,8612,15/03/22,,fedex,In Transit
18350,10420,20/08/22,,fedex,Cancelled
18351,14316,06/08/20,,fedex,Delivered
18352,10023,09/03/21,,ups,Delivered
18353,17056,29/05/20,,fedex,In Transit
18354,19217,04/05/21,,usps,Delivered
18355,6070,09/02/23,,fedex,Delivered
18356,18146,21/08/23,,dhl,In Transit
18357,6962,28/01/23,,ups,Cancelled
18358,14683,23/02/22,,dhl,In Transit
18359,9959,02/08/23,,fedex,Delivered
18360,10191,01/03/23,,fedex,In Transit
18361,2109,15/02/22,,fedex,Delivered
18362,4043,18/08/20,,ups,Delivered
18363,21038,18/06/20,,bluedart,Delivered
18364,3994,22/02/22,,fedex,Delivered
18365,5021,22/05/21,,dhl,Cancelled
18366,19183,31/08/20,,bluedart,Delivered
18367,15246,11/05/20,,fedex,Delivered
18368,1655,02/03/23,,dhl,Delivered
18369,4265,27/06/21,,fedex,Cancelled
18370,1332,07/02/23,,fedex,Delivered
18371,1469,29/12/20,,fedex,In Transit
18372,12075,15/03/21,,bluedart,Delivered
18373,17203,26/07/23,,ups,In Transit
18374,4388,01/05/20,,ups,In Transit
18375,6955,23/08/21,,fedex,In Transit
18376,19745,18/12/21,,fedex,Cancelled
18377,19595,28/11/23,,dhl,Delivered
18378,9251,15/11/21,,fedex,In Transit
18379,17811,22/04/20,,fedex,Delivered
18380,12574,13/05/23,,fedex,In Transit
18381,13212,06/01/22,,ups,Cancelled
18382,9767,30/11/22,,dhl,Delivered
18383,12159,01/06/21,,usps,Delivered
18384,2954,08/08/22,,dhl,In Transit
18385,20246,14/11/21,,fedex,In Transit
18386,16374,24/02/22,,usps,Delivered
18387,11854,22/04/21,,dhl,In Transit
18388,15552,11/05/20,,dhl,Delivered
18389,12963,19/10/22,26/10/22,usps,Returned
18390,11326,30/04/23,,bluedart,Cancelled
18391,11089,03/08/20,,bluedart,In Transit
18392,16241,21/11/22,,fedex,Delivered
18393,6511,22/06/20,,dhl,Delivered
18394,18271,24/12/21,,fedex,In Transit
18395,17590,18/07/22,,usps,In Transit
18396,16483,31/01/22,,ups,Delivered
18397,1310,13/01/21,,dhl,Delivered
18398,376,06/10/23,,fedex,Delivered
18399,20518,11/12/23,,dhl,Cancelled
18400,20822,06/09/22,,fedex,Delivered
18401,16058,12/10/22,,bluedart,In Transit
18402,14844,09/11/21,04/12/21,fedex,Returned
18403,506,07/09/20,,fedex,Delivered
18404,9361,23/03/21,,fedex,Delivered
18405,1452,20/08/23,,fedex,In Transit
18406,14210,07/01/23,,dhl,Delivered
18407,19206,16/05/22,,fedex,Cancelled
18408,8628,23/12/20,,fedex,Delivered
18409,18266,09/04/22,,bluedart,Delivered
18410,3880,07/08/23,,fedex,Delivered
18411,11664,04/04/21,,ups,Delivered
18412,17885,21/12/22,,bluedart,In Transit
18413,18771,02/09/22,,dhl,Delivered
18414,1800,01/03/23,,ups,Delivered
18415,1398,12/12/22,,fedex,Delivered
18416,4846,12/10/20,,fedex,In Transit
18417,14216,26/09/20,,dhl,In Transit
18418,10347,20/09/21,,ups,In Transit
18419,15267,12/04/22,,dhl,Delivered
18420,14526,12/02/22,17/02/22,usps,Returned
18421,14643,12/03/20,30/03/20,bluedart,Returned
18422,13170,15/06/20,,fedex,In Transit
18423,14074,22/07/23,,dhl,Delivered
18424,15407,15/01/23,,fedex,Delivered
18425,16273,12/07/22,20/07/22,fedex,Returned
18426,2288,22/01/20,,fedex,In Transit
18427,17995,12/07/23,,fedex,Delivered
18428,8190,17/07/22,,fedex,In Transit
18429,5670,11/08/21,,dhl,Cancelled
18430,12764,03/06/20,,bluedart,Delivered
18431,8404,26/02/20,,usps,Delivered
18432,6898,19/04/20,,fedex,In Transit
18433,6292,25/08/21,,dhl,Delivered
18434,18649,06/11/20,,fedex,In Transit
18435,19074,18/01/23,,fedex,Delivered
18436,11864,05/10/23,,dhl,Delivered
18437,14995,03/09/20,,fedex,In Transit
18438,18901,11/02/21,,ups,In Transit
18439,5875,12/04/21,,dhl,Delivered
18440,2899,27/08/22,,bluedart,Cancelled
18441,4397,20/08/21,,fedex,In Transit
18442,21148,05/03/23,,fedex,Delivered
18443,3739,14/05/23,,ups,Delivered
18444,19460,20/12/23,,dhl,Cancelled
18445,4469,25/11/21,,bluedart,Delivered
18446,8087,13/10/21,,dhl,In Transit
18447,12191,11/03/22,,fedex,Delivered
18448,9478,17/06/23,,dhl,Delivered
18449,15475,22/10/23,,dhl,Delivered
18450,8111,30/08/23,,usps,Delivered
18451,5349,17/02/22,,dhl,In Transit
18452,12969,10/01/20,,fedex,In Transit
18453,9846,09/03/23,,fedex,Delivered
18454,1526,17/07/20,,dhl,In Transit
18455,20724,13/07/20,,usps,In Transit
18456,16458,26/02/22,16/03/22,usps,Returned
18457,18269,10/07/21,,dhl,In Transit
18458,15979,25/11/23,,dhl,Delivered
18459,11663,04/09/20,,bluedart,Cancelled
18460,4889,20/08/21,,bluedart,Cancelled
18461,17063,29/11/22,06/12/22,usps,Returned
18462,14004,29/07/21,,fedex,Delivered
18463,3443,13/03/22,,fedex,Delivered
18464,11363,10/04/23,,dhl,Delivered
18465,17710,25/06/21,,fedex,Delivered
18466,8955,14/10/22,,ups,Delivered
18467,5397,08/04/20,,ups,Delivered
18468,1925,22/01/23,,fedex,Cancelled
18469,2920,03/03/20,,fedex,Delivered
18470,1543,18/05/21,,fedex,In Transit
18471,8400,15/07/22,,ups,In Transit
18472,21247,15/08/20,,fedex,Delivered
18473,4644,04/11/20,,fedex,Delivered
18474,10703,07/12/20,,fedex,Delivered
18475,8018,03/09/20,,fedex,In Transit
18476,6326,17/10/22,,bluedart,Delivered
18477,3531,06/01/21,,dhl,Delivered
18478,13516,22/09/23,,dhl,Delivered
18479,5529,08/02/22,,bluedart,In Transit
18480,9541,12/07/20,,usps,In Transit
18481,5243,16/09/21,,fedex,Delivered
18482,18631,18/05/23,,ups,In Transit
18483,7506,15/07/21,,bluedart,Delivered
18484,7633,01/05/20,,fedex,Delivered
18485,15509,29/08/20,,bluedart,In Transit
18486,21605,14/08/23,,fedex,In Transit
18487,21299,05/06/21,,dhl,In Transit
18488,16048,16/08/20,,ups,Delivered
18489,5781,11/08/22,,fedex,Delivered
18490,16275,23/04/20,,usps,Delivered
18491,9205,21/08/21,,dhl,Delivered
18492,8081,28/10/23,13/11/23,bluedart,Returned
18493,11459,19/06/21,,fedex,Delivered
18494,19717,29/11/22,,bluedart,Delivered
18495,18038,11/04/22,,bluedart,Delivered
18496,18233,21/08/22,,fedex,In Transit
18497,20846,01/12/20,,fedex,In Transit
18498,183,18/09/23,,bluedart,In Transit
18499,6794,06/11/23,,fedex,Delivered
18500,7402,05/07/21,,fedex,In Transit
18501,4895,19/02/23,,ups,Delivered
18502,11418,22/09/21,,ups,Delivered
18503,20749,02/01/23,,usps,Delivered
18504,16516,11/09/23,,dhl,Delivered
18505,11869,10/02/20,,fedex,Delivered
18506,9527,09/07/20,,fedex,Cancelled
18507,3917,04/02/23,,usps,Delivered
18508,20249,01/09/22,,fedex,Delivered
18509,1549,25/02/22,,fedex,Delivered
18510,917,28/05/20,,bluedart,Delivered
18511,3205,25/09/22,,bluedart,In Transit
18512,4322,03/12/20,,fedex,In Transit
18513,8779,11/06/22,,dhl,Delivered
18514,8376,20/04/22,,fedex,Cancelled
18515,13694,12/04/20,,fedex,Delivered
18516,9833,24/09/22,,fedex,In Transit
18517,4375,13/03/23,,fedex,Delivered
18518,16842,12/01/22,,dhl,Delivered
18519,477,22/10/21,,usps,In Transit
18520,3439,22/06/22,,dhl,In Transit
18521,13159,02/06/21,,usps,In Transit
18522,10264,23/11/22,,fedex,Delivered
18523,7370,04/10/22,,fedex,In Transit
18524,6655,23/05/23,,fedex,In Transit
18525,8370,19/03/23,,bluedart,Delivered
18526,15754,07/04/21,,fedex,In Transit
18527,6275,28/01/21,,dhl,Delivered
18528,12487,02/01/22,,dhl,In Transit
18529,6063,13/08/23,,fedex,Delivered
18530,9848,10/07/22,,usps,In Transit
18531,4651,23/03/21,,fedex,In Transit
18532,13483,10/11/22,,fedex,Delivered
18533,20136,04/01/20,,ups,Delivered
18534,21472,16/11/22,,fedex,Cancelled
18535,3067,31/12/21,,fedex,Delivered
18536,11925,24/11/20,14/12/20,dhl,Returned
18537,16646,14/11/20,,dhl,Delivered
18538,14106,05/04/22,,fedex,Delivered
18539,17526,14/09/21,,dhl,Delivered
18540,11671,13/04/21,,ups,Delivered
18541,12038,08/02/23,,fedex,In Transit
18542,2250,14/06/20,,fedex,Delivered
18543,13033,09/03/21,,usps,Cancelled
18544,19870,06/12/22,,bluedart,Delivered
18545,667,24/02/20,,fedex,Delivered
18546,17547,05/04/20,,fedex,In Transit
18547,7150,15/07/21,,bluedart,Delivered
18548,19650,13/04/21,,bluedart,In Transit
18549,17200,17/12/20,,fedex,Delivered
18550,4465,16/11/22,,dhl,In Transit
18551,13177,13/11/23,,ups,In Transit
18552,11998,01/09/23,,fedex,In Transit
18553,427,04/04/20,,fedex,In Transit
18554,1355,04/05/22,,bluedart,Cancelled
18555,5963,01/10/21,19/10/21,ups,Returned
18556,3731,01/10/23,,ups,In Transit
18557,3493,16/09/22,,bluedart,In Transit
18558,20321,13/08/20,,dhl,Delivered
18559,4781,19/06/23,,fedex,In Transit
18560,14975,12/12/23,,dhl,In Transit
18561,14368,12/10/22,,ups,Delivered
18562,18453,24/10/20,,ups,Delivered
18563,7663,29/11/21,,ups,In Transit
18564,9666,27/06/22,,fedex,Delivered
18565,19030,04/02/23,26/02/23,ups,Returned
18566,10585,04/06/22,,bluedart,Cancelled
18567,14265,21/07/21,,bluedart,Delivered
18568,19208,02/09/21,,fedex,Delivered
18569,19428,10/01/21,,ups,In Transit
18570,4799,12/10/22,,fedex,Delivered
18571,8115,09/06/21,,ups,In Transit
18572,21385,14/12/21,,fedex,Delivered
18573,10713,20/08/23,,fedex,Delivered
18574,4582,03/03/22,,bluedart,Delivered
18575,107,16/04/23,,ups,Delivered
18576,6112,07/10/21,,fedex,In Transit
18577,11852,27/08/22,,dhl,Delivered
18578,8262,13/08/23,,bluedart,In Transit
18579,10094,04/06/23,,dhl,In Transit
18580,12381,17/02/20,,fedex,Delivered
18581,20755,11/02/23,,dhl,Delivered
18582,19561,11/05/20,,bluedart,Cancelled
18583,2712,20/09/22,,usps,Delivered
18584,3641,02/02/22,,ups,In Transit
18585,3078,17/08/21,,fedex,Delivered
18586,15012,20/06/22,,bluedart,In Transit
18587,17783,14/05/22,,bluedart,In Transit
18588,11754,27/02/23,,fedex,Delivered
18589,17170,07/05/20,,fedex,In Transit
18590,10564,10/08/22,,dhl,In Transit
18591,6647,17/09/22,,dhl,In Transit
18592,7881,16/04/21,,ups,Delivered
18593,4687,02/10/23,,fedex,Delivered
18594,16886,20/07/21,,usps,In Transit
18595,8090,06/07/23,,dhl,In Transit
18596,5091,09/07/21,,fedex,In Transit
18597,19765,27/02/20,,dhl,Delivered
18598,11892,27/09/20,,ups,Delivered
18599,8632,23/08/21,,fedex,In Transit
18600,11310,04/02/20,,usps,Delivered
18601,18509,09/10/22,,ups,In Transit
18602,7685,31/03/21,,fedex,In Transit
18603,5890,11/08/22,,fedex,Delivered
18604,8973,10/08/23,,dhl,Cancelled
18605,4129,29/09/23,,bluedart,In Transit
18606,5140,04/10/22,,usps,Cancelled
18607,20012,20/05/21,,ups,Delivered
18608,3918,16/06/20,,ups,Delivered
18609,21434,26/07/23,,fedex,Delivered
18610,21173,03/01/22,,bluedart,In Transit
18611,16036,10/12/21,,fedex,Delivered
18612,18992,09/11/21,,bluedart,Delivered
18613,4092,11/05/23,,bluedart,Delivered
18614,2302,28/06/21,,fedex,Delivered
18615,3244,20/01/20,,ups,In Transit
18616,9814,31/08/22,,usps,In Transit
18617,14189,16/04/22,,bluedart,In Transit
18618,13767,07/08/21,,bluedart,In Transit
18619,16690,07/11/22,,fedex,Delivered
18620,6852,06/06/23,,fedex,In Transit
18621,19032,16/12/20,,fedex,In Transit
18622,12953,11/04/21,,fedex,In Transit
18623,13772,03/04/22,,ups,Delivered
18624,20413,06/11/20,,ups,Delivered
18625,4060,25/04/23,,usps,In Transit
18626,13346,13/11/23,,fedex,Delivered
18627,9905,27/04/22,,fedex,Cancelled
18628,14053,12/05/20,,fedex,In Transit
18629,1301,25/01/22,,fedex,Delivered
18630,14094,30/07/20,16/08/20,fedex,Returned
18631,13851,02/06/21,,dhl,Delivered
18632,12195,28/08/21,,fedex,Delivered
18633,6932,13/03/23,,ups,Delivered
18634,937,04/02/23,,ups,Delivered
18635,6350,27/12/20,,dhl,Delivered
18636,13952,30/04/23,,fedex,In Transit
18637,4025,12/06/23,,usps,Delivered
18638,4726,28/05/21,,fedex,Delivered
18639,2323,19/04/21,,dhl,In Transit
18640,13137,04/11/21,,ups,In Transit
18641,15357,31/03/21,,dhl,Delivered
18642,15391,26/05/21,,bluedart,Delivered
18643,8236,18/12/22,,ups,Delivered
18644,9411,08/02/22,,bluedart,Delivered
18645,6003,18/06/22,,bluedart,Cancelled
18646,11901,12/11/22,,ups,Delivered
18647,9659,18/04/20,,bluedart,Delivered
18648,16891,06/05/22,,bluedart,In Transit
18649,4796,17/04/21,,ups,In Transit
18650,11430,21/11/22,,usps,Cancelled
18651,9553,17/04/23,,fedex,In Transit
18652,19724,27/06/22,,fedex,In Transit
18653,21500,26/10/20,,bluedart,Delivered
18654,9622,13/10/21,,bluedart,Delivered
18655,9381,08/02/22,,bluedart,Delivered
18656,6975,02/09/23,,fedex,In Transit
18657,10089,02/01/23,,fedex,In Transit
18658,19741,28/10/23,,dhl,Delivered
18659,17864,10/11/21,02/12/21,dhl,Returned
18660,14481,12/02/20,,bluedart,Delivered
18661,11442,05/04/20,,usps,In Transit
18662,16122,28/06/20,,bluedart,In Transit
18663,3762,04/08/21,,bluedart,In Transit
18664,14336,25/01/20,,fedex,In Transit
18665,19839,18/08/22,,ups,Delivered
18666,2538,09/07/22,,dhl,Cancelled
18667,12646,04/03/21,,ups,Delivered
18668,6185,03/06/23,,ups,Delivered
18669,8501,09/12/21,,fedex,Delivered
18670,19903,23/01/23,,ups,In Transit
18671,17631,17/12/23,,bluedart,Delivered
18672,4352,20/12/22,,fedex,Delivered
18673,12985,30/04/22,,fedex,Delivered
18674,7713,21/09/20,,fedex,In Transit
18675,19774,07/02/23,,fedex,Delivered
18676,18682,27/07/23,,usps,In Transit
18677,12896,12/08/21,,ups,Delivered
18678,8984,28/05/21,,bluedart,In Transit
18679,21064,28/07/23,,dhl,Delivered
18680,14923,24/11/20,,dhl,In Transit
18681,16165,01/11/22,,fedex,Delivered
18682,15653,24/04/21,,usps,Delivered
18683,4765,16/02/23,,fedex,Delivered
18684,17860,25/08/22,19/09/22,bluedart,Returned
18685,2589,14/04/20,,fedex,Delivered
18686,3981,26/06/23,,dhl,Cancelled
18687,4274,03/09/22,,fedex,Delivered
18688,14704,20/01/20,,fedex,In Transit
18689,3767,13/09/20,,dhl,Cancelled
18690,16404,20/01/20,,fedex,Delivered
18691,11288,21/11/20,,ups,Delivered
18692,13231,14/05/22,,ups,Delivered
18693,1616,30/03/23,,dhl,Cancelled
18694,9837,01/01/23,,fedex,In Transit
18695,15128,18/07/20,,fedex,Delivered
18696,2907,12/06/23,,usps,In Transit
18697,1994,15/02/21,,usps,In Transit
18698,13972,19/06/21,,bluedart,Delivered
18699,15568,22/03/23,,dhl,Delivered
18700,20284,05/11/23,,dhl,Delivered
18701,2787,13/06/20,,dhl,Delivered
18702,3194,17/02/22,,usps,In Transit
18703,6934,24/09/22,,bluedart,Delivered
18704,17077,01/11/23,,fedex,Delivered
18705,6438,02/12/21,,dhl,Delivered
18706,14409,09/06/23,,dhl,In Transit
18707,1547,16/05/21,,fedex,In Transit
18708,7990,09/07/22,,fedex,Cancelled
18709,12681,28/04/20,,dhl,Delivered
18710,11231,01/03/23,,dhl,Delivered
18711,8420,02/04/23,,fedex,Delivered
18712,18996,06/11/21,,fedex,In Transit
18713,5371,04/01/20,,ups,In Transit
18714,185,12/04/20,,dhl,Delivered
18715,12330,16/01/21,29/01/21,ups,Returned
18716,11838,04/08/21,,dhl,In Transit
18717,4029,24/03/23,,bluedart,In Transit
18718,13685,29/09/23,,bluedart,In Transit
18719,7383,27/03/23,,fedex,In Transit
18720,8218,27/09/20,,fedex,In Transit
18721,5386,28/09/21,,fedex,Delivered
18722,1801,23/06/23,,usps,Delivered
18723,16093,14/03/20,,fedex,In Transit
18724,11045,05/05/20,,bluedart,In Transit
18725,2887,28/10/21,,fedex,Delivered
18726,17803,26/03/23,,fedex,Delivered
18727,18595,03/07/21,,fedex,In Transit
18728,13115,31/10/21,,usps,Delivered
18729,20623,23/03/20,,fedex,Delivered
18730,17466,21/02/23,,ups,In Transit
18731,6221,29/07/22,,dhl,In Transit
18732,15898,11/06/21,,fedex,In Transit
18733,9039,13/01/22,,dhl,In Transit
18734,10611,03/10/21,,fedex,In Transit
18735,17827,22/11/23,,fedex,In Transit
18736,13587,28/09/20,,ups,Delivered
18737,2335,26/10/20,,fedex,In Transit
18738,4772,20/02/22,,fedex,Delivered
18739,14835,28/02/22,15/03/22,dhl,Returned
18740,7425,07/01/23,,fedex,In Transit
18741,21494,20/06/21,,dhl,Delivered
18742,17263,25/02/23,,dhl,Delivered
18743,19653,27/02/22,,dhl,Delivered
18744,7380,06/09/22,,fedex,Delivered
18745,8508,25/09/23,,bluedart,In Transit
18746,20131,23/05/20,,usps,Delivered
18747,6993,03/06/20,,dhl,Delivered
18748,6603,13/06/22,,fedex,Delivered
18749,17854,06/03/20,,bluedart,Cancelled
18750,7590,23/03/20,,fedex,In Transit
18751,20732,30/08/20,,usps,Delivered
18752,6048,12/03/23,,fedex,Delivered
18753,5697,04/07/23,,fedex,In Transit
18754,147,07/08/22,,dhl,In Transit
18755,9192,02/06/22,,fedex,Cancelled
18756,20421,07/05/20,,fedex,Delivered
18757,17069,29/06/21,,dhl,Delivered
18758,13977,03/03/23,,fedex,Delivered
18759,10759,15/10/21,,fedex,Delivered
18760,11183,29/10/21,,usps,Delivered
18761,5015,05/01/20,,ups,Delivered
18762,14245,23/07/23,,fedex,Delivered
18763,5563,13/06/21,,fedex,Cancelled
18764,3601,05/03/23,,fedex,Delivered
18765,6883,26/02/23,,fedex,Delivered
18766,15371,12/04/22,,bluedart,Delivered
18767,19516,05/03/22,,dhl,Cancelled
18768,5915,17/03/22,,fedex,Delivered
18769,12334,19/01/22,,ups,Delivered
18770,1779,26/04/21,,fedex,Delivered
18771,13169,28/09/22,,dhl,Delivered
18772,5822,27/03/21,,dhl,Delivered
18773,19739,05/02/22,,fedex,Delivered
18774,2257,11/07/20,,fedex,Delivered
18775,19729,14/10/23,,dhl,In Transit
18776,6805,31/03/21,,dhl,Delivered
18777,16944,28/02/22,,bluedart,Delivered
18778,1352,13/08/22,,fedex,Delivered
18779,15052,19/10/22,,fedex,Delivered
18780,7228,06/03/20,,bluedart,Delivered
18781,10582,28/01/20,,bluedart,In Transit
18782,10879,07/06/21,,fedex,Delivered
18783,18448,17/07/20,,bluedart,In Transit
18784,14110,17/03/23,,fedex,In Transit
18785,18624,28/10/20,,usps,Delivered
18786,2533,02/11/22,,bluedart,Delivered
18787,3806,29/08/23,,usps,Delivered
18788,9482,22/03/23,,ups,In Transit
18789,19435,21/09/22,,usps,Delivered
18790,21369,28/11/22,,dhl,In Transit
18791,21041,13/07/22,,dhl,In Transit
18792,4773,16/04/20,,usps,Cancelled
18793,5348,27/01/22,,fedex,Delivered
18794,18709,11/10/23,,usps,Delivered
18795,3626,12/12/21,,fedex,In Transit
18796,12769,22/02/22,,usps,Delivered
18797,14062,25/05/21,,ups,Delivered
18798,20368,27/11/22,,fedex,In Transit
18799,19519,27/03/20,,dhl,Delivered
18800,2202,31/10/23,,fedex,Delivered
18801,13577,08/09/21,,usps,Delivered
18802,18280,14/02/21,,usps,Delivered
18803,7935,02/06/20,,bluedart,In Transit
18804,6428,25/01/22,,dhl,Cancelled
18805,16497,26/12/23,,dhl,Cancelled
18806,14557,03/01/24,,dhl,Delivered
18807,9137,06/07/21,,fedex,Cancelled
18808,16618,01/08/20,,bluedart,Delivered
18809,8782,22/08/20,,bluedart,Delivered
18810,1764,03/02/23,,dhl,Delivered
18811,5820,01/05/23,,fedex,Delivered
18812,6368,16/08/23,01/09/23,usps,Returned
18813,9856,07/03/22,,fedex,Delivered
18814,18702,15/12/20,,fedex,Delivered
18815,12035,12/10/20,,dhl,Delivered
18816,5861,26/09/22,,fedex,In Transit
18817,377,21/10/22,,dhl,Delivered
18818,7269,08/02/23,,fedex,In Transit
18819,13992,06/06/23,,ups,Delivered
18820,12312,26/10/20,,dhl,Delivered
18821,6022,15/10/23,,dhl,In Transit
18822,6777,27/07/22,,fedex,Delivered
18823,15658,10/11/20,,ups,Cancelled
18824,1884,29/05/20,,ups,In Transit
18825,15506,23/07/22,,usps,Delivered
18826,15433,25/04/23,,bluedart,In Transit
18827,14312,05/11/20,,dhl,In Transit
18828,15518,01/04/21,,fedex,Delivered
18829,10453,24/01/20,,dhl,Cancelled
18830,11624,01/11/22,,fedex,In Transit
18831,18362,03/11/23,,bluedart,Delivered
18832,8388,30/10/21,,dhl,In Transit
18833,15604,09/02/23,,fedex,In Transit
18834,9493,16/05/22,,dhl,Delivered
18835,15705,10/07/21,,fedex,Cancelled
18836,1807,23/03/23,,bluedart,Cancelled
18837,14500,28/03/22,,usps,In Transit
18838,1556,22/06/20,,dhl,Delivered
18839,15223,25/07/21,,dhl,In Transit
18840,3846,31/08/20,,bluedart,Delivered
18841,12457,20/07/20,,usps,In Transit
18842,21072,01/04/23,,ups,Delivered
18843,18814,08/03/23,,fedex,Delivered
18844,18464,03/05/20,,fedex,In Transit
18845,8183,24/08/21,,fedex,Delivered
18846,8089,09/02/20,,fedex,Delivered
18847,7901,30/01/22,,fedex,Delivered
18848,7400,02/05/20,,fedex,Delivered
18849,5895,22/12/23,,ups,Cancelled
18850,6633,28/09/23,,usps,Cancelled
18851,1825,20/03/21,,usps,Delivered
18852,9626,26/03/21,,dhl,In Transit
18853,4280,07/10/20,,usps,In Transit
18854,17007,16/10/21,,bluedart,Cancelled
18855,5990,10/02/22,,fedex,Cancelled
18856,2890,16/11/21,,dhl,In Transit
18857,12692,21/12/20,,usps,Delivered
18858,5528,17/08/23,,fedex,In Transit
18859,11048,30/07/22,,ups,Delivered
18860,18951,11/10/20,,dhl,Delivered
18861,9722,25/05/22,,fedex,In Transit
18862,3874,15/12/21,,fedex,Delivered
18863,707,03/11/21,,fedex,Delivered
18864,1442,27/05/21,,usps,Delivered
18865,9013,05/11/22,13/11/22,ups,Returned
18866,7058,22/12/20,,ups,Delivered
18867,379,17/09/22,,fedex,In Transit
18868,161,29/11/20,,fedex,Delivered
18869,16754,16/03/20,,ups,Cancelled
18870,5231,30/11/21,13/12/21,fedex,Returned
18871,5297,25/06/20,,fedex,Delivered
18872,6122,23/05/21,,fedex,Delivered
18873,12743,22/04/22,,fedex,Delivered
18874,8516,06/06/22,,dhl,In Transit
18875,18584,03/09/20,,fedex,Delivered
18876,17989,03/02/22,,usps,In Transit
18877,17066,22/02/23,,ups,In Transit
18878,16902,27/08/23,,dhl,Delivered
18879,6386,12/12/23,,fedex,In Transit
18880,8412,15/09/20,,fedex,In Transit
18881,2054,04/12/20,,usps,Delivered
18882,8640,12/01/23,,dhl,Delivered
18883,3796,03/06/21,24/06/21,dhl,Returned
18884,12163,30/12/21,,fedex,In Transit
18885,2110,12/10/21,,ups,Delivered
18886,9504,23/05/23,04/06/23,fedex,Returned
18887,14917,16/07/21,,fedex,Delivered
18888,689,26/06/23,,fedex,In Transit
18889,3970,03/07/20,,fedex,In Transit
18890,6453,28/11/20,,fedex,Delivered
18891,17411,13/01/23,,bluedart,Delivered
18892,8634,11/05/23,,bluedart,Delivered
18893,7096,10/04/22,,dhl,In Transit
18894,6719,02/07/22,,fedex,Delivered
18895,14859,04/10/20,,dhl,Delivered
18896,1084,23/11/20,30/11/20,ups,Returned
18897,14027,25/07/23,,ups,Delivered
18898,2748,31/05/21,,fedex,Delivered
18899,2046,29/12/23,,bluedart,Delivered
18900,8590,09/12/21,,ups,In Transit
18901,15578,20/04/23,,fedex,In Transit
18902,2500,07/06/22,13/06/22,fedex,Returned
18903,10888,20/12/23,,bluedart,Delivered
18904,19227,07/11/23,19/11/23,usps,Returned
18905,4562,28/07/23,,bluedart,In Transit
18906,2448,10/06/21,,ups,Delivered
18907,4284,01/09/21,,ups,In Transit
18908,20848,03/11/21,,bluedart,In Transit
18909,9790,28/09/23,,bluedart,In Transit
18910,112,23/10/20,,fedex,In Transit
18911,5006,03/09/20,,ups,Cancelled
18912,9253,07/09/20,,dhl,Delivered
18913,2557,01/03/20,,fedex,Delivered
18914,1973,16/04/23,,fedex,Delivered
18915,3627,18/03/23,,fedex,In Transit
18916,18,12/10/21,,fedex,In Transit
18917,864,29/10/23,,fedex,Delivered
18918,14659,04/11/22,,ups,In Transit
18919,4273,04/08/22,,dhl,Delivered
18920,2705,20/05/20,,fedex,Delivered
18921,12781,30/09/23,,bluedart,In Transit
18922,14499,11/02/23,,fedex,In Transit
18923,2321,01/07/21,,fedex,Delivered
18924,1489,23/12/20,,fedex,Delivered
18925,15612,22/01/20,,fedex,Cancelled
18926,18654,05/12/23,,fedex,In Transit
18927,18047,30/08/21,,fedex,In Transit
18928,14023,19/08/21,,fedex,Cancelled
18929,11050,24/08/22,,dhl,In Transit
18930,17302,20/05/20,,ups,In Transit
18931,13619,09/03/21,,fedex,Delivered
18932,12282,26/01/21,,usps,Delivered
18933,8248,04/10/22,,fedex,In Transit
18934,1338,06/08/22,,usps,Delivered
18935,15797,24/02/21,,fedex,Delivered
18936,17772,03/03/23,,fedex,In Transit
18937,8481,12/07/21,,fedex,Delivered
18938,8486,09/05/20,,fedex,Delivered
18939,2755,04/08/21,,bluedart,Delivered
18940,9498,10/12/20,,fedex,Delivered
18941,5014,15/10/23,,bluedart,In Transit
18942,19722,02/03/21,,dhl,Delivered
18943,4245,03/03/20,,dhl,Delivered
18944,12936,08/03/23,,dhl,Cancelled
18945,8199,01/06/20,,bluedart,Delivered
18946,3676,06/09/22,,fedex,Cancelled
18947,9610,14/08/23,,fedex,In Transit
18948,9323,29/05/20,,bluedart,Delivered
18949,6817,03/10/20,,fedex,Delivered
18950,2065,05/09/21,,usps,Delivered
18951,19325,03/11/23,,bluedart,Delivered
18952,1023,05/03/22,,bluedart,In Transit
18953,8739,16/12/22,,bluedart,In Transit
18954,14711,04/06/22,,bluedart,Delivered
18955,20940,04/02/22,,fedex,Delivered
18956,2255,18/01/23,,usps,Delivered
18957,6214,26/01/22,,ups,Cancelled
18958,5909,16/10/23,,bluedart,Delivered
18959,10889,29/04/23,,fedex,In Transit
18960,302,13/05/21,,fedex,In Transit
18961,12243,07/03/21,,fedex,Delivered
18962,17127,20/12/20,,fedex,Delivered
18963,10623,23/07/23,,fedex,Delivered
18964,15988,30/12/20,,fedex,In Transit
18965,20966,15/05/22,,fedex,In Transit
18966,5595,15/03/23,,bluedart,In Transit
18967,13085,05/09/20,,bluedart,Delivered
18968,8929,29/09/21,,fedex,Delivered
18969,7048,06/11/20,,fedex,Delivered
18970,2565,23/10/22,,dhl,In Transit
18971,8129,22/07/21,,fedex,In Transit
18972,20984,14/12/21,,ups,Delivered
18973,4312,22/05/21,,bluedart,Delivered
18974,14303,10/01/22,,usps,In Transit
18975,18189,20/02/20,,fedex,Delivered
18976,19783,23/02/22,,fedex,Delivered
18977,1940,19/05/21,,fedex,Delivered
18978,20782,16/11/21,,fedex,In Transit
18979,8534,22/05/21,,bluedart,Delivered
18980,21196,17/08/21,,fedex,Delivered
18981,8738,21/03/21,,fedex,Delivered
18982,1521,15/04/20,,fedex,In Transit
18983,20484,26/02/23,,dhl,Delivered
18984,4643,02/07/21,,fedex,Delivered
18985,5770,19/07/21,,dhl,Delivered
18986,8124,21/01/23,,dhl,Delivered
18987,4006,15/08/22,,fedex,Delivered
18988,8589,08/10/22,,bluedart,Delivered
18989,3436,16/09/20,,fedex,Delivered
18990,19324,14/03/23,,fedex,Delivered
18991,11145,08/04/23,,bluedart,In Transit
18992,20644,27/09/22,,dhl,Delivered
18993,2635,23/01/21,,fedex,Delivered
18994,9481,28/12/21,,dhl,In Transit
18995,905,18/06/20,,fedex,Cancelled
18996,10355,23/01/21,,ups,Delivered
18997,9006,26/11/22,,bluedart,Delivered
18998,10680,13/04/23,,fedex,Delivered
18999,21165,30/12/20,,fedex,In Transit
19000,2507,09/04/21,,ups,In Transit
19001,5960,04/05/22,,fedex,Delivered
19002,6144,01/07/20,,bluedart,In Transit
19003,12705,04/08/20,,fedex,Delivered
19004,11294,18/05/20,,fedex,In Transit
19005,9333,07/11/20,,fedex,In Transit
19006,18495,04/09/21,,fedex,Delivered
19007,478,17/12/21,,fedex,In Transit
19008,6026,14/09/20,,fedex,Delivered
19009,19091,12/09/20,25/09/20,dhl,Returned
19010,16282,19/07/20,,bluedart,Delivered
19011,17288,21/05/21,,fedex,Delivered
19012,4441,19/01/23,,fedex,In Transit
19013,8109,03/12/22,,bluedart,Delivered
19014,4452,13/09/20,,ups,In Transit
19015,13815,30/09/21,,bluedart,Delivered
19016,6166,28/01/23,06/02/23,bluedart,Returned
19017,16719,16/11/21,,dhl,Delivered
19018,9129,21/09/21,,fedex,Delivered
19019,18810,16/06/21,,fedex,In Transit
19020,20087,27/02/21,,fedex,Delivered
19021,15190,16/08/21,,ups,In Transit
19022,15665,08/05/21,,usps,Cancelled
19023,5650,02/05/22,,ups,Delivered
19024,3217,21/08/21,,fedex,Delivered
19025,15751,14/04/21,,fedex,Delivered
19026,19954,16/02/20,,dhl,Cancelled
19027,5208,12/09/21,,usps,Delivered
19028,11686,05/03/23,,fedex,In Transit
19029,10236,06/09/22,21/09/22,fedex,Returned
19030,9592,20/10/21,,fedex,In Transit
19031,570,10/11/20,,fedex,Delivered
19032,2571,05/10/23,,bluedart,Delivered
19033,5783,13/09/20,,ups,Delivered
19034,108,20/01/23,,fedex,Delivered
19035,18502,16/05/23,,dhl,In Transit
19036,9599,01/06/22,,fedex,In Transit
19037,1185,01/08/20,,fedex,In Transit
19038,11374,05/11/23,,bluedart,Delivered
19039,16893,05/06/21,,fedex,Delivered
19040,10472,17/12/21,,fedex,Delivered
19041,10321,26/02/21,,fedex,In Transit
19042,11709,26/02/23,,fedex,Delivered
19043,1287,09/09/22,,dhl,Delivered
19044,14411,31/07/23,,dhl,Delivered
19045,2063,08/05/22,01/06/22,usps,Returned
19046,4964,02/05/21,,dhl,Delivered
19047,19962,02/05/20,,bluedart,In Transit
19048,2552,06/06/20,,fedex,Delivered
19049,8430,24/01/20,,fedex,In Transit
19050,13479,31/05/22,,ups,Cancelled
19051,13358,17/01/21,,fedex,Delivered
19052,5196,29/10/23,,fedex,In Transit
19053,20132,17/07/23,,fedex,Delivered
19054,12650,04/07/23,,bluedart,Delivered
19055,789,19/08/23,,fedex,In Transit
19056,10194,15/12/22,,ups,Delivered
19057,1082,13/04/20,,ups,Delivered
19058,17122,24/11/22,,fedex,Delivered
19059,17841,04/10/21,,bluedart,Delivered
19060,15720,18/01/20,,fedex,Delivered
19061,5599,09/10/20,,dhl,Delivered
19062,9892,02/10/21,,dhl,Delivered
19063,7047,22/11/22,,fedex,Delivered
19064,15131,13/09/20,,dhl,Delivered
19065,18423,03/09/22,,fedex,Delivered
19066,7076,15/03/23,,usps,Delivered
19067,17400,28/11/22,,fedex,Delivered
19068,8480,17/05/22,,fedex,Delivered
19069,14357,22/10/21,30/10/21,fedex,Returned
19070,2157,29/07/22,,fedex,Delivered
19071,9212,11/07/21,,dhl,Delivered
19072,11380,11/01/23,,fedex,In Transit
19073,2998,25/02/23,10/03/23,dhl,Returned
19074,11331,28/03/20,,ups,Cancelled
19075,18936,01/11/20,,fedex,Delivered
19076,6882,16/07/23,,usps,In Transit
19077,11367,03/05/20,,fedex,Delivered
19078,16123,12/09/21,,dhl,In Transit
19079,16254,21/07/20,,dhl,Delivered
19080,7743,20/02/20,,dhl,In Transit
19081,19551,27/03/21,,fedex,Delivered
19082,12280,14/02/22,,dhl,Delivered
19083,16809,18/01/22,,bluedart,In Transit
19084,17934,15/01/23,,fedex,Delivered
19085,7786,28/11/22,,ups,Delivered
19086,18902,01/11/22,,ups,In Transit
19087,16367,15/12/23,,dhl,Delivered
19088,14532,24/11/20,,fedex,Cancelled
19089,17903,06/10/22,20/10/22,fedex,Returned
19090,20586,29/10/20,22/11/20,ups,Returned
19091,20708,19/03/20,,fedex,Delivered
19092,16695,26/12/21,,dhl,Cancelled
19093,10518,12/12/22,,dhl,Delivered
19094,13130,22/07/22,,dhl,Delivered
19095,10188,08/12/23,,fedex,In Transit
19096,14885,11/08/21,,bluedart,Delivered
19097,11025,18/09/22,,usps,In Transit
19098,14956,31/05/23,,dhl,Delivered
19099,3352,01/12/22,,fedex,In Transit
19100,10384,29/03/22,,fedex,In Transit
19101,11702,17/07/23,10/08/23,usps,Returned
19102,19075,15/05/20,,usps,In Transit
19103,14945,30/03/20,,dhl,Delivered
19104,18117,07/11/22,,fedex,In Transit
19105,12232,28/05/22,,usps,In Transit
19106,10124,11/06/23,,fedex,In Transit
19107,11250,19/10/21,,fedex,In Transit
19108,11790,25/12/23,,ups,In Transit
19109,20632,13/10/23,,bluedart,Delivered
19110,4026,30/11/23,,ups,Delivered
19111,20855,29/01/22,,fedex,Delivered
19112,15462,20/11/22,,usps,Delivered
19113,15031,10/07/23,,fedex,Delivered
19114,5187,22/09/22,,fedex,In Transit
19115,16039,02/09/20,,dhl,Delivered
19116,20380,10/08/23,,ups,In Transit
19117,1781,31/12/20,,bluedart,Delivered
19118,13330,23/04/22,,fedex,In Transit
19119,3925,22/06/21,,dhl,In Transit
19120,11472,03/05/22,15/05/22,fedex,Returned
19121,6791,12/06/20,,bluedart,In Transit
19122,17584,29/03/21,,dhl,Delivered
19123,7787,09/01/21,,ups,Delivered
19124,4417,23/02/20,,fedex,In Transit
19125,9889,24/06/20,,fedex,Cancelled
19126,9679,28/12/23,,fedex,Cancelled
19127,3255,26/04/22,,usps,In Transit
19128,7604,22/11/21,,usps,In Transit
19129,15079,27/02/23,,fedex,In Transit
19130,1162,03/07/20,,fedex,Delivered
19131,8347,23/11/22,,dhl,Delivered
19132,5973,01/03/20,,ups,Delivered
19133,9636,03/11/21,,bluedart,Delivered
19134,19960,15/06/20,,bluedart,In Transit
19135,1257,04/10/20,,fedex,Cancelled
19136,4032,07/09/23,,bluedart,Delivered
19137,13562,03/12/23,,fedex,In Transit
19138,14092,22/11/21,,fedex,In Transit
19139,3219,11/07/21,,bluedart,Delivered
19140,2729,06/08/21,,fedex,Delivered
19141,13450,21/04/21,,dhl,Delivered
19142,8587,07/07/20,,bluedart,Delivered
19143,9488,02/01/22,,bluedart,In Transit
19144,15824,15/03/22,,dhl,Delivered
19145,20970,18/08/21,,fedex,Delivered
19146,13549,04/02/20,,fedex,Delivered
19147,5959,19/09/20,,dhl,Delivered
19148,19035,27/06/21,,bluedart,In Transit
19149,19006,05/03/23,,bluedart,Delivered
19150,15618,27/06/23,,fedex,Cancelled
19151,15374,20/08/21,,bluedart,Delivered
19152,8613,07/11/23,,fedex,In Transit
19153,17629,26/02/21,,bluedart,In Transit
19154,832,20/07/21,,bluedart,Delivered
19155,13096,27/01/23,,fedex,In Transit
19156,9154,07/05/22,18/05/22,bluedart,Returned
19157,13874,04/09/21,,usps,Delivered
19158,856,13/05/20,,fedex,Delivered
19159,10240,10/06/21,,fedex,Delivered
19160,14009,08/05/20,,fedex,Delivered
19161,702,23/05/22,,bluedart,In Transit
19162,10858,11/11/21,,fedex,In Transit
19163,4906,16/12/20,,bluedart,Cancelled
19164,18243,22/09/23,,dhl,In Transit
19165,8595,18/03/21,,fedex,Delivered
19166,5109,15/06/20,04/07/20,fedex,Returned
19167,19780,22/08/21,,fedex,Delivered
19168,16460,01/03/20,,fedex,Delivered
19169,7289,25/11/23,,fedex,Delivered
19170,268,01/05/21,,dhl,Delivered
19171,5648,16/06/22,,dhl,In Transit
19172,5293,12/10/21,,ups,Delivered
19173,12805,01/11/20,,dhl,In Transit
19174,16590,03/11/22,,fedex,Cancelled
19175,16720,30/10/20,,fedex,Delivered
19176,14323,27/08/23,,ups,In Transit
19177,3664,28/05/22,,ups,Delivered
19178,1568,02/07/23,,fedex,Delivered
19179,18953,31/12/20,,fedex,Delivered
19180,11012,05/12/22,,fedex,Delivered
19181,1611,16/02/20,,bluedart,Delivered
19182,13147,07/09/22,,fedex,Delivered
19183,18790,20/11/21,,ups,Delivered
19184,20596,19/12/23,,bluedart,Delivered
19185,5594,18/02/20,,dhl,In Transit
19186,17561,10/05/21,,fedex,Delivered
19187,18549,07/07/20,,fedex,In Transit
19188,3968,08/08/22,,fedex,Delivered
19189,15975,23/06/22,,usps,In Transit
19190,13671,09/10/21,,fedex,Delivered
19191,7610,12/02/22,,fedex,Delivered
19192,13490,04/05/22,,dhl,In Transit
19193,11677,26/05/20,,ups,In Transit
19194,7696,10/02/22,,usps,Delivered
19195,13517,09/09/22,,ups,In Transit
19196,17273,12/07/21,,ups,In Transit
19197,16232,25/12/23,,ups,Delivered
19198,20653,03/11/23,,fedex,Delivered
19199,6121,22/12/22,,fedex,Delivered
19200,20908,05/10/23,,fedex,In Transit
19201,5570,09/09/22,,fedex,Delivered
19202,17887,28/02/20,,dhl,In Transit
19203,4007,13/10/20,,fedex,Delivered
19204,8330,24/07/20,,fedex,In Transit
19205,1259,23/06/23,,ups,Delivered
19206,18865,23/04/23,,fedex,In Transit
19207,20947,03/11/22,,dhl,In Transit
19208,2461,18/07/20,,fedex,In Transit
19209,21014,14/01/22,,fedex,Cancelled
19210,19082,25/05/21,,bluedart,Cancelled
19211,8976,10/12/21,,fedex,In Transit
19212,11923,05/12/20,,dhl,In Transit
19213,20784,13/04/22,,fedex,Delivered
19214,11244,20/10/21,,fedex,Delivered
19215,18194,13/04/21,,ups,In Transit
19216,3324,17/08/20,,usps,Delivered
19217,18930,03/01/21,,bluedart,Delivered
19218,2481,13/11/20,,bluedart,Cancelled
19219,692,23/02/23,,ups,Delivered
19220,4057,30/05/21,,dhl,Delivered
19221,1444,01/02/21,,ups,Delivered
19222,20538,09/01/22,,fedex,In Transit
19223,3832,26/06/21,,usps,In Transit
19224,224,21/02/23,,fedex,In Transit
19225,21596,17/09/22,,fedex,Delivered
19226,4965,18/08/23,,usps,Delivered
19227,13230,23/03/22,,fedex,Delivered
19228,10681,13/12/23,,bluedart,Cancelled
19229,19198,24/03/21,,fedex,Delivered
19230,6994,21/02/20,,dhl,In Transit
19231,5437,23/06/20,,bluedart,Cancelled
19232,10792,19/11/23,,fedex,In Transit
19233,14175,16/01/20,,ups,In Transit
19234,13918,03/07/22,,ups,Delivered
19235,21507,01/01/22,,fedex,In Transit
19236,13405,03/07/22,,fedex,Delivered
19237,10126,22/08/22,,dhl,Cancelled
19238,18526,19/02/20,,fedex,In Transit
19239,19241,31/05/23,,ups,Delivered
19240,20414,23/11/20,,fedex,Cancelled
19241,10910,06/03/22,,bluedart,Delivered
19242,20704,09/06/21,,dhl,In Transit
19243,17506,25/06/20,,fedex,In Transit
19244,5914,17/12/22,05/01/23,fedex,Returned
19245,14739,02/07/20,,ups,Delivered
19246,9777,12/11/21,,fedex,Delivered
19247,5156,13/04/21,,fedex,Delivered
19248,8431,24/03/23,,usps,In Transit
19249,8448,30/10/23,,fedex,Delivered
19250,10837,22/09/22,,ups,In Transit
19251,21619,13/08/23,,usps,Cancelled
19252,17029,17/05/21,,dhl,Cancelled
19253,5709,27/02/20,19/03/20,fedex,Returned
19254,5144,14/04/22,,ups,Delivered
19255,1376,01/08/23,,fedex,Delivered
19256,19844,31/10/22,,dhl,Delivered
19257,10780,10/01/22,,fedex,Delivered
19258,18476,09/06/23,,usps,Delivered
19259,9434,29/06/21,,bluedart,Delivered
19260,13956,01/03/23,,ups,In Transit
19261,2093,11/10/20,,fedex,Cancelled
19262,13600,03/09/23,,fedex,In Transit
19263,20578,30/06/20,,fedex,Delivered
19264,768,28/08/22,,fedex,Delivered
19265,12128,24/05/21,,dhl,In Transit
19266,5754,18/08/21,,fedex,In Transit
19267,5239,28/01/23,,ups,In Transit
19268,4693,08/07/20,,fedex,Cancelled
19269,71,02/04/21,,fedex,Delivered
19270,5119,20/10/20,,fedex,Delivered
19271,8142,07/10/20,,fedex,Delivered
19272,15669,24/04/21,,fedex,Delivered
19273,5535,09/06/21,,fedex,Cancelled
19274,2225,24/10/22,,bluedart,Cancelled
19275,6152,14/03/22,,ups,In Transit
19276,17659,04/12/22,,dhl,Delivered
19277,16965,08/04/22,,fedex,Delivered
19278,11705,28/07/20,,fedex,In Transit
19279,13234,13/09/22,,fedex,Delivered
19280,15097,22/02/22,,dhl,In Transit
19281,948,21/10/21,,fedex,Delivered
19282,13755,19/12/23,,dhl,Delivered
19283,19194,26/08/22,,dhl,In Transit
19284,9430,01/06/21,,ups,In Transit
19285,20382,28/12/21,,ups,In Transit
19286,20159,14/07/20,,fedex,Delivered
19287,9385,29/07/21,,ups,Delivered
19288,3027,18/08/21,,fedex,Delivered
19289,3260,12/09/23,,fedex,Delivered
19290,9573,01/04/22,,dhl,In Transit
19291,12289,30/11/22,,fedex,Cancelled
19292,9768,16/03/21,,fedex,Delivered
19293,10688,03/02/21,,fedex,Delivered
19294,14627,26/12/20,,fedex,Delivered
19295,19008,26/06/21,01/07/21,fedex,Returned
19296,20375,27/02/23,,fedex,In Transit
19297,781,02/11/23,,fedex,In Transit
19298,14024,12/01/21,,fedex,In Transit
19299,16779,21/10/23,,ups,In Transit
19300,13109,31/05/22,,bluedart,In Transit
19301,15857,16/02/21,,usps,Cancelled
19302,16439,07/10/20,,fedex,Cancelled
19303,20913,07/02/21,,fedex,In Transit
19304,1901,19/04/22,,usps,Cancelled
19305,14073,17/05/22,,bluedart,Delivered
19306,12411,20/04/20,,dhl,Delivered
19307,16304,29/09/21,,bluedart,Cancelled
19308,16527,12/11/22,,fedex,Delivered
19309,6050,21/12/21,,ups,Delivered
19310,20903,10/08/21,,fedex,In Transit
19311,8367,27/02/22,,ups,Delivered
19312,16411,09/04/23,,dhl,Delivered
19313,21213,04/09/23,,ups,Delivered
19314,18715,28/11/23,,fedex,Cancelled
19315,5521,16/09/23,,fedex,Delivered
19316,6239,17/05/23,,dhl,Cancelled
19317,17330,19/08/23,,fedex,Delivered
19318,5392,19/02/23,,fedex,In Transit
19319,6991,22/08/20,,fedex,Delivered
19320,20389,09/02/20,,dhl,Delivered
19321,14067,12/11/20,,fedex,Delivered
19322,16154,19/08/20,,bluedart,In Transit
19323,19118,04/03/22,,dhl,Delivered
19324,10479,11/04/21,,usps,In Transit
19325,2911,01/12/22,,ups,In Transit
19326,16834,28/04/22,,fedex,In Transit
19327,8639,02/08/23,,fedex,In Transit
19328,3328,22/06/20,,fedex,Delivered
19329,19076,23/07/20,,fedex,Delivered
19330,12443,17/11/21,,fedex,In Transit
19331,5147,04/11/21,,fedex,Delivered
19332,7676,10/11/21,,dhl,Delivered
19333,10774,10/03/23,,fedex,Delivered
19334,14572,16/12/23,,fedex,Delivered
19335,5527,25/08/20,,ups,Delivered
19336,15836,21/10/21,,fedex,Delivered
19337,4897,29/05/22,,fedex,In Transit
19338,2096,11/06/23,,ups,In Transit
19339,12916,05/01/20,,fedex,Delivered
19340,16517,22/05/23,,dhl,In Transit
19341,17013,07/12/23,,ups,In Transit
19342,13635,01/10/22,,usps,Delivered
19343,19979,28/11/20,,usps,In Transit
19344,13614,03/12/22,,fedex,Delivered
19345,15736,02/07/21,,dhl,Delivered
19346,15245,23/06/23,,usps,In Transit
19347,3481,18/10/23,,fedex,In Transit
19348,8100,12/07/22,,fedex,Delivered
19349,15756,16/07/23,,bluedart,Cancelled
19350,3042,27/02/20,,dhl,Delivered
19351,18260,04/10/20,,usps,In Transit
19352,11855,07/11/23,,bluedart,Delivered
19353,5537,17/03/23,,fedex,In Transit
19354,11765,11/06/22,,fedex,In Transit
19355,19785,24/03/20,,dhl,Delivered
19356,199,31/05/21,,dhl,Delivered
19357,5844,13/02/22,,fedex,Delivered
19358,4446,16/05/20,,dhl,Delivered
19359,15039,10/05/21,,usps,Delivered
19360,14491,23/07/23,,fedex,Delivered
19361,7860,09/06/23,,fedex,In Transit
19362,10972,13/11/20,,dhl,Delivered
19363,19048,27/12/21,,fedex,In Transit
19364,10022,23/03/21,,bluedart,Delivered
19365,2055,19/08/23,,dhl,In Transit
19366,4071,25/11/23,,bluedart,Delivered
19367,16518,04/03/22,,dhl,In Transit
19368,5793,25/10/21,,usps,Delivered
19369,4910,19/10/23,,fedex,Delivered
19370,3046,25/01/20,,fedex,Delivered
19371,7405,31/05/20,,fedex,Delivered
19372,2127,28/06/20,,fedex,Cancelled
19373,20425,29/04/22,,fedex,Delivered
19374,13735,25/11/20,,dhl,Delivered
19375,7858,26/02/23,,dhl,Delivered
19376,2475,20/07/20,,usps,Delivered
19377,17309,21/08/23,,dhl,In Transit
19378,859,26/02/22,,usps,In Transit
19379,14427,05/09/21,,bluedart,In Transit
19380,13700,21/11/22,,fedex,In Transit
19381,1190,17/05/23,,dhl,In Transit
19382,5136,10/07/20,,dhl,In Transit
19383,2937,11/06/20,,fedex,Cancelled
19384,3959,31/08/20,,bluedart,Delivered
19385,7974,30/09/21,,ups,Delivered
19386,21258,21/08/22,,fedex,Delivered
19387,21372,25/01/20,,dhl,In Transit
19388,1309,29/03/20,,fedex,Cancelled
19389,3468,21/02/21,,bluedart,Delivered
19390,18052,29/12/22,,bluedart,Delivered
19391,8696,13/10/20,,bluedart,In Transit
19392,18758,13/12/23,,fedex,In Transit
19393,12715,04/05/22,,fedex,In Transit
19394,11675,15/03/23,,fedex,Cancelled
19395,19471,25/07/23,,bluedart,In Transit
19396,18382,22/02/22,,dhl,In Transit
19397,1417,18/07/22,,fedex,In Transit
19398,16684,28/11/20,,fedex,In Transit
19399,9063,07/09/21,,bluedart,Cancelled
19400,3478,06/12/23,,fedex,Cancelled
19401,19297,24/07/23,,ups,Delivered
19402,18373,25/07/20,,fedex,Cancelled
19403,1530,20/05/22,,fedex,In Transit
19404,6065,20/01/22,,ups,Cancelled
19405,13457,03/10/21,,fedex,Delivered
19406,7777,06/09/20,,usps,Delivered
19407,17229,24/07/23,,bluedart,Delivered
19408,666,14/09/20,,ups,In Transit
19409,801,16/10/23,,fedex,Delivered
19410,8428,12/09/23,,fedex,Delivered
19411,3900,26/02/20,,ups,In Transit
19412,14510,26/01/21,,fedex,In Transit
19413,3416,27/11/23,,fedex,Delivered
19414,13423,01/06/22,,fedex,Delivered
19415,3446,18/01/22,,fedex,Delivered
19416,15251,07/12/21,,ups,Delivered
19417,3632,01/10/21,,fedex,Delivered
19418,15538,26/10/21,,fedex,In Transit
19419,5961,19/12/22,,bluedart,Delivered
19420,19315,21/12/23,,bluedart,In Transit
19421,21186,26/07/20,,fedex,Delivered
19422,11555,12/12/20,,dhl,In Transit
19423,6785,13/04/20,,fedex,Delivered
19424,14084,17/06/22,,bluedart,In Transit
19425,6270,02/01/21,,ups,Delivered
19426,7649,25/06/20,,bluedart,Delivered
19427,20502,01/04/23,,dhl,In Transit
19428,3868,05/09/21,,usps,Delivered
19429,11334,09/03/20,,fedex,In Transit
19430,5929,30/01/21,23/02/21,ups,Returned
19431,2931,17/04/21,,fedex,In Transit
19432,15206,01/02/20,,fedex,Delivered
19433,13841,18/07/21,,dhl,Delivered
19434,12717,23/07/20,,dhl,Cancelled
19435,6516,01/07/20,,dhl,In Transit
19436,14413,13/03/20,,fedex,In Transit
19437,19871,06/06/21,,dhl,In Transit
19438,7462,23/08/20,,fedex,In Transit
19439,12039,09/10/23,,bluedart,In Transit
19440,2818,01/08/23,,fedex,Delivered
19441,542,21/07/22,,dhl,Delivered
19442,882,07/02/23,,dhl,Delivered
19443,18312,23/01/20,,fedex,Delivered
19444,3379,01/11/21,,fedex,In Transit
19445,7157,03/08/22,,fedex,Delivered
19446,9081,22/12/20,,fedex,In Transit
19447,20558,19/03/21,,fedex,Delivered
19448,14443,17/03/22,,fedex,Delivered
19449,21069,11/03/23,,fedex,Delivered
19450,5501,18/02/22,,bluedart,In Transit
19451,19847,31/01/22,,ups,Delivered
19452,18370,17/12/20,30/12/20,bluedart,Returned
19453,7694,30/10/22,,fedex,Delivered
19454,277,12/01/23,,ups,Delivered
19455,7464,08/03/23,,fedex,Delivered
19456,7116,18/03/23,,usps,Delivered
19457,16334,11/01/22,,dhl,In Transit
19458,12317,04/01/22,,fedex,Delivered
19459,9586,26/06/22,,dhl,Delivered
19460,8017,08/01/21,,usps,In Transit
19461,20210,28/09/22,,fedex,Delivered
19462,19671,13/06/20,,bluedart,Delivered
19463,10204,28/02/20,,ups,Delivered
19464,6395,10/05/20,,fedex,In Transit
19465,13776,21/07/23,,bluedart,In Transit
19466,16020,28/02/23,,fedex,Delivered
19467,875,10/05/23,,dhl,Delivered
19468,15966,17/08/22,,fedex,Delivered
19469,15511,29/04/21,,fedex,Delivered
19470,21284,14/09/21,,dhl,Cancelled
19471,14707,22/01/23,,bluedart,Delivered
19472,481,08/04/21,,bluedart,In Transit
19473,9132,13/10/21,,ups,Delivered
19474,6497,07/09/23,,usps,Delivered
19475,5776,05/06/21,,usps,Delivered
19476,8063,02/05/23,,usps,In Transit
19477,11492,22/04/20,,fedex,Delivered
19478,4341,19/01/21,,fedex,Delivered
19479,4827,06/07/22,,fedex,Delivered
19480,11680,20/05/23,27/05/23,dhl,Returned
19481,12237,21/06/23,,dhl,Delivered
19482,7747,25/07/22,,dhl,Delivered
19483,6990,01/08/23,,fedex,Delivered
19484,3800,05/11/20,,bluedart,Delivered
19485,9344,11/03/21,,ups,In Transit
19486,7168,24/07/21,,dhl,In Transit
19487,9615,21/07/23,,fedex,In Transit
19488,20845,27/12/23,,fedex,Delivered
19489,17676,07/11/20,,bluedart,In Transit
19490,256,10/04/20,,fedex,In Transit
19491,3009,24/12/21,,ups,In Transit
19492,7230,03/07/20,,fedex,Delivered
19493,10648,30/10/20,,fedex,In Transit
19494,2964,09/11/23,26/11/23,fedex,Returned
19495,14026,13/10/22,,ups,In Transit
19496,8137,17/09/23,,ups,Cancelled
19497,4364,26/06/23,,fedex,Delivered
19498,7783,30/07/20,,fedex,In Transit
19499,8569,19/06/21,,fedex,In Transit
19500,14256,06/03/23,,bluedart,Delivered
19501,8988,10/11/23,,fedex,In Transit
19502,19569,11/01/21,,ups,Delivered
19503,18024,29/01/21,,fedex,In Transit
19504,8947,16/08/20,,fedex,In Transit
19505,8792,16/11/20,,fedex,Delivered
19506,15890,26/05/22,,fedex,In Transit
19507,5234,28/02/22,,dhl,In Transit
19508,12306,01/04/22,,fedex,Delivered
19509,4968,21/09/20,,ups,In Transit
19510,13300,02/09/23,,dhl,Delivered
19511,8470,01/10/22,,dhl,Delivered
19512,6515,24/08/20,,bluedart,In Transit
19513,4308,01/02/20,,fedex,Cancelled
19514,15548,07/09/22,15/09/22,fedex,Returned
19515,1123,26/01/21,,fedex,In Transit
19516,18169,16/08/23,,fedex,In Transit
19517,9891,22/02/21,,fedex,Cancelled
19518,12999,31/10/22,,bluedart,Delivered
19519,13086,20/05/22,,fedex,In Transit
19520,6357,29/05/21,,dhl,Delivered
19521,6018,14/01/23,,bluedart,Delivered
19522,6290,07/12/20,,fedex,In Transit
19523,14932,27/02/20,,fedex,In Transit
19524,2897,09/04/22,,bluedart,Delivered
19525,1990,28/12/22,,dhl,Delivered
19526,20835,06/06/22,,ups,In Transit
19527,4020,30/10/22,,dhl,Delivered
19528,10961,24/08/23,,fedex,Delivered
19529,17475,06/04/21,,usps,Delivered
19530,8672,15/01/22,,ups,In Transit
19531,8035,12/06/20,,fedex,Delivered
19532,5370,09/12/22,,dhl,In Transit
19533,18118,19/12/20,,dhl,Delivered
19534,16169,25/11/23,,dhl,Delivered
19535,17882,27/08/21,,fedex,Delivered
19536,13340,30/08/22,,ups,Delivered
19537,4818,07/04/22,,fedex,In Transit
19538,6279,08/08/20,,fedex,In Transit
19539,12878,11/01/20,,fedex,Cancelled
19540,10106,15/03/22,,fedex,Delivered
19541,4513,17/10/21,,fedex,Delivered
19542,17351,22/10/20,,ups,Delivered
19543,6665,17/09/22,,bluedart,Delivered
19544,20796,08/07/22,,ups,Delivered
19545,5750,25/08/22,,dhl,Delivered
19546,17092,20/07/21,,fedex,Delivered
19547,10560,16/03/21,,fedex,Delivered
19548,215,08/01/22,,fedex,Delivered
19549,8452,01/07/23,,fedex,In Transit
19550,8110,15/01/22,,fedex,Delivered
19551,15677,27/02/20,,dhl,Delivered
19552,10823,16/06/21,,bluedart,Delivered
19553,16283,05/04/21,,bluedart,Delivered
19554,18338,01/02/20,,dhl,Delivered
19555,7428,09/01/22,,usps,In Transit
19556,20981,13/02/23,,bluedart,Delivered
19557,10773,16/11/23,,dhl,In Transit
19558,4739,19/10/23,,usps,In Transit
19559,15445,09/06/23,,fedex,In Transit
19560,16111,14/02/23,,fedex,Delivered
19561,13276,10/10/23,,fedex,Delivered
19562,120,18/10/22,,ups,Delivered
19563,105,04/09/20,,dhl,In Transit
19564,887,26/02/21,,fedex,Delivered
19565,16841,19/07/21,,dhl,In Transit
19566,15549,02/09/21,,fedex,Cancelled
19567,2156,28/02/22,,ups,Delivered
19568,19398,03/09/21,,fedex,In Transit
19569,2657,14/12/22,,bluedart,In Transit
19570,14214,13/04/23,,usps,Delivered
19571,7973,14/05/20,,fedex,Delivered
19572,12497,11/09/21,,bluedart,Delivered
19573,6380,30/03/21,,ups,In Transit
19574,10473,05/05/23,10/05/23,fedex,Returned
19575,15310,26/11/21,,fedex,Delivered
19576,6533,29/05/21,,dhl,In Transit
19577,18852,11/08/23,,dhl,Cancelled
19578,20231,06/05/21,,bluedart,Delivered
19579,1492,22/06/23,,fedex,Delivered
19580,14449,30/11/22,,ups,Delivered
19581,8968,25/01/23,,usps,In Transit
19582,9761,25/04/23,,ups,Cancelled
19583,4267,25/09/20,,ups,Cancelled
19584,3497,27/11/20,,fedex,Delivered
19585,21248,14/08/21,,fedex,In Transit
19586,2971,08/06/20,,ups,Delivered
19587,353,13/09/23,,fedex,Cancelled
19588,18449,12/09/20,,dhl,In Transit
19589,9914,16/09/21,,fedex,Cancelled
19590,10941,25/10/20,,fedex,Delivered
19591,14091,13/07/20,,fedex,Delivered
19592,3400,23/02/22,,dhl,Delivered
19593,20006,04/08/21,,fedex,In Transit
19594,12814,14/01/23,,fedex,In Transit
19595,10734,09/06/23,,fedex,Delivered
19596,4070,15/01/20,,fedex,Delivered
19597,9754,19/07/21,,bluedart,Delivered
19598,3746,25/05/20,,dhl,In Transit
19599,9811,29/10/21,,bluedart,In Transit
19600,15312,14/12/22,,bluedart,Delivered
19601,12539,23/06/21,,bluedart,In Transit
19602,9572,14/05/20,,usps,Delivered
19603,6058,18/02/23,,usps,Delivered
19604,6308,15/06/20,,bluedart,Delivered
19605,1256,30/10/21,,dhl,Delivered
19606,18320,25/06/23,,ups,Delivered
19607,2240,14/08/21,,fedex,In Transit
19608,15667,18/12/22,,ups,In Transit
19609,12172,04/04/23,,fedex,Delivered
19610,7374,22/06/21,,fedex,In Transit
19611,3808,05/05/20,,bluedart,Delivered
19612,8629,25/06/23,,fedex,Cancelled
19613,12336,28/07/20,,dhl,Delivered
19614,9841,17/03/21,,usps,In Transit
19615,21335,26/03/22,,fedex,Delivered
19616,10469,08/07/23,,fedex,Delivered
19617,20016,23/01/20,,fedex,Delivered
19618,8793,01/11/22,,dhl,In Transit
19619,11256,14/08/22,,fedex,In Transit
19620,4405,27/12/22,,dhl,Delivered
19621,21395,27/03/21,,fedex,Cancelled
19622,15048,06/12/23,,dhl,In Transit
19623,5476,03/12/21,,bluedart,Delivered
19624,21222,14/12/21,,fedex,In Transit
19625,19447,02/06/22,,fedex,Delivered
19626,3754,19/11/23,,dhl,In Transit
19627,21393,07/12/23,,fedex,Delivered
19628,5466,09/04/20,,fedex,In Transit
19629,16124,23/05/23,,fedex,In Transit
19630,18578,08/01/22,,dhl,Cancelled
19631,966,28/02/23,,fedex,Delivered
19632,18253,26/12/21,,dhl,Delivered
19633,1139,10/11/21,,dhl,Delivered
19634,4579,28/03/22,,bluedart,In Transit
19635,14337,13/05/22,,fedex,In Transit
19636,19303,19/09/23,,fedex,In Transit
19637,17438,20/10/21,,fedex,Cancelled
19638,17432,23/11/20,,fedex,In Transit
19639,5768,15/09/20,,fedex,In Transit
19640,14071,25/08/21,,dhl,Delivered
19641,20635,08/03/20,,bluedart,Delivered
19642,15235,09/10/21,,fedex,Delivered
19643,4986,03/10/22,,fedex,Delivered
19644,355,14/11/23,,bluedart,In Transit
19645,3112,16/09/23,,fedex,In Transit
19646,9793,18/08/23,,fedex,Delivered
19647,9590,15/06/23,,dhl,Delivered
19648,2314,02/09/20,,bluedart,In Transit
19649,15278,02/12/23,,fedex,Delivered
19650,111,13/06/23,,fedex,Delivered
19651,16053,12/07/23,,fedex,Delivered
19652,4671,03/02/20,,bluedart,Delivered
19653,2541,11/07/22,,usps,In Transit
19654,6528,15/02/23,,dhl,Delivered
19655,13551,13/09/21,,fedex,Delivered
19656,6012,10/10/22,,fedex,Delivered
19657,734,10/11/23,,usps,In Transit
19658,6965,08/07/20,,bluedart,Delivered
19659,20443,11/05/21,,dhl,Delivered
19660,19733,17/02/21,,ups,Delivered
19661,5590,13/08/21,,fedex,Delivered
19662,10919,12/03/20,,dhl,Delivered
19663,1101,12/10/21,,fedex,Delivered
19664,11661,07/04/20,,fedex,In Transit
19665,12732,07/03/21,,fedex,Delivered
19666,4633,05/03/22,,dhl,In Transit
19667,3143,31/01/22,,fedex,Delivered
19668,8649,02/10/23,,dhl,In Transit
19669,10399,14/11/22,,fedex,Delivered
19670,5423,23/12/21,,dhl,In Transit
19671,8290,27/01/23,,ups,In Transit
19672,4750,12/01/20,,fedex,Delivered
19673,3160,12/04/22,,fedex,Delivered
19674,13125,30/12/20,,ups,In Transit
19675,9095,11/08/22,,ups,In Transit
19676,15659,28/02/20,,bluedart,Delivered
19677,5818,14/09/20,,bluedart,Delivered
19678,5900,18/12/21,,fedex,Delivered
19679,6542,11/01/21,,fedex,In Transit
19680,13819,11/07/20,,fedex,In Transit
19681,8959,09/01/22,22/01/22,dhl,Returned
19682,1039,17/12/22,,fedex,Cancelled
19683,7776,03/07/22,,usps,Delivered
19684,21193,16/10/22,,ups,In Transit
19685,20810,26/04/22,,fedex,In Transit
19686,21316,22/05/20,,fedex,In Transit
19687,10138,22/01/20,,fedex,Delivered
19688,5374,04/02/23,,usps,Delivered
19689,3340,22/11/23,,dhl,Delivered
19690,7451,06/03/21,20/03/21,ups,Returned
19691,14856,20/03/21,,dhl,In Transit
19692,20832,22/02/20,,fedex,Delivered
19693,9021,10/07/20,,fedex,In Transit
19694,15294,28/09/22,,usps,Delivered
19695,10274,09/05/20,,fedex,In Transit
19696,9318,28/11/23,,usps,In Transit
19697,6795,30/03/20,,dhl,Delivered
19698,17920,05/11/23,,fedex,In Transit
19699,20488,24/11/20,,fedex,Delivered
19700,6860,18/08/23,,dhl,In Transit
19701,7124,11/07/22,,bluedart,Delivered
19702,610,06/01/20,,bluedart,In Transit
19703,17732,19/05/23,,fedex,Cancelled
19704,21608,08/04/20,,fedex,In Transit
19705,8620,30/07/22,,fedex,In Transit
19706,16906,28/02/23,20/03/23,dhl,Returned
19707,7266,20/04/20,,fedex,Delivered
19708,1182,29/11/21,,fedex,Delivered
19709,2767,02/09/22,,dhl,Delivered
19710,17197,26/09/21,,fedex,In Transit
19711,10958,09/08/20,,dhl,In Transit
19712,86,05/11/23,,fedex,Cancelled
19713,12960,11/10/20,,fedex,In Transit
19714,7146,09/05/23,,fedex,Delivered
19715,5110,19/01/21,,fedex,Delivered
19716,18822,14/10/23,,fedex,Delivered
19717,17608,06/12/21,,bluedart,Delivered
19718,19760,24/10/20,,bluedart,Cancelled
19719,15762,06/10/21,,bluedart,Delivered
19720,21508,05/05/23,,ups,Delivered
19721,4823,12/01/23,,fedex,Delivered
19722,5772,05/05/22,,fedex,Delivered
19723,7782,22/05/23,,dhl,Delivered
19724,6434,19/06/21,,fedex,Delivered
19725,15477,12/11/23,,usps,Cancelled
19726,940,28/04/22,,dhl,Delivered
19727,14906,29/11/20,,fedex,Delivered
19728,7248,17/06/21,,fedex,Delivered
19729,17763,10/03/22,,bluedart,In Transit
19730,8193,13/08/22,,dhl,In Transit
19731,3139,21/01/21,,bluedart,In Transit
19732,4184,23/06/21,,fedex,Cancelled
19733,4253,16/05/22,,bluedart,Delivered
19734,17421,01/04/22,,fedex,Cancelled
19735,18813,18/07/22,,fedex,Delivered
19736,12185,28/08/21,,dhl,Delivered
19737,18929,08/01/22,,fedex,Delivered
19738,13856,27/01/23,,fedex,Delivered
19739,8479,18/04/21,,fedex,Delivered
19740,2081,07/03/21,,fedex,In Transit
19741,418,16/12/22,,dhl,Delivered
19742,20958,25/10/22,,ups,Delivered
19743,16407,14/09/23,26/09/23,dhl,Returned
19744,11652,02/02/22,,bluedart,Delivered
19745,11567,06/05/22,,bluedart,Delivered
19746,7042,24/08/20,,fedex,Delivered
19747,1540,05/01/22,,ups,In Transit
19748,18124,05/11/20,24/11/20,fedex,Returned
19749,10395,25/05/20,,ups,In Transit
19750,1341,31/10/22,,dhl,Cancelled
19751,14077,15/03/23,,ups,Cancelled
19752,11886,20/08/20,,dhl,In Transit
19753,19321,27/04/23,,bluedart,In Transit
19754,11424,20/04/22,,ups,In Transit
19755,13357,10/11/20,,dhl,In Transit
19756,13542,16/10/23,,dhl,In Transit
19757,18252,26/10/20,,bluedart,Delivered
19758,1945,05/04/21,,dhl,In Transit
19759,8914,21/09/20,,fedex,Delivered
19760,4099,22/08/21,,bluedart,Cancelled
19761,20367,08/09/22,26/09/22,dhl,Returned
19762,17721,02/08/22,,fedex,In Transit
19763,4055,01/05/21,16/05/21,bluedart,Returned
19764,18068,03/05/20,,dhl,Delivered
19765,12419,08/02/20,,dhl,In Transit
19766,21433,08/07/23,,dhl,In Transit
19767,9821,05/06/20,,fedex,Delivered
19768,15149,05/11/23,,bluedart,Delivered
19769,18693,04/03/21,,dhl,In Transit
19770,8771,21/05/20,,bluedart,Delivered
19771,14959,07/02/22,,fedex,Delivered
19772,11656,06/10/22,,ups,In Transit
19773,2491,06/08/22,27/08/22,fedex,Returned
19774,3370,04/07/20,,fedex,Delivered
19775,21081,20/11/23,,fedex,Delivered
19776,645,02/07/22,,bluedart,Delivered
19777,2008,11/04/21,,bluedart,In Transit
19778,8833,22/01/22,,dhl,Delivered
19779,7986,06/04/22,,fedex,In Transit
19780,12242,20/09/20,,fedex,In Transit
19781,6388,28/07/23,,bluedart,Delivered
19782,10370,05/07/21,,fedex,In Transit
19783,1487,22/03/22,,fedex,Delivered
19784,10867,21/09/22,,fedex,In Transit
19785,11092,24/03/23,,dhl,In Transit
19786,21112,19/09/22,,fedex,Delivered
19787,7517,23/08/21,,fedex,Delivered
19788,10026,02/04/20,,fedex,In Transit
19789,4313,10/08/21,,dhl,Delivered
19790,20925,15/10/23,,dhl,In Transit
19791,11991,15/07/21,,fedex,In Transit
19792,13331,20/02/20,,dhl,In Transit
19793,10514,25/09/21,,dhl,Delivered
19794,7293,17/01/20,,fedex,In Transit
19795,18369,11/10/22,,bluedart,In Transit
19796,11897,24/03/23,,usps,Cancelled
19797,17087,01/07/23,,fedex,Delivered
19798,10154,16/08/20,,fedex,In Transit
19799,19920,08/04/21,,fedex,Delivered
19800,1775,11/03/23,,fedex,In Transit
19801,20493,15/11/22,,ups,Cancelled
19802,11524,03/12/22,,fedex,In Transit
19803,12283,29/05/21,,fedex,Delivered
19804,6745,27/05/22,,bluedart,Delivered
19805,9955,17/02/22,,bluedart,Delivered
19806,7006,27/12/23,,usps,Delivered
19807,9533,15/12/21,,bluedart,In Transit
19808,6443,07/04/22,,fedex,In Transit
19809,12096,29/06/23,,fedex,Delivered
19810,17919,19/12/21,,ups,In Transit
19811,3008,23/04/20,,ups,Delivered
19812,9512,07/11/22,,fedex,Delivered
19813,14653,27/06/20,,fedex,Delivered
19814,15558,24/11/21,,dhl,Cancelled
19815,1695,06/01/22,,usps,In Transit
19816,9954,10/11/21,,fedex,Delivered
19817,18108,20/09/22,,dhl,Delivered
19818,1728,11/09/20,,dhl,In Transit
19819,4332,26/07/21,,bluedart,In Transit
19820,8492,05/02/20,,bluedart,Delivered
19821,16544,07/03/20,,bluedart,Delivered
19822,7951,23/09/20,,dhl,Delivered
19823,11794,03/11/21,,bluedart,Delivered
19824,119,23/12/23,,fedex,Delivered
19825,842,22/10/21,,fedex,Delivered
19826,19664,09/03/21,,fedex,Delivered
19827,15276,25/07/23,,fedex,Delivered
19828,10893,28/05/20,,fedex,Delivered
19829,13651,28/02/22,,dhl,Delivered
19830,21170,27/04/22,,dhl,Cancelled
19831,19631,30/05/22,,fedex,In Transit
19832,1356,26/07/21,,usps,Delivered
19833,13692,10/07/21,,dhl,In Transit
19834,3430,11/11/23,,fedex,Delivered
19835,9178,03/10/23,,ups,In Transit
19836,11200,10/11/21,,fedex,Delivered
19837,15171,03/06/22,,dhl,Delivered
19838,854,23/01/21,,fedex,Delivered
19839,5076,19/07/20,,fedex,Delivered
19840,3084,19/07/23,,dhl,Cancelled
19841,5135,01/07/20,,fedex,Cancelled
19842,21499,19/02/22,,fedex,In Transit
19843,771,17/09/22,,dhl,In Transit
19844,6741,02/02/22,14/02/22,usps,Returned
19845,15704,19/08/20,,usps,In Transit
19846,1336,05/01/21,,fedex,In Transit
19847,20339,01/08/22,,ups,Delivered
19848,5731,26/03/21,,usps,Delivered
19849,8421,23/06/23,,bluedart,In Transit
19850,14899,07/03/23,,ups,Delivered
19851,17379,14/05/23,,dhl,Delivered
19852,14807,25/04/23,,fedex,Delivered
19853,14692,16/02/23,,fedex,In Transit
19854,17146,12/01/20,,bluedart,In Transit
19855,4286,12/11/23,,fedex,In Transit
19856,19941,26/04/20,,ups,In Transit
19857,11980,24/05/21,,fedex,In Transit
19858,5444,22/08/20,,ups,In Transit
19859,11377,05/05/21,,fedex,Delivered
19860,8267,05/04/23,,ups,Delivered
19861,8446,11/03/22,,fedex,In Transit
19862,21484,16/06/23,,fedex,In Transit
19863,8121,16/04/22,,dhl,Cancelled
19864,2277,02/03/23,,fedex,Delivered
19865,20109,24/10/23,,bluedart,Delivered
19866,16598,16/02/23,,fedex,Delivered
19867,18648,23/03/23,,ups,Delivered
19868,14819,08/01/22,,fedex,Delivered
19869,10844,19/12/22,,usps,Cancelled
19870,5189,14/08/20,,fedex,Delivered
19871,18027,14/01/20,,bluedart,In Transit
19872,16784,23/06/23,,ups,Delivered
19873,3466,16/12/20,,usps,Delivered
19874,2823,17/05/20,,ups,Delivered
19875,18843,04/01/22,,fedex,Delivered
19876,3522,18/03/22,,fedex,Delivered
19877,7219,11/06/22,,bluedart,Delivered
19878,21095,21/12/23,,dhl,Cancelled
19879,9330,26/01/21,,fedex,Delivered
19880,14154,15/03/22,,fedex,Cancelled
19881,17073,06/04/21,,fedex,In Transit
19882,3628,25/02/20,,ups,In Transit
19883,7155,22/05/23,,usps,In Transit
19884,20030,17/05/21,,fedex,In Transit
19885,16868,11/07/23,,usps,Cancelled
19886,8310,23/05/22,,fedex,In Transit
19887,12094,06/05/22,,fedex,In Transit
19888,10486,29/09/21,,ups,Delivered
19889,13222,07/01/21,,fedex,Delivered
19890,10328,22/01/22,,fedex,Delivered
19891,1161,30/09/23,,fedex,In Transit
19892,931,24/12/22,,fedex,Delivered
19893,17324,04/06/21,,dhl,Delivered
19894,2828,27/01/20,,dhl,Delivered
19895,16252,30/05/23,,fedex,Cancelled
19896,2108,26/03/21,,dhl,In Transit
19897,18859,11/05/22,,fedex,Delivered
19898,4456,12/03/20,,fedex,Delivered
19899,12404,01/02/23,,dhl,In Transit
19900,18870,24/10/22,,bluedart,In Transit
19901,20102,24/12/22,,fedex,In Transit
19902,1767,24/09/23,,ups,In Transit
19903,20860,24/04/22,,dhl,Delivered
19904,18722,14/09/23,,bluedart,Delivered
19905,9157,09/10/21,,fedex,Cancelled
19906,8702,01/07/21,,fedex,Delivered
19907,973,14/12/21,,fedex,Cancelled
19908,6946,20/02/21,,fedex,In Transit
19909,10242,17/06/20,,bluedart,Delivered
19910,4279,29/02/20,,fedex,In Transit
19911,7307,09/04/23,,fedex,Delivered
19912,6658,06/02/23,,usps,In Transit
19913,13376,17/07/22,,dhl,Delivered
19914,15092,13/07/20,,fedex,Delivered
19915,5097,06/01/20,,fedex,Cancelled
19916,91,27/12/23,,fedex,Delivered
19917,1615,10/04/21,,usps,Delivered
19918,2592,17/08/20,,ups,Delivered
19919,6717,03/06/20,,ups,In Transit
19920,9115,07/02/21,,bluedart,Delivered
19921,14226,09/05/21,,dhl,Cancelled
19922,14078,03/05/21,,fedex,Delivered
19923,14541,07/03/23,,dhl,In Transit
19924,19164,06/02/21,,bluedart,Delivered
19925,15778,25/05/23,,dhl,In Transit
19926,19636,28/12/23,21/01/24,fedex,Returned
19927,6476,22/10/23,,fedex,In Transit
19928,19502,05/11/22,,fedex,In Transit
19929,4893,15/11/22,,fedex,Delivered
19930,7882,19/04/20,,fedex,In Transit
19931,18375,28/01/22,,dhl,Delivered
19932,13118,02/10/20,,ups,Delivered
19933,7268,23/11/23,,bluedart,Delivered
19934,6323,20/02/22,,fedex,Delivered
19935,10107,09/06/22,,dhl,Delivered
19936,10139,22/11/21,,fedex,Delivered
19937,1618,27/05/22,,fedex,In Transit
19938,5344,26/02/21,,fedex,Delivered
19939,4351,09/09/20,,dhl,Delivered
19940,17133,30/07/23,,ups,In Transit
19941,6295,06/11/21,,ups,Delivered
19942,19877,14/11/23,,fedex,Delivered
19943,17752,06/02/23,,ups,In Transit
19944,12378,24/04/20,,usps,In Transit
19945,17468,10/02/20,,usps,In Transit
19946,17869,21/07/20,,ups,In Transit
19947,19974,17/03/22,,dhl,Delivered
19948,15853,05/08/20,,fedex,Delivered
19949,6643,19/01/21,,dhl,Delivered
19950,15749,17/02/22,,fedex,In Transit
19951,9136,29/09/21,,dhl,Delivered
19952,13459,08/12/23,,usps,Delivered
19953,14864,31/05/23,,fedex,Delivered
19954,10732,18/03/22,,dhl,In Transit
19955,14637,16/07/22,,ups,Delivered
19956,8079,06/02/23,,fedex,Delivered
19957,13032,07/04/20,,usps,Delivered
19958,454,26/02/22,,ups,In Transit
19959,17331,12/10/23,,fedex,In Transit
19960,2413,04/09/20,26/09/20,ups,Returned
19961,2839,13/01/23,,bluedart,Cancelled
19962,4570,17/07/21,,ups,Delivered
19963,6593,25/05/23,,ups,Delivered
19964,9731,01/08/20,,bluedart,Delivered
19965,12697,11/11/21,,usps,Delivered
19966,16871,03/03/22,,fedex,Delivered
19967,4608,17/03/21,,fedex,Delivered
19968,18963,26/12/20,,bluedart,In Transit
19969,4995,18/04/20,,fedex,Delivered
19970,19454,13/04/21,21/04/21,dhl,Returned
19971,12236,31/03/22,,fedex,Delivered
19972,5859,19/12/23,,usps,Delivered
19973,8714,02/12/22,,dhl,Delivered
19974,1998,10/11/21,,usps,Delivered
19975,6306,21/11/23,,fedex,Cancelled
19976,5740,18/09/23,,ups,Cancelled
19977,4414,16/04/22,,fedex,In Transit
19978,20836,20/01/20,,fedex,Cancelled
19979,7576,13/04/22,,dhl,In Transit
19980,2807,19/11/21,,dhl,Cancelled
19981,13271,17/02/21,,ups,Cancelled
19982,20583,19/12/22,,dhl,In Transit
19983,14792,30/09/23,,fedex,Delivered
19984,19933,11/06/21,,bluedart,In Transit
19985,17521,09/04/21,,bluedart,Delivered
19986,21459,22/09/21,,ups,Delivered
19987,9844,08/02/22,,bluedart,Cancelled
19988,10955,06/01/22,,fedex,In Transit
19989,2246,24/06/22,,dhl,Delivered
19990,14748,29/10/22,,fedex,Delivered
19991,1365,12/12/20,,bluedart,In Transit
19992,16445,01/08/20,,fedex,Delivered
19993,11495,13/12/23,,fedex,Delivered
19994,13761,05/06/20,,ups,Delivered
19995,17038,18/06/22,,fedex,Delivered
19996,5531,09/07/22,,fedex,Delivered
19997,901,09/10/22,,fedex,Delivered
19998,21034,16/07/23,,fedex,In Transit
19999,2559,17/06/20,,fedex,Delivered
20000,18737,09/10/23,,ups,Delivered
20001,7427,09/11/20,,fedex,Delivered
20002,20678,26/01/21,,fedex,Delivered
20003,6812,18/09/21,,fedex,In Transit
20004,13082,06/10/21,,fedex,In Transit
20005,8570,05/02/20,,bluedart,In Transit
20006,2473,01/05/23,,fedex,In Transit
20007,18623,30/09/23,,ups,Delivered
20008,13151,16/03/21,,fedex,Delivered
20009,10557,13/11/22,,ups,Delivered
20010,9368,22/01/21,13/02/21,usps,Returned
20011,6621,20/03/21,,dhl,Cancelled
20012,14104,29/07/21,,dhl,Delivered
20013,2170,24/04/22,,usps,In Transit
20014,13371,12/08/20,,dhl,Delivered
20015,19369,11/09/20,,usps,In Transit
20016,5680,28/08/20,,ups,In Transit
20017,15243,13/11/20,,fedex,Cancelled
20018,12212,02/03/20,,ups,Delivered
20019,14455,03/04/20,,dhl,Delivered
20020,16645,12/03/20,,ups,Delivered
20021,927,24/01/21,,fedex,Cancelled
20022,6470,30/07/21,13/08/21,fedex,Returned
20023,8506,15/03/22,,fedex,Delivered
20024,20396,31/07/20,,bluedart,Delivered
20025,17944,10/06/20,,fedex,In Transit
20026,19756,25/05/22,,bluedart,Delivered
20027,21065,13/06/22,,dhl,Delivered
20028,11427,22/07/23,,ups,Delivered
20029,10912,07/09/22,24/09/22,dhl,Returned
20030,48,23/05/22,,usps,Delivered
20031,8526,12/09/21,,usps,In Transit
20032,8950,21/05/21,,fedex,Delivered
20033,19189,31/07/22,,ups,Delivered
20034,21595,12/07/23,,bluedart,Delivered
20035,10698,15/12/22,,fedex,In Transit
20036,6740,18/11/20,,fedex,Delivered
20037,21579,19/10/21,,ups,Delivered
20038,4751,25/12/23,,bluedart,Delivered
20039,10007,03/10/21,,fedex,In Transit
20040,5155,03/05/21,,bluedart,Delivered
20041,20738,27/05/20,,dhl,In Transit
20042,2223,06/03/21,,ups,Delivered
20043,2099,19/12/22,,fedex,Delivered
20044,13458,06/09/23,,fedex,In Transit
20045,20650,25/10/23,,fedex,In Transit
20046,9970,06/06/21,,usps,Delivered
20047,2080,20/02/23,,fedex,Delivered
20048,20439,15/09/20,,fedex,In Transit
20049,16813,21/02/22,,bluedart,Cancelled
20050,4031,19/09/23,,fedex,Delivered
20051,7084,15/12/23,,fedex,In Transit
20052,8131,12/04/23,,fedex,In Transit
20053,19367,23/12/23,,dhl,Delivered
20054,10492,20/11/21,,dhl,In Transit
20055,7450,29/11/23,,fedex,Delivered
20056,14829,09/12/21,,fedex,Delivered
20057,3845,05/09/21,,dhl,In Transit
20058,12783,01/07/20,,dhl,Delivered
20059,9903,09/10/20,,ups,Delivered
20060,2037,20/02/22,,dhl,Delivered
20061,15304,18/05/22,,usps,In Transit
20062,9314,07/12/21,,fedex,Delivered
20063,6747,02/08/21,,ups,In Transit
20064,1933,30/03/22,,dhl,Delivered
20065,17404,17/07/22,,dhl,In Transit
20066,281,22/12/23,,dhl,In Transit
20067,5387,12/07/23,,dhl,Delivered
20068,15843,01/10/22,,fedex,Delivered
20069,15785,23/03/20,,dhl,Delivered
20070,20778,26/03/20,,fedex,Delivered
20071,18819,03/02/22,,fedex,In Transit
20072,13984,24/08/22,04/09/22,bluedart,Returned
20073,17313,10/09/21,,bluedart,In Transit
20074,46,16/11/23,,fedex,Cancelled
20075,13149,15/07/21,,fedex,Delivered
20076,8583,21/08/21,,usps,In Transit
20077,13529,22/06/23,,ups,In Transit
20078,2396,21/08/22,,dhl,In Transit
20079,5429,16/02/23,,fedex,Delivered
20080,11070,10/01/21,,fedex,Delivered
20081,9045,26/03/20,,fedex,Delivered
20082,16740,20/07/22,,bluedart,Delivered
20083,16823,14/04/22,,ups,Delivered
20084,15721,19/09/21,,fedex,In Transit
20085,6869,17/03/21,,fedex,Delivered
20086,10119,31/07/23,,bluedart,Delivered
20087,7769,13/06/23,,fedex,Cancelled
20088,5834,17/12/20,,fedex,Delivered
20089,621,29/06/23,,ups,In Transit
20090,10058,26/09/20,,dhl,Delivered
20091,2858,27/01/22,,dhl,In Transit
20092,19791,28/04/20,,bluedart,In Transit
20093,193,13/07/23,,fedex,Delivered
20094,20789,08/12/21,,fedex,Delivered
20095,4802,28/04/22,,ups,In Transit
20096,6038,02/03/23,,bluedart,In Transit
20097,6624,03/12/23,,ups,Delivered
20098,20273,26/02/21,,fedex,In Transit
20099,12897,29/08/23,,ups,In Transit
20100,592,14/01/22,,bluedart,Delivered
20101,797,03/10/23,,fedex,Delivered
20102,8969,07/08/21,,bluedart,In Transit
20103,10637,19/08/20,,fedex,Delivered
20104,10778,26/06/20,,fedex,Delivered
20105,18768,29/03/20,,fedex,In Transit
20106,19557,11/10/23,,fedex,In Transit
20107,2111,15/12/22,,bluedart,Delivered
20108,19457,09/03/21,,bluedart,Delivered
20109,6930,09/07/21,,ups,Delivered
20110,12239,21/05/20,,dhl,Delivered
20111,1450,27/04/23,,usps,Delivered
20112,16643,21/02/21,,fedex,Delivered
20113,8605,09/08/20,16/08/20,dhl,Returned
20114,20851,10/04/20,,bluedart,Delivered
20115,12458,08/10/20,,fedex,Delivered
20116,18856,11/02/23,06/03/23,bluedart,Returned
20117,1074,19/11/20,,ups,Delivered
20118,2045,20/06/21,,fedex,In Transit
20119,16461,13/06/20,,bluedart,In Transit
20120,3145,14/05/22,,ups,Delivered
20121,15532,14/10/21,,dhl,Cancelled
20122,14325,08/03/23,,fedex,Delivered
20123,6444,28/02/23,,fedex,Cancelled
20124,21506,07/02/23,,fedex,In Transit
20125,7636,14/08/20,,fedex,In Transit
20126,13226,25/03/20,,usps,Delivered
20127,421,08/04/20,,dhl,Delivered
20128,15032,11/01/21,,ups,In Transit
20129,9342,16/05/22,,bluedart,Delivered
20130,9447,23/08/21,,fedex,Delivered
20131,10168,13/09/22,,fedex,In Transit
20132,943,29/07/20,,dhl,In Transit
20133,18655,01/12/20,,usps,Delivered
20134,2773,10/10/20,,dhl,In Transit
20135,11539,20/01/22,,dhl,Delivered
20136,6266,27/11/22,,fedex,Delivered
20137,11436,31/10/23,,fedex,Delivered
20138,11233,17/08/20,,bluedart,Cancelled
20139,8140,28/10/23,,fedex,Delivered
20140,2228,24/01/20,,fedex,In Transit
20141,15346,07/07/23,,fedex,Delivered
20142,4648,21/05/22,,fedex,Delivered
20143,11097,23/06/22,,usps,In Transit
20144,13403,24/11/23,,dhl,In Transit
20145,20547,04/08/23,,dhl,Delivered
20146,16150,04/09/21,,fedex,In Transit
20147,16616,31/03/23,,fedex,In Transit
20148,8559,10/06/23,,fedex,In Transit
20149,8118,04/12/21,,dhl,Cancelled
20150,8788,24/04/21,,fedex,Cancelled
20151,11782,18/02/21,,bluedart,Delivered
20152,15392,25/08/21,,fedex,Delivered
20153,14841,07/01/20,,fedex,Delivered
20154,6267,07/07/23,,fedex,Delivered
20155,12023,20/07/23,,fedex,Cancelled
20156,4673,23/10/21,,fedex,In Transit
20157,21212,12/12/22,,fedex,Delivered
20158,9614,15/03/20,,fedex,In Transit
20159,15281,04/11/21,,fedex,Delivered
20160,10666,17/09/21,,fedex,In Transit
20161,17493,21/03/20,,usps,In Transit
20162,3663,14/12/22,,usps,In Transit
20163,10158,19/03/20,,fedex,Cancelled
20164,11393,15/01/20,,fedex,Delivered
20165,522,29/03/22,,fedex,In Transit
20166,975,08/03/21,,bluedart,Delivered
20167,3700,20/03/23,,fedex,Delivered
20168,15395,05/08/20,,fedex,Delivered
20169,9306,26/10/20,,fedex,In Transit
20170,13223,18/03/20,,fedex,In Transit
20171,5098,12/02/23,,dhl,Delivered
20172,18017,09/06/20,,bluedart,In Transit
20173,10821,22/12/20,,ups,Delivered
20174,1840,27/05/20,,dhl,Delivered
20175,3855,28/04/23,,bluedart,In Transit
20176,5576,21/04/23,,ups,Delivered
20177,6025,23/07/23,,fedex,In Transit
20178,8735,23/02/21,,ups,In Transit
20179,9485,05/05/23,18/05/23,dhl,Returned
20180,1199,07/06/23,,dhl,Delivered
20181,6848,14/12/23,,dhl,In Transit
20182,4594,08/06/20,,fedex,Delivered
20183,19431,26/02/22,,fedex,Delivered
20184,4654,12/05/23,31/05/23,bluedart,Returned
20185,10421,14/06/23,,fedex,In Transit
20186,13879,01/03/20,,dhl,Delivered
20187,7833,28/11/20,,fedex,In Transit
20188,10153,22/01/22,,fedex,In Transit
20189,15921,09/01/21,,fedex,Delivered
20190,11781,19/03/20,,bluedart,Delivered
20191,13996,24/03/21,,usps,Delivered
20192,6269,04/02/22,,bluedart,Delivered
20193,9328,09/02/23,,fedex,Delivered
20194,15999,16/08/21,,fedex,Delivered
20195,20407,09/07/22,,bluedart,Delivered
20196,17939,17/02/22,,fedex,Delivered
20197,19951,12/08/23,01/09/23,fedex,Returned
20198,5937,17/10/23,,ups,In Transit
20199,13194,10/08/21,,fedex,In Transit
20200,9787,04/02/22,,dhl,Delivered
20201,16765,26/02/22,,fedex,In Transit
20202,3232,26/11/21,11/12/21,bluedart,Returned
20203,15640,07/10/23,,usps,In Transit
20204,19758,11/11/22,,usps,Delivered
20205,12918,08/02/22,,dhl,Cancelled
20206,13828,02/10/20,,fedex,In Transit
20207,9471,18/07/23,,ups,Delivered
20208,20483,03/07/23,,fedex,In Transit
20209,4831,19/09/22,,fedex,Cancelled
20210,5473,02/05/20,,fedex,Delivered
20211,4723,29/03/20,,fedex,Delivered
20212,3050,14/09/21,,ups,Delivered
20213,14858,01/02/22,,fedex,In Transit
20214,19079,16/04/23,,fedex,In Transit
20215,15848,21/10/20,,usps,In Transit
20216,20919,01/10/23,,fedex,Delivered
20217,6875,10/03/22,,fedex,In Transit
20218,3341,09/12/22,,bluedart,Delivered
20219,17523,26/02/22,,fedex,In Transit
20220,12914,02/12/20,26/12/20,fedex,Returned
20221,1930,30/07/21,,bluedart,In Transit
20222,3246,30/07/21,,fedex,In Transit
20223,1269,26/03/23,,ups,Delivered
20224,16725,26/12/21,,dhl,In Transit
20225,1907,03/03/22,,fedex,Delivered
20226,12760,13/12/21,,fedex,In Transit
20227,14736,24/05/23,,fedex,Delivered
20228,697,03/03/22,,fedex,In Transit
20229,17250,02/11/23,,fedex,In Transit
20230,11956,25/03/23,,fedex,Delivered
20231,16825,22/07/23,,fedex,In Transit
20232,8635,27/10/21,,fedex,Delivered
20233,6863,05/09/22,,dhl,In Transit
20234,7460,02/06/21,,dhl,Cancelled
20235,19781,12/05/22,19/05/22,fedex,Returned
20236,16562,20/11/22,09/12/22,dhl,Returned
20237,12666,21/04/22,,dhl,In Transit
20238,4170,07/01/22,,fedex,Delivered
20239,8734,06/07/23,,bluedart,In Transit
20240,12784,24/07/23,,dhl,Delivered
20241,3185,17/10/23,,usps,Delivered
20242,2207,19/12/20,,fedex,Delivered
20243,8498,20/02/22,,bluedart,In Transit
20244,6755,16/08/23,,fedex,In Transit
20245,8856,13/06/21,,fedex,Delivered
20246,20965,06/12/22,,fedex,In Transit
20247,2576,29/11/22,,bluedart,In Transit
20248,1567,03/01/21,,fedex,Delivered
20249,19480,08/09/22,,bluedart,In Transit
20250,4790,24/01/23,,dhl,Cancelled
20251,17497,28/09/21,,dhl,In Transit
20252,6009,22/05/20,,fedex,In Transit
20253,14472,20/11/20,,fedex,In Transit
20254,5586,06/05/23,,usps,In Transit
20255,6286,23/04/21,,ups,In Transit
20256,4428,02/02/20,,bluedart,Delivered
20257,2477,03/07/20,,bluedart,In Transit
20258,15817,25/07/22,,usps,Delivered
20259,16746,15/10/22,,dhl,Delivered
20260,320,07/01/20,,fedex,In Transit
20261,5259,11/01/21,,bluedart,Delivered
20262,20118,20/12/22,,fedex,Delivered
20263,5426,05/05/21,,bluedart,Delivered
20264,4219,20/03/23,,fedex,Delivered
20265,10157,24/02/23,,fedex,Delivered
20266,12127,23/12/20,,ups,In Transit
20267,11133,28/11/20,,fedex,Delivered
20268,14289,19/07/23,,fedex,Delivered
20269,15924,02/08/23,,fedex,Delivered
20270,16974,07/05/20,,fedex,Delivered
20271,4938,28/02/22,,fedex,Delivered
20272,1250,04/01/23,,fedex,Delivered
20273,1621,21/12/22,,fedex,Delivered
20274,17980,25/04/21,,bluedart,Delivered
20275,11098,04/10/21,,dhl,Delivered
20276,4650,07/09/21,12/09/21,fedex,Returned
20277,896,12/05/23,18/05/23,fedex,Returned
20278,2877,21/03/23,,ups,In Transit
20279,8916,21/07/23,,bluedart,In Transit
20280,2881,23/12/21,,fedex,Delivered
20281,18949,28/09/21,,fedex,Cancelled
20282,16421,18/03/22,,fedex,Cancelled
20283,1206,15/06/23,,fedex,In Transit
20284,14181,20/08/20,,ups,In Transit
20285,4880,12/02/20,,fedex,Delivered
20286,212,22/11/22,,fedex,Delivered
20287,1515,09/01/21,,ups,In Transit
20288,21293,13/11/21,,fedex,Delivered
20289,12210,06/10/21,,fedex,In Transit
20290,10809,28/03/23,,dhl,Delivered
20291,18214,28/02/23,,fedex,Delivered
20292,17636,17/04/20,,bluedart,Delivered
20293,19766,24/09/21,,fedex,Delivered
20294,6339,08/10/23,,fedex,Delivered
20295,2891,04/02/20,,dhl,In Transit
20296,14470,24/02/21,,dhl,Delivered
20297,4123,01/01/24,,bluedart,Delivered
20298,1819,17/04/21,,bluedart,In Transit
20299,9937,06/01/22,,fedex,Delivered
20300,2791,10/04/20,03/05/20,fedex,Returned
20301,21251,14/06/22,,dhl,In Transit
20302,17025,15/01/23,,ups,In Transit
20303,10711,14/10/23,,fedex,Delivered
20304,3505,13/02/23,,fedex,Delivered
20305,9888,25/05/20,,dhl,In Transit
20306,20889,12/12/22,,ups,In Transit
20307,1483,13/03/22,,bluedart,Delivered
20308,10984,12/08/23,,bluedart,In Transit
20309,15745,12/12/20,,fedex,Delivered
20310,6171,27/11/20,,fedex,Delivered
20311,7910,09/12/22,,dhl,Delivered
20312,16450,20/02/21,,dhl,In Transit
20313,363,30/10/23,06/11/23,dhl,Returned
20314,11929,04/11/20,,fedex,Delivered
20315,16807,29/01/20,,usps,Delivered
20316,17908,25/12/21,,dhl,Delivered
20317,18143,05/11/23,,fedex,Delivered
20318,575,18/07/22,,ups,Cancelled
20319,10437,15/09/21,,dhl,Delivered
20320,13023,25/04/21,,fedex,Delivered
20321,1824,20/07/20,,fedex,In Transit
20322,11412,19/05/21,,ups,Delivered
20323,10170,07/12/22,,fedex,Cancelled
20324,17684,26/02/20,,bluedart,In Transit
20325,1732,25/07/23,,dhl,In Transit
20326,10235,06/10/23,,dhl,In Transit
20327,6481,24/09/20,,fedex,Delivered
20328,1659,12/04/23,,fedex,Cancelled
20329,3036,01/09/22,,ups,In Transit
20330,16187,29/03/20,,dhl,Delivered
20331,5291,24/05/23,,fedex,Delivered
20332,7164,05/05/20,,fedex,In Transit
20333,9366,13/04/21,,ups,Delivered
20334,15227,21/01/22,,fedex,In Transit
20335,3554,20/10/20,,ups,In Transit
20336,13436,29/08/20,,ups,In Transit
20337,16940,15/10/22,,fedex,In Transit
20338,17251,06/12/20,,fedex,Delivered
20339,6744,04/09/21,,fedex,In Transit
20340,7827,26/10/21,,fedex,In Transit
20341,11336,16/10/23,,bluedart,In Transit
20342,16597,14/03/22,,ups,In Transit
20343,17239,21/12/21,,bluedart,Delivered
20344,12719,28/04/20,,usps,Delivered
20345,9691,26/04/22,,bluedart,Delivered
20346,8299,07/09/20,,fedex,Delivered
20347,10881,09/01/21,,fedex,In Transit
20348,14971,20/07/23,,fedex,Delivered
20349,3515,26/10/20,,dhl,In Transit
20350,8882,06/03/21,,bluedart,Delivered
20351,10968,22/09/22,,fedex,Delivered
20352,17914,18/07/22,,fedex,In Transit
20353,1576,09/07/20,,dhl,Cancelled
20354,16424,11/03/20,,fedex,Delivered
20355,2259,16/07/22,,fedex,Delivered
20356,12345,06/12/22,,fedex,In Transit
20357,4115,21/03/22,,dhl,In Transit
20358,6762,07/03/20,,fedex,Delivered
20359,4837,16/02/20,,bluedart,Delivered
20360,1293,27/06/22,,fedex,Delivered
20361,6715,08/06/23,,dhl,In Transit
20362,20247,15/11/23,,bluedart,In Transit
20363,476,10/12/21,,dhl,Delivered
20364,740,03/09/21,,bluedart,In Transit
20365,3452,12/01/22,,fedex,Delivered
20366,20933,31/03/20,,fedex,Delivered
20367,12691,25/05/21,,usps,Delivered
20368,3307,18/07/23,,fedex,In Transit
20369,20097,30/01/21,,dhl,Delivered
20370,10862,30/11/22,,bluedart,Delivered
20371,12118,05/07/21,,dhl,Delivered
20372,778,04/02/21,,dhl,Delivered
20373,7752,04/06/20,,ups,Delivered
20374,6970,07/12/22,,dhl,Cancelled
20375,4859,25/04/21,,fedex,Delivered
20376,14359,26/03/21,,dhl,Delivered
20377,11594,21/10/20,,fedex,In Transit
20378,1044,23/06/23,,bluedart,Delivered
20379,16947,18/10/23,,bluedart,Delivered
20380,7008,03/01/21,,fedex,In Transit
20381,19731,30/09/20,,ups,Delivered
20382,8343,11/01/23,,dhl,Delivered
20383,6261,15/08/22,09/09/22,ups,Returned
20384,17884,18/02/22,,dhl,Delivered
20385,1978,11/05/20,,fedex,Cancelled
20386,21451,04/09/20,,dhl,Cancelled
20387,1100,02/02/23,,ups,In Transit
20388,5411,14/07/21,,fedex,Cancelled
20389,14121,29/01/21,,dhl,Delivered
20390,6140,18/12/21,,fedex,Delivered
20391,8707,06/08/23,,fedex,Delivered
20392,4066,15/05/20,,dhl,Delivered
20393,1098,01/08/21,,bluedart,Delivered
20394,4614,12/07/22,,bluedart,Delivered
20395,56,17/03/21,,bluedart,Delivered
20396,13817,06/07/20,,dhl,Delivered
20397,19776,27/02/23,09/03/23,fedex,Returned
20398,16767,22/10/23,,dhl,Delivered
20399,4048,22/01/23,,ups,Delivered
20400,19341,20/11/21,,bluedart,In Transit
20401,3028,20/03/23,,bluedart,Delivered
20402,18663,11/10/20,,fedex,Delivered
20403,9712,12/05/20,,usps,Delivered
20404,15531,25/08/21,,usps,In Transit
20405,10804,14/09/20,,fedex,Delivered
20406,7797,24/01/23,,dhl,In Transit
20407,19864,04/05/20,,usps,Delivered
20408,17522,06/01/23,,fedex,In Transit
20409,7443,21/04/21,,usps,In Transit
20410,10464,23/11/21,,ups,Delivered
20411,9410,09/06/20,,dhl,Delivered
20412,20520,27/04/22,,fedex,Delivered
20413,19270,25/04/20,,usps,Cancelled
20414,11422,27/08/22,,usps,In Transit
20415,7099,12/04/23,,fedex,Delivered
20416,4372,30/05/21,,dhl,Delivered
20417,19442,10/09/20,,dhl,Delivered
20418,13036,15/05/21,,fedex,Delivered
20419,4752,24/02/20,,ups,Delivered
20420,6194,12/10/23,,fedex,In Transit
20421,7712,07/02/22,,dhl,In Transit
20422,7175,17/09/22,,fedex,Delivered
20423,5061,15/10/20,,fedex,In Transit
20424,16390,31/01/21,,dhl,Delivered
20425,14013,20/03/20,29/03/20,dhl,Returned
20426,6602,10/08/22,,fedex,Delivered
20427,17112,05/09/23,,fedex,Delivered
20428,17670,21/05/21,,dhl,Delivered
20429,2661,06/11/23,,bluedart,In Transit
20430,10887,13/09/20,,fedex,In Transit
20431,19245,09/05/20,,fedex,In Transit
20432,298,13/07/21,,fedex,In Transit
20433,21156,26/02/20,,dhl,Delivered
20434,12788,21/05/23,,dhl,Delivered
20435,5923,10/04/21,,fedex,Delivered
20436,783,09/11/23,,fedex,In Transit
20437,16489,12/02/23,,bluedart,Delivered
20438,9939,04/02/21,,fedex,In Transit
20439,5280,03/01/21,,fedex,In Transit
20440,1215,08/07/22,,fedex,In Transit
20441,3604,01/06/22,,fedex,Delivered
20442,14205,14/01/21,,ups,Delivered
20443,13628,03/12/20,,bluedart,Delivered
20444,15598,21/12/20,,fedex,Delivered
20445,2294,22/11/23,,fedex,Delivered
20446,20739,14/10/22,,fedex,In Transit
20447,15812,23/02/21,,bluedart,In Transit
20448,12393,16/08/23,,fedex,In Transit
20449,15776,28/04/21,,bluedart,In Transit
20450,15611,07/11/21,,ups,Delivered
20451,2596,28/11/21,,usps,Delivered
20452,5663,08/06/23,,bluedart,Delivered
20453,17064,03/10/21,,fedex,Delivered
20454,9745,08/06/22,,fedex,Delivered
20455,11403,05/06/22,,fedex,Delivered
20456,16396,06/08/20,,usps,In Transit
20457,8824,06/02/20,,ups,Delivered
20458,8849,09/09/22,,usps,Delivered
20459,5769,11/04/22,,fedex,In Transit
20460,5094,25/10/20,,ups,In Transit
20461,16343,07/09/21,,fedex,Delivered
20462,11622,09/01/20,,dhl,In Transit
20463,7661,20/09/22,,dhl,In Transit
20464,8094,17/02/20,,fedex,Delivered
20465,17781,15/03/20,,fedex,Delivered
20466,804,08/09/22,,fedex,In Transit
20467,626,26/11/22,,fedex,Delivered
20468,19301,08/04/20,,fedex,Delivered
20469,15893,28/06/20,,fedex,Delivered
20470,1276,19/03/20,,fedex,In Transit
20471,1646,04/12/22,,ups,Delivered
20472,9897,01/01/24,,fedex,In Transit
20473,6187,24/04/23,12/05/23,fedex,Returned
20474,18931,05/01/23,16/01/23,bluedart,Returned
20475,8927,22/04/20,,fedex,In Transit
20476,16032,31/05/21,,bluedart,Delivered
20477,15894,04/11/22,,fedex,In Transit
20478,15608,09/08/20,,dhl,Delivered
20479,998,06/05/21,,fedex,Delivered
20480,9500,31/10/20,,fedex,In Transit
20481,18942,12/11/22,,fedex,In Transit
20482,10570,24/12/23,,fedex,In Transit
20483,11815,28/04/20,,ups,Delivered
20484,8694,01/08/23,,fedex,Delivered
20485,7208,11/01/23,,fedex,Delivered
20486,6765,26/11/23,,bluedart,In Transit
20487,1204,09/09/22,,fedex,Delivered
20488,3765,02/12/21,,bluedart,In Transit
20489,21361,22/07/21,,fedex,Delivered
20490,8785,20/10/23,,ups,Delivered
20491,173,12/04/20,30/04/20,usps,Returned
20492,1122,25/08/22,,fedex,In Transit
20493,11796,04/12/21,,fedex,In Transit
20494,13540,26/04/23,,dhl,Delivered
20495,9383,07/04/20,,usps,Delivered
20496,7423,19/09/23,,ups,Delivered
20497,13893,08/01/20,,fedex,In Transit
20498,5019,01/06/22,,bluedart,Cancelled
20499,18577,29/07/20,,ups,In Transit
20500,5075,07/06/21,,ups,Delivered
20501,12028,13/10/20,,fedex,In Transit
20502,14033,14/06/22,,usps,Delivered
20503,15009,31/01/22,,ups,Delivered
20504,11434,16/03/20,,dhl,In Transit
20505,19318,05/01/20,,fedex,Delivered
20506,15020,18/12/23,,ups,Delivered
20507,19604,02/01/23,,dhl,Delivered
20508,20188,19/12/21,,bluedart,In Transit
20509,14351,27/01/20,,dhl,In Transit
20510,15579,21/08/20,,ups,In Transit
20511,18955,15/08/21,,fedex,Delivered
20512,18848,22/08/22,,bluedart,In Transit
20513,3563,01/08/20,,usps,In Transit
20514,6552,20/02/23,15/03/23,fedex,Returned
20515,12909,01/12/23,,ups,Delivered
20516,17662,21/11/22,,fedex,In Transit
20517,10694,16/01/20,,dhl,Delivered
20518,501,02/01/21,,dhl,Delivered
20519,9503,21/05/20,,fedex,Delivered
20520,10709,13/08/23,,ups,Delivered
20521,21574,24/12/21,,ups,Delivered
20522,2843,20/08/23,,fedex,In Transit
20523,1898,05/04/23,28/04/23,fedex,Returned
20524,8474,04/07/21,09/07/21,bluedart,Returned
20525,20498,13/08/23,,fedex,Delivered
20526,8656,27/08/21,,dhl,Delivered
20527,6850,04/07/21,,fedex,Cancelled
20528,20673,03/09/23,,fedex,Delivered
20529,7934,08/02/23,,bluedart,Delivered
20530,14271,20/06/22,,ups,Delivered
20531,11074,03/12/22,,fedex,In Transit
20532,5636,20/11/20,,usps,In Transit
20533,19976,11/07/22,,fedex,Cancelled
20534,13214,09/11/20,,fedex,Delivered
20535,12302,13/11/20,,fedex,Delivered
20536,14450,16/02/21,,fedex,Delivered
20537,15752,23/11/20,,usps,In Transit
20538,17181,30/06/21,,bluedart,Cancelled
20539,15939,05/09/20,,ups,Delivered
20540,4120,22/09/21,,usps,In Transit
20541,7659,22/12/23,,bluedart,In Transit
20542,8751,27/07/21,,fedex,In Transit
20543,4083,26/11/20,,fedex,In Transit
20544,4122,15/06/22,,dhl,Cancelled
20545,9067,07/07/20,,ups,In Transit
20546,20765,18/03/22,,bluedart,Delivered
20547,2187,30/01/22,,bluedart,In Transit
20548,1774,31/05/20,,fedex,Delivered
20549,9100,10/11/20,,dhl,In Transit
20550,19072,03/06/23,,bluedart,Delivered
20551,13043,16/03/21,,dhl,Delivered
20552,12850,11/09/22,,fedex,In Transit
20553,18063,14/05/21,,usps,Delivered
20554,7594,13/12/23,,fedex,In Transit
20555,14479,17/08/21,,fedex,Delivered
20556,16357,15/09/23,,usps,In Transit
20557,3303,12/01/20,,dhl,In Transit
20558,19629,23/06/23,,bluedart,Delivered
20559,17393,06/04/20,,ups,In Transit
20560,9993,02/04/22,,fedex,Delivered
20561,20666,02/04/21,,bluedart,In Transit
20562,18727,07/08/20,,dhl,Delivered
20563,830,17/08/23,,fedex,In Transit
20564,19809,25/10/21,,fedex,Delivered
20565,16545,30/06/22,,ups,Delivered
20566,11797,23/11/22,,fedex,Delivered
20567,20950,10/12/20,,fedex,Delivered
20568,6346,24/06/21,,fedex,Delivered
20569,11945,24/12/23,,fedex,Delivered
20570,2662,25/03/21,,fedex,Delivered
20571,16882,14/01/22,,fedex,Delivered
20572,6800,15/04/21,,dhl,Delivered
20573,10785,02/04/21,,fedex,In Transit
20574,1847,05/01/23,,bluedart,Delivered
20575,19735,26/11/23,,fedex,In Transit
20576,15520,04/02/21,,fedex,Delivered
20577,2031,02/06/21,,usps,Delivered
20578,17756,01/03/21,,bluedart,Delivered
20579,553,08/04/22,,bluedart,In Transit
20580,2232,18/06/20,,fedex,Delivered
20581,6229,12/05/21,,bluedart,In Transit
20582,2100,18/10/20,,fedex,Delivered
20583,5225,01/06/23,19/06/23,fedex,Returned
20584,2930,24/11/22,29/11/22,usps,Returned
20585,4712,14/08/22,,fedex,Delivered
20586,6987,30/11/21,,ups,In Transit
20587,13523,06/09/20,,bluedart,Delivered
20588,8939,31/12/22,,dhl,Delivered
20589,15596,02/11/23,,dhl,Cancelled
20590,5603,30/03/21,,fedex,Cancelled
20591,5550,11/06/23,,dhl,Delivered
20592,11437,07/09/22,,ups,Delivered
20593,11052,25/04/20,,bluedart,Delivered
20594,12649,30/01/23,,fedex,Delivered
20595,16637,25/04/22,,bluedart,Delivered
20596,13393,28/07/22,,fedex,Delivered
20597,7259,07/04/22,,bluedart,Delivered
20598,5732,14/07/21,,fedex,Delivered
20599,5870,19/10/22,,dhl,Delivered
20600,7433,27/12/20,,bluedart,Delivered
20601,18567,21/09/23,,dhl,Delivered
20602,19943,20/09/20,,fedex,In Transit
20603,3456,02/03/20,,usps,Delivered
20604,15629,25/07/21,,fedex,In Transit
20605,2113,03/08/20,,bluedart,Delivered
20606,9466,14/02/20,,bluedart,Delivered
20607,6277,13/06/23,,bluedart,Delivered
20608,5505,15/06/22,,dhl,In Transit
20609,327,04/10/20,,ups,In Transit
20610,20859,09/04/20,,fedex,In Transit
20611,5712,01/06/22,,fedex,Delivered
20612,4988,09/10/21,,fedex,In Transit
20613,18246,25/09/20,,dhl,Delivered
20614,10939,05/03/21,,fedex,Delivered
20615,4196,22/09/23,30/09/23,ups,Returned
20616,17382,01/02/22,,ups,In Transit
20617,8685,01/01/22,,bluedart,Delivered
20618,16654,10/04/22,,dhl,Delivered
20619,515,30/08/20,,fedex,Cancelled
20620,5715,26/01/23,,fedex,Delivered
20621,2364,17/02/23,,ups,In Transit
20622,19468,02/07/23,23/07/23,fedex,Returned
20623,15905,09/05/23,,ups,In Transit
20624,5341,13/03/20,,ups,Delivered
20625,14203,11/01/20,,bluedart,In Transit
20626,18779,27/03/22,,fedex,In Transit
20627,17027,15/07/20,,ups,Delivered
20628,100,13/07/20,,fedex,Delivered
20629,14098,22/09/23,,fedex,In Transit
20630,18988,18/10/22,,ups,In Transit
20631,15904,14/12/22,,dhl,In Transit
20632,15773,05/11/22,,fedex,In Transit
20633,1217,28/09/21,,fedex,Delivered
20634,9042,17/06/21,,fedex,Delivered
20635,16317,31/10/21,,ups,Delivered
20636,20116,16/03/23,,fedex,Delivered
20637,10219,14/12/22,,fedex,Cancelled
20638,9990,22/01/23,,fedex,Delivered
20639,14947,10/03/23,,fedex,Delivered
20640,1150,29/12/21,,dhl,Delivered
20641,13958,17/05/23,,ups,Delivered
20642,275,15/02/22,,ups,Delivered
20643,5749,13/03/22,,fedex,Delivered
20644,7648,27/03/23,,dhl,In Transit
20645,19494,15/08/22,,fedex,In Transit
20646,13425,27/03/20,,ups,Delivered
20647,17163,08/12/23,,fedex,Delivered
20648,2291,30/10/21,,dhl,Delivered
20649,12031,02/03/23,,bluedart,Delivered
20650,4792,17/02/20,,usps,Delivered
20651,3261,16/02/21,,bluedart,Delivered
20652,14898,30/05/23,,fedex,In Transit
20653,1799,01/03/21,,dhl,In Transit
20654,10949,19/10/21,,ups,In Transit
20655,19896,24/05/21,,fedex,In Transit
20656,5213,30/04/23,,bluedart,Delivered
20657,1181,26/08/23,,dhl,In Transit
20658,17447,12/08/21,,dhl,Delivered
20659,20307,04/01/22,,fedex,Delivered
20660,3520,12/02/20,,ups,Delivered
20661,21623,18/02/20,,bluedart,In Transit
20662,5664,16/06/23,,dhl,Delivered
20663,7390,12/11/22,,fedex,Delivered
20664,19740,28/05/21,,fedex,In Transit
20665,3188,06/05/21,,bluedart,Delivered
20666,2211,10/04/22,,fedex,Delivered
20667,3719,22/09/22,,ups,Delivered
20668,10135,22/07/20,,fedex,Delivered
20669,13631,14/09/22,,bluedart,Delivered
20670,9670,10/06/20,,usps,Delivered
20671,17613,12/11/21,,ups,Delivered
20672,6204,26/08/22,,dhl,In Transit
20673,15319,28/04/20,,bluedart,In Transit
20674,346,09/02/21,,fedex,Delivered
20675,14903,07/03/20,,bluedart,In Transit
20676,10656,12/04/22,,dhl,In Transit
20677,11710,29/08/23,13/09/23,fedex,Returned
20678,21123,05/09/23,16/09/23,fedex,Returned
20679,2188,22/03/22,,fedex,In Transit
20680,4236,02/08/22,,fedex,In Transit
20681,19764,27/04/23,,usps,Delivered
20682,15681,26/11/21,,fedex,Delivered
20683,16717,01/09/23,,fedex,In Transit
20684,13852,24/01/21,,fedex,Delivered
20685,9241,24/03/23,,usps,Delivered
20686,19643,26/01/22,,ups,Delivered
20687,2466,27/09/20,,bluedart,Delivered
20688,17292,28/08/22,,fedex,In Transit
20689,21410,01/05/22,,fedex,Delivered
20690,14783,30/10/22,,fedex,Delivered
20691,7093,20/01/23,,dhl,Delivered
20692,21576,21/04/23,,bluedart,In Transit
20693,12211,11/08/22,,fedex,In Transit
20694,21249,19/11/21,,ups,Delivered
20695,16128,26/04/23,,fedex,Delivered
20696,1430,29/05/22,,fedex,In Transit
20697,6890,12/07/22,,dhl,Delivered
20698,20838,11/06/21,,fedex,Delivered
20699,7054,28/02/22,,fedex,In Transit
20700,19125,07/08/23,,bluedart,In Transit
20701,14297,12/05/20,,dhl,Delivered
20702,16570,26/07/21,,usps,Delivered
20703,1596,23/11/20,,fedex,Delivered
20704,13410,21/12/22,,dhl,Cancelled
20705,6397,13/11/20,,fedex,Delivered
20706,9260,21/02/21,,dhl,Delivered
20707,7034,10/07/21,,fedex,Delivered
20708,7828,28/01/21,,bluedart,In Transit
20709,6408,27/10/20,,bluedart,Delivered
20710,2319,18/05/23,,dhl,Delivered
20711,20130,18/06/21,,fedex,In Transit
20712,12346,06/08/23,,ups,In Transit
20713,21375,15/03/20,,bluedart,Delivered
20714,5557,15/12/21,,fedex,Delivered
20715,8239,04/03/20,,bluedart,Delivered
20716,9077,09/07/22,,fedex,In Transit
20717,665,07/06/23,,fedex,Delivered
20718,20203,29/10/20,,usps,Delivered
20719,11725,07/11/21,,fedex,Delivered
20720,21228,23/01/20,,usps,In Transit
20721,3585,27/10/23,,bluedart,Delivered
20722,21257,04/06/21,,bluedart,Delivered
20723,18660,25/10/20,,usps,In Transit
20724,6892,30/11/22,,usps,Delivered
20725,20005,04/04/20,,ups,Delivered
20726,19715,30/01/21,,dhl,Delivered
20727,8737,18/03/23,,fedex,In Transit
20728,21032,20/11/21,,fedex,Delivered
20729,16314,26/12/21,,fedex,Delivered
20730,21051,21/04/22,,fedex,Delivered
20731,17601,14/11/21,,fedex,In Transit
20732,13183,05/02/23,,ups,Cancelled
20733,12176,22/10/22,,fedex,Delivered
20734,5874,23/08/21,,fedex,In Transit
20735,10313,28/01/21,,fedex,In Transit
20736,21007,20/02/23,,dhl,In Transit
20737,14591,26/11/20,,fedex,Cancelled
20738,4445,16/03/21,,bluedart,Cancelled
20739,20560,31/10/21,,dhl,In Transit
20740,2429,21/01/21,,usps,Delivered
20741,8235,26/03/20,,fedex,Delivered
20742,9918,03/02/23,,fedex,Delivered
20743,17120,15/11/22,,fedex,In Transit
20744,6035,23/03/20,03/04/20,fedex,Returned
20745,6989,22/10/21,,fedex,Delivered
20746,19259,16/05/21,,usps,In Transit
20747,1777,22/06/20,,fedex,Delivered
20748,12093,18/06/22,,ups,Delivered
20749,2625,02/01/23,,fedex,Delivered
20750,13165,09/10/21,,ups,Delivered
20751,7100,01/05/22,,bluedart,Delivered
20752,2603,21/04/23,,dhl,Delivered
20753,16627,26/09/21,,ups,Delivered
20754,21394,06/01/22,,bluedart,In Transit
20755,19850,29/09/20,,fedex,In Transit
20756,4652,29/12/22,,bluedart,Delivered
20757,10697,15/07/22,,fedex,Delivered
20758,14362,12/01/23,,ups,In Transit
20759,16104,03/05/21,,dhl,Delivered
20760,6501,15/11/21,,dhl,In Transit
20761,9412,01/01/21,,dhl,In Transit
20762,17495,26/06/21,,fedex,In Transit
20763,21244,19/03/23,,fedex,Delivered
20764,20362,02/08/21,,fedex,Delivered
20765,17603,20/12/22,,dhl,Delivered
20766,16491,12/03/21,,dhl,Delivered
20767,3888,19/11/21,,dhl,In Transit
20768,3461,13/03/22,,fedex,In Transit
20769,14603,01/02/23,,dhl,Delivered
20770,15892,06/10/21,,ups,In Transit
20771,8029,05/02/21,,bluedart,In Transit
20772,2193,09/12/21,,fedex,Delivered
20773,2609,01/05/23,,usps,Delivered
20774,7445,06/02/20,,fedex,In Transit
20775,15158,28/07/21,,fedex,Delivered
20776,8676,01/07/23,,dhl,Delivered
20777,2980,03/03/22,,bluedart,Delivered
20778,6401,01/11/20,,usps,Delivered
20779,15480,27/06/23,,fedex,Delivered
20780,13863,16/07/23,,dhl,Delivered
20781,2041,12/02/23,,fedex,Delivered
20782,15338,06/02/20,,bluedart,Delivered
20783,57,26/01/22,,fedex,Delivered
20784,17818,31/05/22,,fedex,In Transit
20785,19934,22/05/23,,dhl,Delivered
20786,21053,10/04/23,,ups,Delivered
20787,6910,18/01/23,,fedex,In Transit
20788,6770,11/04/23,,usps,Delivered
20789,4618,25/12/22,,ups,In Transit
20790,3910,10/10/23,,dhl,In Transit
20791,16166,05/12/22,,fedex,Delivered
20792,274,27/12/23,,dhl,Delivered
20793,4577,05/04/21,,fedex,Delivered
20794,10177,10/01/21,,fedex,In Transit
20795,11639,11/12/20,,bluedart,Delivered
20796,20917,10/10/21,,ups,Delivered
20797,14080,09/06/23,,usps,Delivered
20798,836,07/09/22,,fedex,In Transit
20799,16724,09/05/21,,fedex,Delivered
20800,11592,03/11/21,,usps,Delivered
20801,17917,19/02/21,,ups,Delivered
20802,13731,06/10/22,31/10/22,fedex,Returned
20803,530,12/06/20,,fedex,Delivered
20804,14354,20/07/20,,ups,In Transit
20805,4203,22/02/21,,ups,Delivered
20806,21417,25/04/20,,fedex,In Transit
20807,3578,10/04/23,,fedex,In Transit
20808,13646,08/11/22,,fedex,Delivered
20809,8134,25/08/21,,dhl,Delivered
20810,12220,07/06/22,,ups,In Transit
20811,7074,03/04/20,,ups,In Transit
20812,13081,05/12/21,,fedex,Delivered
20813,633,27/05/23,,dhl,Delivered
20814,9206,06/10/23,,dhl,Delivered
20815,10114,03/09/23,,bluedart,In Transit
20816,12386,22/07/20,,dhl,Delivered
20817,17125,25/06/23,,dhl,In Transit
20818,6232,24/12/21,,bluedart,Delivered
20819,16732,04/02/23,,bluedart,Cancelled
20820,6626,21/04/20,,dhl,In Transit
20821,6500,19/05/21,,dhl,In Transit
20822,11067,02/08/21,,dhl,In Transit
20823,21269,30/01/23,,fedex,Delivered
20824,4028,20/03/20,,fedex,Delivered
20825,17071,03/03/20,,fedex,In Transit
20826,3424,17/03/23,,usps,Delivered
20827,16972,28/10/22,,fedex,In Transit
20828,19726,22/02/21,,fedex,Delivered
20829,16621,08/07/20,,fedex,In Transit
20830,13500,21/09/20,,fedex,Delivered
20831,11291,20/04/23,,fedex,In Transit
20832,20207,03/03/21,,usps,Delivered
20833,16795,05/01/21,,usps,In Transit
20834,9840,12/03/20,,usps,Delivered
20835,5302,05/02/23,13/02/23,dhl,Returned
20836,21017,02/12/20,,fedex,Delivered
20837,8873,05/05/23,,usps,Delivered
20838,3987,11/02/20,,dhl,In Transit
20839,8725,08/08/23,,ups,Delivered
20840,3953,23/07/23,,dhl,Delivered
20841,12728,25/12/21,,dhl,Delivered
20842,6061,20/06/23,,dhl,Cancelled
20843,10284,18/09/23,,fedex,Delivered
20844,13442,15/09/22,,usps,Delivered
20845,7739,06/07/20,,fedex,Delivered
20846,6423,08/04/21,,fedex,In Transit
20847,2728,31/10/23,,bluedart,Delivered
20848,7887,13/05/22,,usps,Delivered
20849,6842,20/02/23,,dhl,In Transit
20850,7232,29/11/20,,ups,In Transit
20851,1770,08/08/22,,fedex,Delivered
20852,14311,18/05/23,,fedex,In Transit
20853,17177,11/06/23,,dhl,In Transit
20854,456,29/04/22,,dhl,In Transit
20855,5214,04/01/20,,fedex,In Transit
20856,7117,05/06/20,,fedex,Cancelled
20857,5428,13/04/23,,dhl,Delivered
20858,21538,26/02/22,,dhl,In Transit
20859,5017,04/01/20,,fedex,Delivered
20860,21229,15/07/20,,fedex,In Transit
20861,8298,19/02/20,,dhl,Delivered
20862,1435,26/07/22,,fedex,In Transit
20863,1786,06/01/21,,fedex,Delivered
20864,21203,05/04/23,,fedex,Delivered
20865,18977,07/11/22,,fedex,In Transit
20866,2178,17/11/21,,ups,Delivered
20867,6358,07/08/21,,usps,Delivered
20868,20289,27/04/20,,fedex,Delivered
20869,8962,03/07/23,,usps,In Transit
20870,9883,24/11/23,,dhl,In Transit
20871,6406,07/02/23,,usps,In Transit
20872,5967,25/09/23,,fedex,Delivered
20873,11520,18/11/22,,ups,In Transit
20874,18697,14/11/21,,dhl,Delivered
20875,344,11/10/20,,dhl,Delivered
20876,20167,30/07/21,,ups,In Transit
20877,20248,11/08/23,,dhl,In Transit
20878,11297,14/10/21,,fedex,Delivered
20879,2150,07/09/21,,fedex,Delivered
20880,2738,01/09/21,,fedex,In Transit
20881,21003,28/08/21,,fedex,In Transit
20882,8054,29/11/21,,fedex,In Transit
20883,19348,21/12/21,,usps,In Transit
20884,18346,10/08/20,,fedex,Delivered
20885,5281,14/05/23,,fedex,Delivered
20886,2912,29/11/23,,fedex,Delivered
20887,20504,11/12/23,,usps,Delivered
20888,13611,01/01/23,,ups,Delivered
20889,5416,21/05/21,,dhl,In Transit
20890,15228,01/04/22,,usps,Delivered
20891,17395,02/01/21,,fedex,Delivered
20892,13402,24/09/21,,fedex,In Transit
20893,19120,24/10/22,,ups,In Transit
20894,20982,16/07/21,,fedex,Delivered
20895,13160,05/11/21,,bluedart,Cancelled
20896,6999,29/10/21,,bluedart,Delivered
20897,7884,30/12/23,,dhl,Delivered
20898,10994,10/01/20,,fedex,In Transit
20899,14806,16/02/21,,dhl,In Transit
20900,7139,11/10/21,,dhl,In Transit
20901,1282,09/07/21,,fedex,Delivered
20902,7131,13/06/20,,fedex,Delivered
20903,18444,06/08/23,,dhl,In Transit
20904,8551,04/09/20,,bluedart,Delivered
20905,3134,09/01/21,,bluedart,Cancelled
20906,13765,27/07/20,,fedex,Delivered
20907,12601,27/07/20,,fedex,Delivered
20908,1454,31/01/22,,fedex,Delivered
20909,6614,19/01/23,,fedex,Delivered
20910,4951,25/08/20,,ups,Delivered
20911,8335,06/03/22,,bluedart,In Transit
20912,1367,05/05/20,,ups,Delivered
20913,2210,02/06/21,,bluedart,In Transit
20914,20700,27/08/22,,usps,Delivered
20915,15707,04/11/20,,dhl,In Transit
20916,2493,28/06/23,,bluedart,Delivered
20917,18632,09/10/23,,bluedart,Cancelled
20918,11667,23/04/22,,fedex,Delivered
20919,16533,30/01/20,08/02/20,fedex,Returned
20920,15107,26/03/20,,ups,Delivered
20921,8565,14/06/20,,fedex,Delivered
20922,7555,29/03/20,,fedex,Delivered
20923,5083,17/04/22,,fedex,Delivered
20924,18923,06/07/21,,bluedart,Delivered
20925,38,13/06/23,,dhl,In Transit
20926,12368,23/01/22,,fedex,In Transit
20927,14636,06/05/21,,dhl,Delivered
20928,17249,09/08/23,,fedex,Delivered
20929,6578,10/01/21,,dhl,Delivered
20930,5556,14/10/21,,bluedart,Delivered
20931,5261,26/12/22,,fedex,Delivered
20932,13228,11/10/22,,ups,Delivered
20933,8975,08/01/22,,usps,Delivered
20934,7326,20/11/22,,fedex,In Transit
20935,819,04/01/20,,fedex,In Transit
20936,9617,03/09/21,,fedex,Delivered
20937,11439,06/09/20,,dhl,Delivered
20938,102,13/06/22,,fedex,Delivered
20939,7461,26/05/21,,dhl,Cancelled
20940,6473,13/11/21,,fedex,In Transit
20941,18748,25/01/23,,fedex,In Transit
20942,19218,03/11/20,,usps,In Transit
20943,2029,06/09/20,,dhl,In Transit
20944,19262,30/07/23,,bluedart,In Transit
20945,16513,21/03/22,,fedex,In Transit
20946,15185,23/05/23,,dhl,Cancelled
20947,7657,12/06/23,,dhl,Delivered
20948,727,30/04/20,,bluedart,Delivered
20949,657,13/02/21,,usps,Delivered
20950,8016,25/03/21,,fedex,Cancelled
20951,21443,01/05/20,,dhl,Delivered
20952,2062,15/02/22,,dhl,Delivered
20953,1467,12/04/21,,fedex,Delivered
20954,19772,15/04/20,,dhl,Delivered
20955,13308,13/12/23,,ups,Delivered
20956,1151,17/01/21,,usps,Delivered
20957,14371,01/02/22,,usps,Delivered
20958,3915,06/09/23,,dhl,Delivered
20959,13058,20/05/20,25/05/20,bluedart,Returned
20960,3366,02/06/23,,fedex,In Transit
20961,4567,22/01/21,,dhl,Delivered
20962,8415,24/08/22,,fedex,Delivered
20963,8345,05/03/23,,bluedart,In Transit
20964,8429,26/04/22,,usps,Delivered
20965,8006,21/02/22,,ups,Delivered
20966,14699,10/08/21,,ups,Delivered
20967,17185,07/09/21,,fedex,Delivered
20968,4913,17/06/20,,ups,In Transit
20969,14492,06/09/20,,ups,Delivered
20970,14607,12/12/20,,fedex,In Transit
20971,16260,11/11/20,,fedex,Delivered
20972,15385,20/05/21,,bluedart,Delivered
20973,4506,02/10/21,,dhl,Delivered
20974,17572,13/04/20,,bluedart,Delivered
20975,16114,19/02/21,,bluedart,Delivered
20976,8964,15/05/20,,bluedart,Cancelled
20977,5299,11/01/22,,usps,Delivered
20978,15943,20/05/20,,fedex,Delivered
20979,12657,19/10/20,,usps,In Transit
20980,17401,28/11/21,,ups,Cancelled
20981,20791,16/07/21,,fedex,Delivered
20982,10828,08/10/23,,dhl,In Transit
20983,1818,06/05/21,,fedex,Delivered
20984,18095,19/03/23,,ups,Delivered
20985,6329,07/04/22,,dhl,In Transit
20986,4675,30/04/23,,dhl,Delivered
20987,17645,07/11/20,,bluedart,In Transit
20988,7538,08/07/20,,usps,Delivered
20989,21450,06/03/20,,bluedart,In Transit
20990,5863,01/01/21,,fedex,In Transit
20991,6403,05/01/20,,ups,Delivered
20992,15553,22/10/22,,fedex,Cancelled
20993,17312,12/08/20,,fedex,Delivered
20994,17446,28/05/20,,dhl,Delivered
20995,5881,14/12/22,,bluedart,Delivered
20996,3572,05/10/20,,ups,Cancelled
20997,17004,09/02/23,,fedex,In Transit
20998,10579,10/09/21,,fedex,In Transit
20999,11928,18/03/22,,dhl,Cancelled
21000,8041,24/10/22,,fedex,Delivered
21001,4483,03/06/20,,usps,In Transit
21002,2744,12/02/22,,dhl,Delivered
21003,21392,18/06/22,,dhl,Cancelled
21004,10635,29/07/22,,fedex,Cancelled
21005,21474,10/04/22,,dhl,Delivered
21006,4114,16/05/23,,ups,Delivered
21007,7292,22/09/22,,fedex,In Transit
21008,17487,11/01/20,,ups,In Transit
21009,4922,22/09/23,,bluedart,Delivered
21010,1665,30/06/23,,fedex,In Transit
21011,19987,09/06/23,,fedex,Delivered
21012,14662,19/07/23,,fedex,In Transit
21013,19230,01/02/21,,fedex,In Transit
21014,7239,31/10/21,,fedex,Delivered
21015,3206,25/05/23,,bluedart,In Transit
21016,19833,02/03/22,,ups,Delivered
21017,1403,24/11/23,,fedex,Delivered
21018,21195,03/05/22,,bluedart,In Transit
21019,7023,29/03/23,,fedex,Delivered
21020,20403,13/08/23,,fedex,In Transit
21021,573,19/07/23,,dhl,Cancelled
21022,15644,06/02/23,,fedex,Delivered
21023,1213,02/04/20,,fedex,Delivered
21024,6688,09/03/22,,fedex,In Transit
21025,12356,01/10/21,19/10/21,bluedart,Returned
21026,19559,06/02/23,,fedex,In Transit
21027,8780,27/05/23,,usps,Cancelled
21028,17900,10/06/23,,bluedart,Delivered
21029,19459,10/10/23,,bluedart,Delivered
21030,11582,23/03/23,,dhl,In Transit
21031,11159,17/10/23,,dhl,In Transit
21032,10630,07/08/20,,fedex,In Transit
21033,6415,26/08/20,,ups,Delivered
21034,9291,28/12/22,,fedex,Delivered
21035,3962,27/06/23,,dhl,Delivered
21036,644,24/06/22,,fedex,Delivered
21037,11962,26/03/23,,fedex,In Transit
21038,14795,26/09/22,,dhl,Delivered
21039,1554,13/09/20,,fedex,Delivered
21040,15199,02/08/21,,bluedart,Delivered
21041,20780,20/01/22,,fedex,Delivered
21042,441,19/04/23,,fedex,Delivered
21043,6462,11/03/22,,fedex,Delivered
21044,10662,22/01/23,,ups,Delivered
21045,17511,20/07/21,,dhl,In Transit
21046,7565,13/03/22,,bluedart,In Transit
21047,9909,13/03/23,,usps,Delivered
21048,17661,10/09/20,,fedex,In Transit
21049,17118,26/09/23,,dhl,In Transit
21050,17084,03/03/22,,fedex,In Transit
21051,5665,05/04/22,,bluedart,In Transit
21052,18875,23/03/22,,dhl,Cancelled
21053,21157,30/11/23,,fedex,In Transit
21054,17697,09/07/20,,fedex,Delivered
21055,16305,30/07/23,,fedex,Delivered
21056,414,19/02/21,,bluedart,Delivered
21057,16569,01/05/20,,fedex,Delivered
21058,21471,08/07/23,,fedex,Delivered
21059,18379,05/08/21,,ups,In Transit
21060,5431,10/01/22,,dhl,Delivered
21061,415,22/06/22,,fedex,In Transit
21062,20813,19/03/20,,bluedart,Delivered
21063,8952,14/07/20,,usps,In Transit
21064,16700,12/11/22,,fedex,Delivered
21065,6131,21/12/21,,usps,Delivered
21066,11069,09/07/20,,ups,Delivered
21067,5483,22/09/22,,bluedart,Delivered
21068,18981,13/05/20,,usps,In Transit
21069,12792,06/01/23,,fedex,In Transit
21070,15366,18/08/22,,fedex,Delivered
21071,12244,19/05/21,,fedex,Delivered
21072,18315,17/01/22,,dhl,In Transit
21073,10699,14/04/20,,fedex,In Transit
21074,15035,20/03/22,,fedex,In Transit
21075,5758,11/08/20,,dhl,Delivered
21076,2795,31/07/20,,fedex,In Transit
21077,21444,08/12/21,,dhl,In Transit
21078,21002,19/06/22,,dhl,In Transit
21079,19854,28/12/22,,dhl,In Transit
21080,5718,15/04/20,,fedex,In Transit
21081,18908,17/02/20,,fedex,Delivered
21082,2303,10/01/23,,fedex,In Transit
21083,17961,08/02/21,,fedex,Delivered
21084,12821,24/01/20,,dhl,Delivered
21085,4461,14/08/20,,fedex,Delivered
21086,4394,25/09/21,,fedex,In Transit
21087,11391,29/08/20,,bluedart,Delivered
21088,12762,20/03/20,,fedex,Delivered
21089,1531,25/09/22,,ups,Delivered
21090,5100,07/10/23,21/10/23,dhl,Returned
21091,2201,24/08/22,,dhl,In Transit
21092,7815,15/02/22,,fedex,Delivered
21093,11032,10/08/23,,fedex,In Transit
21094,134,21/07/23,,bluedart,In Transit
21095,7892,22/07/21,,fedex,Cancelled
21096,19264,04/09/23,,dhl,In Transit
21097,17778,08/10/22,,bluedart,In Transit
21098,8808,23/03/22,,fedex,In Transit
21099,3276,03/03/23,,fedex,In Transit
21100,16059,17/10/23,,fedex,Delivered
21101,15016,28/07/22,,bluedart,In Transit
21102,19413,14/03/20,,usps,Delivered
21103,3797,10/01/20,,usps,Delivered
21104,4151,22/07/22,,ups,In Transit
21105,9337,03/08/23,,dhl,Delivered
21106,15101,30/08/20,,fedex,Delivered
21107,4276,03/05/22,,fedex,In Transit
21108,17725,20/07/21,,fedex,In Transit
21109,20972,08/02/21,,fedex,Delivered
21110,855,25/12/23,,ups,Delivered
21111,10625,22/10/21,,usps,Delivered
21112,10423,25/02/22,,usps,In Transit
21113,8419,27/01/21,,bluedart,In Transit
21114,3813,10/06/21,,fedex,In Transit
21115,7352,30/10/20,,fedex,Delivered
21116,11445,07/12/20,,fedex,In Transit
21117,4617,09/03/20,,dhl,Delivered
21118,7021,29/02/20,,fedex,In Transit
21119,9029,27/04/20,,fedex,Delivered
21120,15389,04/03/22,,ups,In Transit
21121,16397,09/10/20,,fedex,Delivered
21122,18205,25/04/20,,fedex,In Transit
21123,9301,07/01/20,,bluedart,In Transit
21124,7611,16/12/21,,dhl,Delivered
21125,14489,17/07/23,,fedex,In Transit
21126,11537,11/11/21,,dhl,Delivered
21127,12449,07/07/21,,dhl,In Transit
21128,20117,22/01/21,,dhl,In Transit
21129,20617,06/12/20,,bluedart,In Transit
21130,8211,18/04/20,,bluedart,In Transit
21131,6222,05/02/21,,dhl,In Transit
21132,20041,21/05/23,,bluedart,Delivered
21133,916,24/11/20,,ups,In Transit
21134,17076,12/08/21,,bluedart,In Transit
21135,3365,28/08/20,,dhl,Delivered
21136,13180,19/11/23,,bluedart,In Transit
21137,7206,05/03/22,,usps,Delivered
21138,13638,03/08/20,,dhl,Delivered
21139,1010,04/05/20,,fedex,In Transit
21140,21162,05/03/20,,dhl,Delivered
21141,11043,29/08/23,,dhl,Delivered
21142,14138,30/01/22,,fedex,Delivered
21143,11298,30/07/22,,fedex,In Transit
21144,5995,06/12/23,,fedex,Delivered
21145,13752,21/10/23,,dhl,Delivered
21146,16155,28/01/21,,fedex,Delivered
21147,17187,22/06/22,,dhl,Delivered
21148,17166,25/07/23,,ups,Delivered
21149,20746,19/08/20,,fedex,Delivered
21150,10416,06/09/20,,fedex,In Transit
21151,7968,30/04/21,,usps,In Transit
21152,16052,24/02/23,,dhl,Cancelled
21153,1823,28/04/21,,fedex,Delivered
21154,20852,16/11/20,,dhl,Delivered
21155,15601,13/01/23,,dhl,Cancelled
21156,17436,18/02/21,,dhl,In Transit
21157,17828,09/05/21,,bluedart,In Transit
21158,14563,16/08/23,,fedex,Cancelled
21159,145,26/08/22,,dhl,Cancelled
21160,8592,05/08/23,,ups,Delivered
21161,12496,21/11/20,,fedex,Delivered
21162,7543,29/06/23,,usps,In Transit
21163,14161,23/08/20,,bluedart,In Transit
21164,13564,24/11/21,,fedex,In Transit
21165,18574,20/01/22,,ups,Delivered
21166,16484,25/08/22,,dhl,Cancelled
21167,9963,21/09/23,01/10/23,usps,Returned
21168,12372,17/09/23,,dhl,In Transit
21169,14838,13/06/23,,dhl,In Transit
21170,15867,19/02/23,,ups,Delivered
21171,15583,27/08/22,,fedex,Delivered
21172,19958,13/09/23,,fedex,In Transit
21173,9382,29/01/21,,ups,Delivered
21174,7568,23/07/20,,fedex,Delivered
21175,4509,15/02/20,,fedex,In Transit
21176,20804,17/06/21,,usps,In Transit
21177,16360,06/09/21,,fedex,Delivered
21178,5422,08/08/20,,dhl,In Transit
21179,18658,06/10/22,,dhl,In Transit
21180,5241,08/05/23,,fedex,In Transit
21181,19025,24/06/20,,usps,In Transit
21182,7304,19/07/20,,dhl,In Transit
21183,5684,31/07/21,,ups,Delivered
21184,17690,01/09/23,,bluedart,Delivered
21185,9960,05/07/22,,fedex,In Transit
21186,7434,20/08/20,,fedex,Delivered
21187,14993,11/07/22,,bluedart,In Transit
21188,18500,26/02/23,,bluedart,Delivered
21189,6983,08/01/21,,fedex,In Transit
21190,15964,10/09/21,,bluedart,Delivered
21191,7432,17/08/20,,dhl,In Transit
21192,2935,07/09/20,,fedex,Delivered
21193,8550,22/08/23,,dhl,In Transit
21194,16744,19/11/23,,ups,In Transit
21195,11168,03/05/23,,fedex,Delivered
21196,6698,09/09/21,,ups,Delivered
21197,11191,06/09/23,,fedex,In Transit
21198,934,01/12/20,,fedex,Delivered
21199,16510,21/04/21,,dhl,Cancelled
21200,15286,25/06/22,,fedex,In Transit
21201,5662,27/12/23,,fedex,Delivered
21202,580,24/11/21,,fedex,In Transit
21203,16911,08/11/23,,ups,In Transit
21204,16295,26/12/22,,fedex,Delivered
21205,244,02/01/22,,dhl,Delivered
21206,12057,06/04/22,,fedex,Cancelled
21207,9748,07/05/23,,fedex,Cancelled
21208,8247,25/05/20,,ups,Cancelled
21209,10212,09/04/22,,dhl,In Transit
21210,4266,25/09/21,,dhl,Delivered
21211,6314,18/12/21,,fedex,Delivered
21212,16733,04/04/21,,fedex,In Transit
21213,14057,14/03/23,,dhl,In Transit
21214,18599,03/12/20,,fedex,Delivered
21215,7347,22/06/20,,fedex,In Transit
21216,18440,30/09/21,,usps,In Transit
21217,14128,24/10/22,,fedex,In Transit
21218,6139,31/10/20,,fedex,Delivered
21219,7703,26/01/21,,fedex,Delivered
21220,8425,25/05/22,,fedex,In Transit
21221,14685,07/06/20,,usps,Delivered
21222,10938,03/01/24,,fedex,Cancelled
21223,12201,07/03/21,,fedex,Cancelled
21224,21482,04/03/22,,fedex,In Transit
21225,18304,03/06/23,,ups,In Transit
21226,2808,20/11/23,,dhl,Cancelled
21227,3500,20/05/23,,fedex,Delivered
21228,8978,31/08/22,,usps,In Transit
21229,11568,21/05/22,,ups,Delivered
21230,20088,22/06/21,,fedex,Delivered
21231,17614,20/07/22,,bluedart,Delivered
21232,15502,06/09/20,,dhl,Delivered
21233,8850,15/06/22,,fedex,In Transit
21234,14602,25/03/21,,dhl,Delivered
21235,4556,21/08/20,,fedex,Cancelled
21236,74,13/08/20,,bluedart,Delivered
21237,4212,03/06/20,,bluedart,Delivered
21238,4458,13/04/20,,fedex,Delivered
21239,7205,03/11/21,,fedex,Delivered
21240,9256,25/11/21,,fedex,In Transit
21241,6237,14/04/21,,fedex,Delivered
21242,12957,26/07/21,,fedex,Delivered
21243,11230,25/01/20,03/02/20,fedex,Returned
21244,6364,05/11/21,19/11/21,usps,Returned
21245,12288,09/07/23,,ups,In Transit
21246,11464,10/10/23,,ups,Delivered
21247,11152,29/08/23,,dhl,Delivered
21248,15256,06/02/22,,fedex,In Transit
21249,5600,14/10/23,,fedex,In Transit
21250,19597,24/02/20,,fedex,In Transit
21251,3644,19/06/23,,fedex,Delivered
21252,17483,05/11/21,,bluedart,In Transit
21253,16184,28/07/23,,usps,Delivered
21254,15023,07/05/20,,ups,Delivered
21255,13733,02/08/23,,dhl,Delivered
21256,6159,06/07/22,,usps,Delivered
21257,9881,15/07/23,,dhl,Delivered
21258,1856,22/06/23,,fedex,Delivered
21259,21067,18/11/23,,usps,Cancelled
21260,16215,22/04/22,,dhl,In Transit
21261,11703,27/03/21,,fedex,Cancelled
21262,9098,30/09/20,10/10/20,ups,Returned
21263,20127,21/06/23,,bluedart,In Transit
21264,16481,19/07/23,,dhl,In Transit
21265,16433,09/03/23,,usps,In Transit
21266,6133,25/02/23,,ups,Delivered
21267,13476,04/05/22,,fedex,Delivered
21268,19533,20/07/23,,fedex,In Transit
21269,14693,16/10/20,,dhl,Delivered
21270,7819,14/11/21,,fedex,Cancelled
21271,14241,03/02/21,,dhl,Delivered
21272,35,22/08/22,,fedex,In Transit
21273,2691,30/11/21,,dhl,In Transit
21274,1249,09/08/20,,usps,In Transit
21275,634,30/10/22,,ups,Delivered
21276,9307,11/03/21,,bluedart,Delivered
21277,20818,20/03/22,,fedex,In Transit
21278,5969,25/10/21,,dhl,Delivered
21279,17453,28/05/20,,fedex,In Transit
21280,725,10/04/22,,ups,In Transit
21281,4935,06/03/23,,fedex,Delivered
21282,2409,07/05/21,,dhl,In Transit
21283,21440,11/05/20,,fedex,Cancelled
21284,9747,12/05/22,,fedex,In Transit
21285,2969,09/07/20,,usps,Delivered
21286,8756,23/03/21,,fedex,Delivered
21287,3948,01/06/20,,bluedart,Delivered
21288,9145,29/01/21,,fedex,Delivered
21289,3108,07/09/21,,fedex,Delivered
21290,16210,26/11/21,,fedex,Delivered
21291,4708,19/08/22,,fedex,Delivered
21292,12506,10/01/22,,fedex,Delivered
21293,16764,07/01/21,,bluedart,Delivered
21294,20228,08/10/21,,ups,Delivered
21295,12488,16/08/22,,usps,Delivered
21296,14513,01/08/21,,fedex,Delivered
21297,14625,02/07/23,,fedex,Delivered
21298,20455,27/02/20,,dhl,Cancelled
21299,4677,19/06/21,,fedex,In Transit
21300,12084,12/03/23,,fedex,Delivered
21301,13658,25/09/20,,fedex,In Transit
21302,5853,12/05/21,,dhl,Delivered
21303,3330,02/05/22,,fedex,In Transit
21304,9324,25/03/23,,fedex,Delivered
21305,9127,10/11/21,,bluedart,In Transit
21306,12295,26/07/20,,fedex,Delivered
21307,12888,14/08/21,,usps,Delivered
21308,3499,09/11/22,,usps,Delivered
21309,5311,19/02/23,,ups,Cancelled
21310,5710,26/06/23,,fedex,Delivered
21311,3214,15/06/23,,dhl,Cancelled
21312,13830,15/06/22,,dhl,Delivered
21313,9435,26/07/20,,dhl,Delivered
21314,20410,10/12/20,,fedex,In Transit
21315,19024,23/12/20,,fedex,Delivered
21316,11062,17/05/22,,dhl,In Transit
21317,5688,25/11/20,,dhl,Delivered
21318,19892,20/03/22,,ups,Delivered
21319,17430,07/05/23,,dhl,Delivered
21320,16909,07/09/23,,usps,Delivered
21321,20914,26/07/23,13/08/23,ups,Returned
21322,15569,15/04/21,,dhl,In Transit
21323,9346,21/05/20,,bluedart,In Transit
21324,1387,17/11/22,,dhl,Cancelled
21325,9862,08/07/21,,bluedart,Delivered
21326,17865,07/09/20,,dhl,Delivered
21327,5197,01/06/23,,fedex,Delivered
21328,6176,20/08/21,,ups,In Transit
21329,18795,11/05/22,,bluedart,Delivered
21330,9625,09/08/21,,fedex,Delivered
21331,11214,24/12/21,,ups,Delivered
21332,1425,22/09/20,,fedex,Delivered
21333,11995,18/08/20,,fedex,Delivered
21334,4392,03/07/21,,fedex,Delivered
21335,11376,27/10/23,,fedex,Delivered
21336,14495,03/01/21,,bluedart,Delivered
21337,17178,05/04/22,,fedex,In Transit
21338,16371,05/06/21,,fedex,In Transit
21339,21161,11/10/23,,fedex,Delivered
21340,19451,21/04/20,,fedex,Delivered
21341,7717,02/08/20,,bluedart,Cancelled
21342,3353,12/09/21,,dhl,Delivered
21343,1251,05/02/21,,fedex,Delivered
21344,11603,02/09/20,,fedex,Delivered
21345,751,12/10/20,,ups,In Transit
21346,21191,01/09/22,,fedex,Delivered
21347,20437,05/01/22,,bluedart,Delivered
21348,8372,26/03/20,,fedex,In Transit
21349,5813,08/01/21,,dhl,Delivered
21350,12928,05/05/23,,fedex,Delivered
21351,6233,06/04/21,,ups,Delivered
21352,13522,27/08/20,,fedex,Delivered
21353,5031,05/04/23,,bluedart,Delivered
21354,20776,01/01/24,,fedex,Delivered
21355,16132,29/01/20,,usps,Delivered
21356,17152,17/03/22,,fedex,In Transit
21357,3914,01/02/23,,fedex,Delivered
21358,13508,18/09/22,,bluedart,In Transit
21359,4623,23/09/23,,ups,In Transit
21360,11035,23/03/20,,usps,In Transit
21361,17045,04/12/22,,fedex,In Transit
21362,6352,28/03/21,05/04/21,ups,Returned
21363,11399,19/08/21,,dhl,Delivered
21364,13701,20/11/21,,fedex,In Transit
21365,16612,30/07/22,13/08/22,fedex,Returned
21366,18940,28/10/23,,bluedart,Delivered
21367,2650,03/10/20,,ups,In Transit
21368,3523,06/02/20,,fedex,Delivered
21369,15263,24/11/23,,bluedart,Cancelled
21370,17369,11/03/20,,dhl,Delivered
21371,14954,09/12/23,19/12/23,bluedart,Returned
21372,19876,03/04/22,,fedex,In Transit
21373,5519,20/02/20,,usps,Delivered
21374,21398,10/04/20,,usps,Delivered
21375,7737,09/07/23,,fedex,Delivered
21376,9269,22/12/20,,fedex,In Transit
21377,17532,02/02/22,,usps,Delivered
21378,15854,14/05/20,,fedex,In Transit
21379,4124,09/12/20,,fedex,Delivered
21380,11837,30/03/20,,fedex,Cancelled
21381,13570,15/05/22,,bluedart,Delivered
21382,386,18/06/20,,ups,In Transit
21383,8924,26/11/22,,ups,Delivered
21384,8898,04/12/23,,fedex,Delivered
21385,8679,02/01/20,20/01/20,fedex,Returned
21386,16474,08/12/23,,bluedart,In Transit
21387,20557,29/01/23,,ups,Delivered
21388,14462,16/12/21,,dhl,In Transit
21389,10817,06/05/23,,fedex,Delivered
21390,11106,10/12/21,,bluedart,In Transit
21391,18123,25/03/21,,dhl,Delivered
21392,13494,14/10/21,31/10/21,fedex,Returned
21393,20119,02/07/22,,bluedart,In Transit
21394,1600,27/01/22,,fedex,Delivered
21395,16023,29/06/21,,fedex,Delivered
21396,1516,19/12/20,,dhl,Delivered
21397,17648,22/04/23,,bluedart,Delivered
21398,3166,15/01/22,,bluedart,In Transit
21399,3998,24/08/21,,fedex,In Transit
21400,6843,01/06/23,,bluedart,Delivered
21401,640,26/05/21,,dhl,Delivered
21402,7387,23/05/23,,fedex,In Transit
21403,12505,20/01/22,,dhl,Delivered
21404,8684,13/07/21,,fedex,In Transit
21405,18887,31/01/21,,fedex,Delivered
21406,13089,13/05/23,,ups,Delivered
21407,11139,05/05/23,,dhl,In Transit
21408,18519,11/06/23,,fedex,Delivered
21409,20435,26/01/23,,ups,Delivered
21410,4779,06/03/20,31/03/20,bluedart,Returned
21411,20546,07/04/20,,fedex,In Transit
21412,18156,16/04/21,,fedex,Cancelled
21413,21083,08/03/23,,usps,Delivered
21414,9102,21/07/21,,fedex,Delivered
21415,10186,02/05/23,,fedex,In Transit
21416,4315,23/03/21,,dhl,In Transit
21417,365,20/12/23,,fedex,Delivered
21418,2699,20/02/20,,ups,Delivered
21419,7954,07/06/22,,dhl,Delivered
21420,20522,30/09/23,,fedex,Delivered
21421,4435,01/03/23,,ups,In Transit
21422,17588,28/02/20,,ups,Delivered
21423,3257,18/09/23,,dhl,In Transit
21424,19020,26/09/21,,bluedart,In Transit
21425,19921,02/05/22,,dhl,In Transit
21426,13416,01/04/21,,fedex,In Transit
21427,20145,07/07/22,,usps,Delivered
21428,19380,10/11/20,,fedex,In Transit
21429,2192,12/06/23,,dhl,Delivered
21430,4384,06/01/23,,fedex,In Transit
21431,10750,11/12/21,,ups,Delivered
21432,13313,31/08/22,,ups,Delivered
21433,283,26/10/23,,dhl,In Transit
21434,7216,27/07/21,,bluedart,In Transit
21435,10743,13/04/21,,fedex,Delivered
21436,12738,07/08/22,,fedex,Delivered
21437,4843,25/12/21,,ups,Cancelled
21438,18147,05/08/23,,dhl,Delivered
21439,2679,12/10/20,,bluedart,Delivered
21440,8715,12/05/20,,fedex,Delivered
21441,11884,02/10/22,10/10/22,fedex,Returned
21442,2730,12/11/21,,bluedart,Delivered
21443,2044,27/03/23,,fedex,Delivered
21444,12500,07/08/20,,bluedart,Delivered
21445,8064,10/11/20,,fedex,In Transit
21446,12625,18/07/20,,bluedart,Cancelled
21447,1426,11/07/20,,fedex,Delivered
21448,18538,11/08/21,,ups,Delivered
21449,12382,03/03/22,,dhl,In Transit
21450,15170,02/09/22,,ups,Delivered
21451,13249,20/02/22,,fedex,In Transit
21452,1743,18/03/21,,bluedart,Cancelled
21453,19455,10/07/23,,fedex,Delivered
21454,12486,23/09/20,,fedex,In Transit
21455,17246,05/04/20,,fedex,Delivered
21456,14749,13/09/23,,bluedart,Delivered
21457,10312,30/01/23,,ups,In Transit
21458,9245,20/07/22,,fedex,Delivered
21459,21383,28/06/22,,fedex,Delivered
21460,18684,25/05/23,,fedex,Delivered
21461,12135,30/11/22,,fedex,Delivered
21462,20358,31/08/22,,bluedart,In Transit
21463,2800,29/07/23,,dhl,In Transit
21464,1614,10/11/21,,fedex,Cancelled
21465,2028,22/12/23,,dhl,In Transit
21466,7392,18/05/22,,fedex,In Transit
21467,7511,06/06/23,,fedex,Delivered
21468,18825,14/11/20,,fedex,In Transit
21469,7634,18/09/22,,fedex,In Transit
21470,1860,15/09/21,,fedex,Cancelled
21471,19263,26/08/20,02/09/20,ups,Returned
21472,21353,27/04/22,,ups,Delivered
21473,15305,06/10/23,,ups,Delivered
21474,20985,17/07/20,,fedex,In Transit
21475,1094,15/06/21,,dhl,Delivered
21476,19349,28/03/22,,bluedart,In Transit
21477,13524,19/11/21,,fedex,Delivered
21478,36,10/02/22,,dhl,Delivered
21479,17653,31/08/21,,dhl,Delivered
21480,17049,08/09/20,,fedex,Delivered
21481,12838,13/11/20,,fedex,In Transit
21482,7072,19/04/20,,dhl,Delivered
21483,18833,06/10/22,,dhl,Delivered
21484,14350,13/04/22,,fedex,Delivered
21485,11941,29/11/22,,fedex,In Transit
21486,10531,19/11/23,,fedex,Cancelled
21487,7670,08/04/22,,dhl,Delivered
21488,13595,07/03/23,,bluedart,Delivered
21489,21005,02/10/20,,fedex,In Transit
21490,19334,28/09/22,,dhl,In Transit
21491,10523,07/08/22,,fedex,In Transit
21492,2368,13/05/20,,usps,Delivered
21493,986,22/05/20,,fedex,Delivered
21494,17221,21/12/22,,fedex,Delivered
21495,5337,04/06/21,,fedex,Delivered
21496,12360,27/09/20,,bluedart,Delivered
21497,13181,02/08/23,,fedex,In Transit
21498,12524,08/08/21,,dhl,In Transit
21499,9090,08/07/22,21/07/22,fedex,Returned
21500,21289,01/09/21,,dhl,Delivered
21501,12744,16/12/22,,dhl,Delivered
21502,14641,30/01/22,,fedex,Delivered
21503,2711,12/01/21,,bluedart,Delivered
21504,5364,28/12/20,,usps,In Transit
21505,19753,29/12/21,,dhl,In Transit
21506,12853,22/01/20,,fedex,Delivered
21507,4335,26/10/20,,fedex,Delivered
21508,2120,24/08/23,,ups,Delivered
21509,3003,07/11/22,,usps,Delivered
21510,2066,20/08/23,,ups,Delivered
21511,7026,12/07/20,,usps,In Transit
21512,20011,04/02/22,,fedex,Delivered
21513,5730,21/12/20,,usps,In Transit
21514,3116,27/12/21,,fedex,In Transit
21515,15716,30/11/21,,fedex,In Transit
21516,8608,30/09/20,,fedex,Delivered
21517,19583,04/07/21,,fedex,In Transit
21518,744,14/07/23,,bluedart,Delivered
21519,4872,08/01/22,,fedex,Delivered
21520,907,25/08/21,,fedex,Delivered
21521,16181,28/12/22,,fedex,In Transit
21522,7376,21/10/22,,dhl,Delivered
21523,16994,21/06/23,,dhl,In Transit
21524,20564,22/04/22,,usps,Delivered
21525,21135,18/01/22,,fedex,In Transit
21526,7941,10/03/23,,bluedart,Delivered
21527,8871,04/03/21,,fedex,In Transit
21528,10793,02/02/20,,bluedart,Delivered
21529,6570,05/08/22,,dhl,Delivered
21530,14390,22/04/21,,bluedart,Delivered
21531,14908,03/01/21,,usps,In Transit
21532,9122,13/02/20,,dhl,Delivered
21533,20293,05/08/20,,fedex,Delivered
21534,11871,08/08/21,,dhl,In Transit
21535,18872,07/01/23,,fedex,In Transit
21536,20450,13/08/21,,fedex,Delivered
21537,97,15/12/20,,fedex,Cancelled
21538,3367,21/02/20,,dhl,In Transit
21539,13148,18/04/22,,fedex,Delivered
21540,1631,18/06/21,,bluedart,Delivered
21541,9160,20/12/23,,dhl,Delivered
21542,20387,25/08/22,15/09/22,bluedart,Returned
21543,329,14/10/20,,fedex,Delivered
21544,5993,20/09/22,04/10/22,fedex,Returned
21545,5510,11/09/23,,fedex,Delivered
21546,9859,02/08/22,,bluedart,In Transit
21547,10429,25/04/20,,fedex,Delivered
21548,9453,15/04/22,,dhl,Cancelled
21549,17058,18/05/23,,usps,In Transit
21550,20654,28/11/21,,fedex,In Transit
21551,17802,10/05/20,,dhl,Delivered
21552,20456,25/11/21,,fedex,Delivered
21553,951,04/12/21,,dhl,In Transit
21554,20069,10/11/23,,ups,In Transit
21555,16881,23/10/22,,bluedart,In Transit
21556,2027,10/02/22,,usps,Delivered
21557,12597,15/06/20,,fedex,Delivered
21558,18355,29/05/20,,bluedart,Delivered
21559,2831,19/03/20,,fedex,In Transit
21560,18166,06/04/22,,dhl,Delivered
21561,14925,13/11/20,,ups,Delivered
21562,19149,08/03/20,,dhl,Delivered
21563,4701,29/03/21,,fedex,Delivered
21564,12453,19/08/23,,fedex,In Transit
21565,12621,23/06/22,06/07/22,ups,Returned
21566,13583,13/12/22,,ups,Delivered
21567,6879,11/12/21,21/12/21,dhl,Returned
21568,9627,29/08/22,,dhl,Delivered
21569,13895,22/02/21,,ups,In Transit
21570,20427,28/04/22,,usps,Delivered
21571,16383,23/09/23,,fedex,Delivered
21572,8182,26/04/22,,fedex,In Transit
21573,554,09/11/21,,bluedart,Delivered
21574,20525,15/08/22,,bluedart,In Transit
21575,5111,08/01/20,,dhl,Delivered
21576,11513,25/03/21,,dhl,In Transit
21577,6871,05/09/21,,dhl,Delivered
21578,12245,06/09/23,,dhl,Delivered
21579,16145,10/03/20,,bluedart,Delivered
21580,1962,27/04/23,,fedex,Delivered
21581,19437,22/02/23,,bluedart,Delivered
21582,8333,03/07/20,,fedex,In Transit
21583,21079,14/11/21,,fedex,In Transit
21584,20347,06/04/22,,bluedart,Delivered
21585,20712,18/06/20,,fedex,Delivered
21586,17593,11/11/23,05/12/23,usps,Returned
21587,17389,25/10/22,,usps,Delivered
21588,12674,18/01/23,,fedex,Delivered
21589,10388,15/06/23,,fedex,In Transit
21590,10765,19/02/20,,fedex,In Transit
21591,696,19/01/22,,fedex,In Transit
21592,2944,22/03/20,,ups,In Transit
21593,13481,25/02/22,,fedex,Delivered
21594,3073,27/12/21,,usps,In Transit
21595,10487,08/02/21,,bluedart,Delivered
21596,11684,21/07/22,,dhl,In Transit
21597,8254,01/06/22,,fedex,Delivered
21598,10508,11/12/21,,fedex,Delivered
21599,5644,09/01/20,,fedex,Delivered
21600,1055,31/03/23,,fedex,In Transit
21601,1875,19/07/20,,fedex,Delivered
21602,4680,12/01/21,,fedex,In Transit
21603,13374,18/05/23,,fedex,Cancelled
21604,20085,22/12/20,,usps,In Transit
21605,2457,17/12/23,30/12/23,fedex,Returned
21606,14038,17/07/22,,dhl,Delivered
21607,6915,27/01/20,,fedex,In Transit
21608,5051,26/09/22,,ups,Delivered
21609,8900,28/10/22,,bluedart,Delivered
21610,4425,27/12/23,,usps,Delivered
21611,2184,11/04/21,,fedex,Delivered
21612,20478,24/05/21,,fedex,Delivered
21613,1172,19/12/20,,dhl,Delivered
21614,21277,24/03/21,,fedex,Delivered
21615,10193,08/12/23,,fedex,Delivered
21616,3858,24/12/23,,ups,Delivered
21617,9302,31/08/21,,bluedart,In Transit
21618,3764,01/10/22,,fedex,Delivered
21619,362,13/05/22,,fedex,Delivered
21620,15869,24/04/20,,fedex,Delivered
21621,2371,08/09/20,,fedex,Delivered
21622,708,20/10/22,,ups,Delivered
21623,11100,29/09/20,,fedex,In Transit
21624,9935,13/08/22,,fedex,In Transit
21625,2684,27/01/22,,dhl,In Transit
21626,8444,24/03/21,,fedex,Delivered
21627,15992,13/12/21,,dhl,Delivered
21628,13687,13/01/20,,ups,In Transit
21629,8909,18/09/22,,ups,In Transit
